本数据策略分享会专用，由邢不行整理，微信：xbx6660
股票代码,股票名称,交易日期,开盘价,最高价,最低价,收盘价,前收盘价,成交量,成交额,流通市值,总市值,净利润TTM,现金流TTM,净资产,总资产,总负债,净利润(当季),中户资金买入额,中户资金卖出额,大户资金买入额,大户资金卖出额,散户资金买入额,散户资金卖出额,机构资金买入额,机构资金卖出额,沪深300成分股,上证50成分股,中证500成分股,中证1000成分股,中证2000成分股,创业板指成分股,新版申万一级行业名称,新版申万二级行业名称,新版申万三级行业名称,09:35收盘价,09:45收盘价,09:55收盘价
sh603032,N德新,2017-01-05,6.97,8.37,6.97,8.37,5.81,9944.0,83091.0,279055800.0,1116055800.0,,,254397140.88,344041213.65,89644072.77,8433896.080000006,,,,,,,,,,,,,,,交通运输,公交Ⅱ,公交Ⅲ,8.37,8.37,8.37
sh603032,德新交运,2017-01-06,9.21,9.21,9.21,9.21,8.37,7200.0,66312.0,307061400.0,1228061400.0,,,254397140.88,344041213.65,89644072.77,8433896.080000006,,,,,,,,,,,,,,,交通运输,公交Ⅱ,公交Ⅲ,9.21,9.21,9.21
sh603032,德新交运,2017-01-09,10.13,10.13,10.13,10.13,9.21,5208.0,52757.0,337734200.0,1350734200.0,,,254397140.88,344041213.65,89644072.77,8433896.080000006,,,,,,,,,,,,,,,交通运输,公交Ⅱ,公交Ⅲ,10.13,10.13,10.13
sh603032,德新交运,2017-01-10,11.14,11.14,11.14,11.14,10.13,12300.0,137022.0,371407600.0,1485407600.0,,,254397140.88,344041213.65,89644072.77,8433896.080000006,,,,,,,,,,,,,,,交通运输,公交Ⅱ,公交Ⅲ,11.14,11.14,11.14
sh603032,德新交运,2017-01-11,12.25,12.25,12.25,12.25,11.14,10628.0,130193.0,408415000.0,1633415000.0,,,254397140.88,344041213.65,89644072.77,8433896.080000006,,,,,,,,,,,,,,,交通运输,公交Ⅱ,公交Ⅲ,12.25,12.25,12.25
sh603032,德新交运,2017-01-12,13.48,13.48,13.48,13.48,12.25,28735.0,387348.0,449423200.0,1797423200.0,,,254397140.88,344041213.65,89644072.77,8433896.080000006,,,,,,,,,,,,,,,交通运输,公交Ⅱ,公交Ⅲ,13.48,13.48,13.48
sh603032,德新交运,2017-01-13,14.83,14.83,14.83,14.83,13.48,93132.0,1381148.0,494432200.0,1977432200.0,,,254397140.88,344041213.65,89644072.77,8433896.080000006,,,,,,,,,,,,,,,交通运输,公交Ⅱ,公交Ⅲ,14.83,14.83,14.83
sh603032,德新交运,2017-01-16,16.31,16.31,16.31,16.31,14.83,462267.0,7539575.0,543775400.0,2174775400.0,,,254397140.88,344041213.65,89644072.77,8433896.080000006,,,,,,,,,,,,,,,交通运输,公交Ⅱ,公交Ⅲ,16.31,16.31,16.31
sh603032,德新交运,2017-01-17,17.94,17.94,17.94,17.94,16.31,204009.0,3659921.0,598119600.0,2392119600.0,,,254397140.88,344041213.65,89644072.77,8433896.080000006,,,,,,,,,,,,,,,交通运输,公交Ⅱ,公交Ⅲ,17.94,17.94,17.94
sh603032,德新交运,2017-01-18,19.73,19.73,19.73,19.73,17.94,65696.0,1296182.0,657798200.0,2630798200.0,,,254397140.88,344041213.65,89644072.77,8433896.080000006,,,,,,,,,,,,,,,交通运输,公交Ⅱ,公交Ⅲ,19.73,19.73,19.73
sh603032,德新交运,2017-01-19,21.7,21.7,21.7,21.7,19.73,3105899.0,67398008.0,723478000.0,2893478000.0,,,254397140.88,344041213.65,89644072.77,8433896.080000006,118.48,17.28,105.9,239.01,112.84,5007.45,6366.99,1440.9,,,,,,,交通运输,公交Ⅱ,公交Ⅲ,21.7,21.7,21.7
sh603032,德新交运,2017-01-20,23.87,23.87,23.87,23.87,21.7,3790416.0,90477230.0,795825800.0,3182825800.0,,,254397140.88,344041213.65,89644072.77,8433896.080000006,418.2,46.09,1035.47,165.01,235.35,8423.71,7300.87,358.05,,,,,,,交通运输,公交Ⅱ,公交Ⅲ,23.87,23.87,23.87
sh603032,德新交运,2017-01-23,26.26,26.26,26.26,26.26,23.87,177333.0,4656765.0,875508400.0,3501508400.0,,,254397140.88,344041213.65,89644072.77,8433896.080000006,,,,,,,,,,,,,,,交通运输,公交Ⅱ,公交Ⅲ,26.26,26.26,26.26
sh603032,德新交运,2017-01-24,27.62,28.0,25.13,25.69,26.26,22488707.0,598894568.0,856504600.0,3425504600.0,,,254397140.88,344041213.65,89644072.77,8433896.080000006,14949.2,3081.77,13281.74,2933.31,15644.96,41572.32,12071.08,8591.52,,,,,,,交通运输,公交Ⅱ,公交Ⅲ,26.89,26.45,26.4
sh603032,德新交运,2017-01-25,24.69,25.97,24.6,25.28,25.69,16914323.0,428563874.0,842835200.0,3370835200.0,,,254397140.88,344041213.65,89644072.77,8433896.080000006,11783.8,11083.77,12926.77,11659.56,8983.62,12374.67,9410.68,7813.7,,,,,,,交通运输,公交Ⅱ,公交Ⅲ,24.9,25.58,25.21
sh603032,德新交运,2017-01-26,25.62,26.47,25.28,26.04,25.28,13960494.0,362030766.0,868173600.0,3472173600.0,,,254397140.88,344041213.65,89644072.77,8433896.080000006,11008.85,10992.34,13714.67,10601.0,6855.38,10111.67,5336.35,4940.06,,,,,,,交通运输,公交Ⅱ,公交Ⅲ,25.63,26.2,25.85
sh603032,德新交运,2017-02-03,25.85,26.49,25.66,25.95,26.04,9302119.0,242530711.0,865173000.0,3460173000.0,,,254397140.88,344041213.65,89644072.77,8433896.080000006,11104.91,6820.54,8577.5,11323.18,4946.32,5904.13,376.88,801.87,,,,,,,交通运输,公交Ⅱ,公交Ⅲ,25.93,26.3,26.04
sh603032,德新交运,2017-02-06,26.3,27.88,26.29,27.39,25.95,10039041.0,271159268.0,913182600.0,3652182600.0,,,254397140.88,344041213.65,89644072.77,8433896.080000006,10854.98,8340.64,9805.65,8406.09,5264.71,7919.87,1754.16,2638.38,,,,,,,交通运输,公交Ⅱ,公交Ⅲ,26.6,26.64,26.7
sh603032,德新交运,2017-02-07,27.08,29.23,27.05,27.53,27.39,9247134.0,258047033.0,917850200.0,3670850200.0,,,254397140.88,344041213.65,89644072.77,8433896.080000006,9586.8,8978.67,6825.41,10072.98,7400.03,6329.75,2559.13,1210.69,,,,,,,交通运输,公交Ⅱ,公交Ⅲ,27.27,28.15,28.54
sh603032,德新交运,2017-02-08,27.11,29.39,26.71,28.74,27.53,7883089.0,223245075.0,958191600.0,3832191600.0,,,254397140.88,344041213.65,89644072.77,8433896.080000006,9711.67,8762.46,6555.3,4703.75,5898.14,7661.88,257.04,1261.34,,,,,,,交通运输,公交Ⅱ,公交Ⅲ,27.2,27.81,27.99
sh603032,德新交运,2017-02-09,28.42,29.52,28.42,28.83,28.74,6805939.0,196422720.0,961192200.0,3844192200.0,,,254397140.88,344041213.65,89644072.77,8433896.080000006,7648.68,7659.64,6648.98,5316.88,5118.24,4912.25,740.85,2292.33,,,,,,,交通运输,公交Ⅱ,公交Ⅲ,28.75,28.85,28.64
sh603032,德新交运,2017-02-10,28.88,30.79,28.69,29.06,28.83,7585403.0,223953133.0,968860400.0,3874860400.0,,,254397140.88,344041213.65,89644072.77,8433896.080000006,8027.46,8423.48,8030.6,6553.4,4890.67,5702.36,1765.8,1764.88,,,,,,,交通运输,公交Ⅱ,公交Ⅲ,28.87,28.82,28.8
sh603032,德新交运,2017-02-13,28.72,30.88,28.22,30.08,29.06,7900558.0,234143734.0,1002867200.0,4010867200.0,,,254397140.88,344041213.65,89644072.77,8433896.080000006,8470.27,8545.14,7776.38,7761.63,5585.32,5745.31,1596.41,1494.97,,,,,,,交通运输,公交Ⅱ,公交Ⅲ,28.4,29.36,29.1
sh603032,德新交运,2017-02-14,29.87,33.09,29.87,33.09,30.08,12968642.0,413669747.0,1103220600.0,4412220600.0,,,254397140.88,344041213.65,89644072.77,8433896.080000006,8036.96,9557.41,8389.53,10805.72,5234.6,6645.41,20111.47,15888.9,,,,,,,交通运输,公交Ⅱ,公交Ⅲ,30.08,30.2,30.18
sh603032,德新交运,2017-02-15,33.66,35.46,31.78,32.07,33.09,14506578.0,489988077.0,1069213800.0,4276213800.0,,,254397140.88,344041213.65,89644072.77,8433896.080000006,17390.61,14630.69,12265.27,15549.51,16285.45,7480.33,4297.71,11250.34,,,,,,,交通运输,公交Ⅱ,公交Ⅲ,35.19,34.7,35.19
sh603032,德新交运,2017-02-16,31.85,33.13,30.4,31.53,32.07,9659269.0,306411011.0,1051210200.0,4204210200.0,,,254397140.88,344041213.65,89644072.77,8433896.080000006,11216.81,11597.01,9219.18,9188.59,8923.97,8218.41,2243.24,2137.81,,,,,,,交通运输,公交Ⅱ,公交Ⅲ,31.2,32.27,32.55
sh603032,德新交运,2017-02-17,30.28,31.3,29.5,29.6,31.53,7328121.0,221734156.0,986864000.0,3946864000.0,,,254397140.88,344041213.65,89644072.77,8433896.080000006,9035.36,8439.18,6984.03,7206.28,6279.17,5970.52,529.97,1060.86,,,,,,,交通运输,公交Ⅱ,公交Ⅲ,30.66,30.8,30.94
sh603032,德新交运,2017-02-20,29.6,30.11,28.36,29.59,29.6,4648698.0,135741838.0,986530600.0,3945530600.0,,,254397140.88,344041213.65,89644072.77,8433896.080000006,5885.13,5514.55,3949.5,3834.09,3565.33,3742.87,170.28,756.08,,,,,,,交通运输,公交Ⅱ,公交Ⅲ,29.8,30.09,29.95
sh603032,德新交运,2017-02-21,29.59,30.4,29.2,30.09,29.59,3720559.0,111681757.0,1003200600.0,4012200600.0,,,254397140.88,344041213.65,89644072.77,8433896.080000006,4623.85,4087.86,2888.04,2342.2,2692.05,3598.47,666.35,653.97,,,,,,,交通运输,公交Ⅱ,公交Ⅲ,29.5,29.65,29.72
sh603032,德新交运,2017-02-22,29.96,30.58,29.5,30.1,30.09,3543105.0,106305752.0,1003534000.0,4013534000.0,,,254397140.88,344041213.65,89644072.77,8433896.080000006,5822.44,4385.91,1257.93,2179.59,2804.36,2708.56,450.14,974.3,,,,,,,交通运输,公交Ⅱ,公交Ⅲ,29.82,30.17,30.0
sh603032,德新交运,2017-02-23,30.2,31.89,30.2,31.57,30.1,4954296.0,153550967.0,1052543800.0,4209543800.0,,,254397140.88,344041213.65,89644072.77,8433896.080000006,6352.02,6137.13,4632.58,3360.99,3972.4,5004.92,349.95,1044.73,,,,,,,交通运输,公交Ⅱ,公交Ⅲ,30.37,30.68,30.49
sh603032,德新交运,2017-02-24,31.4,33.42,31.26,32.14,31.57,4919646.0,159808636.0,1071547600.0,4285547600.0,,,254397140.88,344041213.65,89644072.77,8433896.080000006,6199.99,6638.84,4485.19,4172.1,4664.53,5076.09,638.56,111.19,,,,,,,交通运输,公交Ⅱ,公交Ⅲ,31.72,31.81,32.25
sh603032,德新交运,2017-02-27,31.85,35.35,31.72,35.35,32.14,12132620.0,415996489.0,1178569000.0,4713569000.0,,,254397140.88,344041213.65,89644072.77,8433896.080000006,12032.82,12716.39,9700.48,9175.93,4868.43,7807.81,15074.09,12132.37,,,,,,,交通运输,公交Ⅱ,公交Ⅲ,32.44,32.85,32.9
sh603032,德新交运,2017-02-28,35.0,35.5,33.6,34.32,35.35,11763365.0,410123194.0,1144228800.0,4576228800.0,,,254397140.88,344041213.65,89644072.77,8433896.080000006,12630.16,10533.39,8487.97,15302.14,12160.09,6776.55,8432.63,9287.35,,,,,,,交通运输,公交Ⅱ,公交Ⅲ,35.1,35.37,35.15
sh603032,德新交运,2017-03-01,34.13,34.94,32.1,32.52,34.32,7961880.0,267111800.0,1084216800.0,4336216800.0,,,254397140.88,344041213.65,89644072.77,8433896.080000006,8770.06,11013.01,4911.62,7369.1,9046.54,5491.33,4390.08,2924.27,,,,,,,交通运输,公交Ⅱ,公交Ⅲ,33.91,33.88,33.7
sh603032,德新交运,2017-03-02,32.24,35.0,32.24,33.75,32.52,8709698.0,293920903.0,1125225000.0,4500225000.0,,,254397140.88,344041213.65,89644072.77,8433896.080000006,9279.33,12975.57,5595.64,4758.66,8153.7,8102.24,6765.62,3187.08,,,,,,,交通运输,公交Ⅱ,公交Ⅲ,32.7,33.14,32.85
sh603032,德新交运,2017-03-03,32.72,34.29,32.23,32.49,33.75,10022715.0,336559329.0,1083216600.0,4332216600.0,,,254397140.88,344041213.65,89644072.77,8433896.080000006,9064.4,11893.02,6058.61,5567.38,8530.88,6010.37,10341.85,10319.97,,,,,,,交通运输,公交Ⅱ,公交Ⅲ,33.0,33.2,32.99
sh603032,德新交运,2017-03-06,32.51,33.56,31.71,33.52,32.49,5132006.0,168304690.0,1117556800.0,4469556800.0,,,254397140.88,344041213.65,89644072.77,8433896.080000006,6367.85,6852.96,4426.78,3476.2,4223.35,5939.43,1661.09,724.09,,,,,,,交通运输,公交Ⅱ,公交Ⅲ,31.81,32.64,32.55
sh603032,德新交运,2017-03-07,33.52,36.87,33.36,36.87,33.52,14390856.0,512605456.0,1229245800.0,4916245800.0,,,254397140.88,344041213.65,89644072.77,8433896.080000006,9402.91,14801.87,4963.3,8025.85,6757.84,9575.37,26069.62,15495.6,,,,,,,交通运输,公交Ⅱ,公交Ⅲ,33.71,33.76,33.66
sh603032,德新交运,2017-03-08,36.5,39.6,35.72,38.06,36.87,15232209.0,575738600.0,1268920400.0,5074920400.0,,,254397140.88,344041213.65,89644072.77,8433896.080000006,14822.42,15916.81,10131.09,16730.96,12281.03,9532.87,21270.88,15243.44,,,,,,,交通运输,公交Ⅱ,公交Ⅲ,35.84,35.82,36.75
sh603032,德新交运,2017-03-09,37.99,37.99,34.25,34.25,38.06,12078079.0,422658589.0,1141895000.0,4566895000.0,,,254397140.88,344041213.65,89644072.77,8433896.080000006,14152.68,6802.98,9234.1,8155.38,14840.3,4574.0,4564.51,22452.19,,,,,,,交通运输,公交Ⅱ,公交Ⅲ,36.52,37.0,35.06
sh603032,德新交运,2017-03-10,33.12,34.3,33.12,33.32,34.25,6988144.0,234979862.0,1110888800.0,4442888800.0,,,254397140.88,344041213.65,89644072.77,8433896.080000006,8579.19,9921.56,6270.22,4896.22,7601.07,7574.04,1244.69,1448.14,,,,,,,交通运输,公交Ⅱ,公交Ⅲ,33.5,33.5,33.6
sh603032,德新交运,2017-03-13,33.28,34.61,32.7,34.32,33.32,5053314.0,170346235.0,1144228800.0,4576228800.0,,,254397140.88,344041213.65,89644072.77,8433896.080000006,7091.93,7260.61,2663.48,3438.16,6216.26,6355.28,1106.46,173.04,,,,,,,交通运输,公交Ⅱ,公交Ⅲ,32.87,32.76,32.95
sh603032,德新交运,2017-03-14,34.22,35.58,34.04,34.59,34.32,5055291.0,176163951.0,1153230600.0,4612230600.0,,,254397140.88,344041213.65,89644072.77,8433896.080000006,7449.98,7516.95,3151.43,3565.19,6960.72,6295.8,0.0,116.61,,,,,,,交通运输,公交Ⅱ,公交Ⅲ,34.8,35.2,35.15
sh603032,德新交运,2017-03-15,34.91,34.91,33.88,34.41,34.59,3537593.0,121704912.0,1147229400.0,4588229400.0,,,254397140.88,344041213.65,89644072.77,8433896.080000006,4633.15,5386.32,2004.15,2313.37,4900.81,3924.34,214.64,168.81,,,,,,,交通运输,公交Ⅱ,公交Ⅲ,34.55,34.15,34.4
sh603032,德新交运,2017-03-16,34.26,36.08,34.26,35.88,34.41,6032090.0,213740714.0,1196239200.0,4784239200.0,,,254397140.88,344041213.65,89644072.77,8433896.080000006,9040.14,9205.61,5353.72,3869.95,6453.4,7520.56,697.12,976.75,,,,,,,交通运输,公交Ⅱ,公交Ⅲ,34.59,34.8,34.77
sh603032,德新交运,2017-03-17,35.88,36.76,35.1,35.61,35.88,6535601.0,234634790.0,1187237400.0,4748237400.0,,,254397140.88,344041213.65,89644072.77,8433896.080000006,10935.53,9922.05,4227.06,6036.09,7910.42,6667.01,798.52,898.59,,,,,,,交通运输,公交Ⅱ,公交Ⅲ,36.28,36.28,36.38
sh603032,德新交运,2017-03-20,34.98,36.64,34.61,36.61,35.61,5515478.0,198204240.0,1220577400.0,4881577400.0,,,254397140.88,344041213.65,89644072.77,8433896.080000006,7888.66,8539.1,4079.05,4491.81,6489.28,6180.24,1304.66,738.62,,,,,,,交通运输,公交Ⅱ,公交Ⅲ,35.2,34.8,34.99
sh603032,德新交运,2017-03-21,36.59,37.3,36.1,36.98,36.61,5343556.0,195823415.0,1232913200.0,4930913200.0,,,254397140.88,344041213.65,89644072.77,8433896.080000006,7898.21,7051.81,4214.9,6654.17,6277.47,4885.91,1387.01,1249.45,,,,,,,交通运输,公交Ⅱ,公交Ⅲ,36.98,36.65,36.35
sh603032,德新交运,2017-03-22,36.89,38.08,36.45,37.79,36.98,6526732.0,244276914.0,1259918600.0,5038918600.0,,,254397140.88,344041213.65,89644072.77,8433896.080000006,9341.47,10745.46,6682.33,5189.27,8010.67,7316.95,642.85,1266.77,,,,,,,交通运输,公交Ⅱ,公交Ⅲ,36.6,36.8,37.25
sh603032,德新交运,2017-03-23,37.79,38.15,35.78,36.59,37.79,5614848.0,207249192.0,1219910600.0,4878910600.0,,,254397140.88,344041213.65,89644072.77,8433896.080000006,7930.5,8137.25,4430.87,6223.29,7451.39,5545.15,1270.47,1155.78,,,,,,,交通运输,公交Ⅱ,公交Ⅲ,37.43,37.59,37.38
sh603032,德新交运,2017-03-24,36.51,38.64,36.3,37.94,36.59,6727233.0,253899494.0,1264919600.0,5058919600.0,,,254397140.88,344041213.65,89644072.77,8433896.080000006,8879.53,10781.65,7248.01,5625.56,6739.01,7603.23,2361.43,1072.96,,,,,,,交通运输,公交Ⅱ,公交Ⅲ,36.8,36.78,36.86
sh603032,德新交运,2017-03-27,38.48,38.49,36.6,37.26,37.94,4139260.0,154809471.0,1242248400.0,4968248400.0,,,254397140.88,344041213.65,89644072.77,8433896.080000006,6242.24,5620.57,3300.67,5263.73,5903.8,3772.15,608.25,976.82,,,,,,,交通运输,公交Ⅱ,公交Ⅲ,38.19,37.58,37.36
sh603032,德新交运,2017-03-28,37.02,37.5,35.9,36.08,37.26,3375091.0,124007706.0,1202907200.0,4810907200.0,,,254397140.88,344041213.65,89644072.77,8433896.080000006,3941.46,4202.42,3643.31,3809.44,4276.91,2892.54,820.68,1257.09,,,,,,,交通运输,公交Ⅱ,公交Ⅲ,36.99,37.17,37.28
sh603032,德新交运,2017-03-29,35.8,36.3,34.32,35.59,36.08,4814920.0,170762046.0,1186570600.0,4745570600.0,,,254397140.88,344041213.65,89644072.77,8433896.080000006,6500.5,6501.59,4068.25,3528.99,4463.79,4426.52,2146.43,2522.71,,,,,,,交通运输,公交Ⅱ,公交Ⅲ,35.86,35.0,35.18
sh603032,德新交运,2017-03-30,34.63,35.58,34.0,34.61,35.59,3225275.0,111675222.0,1153897400.0,4614897400.0,,,254397140.88,344041213.65,89644072.77,8433896.080000006,3590.46,4235.0,2803.42,3039.21,3232.51,3181.76,2002.92,872.79,,,,,,,交通运输,公交Ⅱ,公交Ⅲ,34.8,34.2,34.2
sh603032,德新交运,2017-03-31,34.52,34.91,33.42,34.47,34.61,3824787.0,130042346.0,1149229800.0,4596229800.0,,,254397140.88,344041213.65,89644072.77,8433896.080000006,3196.19,4223.43,6372.09,4374.41,2580.48,2785.29,1050.81,1675.09,,,,,,,交通运输,公交Ⅱ,公交Ⅲ,34.73,34.63,34.57
sh603032,德新交运,2017-04-05,33.72,35.28,33.68,35.06,34.47,2269530.0,78741265.0,1168900400.0,4674900400.0,,,254397140.88,344041213.65,89644072.77,8433896.080000006,3267.25,1967.24,1401.52,1321.46,1850.6,2298.63,1494.77,2151.25,,,,,,,交通运输,公交Ⅱ,公交Ⅲ,34.08,34.06,33.77
sh603032,德新交运,2017-04-06,35.1,35.95,34.85,35.78,35.06,2415165.0,86275645.0,1192905200.0,4770905200.0,,,254397140.88,344041213.65,89644072.77,8433896.080000006,4215.63,3144.51,1825.08,1485.3,2178.54,2736.19,424.91,1137.2,,,,,,,交通运输,公交Ⅱ,公交Ⅲ,34.91,35.3,35.5
sh603032,德新交运,2017-04-07,35.6,36.07,34.6,34.76,35.78,2453131.0,86554981.0,1158898400.0,4634898400.0,,,254397140.88,344041213.65,89644072.77,8433896.080000006,4093.13,3082.23,2106.07,2355.32,2120.24,1904.27,151.13,941.6,,,,,,,交通运输,公交Ⅱ,公交Ⅲ,35.43,35.6,35.95
sh603032,德新交运,2017-04-10,34.55,35.26,33.6,34.51,34.76,2804978.0,96215547.0,1150563400.0,4601563400.0,,,254397140.88,344041213.65,89644072.77,8433896.080000006,3780.3,3366.72,3664.79,3001.08,1503.45,2145.29,570.6,892.75,,,,,,,交通运输,公交Ⅱ,公交Ⅲ,34.65,35.2,34.97
sh603032,德新交运,2017-04-11,34.0,35.9,34.0,35.84,34.51,2824780.0,99076648.0,1194905600.0,4778905600.0,,,254397140.88,344041213.65,89644072.77,8433896.080000006,3660.73,2912.53,3869.08,3550.87,1838.27,2758.26,566.58,687.54,,,,,,,交通运输,公交Ⅱ,公交Ⅲ,34.72,35.02,35.17
sh603032,德新交运,2017-04-12,35.82,36.07,35.01,35.82,35.84,1853291.0,66149620.0,1194238800.0,4776238800.0,,,254397140.88,344041213.65,89644072.77,8433896.080000006,2617.4,2266.33,2406.55,2433.2,1479.48,1771.45,102.46,125.33,,,,,,,交通运输,公交Ⅱ,公交Ⅲ,35.52,35.82,35.5
sh603032,德新交运,2017-04-13,35.86,37.2,35.52,36.52,35.82,2922028.0,106818250.0,1217576800.0,4869576800.0,,,254397140.88,344041213.65,89644072.77,8433896.080000006,4982.9,3668.21,3339.4,2542.06,2344.68,3325.99,127.79,1012.47,,,,,,,交通运输,公交Ⅱ,公交Ⅲ,35.87,36.28,36.4
sh603032,德新交运,2017-04-14,36.11,37.12,35.5,37.05,36.52,2668399.0,97840065.0,1235247000.0,4940247000.0,,,254397140.88,344041213.65,89644072.77,8433896.080000006,2367.65,2546.23,2448.93,1015.86,1078.35,2595.66,941.73,781.01,,,,,,,交通运输,公交Ⅱ,公交Ⅲ,36.3,36.15,35.9
sh603032,德新交运,2017-04-17,33.35,36.03,33.35,34.93,37.05,4025800.0,140679769.0,1164566200.0,4657566200.0,,,254397140.88,344041213.65,89644072.77,8433896.080000006,4079.9,4324.06,5036.26,6181.8,1901.08,2420.78,3238.71,1396.71,,,,,,,交通运输,公交Ⅱ,公交Ⅲ,35.43,34.46,34.75
sh603032,德新交运,2017-04-18,35.39,36.4,34.88,35.81,34.93,3558955.0,126851963.0,1193905400.0,4774905400.0,,,254397140.88,344041213.65,89644072.77,8433896.080000006,3747.3,3002.54,3378.87,2580.07,1422.06,2233.67,4683.85,5065.21,,,,,,,交通运输,公交Ⅱ,公交Ⅲ,35.13,35.4,35.17
sh603032,德新交运,2017-04-19,35.81,35.81,34.0,35.69,35.81,2322079.0,81979423.0,1189904600.0,4758904600.0,,,254397140.88,344041213.65,89644072.77,8433896.080000006,3265.8,2700.71,3000.69,2950.78,1401.76,1563.76,755.81,928.89,,,,,,,交通运输,公交Ⅱ,公交Ⅲ,34.55,35.41,35.39
sh603032,德新交运,2017-04-20,35.78,36.1,34.7,35.37,35.69,1755013.0,61924342.0,1179235800.0,4716235800.0,,,254397140.88,344041213.65,89644072.77,8433896.080000006,2077.02,1806.26,1370.52,1371.08,1148.02,1171.98,1585.42,1634.01,,,,,,,交通运输,公交Ⅱ,公交Ⅲ,35.59,35.87,35.8
sh603032,德新交运,2017-04-21,35.64,36.0,34.7,35.82,35.37,1116837.0,39758225.0,1194238800.0,4776238800.0,,,254397140.88,344041213.65,89644072.77,8433896.080000006,1587.03,1598.57,1142.35,565.48,750.17,1362.7,508.77,331.19,,,,,,,交通运输,公交Ⅱ,公交Ⅲ,34.95,35.07,35.25
sh603032,德新交运,2017-04-24,35.82,35.83,32.24,35.44,35.82,5253271.0,174228548.0,1181569600.0,4725569600.0,,,254397140.88,344041213.65,89644072.77,8433896.080000006,3324.15,3149.11,4970.46,2756.8,1581.51,1684.73,6640.45,8628.65,,,,,,,交通运输,公交Ⅱ,公交Ⅲ,35.3,34.97,32.24
sh603032,德新交运,2017-04-25,35.0,35.89,34.3,35.77,35.44,2136919.0,75266683.0,1192571800.0,4769571800.0,,,254397140.88,344041213.65,89644072.77,8433896.080000006,1946.63,2879.19,3058.96,2330.8,1137.59,1838.92,1329.47,506.13,,,,,,,交通运输,公交Ⅱ,公交Ⅲ,34.8,34.43,34.5
sh603032,德新交运,2017-04-26,35.77,36.49,35.77,36.28,35.77,1806228.0,65468415.0,1209575200.0,4837575200.0,50760253.67,79214879.66,422972901.87,495100931.62,72128029.75,8294876.039999999,2498.59,2866.12,2155.48,1372.01,1139.91,1557.72,553.86,653.74,,,,,,,交通运输,公交Ⅱ,公交Ⅲ,36.06,36.25,36.44
sh603032,德新交运,2017-04-27,36.28,36.97,36.0,36.92,36.28,1881656.0,68738014.0,1230912800.0,4922912800.0,50760253.67,79214879.66,422972901.87,495100931.62,72128029.75,8294876.039999999,2725.3,2870.13,2736.19,1703.67,1595.84,1592.55,0.0,768.7,,,,,,,交通运输,公交Ⅱ,公交Ⅲ,36.12,36.11,36.16
sh603032,德新交运,2017-04-28,36.95,37.2,36.0,36.92,36.92,2472148.0,90537609.0,1230912800.0,4922912800.0,50760253.67,79214879.66,422972901.87,495100931.62,72128029.75,8294876.039999999,1971.33,4309.53,3197.61,1685.52,1255.75,1314.03,2604.81,1973.51,,,,,,,交通运输,公交Ⅱ,公交Ⅲ,36.9,36.72,36.84
sh603032,德新交运,2017-05-02,36.92,37.38,36.75,37.31,36.92,1256393.0,46695497.0,1243915400.0,4974915400.0,50760253.67,79214879.66,425967222.48,495425308.41,69458085.93,3304596.25,1716.98,2285.29,1460.62,1005.45,1130.91,1458.3,372.97,0.0,,,,,,,交通运输,公交Ⅱ,公交Ⅲ,37.13,36.91,37.07
sh603032,德新交运,2017-05-03,37.31,40.26,37.01,38.26,37.31,2307013.0,87874714.0,1275588400.0,5101588400.0,50760253.67,79214879.66,425967222.48,495425308.41,69458085.93,3304596.25,2763.42,3796.82,2507.58,2560.18,2290.41,1826.13,995.2,587.71,,,,,,,交通运输,公交Ⅱ,公交Ⅲ,37.08,37.35,38.1
sh603032,德新交运,2017-05-04,38.23,39.26,37.25,38.95,38.26,2442267.0,94354460.0,1298593000.0,5193593000.0,50760253.67,79214879.66,425967222.48,495425308.41,69458085.93,3304596.25,3196.62,3686.16,3092.72,2667.55,1913.25,2316.71,1263.61,967.63,,,,,,,交通运输,公交Ⅱ,公交Ⅲ,38.15,37.6,38.07
sh603032,德新交运,2017-05-05,38.9,39.55,38.31,38.82,38.95,1164586.0,45245364.0,1294258800.0,5176258800.0,50760253.67,79214879.66,425967222.48,495425308.41,69458085.93,3304596.25,1570.32,2086.42,1192.01,875.01,1700.0,1496.64,156.0,107.58,,,,,,,交通运输,公交Ⅱ,公交Ⅲ,39.18,39.23,38.73
sh603032,德新交运,2017-05-08,38.9,38.98,38.3,38.76,38.82,842400.0,32540909.0,1292258400.0,5168258400.0,50760253.67,79214879.66,425967222.48,495425308.41,69458085.93,3304596.25,1174.61,1531.26,1218.04,594.71,800.01,1035.64,115.86,192.0,,,,,,,交通运输,公交Ⅱ,公交Ⅲ,38.88,38.87,38.65
sh603032,德新交运,2017-05-09,38.6,39.8,38.21,39.29,38.76,1773979.0,68975981.0,1309928600.0,5238928600.0,50760253.67,79214879.66,425967222.48,495425308.41,69458085.93,3304596.25,1760.94,2942.8,2287.05,1547.12,1239.48,1457.17,1564.63,1265.28,,,,,,,交通运输,公交Ⅱ,公交Ⅲ,38.9,38.76,38.7
sh603032,德新交运,2017-05-10,39.15,39.25,38.5,38.71,39.29,1095579.0,42547916.0,1290591400.0,5161591400.0,50760253.67,79214879.66,425967222.48,495425308.41,69458085.93,3304596.25,1531.84,1602.38,829.92,928.97,1040.48,980.03,847.61,682.12,,,,,,,交通运输,公交Ⅱ,公交Ⅲ,38.93,39.14,39.0
sh603032,德新交运,2017-05-11,38.52,39.76,38.31,39.45,38.71,3054088.0,118417104.0,1315263000.0,5260263000.0,50760253.67,79214879.66,425967222.48,495425308.41,69458085.93,3304596.25,3356.71,3743.14,5580.02,4653.06,1026.12,1538.75,1554.69,1585.21,,,,,,,交通运输,公交Ⅱ,公交Ⅲ,38.34,38.36,38.38
sh603032,德新交运,2017-05-12,39.38,41.14,39.21,40.68,39.45,2061357.0,82904088.0,1356271200.0,5424271200.0,50760253.67,79214879.66,425967222.48,495425308.41,69458085.93,3304596.25,2986.73,3727.77,3086.66,1723.66,1636.6,1247.97,564.25,1369.3,,,,,,,交通运输,公交Ⅱ,公交Ⅲ,39.78,39.87,39.79
sh603032,德新交运,2017-05-15,40.72,41.21,39.8,40.67,40.68,2600541.0,105736964.0,1355937800.0,5422937800.0,50760253.67,79214879.66,425967222.48,495425308.41,69458085.93,3304596.25,2800.5,4346.92,4590.09,3070.22,1445.63,2066.42,1513.38,1099.84,,,,,,,交通运输,公交Ⅱ,公交Ⅲ,40.65,41.03,40.9
sh603032,德新交运,2017-05-16,40.52,42.99,40.3,41.97,40.67,3106607.0,129953137.0,1399279800.0,5596279800.0,50760253.67,79214879.66,425967222.48,495425308.41,69458085.93,3304596.25,3518.27,4369.98,3282.03,3595.66,1447.45,1512.54,4579.63,3235.68,,,,,,,交通运输,公交Ⅱ,公交Ⅲ,40.7,41.05,40.73
sh603032,德新交运,2017-05-17,41.97,42.3,40.9,41.71,41.97,1760502.0,73206421.0,1390611400.0,5561611400.0,50760253.67,79214879.66,425967222.48,495425308.41,69458085.93,3304596.25,2116.64,3005.08,2998.36,1672.93,1232.33,915.55,860.6,1657.86,,,,,,,交通运输,公交Ⅱ,公交Ⅲ,41.94,42.1,41.7
sh603032,德新交运,2017-05-18,41.76,42.79,41.13,42.63,41.71,1367728.0,57860190.0,1421284200.0,5684284200.0,50760253.67,79214879.66,425967222.48,495425308.41,69458085.93,3304596.25,1797.08,2166.39,2212.49,1622.53,980.22,1201.45,481.89,440.83,,,,,,,交通运输,公交Ⅱ,公交Ⅲ,41.28,41.72,41.8
sh603032,德新交运,2017-05-19,42.6,43.12,41.95,42.72,42.63,1125194.0,47957156.0,1424284800.0,5696284800.0,50760253.67,79214879.66,425967222.48,495425308.41,69458085.93,3304596.25,1664.95,2272.29,1835.26,1173.23,1237.77,1019.3,0.0,212.5,,,,,,,交通运输,公交Ⅱ,公交Ⅲ,42.3,42.59,42.66
sh603032,德新交运,2017-05-22,42.7,43.05,41.02,42.05,42.72,1487156.0,62278134.0,1401947000.0,5606947000.0,50760253.67,79214879.66,425967222.48,495425308.41,69458085.93,3304596.25,1975.59,2980.53,2773.12,1329.6,998.89,970.24,311.29,738.61,,,,,,,交通运输,公交Ⅱ,公交Ⅲ,42.95,42.58,42.73
sh603032,德新交运,2017-05-23,42.0,42.29,39.0,41.03,42.05,1736035.0,70424257.0,1367940200.0,5470940200.0,50760253.67,79214879.66,425967222.48,495425308.41,69458085.93,3304596.25,1947.23,2255.29,2934.19,2153.47,951.04,1076.61,1206.12,1491.85,,,,,,,交通运输,公交Ⅱ,公交Ⅲ,42.0,42.0,41.7
sh603032,德新交运,2017-05-24,40.03,41.5,39.0,41.43,41.03,2108795.0,85353301.0,1381276200.0,5524276200.0,50760253.67,79214879.66,425967222.48,495425308.41,69458085.93,3304596.25,991.94,2025.87,2951.26,3701.74,810.88,806.43,3171.81,2134.64,,,,,,,交通运输,公交Ⅱ,公交Ⅲ,40.4,39.51,40.2
sh603032,德新交运,2017-05-25,41.1,45.0,39.9,44.33,41.43,4483472.0,190185928.0,1477962200.0,5910962200.0,50760253.67,79214879.66,425967222.48,495425308.41,69458085.93,3304596.25,2282.12,4047.98,4584.12,6738.21,1683.64,1619.26,11192.68,6894.71,,,,,,,交通运输,公交Ⅱ,公交Ⅲ,40.42,40.08,39.94
sh603032,德新交运,2017-05-26,44.0,46.45,43.34,45.67,44.33,2637260.0,119376235.0,1522637800.0,6089637800.0,50760253.67,79214879.66,425967222.48,495425308.41,69458085.93,3304596.25,3491.76,3830.01,4190.44,3389.34,1435.77,1743.93,2885.81,3046.49,,,,,,,交通运输,公交Ⅱ,公交Ⅲ,43.76,44.3,44.32
sh603032,德新交运,2017-05-31,46.0,46.49,44.51,45.17,45.67,1377795.0,62261754.0,1505967800.0,6022967800.0,50760253.67,79214879.66,425967222.48,495425308.41,69458085.93,3304596.25,2370.8,3091.37,2339.23,1560.67,1499.69,1373.68,0.0,101.7,,,,,,,交通运输,公交Ⅱ,公交Ⅲ,45.01,45.67,45.49
sh603032,德新交运,2017-06-01,45.38,45.49,43.87,45.34,45.17,1774954.0,78971243.0,1511635600.0,6045635600.0,50760253.67,79214879.66,425967222.48,495425308.41,69458085.93,3304596.25,2447.55,2901.81,3927.5,2463.17,977.83,1087.65,684.01,1451.17,,,,,,,交通运输,公交Ⅱ,公交Ⅲ,44.58,44.45,44.17
sh603032,德新交运,2017-06-02,45.33,45.97,44.35,45.74,45.34,1046998.0,47435333.0,1524971600.0,6098971600.0,50760253.67,79214879.66,425967222.48,495425308.41,69458085.93,3304596.25,2114.02,2663.48,662.52,595.39,1655.93,1203.16,0.0,0.0,,,,,,,交通运输,公交Ⅱ,公交Ⅲ,45.03,45.41,45.4
sh603032,德新交运,2017-06-05,45.74,46.6,45.02,46.34,45.74,1532369.0,70552389.0,1544975600.0,6178975600.0,50760253.67,79214879.66,425967222.48,495425308.41,69458085.93,3304596.25,2728.32,2844.06,2478.6,1801.73,1393.9,1169.81,416.7,1047.88,,,,,,,交通运输,公交Ⅱ,公交Ⅲ,45.74,46.12,46.09
sh603032,德新交运,2017-06-06,46.19,46.4,44.81,45.89,46.34,1287628.0,59066639.0,1529972600.0,6118972600.0,50760253.67,79214879.66,425967222.48,495425308.41,69458085.93,3304596.25,1789.7,2827.65,2643.75,1359.74,1291.9,956.32,283.25,726.1,,,,,,,交通运输,公交Ⅱ,公交Ⅲ,46.17,45.83,46.0
sh603032,德新交运,2017-06-07,45.84,47.6,45.0,46.71,45.89,2057165.0,95163414.0,1557311400.0,6228311400.0,50760253.67,79214879.66,425967222.48,495425308.41,69458085.93,3304596.25,2033.97,3195.89,2883.35,2670.48,1513.45,1439.88,3811.58,2508.46,,,,,,,交通运输,公交Ⅱ,公交Ⅲ,45.74,45.99,46.71
sh603032,德新交运,2017-06-08,46.65,47.1,45.01,46.21,46.71,1252080.0,57523206.0,1540641400.0,6161641400.0,50760253.67,79214879.66,425967222.48,495425308.41,69458085.93,3304596.25,2406.27,3226.89,1762.02,942.53,1344.24,1249.76,149.94,267.82,,,,,,,交通运输,公交Ⅱ,公交Ⅲ,46.55,46.85,46.9
sh603032,德新交运,2017-06-09,46.0,46.0,44.8,45.32,46.21,687088.0,31145864.0,1510968800.0,6042968800.0,50760253.67,79214879.66,425967222.48,495425308.41,69458085.93,3304596.25,1140.76,1425.88,702.66,520.15,847.98,796.67,407.22,335.53,,,,,,,交通运输,公交Ⅱ,公交Ⅲ,45.8,45.23,44.9
sh603032,德新交运,2017-06-12,45.3,45.56,43.96,45.37,45.32,1052048.0,46860352.0,1512635800.0,6049635800.0,50760253.67,79214879.66,425967222.48,495425308.41,69458085.93,3304596.25,1778.18,2116.63,1676.91,1240.35,876.13,1082.25,253.27,214.74,,,,,,,交通运输,公交Ⅱ,公交Ⅲ,44.32,44.4,44.03
sh603032,德新交运,2017-06-13,45.3,45.33,44.3,44.93,45.37,886384.0,39723141.0,1497966200.0,5990966200.0,50760253.67,79214879.66,425967222.48,495425308.41,69458085.93,3304596.25,1397.27,1443.85,1041.17,1004.59,1197.59,1055.96,166.05,563.15,,,,,,,交通运输,公交Ⅱ,公交Ⅲ,44.98,44.67,44.36
sh603032,德新交运,2017-06-14,44.96,45.12,44.3,44.74,44.93,894228.0,40204022.0,1491631600.0,5965631600.0,50760253.67,79214879.66,425967222.48,495425308.41,69458085.93,3304596.25,753.05,1151.4,1743.33,1172.87,492.84,660.24,1061.65,1024.67,,,,,,,交通运输,公交Ⅱ,公交Ⅲ,44.57,45.05,45.08
sh603032,德新交运,2017-06-15,44.74,44.98,44.0,44.76,44.74,1371807.0,61177814.0,1492298400.0,5968298400.0,50760253.67,79214879.66,425967222.48,495425308.41,69458085.93,3304596.25,1347.84,1833.98,3258.1,2413.89,689.94,1067.51,716.61,736.6,,,,,,,交通运输,公交Ⅱ,公交Ⅲ,44.75,44.77,44.66
sh603032,德新交运,2017-06-16,45.01,45.33,44.08,44.5,44.76,492300.0,21924688.0,1483630000.0,5933630000.0,50760253.67,79214879.66,425967222.48,495425308.41,69458085.93,3304596.25,1147.84,1176.01,505.7,394.38,404.53,528.28,0.0,0.0,,,,,,,交通运输,公交Ⅱ,公交Ⅲ,45.26,44.8,44.7
sh603032,德新交运,2017-06-19,44.5,44.7,43.86,44.21,44.5,561095.0,24742116.0,1473961400.0,5894961400.0,50760253.67,79214879.66,425967222.48,495425308.41,69458085.93,3304596.25,1099.63,1006.81,793.93,565.91,465.77,431.46,110.0,321.22,,,,,,,交通运输,公交Ⅱ,公交Ⅲ,44.52,44.3,44.18
sh603032,德新交运,2017-06-20,44.65,44.68,43.9,44.62,44.21,654600.0,29071573.0,1487630800.0,5949630800.0,50760253.67,79214879.66,425967222.48,495425308.41,69458085.93,3304596.25,925.22,1461.94,1281.04,571.81,418.51,658.71,128.81,178.93,,,,,,,交通运输,公交Ⅱ,公交Ⅲ,44.08,44.0,44.0
sh603032,德新交运,2017-06-21,45.1,45.7,44.42,45.46,44.62,831400.0,37572914.0,1515636400.0,6061636400.0,50760253.67,79214879.66,425967222.48,495425308.41,69458085.93,3304596.25,1397.34,1236.36,1061.89,1150.32,1042.61,927.45,0.0,136.35,,,,,,,交通运输,公交Ⅱ,公交Ⅲ,44.93,44.7,44.59
sh603032,德新交运,2017-06-22,45.42,46.8,45.01,45.93,45.46,1092374.0,50106884.0,1531306200.0,6124306200.0,50760253.67,79214879.66,425967222.48,495425308.41,69458085.93,3304596.25,1362.52,1852.19,1563.84,1229.63,673.31,1104.16,1468.09,480.34,,,,,,,交通运输,公交Ⅱ,公交Ⅲ,45.4,45.11,45.02
sh603032,德新交运,2017-06-23,46.29,46.29,45.35,45.64,45.93,249046.0,11378696.0,1521637600.0,6085637600.0,50760253.67,79214879.66,425967222.48,495425308.41,69458085.93,3304596.25,471.46,514.62,173.59,134.48,431.83,391.92,0.0,0.0,,,,,,,交通运输,公交Ⅱ,公交Ⅲ,45.69,45.65,46.0
sh603032,德新交运,2017-06-26,45.86,45.86,44.9,45.35,45.64,658600.0,29789978.0,1511969000.0,6046969000.0,50760253.67,79214879.66,425967222.48,495425308.41,69458085.93,3304596.25,1264.83,1184.52,503.4,364.19,527.43,674.38,679.5,687.27,,,,,,,交通运输,公交Ⅱ,公交Ⅲ,45.85,45.6,45.12
sh603032,德新交运,2017-06-27,45.32,45.44,44.55,45.37,45.35,748374.0,33730032.0,1512635800.0,6049635800.0,50760253.67,79214879.66,425967222.48,495425308.41,69458085.93,3304596.25,1159.21,1550.55,1753.23,629.28,393.13,574.86,0.0,596.51,,,,,,,交通运输,公交Ⅱ,公交Ⅲ,45.35,45.12,45.01
sh603032,德新交运,2017-06-28,45.23,45.33,44.82,45.21,45.37,247002.0,11115157.0,1507301400.0,6028301400.0,50760253.67,79214879.66,425967222.48,495425308.41,69458085.93,3304596.25,458.38,297.53,369.61,190.8,225.69,278.81,0.0,224.5,,,,,,,交通运输,公交Ⅱ,公交Ⅲ,45.0,45.01,45.09
sh603032,德新交运,2017-06-29,45.19,45.5,44.51,44.85,45.21,566600.0,25555555.0,1495299000.0,5980299000.0,50760253.67,79214879.66,425967222.48,495425308.41,69458085.93,3304596.25,651.24,820.26,957.42,678.52,277.57,324.57,625.3,562.1,,,,,,,交通运输,公交Ⅱ,公交Ⅲ,44.9,45.0,44.85
sh603032,德新交运,2017-06-30,44.87,45.0,44.4,44.9,44.85,390500.0,17467754.0,1496966000.0,5986966000.0,50760253.67,79214879.66,425967222.48,495425308.41,69458085.93,3304596.25,356.97,760.69,1001.54,489.7,295.11,321.79,102.68,134.1,,,,,,,交通运输,公交Ⅱ,公交Ⅲ,44.85,44.68,44.75
sh603032,德新交运,2017-07-03,44.89,45.24,44.5,45.18,44.9,394202.0,17726612.0,1506301200.0,6024301200.0,50760253.67,79214879.66,425967222.48,495425308.41,69458085.93,3304596.25,1178.88,1158.08,225.61,133.91,336.88,450.6,0.0,0.0,,,,,,,交通运输,公交Ⅱ,公交Ⅲ,44.81,44.55,44.55
sh603032,德新交运,2017-07-04,45.16,45.7,45.14,45.26,45.18,361400.0,16407920.0,1508968400.0,6034968400.0,50760253.67,79214879.66,425967222.48,495425308.41,69458085.93,3304596.25,697.36,663.65,71.85,52.34,423.96,370.67,407.7,438.5,,,,,,,交通运输,公交Ⅱ,公交Ⅲ,45.31,45.5,45.36
sh603032,德新交运,2017-07-05,45.26,45.55,45.0,45.26,45.26,330900.0,14958343.0,1508968400.0,6034968400.0,50760253.67,79214879.66,425967222.48,495425308.41,69458085.93,3304596.25,699.14,737.04,405.09,247.76,333.29,410.24,0.0,0.0,,,,,,,交通运输,公交Ⅱ,公交Ⅲ,45.55,45.13,45.11
sh603032,德新交运,2017-07-06,45.26,47.05,44.5,45.75,45.26,657130.0,30095404.0,1525305000.0,6100305000.0,50760253.67,79214879.66,425967222.48,495425308.41,69458085.93,3304596.25,931.41,1845.74,597.26,403.52,611.47,621.36,751.8,0.0,,,,,,,交通运输,公交Ⅱ,公交Ⅲ,45.03,45.1,45.13
sh603032,XD德新交,2017-07-07,45.68,45.85,43.0,45.75,45.65,831457.0,37315867.0,1525305000.0,6100305000.0,50760253.67,79214879.66,425967222.48,495425308.41,69458085.93,3304596.25,959.29,1352.74,844.85,793.36,693.95,589.39,941.39,530.12,,,,,,,交通运输,公交Ⅱ,公交Ⅲ,45.5,45.27,45.11
sh603032,德新交运,2017-07-10,45.68,45.68,43.9,44.43,45.75,322700.0,14264182.0,1481296200.0,5924296200.0,50760253.67,79214879.66,425967222.48,495425308.41,69458085.93,3304596.25,500.96,819.75,326.49,86.34,438.67,412.07,0.0,0.0,,,,,,,交通运输,公交Ⅱ,公交Ⅲ,44.06,44.45,44.15
sh603032,德新交运,2017-07-11,44.4,45.0,43.3,43.98,44.43,400120.0,17607135.0,1466293200.0,5864293200.0,50760253.67,79214879.66,425967222.48,495425308.41,69458085.93,3304596.25,436.38,431.43,710.12,232.73,331.84,352.56,110.63,363.11,,,,,,,交通运输,公交Ⅱ,公交Ⅲ,44.0,44.31,44.2
sh603032,德新交运,2017-07-12,44.11,44.11,42.0,43.7,43.98,1082819.0,46554295.0,1456958000.0,5826958000.0,50760253.67,79214879.66,425967222.48,495425308.41,69458085.93,3304596.25,1680.54,1766.53,1363.31,2134.59,523.09,484.46,1224.19,302.78,,,,,,,交通运输,公交Ⅱ,公交Ⅲ,43.99,43.85,43.7
sh603032,德新交运,2017-07-13,42.82,44.35,42.08,43.73,43.7,887560.0,38205934.0,1457958200.0,5830958200.0,50760253.67,79214879.66,425967222.48,495425308.41,69458085.93,3304596.25,1729.89,2087.28,1054.56,504.52,745.68,907.01,0.0,0.0,,,,,,,交通运输,公交Ⅱ,公交Ⅲ,42.37,42.44,42.3
sh603032,德新交运,2017-07-14,43.6,43.6,42.0,43.11,43.73,962020.0,41097873.0,1437287400.0,5748287400.0,50760253.67,79214879.66,425967222.48,495425308.41,69458085.93,3304596.25,1955.26,1327.84,868.24,527.58,639.46,737.32,510.93,1302.64,,,,,,,交通运输,公交Ⅱ,公交Ⅲ,42.55,42.2,42.28
sh603032,德新交运,2017-07-17,43.0,43.31,42.1,42.92,43.11,1249811.0,53313002.0,1430952800.0,5722952800.0,50760253.67,79214879.66,425967222.48,495425308.41,69458085.93,3304596.25,1390.37,1551.59,2153.07,756.84,413.99,656.81,0.0,929.05,,,,,,,交通运输,公交Ⅱ,公交Ⅲ,42.5,42.48,43.0
sh603032,德新交运,2017-07-18,42.89,44.19,42.52,43.37,42.92,291800.0,12618914.0,1445955800.0,5782955800.0,50760253.67,79214879.66,425967222.48,495425308.41,69458085.93,3304596.25,403.23,416.78,487.83,312.71,289.43,296.12,0.0,129.75,,,,,,,交通运输,公交Ⅱ,公交Ⅲ,43.0,43.0,42.97
sh603032,德新交运,2017-07-19,43.38,43.5,42.99,43.18,43.37,446200.0,19298802.0,1439621200.0,5757621200.0,50760253.67,79214879.66,425967222.48,495425308.41,69458085.93,3304596.25,996.31,761.61,498.51,521.79,315.12,317.9,108.4,172.64,,,,,,,交通运输,公交Ⅱ,公交Ⅲ,43.37,43.1,43.05
sh603032,德新交运,2017-07-20,43.18,43.4,42.52,43.02,43.18,528079.0,22646141.0,1434286800.0,5736286800.0,50760253.67,79214879.66,425967222.48,495425308.41,69458085.93,3304596.25,543.57,506.27,939.21,544.07,313.64,423.95,349.74,703.34,,,,,,,交通运输,公交Ⅱ,公交Ⅲ,43.0,42.99,43.17
sh603032,德新交运,2017-07-21,43.02,43.26,42.3,43.08,43.02,731588.0,31261364.0,1436287200.0,5744287200.0,50760253.67,79214879.66,425967222.48,495425308.41,69458085.93,3304596.25,1174.58,888.31,830.02,507.51,366.14,627.05,683.3,982.08,,,,,,,交通运输,公交Ⅱ,公交Ⅲ,42.82,42.62,42.61
sh603032,德新交运,2017-07-24,43.06,43.5,43.0,43.13,43.08,386816.0,16740775.0,1437954200.0,5750954200.0,50760253.67,79214879.66,425967222.48,495425308.41,69458085.93,3304596.25,663.91,352.69,466.94,464.26,229.89,441.88,188.36,282.35,,,,,,,交通运输,公交Ⅱ,公交Ⅲ,43.1,43.05,43.01
sh603032,德新交运,2017-07-25,43.38,43.38,41.15,43.17,43.13,413056.0,17606877.0,1439287800.0,5756287800.0,50760253.67,79214879.66,425967222.48,495425308.41,69458085.93,3304596.25,692.79,678.13,603.95,302.27,371.36,468.6,0.0,211.0,,,,,,,交通运输,公交Ⅱ,公交Ⅲ,43.38,43.08,43.13
sh603032,德新交运,2017-07-26,42.81,43.16,42.31,43.07,43.17,205700.0,8820173.0,1435953800.0,5742953800.0,50760253.67,79214879.66,425967222.48,495425308.41,69458085.93,3304596.25,379.72,283.87,260.76,227.6,210.18,327.88,0.0,0.0,,,,,,,交通运输,公交Ⅱ,公交Ⅲ,42.9,42.9,43.0
sh603032,德新交运,2017-07-27,43.15,44.83,42.88,44.51,43.07,959861.0,42447670.0,1483963400.0,5934963400.0,50760253.67,79214879.66,425967222.48,495425308.41,69458085.93,3304596.25,1865.44,1409.06,1148.07,1439.45,629.43,812.21,0.0,0.0,,,,,,,交通运输,公交Ⅱ,公交Ⅲ,43.15,42.96,43.15
sh603032,德新交运,2017-07-28,44.51,45.77,44.03,45.62,44.51,660589.0,29783671.0,1520970800.0,6082970800.0,50760253.67,79214879.66,425967222.48,495425308.41,69458085.93,3304596.25,1319.82,884.12,966.21,1194.83,417.71,610.53,0.0,0.0,,,,,,,交通运输,公交Ⅱ,公交Ⅲ,44.03,44.75,44.78
sh603032,德新交运,2017-07-31,45.5,45.97,44.97,45.55,45.62,500828.0,22681503.0,1518637000.0,6073637000.0,50760253.67,79214879.66,425967222.48,495425308.41,69458085.93,3304596.25,916.03,896.81,593.85,468.23,329.11,591.95,334.5,215.89,,,,,,,交通运输,公交Ⅱ,公交Ⅲ,45.8,45.8,45.62
sh603032,德新交运,2017-08-01,45.62,45.62,44.79,45.38,45.55,452820.0,20500912.0,1512969200.0,6050969200.0,50760253.67,79214879.66,425967222.48,495425308.41,69458085.93,3304596.25,1290.86,655.25,483.76,706.23,255.42,471.81,0.0,141.02,,,,,,,交通运输,公交Ⅱ,公交Ⅲ,45.32,45.29,45.29
sh603032,德新交运,2017-08-02,45.39,45.39,44.62,45.08,45.38,499828.0,22598152.0,1502967200.0,6010967200.0,50760253.67,79214879.66,425967222.48,495425308.41,69458085.93,3304596.25,798.22,588.15,361.91,663.65,301.96,456.2,770.71,508.27,,,,,,,交通运输,公交Ⅱ,公交Ⅲ,45.37,45.26,44.83
sh603032,德新交运,2017-08-03,45.5,45.5,44.76,45.24,45.08,295228.0,13335341.0,1508301600.0,6032301600.0,50760253.67,79214879.66,425967222.48,495425308.41,69458085.93,3304596.25,1015.16,445.7,85.95,188.53,233.33,434.83,0.0,191.22,,,,,,,交通运输,公交Ⅱ,公交Ⅲ,45.15,44.95,45.12
sh603032,德新交运,2017-08-04,45.24,45.44,44.81,45.03,45.24,320500.0,14513074.0,1501300200.0,6004300200.0,50760253.67,79214879.66,425967222.48,495425308.41,69458085.93,3304596.25,1158.95,508.46,92.14,272.21,189.73,411.87,0.0,144.37,,,,,,,交通运输,公交Ⅱ,公交Ⅲ,45.09,45.09,45.24
sh603032,德新交运,2017-08-07,45.1,45.38,44.86,45.32,45.03,215000.0,9722308.0,1510968800.0,6042968800.0,50760253.67,79214879.66,425967222.48,495425308.41,69458085.93,3304596.25,707.55,263.86,148.73,431.42,107.64,229.14,0.0,0.0,,,,,,,交通运输,公交Ⅱ,公交Ⅲ,45.38,45.35,45.32
sh603032,德新交运,2017-08-08,45.32,45.56,45.07,45.51,45.32,302900.0,13748712.0,1517303400.0,6068303400.0,50760253.67,79214879.66,425967222.48,495425308.41,69458085.93,3304596.25,882.44,485.11,260.17,431.12,199.18,405.6,0.0,0.0,,,,,,,交通运输,公交Ⅱ,公交Ⅲ,45.32,45.34,45.08
sh603032,德新交运,2017-08-09,45.51,45.61,44.45,45.14,45.51,176700.0,7998465.0,1504967600.0,6018967600.0,50760253.67,79214879.66,425967222.48,495425308.41,69458085.93,3304596.25,505.17,210.3,21.38,284.59,194.99,208.56,0.0,0.0,,,,,,,交通运输,公交Ⅱ,公交Ⅲ,45.51,45.45,45.15
sh603032,德新交运,2017-08-10,45.13,45.56,43.6,45.2,45.14,485200.0,21809307.0,1506968000.0,6026968000.0,29175026.720000006,-196562728.56000003,434812840.90999997,501175141.15,66362300.24,9141658.35,1226.17,1003.82,392.11,801.27,339.44,281.03,126.42,0.0,,,,,,,交通运输,公交Ⅱ,公交Ⅲ,45.56,45.44,45.35
sh603032,德新交运,2017-08-11,44.99,45.55,44.84,45.3,45.2,191500.0,8674395.0,1510302000.0,6040302000.0,29175026.720000006,-196562728.56000003,434812840.90999997,501175141.15,66362300.24,9141658.35,456.4,224.8,162.71,115.58,209.11,470.57,0.0,0.0,,,,,,,交通运输,公交Ⅱ,公交Ⅲ,45.14,44.85,45.25
sh603032,德新交运,2017-08-14,45.28,45.29,45.03,45.26,45.3,89470.0,4039032.0,1508968400.0,6034968400.0,29175026.720000006,-196562728.56000003,434812840.90999997,501175141.15,66362300.24,9141658.35,125.8,129.49,45.26,120.97,104.61,97.81,103.85,126.42,,,,,,,交通运输,公交Ⅱ,公交Ⅲ,45.2,45.05,45.06
sh603032,德新交运,2017-08-15,45.22,45.27,44.66,44.7,45.26,151491.0,6805156.0,1490298000.0,5960298000.0,29175026.720000006,-196562728.56000003,434812840.90999997,501175141.15,66362300.24,9141658.35,488.34,173.28,27.0,314.86,128.32,99.28,0.0,0.0,,,,,,,交通运输,公交Ⅱ,公交Ⅲ,45.17,45.26,45.09
sh603032,德新交运,2017-08-16,44.51,45.87,44.18,45.73,44.7,906528.0,41142811.0,1524638200.0,6097638200.0,29175026.720000006,-196562728.56000003,434812840.90999997,501175141.15,66362300.24,9141658.35,379.23,777.94,395.02,637.66,247.33,448.9,2236.89,1549.86,,,,,,,交通运输,公交Ⅱ,公交Ⅲ,45.06,45.02,44.82
sh603032,德新交运,2017-08-17,45.8,45.8,45.17,45.35,45.73,566928.0,25768056.0,1511969000.0,6046969000.0,29175026.720000006,-196562728.56000003,434812840.90999997,501175141.15,66362300.24,9141658.35,526.27,392.99,1783.09,958.36,190.36,279.14,105.14,671.89,,,,,,,交通运输,公交Ⅱ,公交Ⅲ,45.56,45.18,45.56
sh603032,德新交运,2017-08-18,45.33,45.51,44.8,45.44,45.35,769300.0,34846553.0,1514969600.0,6058969600.0,29175026.720000006,-196562728.56000003,434812840.90999997,501175141.15,66362300.24,9141658.35,423.12,587.59,2731.2,1482.88,244.06,404.96,0.0,823.56,,,,,,,交通运输,公交Ⅱ,公交Ⅲ,45.5,45.3,45.11
sh603032,德新交运,2017-08-21,45.15,45.39,44.9,45.24,45.44,533900.0,24084427.0,1508301600.0,6032301600.0,29175026.720000006,-196562728.56000003,434812840.90999997,501175141.15,66362300.24,9141658.35,312.25,283.71,743.88,799.04,195.41,333.67,1170.74,944.37,,,,,,,交通运输,公交Ⅱ,公交Ⅲ,45.15,45.05,45.3
sh603032,德新交运,2017-08-22,44.9,45.23,44.51,44.65,45.24,125500.0,5631174.0,1488631000.0,5953631000.0,29175026.720000006,-196562728.56000003,434812840.90999997,501175141.15,66362300.24,9141658.35,283.65,208.07,99.94,24.48,158.93,186.09,0.0,0.0,,,,,,,交通运输,公交Ⅱ,公交Ⅲ,45.2,45.23,45.0
sh603032,德新交运,2017-08-23,44.65,45.68,44.47,45.54,44.65,687574.0,31150215.0,1518303600.0,6072303600.0,29175026.720000006,-196562728.56000003,434812840.90999997,501175141.15,66362300.24,9141658.35,1746.14,1294.77,772.54,583.03,248.97,905.21,0.0,0.0,,,,,,,交通运输,公交Ⅱ,公交Ⅲ,44.7,44.76,44.76
sh603032,德新交运,2017-08-24,45.53,45.75,45.0,45.64,45.54,353802.0,16105415.0,1521637600.0,6085637600.0,29175026.720000006,-196562728.56000003,434812840.90999997,501175141.15,66362300.24,9141658.35,678.01,534.54,447.33,560.74,357.6,386.4,0.0,0.0,,,,,,,交通运输,公交Ⅱ,公交Ⅲ,45.6,45.61,45.67
sh603032,德新交运,2017-08-25,45.64,45.78,44.0,45.39,45.64,414000.0,18780542.0,1513302600.0,6052302600.0,29175026.720000006,-196562728.56000003,434812840.90999997,501175141.15,66362300.24,9141658.35,467.54,416.73,461.67,263.73,237.87,343.31,684.93,789.37,,,,,,,交通运输,公交Ⅱ,公交Ⅲ,45.14,45.17,45.22
sh603032,德新交运,2017-08-28,45.33,45.33,44.58,44.88,45.39,500600.0,22491318.0,1496299200.0,5984299200.0,29175026.720000006,-196562728.56000003,434812840.90999997,501175141.15,66362300.24,9141658.35,1502.45,1220.92,222.55,385.74,329.25,411.56,122.8,122.35,,,,,,,交通运输,公交Ⅱ,公交Ⅲ,45.25,44.95,44.72
sh603032,德新交运,2017-08-29,44.6,45.98,44.6,45.27,44.88,312100.0,14115695.0,1509301800.0,6036301800.0,29175026.720000006,-196562728.56000003,434812840.90999997,501175141.15,66362300.24,9141658.35,328.83,729.17,501.8,210.86,249.28,452.89,271.95,0.0,,,,,,,交通运输,公交Ⅱ,公交Ⅲ,44.61,44.89,44.88
sh603032,德新交运,2017-08-30,45.2,46.0,45.03,45.45,45.27,307400.0,13967202.0,1515303000.0,6060303000.0,29175026.720000006,-196562728.56000003,434812840.90999997,501175141.15,66362300.24,9141658.35,234.78,361.59,631.86,462.46,283.57,317.45,0.0,0.0,,,,,,,交通运输,公交Ⅱ,公交Ⅲ,45.13,45.15,45.1
sh603032,德新交运,2017-08-31,45.45,45.45,44.5,44.96,45.45,318092.0,14319836.0,1498966400.0,5994966400.0,29175026.720000006,-196562728.56000003,434812840.90999997,501175141.15,66362300.24,9141658.35,896.11,802.4,185.75,209.88,286.75,259.85,0.0,0.0,,,,,,,交通运输,公交Ⅱ,公交Ⅲ,45.02,45.35,45.08
sh603032,德新交运,2017-09-01,44.99,46.8,44.58,46.3,44.96,413000.0,18768523.0,1543642000.0,6173642000.0,29175026.720000006,-196562728.56000003,434812840.90999997,501175141.15,66362300.24,9141658.35,784.85,825.02,861.75,512.29,179.92,529.41,0.0,0.0,,,,,,,交通运输,公交Ⅱ,公交Ⅲ,44.96,44.68,44.64
sh603032,德新交运,2017-09-04,46.15,50.0,46.11,49.41,46.3,1050376.0,50665936.0,1647329400.0,6588329400.0,29175026.720000006,-196562728.56000003,434812840.90999997,501175141.15,66362300.24,9141658.35,2086.98,2163.94,1221.39,1227.76,1049.55,1268.39,177.53,0.0,,,,,,,交通运输,公交Ⅱ,公交Ⅲ,46.35,46.35,46.49
sh603032,德新交运,2017-09-05,49.49,49.49,47.0,48.24,49.41,1178600.0,56451532.0,1608321600.0,6432321600.0,29175026.720000006,-196562728.56000003,434812840.90999997,501175141.15,66362300.24,9141658.35,2498.35,2069.81,1285.66,1725.01,1211.52,1344.38,555.15,448.68,,,,,,,交通运输,公交Ⅱ,公交Ⅲ,48.01,47.42,48.13
sh603032,德新交运,2017-09-06,47.84,48.6,47.22,48.23,48.24,1161728.0,55976210.0,1607988200.0,6430988200.0,29175026.720000006,-196562728.56000003,434812840.90999997,501175141.15,66362300.24,9141658.35,708.83,996.54,1170.72,824.66,623.37,856.15,3066.91,2799.32,,,,,,,交通运输,公交Ⅱ,公交Ⅲ,47.83,47.51,47.7
sh603032,德新交运,2017-09-07,47.95,48.18,47.5,47.72,48.23,173700.0,8315399.0,1590984800.0,6362984800.0,29175026.720000006,-196562728.56000003,434812840.90999997,501175141.15,66362300.24,9141658.35,386.22,385.72,55.48,36.35,378.89,382.61,0.0,0.0,,,,,,,交通运输,公交Ⅱ,公交Ⅲ,47.75,47.78,47.9
sh603032,德新交运,2017-09-08,47.72,48.99,46.78,48.81,47.72,647820.0,31182820.0,1627325400.0,6508325400.0,29175026.720000006,-196562728.56000003,434812840.90999997,501175141.15,66362300.24,9141658.35,1428.2,1050.57,1014.17,638.72,505.6,1330.76,110.4,0.0,,,,,,,交通运输,公交Ⅱ,公交Ⅲ,47.7,47.3,47.21
sh603032,德新交运,2017-09-11,48.75,48.83,48.01,48.17,48.81,179028.0,8643391.0,1605987800.0,6422987800.0,29175026.720000006,-196562728.56000003,434812840.90999997,501175141.15,66362300.24,9141658.35,353.46,274.47,51.86,164.12,445.88,375.78,0.0,0.0,,,,,,,交通运输,公交Ⅱ,公交Ⅲ,48.26,48.26,48.45
sh603032,德新交运,2017-09-12,48.1,48.1,46.55,46.87,48.17,439900.0,20757994.0,1562645800.0,6249645800.0,29175026.720000006,-196562728.56000003,434812840.90999997,501175141.15,66362300.24,9141658.35,935.56,1173.42,612.3,287.13,504.16,409.68,0.0,0.0,,,,,,,交通运输,公交Ⅱ,公交Ⅲ,48.09,47.98,47.13
sh603032,德新交运,2017-09-13,46.85,46.88,45.62,46.48,46.87,335591.0,15519941.0,1549643200.0,6197643200.0,29175026.720000006,-196562728.56000003,434812840.90999997,501175141.15,66362300.24,9141658.35,413.7,564.46,388.3,476.06,437.91,384.25,177.04,0.0,,,,,,,交通运输,公交Ⅱ,公交Ⅲ,46.88,46.69,46.5
sh603032,德新交运,2017-09-14,46.45,47.95,45.0,45.13,46.48,554856.0,25615919.0,1504634200.0,6017634200.0,29175026.720000006,-196562728.56000003,434812840.90999997,501175141.15,66362300.24,9141658.35,1407.56,900.54,53.1,179.93,552.07,1079.33,449.22,246.46,,,,,,,交通运输,公交Ⅱ,公交Ⅲ,46.46,46.01,45.86
sh603032,德新交运,2017-09-15,45.4,46.8,45.0,46.42,45.13,452155.0,20752959.0,1547642800.0,6189642800.0,29175026.720000006,-196562728.56000003,434812840.90999997,501175141.15,66362300.24,9141658.35,952.13,948.87,522.21,392.89,376.16,629.39,144.14,103.05,,,,,,,交通运输,公交Ⅱ,公交Ⅲ,45.29,45.23,45.2
sh603032,德新交运,2017-09-18,46.41,46.59,45.63,45.97,46.42,192799.0,8896978.0,1532639800.0,6129639800.0,29175026.720000006,-196562728.56000003,434812840.90999997,501175141.15,66362300.24,9141658.35,366.2,445.85,197.83,81.86,232.9,213.61,0.0,0.0,,,,,,,交通运输,公交Ⅱ,公交Ⅲ,46.02,46.58,46.43
sh603032,德新交运,2017-09-19,45.97,46.53,45.3,46.35,45.97,508611.0,23595827.0,1545309000.0,6180309000.0,29175026.720000006,-196562728.56000003,434812840.90999997,501175141.15,66362300.24,9141658.35,698.39,1126.31,1402.03,637.33,179.96,331.93,0.0,0.0,,,,,,,交通运输,公交Ⅱ,公交Ⅲ,45.4,45.94,45.96
sh603032,德新交运,2017-09-20,46.35,46.88,45.91,46.44,46.35,87735.0,4066160.0,1548309600.0,6192309600.0,29175026.720000006,-196562728.56000003,434812840.90999997,501175141.15,66362300.24,9141658.35,134.94,186.53,92.91,22.17,156.23,167.74,0.0,0.0,,,,,,,交通运输,公交Ⅱ,公交Ⅲ,46.43,46.38,46.39
sh603032,德新交运,2017-09-21,46.4,46.51,45.55,46.1,46.44,222135.0,10230807.0,1536974000.0,6146974000.0,29175026.720000006,-196562728.56000003,434812840.90999997,501175141.15,66362300.24,9141658.35,320.92,291.65,434.96,553.07,277.25,206.53,0.0,0.0,,,,,,,交通运输,公交Ⅱ,公交Ⅲ,46.31,46.04,46.09
sh603032,德新交运,2017-09-22,46.45,46.58,45.77,46.48,46.1,319500.0,14808347.0,1549643200.0,6197643200.0,29175026.720000006,-196562728.56000003,434812840.90999997,501175141.15,66362300.24,9141658.35,483.07,427.87,442.16,295.97,191.79,347.08,332.69,347.54,,,,,,,交通运输,公交Ⅱ,公交Ⅲ,45.82,45.77,45.82
sh603032,德新交运,2017-09-25,46.48,47.47,46.48,47.39,46.48,587235.0,27668358.0,1579982600.0,6318982600.0,29175026.720000006,-196562728.56000003,434812840.90999997,501175141.15,66362300.24,9141658.35,1042.76,854.91,896.93,600.56,479.31,551.77,109.98,416.11,,,,,,,交通运输,公交Ⅱ,公交Ⅲ,47.12,47.19,46.76
sh603032,德新交运,2017-09-26,47.39,48.5,47.15,48.32,47.39,455135.0,21763263.0,1610988800.0,6442988800.0,29175026.720000006,-196562728.56000003,434812840.90999997,501175141.15,66362300.24,9141658.35,1206.32,813.91,183.19,168.74,599.14,589.69,0.0,446.26,,,,,,,交通运输,公交Ⅱ,公交Ⅲ,47.39,47.19,47.28
sh603032,德新交运,2017-09-27,48.5,48.52,47.23,47.5,48.32,317435.0,15170651.0,1583650000.0,6333650000.0,29175026.720000006,-196562728.56000003,434812840.90999997,501175141.15,66362300.24,9141658.35,516.54,505.86,434.98,240.05,350.25,281.5,166.43,353.92,,,,,,,交通运输,公交Ⅱ,公交Ⅲ,48.0,48.18,48.21
sh603032,德新交运,2017-09-28,47.27,48.32,46.84,47.6,47.5,566600.0,27112611.0,1586984000.0,6346984000.0,29175026.720000006,-196562728.56000003,434812840.90999997,501175141.15,66362300.24,9141658.35,861.82,1276.88,1323.33,558.31,396.77,666.42,0.0,0.0,,,,,,,交通运输,公交Ⅱ,公交Ⅲ,47.46,47.28,47.01
sh603032,德新交运,2017-09-29,47.97,47.97,47.32,47.91,47.6,259500.0,12402707.0,1597319400.0,6388319400.0,29175026.720000006,-196562728.56000003,434812840.90999997,501175141.15,66362300.24,9141658.35,400.73,402.82,613.35,402.64,202.68,389.35,0.0,0.0,,,,,,,交通运输,公交Ⅱ,公交Ⅲ,47.52,47.68,47.7
sh603032,德新交运,2017-10-09,47.97,48.48,47.19,48.1,47.91,373236.0,17897568.0,1603654000.0,6413654000.0,29175026.720000006,-196562728.56000003,434812840.90999997,501175141.15,66362300.24,9141658.35,1344.82,500.19,126.86,816.81,334.45,191.62,0.0,218.92,,,,,,,交通运输,公交Ⅱ,公交Ⅲ,47.37,47.34,47.85
sh603032,德新交运,2017-10-10,48.08,48.08,47.41,47.74,48.1,108736.0,5185514.0,1591651600.0,6365651600.0,29175026.720000006,-196562728.56000003,434812840.90999997,501175141.15,66362300.24,9141658.35,230.99,294.4,97.5,54.7,123.06,97.59,0.0,0.0,,,,,,,交通运输,公交Ⅱ,公交Ⅲ,48.0,47.6,47.59
sh603032,德新交运,2017-10-11,47.85,48.2,47.19,47.75,47.74,319700.0,15231107.0,1591985000.0,6366985000.0,29175026.720000006,-196562728.56000003,434812840.90999997,501175141.15,66362300.24,9141658.35,483.69,575.65,761.05,625.34,235.9,268.39,0.0,0.0,,,,,,,交通运输,公交Ⅱ,公交Ⅲ,47.85,47.61,47.5
sh603032,德新交运,2017-10-12,47.75,48.07,46.09,47.72,47.75,257200.0,12187962.0,1590984800.0,6362984800.0,29175026.720000006,-196562728.56000003,434812840.90999997,501175141.15,66362300.24,9141658.35,647.89,696.64,208.39,29.61,314.96,447.01,0.0,0.0,,,,,,,交通运输,公交Ⅱ,公交Ⅲ,47.47,47.39,47.39
sh603032,德新交运,2017-10-13,47.71,47.72,47.24,47.41,47.72,55328.0,2625221.0,1580649400.0,6321649400.0,29175026.720000006,-196562728.56000003,434812840.90999997,501175141.15,66362300.24,9141658.35,69.29,130.38,48.06,0.0,130.34,89.83,0.0,0.0,,,,,,,交通运输,公交Ⅱ,公交Ⅲ,47.6,47.38,47.63
sh603032,德新交运,2017-10-16,47.5,47.58,46.48,47.19,47.41,743900.0,35262756.0,1573314600.0,6292314600.0,29175026.720000006,-196562728.56000003,434812840.90999997,501175141.15,66362300.24,9141658.35,1158.72,1705.78,2090.46,1135.43,246.35,458.04,0.0,0.0,,,,,,,交通运输,公交Ⅱ,公交Ⅲ,47.27,47.23,47.2
sh603032,德新交运,2017-10-17,47.45,47.45,46.0,46.76,47.19,316900.0,14801198.0,1558978400.0,6234978400.0,29175026.720000006,-196562728.56000003,434812840.90999997,501175141.15,66362300.24,9141658.35,266.55,181.95,108.77,261.99,174.4,116.4,0.0,0.0,,,,,,,交通运输,公交Ⅱ,公交Ⅲ,47.39,47.2,46.81
sh603032,德新交运,2017-10-18,46.5,46.5,45.6,45.95,46.76,265300.0,12212610.0,1531973000.0,6126973000.0,29175026.720000006,-196562728.56000003,434812840.90999997,501175141.15,66362300.24,9141658.35,281.45,389.4,163.55,70.35,245.85,216.18,368.0,399.74,,,,,,,交通运输,公交Ⅱ,公交Ⅲ,46.25,46.49,46.16
sh603032,德新交运,2017-10-19,45.55,46.14,45.1,45.41,45.95,86600.0,3930672.0,1513969400.0,6054969400.0,29175026.720000006,-196562728.56000003,434812840.90999997,501175141.15,66362300.24,9141658.35,194.43,174.02,0.0,0.0,146.9,168.06,0.0,0.0,,,,,,,交通运输,公交Ⅱ,公交Ⅲ,46.11,45.73,45.72
sh603032,德新交运,2017-10-20,46.0,46.96,45.82,46.93,45.41,212700.0,9870680.0,1564646200.0,6257646200.0,29175026.720000006,-196562728.56000003,434812840.90999997,501175141.15,66362300.24,9141658.35,386.64,404.41,166.11,108.65,364.6,427.91,0.0,0.0,,,,,,,交通运输,公交Ⅱ,公交Ⅲ,46.34,46.0,46.0
sh603032,德新交运,2017-10-23,46.93,47.29,46.6,47.22,46.93,272600.0,12836909.0,1574314800.0,6296314800.0,29175026.720000006,-196562728.56000003,434812840.90999997,501175141.15,66362300.24,9141658.35,457.69,473.39,309.3,269.48,145.02,179.91,0.0,0.0,,,,,,,交通运输,公交Ⅱ,公交Ⅲ,47.18,47.19,47.18
sh603032,德新交运,2017-10-24,47.22,47.5,46.01,47.27,47.22,303900.0,14252606.0,1575981800.0,6302981800.0,29175026.720000006,-196562728.56000003,434812840.90999997,501175141.15,66362300.24,9141658.35,632.48,636.87,451.06,379.03,358.24,246.4,0.0,118.69,,,,,,,交通运输,公交Ⅱ,公交Ⅲ,47.28,47.2,47.0
sh603032,德新交运,2017-10-25,47.0,47.8,46.8,47.75,47.27,387700.0,18363148.0,1591985000.0,6366985000.0,29175026.720000006,-196562728.56000003,434812840.90999997,501175141.15,66362300.24,9141658.35,1041.91,950.55,137.43,378.97,420.26,264.34,209.31,209.31,,,,,,,交通运输,公交Ⅱ,公交Ⅲ,47.15,47.15,47.3
sh603032,德新交运,2017-10-26,48.6,48.75,47.5,48.61,47.75,504871.0,24349268.0,1620657400.0,6481657400.0,29175026.720000006,-196562728.56000003,434812840.90999997,501175141.15,66362300.24,9141658.35,715.76,751.43,1107.08,1221.33,326.91,326.69,101.43,101.43,,,,,,,交通运输,公交Ⅱ,公交Ⅲ,48.37,48.35,48.02
sh603032,德新交运,2017-10-27,48.42,49.27,48.0,49.09,48.61,203520.0,9923639.0,1636660600.0,6545660600.0,29175026.720000006,-196562728.56000003,434812840.90999997,501175141.15,66362300.24,9141658.35,286.4,450.0,144.22,69.58,376.7,298.66,0.0,0.0,,,,,,,交通运输,公交Ⅱ,公交Ⅲ,48.06,48.06,48.25
sh603032,德新交运,2017-10-30,48.51,53.38,48.51,51.61,49.09,513168.0,26339939.0,1720677400.0,6881677400.0,29175026.720000006,-196562728.56000003,434812840.90999997,501175141.15,66362300.24,9141658.35,985.7,1281.17,562.01,379.71,943.43,772.46,0.0,0.0,,,,,,,交通运输,公交Ⅱ,公交Ⅲ,49.2,52.0,51.45
sh603032,德新交运,2017-10-31,51.09,53.66,51.09,52.87,51.61,504800.0,26656076.0,1762685800.0,7049685800.0,29646869.580000006,129734203.66999999,430115194.5,498583486.51,68468292.01,8905738.94,1131.16,1055.66,675.07,515.11,723.06,871.84,0.0,0.0,,,,,,,交通运输,公交Ⅱ,公交Ⅲ,51.8,53.66,52.88
sh603032,德新交运,2017-11-01,52.78,54.35,51.6,54.26,52.87,584028.0,30908058.0,1809028400.0,7235028400.0,29646869.580000006,129734203.66999999,430115194.5,498583486.51,68468292.01,8905738.94,1309.17,1347.35,716.06,521.79,676.42,1109.66,215.94,0.0,,,,,,,交通运输,公交Ⅱ,公交Ⅲ,51.85,51.72,53.58
sh603032,德新交运,2018-03-30,52.0,55.0,48.83,48.83,54.26,7569468.0,376636931.0,3190552200.0,6510992200.0,29646869.580000006,129734203.66999999,430115194.5,498583486.51,68468292.01,8905738.94,12135.02,6066.97,7100.53,14611.42,5539.76,751.15,12450.59,16098.65,,,,,,,交通运输,公交Ⅱ,公交Ⅲ,49.0,48.83,48.83
sh603032,德新交运,2018-04-02,43.95,43.95,43.95,43.95,48.83,149300.0,6561735.0,2871693000.0,5860293000.0,27101329.13,18472728.5,435322339.65,491336207.19,56013867.54,5749335.59,,,,,,,,,,,,,,,交通运输,公交Ⅱ,公交Ⅲ,43.95,43.95,43.95
sh603032,德新交运,2018-04-03,39.56,39.56,39.56,39.56,43.95,341200.0,13497872.0,2584850400.0,5274930400.0,27101329.13,18472728.5,435322339.65,491336207.19,56013867.54,5749335.59,111.16,0.0,146.37,0.0,248.44,0.0,0.0,504.11,,,,,,,交通运输,公交Ⅱ,公交Ⅲ,39.56,39.56,39.56
sh603032,德新交运,2018-04-04,35.6,35.6,35.6,35.6,39.56,81900.0,2915640.0,2326104000.0,4746904000.0,27101329.13,18472728.5,435322339.65,491336207.19,56013867.54,5749335.59,,,,,,,,,,,,,,,交通运输,公交Ⅱ,公交Ⅲ,35.6,35.6,35.6
sh603032,德新交运,2018-04-09,32.04,39.16,32.04,39.13,35.6,24039470.0,784484244.0,2556754200.0,5217594200.0,27101329.13,18472728.5,435322339.65,491336207.19,56013867.54,5749335.59,10797.77,6346.3,13881.41,9472.67,10356.87,3926.98,43940.04,59533.87,,,,,,,交通运输,公交Ⅱ,公交Ⅲ,32.04,32.04,32.04
sh603032,德新交运,2018-04-10,35.22,36.9,35.22,35.63,39.13,12097402.0,429026578.0,2328064200.0,4750904200.0,27101329.13,18472728.5,435322339.65,491336207.19,56013867.54,5749335.59,10529.29,10715.63,7426.47,9314.76,11978.79,9107.24,12891.64,14357.17,,,,,,,交通运输,公交Ⅱ,公交Ⅲ,35.22,35.22,35.22
sh603032,德新交运,2018-04-11,35.62,35.62,33.23,34.16,35.63,5411239.0,184716384.0,2232014400.0,4554894400.0,27101329.13,18472728.5,435322339.65,491336207.19,56013867.54,5749335.59,6736.21,7282.39,3268.18,4334.8,7342.26,6451.14,1615.71,980.93,,,,,,,交通运输,公交Ⅱ,公交Ⅲ,34.65,35.11,34.74
sh603032,德新交运,2018-04-12,34.06,34.8,32.83,33.63,34.16,5470879.0,183268657.0,2197384200.0,4484224200.0,27101329.13,18472728.5,435322339.65,491336207.19,56013867.54,5749335.59,6541.7,8594.37,4201.55,5100.08,5825.59,4687.94,2311.19,894.17,,,,,,,交通运输,公交Ⅱ,公交Ⅲ,33.31,33.24,33.69
sh603032,德新交运,2018-04-13,33.97,34.0,32.73,33.05,33.63,4191500.0,139042191.0,2159487000.0,4406887000.0,27101329.13,18472728.5,435322339.65,491336207.19,56013867.54,5749335.59,3810.06,6592.27,4566.52,3951.15,4524.66,3476.69,1013.38,169.75,,,,,,,交通运输,公交Ⅱ,公交Ⅲ,33.55,33.18,33.12
sh603032,德新交运,2018-04-16,32.96,32.96,29.75,29.75,33.05,3260800.0,100123640.0,1943865000.0,3966865000.0,27101329.13,18472728.5,435322339.65,491336207.19,56013867.54,5749335.59,3136.57,3476.01,2387.92,2404.12,3754.64,1719.25,297.81,1857.0,,,,,,,交通运输,公交Ⅱ,公交Ⅲ,32.22,31.13,30.47
sh603032,德新交运,2018-04-17,26.78,26.78,26.78,26.78,29.75,419000.0,11220820.0,1749805200.0,3570845200.0,27101329.13,18472728.5,435322339.65,491336207.19,56013867.54,5749335.59,73.91,0.0,0.0,0.0,152.91,0.0,0.0,224.42,,,,,,,交通运输,公交Ⅱ,公交Ⅲ,26.78,26.78,26.78
sh603032,德新交运,2018-04-18,24.1,25.58,24.1,24.28,26.78,14796764.0,358429307.0,1586455200.0,3237495200.0,27101329.13,18472728.5,435322339.65,491336207.19,56013867.54,5749335.59,7877.07,3336.52,7240.3,4774.46,7183.98,2159.14,13425.14,25282.25,,,,,,,交通运输,公交Ⅱ,公交Ⅲ,24.1,24.1,24.1
sh603032,德新交运,2018-04-19,23.4,24.18,23.06,23.23,24.28,11326542.0,266905273.0,1517848200.0,3097488200.0,27101329.13,18472728.5,435322339.65,491336207.19,56013867.54,5749335.59,9866.38,10184.15,5799.17,8439.16,9392.14,5215.43,1173.8,2190.22,,,,,,,交通运输,公交Ⅱ,公交Ⅲ,23.47,23.44,23.35
sh603032,德新交运,2018-04-20,23.15,23.68,21.61,21.71,23.23,8556293.0,194016069.0,1418531400.0,2894811400.0,27101329.13,18472728.5,435322339.65,491336207.19,56013867.54,5749335.59,8009.97,8027.64,3039.04,4468.47,7909.81,5818.71,868.72,911.71,,,,,,,交通运输,公交Ⅱ,公交Ⅲ,23.42,23.46,23.35
sh603032,德新交运,2018-04-23,21.73,22.66,21.42,22.09,21.71,6007046.0,132251686.0,1443360600.0,2945480600.0,27101329.13,18472728.5,435322339.65,491336207.19,56013867.54,5749335.59,5553.55,5919.59,2326.52,2280.3,5350.8,4602.11,0.0,449.13,,,,,,,交通运输,公交Ⅱ,公交Ⅲ,21.95,22.13,21.98
sh603032,德新交运,2018-04-24,21.9,22.55,21.88,22.26,22.09,5199101.0,115682952.0,1454468400.0,2968148400.0,27101329.13,18472728.5,435322339.65,491336207.19,56013867.54,5749335.59,5330.42,4977.77,1957.05,2842.17,4382.8,3650.83,0.0,109.49,,,,,,,交通运输,公交Ⅱ,公交Ⅲ,22.09,22.0,22.28
sh603032,德新交运,2018-04-25,22.22,23.3,21.92,22.8,22.26,6530500.0,147722003.0,1489752000.0,3040152000.0,27101329.13,18472728.5,435322339.65,491336207.19,56013867.54,5749335.59,6658.29,6428.64,2340.45,2720.65,5086.81,4807.88,581.26,828.21,,,,,,,交通运输,公交Ⅱ,公交Ⅲ,22.12,22.03,22.26
sh603032,德新交运,2018-04-26,22.59,23.0,20.52,20.56,22.8,7209724.0,157097984.0,1343390400.0,2741470400.0,27101329.13,18472728.5,435322339.65,491336207.19,56013867.54,5749335.59,6099.55,6682.19,2251.99,3445.5,6381.68,4036.08,481.48,854.48,,,,,,,交通运输,公交Ⅱ,公交Ⅲ,22.6,22.87,22.8
sh603032,德新交运,2018-04-27,20.8,21.45,20.54,20.91,20.56,5211445.0,108998714.0,1366259400.0,2788139400.0,27101329.13,18472728.5,435322339.65,491336207.19,56013867.54,5749335.59,5016.18,4285.13,1873.4,2796.34,4091.55,3726.37,0.0,135.26,,,,,,,交通运输,公交Ⅱ,公交Ⅲ,21.2,20.98,20.88
sh603032,德新交运,2018-05-02,20.44,21.25,19.88,20.24,20.91,5026128.0,103251393.0,1322481600.0,2698801600.0,23955504.31,263852605.34,434853252.99,493009785.66,58156532.67,158771.43,4573.99,4838.76,1801.94,2607.33,3887.59,2879.82,122.48,0.0,,,,,,,交通运输,公交Ⅱ,公交Ⅲ,20.61,20.98,20.97
sh603032,德新交运,2018-05-03,20.42,20.9,20.36,20.8,20.24,4196145.0,86522071.0,1359072000.0,2773472000.0,23955504.31,263852605.34,434853252.99,493009785.66,58156532.67,158771.43,3845.98,3668.28,1499.94,1914.58,3261.16,2985.0,0.0,105.78,,,,,,,交通运输,公交Ⅱ,公交Ⅲ,20.76,20.61,20.5
sh603032,德新交运,2018-05-04,20.92,21.49,20.41,20.56,20.8,4748345.0,99676674.0,1343390400.0,2741470400.0,23955504.31,263852605.34,434853252.99,493009785.66,58156532.67,158771.43,3982.6,4546.84,1951.47,2266.66,4101.22,3143.32,0.0,0.0,,,,,,,交通运输,公交Ⅱ,公交Ⅲ,20.98,21.14,21.17
sh603032,德新交运,2018-05-07,20.64,20.99,20.56,20.9,20.56,3599127.0,74873406.0,1365606000.0,2786806000.0,23955504.31,263852605.34,434853252.99,493009785.66,58156532.67,158771.43,3188.32,3442.66,1537.79,1787.83,2872.32,2261.46,0.0,120.56,,,,,,,交通运输,公交Ⅱ,公交Ⅲ,20.62,20.8,20.77
sh603032,德新交运,2018-05-08,20.88,21.3,20.63,20.96,20.9,3817800.0,79757642.0,1369526400.0,2794806400.0,23955504.31,263852605.34,434853252.99,493009785.66,58156532.67,158771.43,3422.44,3250.2,1160.02,2089.78,3294.49,2516.09,0.0,0.0,,,,,,,交通运输,公交Ⅱ,公交Ⅲ,20.78,20.76,20.66
sh603032,德新交运,2018-05-09,20.83,21.42,20.71,21.35,20.96,4987664.0,105144279.0,1395009000.0,2846809000.0,23955504.31,263852605.34,434853252.99,493009785.66,58156532.67,158771.43,5360.64,4663.42,1624.56,1970.46,3332.85,3872.51,204.38,0.0,,,,,,,交通运输,公交Ⅱ,公交Ⅲ,20.78,20.8,20.83
sh603032,德新交运,2018-05-10,21.55,23.05,21.55,22.26,21.35,8840759.0,197045930.0,1454468400.0,2968148400.0,23955504.31,263852605.34,434853252.99,493009785.66,58156532.67,158771.43,8060.71,8737.93,4515.64,4919.73,7105.18,6128.9,213.3,102.35,,,,,,,交通运输,公交Ⅱ,公交Ⅲ,21.9,21.98,22.81
sh603032,德新交运,2018-05-11,21.9,21.9,20.85,21.06,22.26,6291111.0,134484086.0,1376060400.0,2808140400.0,23955504.31,263852605.34,434853252.99,493009785.66,58156532.67,158771.43,5848.84,6044.65,2371.71,3276.75,5438.78,3989.52,0.0,237.96,,,,,,,交通运输,公交Ⅱ,公交Ⅲ,21.77,21.63,21.65
sh603032,德新交运,2018-05-14,21.06,21.14,20.3,20.5,21.06,4230242.0,87453971.0,1339470000.0,2733470000.0,23955504.31,263852605.34,434853252.99,493009785.66,58156532.67,158771.43,3445.82,3712.45,1481.81,1730.81,2759.09,2507.6,415.45,123.9,,,,,,,交通运输,公交Ⅱ,公交Ⅲ,21.02,20.85,20.88
sh603032,德新交运,2018-05-15,20.7,20.98,20.32,20.97,20.5,3246721.0,67358947.0,1370179800.0,2796139800.0,23955504.31,263852605.34,434853252.99,493009785.66,58156532.67,158771.43,3254.55,2962.21,981.1,1058.11,2459.77,2607.53,0.0,101.06,,,,,,,交通运输,公交Ⅱ,公交Ⅲ,20.74,20.8,20.75
sh603032,德新交运,2018-05-16,20.77,20.77,20.3,20.31,20.97,3239344.0,66319684.0,1327055400.0,2708135400.0,23955504.31,263852605.34,434853252.99,493009785.66,58156532.67,158771.43,2743.25,3055.75,999.2,1580.7,2840.2,1751.25,0.0,212.41,,,,,,,交通运输,公交Ⅱ,公交Ⅲ,20.73,20.55,20.47
sh603032,德新交运,2018-05-17,20.44,20.67,20.11,20.37,20.31,2400839.0,48970104.0,1330975800.0,2716135800.0,23955504.31,263852605.34,434853252.99,493009785.66,58156532.67,158771.43,2361.1,2235.31,550.3,806.67,1821.07,1656.56,0.0,0.0,,,,,,,交通运输,公交Ⅱ,公交Ⅲ,20.32,20.33,20.43
sh603032,德新交运,2018-05-18,20.34,20.39,19.46,19.72,20.37,3256433.0,64666517.0,1288504800.0,2629464800.0,23955504.31,263852605.34,434853252.99,493009785.66,58156532.67,158771.43,2426.06,2928.64,826.71,1025.95,3209.4,1987.03,107.37,459.33,,,,,,,交通运输,公交Ⅱ,公交Ⅲ,20.32,20.27,20.28
sh603032,德新交运,2018-05-21,19.86,20.25,19.72,20.11,19.72,2471744.0,49589351.0,1313987400.0,2681467400.0,23955504.31,263852605.34,434853252.99,493009785.66,58156532.67,158771.43,2341.57,2153.17,500.27,720.97,2098.75,2047.24,0.0,0.0,,,,,,,交通运输,公交Ⅱ,公交Ⅲ,19.88,19.89,20.12
sh603032,德新交运,2018-05-22,20.5,20.57,20.04,20.31,20.11,2452084.0,49663219.0,1327055400.0,2708135400.0,23955504.31,263852605.34,434853252.99,493009785.66,58156532.67,158771.43,1850.83,1830.08,1401.08,1186.52,1640.79,1952.14,0.0,0.0,,,,,,,交通运输,公交Ⅱ,公交Ⅲ,20.32,20.24,20.19
sh603032,德新交运,2018-05-23,20.43,20.43,19.58,19.63,20.31,2324884.0,46478139.0,1282624200.0,2617464200.0,23955504.31,263852605.34,434853252.99,493009785.66,58156532.67,158771.43,1924.99,1988.0,408.32,971.67,2168.88,1431.57,0.0,0.0,,,,,,,交通运输,公交Ⅱ,公交Ⅲ,20.23,20.18,20.21
sh603032,德新交运,2018-05-24,19.76,20.38,19.4,19.94,19.63,3204144.0,63898250.0,1302879600.0,2658799600.0,23955504.31,263852605.34,434853252.99,493009785.66,58156532.67,158771.43,2321.15,1999.57,1694.49,1065.89,2222.19,2065.22,100.45,1235.03,,,,,,,交通运输,公交Ⅱ,公交Ⅲ,19.66,19.51,19.63
sh603032,德新交运,2018-05-25,19.98,20.19,19.44,19.56,19.94,2368600.0,47057793.0,1278050400.0,2608130400.0,23955504.31,263852605.34,434853252.99,493009785.66,58156532.67,158771.43,1691.07,1924.84,660.31,630.74,2183.48,1581.59,0.0,231.63,,,,,,,交通运输,公交Ⅱ,公交Ⅲ,20.18,20.08,20.09
sh603032,德新交运,2018-05-28,19.1,19.56,18.81,18.93,19.56,2631100.0,50185558.0,1236886200.0,2524126200.0,23955504.31,263852605.34,434853252.99,493009785.66,58156532.67,158771.43,1642.2,1637.31,1487.32,932.56,1940.46,1520.08,0.0,760.83,,,,,,,交通运输,公交Ⅱ,公交Ⅲ,19.28,19.0,19.02
sh603032,德新交运,2018-05-29,18.99,19.48,18.99,19.19,18.93,2763428.0,53208312.0,1253874600.0,2558794600.0,23955504.31,263852605.34,434853252.99,493009785.66,58156532.67,158771.43,1910.07,1827.97,1733.4,513.35,1861.48,2110.26,0.0,1040.2,,,,,,,交通运输,公交Ⅱ,公交Ⅲ,19.19,19.07,19.14
sh603032,德新交运,2018-05-30,18.74,18.74,17.27,17.35,19.19,4481370.0,79622032.0,1133649000.0,2313449000.0,23955504.31,263852605.34,434853252.99,493009785.66,58156532.67,158771.43,3204.45,3223.76,1383.71,1751.9,3319.46,2497.92,0.0,416.66,,,,,,,交通运输,公交Ⅱ,公交Ⅲ,18.3,18.3,17.97
sh603032,德新交运,2018-05-31,17.39,17.77,17.19,17.44,17.35,2121100.0,37053583.0,1139529600.0,2325449600.0,23955504.31,263852605.34,434853252.99,493009785.66,58156532.67,158771.43,1901.75,1623.2,306.85,551.45,1420.0,1488.64,0.0,0.0,,,,,,,交通运输,公交Ⅱ,公交Ⅲ,17.53,17.68,17.56
sh603032,德新交运,2018-06-01,17.34,17.66,17.09,17.32,17.44,2401900.0,41811035.0,1131688800.0,2309448800.0,23955504.31,263852605.34,434853252.99,493009785.66,58156532.67,158771.43,2118.53,1926.56,385.94,760.17,1700.0,1471.48,0.0,0.0,,,,,,,交通运输,公交Ⅱ,公交Ⅲ,17.23,17.4,17.49
sh603032,德新交运,2018-06-04,17.3,17.48,16.96,17.01,17.32,1393500.0,23964858.0,1111433400.0,2268113400.0,23955504.31,263852605.34,434853252.99,493009785.66,58156532.67,158771.43,1159.32,1216.59,192.36,195.25,1074.74,912.59,0.0,0.0,,,,,,,交通运输,公交Ⅱ,公交Ⅲ,17.39,17.4,17.3
sh603032,德新交运,2018-07-27,14.32,15.53,14.32,15.53,14.12,3800384.0,57659590.0,1217676240.0,2484924240.0,23955504.31,263852605.34,434853252.99,493009785.66,58156532.67,158771.43,951.79,1427.38,1449.39,1708.78,742.74,925.12,2275.09,1659.59,,,,,,,交通运输,公交Ⅱ,公交Ⅲ,15.53,15.53,15.53
sh603032,德新交运,2018-07-30,16.98,17.08,16.46,17.08,15.53,4260062.0,72312454.0,1339208640.0,2732936640.0,23955504.31,263852605.34,434853252.99,493009785.66,58156532.67,158771.43,1809.66,2009.75,1555.05,2271.59,1604.45,1341.13,2215.47,1638.68,,,,,,,交通运输,公交Ⅱ,公交Ⅲ,17.08,17.08,17.08
sh603032,德新交运,2018-07-31,18.0,18.0,15.37,15.41,17.08,14148510.0,229772301.0,1208267280.0,2465723280.0,23955504.31,263852605.34,434853252.99,493009785.66,58156532.67,158771.43,9131.74,8527.14,3911.01,7419.48,10302.42,5023.54,204.53,2097.43,,,,,,,交通运输,公交Ⅱ,公交Ⅲ,16.55,16.06,15.91
sh603032,德新交运,2018-08-01,14.73,14.89,14.13,14.45,15.41,9354287.0,135963553.0,1132995600.0,2312115600.0,23955504.31,263852605.34,434853252.99,493009785.66,58156532.67,158771.43,5554.99,5654.42,2317.62,2723.52,5697.5,5180.35,296.0,247.55,,,,,,,交通运输,公交Ⅱ,公交Ⅲ,14.62,14.46,14.78
sh603032,德新交运,2018-08-02,14.18,14.46,13.01,13.63,14.45,9762384.0,130616393.0,1068701040.0,2180909040.0,23955504.31,263852605.34,434853252.99,493009785.66,58156532.67,158771.43,5180.26,5081.79,2742.78,2307.01,4970.61,5197.5,267.1,596.74,,,,,,,交通运输,公交Ⅱ,公交Ⅲ,13.71,13.47,13.33
sh603032,德新交运,2018-08-03,13.15,13.5,12.32,12.35,13.63,8153717.0,104671814.0,968338800.0,1976098800.0,23955504.31,263852605.34,434853252.99,493009785.66,58156532.67,158771.43,4028.64,4257.08,1900.85,2288.43,4085.5,3408.42,542.7,409.97,,,,,,,交通运输,公交Ⅱ,公交Ⅲ,13.42,13.02,13.02
sh603032,德新交运,2018-08-06,11.98,12.14,11.12,11.12,12.35,6191811.0,71508237.0,871896960.0,1779288960.0,23955504.31,263852605.34,434853252.99,493009785.66,58156532.67,158771.43,3035.25,3154.71,809.91,1309.04,2999.18,2340.77,259.72,166.8,,,,,,,交通运输,公交Ⅱ,公交Ⅲ,11.77,11.83,11.87
sh603032,德新交运,2018-08-07,11.19,11.42,11.0,11.34,11.12,4602784.0,51811520.0,889146720.0,1814490720.0,23955504.31,263852605.34,434853252.99,493009785.66,58156532.67,158771.43,2639.13,2380.08,442.6,739.4,2118.66,2075.99,0.0,0.0,,,,,,,交通运输,公交Ⅱ,公交Ⅲ,11.28,11.25,11.19
sh603032,德新交运,2018-08-08,11.27,11.37,10.38,10.6,11.34,6100637.0,66620196.0,831124800.0,1696084800.0,23955504.31,263852605.34,434853252.99,493009785.66,58156532.67,158771.43,2806.72,2972.36,936.92,1169.93,2848.19,2029.25,0.0,343.04,,,,,,,交通运输,公交Ⅱ,公交Ⅲ,11.25,11.29,11.28
sh603032,德新交运,2018-08-09,10.55,11.66,10.55,11.66,10.6,3010040.0,33920609.0,914237280.0,1865693280.0,23955504.31,263852605.34,434853252.99,493009785.66,58156532.67,158771.43,788.71,1461.15,374.12,540.57,462.65,1129.62,1396.8,0.0,,,,,,,交通运输,公交Ⅱ,公交Ⅲ,10.8,11.66,11.66
sh603032,德新交运,2018-08-10,12.28,12.5,11.56,11.64,11.66,9144166.0,109838166.0,912669120.0,1862493120.0,16906666.64,303060073.76,429008470.78,485988050.65,56979579.87,2092820.68,4794.82,4730.69,1184.8,2867.77,4812.8,2960.66,288.46,275.19,,,,,,,交通运输,公交Ⅱ,公交Ⅲ,12.03,11.98,11.99
sh603032,德新交运,2018-08-13,11.27,11.78,11.1,11.52,11.64,5812803.0,66739950.0,903260160.0,1843292160.0,16906666.64,303060073.76,429008470.78,485988050.65,56979579.87,2092820.68,2996.92,2905.6,1203.17,1218.4,2537.39,2528.77,0.0,0.0,,,,,,,交通运输,公交Ⅱ,公交Ⅲ,11.26,11.3,11.39
sh603032,德新交运,2018-08-14,11.64,11.85,11.3,11.46,11.52,4299337.0,49677898.0,898555680.0,1833691680.0,16906666.64,303060073.76,429008470.78,485988050.65,56979579.87,2092820.68,2046.74,2009.6,646.22,982.07,2298.48,1881.7,0.0,0.0,,,,,,,交通运输,公交Ⅱ,公交Ⅲ,11.63,11.65,11.62
sh603032,德新交运,2018-08-15,11.4,11.5,10.89,10.95,11.46,4146819.0,46199639.0,858567600.0,1752087600.0,16906666.64,303060073.76,429008470.78,485988050.65,56979579.87,2092820.68,1847.18,2252.37,488.33,846.98,2351.62,1459.89,0.0,0.0,,,,,,,交通运输,公交Ⅱ,公交Ⅲ,11.3,11.33,11.24
sh603032,德新交运,2018-08-16,10.73,11.77,10.68,11.22,10.95,5715213.0,64387300.0,879737760.0,1795289760.0,16906666.64,303060073.76,429008470.78,485988050.65,56979579.87,2092820.68,2740.81,2587.52,624.58,633.05,2994.87,2980.7,0.0,123.52,,,,,,,交通运输,公交Ⅱ,公交Ⅲ,10.76,10.9,10.95
sh603032,德新交运,2018-08-17,11.25,11.39,10.69,10.72,11.22,4207443.0,46270120.0,840533760.0,1715285760.0,16906666.64,303060073.76,429008470.78,485988050.65,56979579.87,2092820.68,2162.5,2010.46,336.04,390.49,2133.85,2156.19,0.0,0.0,,,,,,,交通运输,公交Ⅱ,公交Ⅲ,11.16,11.24,11.16
sh603032,德新交运,2018-08-20,10.81,11.79,10.77,11.79,10.72,4130403.0,48123448.0,924430320.0,1886494320.0,16906666.64,303060073.76,429008470.78,485988050.65,56979579.87,2092820.68,809.35,1723.15,1181.16,644.96,363.61,1401.22,1492.02,117.9,,,,,,,交通运输,公交Ⅱ,公交Ⅲ,10.94,11.79,11.79
sh603032,德新交运,2018-08-21,12.12,12.97,11.81,12.97,11.79,11361050.0,138669359.0,1016951760.0,2075303760.0,16906666.64,303060073.76,429008470.78,485988050.65,56979579.87,2092820.68,4769.91,5440.99,2130.98,3884.2,6199.12,3603.22,766.91,883.16,,,,,,,交通运输,公交Ⅱ,公交Ⅲ,12.19,12.01,12.01
sh603032,德新交运,2018-08-22,13.66,14.27,13.66,14.27,12.97,16284393.0,229941223.0,1118882160.0,2283314160.0,16906666.64,303060073.76,429008470.78,485988050.65,56979579.87,2092820.68,6853.36,8440.43,4268.09,5012.3,6432.85,7711.02,5201.13,1694.71,,,,,,,交通运输,公交Ⅱ,公交Ⅲ,14.06,14.17,14.27
sh603032,德新交运,2018-08-23,14.77,15.7,13.5,15.7,14.27,22480788.0,330189928.0,1231005600.0,2512125600.0,16906666.64,303060073.76,429008470.78,485988050.65,56979579.87,2092820.68,11536.73,12216.8,5738.97,9148.49,13578.33,10492.64,2545.78,1536.21,,,,,,,交通运输,公交Ⅱ,公交Ⅲ,14.0,14.7,14.4
sh603032,德新交运,2018-08-24,15.67,17.27,15.1,17.27,15.7,20796121.0,343646768.0,1354106160.0,2763338160.0,16906666.64,303060073.76,429008470.78,485988050.65,56979579.87,2092820.68,9465.05,11890.93,7392.92,7389.59,10580.51,11110.38,7271.81,4398.11,,,,,,,交通运输,公交Ⅱ,公交Ⅲ,15.35,16.33,16.4
sh603032,德新交运,2018-08-27,16.88,19.0,16.2,17.42,17.27,28729516.0,503150063.0,1365867360.0,2787339360.0,16906666.64,303060073.76,429008470.78,485988050.65,56979579.87,2092820.68,17608.71,18315.85,9482.79,13350.93,21281.69,15269.75,3583.98,4587.92,,,,,,,交通运输,公交Ⅱ,公交Ⅲ,16.67,16.46,16.9
sh603032,德新交运,2018-08-28,17.25,17.72,15.75,15.91,17.42,23881285.0,396874208.0,1247471280.0,2545727280.0,16906666.64,303060073.76,429008470.78,485988050.65,56979579.87,2092820.68,13617.65,14462.23,8057.6,10120.25,16817.37,13878.61,2072.35,1989.27,,,,,,,交通运输,公交Ⅱ,公交Ⅲ,17.02,17.48,17.0
sh603032,德新交运,2018-08-29,15.97,17.5,15.8,17.5,15.91,21648671.0,359511463.0,1372140000.0,2800140000.0,16906666.64,303060073.76,429008470.78,485988050.65,56979579.87,2092820.68,11293.1,12958.09,8863.93,8272.58,11297.02,13395.43,4476.97,1540.92,,,,,,,交通运输,公交Ⅱ,公交Ⅲ,16.1,16.3,16.38
sh603032,德新交运,2018-08-30,17.79,19.25,17.68,19.25,17.5,30093872.0,560090047.0,1509354000.0,3080154000.0,16906666.64,303060073.76,429008470.78,485988050.65,56979579.87,2092820.68,18786.77,18116.84,10085.5,13409.46,21072.06,16920.1,7475.61,8424.95,,,,,,,交通运输,公交Ⅱ,公交Ⅲ,17.96,18.09,18.45
sh603032,德新交运,2018-08-31,19.0,21.18,18.6,21.18,19.25,29285026.0,591454716.0,1660681440.0,3388969440.0,16906666.64,303060073.76,429008470.78,485988050.65,56979579.87,2092820.68,21702.45,21586.33,11724.95,13474.79,24526.37,20458.83,2921.39,5321.79,,,,,,,交通运输,公交Ⅱ,公交Ⅲ,19.51,20.05,20.52
sh603032,德新交运,2018-09-03,21.45,23.26,20.3,20.86,21.18,26614352.0,580716104.0,1635590880.0,3337766880.0,16906666.64,303060073.76,429008470.78,485988050.65,56979579.87,2092820.68,21452.83,22134.44,12304.55,15365.96,24468.53,20668.6,1940.68,1604.97,,,,,,,交通运输,公交Ⅱ,公交Ⅲ,21.5,21.07,20.95
sh603032,德新交运,2018-09-04,20.6,22.95,19.67,22.95,20.86,27032201.0,571090968.0,1799463600.0,3672183600.0,16906666.64,303060073.76,429008470.78,485988050.65,56979579.87,2092820.68,19426.72,21234.38,12535.91,14055.25,20603.94,20933.53,5857.98,2156.41,,,,,,,交通运输,公交Ⅱ,公交Ⅲ,20.0,19.73,20.51
sh603032,德新交运,2018-09-05,22.5,25.25,22.19,25.25,22.95,26711647.0,637382789.0,1979802000.0,4040202000.0,16906666.64,303060073.76,429008470.78,485988050.65,56979579.87,2092820.68,23939.51,23840.53,12781.62,16943.65,25475.15,20118.27,3319.02,3948.97,,,,,,,交通运输,公交Ⅱ,公交Ⅲ,23.24,23.39,23.88
sh603032,德新交运,2018-09-06,24.83,27.78,24.8,27.78,25.25,22839699.0,608152567.0,2178174240.0,4445022240.0,16906666.64,303060073.76,429008470.78,485988050.65,56979579.87,2092820.68,21343.74,23016.18,13182.37,13856.44,23788.55,21542.32,4112.75,3723.84,,,,,,,交通运输,公交Ⅱ,公交Ⅲ,26.25,26.38,26.37
sh603032,德新交运,2018-09-14,25.29,30.56,25.0,30.45,27.78,28247836.0,757680782.0,2387523600.0,4872243600.0,16906666.64,303060073.76,429008470.78,485988050.65,56979579.87,2092820.68,24697.91,25445.47,15267.62,19017.69,27088.52,22467.03,10105.66,9812.81,,,,,,,交通运输,公交Ⅱ,公交Ⅲ,25.0,25.0,25.0
sh603032,德新交运,2018-09-17,27.6,30.38,27.41,27.41,30.45,21134457.0,603905914.0,2149163280.0,4385819280.0,16906666.64,303060073.76,429008470.78,485988050.65,56979579.87,2092820.68,22510.64,20773.92,9922.84,16225.96,28447.83,19354.26,911.12,5059.5,,,,,,,交通运输,公交Ⅱ,公交Ⅲ,28.8,29.8,29.42
sh603032,德新交运,2018-09-18,26.0,28.49,24.74,25.91,27.41,22870374.0,609096775.0,2031551280.0,4145807280.0,16906666.64,303060073.76,429008470.78,485988050.65,56979579.87,2092820.68,22290.47,23493.93,13535.63,13103.63,24002.94,23350.39,2433.73,2386.14,,,,,,,交通运输,公交Ⅱ,公交Ⅲ,25.95,26.02,25.58
sh603032,德新交运,2018-09-19,25.86,26.47,25.17,25.5,25.91,21097512.0,542984169.0,1999404000.0,4080204000.0,16906666.64,303060073.76,429008470.78,485988050.65,56979579.87,2092820.68,19533.4,21356.27,12067.26,12737.61,21967.33,18311.28,1909.32,3048.24,,,,,,,交通运输,公交Ⅱ,公交Ⅲ,26.11,25.9,25.8
sh603032,德新交运,2018-09-20,24.89,28.05,24.68,28.05,25.5,26991689.0,723966466.0,2199344400.0,4488224400.0,16906666.64,303060073.76,429008470.78,485988050.65,56979579.87,2092820.68,22612.09,26748.65,17167.15,17091.39,21904.33,25080.73,11674.15,5061.58,,,,,,,交通运输,公交Ⅱ,公交Ⅲ,25.4,25.62,25.18
sh603032,德新交运,2018-09-21,28.35,30.48,27.01,27.1,28.05,30498982.0,883858637.0,2124856800.0,4336216800.0,16906666.64,303060073.76,429008470.78,485988050.65,56979579.87,2092820.68,32955.37,31236.94,19614.37,27646.82,35347.13,25378.95,3215.67,6286.18,,,,,,,交通运输,公交Ⅱ,公交Ⅲ,29.4,29.5,29.74
sh603032,德新交运,2018-09-25,25.53,27.54,25.12,25.47,27.1,20096668.0,523018365.0,1997051760.0,4075403760.0,16906666.64,303060073.76,429008470.78,485988050.65,56979579.87,2092820.68,18694.31,19858.28,10373.47,12942.78,21907.42,17179.43,2914.84,3420.05,,,,,,,交通运输,公交Ⅱ,公交Ⅲ,26.5,26.8,26.43
sh603032,德新交运,2018-09-26,25.53,25.9,24.11,25.23,25.47,19433691.0,486905338.0,1978233840.0,4037001840.0,16906666.64,303060073.76,429008470.78,485988050.65,56979579.87,2092820.68,17985.89,19649.77,10889.88,10587.55,19416.3,16803.73,1325.79,2431.61,,,,,,,交通运输,公交Ⅱ,公交Ⅲ,25.15,25.03,25.15
sh603032,德新交运,2018-09-27,24.65,25.49,22.71,22.72,25.23,20142019.0,485242069.0,1781429760.0,3635381760.0,16906666.64,303060073.76,429008470.78,485988050.65,56979579.87,2092820.68,16488.48,18663.21,9642.67,13304.22,19548.16,14369.71,3502.03,2407.33,,,,,,,交通运输,公交Ⅱ,公交Ⅲ,24.63,25.15,25.04
sh603032,德新交运,2018-09-28,22.75,23.2,21.86,22.61,22.72,16056868.0,360789199.0,1772804880.0,3617780880.0,16906666.64,303060073.76,429008470.78,485988050.65,56979579.87,2092820.68,11834.82,14225.28,8638.17,6427.01,13008.28,13057.26,3259.01,3019.3,,,,,,,交通运输,公交Ⅱ,公交Ⅲ,22.45,22.49,22.31
sh603032,德新交运,2018-10-08,22.44,23.08,21.95,22.06,22.61,10064590.0,225526697.0,1729680480.0,3529776480.0,16906666.64,303060073.76,429008470.78,485988050.65,56979579.87,2092820.68,8694.48,9001.52,4827.74,5121.16,8942.52,7869.8,514.82,804.93,,,,,,,交通运输,公交Ⅱ,公交Ⅲ,22.24,22.27,22.14
sh603032,德新交运,2018-10-09,22.14,24.27,21.81,24.27,22.06,21747042.0,507147136.0,1902962160.0,3883394160.0,16906666.64,303060073.76,429008470.78,485988050.65,56979579.87,2092820.68,14720.86,16158.95,11053.9,11149.56,13144.85,15010.71,12655.31,9693.65,,,,,,,交通运输,公交Ⅱ,公交Ⅲ,22.02,22.27,22.29
sh603032,德新交运,2018-10-10,24.27,26.7,23.99,26.7,24.27,25837664.0,664772276.0,2093493600.0,4272213600.0,16906666.64,303060073.76,429008470.78,485988050.65,56979579.87,2092820.68,23405.17,23583.71,15535.27,18150.12,22337.18,19937.23,6784.0,5938.67,,,,,,,交通运输,公交Ⅱ,公交Ⅲ,24.89,25.5,25.6
sh603032,德新交运,2018-10-11,26.01,28.67,24.19,24.53,26.7,27563883.0,740274223.0,1923348240.0,3924996240.0,16906666.64,303060073.76,429008470.78,485988050.65,56979579.87,2092820.68,28348.66,28158.06,14565.0,22422.48,30498.4,21512.01,2514.15,3592.37,,,,,,,交通运输,公交Ⅱ,公交Ⅲ,27.29,27.68,27.35
sh603032,德新交运,2018-10-12,23.77,26.98,23.06,26.98,24.53,20147868.0,511896797.0,2115447840.0,4317015840.0,16906666.64,303060073.76,429008470.78,485988050.65,56979579.87,2092820.68,17027.4,19777.18,10302.2,10673.77,16790.95,18593.42,6196.57,1594.07,,,,,,,交通运输,公交Ⅱ,公交Ⅲ,24.28,25.26,25.3
sh603032,德新交运,2018-10-15,26.81,28.79,26.27,27.22,26.98,23647843.0,647431023.0,2134265760.0,4355417760.0,16906666.64,303060073.76,429008470.78,485988050.65,56979579.87,2092820.68,24489.9,24292.75,12474.47,18756.56,27371.49,19738.59,2579.3,3299.21,,,,,,,交通运输,公交Ⅱ,公交Ⅲ,27.6,26.3,26.64
sh603032,德新交运,2018-10-16,27.38,27.97,25.7,25.99,27.22,15619682.0,419996742.0,2037823920.0,4158607920.0,16906666.64,303060073.76,429008470.78,485988050.65,56979579.87,2092820.68,14366.01,17208.61,6482.67,8607.29,18770.01,15268.55,2954.36,1390.13,,,,,,,交通运输,公交Ⅱ,公交Ⅲ,27.26,27.62,27.75
sh603032,德新交运,2018-10-17,25.99,26.48,23.48,24.61,25.99,15442512.0,385614181.0,1929620880.0,3937796880.0,16906666.64,303060073.76,429008470.78,485988050.65,56979579.87,2092820.68,13385.94,15491.26,7031.07,7882.9,16739.74,13563.03,1636.68,1639.97,,,,,,,交通运输,公交Ⅱ,公交Ⅲ,26.15,25.8,24.88
sh603032,德新交运,2018-10-18,24.61,24.61,22.15,22.15,24.61,11928370.0,272534511.0,1736737200.0,3544177200.0,16906666.64,303060073.76,429008470.78,485988050.65,56979579.87,2092820.68,9887.1,11108.97,3884.64,5940.91,12537.29,8452.5,1282.02,2027.8,,,,,,,交通运输,公交Ⅱ,公交Ⅲ,23.43,23.5,23.1
sh603032,德新交运,2018-10-19,20.81,21.66,20.3,21.09,22.15,11628761.0,245754169.0,1653624720.0,3374568720.0,16906666.64,303060073.76,429008470.78,485988050.65,56979579.87,2092820.68,8555.14,9798.39,6244.65,5630.56,9175.12,8598.49,941.26,849.67,,,,,,,交通运输,公交Ⅱ,公交Ⅲ,20.68,21.46,21.09
sh603032,德新交运,2018-10-22,21.44,23.0,20.88,22.47,21.09,13896630.0,307000325.0,1761827760.0,3595379760.0,16906666.64,303060073.76,429008470.78,485988050.65,56979579.87,2092820.68,10868.19,11073.01,6562.39,7172.4,12138.9,10786.74,1038.3,1589.1,,,,,,,交通运输,公交Ⅱ,公交Ⅲ,21.08,21.25,21.29
sh603032,德新交运,2018-10-23,22.0,24.72,21.7,24.72,22.47,18755150.0,436884572.0,1938245760.0,3955397760.0,16906666.64,303060073.76,429008470.78,485988050.65,56979579.87,2092820.68,13587.88,15409.04,9164.6,9099.4,14772.85,16137.58,6223.76,3113.6,,,,,,,交通运输,公交Ⅱ,公交Ⅲ,21.82,22.36,23.08
sh603032,德新交运,2018-10-24,24.69,27.19,24.41,26.78,24.72,26028881.0,680205995.0,2099766240.0,4285014240.0,16906666.64,303060073.76,429008470.78,485988050.65,56979579.87,2092820.68,23546.45,24383.63,15858.51,17730.23,23324.13,20540.64,6179.41,6070.98,,,,,,,交通运输,公交Ⅱ,公交Ⅲ,25.25,25.29,25.4
sh603032,德新交运,2018-10-25,25.5,26.28,24.1,24.12,26.78,19420367.0,484191997.0,1891200960.0,3859392960.0,11286763.39,5297757.380000003,432246946.66,493443667.04,61196720.38,3285835.69,17949.26,17916.81,7900.89,12577.79,22501.8,14434.45,747.41,3786.0,,,,,,,交通运输,公交Ⅱ,公交Ⅲ,25.26,26.19,25.85
sh603032,德新交运,2018-10-26,24.65,26.53,24.25,26.53,24.12,21723928.0,559218797.0,2080164240.0,4245012240.0,11286763.39,5297757.380000003,432246946.66,493443667.04,61196720.38,3285835.69,16519.67,21775.96,13617.63,10423.52,15185.37,21459.12,10624.91,2631.01,,,,,,,交通运输,公交Ⅱ,公交Ⅲ,24.59,25.07,25.04
sh603032,德新交运,2018-10-29,27.26,27.59,24.11,25.1,26.53,19948048.0,519433227.0,1968040800.0,4016200800.0,11286763.39,5297757.380000003,432246946.66,493443667.04,61196720.38,3285835.69,19016.73,18714.73,9536.92,16067.39,22575.82,13864.8,1695.47,3674.7,,,,,,,交通运输,公交Ⅱ,公交Ⅲ,27.26,27.1,26.35
sh603032,德新交运,2018-10-30,25.06,25.84,24.2,24.71,25.1,13969626.0,347862194.0,1937461680.0,3953797680.0,11286763.39,5297757.380000003,432246946.66,493443667.04,61196720.38,3285835.69,13662.9,13957.5,5986.18,8446.47,15328.36,11727.75,302.68,1076.49,,,,,,,交通运输,公交Ⅱ,公交Ⅲ,25.34,25.66,24.76
sh603032,德新交运,2018-10-31,24.26,27.18,23.6,27.18,24.71,22489967.0,578663705.0,2131129440.0,4349017440.0,11286763.39,5297757.380000003,432246946.66,493443667.04,61196720.38,3285835.69,16214.69,21427.93,10420.65,12361.71,17183.12,20593.32,12997.12,3095.04,,,,,,,交通运输,公交Ⅱ,公交Ⅲ,24.7,24.6,24.34
sh603032,德新交运,2018-11-01,27.59,29.9,27.07,29.9,27.18,21120377.0,608712259.0,2344399200.0,4784239200.0,11286763.39,5297757.380000003,432246946.66,493443667.04,61196720.38,3285835.69,18671.76,20408.18,14989.99,16203.32,16280.26,16920.41,11489.74,7552.53,,,,,,,交通运输,公交Ⅱ,公交Ⅲ,27.9,28.77,28.8
sh603032,德新交运,2018-11-02,32.0,32.89,29.0,32.89,29.9,25840268.0,818738521.0,2578839120.0,5262663120.0,11286763.39,5297757.380000003,432246946.66,493443667.04,61196720.38,3285835.69,26618.31,28345.18,19843.35,24416.85,26862.24,23073.98,10498.02,8101.38,,,,,,,交通运输,公交Ⅱ,公交Ⅲ,30.0,31.3,31.5
sh603032,德新交运,2018-11-05,34.6,36.18,33.93,36.18,32.89,22083460.0,785185359.0,2836801440.0,5789089440.0,11286763.39,5297757.380000003,432246946.66,493443667.04,61196720.38,3285835.69,25266.96,26844.44,21863.79,21730.92,24333.4,22166.27,9132.91,9768.37,,,,,,,交通运输,公交Ⅱ,公交Ⅲ,35.39,35.8,36.0
sh603032,德新交运,2018-11-06,36.5,38.86,33.11,33.75,36.18,28248036.0,1015501786.0,2646270000.0,5400270000.0,11286763.39,5297757.380000003,432246946.66,493443667.04,61196720.38,3285835.69,36631.19,34676.32,20413.18,32098.81,41726.02,25573.43,5846.76,10335.97,,,,,,,交通运输,公交Ⅱ,公交Ⅲ,37.11,37.62,38.23
sh603032,德新交运,2018-11-07,34.15,37.13,33.67,37.13,33.75,22322154.0,790139101.0,2911289040.0,5941097040.0,11286763.39,5297757.380000003,432246946.66,493443667.04,61196720.38,3285835.69,26676.7,28252.76,16799.66,18809.16,24405.36,25737.09,12690.51,7365.97,,,,,,,交通运输,公交Ⅱ,公交Ⅲ,34.81,34.16,34.7
sh603032,德新交运,2018-11-08,38.2,38.5,33.63,33.86,37.13,27289046.0,967724674.0,2654894880.0,5417870880.0,11286763.39,5297757.380000003,432246946.66,493443667.04,61196720.38,3285835.69,34551.1,32733.12,16825.51,28312.77,44536.72,21872.44,3594.34,14668.94,,,,,,,交通运输,公交Ⅱ,公交Ⅲ,36.8,35.36,35.78
sh603032,德新交运,2018-11-09,32.0,35.75,30.58,33.88,33.86,21989570.0,711223888.0,2656463040.0,5421071040.0,11286763.39,5297757.380000003,432246946.66,493443667.04,61196720.38,3285835.69,25895.11,28048.02,13847.8,15952.46,29523.4,26091.62,2936.51,2545.33,,,,,,,交通运输,公交Ⅱ,公交Ⅲ,32.78,32.0,32.03
sh603032,德新交运,2018-11-12,32.1,33.99,31.78,32.39,33.88,14475969.0,473625881.0,2539635120.0,5182659120.0,11286763.39,5297757.380000003,432246946.66,493443667.04,61196720.38,3285835.69,17578.31,18553.43,8827.3,10577.51,20650.97,16682.48,1007.18,1930.69,,,,,,,交通运输,公交Ⅱ,公交Ⅲ,32.36,32.36,32.16
sh603032,德新交运,2018-11-13,32.7,35.63,32.39,35.63,32.39,24810143.0,866026407.0,2793677040.0,5701085040.0,11286763.39,5297757.380000003,432246946.66,493443667.04,61196720.38,3285835.69,22000.83,31476.28,18687.61,20158.42,19452.48,28537.2,25962.93,6486.26,,,,,,,交通运输,公交Ⅱ,公交Ⅲ,33.46,34.15,34.59
sh603032,德新交运,2018-11-14,35.0,35.48,32.5,33.37,35.63,21260286.0,718491553.0,2616474960.0,5339466960.0,11286763.39,5297757.380000003,432246946.66,493443667.04,61196720.38,3285835.69,26367.3,20587.94,12091.13,22950.41,31977.51,14220.69,3190.98,14708.67,,,,,,,交通运输,公交Ⅱ,公交Ⅲ,34.58,33.3,33.36
sh603032,德新交运,2018-11-15,33.39,34.7,32.51,33.53,33.37,14448076.0,490098139.0,2629020240.0,5365068240.0,11286763.39,5297757.380000003,432246946.66,493443667.04,61196720.38,3285835.69,18151.36,18982.44,9693.89,9793.56,19669.49,18530.57,1899.42,1824.14,,,,,,,交通运输,公交Ⅱ,公交Ⅲ,32.93,34.25,33.99
sh603032,德新交运,2018-11-16,33.55,35.1,32.54,33.79,33.53,16316665.0,552733763.0,2649406320.0,5406670320.0,11286763.39,5297757.380000003,432246946.66,493443667.04,61196720.38,3285835.69,20545.12,20612.35,9612.51,11405.78,22473.96,20549.13,2981.69,2850.81,,,,,,,交通运输,公交Ⅱ,公交Ⅲ,34.24,33.95,32.98
sh603032,德新交运,2018-11-19,33.0,33.5,32.1,32.15,33.79,12494577.0,407148106.0,2520817200.0,5144257200.0,11286763.39,5297757.380000003,432246946.66,493443667.04,61196720.38,3285835.69,13478.66,15811.02,5723.86,9125.93,20796.52,12549.13,1226.91,3413.94,,,,,,,交通运输,公交Ⅱ,公交Ⅲ,33.17,32.9,32.78
sh603032,德新交运,2018-11-20,31.97,35.28,31.55,33.9,32.15,19803767.0,669885952.0,2658031200.0,5424271200.0,11286763.39,5297757.380000003,432246946.66,493443667.04,61196720.38,3285835.69,24110.28,24622.59,15959.27,12932.45,22863.03,26286.79,5085.53,4145.99,,,,,,,交通运输,公交Ⅱ,公交Ⅲ,31.61,33.2,33.46
sh603032,德新交运,2018-11-21,32.31,33.2,32.0,32.83,33.9,12182904.0,396473922.0,2574134640.0,5253062640.0,11286763.39,5297757.380000003,432246946.66,493443667.04,61196720.38,3285835.69,14947.39,14513.48,6271.51,11008.09,19282.08,11606.14,241.24,3200.47,,,,,,,交通运输,公交Ⅱ,公交Ⅲ,33.2,32.55,32.47
sh603032,德新交运,2018-11-22,32.97,35.0,32.87,33.31,32.83,16208907.0,551895690.0,2611770480.0,5329866480.0,11286763.39,5297757.380000003,432246946.66,493443667.04,61196720.38,3285835.69,20808.49,22098.01,11647.75,10575.21,21424.97,21311.54,1790.2,1586.58,,,,,,,交通运输,公交Ⅱ,公交Ⅲ,33.82,33.84,34.43
sh603032,德新交运,2018-11-23,32.93,34.14,31.77,33.1,33.31,14737119.0,486536815.0,2595304800.0,5296264800.0,11286763.39,5297757.380000003,432246946.66,493443667.04,61196720.38,3285835.69,16852.7,18043.31,9740.6,11402.24,20868.65,15503.02,1655.84,3735.18,,,,,,,交通运输,公交Ⅱ,公交Ⅲ,33.96,32.88,33.21
sh603032,德新交运,2018-11-26,32.57,33.96,32.1,33.35,33.1,9850561.0,326976742.0,2614906800.0,5336266800.0,11286763.39,5297757.380000003,432246946.66,493443667.04,61196720.38,3285835.69,11564.1,13143.73,6590.06,6197.89,13705.03,11961.36,852.2,1407.37,,,,,,,交通运输,公交Ⅱ,公交Ⅲ,32.4,33.45,33.44
sh603032,德新交运,2018-11-27,33.35,33.87,32.48,32.76,33.35,7896644.0,259959161.0,2568646080.0,5241862080.0,11286763.39,5297757.380000003,432246946.66,493443667.04,61196720.38,3285835.69,9145.79,10241.67,4479.66,5602.89,12432.54,8960.47,429.98,1436.01,,,,,,,交通运输,公交Ⅱ,公交Ⅲ,33.38,33.25,33.3
sh603032,德新交运,2018-11-28,32.6,32.8,30.5,30.98,32.76,10370384.0,323523690.0,2429079840.0,4957047840.0,11286763.39,5297757.380000003,432246946.66,493443667.04,61196720.38,3285835.69,11002.72,13048.39,4235.23,8516.04,16417.21,9763.66,624.81,745.01,,,,,,,交通运输,公交Ⅱ,公交Ⅲ,32.41,31.8,30.72
sh603032,德新交运,2018-11-29,31.36,31.49,28.3,28.47,30.98,11568619.0,344015208.0,2232275760.0,4555427760.0,11286763.39,5297757.380000003,432246946.66,493443667.04,61196720.38,3285835.69,11916.9,14060.83,4762.28,6988.3,17142.26,11669.06,599.41,1099.0,,,,,,,交通运输,公交Ⅱ,公交Ⅲ,30.51,30.91,31.11
sh603032,德新交运,2018-11-30,27.99,29.46,27.61,29.09,28.47,9305180.0,269234745.0,2280888720.0,4654632720.0,11286763.39,5297757.380000003,432246946.66,493443667.04,61196720.38,3285835.69,9954.69,10711.14,5370.41,4679.34,11598.99,11040.95,272.05,444.24,,,,,,,交通运输,公交Ⅱ,公交Ⅲ,28.47,29.45,29.32
sh603032,德新交运,2018-12-03,29.42,30.29,29.4,29.55,29.09,8183203.0,243485129.0,2316956400.0,4728236400.0,11286763.39,5297757.380000003,432246946.66,493443667.04,61196720.38,3285835.69,8304.1,9799.01,3797.7,4748.8,11823.01,9202.54,381.25,500.03,,,,,,,交通运输,公交Ⅱ,公交Ⅲ,30.23,29.99,29.73
sh603032,德新交运,2018-12-04,29.66,30.27,28.52,29.95,29.55,11212484.0,331851990.0,2348319600.0,4792239600.0,11286763.39,5297757.380000003,432246946.66,493443667.04,61196720.38,3285835.69,12213.84,12861.24,5647.81,6041.15,14341.15,13380.98,1196.95,935.27,,,,,,,交通运输,公交Ⅱ,公交Ⅲ,29.2,28.96,29.03
sh603032,德新交运,2018-12-05,29.04,29.68,28.59,28.73,29.95,8370501.0,242351591.0,2252661840.0,4597029840.0,11286763.39,5297757.380000003,432246946.66,493443667.04,61196720.38,3285835.69,8616.76,9443.68,3020.78,5591.23,12010.66,7510.26,948.31,1780.77,,,,,,,交通运输,公交Ⅱ,公交Ⅲ,29.24,29.39,29.17
sh603032,德新交运,2018-12-06,28.91,29.19,27.81,27.87,28.73,6622391.0,186979232.0,2185230960.0,4459422960.0,11286763.39,5297757.380000003,432246946.66,493443667.04,61196720.38,3285835.69,6137.98,7722.54,2848.94,3311.73,9434.99,6874.91,122.3,478.02,,,,,,,交通运输,公交Ⅱ,公交Ⅲ,28.92,28.64,28.6
sh603032,德新交运,2018-12-07,27.94,28.2,26.76,26.87,27.87,7400600.0,201889920.0,2106822960.0,4299414960.0,11286763.39,5297757.380000003,432246946.66,493443667.04,61196720.38,3285835.69,6701.98,7847.15,2954.54,4139.14,9778.58,6639.63,776.0,1544.89,,,,,,,交通运输,公交Ⅱ,公交Ⅲ,27.87,27.68,27.22
sh603032,德新交运,2018-12-10,27.35,27.4,25.9,26.81,26.87,7413720.0,198318133.0,2102118480.0,4289814480.0,11286763.39,5297757.380000003,432246946.66,493443667.04,61196720.38,3285835.69,8200.55,7638.39,3142.61,3264.74,8120.61,7086.14,278.14,1725.31,,,,,,,交通运输,公交Ⅱ,公交Ⅲ,27.15,27.07,26.96
sh603032,德新交运,2018-12-11,27.28,27.28,26.64,26.96,26.81,5533520.0,148924259.0,2113879680.0,4313815680.0,11286763.39,5297757.380000003,432246946.66,493443667.04,61196720.38,3285835.69,6283.04,6096.36,2646.25,2532.77,5591.5,5692.39,342.42,575.83,,,,,,,交通运输,公交Ⅱ,公交Ⅲ,26.87,26.73,27.05
sh603032,德新交运,2018-12-12,27.1,27.1,26.52,26.64,26.96,4490060.0,119975710.0,2088789120.0,4262613120.0,11286763.39,5297757.380000003,432246946.66,493443667.04,61196720.38,3285835.69,4369.81,5261.92,1801.21,2319.7,5346.55,4076.55,585.59,294.6,,,,,,,交通运输,公交Ⅱ,公交Ⅲ,26.81,26.76,26.72
sh603032,德新交运,2018-12-13,26.77,26.96,25.9,26.63,26.64,6790582.0,179797494.0,2088005040.0,4261013040.0,11286763.39,5297757.380000003,432246946.66,493443667.04,61196720.38,3285835.69,6678.64,6753.64,2397.69,2921.1,8203.49,7311.53,609.64,963.48,,,,,,,交通运输,公交Ⅱ,公交Ⅲ,26.64,26.31,26.19
sh603032,德新交运,2018-12-14,26.58,26.7,25.02,25.18,26.63,7476600.0,192988532.0,1974313440.0,4029001440.0,11286763.39,5297757.380000003,432246946.66,493443667.04,61196720.38,3285835.69,6510.16,7688.1,3284.27,3264.97,9037.21,6720.3,203.96,1244.34,,,,,,,交通运输,公交Ⅱ,公交Ⅲ,26.4,26.34,26.26
sh603032,德新交运,2018-12-17,25.34,25.86,25.05,25.61,25.18,7753879.0,197336523.0,2008028880.0,4097804880.0,11286763.39,5297757.380000003,432246946.66,493443667.04,61196720.38,3285835.69,7610.75,7319.61,3281.71,4421.28,8011.67,6864.54,834.77,1234.97,,,,,,,交通运输,公交Ⅱ,公交Ⅲ,25.2,25.34,25.6
sh603032,德新交运,2018-12-18,25.54,28.17,24.98,28.17,25.61,16269177.0,440557159.0,2208753360.0,4507425360.0,11286763.39,5297757.380000003,432246946.66,493443667.04,61196720.38,3285835.69,13353.85,17128.66,9485.9,8757.67,12283.61,14523.17,5648.58,584.71,,,,,,,交通运输,公交Ⅱ,公交Ⅲ,25.2,25.12,25.09
sh603032,德新交运,2018-12-19,28.82,30.99,28.82,30.99,28.17,23296581.0,699712667.0,2429863920.0,4958647920.0,11286763.39,5297757.380000003,432246946.66,493443667.04,61196720.38,3285835.69,24595.52,23288.81,14697.6,17784.61,25767.25,21024.95,6707.87,9572.19,,,,,,,交通运输,公交Ⅱ,公交Ⅲ,29.44,30.15,30.01
sh603032,德新交运,2018-12-20,30.0,30.72,29.34,29.69,30.99,18096634.0,540478457.0,2327933520.0,4750637520.0,11286763.39,5297757.380000003,432246946.66,493443667.04,61196720.38,3285835.69,19951.12,19149.34,10465.16,15269.9,23540.61,16648.37,1955.13,4470.77,,,,,,,交通运输,公交Ⅱ,公交Ⅲ,30.33,30.01,30.47
sh603032,德新交运,2018-12-21,29.5,29.78,27.8,27.9,29.69,13362461.0,381359986.0,2187583200.0,4464223200.0,11286763.39,5297757.380000003,432246946.66,493443667.04,61196720.38,3285835.69,13214.3,14994.08,7234.91,8870.06,15695.7,12508.34,2437.02,1418.51,,,,,,,交通运输,公交Ⅱ,公交Ⅲ,29.32,29.15,28.94
sh603032,德新交运,2018-12-24,27.51,28.38,27.4,27.8,27.9,10079259.0,280507158.0,2179742400.0,4448222400.0,11286763.39,5297757.380000003,432246946.66,493443667.04,61196720.38,3285835.69,9857.43,10329.14,4505.39,7255.34,12126.79,8904.38,1397.02,1187.54,,,,,,,交通运输,公交Ⅱ,公交Ⅲ,28.16,27.91,27.67
sh603032,德新交运,2018-12-25,27.68,30.58,26.8,30.58,27.8,22884619.0,671030657.0,2397716640.0,4893044640.0,11286763.39,5297757.380000003,432246946.66,493443667.04,61196720.38,3285835.69,22830.08,25075.32,14800.15,12702.66,20953.66,24153.1,8264.94,5493.65,,,,,,,交通运输,公交Ⅱ,公交Ⅲ,27.1,27.7,28.54
sh603032,德新交运,2018-12-26,29.81,29.96,28.75,28.76,30.58,17837758.0,522750930.0,2255014080.0,4601830080.0,11286763.39,5297757.380000003,432246946.66,493443667.04,61196720.38,3285835.69,19175.4,20207.45,8615.5,15833.16,24040.15,14255.33,1969.81,2952.16,,,,,,,交通运输,公交Ⅱ,公交Ⅲ,29.53,29.47,29.44
sh603032,德新交运,2018-12-27,28.9,29.74,28.28,28.39,28.76,12576678.0,366362679.0,2226003120.0,4542627120.0,11286763.39,5297757.380000003,432246946.66,493443667.04,61196720.38,3285835.69,13870.42,14933.68,5467.71,7015.9,16427.49,13252.84,1393.16,1743.18,,,,,,,交通运输,公交Ⅱ,公交Ⅲ,29.25,29.49,29.12
sh603032,德新交运,2018-12-28,28.28,30.35,27.68,28.78,28.39,15357738.0,452083911.0,2256582240.0,4605030240.0,11286763.39,5297757.380000003,432246946.66,493443667.04,61196720.38,3285835.69,17002.91,18426.55,8435.24,8825.01,18486.91,18088.5,1842.66,273.09,,,,,,,交通运输,公交Ⅱ,公交Ⅲ,27.87,29.4,29.4
sh603032,德新交运,2019-01-02,28.8,30.5,28.5,29.67,28.78,14370665.0,425014005.0,2326365360.0,4747437360.0,11286763.39,5297757.380000003,432246946.66,493443667.04,61196720.38,3285835.69,16137.94,17033.37,8439.12,8857.43,16650.36,16353.35,1806.61,857.98,,,,,,,交通运输,公交Ⅱ,公交Ⅲ,29.43,29.16,28.59
sh603032,德新交运,2019-01-03,28.7,29.06,26.7,26.71,29.67,15087286.0,414859737.0,2094277680.0,4273813680.0,11286763.39,5297757.380000003,432246946.66,493443667.04,61196720.38,3285835.69,13837.54,15971.68,5760.35,9869.23,21566.0,12186.67,240.34,3141.66,,,,,,,交通运输,公交Ⅱ,公交Ⅲ,28.78,28.54,28.3
sh603032,德新交运,2019-01-04,25.88,27.5,25.01,27.17,26.71,9660700.0,257819905.0,2130345360.0,4347417360.0,11286763.39,5297757.380000003,432246946.66,493443667.04,61196720.38,3285835.69,10029.03,9955.73,4701.59,4420.8,10445.65,11117.13,505.18,226.13,,,,,,,交通运输,公交Ⅱ,公交Ⅲ,25.58,25.8,26.6
sh603032,德新交运,2019-01-07,26.91,27.6,26.91,27.32,27.17,9512699.0,258762887.0,2142106560.0,4371418560.0,11286763.39,5297757.380000003,432246946.66,493443667.04,61196720.38,3285835.69,10036.26,10772.57,4483.98,4694.42,10549.69,8786.75,406.16,1487.08,,,,,,,交通运输,公交Ⅱ,公交Ⅲ,27.35,26.99,27.08
sh603032,德新交运,2019-01-08,27.38,28.36,26.81,27.33,27.32,10934676.0,302183032.0,2142890640.0,4373018640.0,11286763.39,5297757.380000003,432246946.66,493443667.04,61196720.38,3285835.69,11371.02,12610.18,4605.81,6097.01,12589.06,10717.42,1574.87,777.43,,,,,,,交通运输,公交Ⅱ,公交Ⅲ,27.09,26.88,26.95
sh603032,德新交运,2019-01-09,26.92,28.33,26.92,27.62,27.33,11983249.0,330097979.0,2165628960.0,4419420960.0,11286763.39,5297757.380000003,432246946.66,493443667.04,61196720.38,3285835.69,11958.84,13792.67,6369.88,6902.9,12810.37,11356.26,1861.9,983.83,,,,,,,交通运输,公交Ⅱ,公交Ⅲ,27.48,27.43,27.34
sh603032,德新交运,2019-01-10,27.4,27.48,26.8,26.84,27.62,8184977.0,221889345.0,2104470720.0,4294614720.0,11286763.39,5297757.380000003,432246946.66,493443667.04,61196720.38,3285835.69,7831.25,8833.53,3492.87,4683.09,10550.79,7432.08,432.88,1300.23,,,,,,,交通运输,公交Ⅱ,公交Ⅲ,27.38,27.24,27.16
sh603032,德新交运,2019-01-11,26.5,27.07,26.31,26.57,26.84,6836360.0,182051974.0,2083300560.0,4251412560.0,11286763.39,5297757.380000003,432246946.66,493443667.04,61196720.38,3285835.69,6140.08,7001.88,3005.91,4452.27,8804.05,5890.14,255.15,860.9,,,,,,,交通运输,公交Ⅱ,公交Ⅲ,27.02,26.84,26.8
sh603032,德新交运,2019-01-14,26.8,26.82,26.09,26.33,26.57,5158510.0,136451529.0,2064482640.0,4213010640.0,11286763.39,5297757.380000003,432246946.66,493443667.04,61196720.38,3285835.69,4781.02,5527.44,2309.25,2642.13,6554.88,5363.86,0.0,111.71,,,,,,,交通运输,公交Ⅱ,公交Ⅲ,26.55,26.66,26.56
sh603032,德新交运,2019-01-15,26.06,26.58,26.06,26.41,26.33,4731679.0,124516645.0,2070755280.0,4225811280.0,11286763.39,5297757.380000003,432246946.66,493443667.04,61196720.38,3285835.69,4663.1,4794.58,2079.9,2187.55,5119.54,4973.65,589.11,495.88,,,,,,,交通运输,公交Ⅱ,公交Ⅲ,26.1,26.4,26.32
sh603032,德新交运,2019-01-16,26.68,29.05,26.51,29.05,26.41,23961722.0,678036924.0,2277752400.0,4648232400.0,11286763.39,5297757.380000003,432246946.66,493443667.04,61196720.38,3285835.69,19435.73,25876.37,15684.72,13717.78,17322.5,22979.35,15360.7,5230.16,,,,,,,交通运输,公交Ⅱ,公交Ⅲ,26.9,27.33,27.33
sh603032,德新交运,2019-01-17,28.1,28.28,27.17,27.21,29.05,17275430.0,475248760.0,2133481680.0,4353817680.0,11286763.39,5297757.380000003,432246946.66,493443667.04,61196720.38,3285835.69,17567.87,14927.89,7968.28,16373.9,21329.6,9533.0,659.1,6690.06,,,,,,,交通运输,公交Ⅱ,公交Ⅲ,28.25,27.76,27.65
sh603032,德新交运,2019-01-18,27.21,27.21,26.1,26.38,27.21,10127298.0,268324315.0,2068403040.0,4221011040.0,11286763.39,5297757.380000003,432246946.66,493443667.04,61196720.38,3285835.69,9350.24,10823.23,3953.24,6380.73,13017.84,8805.79,511.09,822.66,,,,,,,交通运输,公交Ⅱ,公交Ⅲ,26.95,26.71,26.48
sh603032,德新交运,2019-01-21,26.25,27.17,26.25,26.79,26.38,7260680.0,193793786.0,2100550320.0,4286614320.0,11286763.39,5297757.380000003,432246946.66,493443667.04,61196720.38,3285835.69,8076.09,7733.77,2632.06,3677.82,8145.63,7023.56,107.84,526.47,,,,,,,交通运输,公交Ⅱ,公交Ⅲ,26.71,26.94,26.77
sh603032,德新交运,2019-01-22,26.8,26.89,26.3,26.44,26.79,5268640.0,139195439.0,2073107520.0,4230611520.0,11286763.39,5297757.380000003,432246946.66,493443667.04,61196720.38,3285835.69,5152.91,6207.0,1626.2,2774.54,6652.2,4607.07,290.98,133.67,,,,,,,交通运输,公交Ⅱ,公交Ⅲ,26.36,26.45,26.33
sh603032,德新交运,2019-01-23,26.3,26.67,26.29,26.56,26.44,4520602.0,119757584.0,2082516480.0,4249812480.0,11286763.39,5297757.380000003,432246946.66,493443667.04,61196720.38,3285835.69,4521.8,5517.56,1985.0,1680.05,5222.28,4647.58,116.11,0.0,,,,,,,交通运输,公交Ⅱ,公交Ⅲ,26.5,26.48,26.58
sh603032,德新交运,2019-01-24,26.5,26.51,25.63,25.91,26.56,6347800.0,164736765.0,2031551280.0,4145807280.0,11286763.39,5297757.380000003,432246946.66,493443667.04,61196720.38,3285835.69,5800.09,6857.99,2496.76,3301.61,7884.39,5356.95,0.0,664.69,,,,,,,交通运输,公交Ⅱ,公交Ⅲ,26.35,26.0,26.06
sh603032,德新交运,2019-01-25,25.83,26.18,25.08,25.3,25.91,5297080.0,135580772.0,1983722400.0,4048202400.0,11286763.39,5297757.380000003,432246946.66,493443667.04,61196720.38,3285835.69,4695.06,5378.83,1283.91,2722.98,6974.17,4387.18,156.67,620.82,,,,,,,交通运输,公交Ⅱ,公交Ⅲ,26.08,25.93,25.92
sh603032,德新交运,2019-01-28,25.35,25.78,24.82,25.01,25.3,4307342.0,108887163.0,1960984080.0,4001800080.0,11286763.39,5297757.380000003,432246946.66,493443667.04,61196720.38,3285835.69,3801.53,4332.27,1586.84,2237.66,5187.02,3773.77,0.0,231.68,,,,,,,交通运输,公交Ⅱ,公交Ⅲ,25.68,25.47,25.56
sh603032,德新交运,2019-01-29,25.02,25.66,22.51,24.48,25.01,5086720.0,125530202.0,1919427840.0,3916995840.0,11286763.39,5297757.380000003,432246946.66,493443667.04,61196720.38,3285835.69,4697.13,5359.13,1390.21,1276.14,6085.58,5537.66,0.0,0.0,,,,,,,交通运输,公交Ⅱ,公交Ⅲ,25.34,25.55,25.42
sh603032,德新交运,2019-01-30,24.5,24.52,22.69,22.76,24.48,6027142.0,139630292.0,1784566080.0,3641782080.0,11286763.39,5297757.380000003,432246946.66,493443667.04,61196720.38,3285835.69,4915.37,6055.74,1471.84,2362.35,7206.25,5067.27,0.0,108.1,,,,,,,交通运输,公交Ⅱ,公交Ⅲ,23.91,23.27,23.55
sh603032,德新交运,2019-01-31,23.19,24.41,22.52,23.23,22.76,7597725.0,179394309.0,1821417840.0,3716985840.0,11286763.39,5297757.380000003,432246946.66,493443667.04,61196720.38,3285835.69,6787.37,7034.84,2798.61,2297.64,7764.94,7654.74,111.21,474.92,,,,,,,交通运输,公交Ⅱ,公交Ⅲ,23.99,23.88,23.91
sh603032,德新交运,2019-02-01,23.31,23.5,22.73,23.37,23.23,4524804.0,105008401.0,1832394960.0,3739386960.0,11286763.39,5297757.380000003,432246946.66,493443667.04,61196720.38,3285835.69,4060.56,4285.36,1148.01,1470.74,4871.47,4315.0,117.02,125.95,,,,,,,交通运输,公交Ⅱ,公交Ⅲ,23.03,23.09,23.27
sh603032,德新交运,2019-02-11,23.58,24.64,23.58,24.39,23.37,5691964.0,138206916.0,1912371120.0,3902595120.0,11286763.39,5297757.380000003,432246946.66,493443667.04,61196720.38,3285835.69,5304.65,5858.41,2763.95,1972.94,5365.3,5708.05,105.5,0.0,,,,,,,交通运输,公交Ⅱ,公交Ⅲ,23.81,23.89,23.98
sh603032,德新交运,2019-02-12,24.39,24.8,23.88,24.63,24.39,6424272.0,156637994.0,1931189040.0,3940997040.0,11286763.39,5297757.380000003,432246946.66,493443667.04,61196720.38,3285835.69,5743.0,6231.88,2209.86,2639.73,6629.2,6195.03,709.66,225.09,,,,,,,交通运输,公交Ⅱ,公交Ⅲ,24.16,24.17,23.95
sh603032,德新交运,2019-02-13,24.56,25.99,24.34,25.15,24.63,8443341.0,211470659.0,1971961200.0,4024201200.0,11286763.39,5297757.380000003,432246946.66,493443667.04,61196720.38,3285835.69,7595.86,8046.41,4169.28,4238.71,8375.52,7810.54,266.04,311.03,,,,,,,交通运输,公交Ⅱ,公交Ⅲ,24.63,24.44,24.51
sh603032,德新交运,2019-02-14,24.89,25.58,24.71,25.18,25.15,6288413.0,158061222.0,1974313440.0,4029001440.0,11286763.39,5297757.380000003,432246946.66,493443667.04,61196720.38,3285835.69,5889.28,6561.28,2520.2,3142.31,6728.03,5688.58,373.47,118.82,,,,,,,交通运输,公交Ⅱ,公交Ⅲ,24.91,25.1,25.06
sh603032,德新交运,2019-02-15,25.0,26.4,24.99,25.57,25.18,9019420.0,232318324.0,2004892560.0,4091404560.0,11286763.39,5297757.380000003,432246946.66,493443667.04,61196720.38,3285835.69,7702.82,9626.84,5317.3,4104.19,8553.61,8649.86,1029.86,222.7,,,,,,,交通运输,公交Ⅱ,公交Ⅲ,25.16,25.25,25.18
sh603032,德新交运,2019-02-18,25.57,26.27,25.46,26.18,25.57,9047142.0,234799936.0,2052721440.0,4189009440.0,11286763.39,5297757.380000003,432246946.66,493443667.04,61196720.38,3285835.69,8747.23,9071.52,5135.83,5441.84,8120.02,8007.17,1145.87,628.42,,,,,,,交通运输,公交Ⅱ,公交Ⅲ,25.78,25.72,25.7
sh603032,德新交运,2019-02-19,26.29,28.0,26.0,26.92,26.18,12852914.0,343506346.0,2110743360.0,4307415360.0,11286763.39,5297757.380000003,432246946.66,493443667.04,61196720.38,3285835.69,12859.45,13939.14,6880.45,7358.59,12477.53,11544.56,1652.75,1027.89,,,,,,,交通运输,公交Ⅱ,公交Ⅲ,26.05,26.56,26.51
sh603032,德新交运,2019-02-20,26.54,26.6,25.54,26.0,26.92,8964244.0,233851291.0,2038608000.0,4160208000.0,11286763.39,5297757.380000003,432246946.66,493443667.04,61196720.38,3285835.69,7929.88,9393.31,3497.21,4726.05,10563.87,7097.23,870.4,1644.78,,,,,,,交通运输,公交Ⅱ,公交Ⅲ,26.57,26.45,26.37
sh603032,德新交运,2019-02-21,26.1,26.81,25.69,26.01,26.0,9960205.0,262092137.0,2039392080.0,4161808080.0,11286763.39,5297757.380000003,432246946.66,493443667.04,61196720.38,3285835.69,10264.68,10599.11,5319.64,5253.38,9623.85,9259.38,628.18,724.48,,,,,,,交通运输,公交Ⅱ,公交Ⅲ,25.73,26.09,25.9
sh603032,德新交运,2019-02-22,25.88,27.38,25.5,26.55,26.01,11434994.0,302389818.0,2081732400.0,4248212400.0,11286763.39,5297757.380000003,432246946.66,493443667.04,61196720.38,3285835.69,10822.26,11626.8,6923.46,6812.62,9817.85,9808.37,2200.05,1515.82,,,,,,,交通运输,公交Ⅱ,公交Ⅲ,25.77,26.0,25.94
sh603032,德新交运,2019-02-25,26.43,28.0,26.1,27.82,26.55,16308351.0,443614919.0,2181310560.0,4451422560.0,11286763.39,5297757.380000003,432246946.66,493443667.04,61196720.38,3285835.69,17758.87,16740.98,9791.77,11790.45,13865.7,13131.49,2307.57,2060.99,,,,,,,交通运输,公交Ⅱ,公交Ⅲ,26.52,26.9,26.75
sh603032,德新交运,2019-02-26,27.81,27.98,26.87,26.92,27.82,14443717.0,395460448.0,2110743360.0,4307415360.0,11286763.39,5297757.380000003,432246946.66,493443667.04,61196720.38,3285835.69,14974.53,15423.08,7916.44,11032.73,14887.97,10421.08,1132.97,2035.01,,,,,,,交通运输,公交Ⅱ,公交Ⅲ,27.25,27.26,27.27
sh603032,德新交运,2019-02-27,26.79,27.18,25.6,26.18,26.92,9584240.0,253341682.0,2052721440.0,4189009440.0,11286763.39,5297757.380000003,432246946.66,493443667.04,61196720.38,3285835.69,9278.84,10241.18,3748.45,6721.88,11087.38,6806.66,331.76,676.71,,,,,,,交通运输,公交Ⅱ,公交Ⅲ,27.09,26.91,26.8
sh603032,德新交运,2019-02-28,26.81,28.8,26.81,28.8,26.18,23200567.0,652326111.0,2258150400.0,4608230400.0,11286763.39,5297757.380000003,432246946.66,493443667.04,61196720.38,3285835.69,20688.61,26437.94,14434.47,13954.16,16581.7,20129.14,12639.02,3822.58,,,,,,,交通运输,公交Ⅱ,公交Ⅲ,27.13,28.18,27.93
sh603032,德新交运,2019-03-01,29.99,31.68,29.52,31.68,28.8,28341285.0,875049445.0,2483965440.0,5069053440.0,11286763.39,5297757.380000003,432246946.66,493443667.04,61196720.38,3285835.69,27645.09,29995.57,19597.85,20169.13,22680.43,22276.18,17066.93,14549.41,,,,,,,交通运输,公交Ⅱ,公交Ⅲ,30.4,30.6,31.1
sh603032,德新交运,2019-03-04,33.0,34.85,32.32,34.85,31.68,23083098.0,793137796.0,2732518800.0,5576278800.0,11286763.39,5297757.380000003,432246946.66,493443667.04,61196720.38,3285835.69,23163.65,24321.17,19020.2,21583.38,17817.42,18404.66,18829.94,14521.99,,,,,,,交通运输,公交Ⅱ,公交Ⅲ,34.29,33.6,34.3
sh603032,德新交运,2019-03-05,36.48,38.34,32.89,38.34,34.85,29617491.0,1043090453.0,3006162720.0,6134706720.0,11286763.39,5297757.380000003,432246946.66,493443667.04,61196720.38,3285835.69,34035.4,32681.06,23750.28,34853.43,32247.65,23224.01,13556.89,12831.72,,,,,,,交通运输,公交Ⅱ,公交Ⅲ,33.01,34.18,33.6
sh603032,德新交运,2019-03-06,39.3,42.17,39.02,42.17,38.34,24923550.0,1018601683.0,3306465360.0,6747537360.0,11286763.39,5297757.380000003,432246946.66,493443667.04,61196720.38,3285835.69,34739.66,37555.65,25090.37,29847.36,25709.0,23722.08,15908.16,10322.1,,,,,,,交通运输,公交Ⅱ,公交Ⅲ,40.54,40.16,40.5
sh603032,德新交运,2019-03-07,44.0,46.39,42.28,46.39,42.17,19805347.0,892604036.0,3637347120.0,7422771120.0,11286763.39,5297757.380000003,432246946.66,493443667.04,61196720.38,3285835.69,30801.82,28357.42,24110.56,26620.14,23108.33,16782.19,10784.81,17045.76,,,,,,,交通运输,公交Ⅱ,公交Ⅲ,43.93,44.44,44.98
sh603032,德新交运,2019-03-08,41.75,44.89,41.75,41.75,46.39,16394026.0,695853131.0,3273534000.0,6680334000.0,11286763.39,5297757.380000003,432246946.66,493443667.04,61196720.38,3285835.69,26502.89,24612.1,15364.79,21440.92,21748.09,14323.05,5510.01,8749.71,,,,,,,交通运输,公交Ⅱ,公交Ⅲ,41.75,43.9,42.54
sh603032,德新交运,2019-03-11,38.5,40.84,37.58,38.13,41.75,19952433.0,764303686.0,2989697040.0,6101105040.0,11286763.39,5297757.380000003,432246946.66,493443667.04,61196720.38,3285835.69,23693.96,28266.9,17342.26,21374.14,25165.9,21372.78,9436.37,4624.68,,,,,,,交通运输,公交Ⅱ,公交Ⅲ,38.6,37.76,37.61
sh603032,德新交运,2019-03-12,38.7,40.73,38.68,39.0,38.13,18237589.0,716734283.0,3057912000.0,6240312000.0,11286763.39,5297757.380000003,432246946.66,493443667.04,61196720.38,3285835.69,26406.5,23820.45,16340.52,19130.07,22644.48,19727.2,5742.6,8456.39,,,,,,,交通运输,公交Ⅱ,公交Ⅲ,39.38,39.15,38.94
sh603032,德新交运,2019-03-13,38.08,38.25,35.1,35.96,39.0,19967587.0,726808977.0,2819551680.0,5753887680.0,11286763.39,5297757.380000003,432246946.66,493443667.04,61196720.38,3285835.69,22319.58,25311.31,16216.0,22776.31,24542.59,15602.17,8687.24,8075.61,,,,,,,交通运输,公交Ⅱ,公交Ⅲ,37.35,36.88,37.09
sh603032,德新交运,2019-03-14,36.41,37.84,35.19,36.82,35.96,16171928.0,594840050.0,2886982560.0,5891494560.0,11286763.39,5297757.380000003,432246946.66,493443667.04,61196720.38,3285835.69,21513.56,20335.98,15155.97,15528.04,16948.91,16508.75,4959.66,6205.32,,,,,,,交通运输,公交Ⅱ,公交Ⅲ,36.59,36.35,36.02
sh603032,德新交运,2019-03-15,37.2,37.28,35.31,35.5,36.82,12452783.0,454778744.0,2783484000.0,5680284000.0,11286763.39,5297757.380000003,432246946.66,493443667.04,61196720.38,3285835.69,16919.25,17536.61,9572.88,13045.49,16694.49,11682.35,1689.77,2611.93,,,,,,,交通运输,公交Ⅱ,公交Ⅲ,37.15,37.07,36.13
sh603032,德新交运,2019-03-18,34.98,38.53,33.7,37.36,35.5,16768697.0,604636733.0,2929322880.0,5977898880.0,11286763.39,5297757.380000003,432246946.66,493443667.04,61196720.38,3285835.69,22756.79,22498.46,13560.59,13211.18,18102.79,18792.16,4524.16,4442.54,,,,,,,交通运输,公交Ⅱ,公交Ⅲ,34.6,34.3,34.69
sh603032,德新交运,2019-03-19,36.41,38.2,36.01,36.86,37.36,14798777.0,546690159.0,2890118880.0,5897894880.0,11286763.39,5297757.380000003,432246946.66,493443667.04,61196720.38,3285835.69,18967.52,20023.09,11454.59,13645.11,19281.54,16277.34,4423.54,4181.65,,,,,,,交通运输,公交Ⅱ,公交Ⅲ,36.66,36.17,36.32
sh603032,德新交运,2019-03-20,36.7,40.55,36.06,40.55,36.86,19363375.0,748358889.0,3179444400.0,6488324400.0,11286763.39,5297757.380000003,432246946.66,493443667.04,61196720.38,3285835.69,19981.87,26697.23,14575.25,18225.9,16349.71,20994.21,23035.49,8024.98,,,,,,,交通运输,公交Ⅱ,公交Ⅲ,37.08,36.87,36.79
sh603032,德新交运,2019-03-21,42.0,44.61,38.5,39.0,40.55,32263696.0,1380249580.0,3057912000.0,6240312000.0,11286763.39,5297757.380000003,432246946.66,493443667.04,61196720.38,3285835.69,47995.74,46151.5,32872.38,39570.78,37409.05,26848.28,18515.9,24222.52,,,,,,,交通运输,公交Ⅱ,公交Ⅲ,42.71,43.0,42.73
sh603032,德新交运,2019-03-22,37.33,38.37,36.05,37.2,39.0,21941809.0,811079446.0,2916777600.0,5952297600.0,11286763.39,5297757.380000003,432246946.66,493443667.04,61196720.38,3285835.69,27250.6,26570.05,16169.82,22480.73,32047.88,20634.81,5060.4,10843.1,,,,,,,交通运输,公交Ⅱ,公交Ⅲ,37.19,36.78,36.78
sh603032,德新交运,2019-03-25,35.18,36.3,35.0,35.16,37.2,12816997.0,454700034.0,2756825280.0,5625881280.0,11286763.39,5297757.380000003,432246946.66,493443667.04,61196720.38,3285835.69,14712.87,18144.55,8363.87,10713.92,19634.79,12904.53,1958.89,2907.42,,,,,,,交通运输,公交Ⅱ,公交Ⅲ,35.55,35.63,35.65
sh603032,德新交运,2019-03-26,35.05,35.76,33.61,34.1,35.16,10177780.0,352805735.0,2673712800.0,5456272800.0,11286763.39,5297757.380000003,432246946.66,493443667.04,61196720.38,3285835.69,12192.66,12444.2,6005.64,8618.54,14340.63,10309.99,1958.96,3125.17,,,,,,,交通运输,公交Ⅱ,公交Ⅲ,35.69,35.45,35.12
sh603032,德新交运,2019-03-27,34.5,35.28,34.31,35.02,34.1,9034517.0,315004155.0,2745848160.0,5603480160.0,11286763.39,5297757.380000003,432246946.66,493443667.04,61196720.38,3285835.69,12499.96,11272.46,6052.98,7231.95,10761.31,10753.09,1771.81,1828.55,,,,,,,交通运输,公交Ⅱ,公交Ⅲ,34.58,34.55,35.09
sh603032,德新交运,2019-03-28,34.3,34.48,32.7,32.97,35.02,9690069.0,324350808.0,2585111760.0,5275463760.0,11286763.39,5297757.380000003,432246946.66,493443667.04,61196720.38,3285835.69,11593.37,13727.59,4406.92,6931.35,14389.92,9770.42,1152.21,1113.07,,,,,,,交通运输,公交Ⅱ,公交Ⅲ,34.08,33.6,33.5
sh603032,德新交运,2019-03-29,33.17,34.2,32.16,33.75,32.97,8635691.0,288229023.0,2646270000.0,5400270000.0,11286763.39,5297757.380000003,432246946.66,493443667.04,61196720.38,3285835.69,10636.67,10828.13,6056.12,5757.2,9941.99,9675.78,1221.33,1595.01,,,,,,,交通运输,公交Ⅱ,公交Ⅲ,33.14,33.01,32.88
sh603032,德新交运,2019-04-01,33.75,35.8,33.75,35.19,33.75,10865280.0,379822220.0,2759177520.0,5630681520.0,11286763.39,5297757.380000003,432246946.66,493443667.04,61196720.38,3285835.69,13659.12,13880.53,8433.32,8594.36,12443.51,12502.32,2482.36,2041.12,,,,,,,交通运输,公交Ⅱ,公交Ⅲ,34.04,34.31,34.25
sh603032,德新交运,2019-04-02,35.5,36.83,34.86,35.83,35.19,13428389.0,482411433.0,2809358640.0,5733086640.0,11286763.39,5297757.380000003,432246946.66,493443667.04,61196720.38,3285835.69,17502.35,18240.55,9472.15,11170.7,17934.73,15692.98,2263.81,2068.82,,,,,,,交通运输,公交Ⅱ,公交Ⅲ,34.97,35.0,35.35
sh603032,德新交运,2019-04-03,35.0,35.6,34.89,35.39,35.83,8299320.0,292649731.0,2774859120.0,5662683120.0,11286763.39,5297757.380000003,432246946.66,493443667.04,61196720.38,3285835.69,10892.91,11370.81,4787.08,7139.75,11946.58,8539.74,1167.38,1743.65,,,,,,,交通运输,公交Ⅱ,公交Ⅲ,35.35,35.39,35.2
sh603032,德新交运,2019-04-04,35.39,37.27,35.39,36.11,35.39,13322639.0,486676436.0,2831312880.0,5777888880.0,11286763.39,5297757.380000003,432246946.66,493443667.04,61196720.38,3285835.69,19172.31,20228.06,11393.52,10211.77,16701.16,16438.21,1400.65,1789.6,,,,,,,交通运输,公交Ⅱ,公交Ⅲ,35.75,36.7,36.86
sh603032,德新交运,2019-04-08,36.25,36.48,34.0,34.39,36.11,10004186.0,348696110.0,2696451120.0,5502675120.0,11286763.39,5297757.380000003,432246946.66,493443667.04,61196720.38,3285835.69,11666.46,14153.28,4920.03,9784.52,17190.95,9643.56,1092.15,1288.22,,,,,,,交通运输,公交Ⅱ,公交Ⅲ,35.67,35.16,35.21
sh603032,德新交运,2019-04-09,34.02,37.83,34.02,37.83,34.39,16633514.0,607794486.0,2966174640.0,6053102640.0,11286763.39,5297757.380000003,432246946.66,493443667.04,61196720.38,3285835.69,18185.16,22530.46,14017.87,12537.5,14077.87,22840.33,14498.54,2871.14,,,,,,,交通运输,公交Ⅱ,公交Ⅲ,34.63,35.42,35.78
sh603032,德新交运,2019-04-10,39.3,41.5,37.09,37.18,37.83,26002407.0,1029802248.0,2915209440.0,5949097440.0,11286763.39,5297757.380000003,432246946.66,493443667.04,61196720.38,3285835.69,36116.58,36061.1,22609.71,30635.32,34295.41,23973.11,9958.51,12310.67,,,,,,,交通运输,公交Ⅱ,公交Ⅲ,39.5,40.76,40.35
sh603032,德新交运,2019-04-11,35.47,36.7,34.5,34.6,37.18,15451860.0,544824742.0,2712916800.0,5536276800.0,11286763.39,5297757.380000003,432246946.66,493443667.04,61196720.38,3285835.69,18070.7,19572.65,10224.14,14485.97,23533.11,14056.3,2654.52,6367.54,,,,,,,交通运输,公交Ⅱ,公交Ⅲ,35.86,35.67,35.99
sh603032,德新交运,2019-04-12,34.71,35.1,34.21,34.45,34.6,6713174.0,232225770.0,2701155600.0,5512275600.0,11286763.39,5297757.380000003,432246946.66,493443667.04,61196720.38,3285835.69,9072.03,8802.22,3981.9,6723.23,9258.01,6888.01,910.63,809.12,,,,,,,交通运输,公交Ⅱ,公交Ⅲ,34.32,34.7,34.61
sh603032,德新交运,2019-04-15,35.0,35.87,34.82,34.9,34.45,7299093.0,257667932.0,2736439200.0,5584279200.0,11286763.39,5297757.380000003,432246946.66,493443667.04,61196720.38,3285835.69,9735.52,10094.07,5710.69,5151.32,9337.29,8936.67,983.29,1584.72,,,,,,,交通运输,公交Ⅱ,公交Ⅲ,35.11,35.68,35.5
sh603032,德新交运,2019-04-16,34.61,35.58,33.98,35.32,34.9,6357664.0,221518319.0,2769370560.0,5651482560.0,11286763.39,5297757.380000003,432246946.66,493443667.04,61196720.38,3285835.69,8495.14,9194.63,4225.41,4497.54,9112.99,7934.12,318.29,525.53,,,,,,,交通运输,公交Ⅱ,公交Ⅲ,34.07,34.47,34.4
sh603032,德新交运,2019-04-17,35.25,36.96,34.9,36.22,35.32,10340379.0,373309790.0,2839937760.0,5795489760.0,11286763.39,5297757.380000003,432246946.66,493443667.04,61196720.38,3285835.69,13264.61,12373.15,8306.06,7368.13,12335.31,13545.27,1287.77,1907.2,,,,,,,交通运输,公交Ⅱ,公交Ⅲ,35.08,35.6,35.87
sh603032,德新交运,2019-04-18,36.0,37.56,35.55,36.4,36.22,11592352.0,423421118.0,2854051200.0,5824291200.0,11286763.39,5297757.380000003,432246946.66,493443667.04,61196720.38,3285835.69,17011.36,17023.69,8037.52,8793.17,15903.11,13916.82,1390.11,2608.42,,,,,,,交通运输,公交Ⅱ,公交Ⅲ,35.82,36.16,35.89
sh603032,德新交运,2019-04-19,36.5,39.0,36.4,38.1,36.4,16035608.0,606591355.0,2987344800.0,6096304800.0,11286763.39,5297757.380000003,432246946.66,493443667.04,61196720.38,3285835.69,23678.05,23916.8,12840.32,12337.74,19929.1,21449.36,3111.79,1855.35,,,,,,,交通运输,公交Ⅱ,公交Ⅲ,37.25,37.34,37.27
sh603032,德新交运,2019-04-22,38.0,39.8,37.11,38.68,38.1,14726892.0,569490574.0,3032821440.0,6189109440.0,11286763.39,5297757.380000003,432246946.66,493443667.04,61196720.38,3285835.69,19969.47,21479.81,12495.7,14746.94,19175.87,17640.38,5308.01,3081.92,,,,,,,交通运输,公交Ⅱ,公交Ⅲ,37.35,37.53,37.6
sh603032,德新交运,2019-04-23,37.7,38.79,35.0,35.74,38.68,10765505.0,399766328.0,2802301920.0,5718685920.0,11286763.39,5297757.380000003,432246946.66,493443667.04,61196720.38,3285835.69,14011.77,16521.88,6999.75,9853.17,18021.75,11810.37,943.35,1791.22,,,,,,,交通运输,公交Ⅱ,公交Ⅲ,38.06,37.55,38.36
sh603032,德新交运,2019-04-24,36.55,38.24,36.3,36.4,35.74,9081120.0,337391316.0,2854051200.0,5824291200.0,259019765.65,-11840581.26,685568095.0799999,799665988.67,114097893.59,253482337.85,13646.27,13460.34,6094.56,7397.26,13286.43,11739.35,711.87,1142.18,,,,,,,交通运输,公交Ⅱ,公交Ⅲ,37.83,37.28,37.55
sh603032,德新交运,2019-04-25,36.77,37.77,35.0,35.2,36.4,9203120.0,334534948.0,2759961600.0,5632281600.0,259019765.65,-11840581.26,685568095.0799999,799665988.67,114097893.59,253482337.85,13645.45,14164.68,5596.07,9101.61,13559.03,9733.85,652.94,453.34,,,,,,,交通运输,公交Ⅱ,公交Ⅲ,37.23,37.25,37.07
sh603032,德新交运,2019-04-26,35.0,35.8,33.25,33.71,35.2,6855140.0,238550530.0,2643133680.0,5393869680.0,259019765.65,-11840581.26,685568095.0799999,799665988.67,114097893.59,253482337.85,8618.84,10157.68,3386.2,5452.02,11167.3,7490.94,682.71,754.42,,,,,,,交通运输,公交Ⅱ,公交Ⅲ,35.0,35.03,35.77
sh603032,德新交运,2019-04-29,33.71,35.98,33.71,34.95,33.71,10100401.0,354851919.0,2740359600.0,5592279600.0,259019765.65,-11840581.26,685568095.0799999,799665988.67,114097893.59,253482337.85,14267.81,13536.68,6825.47,7539.06,13563.99,12355.05,827.91,2054.39,,,,,,,交通运输,公交Ⅱ,公交Ⅲ,34.75,34.19,34.56
sh603032,德新交运,2019-04-30,34.0,35.88,33.95,34.48,34.95,7044764.0,245602554.0,2703507840.0,5517075840.0,261176130.93,53256744.42,687654517.4200001,860193814.6,172539297.18,2315136.71,9159.14,9416.66,3948.48,4486.93,10625.91,9365.87,826.72,1290.79,,,,,,,交通运输,公交Ⅱ,公交Ⅲ,34.1,34.59,34.6
sh603032,德新交运,2019-05-06,33.78,33.82,31.03,31.03,34.48,5001593.0,156901028.0,2433000240.0,4965048240.0,261176130.93,53256744.42,687654517.4200001,860193814.6,172539297.18,2315136.71,5357.69,7656.44,2206.06,2842.36,8126.35,4678.06,0.0,513.24,,,,,,,交通运输,公交Ⅱ,公交Ⅲ,31.82,31.35,31.4
sh603032,德新交运,2019-05-07,28.32,30.96,28.32,29.34,31.03,8157852.0,240471198.0,2300490720.0,4694634720.0,261176130.93,53256744.42,687654517.4200001,860193814.6,172539297.18,2315136.71,9225.58,9361.35,3787.06,4538.85,10652.77,9451.28,381.71,695.64,,,,,,,交通运输,公交Ⅱ,公交Ⅲ,29.7,29.39,29.35
sh603032,德新交运,2019-05-08,28.51,29.3,27.71,28.51,29.34,5489740.0,156700736.0,2235412080.0,4561828080.0,261176130.93,53256744.42,687654517.4200001,860193814.6,172539297.18,2315136.71,5402.03,6659.69,2946.22,2532.21,7181.42,6064.42,140.4,413.75,,,,,,,交通运输,公交Ⅱ,公交Ⅲ,27.92,28.15,28.26
sh603032,德新交运,2019-05-09,28.42,29.15,28.13,28.4,28.51,4453580.0,127583935.0,2226787200.0,4544227200.0,261176130.93,53256744.42,687654517.4200001,860193814.6,172539297.18,2315136.71,4392.6,5124.56,2138.2,2435.63,5905.45,4972.4,322.13,225.8,,,,,,,交通运输,公交Ⅱ,公交Ⅲ,29.08,28.88,28.82
sh603032,德新交运,2019-05-10,28.98,29.56,27.32,29.55,28.4,7722800.0,223298671.0,2316956400.0,4728236400.0,261176130.93,53256744.42,687654517.4200001,860193814.6,172539297.18,2315136.71,8715.5,8103.12,4161.85,4607.24,8349.7,8711.68,1102.81,907.83,,,,,,,交通运输,公交Ⅱ,公交Ⅲ,28.74,28.78,29.11
sh603032,德新交运,2019-05-13,29.4,29.8,28.81,28.99,29.55,4833856.0,141223067.0,2273047920.0,4638631920.0,261176130.93,53256744.42,687654517.4200001,860193814.6,172539297.18,2315136.71,5160.18,5576.63,2023.79,3553.26,6681.64,4703.46,256.7,288.96,,,,,,,交通运输,公交Ⅱ,公交Ⅲ,29.12,29.22,29.55
sh603032,德新交运,2019-05-14,28.67,29.5,28.34,29.23,28.99,4732980.0,137893376.0,2291865840.0,4677033840.0,261176130.93,53256744.42,687654517.4200001,860193814.6,172539297.18,2315136.71,5342.35,5478.67,2624.64,2444.41,5280.88,5264.92,541.46,601.33,,,,,,,交通运输,公交Ⅱ,公交Ⅲ,28.87,28.67,28.88
sh603032,德新交运,2019-05-15,29.76,32.15,29.25,32.15,29.23,5771885.0,179958676.0,2520817200.0,5144257200.0,261176130.93,53256744.42,687654517.4200001,860193814.6,172539297.18,2315136.71,3633.99,6673.65,3064.9,4171.31,3047.09,6615.93,8249.89,534.98,,,,,,,交通运输,公交Ⅱ,公交Ⅲ,29.47,29.28,29.56
sh603032,德新交运,2019-05-16,33.3,33.58,31.2,31.3,32.15,12069077.0,392690045.0,2454170400.0,5008250400.0,261176130.93,53256744.42,687654517.4200001,860193814.6,172539297.18,2315136.71,15022.74,13282.53,7394.75,8069.68,16200.84,10890.2,650.66,7026.58,,,,,,,交通运输,公交Ⅱ,公交Ⅲ,32.58,32.5,32.58
sh603032,德新交运,2019-05-17,30.5,31.53,28.5,29.27,31.3,7333355.0,221313657.0,2295002160.0,4683434160.0,261176130.93,53256744.42,687654517.4200001,860193814.6,172539297.18,2315136.71,7675.41,9157.15,2886.05,5000.25,11404.91,7571.9,164.99,402.06,,,,,,,交通运输,公交Ⅱ,公交Ⅲ,30.83,31.37,30.89
sh603032,德新交运,2019-05-20,29.36,29.8,26.5,28.7,29.27,5839075.0,163842627.0,2250309600.0,4592229600.0,261176130.93,53256744.42,687654517.4200001,860193814.6,172539297.18,2315136.71,6326.8,5788.61,2481.24,3571.08,7576.22,6484.0,0.0,540.57,,,,,,,交通运输,公交Ⅱ,公交Ⅲ,29.11,28.28,27.26
sh603032,德新交运,2019-05-21,28.56,29.78,28.02,29.3,28.7,5331859.0,155561357.0,2297354400.0,4688234400.0,261176130.93,53256744.42,687654517.4200001,860193814.6,172539297.18,2315136.71,6421.5,5898.35,2484.06,3536.88,6387.2,6120.9,263.37,0.0,,,,,,,交通运输,公交Ⅱ,公交Ⅲ,28.75,29.05,28.9
sh603032,德新交运,2019-05-22,29.46,31.08,29.12,29.56,29.3,6206619.0,186232337.0,2317740480.0,4729836480.0,261176130.93,53256744.42,687654517.4200001,860193814.6,172539297.18,2315136.71,7286.68,7485.12,2854.45,3534.42,8482.1,7501.12,0.0,102.57,,,,,,,交通运输,公交Ⅱ,公交Ⅲ,29.34,29.32,30.5
sh603032,德新交运,2019-05-23,29.15,30.3,28.57,29.24,29.56,5259701.0,154905848.0,2292649920.0,4678633920.0,261176130.93,53256744.42,687654517.4200001,860193814.6,172539297.18,2315136.71,5805.92,6662.02,2638.89,2677.78,6900.73,6150.79,145.04,0.0,,,,,,,交通运输,公交Ⅱ,公交Ⅲ,28.89,28.8,29.25
sh603032,德新交运,2019-05-24,29.09,30.19,28.84,29.86,29.24,5845262.0,174165210.0,2341262880.0,4777838880.0,261176130.93,53256744.42,687654517.4200001,860193814.6,172539297.18,2315136.71,5952.48,6504.92,4102.75,3933.74,6433.18,6772.94,928.1,204.91,,,,,,,交通运输,公交Ⅱ,公交Ⅲ,29.43,29.68,29.83
sh603032,德新交运,2019-05-27,30.23,30.4,29.44,30.38,29.86,6078363.0,182446668.0,2382035040.0,4861043040.0,261176130.93,53256744.42,687654517.4200001,860193814.6,172539297.18,2315136.71,7444.0,6906.3,3359.17,3874.93,7279.71,7036.87,161.78,426.57,,,,,,,交通运输,公交Ⅱ,公交Ⅲ,29.81,29.94,29.7
sh603032,德新交运,2019-05-28,30.25,30.58,29.38,29.7,30.38,7105279.0,213189507.0,2328717600.0,4752237600.0,261176130.93,53256744.42,687654517.4200001,860193814.6,172539297.18,2315136.71,7323.34,7089.71,3283.04,7487.53,10209.0,5415.24,503.57,1326.46,,,,,,,交通运输,公交Ⅱ,公交Ⅲ,30.2,30.45,30.33
sh603032,德新交运,2019-05-29,29.48,29.7,28.99,29.09,29.7,4911510.0,143731019.0,2280888720.0,4654632720.0,261176130.93,53256744.42,687654517.4200001,860193814.6,172539297.18,2315136.71,5251.9,6147.9,1935.69,3193.05,6830.72,4300.27,354.79,731.88,,,,,,,交通运输,公交Ⅱ,公交Ⅲ,29.6,29.37,29.46
sh603032,德新交运,2019-05-30,28.99,29.31,27.92,28.41,29.09,4932722.0,140446523.0,2227571280.0,4545827280.0,261176130.93,53256744.42,687654517.4200001,860193814.6,172539297.18,2315136.71,5362.75,6040.35,1372.35,2384.0,7309.56,4756.26,0.0,864.05,,,,,,,交通运输,公交Ⅱ,公交Ⅲ,29.08,29.11,28.98
sh603032,德新交运,2019-05-31,28.5,29.0,28.2,28.32,28.41,3876080.0,110504303.0,2220514560.0,4531426560.0,261176130.93,53256744.42,687654517.4200001,860193814.6,172539297.18,2315136.71,4345.71,4692.73,1489.8,1833.23,5214.91,4123.24,0.0,401.23,,,,,,,交通运输,公交Ⅱ,公交Ⅲ,28.42,28.61,28.57
sh603032,德新交运,2019-06-03,28.32,28.89,28.27,28.46,28.32,4073950.0,116377833.0,2231491680.0,4553827680.0,261176130.93,53256744.42,687654517.4200001,860193814.6,172539297.18,2315136.71,4730.22,5165.8,1686.67,1596.29,4862.73,4763.79,358.16,111.91,,,,,,,交通运输,公交Ⅱ,公交Ⅲ,28.54,28.87,28.75
sh603032,德新交运,2019-06-04,28.46,28.48,26.85,27.0,28.46,4862509.0,132654371.0,2117016000.0,4320216000.0,261176130.93,53256744.42,687654517.4200001,860193814.6,172539297.18,2315136.71,4799.65,5623.27,1220.92,2825.83,7121.14,4206.6,123.72,609.73,,,,,,,交通运输,公交Ⅱ,公交Ⅲ,27.9,27.93,27.36
sh603032,德新交运,2019-06-05,27.48,27.48,26.52,26.6,27.0,3152380.0,84561048.0,2085652800.0,4256212800.0,261176130.93,53256744.42,687654517.4200001,860193814.6,172539297.18,2315136.71,2999.82,3625.53,688.95,1662.74,4767.33,3167.83,0.0,0.0,,,,,,,交通运输,公交Ⅱ,公交Ⅲ,27.3,27.2,27.02
sh603032,德新交运,2019-06-06,26.62,26.84,24.74,25.02,26.6,4430860.0,112278715.0,1961768160.0,4003400160.0,261176130.93,53256744.42,687654517.4200001,860193814.6,172539297.18,2315136.71,3907.09,5105.09,1317.38,2188.22,5776.7,3934.56,226.7,0.0,,,,,,,交通运输,公交Ⅱ,公交Ⅲ,26.49,25.71,25.69
sh603032,德新交运,2019-06-10,24.95,25.0,23.65,24.97,25.02,4884140.0,119021989.0,1957847760.0,3995399760.0,261176130.93,53256744.42,687654517.4200001,860193814.6,172539297.18,2315136.71,4657.24,4897.38,1505.01,1768.94,5739.95,5010.3,0.0,225.57,,,,,,,交通运输,公交Ⅱ,公交Ⅲ,24.4,23.73,23.82
sh603032,德新交运,2019-06-11,24.97,27.47,24.81,27.47,24.97,5436030.0,144037848.0,2153867760.0,4395419760.0,261176130.93,53256744.42,687654517.4200001,860193814.6,172539297.18,2315136.71,3567.84,5850.37,1583.6,2197.06,2832.49,5498.01,6419.85,858.35,,,,,,,交通运输,公交Ⅱ,公交Ⅲ,25.34,25.69,25.7
sh603032,德新交运,2019-06-12,28.11,29.1,27.38,27.39,27.47,12251330.0,346840435.0,2147595120.0,4382619120.0,261176130.93,53256744.42,687654517.4200001,860193814.6,172539297.18,2315136.71,13482.1,12414.16,6897.73,5642.21,13878.83,9602.38,425.38,7025.28,,,,,,,交通运输,公交Ⅱ,公交Ⅲ,28.59,28.74,28.48
sh603032,德新交运,2019-06-13,26.4,26.98,26.28,26.56,27.39,6662880.0,177400076.0,2082516480.0,4249812480.0,261176130.93,53256744.42,687654517.4200001,860193814.6,172539297.18,2315136.71,6381.57,7653.1,2195.06,3609.75,9163.38,6143.05,0.0,334.1,,,,,,,交通运输,公交Ⅱ,公交Ⅲ,26.74,26.41,26.5
sh603032,德新交运,2019-06-14,26.63,26.95,25.28,25.66,26.56,5324460.0,138395273.0,2011949280.0,4105805280.0,261176130.93,53256744.42,687654517.4200001,860193814.6,172539297.18,2315136.71,4939.99,5672.01,1429.03,2374.33,7370.11,5688.97,100.39,104.22,,,,,,,交通运输,公交Ⅱ,公交Ⅲ,26.86,26.63,26.27
sh603032,德新交运,2019-06-17,25.27,25.97,25.27,25.62,25.66,2629240.0,67433786.0,2008812960.0,4099404960.0,261176130.93,53256744.42,687654517.4200001,860193814.6,172539297.18,2315136.71,2421.4,2828.23,960.39,708.22,3361.59,3206.93,0.0,0.0,,,,,,,交通运输,公交Ⅱ,公交Ⅲ,25.59,25.76,25.76
sh603032,德新交运,2019-06-18,25.45,26.0,25.02,26.0,25.62,3327800.0,85572213.0,2038608000.0,4160208000.0,261176130.93,53256744.42,687654517.4200001,860193814.6,172539297.18,2315136.71,3141.38,3340.02,1786.68,1131.59,3629.16,4085.61,0.0,0.0,,,,,,,交通运输,公交Ⅱ,公交Ⅲ,25.7,25.56,25.18
sh603032,德新交运,2019-06-19,26.6,26.99,25.91,25.96,26.0,4709760.0,124414851.0,2035471680.0,4153807680.0,261176130.93,53256744.42,687654517.4200001,860193814.6,172539297.18,2315136.71,4948.0,5014.78,2362.59,2447.62,5001.1,4848.92,129.8,130.17,,,,,,,交通运输,公交Ⅱ,公交Ⅲ,26.58,26.42,26.45
sh603032,德新交运,2019-06-20,25.9,26.89,25.27,26.45,25.96,5407900.0,142705640.0,2073891600.0,4232211600.0,261176130.93,53256744.42,687654517.4200001,860193814.6,172539297.18,2315136.71,5890.59,5671.58,2283.27,2350.06,5627.14,5786.89,469.57,462.04,,,,,,,交通运输,公交Ⅱ,公交Ⅲ,25.77,25.75,25.63
sh603032,德新交运,2019-06-21,26.15,28.3,26.15,27.37,26.45,7619890.0,206759040.0,2146026960.0,4379418960.0,261176130.93,53256744.42,687654517.4200001,860193814.6,172539297.18,2315136.71,8142.12,8815.49,3580.53,3505.95,8004.01,8354.46,949.24,0.0,,,,,,,交通运输,公交Ⅱ,公交Ⅲ,26.55,26.45,26.61
sh603032,德新交运,2019-06-24,26.95,27.0,26.56,26.78,27.37,4243640.0,113600550.0,2099766240.0,4285014240.0,261176130.93,53256744.42,687654517.4200001,860193814.6,172539297.18,2315136.71,4787.76,4967.25,1487.6,1885.33,5084.7,4395.9,0.0,111.57,,,,,,,交通运输,公交Ⅱ,公交Ⅲ,26.75,26.92,26.78
sh603032,德新交运,2019-06-25,26.78,26.78,25.71,26.25,26.78,3771460.0,98460994.0,2058210000.0,4200210000.0,261176130.93,53256744.42,687654517.4200001,860193814.6,172539297.18,2315136.71,3649.81,4079.55,879.74,1869.32,5316.55,3615.46,0.0,281.77,,,,,,,交通运输,公交Ⅱ,公交Ⅲ,26.6,26.35,26.39
sh603032,德新交运,2019-06-26,26.25,26.79,26.16,26.43,26.25,3179000.0,84079267.0,2072323440.0,4229011440.0,261176130.93,53256744.42,687654517.4200001,860193814.6,172539297.18,2315136.71,3457.0,3344.78,1339.86,1689.64,3611.06,3373.5,0.0,0.0,,,,,,,交通运输,公交Ⅱ,公交Ⅲ,26.73,26.68,26.6
sh603032,德新交运,2019-06-27,26.45,26.66,26.2,26.24,26.43,3175100.0,83854310.0,2057425920.0,4198609920.0,261176130.93,53256744.42,687654517.4200001,860193814.6,172539297.18,2315136.71,3202.72,3238.17,835.46,1950.58,4215.8,3196.68,131.45,0.0,,,,,,,交通运输,公交Ⅱ,公交Ⅲ,26.6,26.51,26.45
sh603032,德新交运,2019-06-28,26.5,26.53,25.43,25.56,26.24,2830760.0,72971417.0,2004108480.0,4089804480.0,261176130.93,53256744.42,687654517.4200001,860193814.6,172539297.18,2315136.71,2539.61,3242.42,622.89,1439.15,4134.65,2489.94,0.0,125.64,,,,,,,交通运输,公交Ⅱ,公交Ⅲ,26.28,26.0,25.91
sh603032,德新交运,2019-07-01,26.45,26.45,26.03,26.22,25.56,3887000.0,101774534.0,2055857760.0,4195409760.0,261176130.93,53256744.42,687654517.4200001,860193814.6,172539297.18,2315136.71,4206.03,4286.78,1780.61,1186.73,4190.82,4703.94,0.0,0.0,,,,,,,交通运输,公交Ⅱ,公交Ⅲ,26.22,26.1,26.17
sh603032,德新交运,2019-07-02,26.4,28.22,26.08,26.88,26.22,7798860.0,209862901.0,2107607040.0,4301015040.0,261176130.93,53256744.42,687654517.4200001,860193814.6,172539297.18,2315136.71,8400.81,8418.73,3762.24,3296.1,8581.34,8901.46,241.9,370.0,,,,,,,交通运输,公交Ⅱ,公交Ⅲ,26.22,26.32,26.21
sh603032,德新交运,2019-07-03,26.45,26.53,26.0,26.1,26.88,4100680.0,107214692.0,2046448800.0,4176208800.0,261176130.93,53256744.42,687654517.4200001,860193814.6,172539297.18,2315136.71,3897.96,4454.14,1364.18,2062.92,5459.33,3810.55,0.0,393.85,,,,,,,交通运输,公交Ⅱ,公交Ⅲ,26.3,26.22,26.02
sh603032,德新交运,2019-07-04,26.09,26.3,26.02,26.14,26.1,2041201.0,53328475.0,2049585120.0,4182609120.0,261176130.93,53256744.42,687654517.4200001,860193814.6,172539297.18,2315136.71,2153.0,2237.82,829.21,794.69,2250.55,2300.34,100.08,0.0,,,,,,,交通运输,公交Ⅱ,公交Ⅲ,26.18,26.22,26.14
sh603032,德新交运,2019-07-05,26.04,26.04,25.5,25.82,26.14,2456500.0,63358032.0,2024494560.0,4131406560.0,261176130.93,53256744.42,687654517.4200001,860193814.6,172539297.18,2315136.71,2304.41,2480.06,667.89,1582.81,3143.77,2272.94,219.73,0.0,,,,,,,交通运输,公交Ⅱ,公交Ⅲ,25.86,25.63,25.69
sh603032,德新交运,2019-07-08,25.81,25.81,24.66,24.95,25.82,3024500.0,75819130.0,1956279600.0,3992199600.0,261176130.93,53256744.42,687654517.4200001,860193814.6,172539297.18,2315136.71,2491.82,3230.86,864.31,1599.75,3925.39,2751.31,300.4,0.0,,,,,,,交通运输,公交Ⅱ,公交Ⅲ,25.47,25.61,25.52
sh603032,德新交运,2019-07-09,25.19,25.41,24.97,25.27,24.95,1899931.0,47953057.0,1981370160.0,4043402160.0,261176130.93,53256744.42,687654517.4200001,860193814.6,172539297.18,2315136.71,1957.71,2143.64,516.42,627.86,2086.63,2023.81,234.55,0.0,,,,,,,交通运输,公交Ⅱ,公交Ⅲ,25.15,25.3,25.25
sh603032,德新交运,2019-07-10,25.27,25.41,24.8,24.84,25.27,1894341.0,47599451.0,1947654720.0,3974598720.0,261176130.93,53256744.42,687654517.4200001,860193814.6,172539297.18,2315136.71,1919.46,1866.98,625.83,1105.34,2214.66,1787.62,0.0,0.0,,,,,,,交通运输,公交Ⅱ,公交Ⅲ,25.21,25.31,25.24
sh603032,德新交运,2019-07-11,24.9,25.45,24.83,24.88,24.84,1850500.0,46462277.0,1950791040.0,3980999040.0,261176130.93,53256744.42,687654517.4200001,860193814.6,172539297.18,2315136.71,1738.76,1907.01,596.57,588.57,2310.9,2150.65,0.0,0.0,,,,,,,交通运输,公交Ⅱ,公交Ⅲ,25.27,25.22,25.3
sh603032,XD德新交,2019-07-12,24.88,25.08,23.0,24.39,24.82,2252460.0,54721694.0,1912371120.0,3902595120.0,261176130.93,53256744.42,687654517.4200001,860193814.6,172539297.18,2315136.71,2135.39,2490.73,632.24,702.32,2704.53,2279.12,0.0,0.0,,,,,,,交通运输,公交Ⅱ,公交Ⅲ,24.9,24.46,24.1
sh603032,德新交运,2019-07-15,24.1,25.25,24.1,24.97,24.39,2440660.0,60334364.0,1957847760.0,3995399760.0,261176130.93,53256744.42,687654517.4200001,860193814.6,172539297.18,2315136.71,2254.09,2284.36,788.18,866.36,2830.13,2882.72,161.03,0.0,,,,,,,交通运输,公交Ⅱ,公交Ⅲ,24.39,24.14,24.35
sh603032,德新交运,2019-07-16,25.01,25.33,24.9,25.0,24.97,1969810.0,49384979.0,1960200000.0,4000200000.0,261176130.93,53256744.42,687654517.4200001,860193814.6,172539297.18,2315136.71,1710.06,2304.92,561.0,682.85,2564.41,1950.74,103.02,0.0,,,,,,,交通运输,公交Ⅱ,公交Ⅲ,25.2,25.23,25.13
sh603032,德新交运,2019-07-17,25.0,25.17,24.84,24.87,25.0,1779600.0,44465730.0,1950006960.0,3979398960.0,261176130.93,53256744.42,687654517.4200001,860193814.6,172539297.18,2315136.71,1953.53,1793.24,400.97,799.92,1957.75,1747.45,134.32,105.96,,,,,,,交通运输,公交Ⅱ,公交Ⅲ,25.15,25.08,25.07
sh603032,德新交运,2019-07-18,24.8,24.8,23.9,24.05,24.87,2270800.0,54952326.0,1885712400.0,3848192400.0,261176130.93,53256744.42,687654517.4200001,860193814.6,172539297.18,2315136.71,2026.41,2344.86,557.32,1028.55,2911.5,1953.79,0.0,168.04,,,,,,,交通运输,公交Ⅱ,公交Ⅲ,24.53,24.46,24.48
sh603032,德新交运,2019-07-19,24.08,24.4,23.97,24.04,24.05,1711740.0,41400504.0,1884928320.0,3846592320.0,261176130.93,53256744.42,687654517.4200001,860193814.6,172539297.18,2315136.71,1503.58,1892.63,558.02,667.7,2078.45,1579.72,0.0,0.0,,,,,,,交通运输,公交Ⅱ,公交Ⅲ,24.39,24.25,24.3
sh603032,德新交运,2019-07-22,24.05,24.28,22.88,23.19,24.04,2842220.0,66239118.0,1818281520.0,3710585520.0,261176130.93,53256744.42,687654517.4200001,860193814.6,172539297.18,2315136.71,1939.08,2621.21,1575.81,1434.25,2505.52,2226.27,365.73,104.41,,,,,,,交通运输,公交Ⅱ,公交Ⅲ,24.22,23.2,23.34
sh603032,德新交运,2019-07-23,23.19,23.45,22.82,23.37,23.19,1997520.0,46264530.0,1832394960.0,3739386960.0,261176130.93,53256744.42,687654517.4200001,860193814.6,172539297.18,2315136.71,1776.04,2184.32,660.62,654.85,2189.79,1787.29,0.0,0.0,,,,,,,交通运输,公交Ⅱ,公交Ⅲ,23.11,22.99,22.91
sh603032,德新交运,2019-07-24,23.2,25.29,23.2,23.83,23.37,4787983.0,115711410.0,1868462640.0,3812990640.0,261176130.93,53256744.42,687654517.4200001,860193814.6,172539297.18,2315136.71,4733.28,4298.82,1878.82,2533.36,4757.67,4194.1,201.37,544.86,,,,,,,交通运输,公交Ⅱ,公交Ⅲ,23.44,23.75,23.71
sh603032,德新交运,2019-07-25,23.37,23.96,23.37,23.67,23.83,2539964.0,60113442.0,1855917360.0,3787389360.0,261176130.93,53256744.42,687654517.4200001,860193814.6,172539297.18,2315136.71,2037.69,2226.5,694.44,1484.35,3171.75,2300.49,107.46,0.0,,,,,,,交通运输,公交Ⅱ,公交Ⅲ,23.67,23.46,23.67
sh603032,德新交运,2019-07-26,23.61,24.31,23.37,23.92,23.67,2520320.0,60284014.0,1875519360.0,3827391360.0,261176130.93,53256744.42,687654517.4200001,860193814.6,172539297.18,2315136.71,2806.06,2179.45,669.33,750.17,2553.0,3098.77,0.0,0.0,,,,,,,交通运输,公交Ⅱ,公交Ⅲ,23.57,23.78,24.1
sh603032,德新交运,2019-07-29,23.99,24.18,23.62,23.71,23.92,1964644.0,46722313.0,1859053680.0,3793789680.0,261176130.93,53256744.42,687654517.4200001,860193814.6,172539297.18,2315136.71,2006.92,2131.48,482.81,995.84,2182.5,1544.91,0.0,0.0,,,,,,,交通运输,公交Ⅱ,公交Ⅲ,24.09,23.93,23.9
sh603032,德新交运,2019-07-30,23.51,24.11,23.51,23.77,23.71,2192851.0,52243881.0,1863758160.0,3803390160.0,261176130.93,53256744.42,687654517.4200001,860193814.6,172539297.18,2315136.71,2028.94,2326.66,1188.12,1040.13,2007.33,1857.59,0.0,0.0,,,,,,,交通运输,公交Ⅱ,公交Ⅲ,23.73,23.84,23.71
sh603032,德新交运,2019-07-31,23.65,23.73,23.31,23.4,23.77,1867395.0,43832445.0,1834747200.0,3744187200.0,261176130.93,53256744.42,687654517.4200001,860193814.6,172539297.18,2315136.71,1567.96,2005.88,478.05,849.43,2228.54,1427.23,108.69,100.71,,,,,,,交通运输,公交Ⅱ,公交Ⅲ,23.72,23.35,23.45
sh603032,德新交运,2019-08-01,23.23,23.55,23.07,23.19,23.4,1730500.0,40330792.0,1818281520.0,3710585520.0,261176130.93,53256744.42,687654517.4200001,860193814.6,172539297.18,2315136.71,1340.24,1640.25,562.31,776.58,2030.32,1616.26,100.21,0.0,,,,,,,交通运输,公交Ⅱ,公交Ⅲ,23.29,23.38,23.43
sh603032,德新交运,2019-08-02,22.78,22.78,22.46,22.6,23.19,2481020.0,56088116.0,1772020800.0,3616180800.0,261176130.93,53256744.42,687654517.4200001,860193814.6,172539297.18,2315136.71,1946.04,2344.93,833.0,1526.23,2829.77,1737.65,0.0,0.0,,,,,,,交通运输,公交Ⅱ,公交Ⅲ,22.64,22.62,22.68
sh603032,德新交运,2019-08-05,22.6,23.1,22.6,22.64,22.6,2508420.0,57306410.0,1775157120.0,3622581120.0,261176130.93,53256744.42,687654517.4200001,860193814.6,172539297.18,2315136.71,2079.86,2393.09,765.85,1187.08,2355.53,2150.46,529.4,0.0,,,,,,,交通运输,公交Ⅱ,公交Ⅲ,22.75,22.67,22.94
sh603032,德新交运,2019-08-06,22.2,22.2,21.0,21.7,22.64,3824320.0,81967551.0,1701453600.0,3472173600.0,261176130.93,53256744.42,687654517.4200001,860193814.6,172539297.18,2315136.71,2770.63,3297.81,1225.99,1568.63,3747.7,2930.91,452.44,399.41,,,,,,,交通运输,公交Ⅱ,公交Ⅲ,21.65,21.72,21.68
sh603032,德新交运,2019-08-07,21.87,22.8,21.51,21.97,21.7,2851784.0,63095269.0,1722623760.0,3515375760.0,261176130.93,53256744.42,687654517.4200001,860193814.6,172539297.18,2315136.71,2322.19,2602.11,990.9,895.47,2748.24,2811.94,248.19,0.0,,,,,,,交通运输,公交Ⅱ,公交Ⅲ,21.65,21.67,21.54
sh603032,德新交运,2019-08-08,21.97,23.4,21.9,22.45,21.97,4214720.0,95125985.0,1760259600.0,3592179600.0,261176130.93,53256744.42,687654517.4200001,860193814.6,172539297.18,2315136.71,3676.3,4110.37,1200.28,1809.46,4056.5,3264.24,579.53,328.54,,,,,,,交通运输,公交Ⅱ,公交Ⅲ,22.2,21.99,22.05
sh603032,德新交运,2019-08-09,22.39,22.53,21.5,21.6,22.45,3465120.0,75955559.0,1693612800.0,3456172800.0,261176130.93,53256744.42,687654517.4200001,860193814.6,172539297.18,2315136.71,2733.16,2983.15,658.38,1341.27,4204.01,2826.52,0.0,444.62,,,,,,,交通运输,公交Ⅱ,公交Ⅲ,22.27,22.15,22.09
sh603032,德新交运,2019-08-12,21.8,22.1,21.5,21.85,21.6,2120700.0,46106605.0,1713214800.0,3496174800.0,261176130.93,53256744.42,687654517.4200001,860193814.6,172539297.18,2315136.71,1856.25,1993.42,786.0,586.46,1859.82,2030.78,108.6,0.0,,,,,,,交通运输,公交Ⅱ,公交Ⅲ,21.6,21.6,21.57
sh603032,德新交运,2019-08-13,21.58,21.74,21.2,21.26,21.85,2339556.0,50033772.0,1666954080.0,3401770080.0,261176130.93,53256744.42,687654517.4200001,860193814.6,172539297.18,2315136.71,1836.31,2104.54,601.9,1329.91,2565.17,1568.92,0.0,0.0,,,,,,,交通运输,公交Ⅱ,公交Ⅲ,21.59,21.49,21.45
sh603032,德新交运,2019-08-14,21.55,22.29,21.45,21.71,21.26,3745155.0,81702533.0,1702237680.0,3473773680.0,261176130.93,53256744.42,687654517.4200001,860193814.6,172539297.18,2315136.71,3224.66,3529.36,1354.15,948.11,3591.44,3562.35,0.0,130.43,,,,,,,交通运输,公交Ⅱ,公交Ⅲ,21.5,21.56,21.63
sh603032,德新交运,2019-08-15,20.92,23.88,20.51,23.88,21.71,6449515.0,149010556.0,1872383040.0,3820991040.0,261176130.93,53256744.42,687654517.4200001,860193814.6,172539297.18,2315136.71,2478.7,5930.47,2948.93,3121.63,2039.61,5053.69,7433.81,795.25,,,,,,,交通运输,公交Ⅱ,公交Ⅲ,21.08,21.15,22.06
sh603032,德新交运,2019-08-16,25.3,26.17,24.22,25.13,23.88,17938612.0,448995268.0,1970393040.0,4021001040.0,261176130.93,53256744.42,687654517.4200001,860193814.6,172539297.18,2315136.71,15578.27,14323.98,7998.63,12702.07,18821.28,12784.8,2501.34,5088.68,,,,,,,交通运输,公交Ⅱ,公交Ⅲ,24.58,25.59,24.95
sh603032,德新交运,2019-08-19,24.33,26.06,24.3,25.12,25.13,12039138.0,301291472.0,1969608960.0,4019400960.0,261176130.93,53256744.42,687654517.4200001,860193814.6,172539297.18,2315136.71,11571.16,11240.42,5211.72,5756.44,12211.42,11722.85,1134.84,1409.42,,,,,,,交通运输,公交Ⅱ,公交Ⅲ,24.67,24.4,24.72
sh603032,德新交运,2019-08-20,24.71,25.8,24.42,25.12,25.12,9097097.0,228198418.0,1969608960.0,4019400960.0,261176130.93,53256744.42,687654517.4200001,860193814.6,172539297.18,2315136.71,8855.83,9142.86,4341.64,4440.81,9402.71,8836.74,219.63,399.4,,,,,,,交通运输,公交Ⅱ,公交Ⅲ,24.64,24.95,24.88
sh603032,德新交运,2019-08-21,24.99,26.47,24.66,26.05,25.12,13206154.0,342451544.0,2042528400.0,4168208400.0,261176130.93,53256744.42,687654517.4200001,860193814.6,172539297.18,2315136.71,13451.12,13301.43,7693.93,6150.83,12563.23,14015.72,536.87,777.16,,,,,,,交通运输,公交Ⅱ,公交Ⅲ,24.86,25.42,26.13
sh603032,德新交运,2019-08-22,25.98,26.25,25.08,25.68,26.05,7664015.0,195996191.0,2013517440.0,4109005440.0,261176130.93,53256744.42,687654517.4200001,860193814.6,172539297.18,2315136.71,7496.05,8338.88,3147.44,3635.24,8291.18,6747.82,664.94,877.67,,,,,,,交通运输,公交Ⅱ,公交Ⅲ,25.9,25.75,25.7
sh603032,德新交运,2019-08-23,25.63,25.63,25.01,25.16,25.68,4892169.0,123285288.0,1972745280.0,4025801280.0,261523454.38,42908514.81,680125472.02,841983132.31,161857660.29,2440144.13,4032.39,5384.29,2077.59,2248.07,5764.68,4343.64,453.87,352.52,,,,,,,交通运输,公交Ⅱ,公交Ⅲ,25.28,25.38,25.23
sh603032,德新交运,2019-08-26,24.45,24.99,24.3,24.49,25.16,3722367.0,91702103.0,1920211920.0,3918595920.0,261523454.38,42908514.81,680125472.02,841983132.31,161857660.29,2440144.13,3546.55,3476.35,1180.23,1699.63,4329.74,3233.04,113.67,761.16,,,,,,,交通运输,公交Ⅱ,公交Ⅲ,24.98,24.77,24.83
sh603032,德新交运,2019-08-27,24.81,25.16,24.58,24.72,24.49,4124426.0,102357885.0,1938245760.0,3955397760.0,261523454.38,42908514.81,680125472.02,841983132.31,161857660.29,2440144.13,4050.23,4165.57,1427.43,2075.86,4479.58,3889.2,278.54,105.15,,,,,,,交通运输,公交Ⅱ,公交Ⅲ,24.78,24.7,24.71
sh603032,德新交运,2019-08-28,24.74,25.49,24.74,24.98,24.72,4782121.0,119953038.0,1958631840.0,3996999840.0,261523454.38,42908514.81,680125472.02,841983132.31,161857660.29,2440144.13,4480.16,4878.01,2598.9,1858.79,4267.26,4599.28,444.03,454.27,,,,,,,交通运输,公交Ⅱ,公交Ⅲ,24.83,25.24,25.21
sh603032,德新交运,2019-08-29,25.05,25.34,24.3,24.4,24.98,4458236.0,109755572.0,1913155200.0,3904195200.0,261523454.38,42908514.81,680125472.02,841983132.31,161857660.29,2440144.13,4149.97,4203.83,1440.42,2548.79,5385.16,3318.11,0.0,904.81,,,,,,,交通运输,公交Ⅱ,公交Ⅲ,25.16,24.93,24.82
sh603032,德新交运,2019-08-30,24.56,24.66,23.58,23.82,24.4,4089543.0,98495168.0,1867678560.0,3811390560.0,261523454.38,42908514.81,680125472.02,841983132.31,161857660.29,2440144.13,3731.34,4117.54,1384.56,2397.34,4624.91,3087.78,108.69,246.84,,,,,,,交通运输,公交Ⅱ,公交Ⅲ,24.46,24.38,24.49
sh603032,德新交运,2019-09-02,23.82,24.27,23.81,24.13,23.82,2564085.0,61840751.0,1891985040.0,3860993040.0,261523454.38,42908514.81,680125472.02,841983132.31,161857660.29,2440144.13,2707.16,2756.28,693.86,901.93,2783.05,2525.86,0.0,0.0,,,,,,,交通运输,公交Ⅱ,公交Ⅲ,24.12,24.02,24.16
sh603032,德新交运,2019-09-03,24.36,26.54,24.36,26.54,24.13,7247312.0,188878201.0,2080948320.0,4246612320.0,261523454.38,42908514.81,680125472.02,841983132.31,161857660.29,2440144.13,2715.35,6873.64,3359.39,3665.25,1940.2,6488.45,10872.86,1860.47,,,,,,,交通运输,公交Ⅱ,公交Ⅲ,24.73,26.54,26.54
sh603032,德新交运,2019-09-04,27.15,29.19,26.66,29.19,26.54,23239221.0,653289344.0,2288729520.0,4670633520.0,261523454.38,42908514.81,680125472.02,841983132.31,161857660.29,2440144.13,19730.71,21407.38,16212.15,18548.24,17137.64,16272.46,12248.39,9100.82,,,,,,,交通运输,公交Ⅱ,公交Ⅲ,27.56,26.91,27.17
sh603032,德新交运,2019-09-05,30.38,30.56,28.0,28.1,29.19,23712011.0,691646198.0,2203264800.0,4496224800.0,261523454.38,42908514.81,680125472.02,841983132.31,161857660.29,2440144.13,25373.87,23185.82,13931.36,21563.67,27434.63,17292.31,2424.73,7122.78,,,,,,,交通运输,公交Ⅱ,公交Ⅲ,28.33,28.8,29.38
sh603032,德新交运,2019-09-06,27.7,28.01,26.69,26.99,28.1,13536955.0,369358483.0,2116231920.0,4318615920.0,261523454.38,42908514.81,680125472.02,841983132.31,161857660.29,2440144.13,13266.41,15382.33,7355.25,9044.63,14830.12,10998.12,1484.05,1510.75,,,,,,,交通运输,公交Ⅱ,公交Ⅲ,27.38,27.74,27.45
sh603032,德新交运,2019-09-09,27.15,27.26,26.7,27.25,26.99,8157818.0,220854175.0,2136618000.0,4360218000.0,261523454.38,42908514.81,680125472.02,841983132.31,161857660.29,2440144.13,8584.35,8367.02,4876.63,5656.82,8007.42,6973.28,617.02,1088.29,,,,,,,交通运输,公交Ⅱ,公交Ⅲ,27.02,26.84,27.07
sh603032,德新交运,2019-09-10,27.4,28.16,27.02,27.47,27.25,10860493.0,301009610.0,2153867760.0,4395419760.0,261523454.38,42908514.81,680125472.02,841983132.31,161857660.29,2440144.13,12094.96,11024.28,5800.3,6893.47,10327.22,8785.98,692.67,2211.42,,,,,,,交通运输,公交Ⅱ,公交Ⅲ,27.2,27.19,27.73
sh603032,德新交运,2019-09-11,27.23,28.21,27.02,27.68,27.47,7239399.0,200023755.0,2170333440.0,4429021440.0,261523454.38,42908514.81,680125472.02,841983132.31,161857660.29,2440144.13,7545.77,9240.92,4369.97,3790.03,7095.73,6811.35,990.91,160.08,,,,,,,交通运输,公交Ⅱ,公交Ⅲ,27.2,27.1,28.05
sh603032,德新交运,2019-09-12,28.02,28.02,27.19,27.35,27.68,5724878.0,157962380.0,2144458800.0,4376218800.0,261523454.38,42908514.81,680125472.02,841983132.31,161857660.29,2440144.13,6196.13,6196.47,2386.36,4190.55,6467.3,4776.47,746.44,632.74,,,,,,,交通运输,公交Ⅱ,公交Ⅲ,27.79,27.64,27.81
sh603032,德新交运,2019-09-16,27.3,27.76,27.03,27.22,27.35,4615659.0,126016113.0,2134265760.0,4355417760.0,261523454.38,42908514.81,680125472.02,841983132.31,161857660.29,2440144.13,5014.54,5409.77,1884.71,2836.69,5333.09,3702.18,369.26,652.97,,,,,,,交通运输,公交Ⅱ,公交Ⅲ,27.28,27.1,27.35
sh603032,德新交运,2019-09-17,27.08,27.15,26.11,26.36,27.22,5142011.0,136586792.0,2066834880.0,4217810880.0,261523454.38,42908514.81,680125472.02,841983132.31,161857660.29,2440144.13,5073.77,5942.44,1894.34,3389.81,6220.43,3940.52,470.14,385.91,,,,,,,交通运输,公交Ⅱ,公交Ⅲ,26.92,26.82,26.84
sh603032,德新交运,2019-09-18,26.42,27.98,26.42,27.49,26.36,8696155.0,237245723.0,2155435920.0,4398619920.0,261523454.38,42908514.81,680125472.02,841983132.31,161857660.29,2440144.13,10466.23,8606.5,5106.77,4031.39,7456.03,8839.58,289.44,1841.0,,,,,,,交通运输,公交Ⅱ,公交Ⅲ,26.92,26.74,26.71
sh603032,德新交运,2019-09-19,27.07,27.85,27.07,27.54,27.49,6572013.0,180921908.0,2159356320.0,4406620320.0,261523454.38,42908514.81,680125472.02,841983132.31,161857660.29,2440144.13,7491.51,8027.01,3499.42,3325.26,6295.46,6085.49,805.79,654.43,,,,,,,交通运输,公交Ⅱ,公交Ⅲ,27.15,27.65,27.55
sh603032,德新交运,2019-09-20,28.77,30.2,28.06,28.1,27.54,15025874.0,435966979.0,2203264800.0,4496224800.0,261523454.38,42908514.81,680125472.02,841983132.31,161857660.29,2440144.13,18218.31,18438.21,8477.81,10862.74,16483.17,13046.24,417.38,1249.48,,,,,,,交通运输,公交Ⅱ,公交Ⅲ,28.78,29.7,29.5
sh603032,德新交运,2019-09-23,27.52,28.78,26.9,26.99,28.1,9546244.0,265043688.0,2116231920.0,4318615920.0,261523454.38,42908514.81,680125472.02,841983132.31,161857660.29,2440144.13,10306.06,11056.87,3586.57,6581.17,12336.86,8009.13,274.85,857.18,,,,,,,交通运输,公交Ⅱ,公交Ⅲ,28.14,28.7,28.34
sh603032,德新交运,2019-09-24,26.99,27.2,26.02,26.21,26.99,7664239.0,202006911.0,2055073680.0,4193809680.0,261523454.38,42908514.81,680125472.02,841983132.31,161857660.29,2440144.13,7601.09,7761.61,2940.68,4720.57,9416.05,7515.51,242.84,202.98,,,,,,,交通运输,公交Ⅱ,公交Ⅲ,26.6,26.49,26.4
sh603032,德新交运,2019-09-25,26.03,26.2,25.11,25.15,26.21,5360517.0,136332851.0,1971961200.0,4024201200.0,261523454.38,42908514.81,680125472.02,841983132.31,161857660.29,2440144.13,5123.74,5658.37,1798.46,2839.21,6711.07,4551.28,0.0,584.41,,,,,,,交通运输,公交Ⅱ,公交Ⅲ,25.85,25.54,25.74
sh603032,德新交运,2019-09-26,25.3,26.1,25.28,25.67,25.15,6565076.0,168905770.0,2012733360.0,4107405360.0,261523454.38,42908514.81,680125472.02,841983132.31,161857660.29,2440144.13,7251.57,7227.79,3271.88,2940.36,6258.16,6493.63,108.96,228.79,,,,,,,交通运输,公交Ⅱ,公交Ⅲ,25.6,25.72,25.64
sh603032,德新交运,2019-09-27,25.36,25.8,24.09,25.28,25.67,4396065.0,110515572.0,1982154240.0,4045002240.0,261523454.38,42908514.81,680125472.02,841983132.31,161857660.29,2440144.13,4653.79,4753.79,1279.94,1714.38,5117.83,4311.36,0.0,272.03,,,,,,,交通运输,公交Ⅱ,公交Ⅲ,24.5,24.97,25.06
sh603032,德新交运,2019-09-30,25.0,25.71,24.51,24.51,25.28,2982438.0,74389274.0,1921780080.0,3921796080.0,261523454.38,42908514.81,680125472.02,841983132.31,161857660.29,2440144.13,2667.37,3227.64,732.95,1013.89,4038.61,3197.4,0.0,0.0,,,,,,,交通运输,公交Ⅱ,公交Ⅲ,25.38,25.47,25.3
sh603032,德新交运,2019-10-08,24.66,25.07,24.51,24.58,24.51,2117552.0,52449429.0,1927268640.0,3932996640.0,261523454.38,42908514.81,680125472.02,841983132.31,161857660.29,2440144.13,2287.85,2176.51,518.48,963.55,2438.61,2104.88,0.0,0.0,,,,,,,交通运输,公交Ⅱ,公交Ⅲ,25.02,24.77,24.77
sh603032,德新交运,2019-10-09,24.3,24.98,24.11,24.98,24.58,2442638.0,60509120.0,1958631840.0,3996999840.0,261523454.38,42908514.81,680125472.02,841983132.31,161857660.29,2440144.13,2698.3,2504.52,771.77,834.79,2580.84,2711.6,0.0,0.0,,,,,,,交通运输,公交Ⅱ,公交Ⅲ,24.15,24.76,24.72
sh603032,德新交运,2019-10-10,24.98,25.61,24.92,25.26,24.98,3109573.0,78773574.0,1980586080.0,4041802080.0,261523454.38,42908514.81,680125472.02,841983132.31,161857660.29,2440144.13,3240.34,3680.4,1492.94,1219.91,3144.07,2977.04,0.0,0.0,,,,,,,交通运输,公交Ⅱ,公交Ⅲ,25.3,25.47,25.4
sh603032,德新交运,2019-10-11,25.24,25.6,24.9,25.45,25.26,3854792.0,97575605.0,1995483600.0,4072203600.0,261523454.38,42908514.81,680125472.02,841983132.31,161857660.29,2440144.13,3513.74,4141.44,2769.03,2117.46,3474.79,3498.66,0.0,0.0,,,,,,,交通运输,公交Ⅱ,公交Ⅲ,25.34,24.95,25.02
sh603032,德新交运,2019-10-14,25.85,26.0,25.5,25.66,25.45,3587900.0,92214167.0,2011949280.0,4105805280.0,261523454.38,42908514.81,680125472.02,841983132.31,161857660.29,2440144.13,3720.41,3770.23,2057.9,1870.33,3226.34,3580.86,216.77,0.0,,,,,,,交通运输,公交Ⅱ,公交Ⅲ,25.62,25.87,25.81
sh603032,德新交运,2019-10-15,25.47,26.7,24.68,26.59,25.66,6337560.0,161723982.0,2084868720.0,4254612720.0,261523454.38,42908514.81,680125472.02,841983132.31,161857660.29,2440144.13,5969.54,6001.94,2655.85,3968.18,7113.21,5744.96,433.79,457.33,,,,,,,交通运输,公交Ⅱ,公交Ⅲ,25.16,25.05,25.13
sh603032,德新交运,2019-10-16,26.2,26.48,25.6,25.6,26.59,4606931.0,120109944.0,2007244800.0,4096204800.0,261523454.38,42908514.81,680125472.02,841983132.31,161857660.29,2440144.13,4583.89,4427.02,1922.08,2655.66,5189.15,4627.03,119.39,104.8,,,,,,,交通运输,公交Ⅱ,公交Ⅲ,26.3,25.92,26.21
sh603032,德新交运,2019-10-17,25.6,26.21,25.13,25.34,25.6,3536637.0,90784880.0,1986858720.0,4054602720.0,261523454.38,42908514.81,680125472.02,841983132.31,161857660.29,2440144.13,3257.18,4258.81,1598.18,1911.04,3997.58,2801.79,225.54,106.84,,,,,,,交通运输,公交Ⅱ,公交Ⅲ,25.87,25.92,25.9
sh603032,德新交运,2019-10-18,25.02,25.44,24.65,24.68,25.34,2718900.0,67754379.0,1935109440.0,3948997440.0,261523454.38,42908514.81,680125472.02,841983132.31,161857660.29,2440144.13,2399.85,2835.66,790.54,1464.08,3461.05,2360.99,124.0,114.71,,,,,,,交通运输,公交Ⅱ,公交Ⅲ,25.32,25.1,25.12
sh603032,德新交运,2019-10-21,24.4,24.85,24.11,24.58,24.68,2141932.0,52452606.0,1927268640.0,3932996640.0,261523454.38,42908514.81,680125472.02,841983132.31,161857660.29,2440144.13,2309.66,2332.73,562.63,986.71,2372.97,1822.58,0.0,103.23,,,,,,,交通运输,公交Ⅱ,公交Ⅲ,24.51,24.36,24.21
sh603032,德新交运,2019-10-22,24.7,24.85,24.31,24.56,24.58,1794604.0,44030549.0,1925700480.0,3929796480.0,261523454.38,42908514.81,680125472.02,841983132.31,161857660.29,2440144.13,1612.7,2165.51,563.5,649.54,2226.85,1487.78,0.0,100.22,,,,,,,交通运输,公交Ⅱ,公交Ⅲ,24.63,24.76,24.66
sh603032,德新交运,2019-10-23,24.56,24.73,24.16,24.47,24.56,2181376.0,53318623.0,1918643760.0,3915395760.0,261523454.38,42908514.81,680125472.02,841983132.31,161857660.29,2440144.13,2257.96,2386.05,488.92,890.02,2584.98,2055.79,0.0,0.0,,,,,,,交通运输,公交Ⅱ,公交Ⅲ,24.5,24.35,24.36
sh603032,德新交运,2019-10-24,24.41,24.93,24.3,24.45,24.47,2213314.0,54453575.0,1917075600.0,3912195600.0,261523454.38,42908514.81,680125472.02,841983132.31,161857660.29,2440144.13,2304.68,2438.87,843.74,654.82,2296.94,2351.66,0.0,0.0,,,,,,,交通运输,公交Ⅱ,公交Ⅲ,24.39,24.56,24.78
sh603032,德新交运,2019-10-25,24.55,24.88,24.32,24.58,24.45,1962034.0,48165172.0,1927268640.0,3932996640.0,261523454.38,42908514.81,680125472.02,841983132.31,161857660.29,2440144.13,1975.13,2162.45,629.43,917.6,2163.77,1736.47,48.18,0.0,,,,,,,交通运输,公交Ⅱ,公交Ⅲ,24.75,24.6,24.5
sh603032,德新交运,2019-10-28,24.43,24.84,24.3,24.78,24.58,2541246.0,62730778.0,1942950240.0,3964998240.0,261523454.38,42908514.81,680125472.02,841983132.31,161857660.29,2440144.13,2827.27,2579.37,903.24,1284.62,2474.11,2409.08,68.46,0.0,,,,,,,交通运输,公交Ⅱ,公交Ⅲ,24.49,24.64,24.66
sh603032,德新交运,2019-10-29,24.64,24.64,23.79,23.92,24.78,3807938.0,92099007.0,1875519360.0,3827391360.0,261523454.38,42908514.81,680125472.02,841983132.31,161857660.29,2440144.13,3550.75,4066.1,1091.44,2377.26,4567.7,2656.19,0.0,110.35,,,,,,,交通运输,公交Ⅱ,公交Ⅲ,24.51,24.5,24.46
sh603032,德新交运,2019-10-30,23.87,24.47,23.62,24.03,23.92,1876849.0,45140772.0,1884144240.0,3844992240.0,261523454.38,42908514.81,680125472.02,841983132.31,161857660.29,2440144.13,1920.28,2194.82,546.71,539.05,2047.09,1780.2,0.0,0.0,,,,,,,交通运输,公交Ⅱ,公交Ⅲ,23.87,23.95,24.4
sh603032,德新交运,2019-10-31,24.1,24.13,23.1,23.18,24.03,2784384.0,65475226.0,1817497440.0,3708985440.0,262050686.73,35517791.46000001,683735298.76,829938023.52,146202724.76,3813068.040000001,2146.73,3128.48,1116.76,1478.26,3284.03,1940.78,0.0,0.0,,,,,,,交通运输,公交Ⅱ,公交Ⅲ,24.01,23.95,24.03
sh603032,德新交运,2019-11-01,23.19,23.39,22.66,23.26,23.18,3039669.0,69668276.0,1823770080.0,3721786080.0,262050686.73,35517791.46000001,683735298.76,829938023.52,146202724.76,3813068.040000001,2704.28,2600.38,979.08,814.29,3283.46,3278.53,0.0,273.62,,,,,,,交通运输,公交Ⅱ,公交Ⅲ,23.06,22.85,22.9
sh603032,德新交运,2019-11-04,23.26,23.41,23.02,23.02,23.26,2357560.0,54689035.0,1804952160.0,3683384160.0,262050686.73,35517791.46000001,683735298.76,829938023.52,146202724.76,3813068.040000001,2041.42,2044.45,452.56,753.09,2858.73,2209.37,116.2,461.98,,,,,,,交通运输,公交Ⅱ,公交Ⅲ,23.33,23.27,23.34
sh603032,德新交运,2019-11-05,23.02,23.29,22.91,23.19,23.02,1913260.0,44209811.0,1818281520.0,3710585520.0,262050686.73,35517791.46000001,683735298.76,829938023.52,146202724.76,3813068.040000001,1741.43,2018.08,688.3,568.82,1991.25,1834.07,0.0,0.0,,,,,,,交通运输,公交Ⅱ,公交Ⅲ,22.91,22.99,23.14
sh603032,德新交运,2019-11-06,23.24,23.69,23.05,23.25,23.19,2450000.0,57307975.0,1822986000.0,3720186000.0,262050686.73,35517791.46000001,683735298.76,829938023.52,146202724.76,3813068.040000001,2181.29,2360.67,658.81,749.23,2673.56,2620.9,217.13,0.0,,,,,,,交通运输,公交Ⅱ,公交Ⅲ,23.2,23.64,23.48
sh603032,德新交运,2019-11-07,23.04,23.4,23.03,23.18,23.25,1783021.0,41267423.0,1817497440.0,3708985440.0,262050686.73,35517791.46000001,683735298.76,829938023.52,146202724.76,3813068.040000001,1568.94,1742.3,568.86,693.74,1988.94,1581.86,0.0,108.84,,,,,,,交通运输,公交Ⅱ,公交Ⅲ,23.13,23.19,23.31
sh603032,德新交运,2019-11-08,23.43,23.47,23.2,23.21,23.18,1619920.0,37731251.0,1819849680.0,3713785680.0,262050686.73,35517791.46000001,683735298.76,829938023.52,146202724.76,3813068.040000001,1237.95,1210.82,388.23,360.0,1120.76,1327.97,151.85,0.0,,,,,,,交通运输,公交Ⅱ,公交Ⅲ,23.23,23.28,23.3
sh603032,德新交运,2019-11-11,23.04,23.07,22.01,22.17,23.21,2632239.0,59196591.0,1738305360.0,3547377360.0,262050686.73,35517791.46000001,683735298.76,829938023.52,146202724.76,3813068.040000001,2249.74,2901.86,408.29,950.41,3261.62,1953.05,0.0,114.34,,,,,,,交通运输,公交Ⅱ,公交Ⅲ,22.79,22.94,22.9
sh603032,德新交运,2019-11-12,22.28,24.0,22.18,23.51,22.17,4659614.0,107829493.0,1843372080.0,3761788080.0,262050686.73,35517791.46000001,683735298.76,829938023.52,146202724.76,3813068.040000001,4085.36,4324.52,2034.77,1803.54,3953.16,4549.08,709.66,105.8,,,,,,,交通运输,公交Ⅱ,公交Ⅲ,22.35,22.52,22.44
sh603032,德新交运,2019-11-13,23.51,23.77,22.84,23.07,23.51,3130933.0,72927753.0,1808872560.0,3691384560.0,262050686.73,35517791.46000001,683735298.76,829938023.52,146202724.76,3813068.040000001,2899.39,2776.5,811.29,1496.66,3582.09,2733.85,0.0,285.77,,,,,,,交通运输,公交Ⅱ,公交Ⅲ,23.23,23.29,23.5
sh603032,德新交运,2019-11-14,23.3,23.68,22.92,23.14,23.07,2959468.0,69081656.0,1814361120.0,3702585120.0,262050686.73,35517791.46000001,683735298.76,829938023.52,146202724.76,3813068.040000001,2818.13,3035.49,974.48,1238.94,3015.11,2633.73,100.44,0.0,,,,,,,交通运输,公交Ⅱ,公交Ⅲ,23.1,23.32,23.51
sh603032,德新交运,2019-11-15,22.87,23.0,22.41,22.48,23.14,2647746.0,59810619.0,1762611840.0,3596979840.0,262050686.73,35517791.46000001,683735298.76,829938023.52,146202724.76,3813068.040000001,2374.27,2847.9,735.02,1080.23,2871.76,2052.93,0.0,0.0,,,,,,,交通运输,公交Ⅱ,公交Ⅲ,22.78,22.55,22.6
sh603032,德新交运,2019-11-18,22.36,22.62,22.3,22.57,22.48,1567476.0,35251099.0,1769668560.0,3611380560.0,262050686.73,35517791.46000001,683735298.76,829938023.52,146202724.76,3813068.040000001,1448.02,1522.6,527.57,647.83,1549.52,1354.68,0.0,0.0,,,,,,,交通运输,公交Ⅱ,公交Ⅲ,22.43,22.5,22.56
sh603032,德新交运,2019-11-19,22.57,22.98,22.51,22.9,22.57,2472024.0,56306620.0,1795543200.0,3664183200.0,262050686.73,35517791.46000001,683735298.76,829938023.52,146202724.76,3813068.040000001,2443.06,2145.08,1426.86,1232.01,1760.75,2253.57,0.0,0.0,,,,,,,交通运输,公交Ⅱ,公交Ⅲ,22.62,22.62,22.6
sh603032,德新交运,2019-11-20,22.88,23.2,22.57,22.57,22.9,1915619.0,43575325.0,1769668560.0,3611380560.0,262050686.73,35517791.46000001,683735298.76,829938023.52,146202724.76,3813068.040000001,1685.43,1976.84,700.42,934.73,1971.67,1445.96,0.0,0.0,,,,,,,交通运输,公交Ⅱ,公交Ⅲ,22.92,22.87,22.9
sh603032,德新交运,2019-11-21,22.5,23.0,22.43,22.9,22.57,1877416.0,42790874.0,1795543200.0,3664183200.0,262050686.73,35517791.46000001,683735298.76,829938023.52,146202724.76,3813068.040000001,1634.76,1658.39,703.01,374.71,1452.86,1929.29,171.75,0.0,,,,,,,交通运输,公交Ⅱ,公交Ⅲ,22.62,22.6,22.69
sh603032,德新交运,2019-11-22,23.0,23.2,22.52,22.75,22.9,2385520.0,54624859.0,1783782000.0,3640182000.0,262050686.73,35517791.46000001,683735298.76,829938023.52,146202724.76,3813068.040000001,2213.63,2558.69,769.24,799.54,2373.11,2104.25,106.5,0.0,,,,,,,交通运输,公交Ⅱ,公交Ⅲ,22.91,23.09,23.09
sh603032,德新交运,2019-11-25,22.61,22.88,22.25,22.41,22.75,1599220.0,35966513.0,1757123280.0,3585779280.0,262050686.73,35517791.46000001,683735298.76,829938023.52,146202724.76,3813068.040000001,1402.03,1481.64,404.04,896.84,1704.24,1131.84,0.0,0.0,,,,,,,交通运输,公交Ⅱ,公交Ⅲ,22.55,22.59,22.31
sh603032,德新交运,2019-11-26,22.41,22.68,22.26,22.28,22.41,1397020.0,31275308.0,1746930240.0,3564978240.0,262050686.73,35517791.46000001,683735298.76,829938023.52,146202724.76,3813068.040000001,1182.09,1315.73,571.49,748.7,1316.1,1005.25,0.0,0.0,,,,,,,交通运输,公交Ⅱ,公交Ⅲ,22.58,22.46,22.54
sh603032,德新交运,2019-11-27,22.35,22.38,22.04,22.1,22.28,1378000.0,30533378.0,1732816800.0,3536176800.0,262050686.73,35517791.46000001,683735298.76,829938023.52,146202724.76,3813068.040000001,1268.47,1487.81,374.34,514.27,1410.52,1051.25,0.0,0.0,,,,,,,交通运输,公交Ⅱ,公交Ⅲ,22.18,22.06,22.09
sh603032,德新交运,2019-11-28,22.26,22.66,22.15,22.5,22.1,2266382.0,50883562.0,1764180000.0,3600180000.0,262050686.73,35517791.46000001,683735298.76,829938023.52,146202724.76,3813068.040000001,2038.11,2222.35,1247.51,931.29,1683.61,1934.72,119.12,0.0,,,,,,,交通运输,公交Ⅱ,公交Ⅲ,22.2,22.27,22.57
sh603032,德新交运,2019-11-29,22.3,22.53,22.06,22.2,22.5,1422500.0,31572627.0,1740657600.0,3552177600.0,262050686.73,35517791.46000001,683735298.76,829938023.52,146202724.76,3813068.040000001,1148.2,1403.6,437.11,445.64,1541.66,1164.89,0.0,112.84,,,,,,,交通运输,公交Ⅱ,公交Ⅲ,22.47,22.31,22.23
sh603032,德新交运,2019-12-02,22.35,22.35,22.08,22.11,22.2,1095164.0,24300760.0,1733600880.0,3537776880.0,262050686.73,35517791.46000001,683735298.76,829938023.52,146202724.76,3813068.040000001,1094.85,1014.16,313.39,497.33,1021.83,918.58,0.0,0.0,,,,,,,交通运输,公交Ⅱ,公交Ⅲ,22.29,22.2,22.33
sh603032,德新交运,2019-12-03,22.05,24.03,21.9,22.66,22.11,3443617.0,78703041.0,1776725280.0,3625781280.0,262050686.73,35517791.46000001,683735298.76,829938023.52,146202724.76,3813068.040000001,3232.38,3545.54,1603.57,1260.39,3034.35,2957.58,0.0,106.8,,,,,,,交通运输,公交Ⅱ,公交Ⅲ,21.93,22.17,22.1
sh603032,德新交运,2019-12-04,22.4,22.65,22.26,22.5,22.66,1605504.0,36033316.0,1764180000.0,3600180000.0,262050686.73,35517791.46000001,683735298.76,829938023.52,146202724.76,3813068.040000001,1492.07,1630.89,308.69,528.22,1802.56,1444.22,0.0,0.0,,,,,,,交通运输,公交Ⅱ,公交Ⅲ,22.64,22.6,22.37
sh603032,德新交运,2019-12-05,22.49,22.67,22.41,22.55,22.5,1755464.0,39567226.0,1768100400.0,3608180400.0,262050686.73,35517791.46000001,683735298.76,829938023.52,146202724.76,3813068.040000001,1563.6,1629.33,910.29,895.12,1482.84,1432.27,0.0,0.0,,,,,,,交通运输,公交Ⅱ,公交Ⅲ,22.56,22.55,22.58
sh603032,德新交运,2019-12-06,22.36,22.68,22.36,22.57,22.55,1441440.0,32502530.0,1769668560.0,3611380560.0,262050686.73,35517791.46000001,683735298.76,829938023.52,146202724.76,3813068.040000001,1269.02,1247.29,472.81,674.58,1508.42,1328.38,0.0,0.0,,,,,,,交通运输,公交Ⅱ,公交Ⅲ,22.55,22.65,22.64
sh603032,德新交运,2019-12-09,22.61,22.68,22.42,22.56,22.57,1514360.0,34134976.0,1768884480.0,3609780480.0,262050686.73,35517791.46000001,683735298.76,829938023.52,146202724.76,3813068.040000001,1439.84,1364.64,452.3,884.91,1521.36,1163.95,0.0,0.0,,,,,,,交通运输,公交Ⅱ,公交Ⅲ,22.57,22.59,22.56
sh603032,德新交运,2019-12-10,22.49,22.59,22.32,22.41,22.56,1546484.0,34661477.0,1757123280.0,3585779280.0,262050686.73,35517791.46000001,683735298.76,829938023.52,146202724.76,3813068.040000001,1337.85,1606.31,469.63,706.11,1658.67,1153.74,0.0,0.0,,,,,,,交通运输,公交Ⅱ,公交Ⅲ,22.46,22.47,22.44
sh603032,德新交运,2019-12-11,22.62,23.67,22.62,22.8,22.41,4218324.0,97142233.0,1787702400.0,3648182400.0,262050686.73,35517791.46000001,683735298.76,829938023.52,146202724.76,3813068.040000001,3792.72,3937.42,1836.3,2199.81,3970.45,3576.99,114.75,0.0,,,,,,,交通运输,公交Ⅱ,公交Ⅲ,22.69,23.15,23.09
sh603032,德新交运,2019-12-12,22.61,22.69,22.38,22.48,22.8,2232140.0,50269662.0,1762611840.0,3596979840.0,262050686.73,35517791.46000001,683735298.76,829938023.52,146202724.76,3813068.040000001,1986.9,2213.58,767.75,1049.92,2272.31,1646.04,0.0,117.42,,,,,,,交通运输,公交Ⅱ,公交Ⅲ,22.61,22.48,22.49
sh603032,德新交运,2019-12-13,22.51,22.88,22.51,22.8,22.48,2735196.0,62236516.0,1787702400.0,3648182400.0,262050686.73,35517791.46000001,683735298.76,829938023.52,146202724.76,3813068.040000001,2675.04,2513.69,1210.79,1136.34,2198.89,2440.52,138.93,133.1,,,,,,,交通运输,公交Ⅱ,公交Ⅲ,22.53,22.57,22.66
sh603032,德新交运,2019-12-16,22.78,23.48,22.78,23.1,22.8,2765397.0,63824222.0,1811224800.0,3696184800.0,262050686.73,35517791.46000001,683735298.76,829938023.52,146202724.76,3813068.040000001,2681.73,2598.52,991.28,1124.23,2594.21,2521.7,115.2,137.98,,,,,,,交通运输,公交Ⅱ,公交Ⅲ,23.14,23.1,23.06
sh603032,德新交运,2019-12-17,23.05,23.63,23.01,23.41,23.1,4401448.0,103039741.0,1835531280.0,3745787280.0,262050686.73,35517791.46000001,683735298.76,829938023.52,146202724.76,3813068.040000001,4278.45,3925.47,2372.48,2194.15,3653.04,3771.87,0.0,412.48,,,,,,,交通运输,公交Ⅱ,公交Ⅲ,23.24,23.13,23.31
sh603032,德新交运,2019-12-18,23.2,23.95,23.15,23.58,23.41,4703389.0,111334542.0,1848860640.0,3772988640.0,262050686.73,35517791.46000001,683735298.76,829938023.52,146202724.76,3813068.040000001,4422.58,4617.62,2498.24,2537.6,4111.36,3873.07,101.26,105.17,,,,,,,交通运输,公交Ⅱ,公交Ⅲ,23.49,23.81,23.71
sh603032,德新交运,2019-12-19,23.56,24.58,23.26,24.0,23.58,6435506.0,153348804.0,1881792000.0,3840192000.0,262050686.73,35517791.46000001,683735298.76,829938023.52,146202724.76,3813068.040000001,5935.54,6631.88,3630.46,3247.87,5512.36,5053.87,256.51,401.25,,,,,,,交通运输,公交Ⅱ,公交Ⅲ,23.79,23.76,23.61
sh603032,德新交运,2019-12-20,24.0,24.19,23.28,23.29,24.0,4108015.0,97303780.0,1826122320.0,3726586320.0,262050686.73,35517791.46000001,683735298.76,829938023.52,146202724.76,3813068.040000001,3585.36,3756.31,1664.63,2870.49,4480.38,2868.84,0.0,234.73,,,,,,,交通运输,公交Ⅱ,公交Ⅲ,23.95,23.67,23.72
sh603032,德新交运,2019-12-23,23.0,23.23,22.35,22.43,23.29,2964407.0,67546191.0,1758691440.0,3588979440.0,262050686.73,35517791.46000001,683735298.76,829938023.52,146202724.76,3813068.040000001,2433.82,3127.25,983.66,1549.91,3337.14,1968.24,0.0,109.21,,,,,,,交通运输,公交Ⅱ,公交Ⅲ,22.87,23.11,23.0
sh603032,德新交运,2019-12-24,22.61,22.77,22.5,22.67,22.43,1530419.0,34611203.0,1777509360.0,3627381360.0,262050686.73,35517791.46000001,683735298.76,829938023.52,146202724.76,3813068.040000001,1640.89,1450.69,379.3,516.02,1440.93,1381.25,0.0,113.16,,,,,,,交通运输,公交Ⅱ,公交Ⅲ,22.65,22.67,22.6
sh603032,德新交运,2019-12-25,22.58,22.85,22.35,22.42,22.67,2188944.0,49243884.0,1757907360.0,3587379360.0,262050686.73,35517791.46000001,683735298.76,829938023.52,146202724.76,3813068.040000001,1916.39,2060.74,718.57,1379.4,2289.41,1342.78,0.0,141.47,,,,,,,交通运输,公交Ⅱ,公交Ⅲ,22.65,22.45,22.46
sh603032,德新交运,2019-12-26,22.38,22.62,22.23,22.54,22.42,1675810.0,37601312.0,1767316320.0,3606580320.0,262050686.73,35517791.46000001,683735298.76,829938023.52,146202724.76,3813068.040000001,1305.3,1818.46,862.46,747.77,1476.29,1193.9,116.08,0.0,,,,,,,交通运输,公交Ⅱ,公交Ⅲ,22.46,22.45,22.49
sh603032,德新交运,2019-12-27,22.54,22.84,22.27,22.36,22.54,2576382.0,57949858.0,1753202880.0,3577778880.0,262050686.73,35517791.46000001,683735298.76,829938023.52,146202724.76,3813068.040000001,2359.69,2426.54,1053.69,1435.34,2381.6,1933.1,0.0,0.0,,,,,,,交通运输,公交Ⅱ,公交Ⅲ,22.5,22.41,22.54
sh603032,德新交运,2019-12-30,22.27,22.27,21.85,22.14,22.36,2267828.0,50009037.0,1735953120.0,3542577120.0,262050686.73,35517791.46000001,683735298.76,829938023.52,146202724.76,3813068.040000001,1823.61,2418.94,959.72,899.69,2217.57,1565.15,0.0,117.12,,,,,,,交通运输,公交Ⅱ,公交Ⅲ,22.04,21.88,21.93
sh603032,德新交运,2019-12-31,22.0,22.39,21.91,22.2,22.14,1662324.0,36864342.0,1740657600.0,3552177600.0,262050686.73,35517791.46000001,683735298.76,829938023.52,146202724.76,3813068.040000001,1538.12,1705.49,549.78,450.86,1598.54,1530.09,0.0,0.0,,,,,,,交通运输,公交Ⅱ,公交Ⅲ,22.11,22.08,22.12
sh603032,德新交运,2020-01-02,22.2,22.66,22.15,22.51,22.2,2855000.0,64095632.0,1764964080.0,3601780080.0,262050686.73,35517791.46000001,683735298.76,829938023.52,146202724.76,3813068.040000001,2689.4,2741.65,1441.84,1388.79,2142.47,2117.21,135.85,161.9,,,,,,,交通运输,公交Ⅱ,公交Ⅲ,22.26,22.38,22.4
sh603032,德新交运,2020-01-03,22.5,22.65,22.34,22.39,22.51,2716862.0,60995797.0,1755555120.0,3582579120.0,262050686.73,35517791.46000001,683735298.76,829938023.52,146202724.76,3813068.040000001,2584.05,2809.78,1020.36,1665.03,2495.16,1624.76,0.0,0.0,,,,,,,交通运输,公交Ⅱ,公交Ⅲ,22.5,22.42,22.42
sh603032,德新交运,2020-01-06,22.2,22.59,21.85,22.48,22.39,3274939.0,73115150.0,3596979840.0,3596979840.0,262050686.73,35517791.46000001,683735298.76,829938023.52,146202724.76,3813068.040000001,2391.14,3055.89,1799.89,1880.74,2890.26,2255.41,230.22,119.47,,,,,,,交通运输,公交Ⅱ,公交Ⅲ,21.97,22.17,22.29
sh603032,德新交运,2020-01-07,22.48,22.9,22.45,22.85,22.48,4058068.0,92027455.0,3656182800.0,3656182800.0,262050686.73,35517791.46000001,683735298.76,829938023.52,146202724.76,3813068.040000001,3814.0,3342.89,1877.2,1774.27,3131.57,3026.33,379.98,1059.26,,,,,,,交通运输,公交Ⅱ,公交Ⅲ,22.48,22.58,22.68
sh603032,德新交运,2020-01-08,22.66,22.79,22.16,22.35,22.85,2971311.0,66935062.0,3576178800.0,3576178800.0,262050686.73,35517791.46000001,683735298.76,829938023.52,146202724.76,3813068.040000001,2737.58,2960.42,1105.46,1349.39,2850.46,2226.46,0.0,157.23,,,,,,,交通运输,公交Ⅱ,公交Ⅲ,22.74,22.69,22.68
sh603032,德新交运,2020-01-09,22.42,22.69,22.42,22.5,22.35,2082626.0,46900163.0,3600180000.0,3600180000.0,262050686.73,35517791.46000001,683735298.76,829938023.52,146202724.76,3813068.040000001,2087.08,1842.74,864.95,1195.22,1737.98,1495.09,0.0,156.96,,,,,,,交通运输,公交Ⅱ,公交Ⅲ,22.64,22.59,22.59
sh603032,德新交运,2020-01-10,22.75,23.51,22.5,23.16,22.5,5527378.0,127369528.0,3705785280.0,3705785280.0,262050686.73,35517791.46000001,683735298.76,829938023.52,146202724.76,3813068.040000001,5135.65,5314.86,3765.85,2333.04,3527.96,4860.74,307.49,228.31,,,,,,,交通运输,公交Ⅱ,公交Ⅲ,22.56,22.52,22.59
sh603032,德新交运,2020-01-13,23.15,23.94,23.0,23.29,23.16,4868434.0,114367336.0,3726586320.0,3726586320.0,262050686.73,35517791.46000001,683735298.76,829938023.52,146202724.76,3813068.040000001,5167.27,4691.13,2521.38,2856.01,3647.98,3533.12,100.1,356.47,,,,,,,交通运输,公交Ⅱ,公交Ⅲ,23.39,23.61,23.63
sh603032,德新交运,2020-01-14,23.25,23.41,22.88,22.99,23.29,3543852.0,81713201.0,3678583920.0,3678583920.0,262050686.73,35517791.46000001,683735298.76,829938023.52,146202724.76,3813068.040000001,3224.24,3230.1,1593.39,2142.7,3353.68,2047.49,0.0,751.02,,,,,,,交通运输,公交Ⅱ,公交Ⅲ,23.35,23.18,23.11
sh603032,德新交运,2020-01-15,23.0,23.3,22.62,23.13,22.99,2925671.0,67348246.0,3700985040.0,3700985040.0,262050686.73,35517791.46000001,683735298.76,829938023.52,146202724.76,3813068.040000001,2698.67,2773.42,1340.57,1105.99,2449.25,2742.54,246.34,112.87,,,,,,,交通运输,公交Ⅱ,公交Ⅲ,22.94,22.84,22.8
sh603032,德新交运,2020-01-16,23.15,23.15,22.62,22.64,23.13,2605564.0,59391630.0,3622581120.0,3622581120.0,262050686.73,35517791.46000001,683735298.76,829938023.52,146202724.76,3813068.040000001,2221.69,2455.39,788.8,1717.1,2583.58,1399.3,345.09,367.36,,,,,,,交通运输,公交Ⅱ,公交Ⅲ,22.9,22.92,22.92
sh603032,德新交运,2020-01-17,22.64,22.83,22.22,22.35,22.64,1957791.0,43999124.0,3576178800.0,3576178800.0,262050686.73,35517791.46000001,683735298.76,829938023.52,146202724.76,3813068.040000001,1494.14,1945.91,809.11,1160.28,2096.67,1176.84,0.0,116.88,,,,,,,交通运输,公交Ⅱ,公交Ⅲ,22.73,22.69,22.75
sh603032,德新交运,2020-01-20,22.01,22.69,22.01,22.57,22.35,1352551.0,30383873.0,3611380560.0,3611380560.0,262050686.73,35517791.46000001,683735298.76,829938023.52,146202724.76,3813068.040000001,1350.68,1430.81,436.61,351.06,1131.58,1256.52,119.52,0.0,,,,,,,交通运输,公交Ⅱ,公交Ⅲ,22.32,22.3,22.48
sh603032,德新交运,2020-01-21,22.48,22.74,22.14,22.22,22.57,1431883.0,31895646.0,3555377760.0,3555377760.0,262050686.73,35517791.46000001,683735298.76,829938023.52,146202724.76,3813068.040000001,1297.27,1391.46,431.93,842.87,1460.37,955.23,0.0,0.0,,,,,,,交通运输,公交Ⅱ,公交Ⅲ,22.57,22.36,22.33
sh603032,德新交运,2020-01-22,22.0,22.35,21.87,22.19,22.22,1565520.0,34621780.0,3550577520.0,3550577520.0,262050686.73,35517791.46000001,683735298.76,829938023.52,146202724.76,3813068.040000001,1342.82,1467.22,536.02,601.06,1332.47,1267.84,250.86,126.06,,,,,,,交通运输,公交Ⅱ,公交Ⅲ,21.9,21.9,21.99
sh603032,德新交运,2020-01-23,22.16,22.2,21.09,21.13,22.19,2809600.0,60700744.0,3380969040.0,3380969040.0,262050686.73,35517791.46000001,683735298.76,829938023.52,146202724.76,3813068.040000001,1926.3,2589.94,1596.59,1666.45,2392.38,1507.06,154.8,306.62,,,,,,,交通运输,公交Ⅱ,公交Ⅲ,22.09,22.02,21.98
sh603032,德新交运,2020-02-03,19.02,19.02,19.02,19.02,21.13,407300.0,7746846.0,3043352160.0,3043352160.0,262050686.73,35517791.46000001,683735298.76,829938023.52,146202724.76,3813068.040000001,154.25,360.24,168.9,213.59,332.66,200.28,118.3,0.0,,,,,,,交通运输,公交Ⅱ,公交Ⅲ,19.02,19.02,19.02
sh603032,德新交运,2020-02-04,17.12,17.94,17.12,17.14,19.02,5548104.0,95859298.0,2742537120.0,2742537120.0,262050686.73,35517791.46000001,683735298.76,829938023.52,146202724.76,3813068.040000001,3782.22,4310.24,1117.74,1844.85,4584.08,3042.02,101.86,388.8,,,,,,,交通运输,公交Ⅱ,公交Ⅲ,17.48,17.56,17.4
sh603032,德新交运,2020-02-05,17.37,17.84,17.18,17.36,17.14,3816900.0,66632311.0,2777738880.0,2777738880.0,262050686.73,35517791.46000001,683735298.76,829938023.52,146202724.76,3813068.040000001,2804.94,3025.65,694.05,782.76,3164.24,2753.95,0.0,100.86,,,,,,,交通运输,公交Ⅱ,公交Ⅲ,17.19,17.31,17.35
sh603032,德新交运,2020-02-06,17.37,19.1,17.1,19.1,17.36,5006457.0,88961283.0,3056152800.0,3056152800.0,262050686.73,35517791.46000001,683735298.76,829938023.52,146202724.76,3813068.040000001,3083.67,3525.91,1182.77,1450.62,3035.68,3672.08,1451.22,104.72,,,,,,,交通运输,公交Ⅱ,公交Ⅲ,17.16,17.27,17.2
sh603032,德新交运,2020-02-07,19.0,20.6,18.5,19.6,19.1,7353506.0,144879529.0,3136156800.0,3136156800.0,262050686.73,35517791.46000001,683735298.76,829938023.52,146202724.76,3813068.040000001,5790.65,5911.05,2301.28,3233.46,5724.31,5147.1,671.7,196.34,,,,,,,交通运输,公交Ⅱ,公交Ⅲ,18.8,19.95,19.65
sh603032,德新交运,2020-02-10,19.3,20.1,18.83,19.54,19.6,3867343.0,75246136.0,3126556320.0,3126556320.0,262050686.73,35517791.46000001,683735298.76,829938023.52,146202724.76,3813068.040000001,3198.37,3060.68,847.96,1446.38,3478.28,3017.55,0.0,0.0,,,,,,,交通运输,公交Ⅱ,公交Ⅲ,19.09,19.18,19.2
sh603032,德新交运,2020-02-11,19.5,19.9,19.31,19.53,19.54,2472674.0,48435616.0,3124956240.0,3124956240.0,262050686.73,35517791.46000001,683735298.76,829938023.52,146202724.76,3813068.040000001,1963.48,2397.46,455.66,322.5,2424.42,2123.6,0.0,0.0,,,,,,,交通运输,公交Ⅱ,公交Ⅲ,19.4,19.46,19.78
sh603032,德新交运,2020-02-12,19.52,20.92,19.42,20.01,19.53,4326010.0,86814119.0,3201760080.0,3201760080.0,262050686.73,35517791.46000001,683735298.76,829938023.52,146202724.76,3813068.040000001,3705.3,3722.56,1754.69,1399.51,3018.06,3355.51,203.36,203.83,,,,,,,交通运输,公交Ⅱ,公交Ⅲ,19.7,19.62,19.59
sh603032,德新交运,2020-02-13,19.9,20.25,19.66,19.71,20.01,2551602.0,50613613.0,3153757680.0,3153757680.0,262050686.73,35517791.46000001,683735298.76,829938023.52,146202724.76,3813068.040000001,1925.7,2492.18,724.96,748.42,2410.69,1820.76,0.0,0.0,,,,,,,交通运输,公交Ⅱ,公交Ⅲ,20.09,20.01,19.97
sh603032,德新交运,2020-02-14,19.7,20.5,19.5,19.78,19.71,2843951.0,56543280.0,3164958240.0,3164958240.0,262050686.73,35517791.46000001,683735298.76,829938023.52,146202724.76,3813068.040000001,1916.15,1953.43,735.41,763.7,1832.11,1765.91,118.16,118.8,,,,,,,交通运输,公交Ⅱ,公交Ⅲ,19.59,19.66,19.7
sh603032,德新交运,2020-02-17,20.03,20.31,19.96,20.13,19.78,2879902.0,57997291.0,3220961040.0,3220961040.0,262050686.73,35517791.46000001,683735298.76,829938023.52,146202724.76,3813068.040000001,2673.29,2559.76,795.35,1137.44,2331.09,2102.53,0.0,0.0,,,,,,,交通运输,公交Ⅱ,公交Ⅲ,20.08,20.21,20.17
sh603032,德新交运,2020-02-18,20.13,20.49,20.06,20.37,20.13,3022048.0,61242086.0,3259362960.0,3259362960.0,262050686.73,35517791.46000001,683735298.76,829938023.52,146202724.76,3813068.040000001,2743.28,2725.81,1032.46,985.57,2348.47,2285.95,0.0,126.88,,,,,,,交通运输,公交Ⅱ,公交Ⅲ,20.15,20.27,20.37
sh603032,德新交运,2020-02-19,20.34,20.6,20.21,20.27,20.37,3160384.0,64402426.0,3243362160.0,3243362160.0,262050686.73,35517791.46000001,683735298.76,829938023.52,146202724.76,3813068.040000001,2668.53,2541.8,1450.0,1672.35,2203.74,2068.48,117.97,157.61,,,,,,,交通运输,公交Ⅱ,公交Ⅲ,20.36,20.25,20.32
sh603032,德新交运,2020-02-20,19.7,20.44,19.7,20.31,20.27,4416155.0,88723531.0,3249762480.0,3249762480.0,262050686.73,35517791.46000001,683735298.76,829938023.52,146202724.76,3813068.040000001,3661.89,3768.68,1379.36,2061.08,3729.84,2938.55,101.25,104.03,,,,,,,交通运输,公交Ⅱ,公交Ⅲ,19.84,20.05,19.97
sh603032,德新交运,2020-02-21,20.5,21.02,20.18,20.52,20.31,4319565.0,88675551.0,3283364160.0,3283364160.0,262050686.73,35517791.46000001,683735298.76,829938023.52,146202724.76,3813068.040000001,3249.31,3547.44,1524.26,1688.04,3785.61,3415.17,308.37,216.92,,,,,,,交通运输,公交Ⅱ,公交Ⅲ,20.36,20.3,20.33
sh603032,德新交运,2020-02-24,20.5,21.38,20.15,20.85,20.52,5253996.0,108260819.0,3336166800.0,3336166800.0,262050686.73,35517791.46000001,683735298.76,829938023.52,146202724.76,3813068.040000001,4282.27,4381.92,2425.04,2144.26,4118.77,4088.23,0.0,211.67,,,,,,,交通运输,公交Ⅱ,公交Ⅲ,20.56,20.37,20.32
sh603032,德新交运,2020-02-25,20.15,20.39,19.77,20.1,20.85,4346446.0,87671738.0,3216160800.0,3216160800.0,262050686.73,35517791.46000001,683735298.76,829938023.52,146202724.76,3813068.040000001,3477.49,4120.81,1414.93,1396.05,3874.75,3250.29,0.0,0.0,,,,,,,交通运输,公交Ⅱ,公交Ⅲ,20.34,20.37,20.29
sh603032,德新交运,2020-02-26,19.8,21.06,19.65,20.59,20.1,6864566.0,142247692.0,3294564720.0,3294564720.0,262050686.73,35517791.46000001,683735298.76,829938023.52,146202724.76,3813068.040000001,2325.43,2375.64,1028.31,990.62,2012.17,2103.75,104.1,0.0,,,,,,,交通运输,公交Ⅱ,公交Ⅲ,19.86,20.02,20.35
sh603032,德新交运,2020-02-27,20.59,21.17,20.17,20.27,20.59,4714563.0,97250131.0,3243362160.0,3243362160.0,262050686.73,35517791.46000001,683735298.76,829938023.52,146202724.76,3813068.040000001,4010.41,3920.73,1254.57,2511.28,4207.01,3185.36,253.02,107.64,,,,,,,交通运输,公交Ⅱ,公交Ⅲ,20.82,20.73,20.92
sh603032,德新交运,2020-02-28,19.5,19.95,18.53,18.66,20.27,3975306.0,76064835.0,2985749280.0,2985749280.0,262050686.73,35517791.46000001,683735298.76,829938023.52,146202724.76,3813068.040000001,2468.53,3468.15,567.77,1313.09,4425.98,2695.28,144.2,129.95,,,,,,,交通运输,公交Ⅱ,公交Ⅲ,19.49,19.82,19.62
sh603032,德新交运,2020-03-02,18.81,20.53,18.81,20.53,18.66,7878328.0,159599460.0,3284964240.0,3284964240.0,262050686.73,35517791.46000001,683735298.76,829938023.52,146202724.76,3813068.040000001,4308.08,6622.26,3933.24,2911.66,3006.86,5351.88,4711.75,1074.14,,,,,,,交通运输,公交Ⅱ,公交Ⅲ,19.17,19.2,19.12
sh603032,德新交运,2020-03-03,21.27,21.27,20.14,20.45,20.53,8956589.0,183820529.0,3272163600.0,3272163600.0,262050686.73,35517791.46000001,683735298.76,829938023.52,146202724.76,3813068.040000001,6679.93,6770.08,3689.55,5709.36,6686.72,3756.48,1325.83,2146.11,,,,,,,交通运输,公交Ⅱ,公交Ⅲ,20.52,20.44,20.3
sh603032,德新交运,2020-03-04,20.0,20.53,19.98,20.15,20.45,3928809.0,79224716.0,3224161200.0,3224161200.0,262050686.73,35517791.46000001,683735298.76,829938023.52,146202724.76,3813068.040000001,3348.83,3321.92,850.47,1691.29,3723.17,2338.0,0.0,571.26,,,,,,,交通运输,公交Ⅱ,公交Ⅲ,20.23,20.34,20.14
sh603032,德新交运,2020-03-05,20.3,20.49,20.12,20.35,20.15,3607286.0,73312780.0,3256162800.0,3256162800.0,262050686.73,35517791.46000001,683735298.76,829938023.52,146202724.76,3813068.040000001,3245.27,3356.61,1320.2,1312.61,2765.8,2540.2,0.0,121.84,,,,,,,交通运输,公交Ⅱ,公交Ⅲ,20.23,20.29,20.24
sh603032,德新交运,2020-03-06,20.25,20.3,19.88,20.04,20.35,2952903.0,59333015.0,3206560320.0,3206560320.0,262050686.73,35517791.46000001,683735298.76,829938023.52,146202724.76,3813068.040000001,2443.7,2980.95,556.42,1201.44,2933.17,1750.91,0.0,0.0,,,,,,,交通运输,公交Ⅱ,公交Ⅲ,20.13,20.09,20.2
sh603032,德新交运,2020-03-09,19.7,19.91,19.31,19.33,20.04,2851093.0,55877082.0,3092954640.0,3092954640.0,262050686.73,35517791.46000001,683735298.76,829938023.52,146202724.76,3813068.040000001,1729.28,2398.27,404.45,947.88,3453.98,2241.55,0.0,0.0,,,,,,,交通运输,公交Ⅱ,公交Ⅲ,19.85,19.75,19.81
sh603032,德新交运,2020-03-10,18.71,19.6,18.43,19.36,19.33,3298199.0,62589071.0,3097754880.0,3097754880.0,262050686.73,35517791.46000001,683735298.76,829938023.52,146202724.76,3813068.040000001,2289.46,2353.86,516.55,994.81,3452.89,2660.77,0.0,249.47,,,,,,,交通运输,公交Ⅱ,公交Ⅲ,19.04,18.8,18.95
sh603032,德新交运,2020-03-11,19.51,20.34,19.3,20.09,19.36,5217338.0,104123001.0,3214560720.0,3214560720.0,262050686.73,35517791.46000001,683735298.76,829938023.52,146202724.76,3813068.040000001,4220.7,4331.6,1831.71,1102.84,3509.79,4162.81,257.92,222.88,,,,,,,交通运输,公交Ⅱ,公交Ⅲ,19.45,19.61,19.7
sh603032,德新交运,2020-03-12,19.69,19.77,19.25,19.39,20.09,2993500.0,58412559.0,3102555120.0,3102555120.0,262050686.73,35517791.46000001,683735298.76,829938023.52,146202724.76,3813068.040000001,2187.79,2397.19,574.02,1117.44,3079.44,2202.29,0.0,124.33,,,,,,,交通运输,公交Ⅱ,公交Ⅲ,19.41,19.57,19.47
sh603032,德新交运,2020-03-13,18.28,19.2,18.18,19.02,19.39,2446300.0,45806014.0,3043352160.0,3043352160.0,262050686.73,35517791.46000001,683735298.76,829938023.52,146202724.76,3813068.040000001,1683.36,2005.52,519.44,591.38,2221.57,1856.88,156.23,126.82,,,,,,,交通运输,公交Ⅱ,公交Ⅲ,18.6,18.76,18.84
sh603032,德新交运,2020-03-16,19.15,19.4,18.36,18.39,19.02,2078060.0,39204857.0,2942547120.0,2942547120.0,262050686.73,35517791.46000001,683735298.76,829938023.52,146202724.76,3813068.040000001,1373.67,1708.93,309.34,652.8,2237.47,1558.75,0.0,0.0,,,,,,,交通运输,公交Ⅱ,公交Ⅲ,19.25,19.23,19.25
sh603032,德新交运,2020-03-17,18.44,18.76,16.8,17.76,18.39,2996982.0,52905772.0,2841742080.0,2841742080.0,262050686.73,35517791.46000001,683735298.76,829938023.52,146202724.76,3813068.040000001,2154.67,2332.24,385.16,1003.98,2750.75,1847.63,0.0,106.73,,,,,,,交通运输,公交Ⅱ,公交Ⅲ,18.5,18.03,17.88
sh603032,德新交运,2020-03-18,18.13,18.13,17.2,17.22,17.76,2743951.0,48539944.0,2755337760.0,2755337760.0,262050686.73,35517791.46000001,683735298.76,829938023.52,146202724.76,3813068.040000001,1895.84,2210.12,646.13,792.5,2312.03,1737.58,0.0,113.8,,,,,,,交通运输,公交Ⅱ,公交Ⅲ,17.96,17.95,18.05
sh603032,德新交运,2020-03-19,17.22,17.46,16.66,16.97,17.22,2399457.0,40728528.0,2715335760.0,2715335760.0,262050686.73,35517791.46000001,683735298.76,829938023.52,146202724.76,3813068.040000001,1580.43,1762.96,311.95,651.28,2180.48,1515.21,0.0,143.39,,,,,,,交通运输,公交Ⅱ,公交Ⅲ,17.14,17.07,17.1
sh603032,德新交运,2020-03-20,17.15,17.46,17.02,17.28,16.97,1972902.0,33915674.0,2764938240.0,2764938240.0,262050686.73,35517791.46000001,683735298.76,829938023.52,146202724.76,3813068.040000001,1235.88,1463.68,337.76,347.84,1817.93,1580.05,0.0,0.0,,,,,,,交通运输,公交Ⅱ,公交Ⅲ,17.13,17.07,17.14
sh603032,德新交运,2020-03-23,16.75,17.13,16.58,16.61,17.28,1954122.0,32849867.0,2657732880.0,2657732880.0,262050686.73,35517791.46000001,683735298.76,829938023.52,146202724.76,3813068.040000001,1134.92,1571.25,368.82,316.04,1781.25,1397.71,0.0,0.0,,,,,,,交通运输,公交Ⅱ,公交Ⅲ,16.99,16.91,16.88
sh603032,德新交运,2020-03-24,16.9,17.07,16.33,16.82,16.61,1622785.0,27180416.0,2691334560.0,2691334560.0,262050686.73,35517791.46000001,683735298.76,829938023.52,146202724.76,3813068.040000001,1053.32,1187.49,85.75,41.29,1578.97,1489.26,0.0,0.0,,,,,,,交通运输,公交Ⅱ,公交Ⅲ,16.79,16.92,16.92
sh603032,德新交运,2020-03-25,17.25,17.34,17.03,17.22,16.82,1957300.0,33606193.0,2755337760.0,2755337760.0,262050686.73,35517791.46000001,683735298.76,829938023.52,146202724.76,3813068.040000001,1282.72,1482.48,314.8,214.87,1542.72,1564.8,121.92,0.0,,,,,,,交通运输,公交Ⅱ,公交Ⅲ,17.08,17.12,17.09
sh603032,德新交运,2020-03-26,17.16,17.38,17.0,17.1,17.22,1582561.0,27191148.0,2736136800.0,2736136800.0,262050686.73,35517791.46000001,683735298.76,829938023.52,146202724.76,3813068.040000001,1157.3,1245.49,174.66,270.96,1387.15,1202.66,0.0,0.0,,,,,,,交通运输,公交Ⅱ,公交Ⅲ,17.1,17.07,17.16
sh603032,德新交运,2020-03-27,17.28,17.55,17.18,17.19,17.1,2129343.0,36928249.0,2750537520.0,2750537520.0,262050686.73,35517791.46000001,683735298.76,829938023.52,146202724.76,3813068.040000001,1520.04,1544.33,435.04,349.85,1737.75,1798.65,0.0,0.0,,,,,,,交通运输,公交Ⅱ,公交Ⅲ,17.26,17.28,17.21
sh603032,德新交运,2020-04-14,18.91,18.91,18.91,18.91,17.19,517020.0,9776848.0,3025751280.0,3025751280.0,262050686.73,35517791.46000001,683735298.76,829938023.52,146202724.76,3813068.040000001,0.0,427.21,127.45,161.49,3.97,388.98,846.26,0.0,,,,,,,交通运输,公交Ⅱ,公交Ⅲ,18.91,18.91,18.91
sh603032,德新交运,2020-04-15,20.8,20.8,20.8,20.8,18.91,1195402.0,24864362.0,3328166400.0,3328166400.0,262050686.73,35517791.46000001,683735298.76,829938023.52,146202724.76,3813068.040000001,423.07,732.58,632.32,509.81,338.42,631.03,1092.62,613.02,,,,,,,交通运输,公交Ⅱ,公交Ⅲ,20.8,20.8,20.8
sh603032,德新交运,2020-04-16,21.5,21.5,19.56,20.55,20.8,10036838.0,205476548.0,3288164400.0,3288164400.0,262050686.73,35517791.46000001,683735298.76,829938023.52,146202724.76,3813068.040000001,7871.84,7900.17,3640.09,4656.95,7437.42,6201.94,446.44,636.72,,,,,,,交通运输,公交Ⅱ,公交Ⅲ,20.45,20.2,20.18
sh603032,德新交运,2020-04-17,20.1,22.61,20.1,21.97,20.55,14633656.0,324930576.0,3515375760.0,3515375760.0,262050686.73,35517791.46000001,683735298.76,829938023.52,146202724.76,3813068.040000001,10347.21,13305.67,7807.33,7216.06,8003.85,10384.37,6334.65,1586.94,,,,,,,交通运输,公交Ⅱ,公交Ⅲ,22.61,21.95,22.47
sh603032,德新交运,2020-04-20,20.0,20.8,19.9,20.25,21.97,10536151.0,213544057.0,3240162000.0,3240162000.0,262050686.73,35517791.46000001,683735298.76,829938023.52,146202724.76,3813068.040000001,8558.29,7931.81,3566.78,6454.1,8863.6,5299.82,365.72,1668.67,,,,,,,交通运输,公交Ⅱ,公交Ⅲ,20.56,20.04,20.44
sh603032,德新交运,2020-04-21,20.11,20.11,19.1,19.53,20.25,6982186.0,135598303.0,3124956240.0,3124956240.0,262050686.73,35517791.46000001,683735298.76,829938023.52,146202724.76,3813068.040000001,5104.45,5416.7,2029.04,2752.22,6207.34,4797.96,219.0,592.95,,,,,,,交通运输,公交Ⅱ,公交Ⅲ,19.71,19.45,19.42
sh603032,德新交运,2020-04-22,19.42,19.71,19.18,19.35,19.53,3874556.0,75157827.0,3096154800.0,3096154800.0,262050686.73,35517791.46000001,683735298.76,829938023.52,146202724.76,3813068.040000001,3243.58,3317.73,896.67,1322.49,3375.53,2875.56,0.0,0.0,,,,,,,交通运输,公交Ⅱ,公交Ⅲ,19.65,19.45,19.34
sh603032,德新交运,2020-04-23,19.42,19.45,18.7,18.73,19.35,4748728.0,89941729.0,2996949840.0,2996949840.0,262050686.73,35517791.46000001,683735298.76,829938023.52,146202724.76,3813068.040000001,3095.29,3923.91,1347.3,2136.61,4551.58,2933.65,0.0,0.0,,,,,,,交通运输,公交Ⅱ,公交Ⅲ,19.3,19.19,19.13
sh603032,德新交运,2020-04-24,18.68,18.94,18.3,18.33,18.73,2720695.0,50626369.0,2932946640.0,2932946640.0,262050686.73,35517791.46000001,683735298.76,829938023.52,146202724.76,3813068.040000001,1773.05,2171.23,655.91,760.82,2633.67,2130.59,0.0,0.0,,,,,,,交通运输,公交Ⅱ,公交Ⅲ,18.5,18.58,18.94
sh603032,德新交运,2020-04-27,18.5,18.5,17.75,17.78,18.33,2509200.0,45313769.0,2844942240.0,2844942240.0,262050686.73,35517791.46000001,683735298.76,829938023.52,146202724.76,3813068.040000001,1802.24,2122.04,401.8,592.12,2327.34,1714.09,0.0,103.12,,,,,,,交通运输,公交Ⅱ,公交Ⅲ,18.2,18.04,18.21
sh603032,德新交运,2020-04-28,18.0,18.03,16.02,17.19,17.78,3293617.0,56213582.0,2750537520.0,2750537520.0,7145045.51,48300451.5,681967079.4399999,827105947.81,145138868.37,-1423303.370000001,2044.48,2724.66,723.78,639.84,2690.43,2063.51,162.67,193.35,,,,,,,交通运输,公交Ⅱ,公交Ⅲ,17.7,17.65,17.31
sh603032,德新交运,2020-04-29,17.05,17.47,16.9,17.05,17.19,1816071.0,31246981.0,2728136400.0,2728136400.0,7145045.51,48300451.5,681967079.4399999,827105947.81,145138868.37,-1423303.370000001,1264.01,1322.8,367.33,421.43,1493.36,1380.47,0.0,0.0,,,,,,,交通运输,公交Ⅱ,公交Ⅲ,17.3,17.39,17.32
sh603032,德新交运,2020-04-30,17.25,17.55,17.16,17.49,17.05,2237912.0,38952914.0,2798539920.0,2798539920.0,4297865.56,-22089052.28,681441743.38,817415505.97,135973762.59,-532043.24,1402.9,1715.67,699.22,444.51,1793.18,1735.12,0.0,0.0,,,,,,,交通运输,公交Ⅱ,公交Ⅲ,17.33,17.38,17.38
sh603032,德新交运,2020-05-06,17.5,18.18,17.36,17.96,17.49,3361536.0,59981795.0,2873743680.0,2873743680.0,4297865.56,-22089052.28,681441743.38,817415505.97,135973762.59,-532043.24,2359.42,2057.31,1290.47,1437.76,2242.44,2503.11,105.85,0.0,,,,,,,交通运输,公交Ⅱ,公交Ⅲ,17.49,17.56,17.48
sh603032,德新交运,2020-05-07,17.82,18.17,17.56,17.57,17.96,2591912.0,45995356.0,2811340560.0,2811340560.0,4297865.56,-22089052.28,681441743.38,817415505.97,135973762.59,-532043.24,1653.63,1504.33,520.21,1466.74,2425.7,1516.28,0.0,112.17,,,,,,,交通运输,公交Ⅱ,公交Ⅲ,17.82,17.9,17.84
sh603032,德新交运,2020-05-08,17.61,17.78,17.38,17.46,17.57,2292045.0,40147932.0,2793739680.0,2793739680.0,4297865.56,-22089052.28,681441743.38,817415505.97,135973762.59,-532043.24,1355.74,1460.14,394.85,748.84,2264.2,1805.81,0.0,0.0,,,,,,,交通运输,公交Ⅱ,公交Ⅲ,17.68,17.62,17.64
sh603032,德新交运,2020-05-11,17.5,18.17,17.4,17.87,17.46,3339245.0,59503127.0,2859342960.0,2859342960.0,4297865.56,-22089052.28,681441743.38,817415505.97,135973762.59,-532043.24,2420.35,2090.42,850.92,798.97,2492.77,2882.86,186.28,178.06,,,,,,,交通运输,公交Ⅱ,公交Ⅲ,17.59,17.6,17.51
sh603032,德新交运,2020-05-12,17.77,17.78,17.29,17.47,17.87,2310658.0,40437010.0,2795339760.0,2795339760.0,4297865.56,-22089052.28,681441743.38,817415505.97,135973762.59,-532043.24,1537.22,1658.16,346.55,1011.89,2159.93,1373.65,0.0,0.0,,,,,,,交通运输,公交Ⅱ,公交Ⅲ,17.75,17.6,17.62
sh603032,德新交运,2020-05-13,17.36,17.45,17.17,17.38,17.47,1761587.0,30474751.0,2780939040.0,2780939040.0,4297865.56,-22089052.28,681441743.38,817415505.97,135973762.59,-532043.24,1092.1,1297.81,375.5,760.6,1493.34,902.53,0.0,0.0,,,,,,,交通运输,公交Ⅱ,公交Ⅲ,17.24,17.35,17.18
sh603032,德新交运,2020-05-14,17.58,17.58,17.2,17.2,17.38,1541600.0,26750218.0,2752137600.0,2752137600.0,4297865.56,-22089052.28,681441743.38,817415505.97,135973762.59,-532043.24,911.82,1040.58,321.66,572.82,1441.55,1061.62,0.0,0.0,,,,,,,交通运输,公交Ⅱ,公交Ⅲ,17.46,17.48,17.38
sh603032,德新交运,2020-05-15,17.19,17.35,17.04,17.1,17.2,1658175.0,28434120.0,2736136800.0,2736136800.0,4297865.56,-22089052.28,681441743.38,817415505.97,135973762.59,-532043.24,748.19,1032.69,608.63,631.17,1409.37,982.34,0.0,119.98,,,,,,,交通运输,公交Ⅱ,公交Ⅲ,17.31,17.22,17.12
sh603032,德新交运,2020-05-18,17.44,18.49,17.44,17.61,17.1,4736163.0,84866765.0,2817740880.0,2817740880.0,4297865.56,-22089052.28,681441743.38,817415505.97,135973762.59,-532043.24,3690.74,3691.29,1290.21,1151.97,3505.72,3643.41,0.0,0.0,,,,,,,交通运输,公交Ⅱ,公交Ⅲ,17.89,18.11,17.92
sh603032,德新交运,2020-05-19,17.65,18.08,17.65,17.84,17.61,3631618.0,64926884.0,2854542720.0,2854542720.0,4297865.56,-22089052.28,681441743.38,817415505.97,135973762.59,-532043.24,2676.15,2448.84,962.27,983.91,2854.27,2922.88,0.0,137.06,,,,,,,交通运输,公交Ⅱ,公交Ⅲ,18.03,17.91,17.8
sh603032,德新交运,2020-05-20,17.75,18.5,17.41,18.17,17.84,5810932.0,104483351.0,2907345360.0,2907345360.0,4297865.56,-22089052.28,681441743.38,817415505.97,135973762.59,-532043.24,4325.34,3936.41,1702.9,1503.78,4249.07,5008.13,171.03,0.0,,,,,,,交通运输,公交Ⅱ,公交Ⅲ,17.46,17.53,17.49
sh603032,德新交运,2020-05-21,18.18,18.45,17.68,17.71,18.17,3718225.0,67089949.0,2833741680.0,2833741680.0,4297865.56,-22089052.28,681441743.38,817415505.97,135973762.59,-532043.24,2445.97,2839.19,775.08,934.97,3384.7,2833.71,103.23,101.12,,,,,,,交通运输,公交Ⅱ,公交Ⅲ,18.42,18.27,18.26
sh603032,德新交运,2020-05-22,17.86,18.45,17.18,18.1,17.71,6103234.0,110145651.0,2896144800.0,2896144800.0,4297865.56,-22089052.28,681441743.38,817415505.97,135973762.59,-532043.24,4806.41,4413.09,1449.06,1587.45,4457.34,4758.53,301.74,255.49,,,,,,,交通运输,公交Ⅱ,公交Ⅲ,17.54,17.28,17.37
sh603032,德新交运,2020-05-25,17.5,17.67,16.8,16.94,18.1,4391540.0,75185659.0,2710535520.0,2710535520.0,4297865.56,-22089052.28,681441743.38,817415505.97,135973762.59,-532043.24,2742.22,3176.03,816.96,1244.02,3746.56,2827.28,212.82,271.23,,,,,,,交通运输,公交Ⅱ,公交Ⅲ,17.29,17.17,17.33
sh603032,德新交运,2020-05-26,16.96,17.21,16.96,17.13,16.94,2034679.0,34805261.0,2740937040.0,2740937040.0,4297865.56,-22089052.28,681441743.38,817415505.97,135973762.59,-532043.24,1567.96,1426.7,404.34,482.08,1508.23,1440.13,0.0,131.62,,,,,,,交通运输,公交Ⅱ,公交Ⅲ,17.13,17.09,17.06
sh603032,德新交运,2020-05-27,17.05,17.17,16.9,16.95,17.13,1950899.0,33209667.0,2712135600.0,2712135600.0,4297865.56,-22089052.28,681441743.38,817415505.97,135973762.59,-532043.24,1258.94,1330.87,379.88,760.88,1682.14,1229.21,0.0,0.0,,,,,,,交通运输,公交Ⅱ,公交Ⅲ,17.1,17.08,17.03
sh603032,德新交运,2020-05-28,16.95,17.13,16.73,17.02,16.95,1619849.0,27480636.0,2723336160.0,2723336160.0,4297865.56,-22089052.28,681441743.38,817415505.97,135973762.59,-532043.24,1132.05,1324.63,407.64,239.84,1208.38,1183.59,0.0,0.0,,,,,,,交通运输,公交Ⅱ,公交Ⅲ,16.89,17.08,17.04
sh603032,德新交运,2020-05-29,17.02,17.08,16.89,16.95,17.02,1181127.0,20058529.0,2712135600.0,2712135600.0,4297865.56,-22089052.28,681441743.38,817415505.97,135973762.59,-532043.24,747.39,962.85,225.91,222.17,1032.55,820.83,0.0,0.0,,,,,,,交通运输,公交Ⅱ,公交Ⅲ,16.97,16.99,16.94
sh603032,德新交运,2020-06-01,16.91,17.45,16.9,17.29,16.95,2460693.0,42309415.0,2766538320.0,2766538320.0,4297865.56,-22089052.28,681441743.38,817415505.97,135973762.59,-532043.24,1660.82,1851.86,831.28,489.86,1738.84,1889.22,0.0,0.0,,,,,,,交通运输,公交Ⅱ,公交Ⅲ,17.1,17.07,17.08
sh603032,德新交运,2020-06-02,17.5,17.61,17.31,17.42,17.29,2315648.0,40366514.0,2787339360.0,2787339360.0,4297865.56,-22089052.28,681441743.38,817415505.97,135973762.59,-532043.24,1565.27,1671.66,368.96,731.46,1848.38,1512.77,254.04,120.76,,,,,,,交通运输,公交Ⅱ,公交Ⅲ,17.39,17.49,17.39
sh603032,德新交运,2020-06-03,17.33,17.5,17.19,17.2,17.42,2157613.0,37414337.0,2752137600.0,2752137600.0,4297865.56,-22089052.28,681441743.38,817415505.97,135973762.59,-532043.24,1370.39,1457.22,399.29,522.59,1971.76,1441.93,0.0,319.69,,,,,,,交通运输,公交Ⅱ,公交Ⅲ,17.4,17.41,17.4
sh603032,德新交运,2020-06-04,17.22,18.1,17.11,17.69,17.2,4752595.0,84160227.0,2830541520.0,2830541520.0,4297865.56,-22089052.28,681441743.38,817415505.97,135973762.59,-532043.24,3525.44,3304.77,1632.89,1084.52,2967.71,3571.69,289.98,455.03,,,,,,,交通运输,公交Ⅱ,公交Ⅲ,17.3,17.25,17.16
sh603032,德新交运,2020-06-05,17.21,17.58,17.21,17.31,17.69,2701537.0,46856866.0,2769738480.0,2769738480.0,4297865.56,-22089052.28,681441743.38,817415505.97,135973762.59,-532043.24,1770.71,1750.08,443.91,1385.01,2394.55,1474.08,0.0,0.0,,,,,,,交通运输,公交Ⅱ,公交Ⅲ,17.43,17.43,17.44
sh603032,德新交运,2020-06-08,17.48,18.1,17.24,17.65,17.31,3089467.0,54403443.0,2824141200.0,2824141200.0,4297865.56,-22089052.28,681441743.38,817415505.97,135973762.59,-532043.24,2352.97,2271.84,780.95,671.85,2165.22,2496.65,141.2,0.0,,,,,,,交通运输,公交Ⅱ,公交Ⅲ,17.35,17.31,17.32
sh603032,德新交运,2020-06-09,17.45,17.76,17.45,17.6,17.65,2203867.0,38818227.0,2816140800.0,2816140800.0,4297865.56,-22089052.28,681441743.38,817415505.97,135973762.59,-532043.24,1624.57,1780.65,727.9,527.96,1529.35,1573.21,0.0,0.0,,,,,,,交通运输,公交Ⅱ,公交Ⅲ,17.5,17.57,17.57
sh603032,德新交运,2020-06-10,17.62,17.63,17.31,17.34,17.6,1636858.0,28440463.0,2774538720.0,2774538720.0,4297865.56,-22089052.28,681441743.38,817415505.97,135973762.59,-532043.24,1033.84,1285.27,357.11,515.96,1453.09,1042.81,0.0,0.0,,,,,,,交通运输,公交Ⅱ,公交Ⅲ,17.46,17.42,17.35
sh603032,德新交运,2020-06-11,17.36,17.38,17.08,17.11,17.34,1848778.0,31852189.0,2737736880.0,2737736880.0,4297865.56,-22089052.28,681441743.38,817415505.97,135973762.59,-532043.24,1292.9,1296.22,301.46,640.73,1590.86,1105.37,0.0,142.88,,,,,,,交通运输,公交Ⅱ,公交Ⅲ,17.26,17.34,17.3
sh603032,德新交运,2020-06-12,16.88,17.07,16.63,17.04,17.11,2191179.0,36979884.0,2726536320.0,2726536320.0,4297865.56,-22089052.28,681441743.38,817415505.97,135973762.59,-532043.24,1417.73,1311.61,611.85,517.78,1530.97,1096.2,137.42,772.4,,,,,,,交通运输,公交Ⅱ,公交Ⅲ,16.8,16.78,16.84
sh603032,德新交运,2020-06-15,17.12,17.2,16.8,16.85,17.04,1767699.0,29943297.0,2696134800.0,2696134800.0,4297865.56,-22089052.28,681441743.38,817415505.97,135973762.59,-532043.24,1207.23,1391.26,164.63,464.17,1622.47,1015.84,0.0,123.06,,,,,,,交通运输,公交Ⅱ,公交Ⅲ,17.16,17.07,17.03
sh603032,德新交运,2020-06-16,17.08,17.25,16.91,17.08,16.85,1702914.0,29021861.0,2732936640.0,2732936640.0,4297865.56,-22089052.28,681441743.38,817415505.97,135973762.59,-532043.24,1338.03,1021.64,362.04,580.69,1024.27,1075.8,177.86,224.06,,,,,,,交通运输,公交Ⅱ,公交Ⅲ,16.92,17.01,17.01
sh603032,德新交运,2020-06-17,16.95,17.08,16.73,16.8,17.08,2079272.0,35060476.0,2688134400.0,2688134400.0,4297865.56,-22089052.28,681441743.38,817415505.97,135973762.59,-532043.24,1448.24,1681.23,290.62,456.71,1767.18,1012.09,0.0,356.02,,,,,,,交通运输,公交Ⅱ,公交Ⅲ,16.97,17.02,17.03
sh603032,德新交运,2020-06-18,16.82,16.85,16.67,16.73,16.8,1327501.0,22240099.0,2676933840.0,2676933840.0,4297865.56,-22089052.28,681441743.38,817415505.97,135973762.59,-532043.24,965.89,1057.52,207.86,265.07,1050.26,798.43,0.0,102.98,,,,,,,交通运输,公交Ⅱ,公交Ⅲ,16.7,16.75,16.72
sh603032,德新交运,2020-06-19,16.71,16.94,16.71,16.85,16.73,1302004.0,21911622.0,2696134800.0,2696134800.0,4297865.56,-22089052.28,681441743.38,817415505.97,135973762.59,-532043.24,943.25,916.33,320.32,313.15,841.35,875.44,0.0,0.0,,,,,,,交通运输,公交Ⅱ,公交Ⅲ,16.78,16.8,16.82
sh603032,德新交运,2020-06-22,16.85,17.06,16.8,16.95,16.85,1514880.0,25666491.0,2712135600.0,2712135600.0,4297865.56,-22089052.28,681441743.38,817415505.97,135973762.59,-532043.24,1544.43,1099.56,107.76,402.6,914.46,1064.49,0.0,0.0,,,,,,,交通运输,公交Ⅱ,公交Ⅲ,16.87,16.89,16.89
sh603032,德新交运,2020-06-23,16.94,17.04,16.86,16.89,16.95,1097500.0,18570263.0,2702535120.0,2702535120.0,4297865.56,-22089052.28,681441743.38,817415505.97,135973762.59,-532043.24,906.41,839.54,172.52,266.31,778.1,751.18,0.0,0.0,,,,,,,交通运输,公交Ⅱ,公交Ⅲ,17.01,16.96,16.92
sh603032,德新交运,2020-06-24,16.89,17.05,16.83,16.93,16.89,1098425.0,18602791.0,2708935440.0,2708935440.0,4297865.56,-22089052.28,681441743.38,817415505.97,135973762.59,-532043.24,885.46,913.09,296.03,219.65,678.78,727.54,0.0,0.0,,,,,,,交通运输,公交Ⅱ,公交Ⅲ,16.93,16.85,16.87
sh603032,德新交运,2020-06-29,16.85,16.87,16.65,16.85,16.93,1249685.0,20919243.0,2696134800.0,2696134800.0,4297865.56,-22089052.28,681441743.38,817415505.97,135973762.59,-532043.24,853.94,986.11,386.83,411.97,851.16,693.85,0.0,0.0,,,,,,,交通运输,公交Ⅱ,公交Ⅲ,16.78,16.74,16.77
sh603032,德新交运,2020-06-30,16.9,17.0,16.86,17.0,16.85,1398547.0,23688405.0,2720136000.0,2720136000.0,4297865.56,-22089052.28,681441743.38,817415505.97,135973762.59,-532043.24,959.14,958.73,459.74,417.03,776.4,993.08,173.57,0.0,,,,,,,交通运输,公交Ⅱ,公交Ⅲ,16.86,16.97,16.94
sh603032,德新交运,2020-07-01,17.1,17.16,16.86,16.95,17.0,1254840.0,21272433.0,2712135600.0,2712135600.0,4297865.56,-22089052.28,681441743.38,817415505.97,135973762.59,-532043.24,888.26,1038.88,321.41,244.12,917.57,844.24,0.0,0.0,,,,,,,交通运输,公交Ⅱ,公交Ⅲ,16.95,16.96,16.93
sh603032,德新交运,2020-07-02,16.95,17.14,16.87,17.07,16.95,2033398.0,34648490.0,2731336560.0,2731336560.0,4297865.56,-22089052.28,681441743.38,817415505.97,135973762.59,-532043.24,1740.15,1498.6,472.56,665.77,1252.14,1300.47,0.0,0.0,,,,,,,交通运输,公交Ⅱ,公交Ⅲ,16.98,16.95,17.02
sh603032,德新交运,2020-07-03,17.06,17.57,17.04,17.39,17.07,3249938.0,56448267.0,2782539120.0,2782539120.0,4297865.56,-22089052.28,681441743.38,817415505.97,135973762.59,-532043.24,2521.26,2217.75,1107.07,849.41,1902.71,2352.28,113.8,225.38,,,,,,,交通运输,公交Ⅱ,公交Ⅲ,17.12,17.24,17.37
sh603032,德新交运,2020-07-06,17.38,17.99,17.35,17.91,17.39,4937008.0,87793258.0,2865743280.0,2865743280.0,4297865.56,-22089052.28,681441743.38,817415505.97,135973762.59,-532043.24,3378.05,3544.87,1972.07,1743.97,2906.73,3077.75,522.46,412.73,,,,,,,交通运输,公交Ⅱ,公交Ⅲ,17.59,17.57,17.68
sh603032,德新交运,2020-07-07,18.0,18.31,17.71,18.02,17.91,5173285.0,93293147.0,2883344160.0000005,2883344160.0000005,4297865.56,-22089052.28,681441743.38,817415505.97,135973762.59,-532043.24,3999.38,3968.14,1321.09,1396.59,3412.93,3369.29,595.91,595.29,,,,,,,交通运输,公交Ⅱ,公交Ⅲ,18.13,17.8,17.84
sh603032,德新交运,2020-07-08,18.19,18.19,17.72,18.09,18.02,5013863.0,90234947.0,2894544720.0,2894544720.0,4297865.56,-22089052.28,681441743.38,817415505.97,135973762.59,-532043.24,4010.99,4093.01,1656.37,1838.58,3071.59,2588.36,284.55,503.54,,,,,,,交通运输,公交Ⅱ,公交Ⅲ,18.03,17.99,17.93
sh603032,德新交运,2020-07-09,18.13,18.9,18.09,18.75,18.09,6845069.0,126844059.0,3000150000.0,3000150000.0,4297865.56,-22089052.28,681441743.38,817415505.97,135973762.59,-532043.24,5462.76,5525.23,2501.16,2743.05,4118.85,4305.78,601.63,110.34,,,,,,,交通运输,公交Ⅱ,公交Ⅲ,18.22,18.45,18.47
sh603032,德新交运,2020-07-10,18.88,19.39,18.49,18.7,18.75,7045253.0,132741968.0,2992149600.0,2992149600.0,4297865.56,-22089052.28,681441743.38,817415505.97,135973762.59,-532043.24,5637.66,5380.13,3014.02,3302.66,4469.43,4035.6,153.09,555.81,,,,,,,交通运输,公交Ⅱ,公交Ⅲ,18.55,18.56,18.75
sh603032,德新交运,2020-07-13,18.58,18.95,18.44,18.92,18.7,5382209.0,100986191.0,3027351360.0,3027351360.0,4297865.56,-22089052.28,681441743.38,817415505.97,135973762.59,-532043.24,4390.82,4507.26,2113.23,2354.06,3036.96,3118.33,557.61,118.97,,,,,,,交通运输,公交Ⅱ,公交Ⅲ,18.63,18.47,18.66
sh603032,德新交运,2020-07-14,18.81,19.59,18.68,18.92,18.92,5851801.0,111921539.0,3027351360.0,3027351360.0,4297865.56,-22089052.28,681441743.38,817415505.97,135973762.59,-532043.24,4921.54,5300.65,2288.16,2349.93,3982.46,3541.58,0.0,0.0,,,,,,,交通运输,公交Ⅱ,公交Ⅲ,18.91,19.11,19.18
sh603032,德新交运,2020-07-15,18.6,18.95,18.07,18.08,18.92,4498030.0,82472137.0,2892944640.0,2892944640.0,4297865.56,-22089052.28,681441743.38,817415505.97,135973762.59,-532043.24,3525.61,3488.45,1065.84,1925.32,3655.76,2556.73,0.0,276.71,,,,,,,交通运输,公交Ⅱ,公交Ⅲ,18.68,18.5,18.36
sh603032,德新交运,2020-07-16,18.16,18.28,17.13,17.35,18.08,4038039.0,71707607.0,2776138800.0,2776138800.0,4297865.56,-22089052.28,681441743.38,817415505.97,135973762.59,-532043.24,2887.64,3027.38,1033.62,1992.82,3124.03,1922.29,125.46,228.27,,,,,,,交通运输,公交Ⅱ,公交Ⅲ,18.0,18.19,18.13
sh603032,德新交运,2020-07-17,17.45,17.49,17.1,17.31,17.35,2608104.0,45136231.0,2769738480.0,2769738480.0,4297865.56,-22089052.28,681441743.38,817415505.97,135973762.59,-532043.24,1994.29,2055.81,880.18,741.51,1639.15,1716.31,0.0,0.0,,,,,,,交通运输,公交Ⅱ,公交Ⅲ,17.26,17.34,17.2
sh603032,德新交运,2020-07-20,17.26,17.78,17.18,17.78,17.31,2542444.0,44533374.0,2844942240.0,2844942240.0,4297865.56,-22089052.28,681441743.38,817415505.97,135973762.59,-532043.24,2182.76,1815.1,651.65,982.08,1618.92,1426.69,0.0,229.46,,,,,,,交通运输,公交Ⅱ,公交Ⅲ,17.43,17.36,17.39
sh603032,德新交运,2020-07-21,17.67,17.96,17.6,17.79,17.78,1770356.0,31462099.0,2846542320.0,2846542320.0,4297865.56,-22089052.28,681441743.38,817415505.97,135973762.59,-532043.24,1145.8,1166.15,463.62,418.82,1163.47,1291.36,300.65,197.2,,,,,,,交通运输,公交Ⅱ,公交Ⅲ,17.76,17.72,17.84
sh603032,德新交运,2020-07-22,17.79,17.93,17.65,17.69,17.79,2062052.0,36715489.0,2830541520.0,2830541520.0,4297865.56,-22089052.28,681441743.38,817415505.97,135973762.59,-532043.24,1704.36,1662.22,608.49,487.72,1358.7,1288.35,0.0,233.26,,,,,,,交通运输,公交Ⅱ,公交Ⅲ,17.77,17.7,17.79
sh603032,德新交运,2020-07-23,17.6,17.7,17.13,17.4,17.69,2350354.0,40747015.0,2784139200.0,2784139200.0,4297865.56,-22089052.28,681441743.38,817415505.97,135973762.59,-532043.24,1622.37,1867.45,403.88,757.5,2048.45,1343.85,0.0,105.91,,,,,,,交通运输,公交Ⅱ,公交Ⅲ,17.64,17.6,17.58
sh603032,德新交运,2020-07-24,17.41,19.14,17.41,19.14,17.4,8872770.0,162245838.0,3062553120.0,3062553120.0,4297865.56,-22089052.28,681441743.38,817415505.97,135973762.59,-532043.24,5206.65,6187.66,3607.02,3056.46,4079.08,6139.9,3331.83,840.56,,,,,,,交通运输,公交Ⅱ,公交Ⅲ,17.57,17.75,18.02
sh603032,德新交运,2020-07-27,19.8,20.47,18.66,19.98,19.14,14222131.0,282877986.0,3196959840.0,3196959840.0,4297865.56,-22089052.28,681441743.38,817415505.97,135973762.59,-532043.24,10952.51,11276.88,5662.48,7322.74,9483.53,8005.62,2189.26,1682.54,,,,,,,交通运输,公交Ⅱ,公交Ⅲ,19.07,19.02,19.94
sh603032,德新交运,2020-07-28,19.8,19.97,18.61,18.85,19.98,10742833.0,205597415.0,3016150800.0,3016150800.0,4297865.56,-22089052.28,681441743.38,817415505.97,135973762.59,-532043.24,7933.63,8942.48,3503.13,5289.75,8870.71,4949.45,252.25,1378.04,,,,,,,交通运输,公交Ⅱ,公交Ⅲ,19.4,19.38,19.24
sh603032,德新交运,2020-07-29,18.47,19.09,18.1,18.85,18.85,7357484.0,136288164.0,3016150800.0,3016150800.0,4297865.56,-22089052.28,681441743.38,817415505.97,135973762.59,-532043.24,5363.41,5652.53,2586.28,2683.9,5196.87,5016.46,482.26,275.93,,,,,,,交通运输,公交Ⅱ,公交Ⅲ,18.25,18.19,18.23
sh603032,德新交运,2020-07-30,18.77,18.97,18.42,18.66,18.85,4791128.0,89272427.0,2985749280.0,2985749280.0,4297865.56,-22089052.28,681441743.38,817415505.97,135973762.59,-532043.24,3579.37,3699.48,1540.63,1676.63,3807.24,3551.13,0.0,0.0,,,,,,,交通运输,公交Ⅱ,公交Ⅲ,18.7,18.9,18.78
sh603032,德新交运,2020-07-31,18.3,18.66,18.13,18.24,18.66,4766800.0,87338958.0,2918545920.0,2918545920.0,4297865.56,-22089052.28,681441743.38,817415505.97,135973762.59,-532043.24,3726.62,4373.13,1119.03,1662.96,3888.25,2697.8,0.0,0.0,,,,,,,交通运输,公交Ⅱ,公交Ⅲ,18.51,18.48,18.56
sh603032,德新交运,2020-08-03,18.26,18.97,18.26,18.76,18.24,5150400.0,95850579.0,3001750079.9999995,3001750079.9999995,4297865.56,-22089052.28,681441743.38,817415505.97,135973762.59,-532043.24,4298.57,4142.42,2111.45,1727.01,3175.04,3584.37,0.0,131.25,,,,,,,交通运输,公交Ⅱ,公交Ⅲ,18.37,18.39,18.41
sh603032,德新交运,2020-08-04,18.88,20.08,18.44,19.22,18.76,8137374.0,156016762.0,3075353760.0,3075353760.0,4297865.56,-22089052.28,681441743.38,817415505.97,135973762.59,-532043.24,6153.83,6745.44,3552.07,2508.82,5630.25,6064.16,265.52,283.25,,,,,,,交通运输,公交Ⅱ,公交Ⅲ,19.04,18.66,18.63
sh603032,德新交运,2020-08-05,19.0,19.25,18.56,19.04,19.22,4513372.0,85413540.0,3046552320.0,3046552320.0,4297865.56,-22089052.28,681441743.38,817415505.97,135973762.59,-532043.24,3526.38,3494.38,1103.82,1437.23,3549.02,3091.87,130.92,286.66,,,,,,,交通运输,公交Ⅱ,公交Ⅲ,18.78,18.83,18.82
sh603032,德新交运,2020-08-06,19.05,20.94,18.91,20.94,19.04,12003060.0,240811937.0,3350567520.0,3350567520.0,4297865.56,-22089052.28,681441743.38,817415505.97,135973762.59,-532043.24,6720.54,9454.23,5845.4,4825.8,5139.15,8207.96,5523.99,741.08,,,,,,,交通运输,公交Ⅱ,公交Ⅲ,18.98,19.22,19.35
sh603032,德新交运,2020-08-07,20.94,22.33,20.11,21.3,20.94,15601625.0,327591928.0,3408170400.0,3408170400.0,4297865.56,-22089052.28,681441743.38,817415505.97,135973762.59,-532043.24,11165.66,11409.41,9635.51,10014.25,7872.8,7508.0,4085.21,3827.52,,,,,,,交通运输,公交Ⅱ,公交Ⅲ,20.57,20.95,20.43
sh603032,德新交运,2020-08-10,20.93,21.38,20.3,20.92,21.3,7176978.0,149492302.0,3347367359.9999995,3347367359.9999995,4297865.56,-22089052.28,681441743.38,817415505.97,135973762.59,-532043.24,5715.91,5719.93,4168.64,4337.19,3809.53,4292.95,1255.15,599.15,,,,,,,交通运输,公交Ⅱ,公交Ⅲ,20.59,20.61,20.51
sh603032,德新交运,2020-08-11,20.67,20.89,19.35,19.4,20.92,7118628.0,142387361.0,3104155200.0,3104155200.0,4297865.56,-22089052.28,681441743.38,817415505.97,135973762.59,-532043.24,5818.43,5424.89,2184.55,5225.29,6025.6,2977.83,210.14,610.72,,,,,,,交通运输,公交Ⅱ,公交Ⅲ,20.75,20.3,20.15
sh603032,德新交运,2020-08-12,19.36,20.73,19.36,20.05,19.4,5358179.0,107567903.0,3208160400.0,3208160400.0,4297865.56,-22089052.28,681441743.38,817415505.97,135973762.59,-532043.24,4601.62,4752.0,1965.58,2213.46,3558.27,3355.35,631.3,435.97,,,,,,,交通运输,公交Ⅱ,公交Ⅲ,19.88,20.2,20.07
sh603032,德新交运,2020-08-13,20.05,21.19,19.61,20.72,20.05,6829711.0,140886256.0,3315365760.0,3315365760.0,4297865.56,-22089052.28,681441743.38,817415505.97,135973762.59,-532043.24,5659.46,5871.24,3410.92,3180.08,4157.8,4622.3,860.44,414.99,,,,,,,交通运输,公交Ⅱ,公交Ⅲ,20.0,19.95,20.15
sh603032,德新交运,2020-08-14,20.45,20.77,20.01,20.37,20.72,3914542.0,79464740.0,3259362959.9999995,3259362959.9999995,4297865.56,-22089052.28,681441743.38,817415505.97,135973762.59,-532043.24,3317.42,3405.06,1353.08,2100.8,3053.39,2340.39,222.58,100.23,,,,,,,交通运输,公交Ⅱ,公交Ⅲ,20.55,20.41,20.42
sh603032,德新交运,2020-08-17,20.35,20.88,20.13,20.62,20.37,3906652.0,80108984.0,3299364960.0,3299364960.0,4297865.56,-22089052.28,681441743.38,817415505.97,135973762.59,-532043.24,3430.22,3321.07,1406.77,1639.21,2703.31,2502.08,470.59,548.54,,,,,,,交通运输,公交Ⅱ,公交Ⅲ,20.24,20.4,20.45
sh603032,德新交运,2020-08-18,20.52,21.96,20.47,21.22,20.62,7965195.0,170022160.0,3395369760.0000005,3395369760.0000005,4297865.56,-22089052.28,681441743.38,817415505.97,135973762.59,-532043.24,6512.82,6876.36,5019.79,4168.16,4806.74,5316.83,662.87,640.86,,,,,,,交通运输,公交Ⅱ,公交Ⅲ,20.51,21.0,21.25
sh603032,德新交运,2020-08-19,20.86,21.68,20.08,20.18,21.22,6625609.0,137613275.0,3228961439.9999995,3228961439.9999995,4297865.56,-22089052.28,681441743.38,817415505.97,135973762.59,-532043.24,5096.03,5524.47,2773.9,4204.41,5259.6,3228.78,631.79,803.66,,,,,,,交通运输,公交Ⅱ,公交Ⅲ,21.55,21.19,21.16
sh603032,德新交运,2020-08-20,20.23,22.0,19.75,21.33,20.18,9009315.0,189390520.0,3412970640.0,3412970640.0,4916839.969999999,-18282730.65,684600206.53,812955768.23,128355561.7,3059118.54,6602.21,6662.53,5518.27,5771.71,5453.07,5099.46,1365.49,1405.35,,,,,,,交通运输,公交Ⅱ,公交Ⅲ,20.03,20.29,20.39
sh603032,德新交运,2020-08-21,21.35,21.8,20.8,20.86,21.33,6953657.0,147815551.0,3337766880.0,3337766880.0,4916839.969999999,-18282730.65,684600206.53,812955768.23,128355561.7,3059118.54,5908.97,5099.27,3672.06,3172.52,4692.5,6066.0,508.02,443.76,,,,,,,交通运输,公交Ⅱ,公交Ⅲ,21.14,21.22,21.3
sh603032,德新交运,2020-08-24,20.95,21.0,19.96,20.45,20.86,5203355.0,105912822.0,3272163600.0,3272163600.0,4916839.969999999,-18282730.65,684600206.53,812955768.23,128355561.7,3059118.54,3882.04,3764.12,1821.93,2326.57,4293.17,3961.73,389.38,334.1,,,,,,,交通运输,公交Ⅱ,公交Ⅲ,20.83,20.5,20.17
sh603032,德新交运,2020-08-25,20.45,20.55,19.8,20.0,20.45,4399943.0,88322454.0,3200160000.0,3200160000.0,4916839.969999999,-18282730.65,684600206.53,812955768.23,128355561.7,3059118.54,3356.19,3385.51,1533.32,2433.83,3327.52,2612.83,615.21,400.07,,,,,,,交通运输,公交Ⅱ,公交Ⅲ,20.45,20.28,20.26
sh603032,德新交运,2020-08-26,19.79,19.99,18.9,19.02,20.0,4207303.0,81332529.0,3043352160.0,3043352160.0,4916839.969999999,-18282730.65,684600206.53,812955768.23,128355561.7,3059118.54,2692.89,3192.71,1209.36,1483.75,3949.63,2846.08,281.38,610.7,,,,,,,交通运输,公交Ⅱ,公交Ⅲ,19.64,19.81,19.78
sh603032,德新交运,2020-08-27,19.02,19.35,18.62,19.28,19.02,2525038.0,47924455.0,3084954240.0,3084954240.0,4916839.969999999,-18282730.65,684600206.53,812955768.23,128355561.7,3059118.54,1876.58,1785.2,543.75,701.16,2372.11,2306.08,0.0,0.0,,,,,,,交通运输,公交Ⅱ,公交Ⅲ,18.8,18.9,18.84
sh603032,德新交运,2020-08-28,19.15,19.44,18.9,19.3,19.28,1827201.0,35086010.0,3088154400.0,3088154400.0,4916839.969999999,-18282730.65,684600206.53,812955768.23,128355561.7,3059118.54,1514.2,1667.74,540.76,527.87,1453.64,1312.99,0.0,0.0,,,,,,,交通运输,公交Ⅱ,公交Ⅲ,19.23,19.17,19.24
sh603032,德新交运,2020-08-31,19.3,19.97,19.27,19.64,19.3,2844540.0,55825158.0,3142557120.0,3142557120.0,4916839.969999999,-18282730.65,684600206.53,812955768.23,128355561.7,3059118.54,1783.67,2072.54,1908.14,885.46,1429.98,2131.93,460.73,492.59,,,,,,,交通运输,公交Ⅱ,公交Ⅲ,19.38,19.45,19.54
sh603032,德新交运,2020-09-01,19.54,19.88,19.27,19.51,19.64,1702995.0,33198256.0,3121756080.0,3121756080.0,4916839.969999999,-18282730.65,684600206.53,812955768.23,128355561.7,3059118.54,1204.53,1411.13,565.7,839.66,1424.92,1066.9,122.53,0.0,,,,,,,交通运输,公交Ⅱ,公交Ⅲ,19.59,19.58,19.5
sh603032,德新交运,2020-09-02,19.63,19.7,19.06,19.2,19.51,2235161.0,42948725.0,3072153600.0,3072153600.0,4916839.969999999,-18282730.65,684600206.53,812955768.23,128355561.7,3059118.54,1704.51,1948.06,603.14,1081.65,1987.21,1265.17,0.0,0.0,,,,,,,交通运输,公交Ⅱ,公交Ⅲ,19.5,19.39,19.25
sh603032,德新交运,2020-09-03,19.08,19.36,18.73,18.76,19.2,2329264.0,44190438.0,3001750079.9999995,3001750079.9999995,4916839.969999999,-18282730.65,684600206.53,812955768.23,128355561.7,3059118.54,1309.62,1287.43,625.39,933.17,1324.76,1039.18,0.0,0.0,,,,,,,交通运输,公交Ⅱ,公交Ⅲ,19.12,19.34,19.25
sh603032,德新交运,2020-09-04,18.25,19.88,18.25,19.4,18.76,3546322.0,68166409.0,3104155200.0,3104155200.0,4916839.969999999,-18282730.65,684600206.53,812955768.23,128355561.7,3059118.54,2881.72,2532.32,1135.67,1165.17,2643.29,2963.56,155.58,155.23,,,,,,,交通运输,公交Ⅱ,公交Ⅲ,18.5,18.46,18.59
sh603032,德新交运,2020-09-07,19.42,19.64,18.65,18.76,19.4,2706475.0,51700164.0,3001750079.9999995,3001750079.9999995,4916839.969999999,-18282730.65,684600206.53,812955768.23,128355561.7,3059118.54,1787.16,2023.38,689.57,998.44,2549.46,1958.19,143.83,190.01,,,,,,,交通运输,公交Ⅱ,公交Ⅲ,19.37,19.47,19.31
sh603032,德新交运,2020-09-08,18.84,19.17,18.68,19.0,18.76,1552290.0,29444484.0,3040152000.0,3040152000.0,4916839.969999999,-18282730.65,684600206.53,812955768.23,128355561.7,3059118.54,1269.43,1066.75,322.58,567.0,1352.44,1310.7,0.0,0.0,,,,,,,交通运输,公交Ⅱ,公交Ⅲ,18.85,18.82,18.92
sh603032,德新交运,2020-09-09,18.93,19.0,18.3,18.58,19.0,2119254.0,39452984.0,2972948640.0,2972948640.0,4916839.969999999,-18282730.65,684600206.53,812955768.23,128355561.7,3059118.54,1427.56,1774.34,429.49,605.28,2088.25,1565.69,0.0,0.0,,,,,,,交通运输,公交Ⅱ,公交Ⅲ,18.8,18.84,18.74
sh603032,德新交运,2020-09-10,18.7,19.11,18.26,18.56,18.58,2250755.0,42216912.0,2969748480.0,2969748480.0,4916839.969999999,-18282730.65,684600206.53,812955768.23,128355561.7,3059118.54,1920.27,1549.71,679.98,448.51,1621.43,2120.93,0.0,102.55,,,,,,,交通运输,公交Ⅱ,公交Ⅲ,18.78,18.68,18.63
sh603032,德新交运,2020-09-11,18.32,18.75,18.11,18.42,18.56,1458061.0,26888752.0,2947347359.9999995,2947347359.9999995,4916839.969999999,-18282730.65,684600206.53,812955768.23,128355561.7,3059118.54,784.43,1264.2,537.75,460.84,1366.7,963.84,0.0,0.0,,,,,,,交通运输,公交Ⅱ,公交Ⅲ,18.38,18.51,18.72
sh603032,德新交运,2020-09-14,18.41,18.7,18.38,18.52,18.42,1146520.0,21234742.0,2963348160.0,2963348160.0,4916839.969999999,-18282730.65,684600206.53,812955768.23,128355561.7,3059118.54,892.97,870.52,414.93,266.65,815.57,873.35,0.0,112.96,,,,,,,交通运输,公交Ⅱ,公交Ⅲ,18.5,18.58,18.59
sh603032,德新交运,2020-09-15,18.52,19.54,18.46,19.23,18.52,3101274.0,59447728.0,3076953840.0,3076953840.0,4916839.969999999,-18282730.65,684600206.53,812955768.23,128355561.7,3059118.54,2753.38,2250.56,975.65,867.54,2101.98,2826.67,113.76,0.0,,,,,,,交通运输,公交Ⅱ,公交Ⅲ,18.57,18.71,19.02
sh603032,德新交运,2020-09-16,19.1,19.48,18.8,19.05,19.23,1516933.0,29007974.0,3048152400.0,3048152400.0,4916839.969999999,-18282730.65,684600206.53,812955768.23,128355561.7,3059118.54,1156.46,1168.61,185.24,351.08,1477.86,1299.86,0.0,0.0,,,,,,,交通运输,公交Ⅱ,公交Ⅲ,19.08,19.47,19.27
sh603032,德新交运,2020-09-17,18.68,19.24,18.68,19.01,19.05,1224261.0,23288157.0,3041752080.0,3041752080.0,4916839.969999999,-18282730.65,684600206.53,812955768.23,128355561.7,3059118.54,1028.01,830.13,263.21,395.57,1037.6,1001.3,0.0,101.81,,,,,,,交通运输,公交Ⅱ,公交Ⅲ,18.8,18.96,19.03
sh603032,德新交运,2020-09-18,19.03,19.9,19.03,19.58,19.01,3560015.0,69783869.0,3132956640.0,3132956640.0,4916839.969999999,-18282730.65,684600206.53,812955768.23,128355561.7,3059118.54,2539.33,2839.59,1729.13,1453.34,2287.4,2685.45,422.54,0.0,,,,,,,交通运输,公交Ⅱ,公交Ⅲ,19.16,19.13,19.4
sh603032,德新交运,2020-09-21,19.64,19.67,19.29,19.35,19.58,1765680.0,34328870.0,3096154800.0,3096154800.0,4916839.969999999,-18282730.65,684600206.53,812955768.23,128355561.7,3059118.54,1392.96,1045.71,423.93,1202.56,1616.0,1184.61,0.0,0.0,,,,,,,交通运输,公交Ⅱ,公交Ⅲ,19.39,19.43,19.43
sh603032,德新交运,2020-09-22,19.32,20.2,18.99,19.48,19.35,3769267.0,74083273.0,3116955839.9999995,3116955839.9999995,4916839.969999999,-18282730.65,684600206.53,812955768.23,128355561.7,3059118.54,2930.37,2971.82,1329.6,1666.21,3148.35,2770.3,0.0,0.0,,,,,,,交通运输,公交Ⅱ,公交Ⅲ,19.22,19.09,19.17
sh603032,德新交运,2020-09-23,19.48,19.66,19.16,19.19,19.48,1836665.0,35567633.0,3070553520.0,3070553520.0,4916839.969999999,-18282730.65,684600206.53,812955768.23,128355561.7,3059118.54,1265.94,1427.97,458.89,863.49,1831.93,1265.3,0.0,0.0,,,,,,,交通运输,公交Ⅱ,公交Ⅲ,19.42,19.31,19.53
sh603032,德新交运,2020-09-24,19.0,19.34,18.56,18.59,19.19,2336258.0,44169521.0,2974548719.9999995,2974548719.9999995,4916839.969999999,-18282730.65,684600206.53,812955768.23,128355561.7,3059118.54,1599.96,1632.01,371.22,1105.86,2243.82,1679.08,201.95,0.0,,,,,,,交通运输,公交Ⅱ,公交Ⅲ,19.3,19.06,19.13
sh603032,德新交运,2020-09-25,18.62,18.96,17.87,17.97,18.59,3214420.0,58918045.0,2875343760.0,2875343760.0,4916839.969999999,-18282730.65,684600206.53,812955768.23,128355561.7,3059118.54,2148.06,2443.46,855.85,1520.73,2778.39,1786.12,109.5,141.49,,,,,,,交通运输,公交Ⅱ,公交Ⅲ,18.7,18.71,18.7
sh603032,德新交运,2020-09-28,18.02,18.35,16.17,16.17,17.97,6657219.0,110913929.0,2587329360.0,2587329360.0,4916839.969999999,-18282730.65,684600206.53,812955768.23,128355561.7,3059118.54,3930.33,3525.78,1516.3,3670.39,5544.51,1297.34,100.25,2597.88,,,,,,,交通运输,公交Ⅱ,公交Ⅲ,17.67,16.96,16.94
sh603032,德新交运,2020-09-29,15.52,16.17,15.5,15.79,16.17,5004671.0,78957844.0,2526526320.0,2526526320.0,4916839.969999999,-18282730.65,684600206.53,812955768.23,128355561.7,3059118.54,2747.4,2363.75,1077.72,2508.05,3912.88,2794.97,157.78,229.02,,,,,,,交通运输,公交Ⅱ,公交Ⅲ,15.74,15.5,15.74
sh603032,德新交运,2020-09-30,15.9,17.13,15.72,16.45,15.79,6149874.0,100967385.0,2632131599.9999995,2632131599.9999995,4916839.969999999,-18282730.65,684600206.53,812955768.23,128355561.7,3059118.54,4013.38,3921.88,1070.09,1744.88,5011.48,4428.18,0.0,0.0,,,,,,,交通运输,公交Ⅱ,公交Ⅲ,16.1,15.82,15.81
sh603032,德新交运,2020-10-09,16.69,16.98,16.57,16.84,16.45,2856600.0,47868543.0,2694534720.0,2694534720.0,4916839.969999999,-18282730.65,684600206.53,812955768.23,128355561.7,3059118.54,1691.14,1752.14,336.98,478.84,2758.74,2555.87,0.0,0.0,,,,,,,交通运输,公交Ⅱ,公交Ⅲ,16.86,16.72,16.66
sh603032,德新交运,2020-10-12,16.9,18.35,16.9,17.5,16.84,4330978.0,76092313.0,2800140000.0,2800140000.0,4916839.969999999,-18282730.65,684600206.53,812955768.23,128355561.7,3059118.54,2215.01,1825.73,502.26,621.83,2803.9,2910.47,0.0,163.13,,,,,,,交通运输,公交Ⅱ,公交Ⅲ,17.17,17.18,17.24
sh603032,德新交运,2020-10-13,17.85,17.86,17.13,17.37,17.5,2096340.0,36270319.0,2779338960.0,2779338960.0,4916839.969999999,-18282730.65,684600206.53,812955768.23,128355561.7,3059118.54,1470.75,1394.59,226.08,404.52,1930.2,1827.92,0.0,0.0,,,,,,,交通运输,公交Ⅱ,公交Ⅲ,17.44,17.25,17.25
sh603032,德新交运,2020-10-14,17.26,17.45,17.15,17.39,17.37,1493700.0,25768211.0,2782539120.0,2782539120.0,4916839.969999999,-18282730.65,684600206.53,812955768.23,128355561.7,3059118.54,1213.81,990.8,67.93,140.55,1209.13,1227.61,0.0,131.91,,,,,,,交通运输,公交Ⅱ,公交Ⅲ,17.29,17.25,17.39
sh603032,德新交运,2020-10-15,17.39,18.06,17.31,17.47,17.39,2329780.0,40848556.0,2795339760.0000005,2795339760.0000005,4916839.969999999,-18282730.65,684600206.53,812955768.23,128355561.7,3059118.54,2015.5,1633.43,315.47,113.04,1753.88,2338.38,0.0,0.0,,,,,,,交通运输,公交Ⅱ,公交Ⅲ,17.99,17.45,17.5
sh603032,德新交运,2020-10-16,17.55,17.55,17.14,17.37,17.47,1401304.0,24241540.0,2779338960.0,2779338960.0,4916839.969999999,-18282730.65,684600206.53,812955768.23,128355561.7,3059118.54,781.57,1050.5,377.16,236.71,1265.42,1136.95,0.0,0.0,,,,,,,交通运输,公交Ⅱ,公交Ⅲ,17.32,17.32,17.28
sh603032,德新交运,2020-10-19,17.39,17.39,16.91,16.97,17.37,1557880.0,26641871.0,2715335760.0,2715335760.0,4916839.969999999,-18282730.65,684600206.53,812955768.23,128355561.7,3059118.54,916.25,1012.5,125.73,225.4,1622.2,1426.29,0.0,0.0,,,,,,,交通运输,公交Ⅱ,公交Ⅲ,17.3,17.25,17.27
sh603032,德新交运,2020-10-20,16.95,17.3,16.85,17.08,16.97,1682380.0,28771708.0,2732936640.0,2732936640.0,4916839.969999999,-18282730.65,684600206.53,812955768.23,128355561.7,3059118.54,1094.7,1025.43,267.84,371.7,1514.63,1378.19,0.0,101.86,,,,,,,交通运输,公交Ⅱ,公交Ⅲ,17.05,16.89,16.92
sh603032,德新交运,2020-10-22,15.37,15.95,15.37,15.38,17.08,7814125.0,120597917.0,2460923040.0,2460923040.0,4916839.969999999,-18282730.65,684600206.53,812955768.23,128355561.7,3059118.54,4163.74,4149.38,1830.37,3899.72,5339.79,3011.78,724.8,997.82,,,,,,,交通运输,公交Ⅱ,公交Ⅲ,15.59,15.54,15.38
sh603032,德新交运,2020-10-23,15.01,15.56,15.01,15.4,15.38,3463592.0,53013373.0,2464123200.0,2464123200.0,4916839.969999999,-18282730.65,684600206.53,812955768.23,128355561.7,3059118.54,1724.94,1806.18,582.5,597.26,2286.16,2190.16,0.0,0.0,,,,,,,交通运输,公交Ⅱ,公交Ⅲ,15.15,15.39,15.16
sh603032,德新交运,2020-10-26,15.28,15.3,14.9,15.11,15.4,2087100.0,31535425.0,2417720880.0,2417720880.0,4916839.969999999,-18282730.65,684600206.53,812955768.23,128355561.7,3059118.54,1416.77,1086.29,360.25,453.32,1295.0,1532.41,0.0,0.0,,,,,,,交通运输,公交Ⅱ,公交Ⅲ,15.15,15.05,15.07
sh603032,德新交运,2020-10-27,15.34,15.34,14.98,15.1,15.11,1817158.0,27397325.0,2416120800.0,2416120800.0,4916839.969999999,-18282730.65,684600206.53,812955768.23,128355561.7,3059118.54,936.52,1188.26,224.28,223.89,1453.15,1201.8,0.0,0.0,,,,,,,交通运输,公交Ⅱ,公交Ⅲ,15.25,15.15,15.17
sh603032,德新交运,2020-10-28,15.24,15.24,14.84,14.86,15.1,2152012.0,32138920.0,2377718880.0,2377718880.0,4916839.969999999,-18282730.65,684600206.53,812955768.23,128355561.7,3059118.54,1423.71,1355.89,222.75,481.65,1567.43,1303.12,0.0,73.23,,,,,,,交通运输,公交Ⅱ,公交Ⅲ,15.12,15.01,14.98
sh603032,德新交运,2020-10-29,14.67,15.4,14.12,15.04,14.86,4707830.0,68885549.0,2406520320.0,2406520320.0,-648257.9900000012,-17891003.510000005,683018238.99,806856223.24,123837984.25,-1752029.92,3003.34,3033.85,474.38,1090.13,3410.83,2764.57,0.0,0.0,,,,,,,交通运输,公交Ⅱ,公交Ⅲ,14.56,14.49,14.34
sh603032,德新交运,2020-10-30,14.94,14.97,14.6,14.63,15.04,2708910.0,40020586.0,2340917040.0,2340917040.0,-648257.9900000012,-17891003.510000005,683018238.99,806856223.24,123837984.25,-1752029.92,1657.51,1380.35,465.08,375.8,1140.42,1506.87,0.0,0.0,,,,,,,交通运输,公交Ⅱ,公交Ⅲ,14.89,14.8,14.77
sh603032,德新交运,2020-11-02,14.63,14.81,14.41,14.68,14.63,1520564.0,22237046.0,2348917440.0,2348917440.0,-648257.9900000012,-17891003.510000005,683018238.99,806856223.24,123837984.25,-1752029.92,949.27,809.45,283.64,346.11,990.79,1068.14,0.0,0.0,,,,,,,交通运输,公交Ⅱ,公交Ⅲ,14.5,14.48,14.57
sh603032,德新交运,2020-11-03,14.73,14.96,14.42,14.82,14.68,1490549.0,22048178.0,2371318560.0,2371318560.0,-648257.9900000012,-17891003.510000005,683018238.99,806856223.24,123837984.25,-1752029.92,777.1,747.26,507.63,278.33,920.09,1179.23,0.0,0.0,,,,,,,交通运输,公交Ⅱ,公交Ⅲ,14.63,14.76,14.88
sh603032,德新交运,2020-11-04,14.75,14.94,14.61,14.89,14.82,2631599.0,39014479.0,2382519120.0,2382519120.0,-648257.9900000012,-17891003.510000005,683018238.99,806856223.24,123837984.25,-1752029.92,855.56,985.69,1270.07,791.36,783.41,1141.11,661.67,652.55,,,,,,,交通运输,公交Ⅱ,公交Ⅲ,14.84,14.86,14.85
sh603032,德新交运,2020-11-05,14.95,16.25,14.8,16.07,14.89,6165822.0,96742073.0,2571328560.0,2571328560.0,-648257.9900000012,-17891003.510000005,683018238.99,806856223.24,123837984.25,-1752029.92,3769.31,3957.56,2123.36,1539.13,3302.16,3770.5,479.37,407.01,,,,,,,交通运输,公交Ⅱ,公交Ⅲ,14.82,14.92,14.91
sh603032,德新交运,2020-11-06,16.05,17.39,15.66,16.12,16.07,7231371.0,118616379.0,2579328960.0,2579328960.0,-648257.9900000012,-17891003.510000005,683018238.99,806856223.24,123837984.25,-1752029.92,4247.29,4908.61,2907.99,1883.63,4255.66,4960.69,450.7,108.7,,,,,,,交通运输,公交Ⅱ,公交Ⅲ,17.1,16.4,16.1
sh603032,德新交运,2020-11-09,15.92,15.98,15.37,15.87,16.12,3937510.0,62215760.0,2539326960.0,2539326960.0,-648257.9900000012,-17891003.510000005,683018238.99,806856223.24,123837984.25,-1752029.92,2239.49,2019.32,1148.01,1568.06,2484.77,2435.81,349.3,198.38,,,,,,,交通运输,公交Ⅱ,公交Ⅲ,15.67,15.79,15.81
sh603032,德新交运,2020-11-10,15.88,16.1,15.76,15.9,15.87,2561444.0,40773862.0,2544127200.0,2544127200.0,-648257.9900000012,-17891003.510000005,683018238.99,806856223.24,123837984.25,-1752029.92,1550.18,1539.43,523.85,532.53,1564.0,1846.93,439.36,158.5,,,,,,,交通运输,公交Ⅱ,公交Ⅲ,15.86,16.04,15.94
sh603032,德新交运,2020-11-11,15.75,15.99,15.63,15.73,15.9,1406441.0,22161653.0,2516925840.0,2516925840.0,-648257.9900000012,-17891003.510000005,683018238.99,806856223.24,123837984.25,-1752029.92,697.91,978.15,492.62,330.45,1025.64,907.57,0.0,0.0,,,,,,,交通运输,公交Ⅱ,公交Ⅲ,15.7,15.71,15.67
sh603032,德新交运,2020-11-12,15.83,15.83,15.57,15.57,15.73,1668793.0,26158792.0,2491324560.0,2491324560.0,-648257.9900000012,-17891003.510000005,683018238.99,806856223.24,123837984.25,-1752029.92,1056.33,869.33,575.76,429.45,858.99,800.24,124.8,516.85,,,,,,,交通运输,公交Ⅱ,公交Ⅲ,15.71,15.68,15.8
sh603032,德新交运,2020-11-13,15.52,15.69,15.31,15.44,15.57,1523392.0,23605815.0,2470523520.0,2470523520.0,-648257.9900000012,-17891003.510000005,683018238.99,806856223.24,123837984.25,-1752029.92,770.71,1075.32,275.25,540.1,1178.84,745.16,135.78,0.0,,,,,,,交通运输,公交Ⅱ,公交Ⅲ,15.47,15.38,15.49
sh603032,德新交运,2020-11-16,15.58,15.99,15.54,15.7,15.44,1946273.0,30566671.0,2512125600.0,2512125600.0,-648257.9900000012,-17891003.510000005,683018238.99,806856223.24,123837984.25,-1752029.92,1231.61,1246.68,416.39,439.04,1408.67,1370.95,0.0,0.0,,,,,,,交通运输,公交Ⅱ,公交Ⅲ,15.65,15.6,15.66
sh603032,德新交运,2020-11-17,15.65,15.88,15.48,15.61,15.7,1744980.0,27291731.0,2497724880.0,2497724880.0,-648257.9900000012,-17891003.510000005,683018238.99,806856223.24,123837984.25,-1752029.92,950.66,1003.89,376.03,321.49,1030.76,914.32,371.73,489.47,,,,,,,交通运输,公交Ⅱ,公交Ⅲ,15.62,15.6,15.61
sh603032,德新交运,2020-11-18,15.58,15.78,15.43,15.48,15.61,1546600.0,24039085.0,2476923840.0,2476923840.0,-648257.9900000012,-17891003.510000005,683018238.99,806856223.24,123837984.25,-1752029.92,1084.89,695.31,247.32,672.47,1071.7,903.39,0.0,132.74,,,,,,,交通运输,公交Ⅱ,公交Ⅲ,15.6,15.56,15.58
sh603032,德新交运,2020-11-19,15.48,15.67,15.34,15.43,15.48,979400.0,15101303.0,2468923440.0,2468923440.0,-648257.9900000012,-17891003.510000005,683018238.99,806856223.24,123837984.25,-1752029.92,699.75,699.45,125.8,173.29,684.58,637.39,0.0,0.0,,,,,,,交通运输,公交Ⅱ,公交Ⅲ,15.48,15.41,15.43
sh603032,德新交运,2020-11-20,15.56,15.56,15.32,15.47,15.43,1037860.0,16019106.0,2475323760.0,2475323760.0,-648257.9900000012,-17891003.510000005,683018238.99,806856223.24,123837984.25,-1752029.92,558.95,548.11,200.8,374.08,842.16,679.71,0.0,0.0,,,,,,,交通运输,公交Ⅱ,公交Ⅲ,15.41,15.41,15.39
sh603032,德新交运,2020-11-23,15.42,15.72,15.36,15.53,15.47,1325721.0,20633726.0,2484924240.0,2484924240.0,-648257.9900000012,-17891003.510000005,683018238.99,806856223.24,123837984.25,-1752029.92,842.31,895.27,302.71,323.73,918.35,844.37,0.0,0.0,,,,,,,交通运输,公交Ⅱ,公交Ⅲ,15.5,15.51,15.47
sh603032,德新交运,2020-11-24,15.53,15.79,15.46,15.7,15.53,1673205.0,26206467.0,2512125600.0,2512125600.0,-648257.9900000012,-17891003.510000005,683018238.99,806856223.24,123837984.25,-1752029.92,815.54,661.53,369.3,658.24,965.12,830.19,0.0,0.0,,,,,,,交通运输,公交Ⅱ,公交Ⅲ,15.54,15.49,15.6
sh603032,德新交运,2020-11-25,15.77,15.99,15.55,15.56,15.7,1785340.0,28101501.0,2489724480.0,2489724480.0,-648257.9900000012,-17891003.510000005,683018238.99,806856223.24,123837984.25,-1752029.92,1135.29,1147.8,532.39,327.58,1142.47,1334.77,0.0,0.0,,,,,,,交通运输,公交Ⅱ,公交Ⅲ,15.82,15.91,15.82
sh603032,德新交运,2020-11-26,15.6,15.78,15.41,15.7,15.56,1431160.0,22387066.0,2512125600.0,2512125600.0,-648257.9900000012,-17891003.510000005,683018238.99,806856223.24,123837984.25,-1752029.92,844.83,885.67,243.53,281.48,1150.35,1071.56,0.0,0.0,,,,,,,交通运输,公交Ⅱ,公交Ⅲ,15.51,15.64,15.47
sh603032,德新交运,2020-11-27,15.7,15.78,15.16,15.19,15.7,1705602.0,26249288.0,2430521520.0,2430521520.0,-648257.9900000012,-17891003.510000005,683018238.99,806856223.24,123837984.25,-1752029.92,933.32,1207.8,253.29,529.93,1438.32,887.2,0.0,0.0,,,,,,,交通运输,公交Ⅱ,公交Ⅲ,15.76,15.73,15.71
sh603032,德新交运,2020-11-30,15.01,15.35,14.35,15.12,15.19,1775208.0,26495181.0,2419320960.0,2419320960.0,-648257.9900000012,-17891003.510000005,683018238.99,806856223.24,123837984.25,-1752029.92,871.78,1218.45,213.58,310.39,1564.16,1120.68,0.0,0.0,,,,,,,交通运输,公交Ⅱ,公交Ⅲ,14.64,14.81,14.89
sh603032,德新交运,2020-12-01,15.35,15.35,14.94,15.12,15.12,1105705.0,16732367.0,2419320960.0,2419320960.0,-648257.9900000012,-17891003.510000005,683018238.99,806856223.24,123837984.25,-1752029.92,537.11,675.24,257.93,246.76,878.19,751.23,0.0,0.0,,,,,,,交通运输,公交Ⅱ,公交Ⅲ,15.04,15.08,15.02
sh603032,德新交运,2020-12-02,15.11,15.22,15.06,15.09,15.12,949160.0,14347865.0,2414520720.0,2414520720.0,-648257.9900000012,-17891003.510000005,683018238.99,806856223.24,123837984.25,-1752029.92,550.92,610.8,166.85,239.22,717.02,584.76,0.0,0.0,,,,,,,交通运输,公交Ⅱ,公交Ⅲ,15.19,15.11,15.1
sh603032,德新交运,2020-12-03,15.13,15.2,14.96,15.04,15.09,812493.0,12211327.0,2406520320.0,2406520320.0,-648257.9900000012,-17891003.510000005,683018238.99,806856223.24,123837984.25,-1752029.92,538.28,508.68,0.0,184.02,682.85,528.43,0.0,0.0,,,,,,,交通运输,公交Ⅱ,公交Ⅲ,15.13,15.12,15.06
sh603032,德新交运,2020-12-04,15.09,15.1,14.89,15.0,15.04,706408.0,10574675.0,2400120000.0,2400120000.0,-648257.9900000012,-17891003.510000005,683018238.99,806856223.24,123837984.25,-1752029.92,472.09,477.45,61.54,108.66,523.83,471.36,0.0,0.0,,,,,,,交通运输,公交Ⅱ,公交Ⅲ,14.94,14.93,14.91
sh603032,德新交运,2020-12-07,15.08,15.16,14.94,15.02,15.0,695201.0,10429468.0,2403320160.0,2403320160.0,-648257.9900000012,-17891003.510000005,683018238.99,806856223.24,123837984.25,-1752029.92,440.15,409.28,89.81,99.93,512.99,533.74,0.0,0.0,,,,,,,交通运输,公交Ⅱ,公交Ⅲ,15.0,15.06,15.03
sh603032,德新交运,2020-12-08,15.02,15.09,14.81,14.82,15.02,791800.0,11805342.0,2371318560.0,2371318560.0,-648257.9900000012,-17891003.510000005,683018238.99,806856223.24,123837984.25,-1752029.92,388.02,428.7,124.55,247.37,643.74,480.23,0.0,0.0,,,,,,,交通运输,公交Ⅱ,公交Ⅲ,15.02,14.98,14.97
sh603032,德新交运,2020-12-09,14.82,14.84,14.35,14.42,14.82,1116900.0,16300854.0,2307315360.0,2307315360.0,-648257.9900000012,-17891003.510000005,683018238.99,806856223.24,123837984.25,-1752029.92,568.03,677.07,41.97,209.68,1020.08,743.34,0.0,0.0,,,,,,,交通运输,公交Ⅱ,公交Ⅲ,14.79,14.82,14.75
sh603032,德新交运,2020-12-10,14.42,15.1,14.42,14.79,14.42,1736807.0,25725157.0,2366518320.0,2366518320.0,-648257.9900000012,-17891003.510000005,683018238.99,806856223.24,123837984.25,-1752029.92,979.13,692.39,99.77,269.63,920.34,1080.27,358.0,314.96,,,,,,,交通运输,公交Ⅱ,公交Ⅲ,14.48,14.63,14.61
sh603032,德新交运,2020-12-11,14.74,15.0,14.41,14.9,14.79,1423778.0,20876741.0,2384119200.0,2384119200.0,-648257.9900000012,-17891003.510000005,683018238.99,806856223.24,123837984.25,-1752029.92,697.09,725.12,394.41,188.58,852.78,1064.46,143.4,109.52,,,,,,,交通运输,公交Ⅱ,公交Ⅲ,14.7,14.72,14.63
sh603032,德新交运,2020-12-14,14.98,15.96,14.65,15.41,14.9,6351199.0,98126550.0,2465723280.0,2465723280.0,-648257.9900000012,-17891003.510000005,683018238.99,806856223.24,123837984.25,-1752029.92,2494.63,4049.42,2016.12,1054.59,3642.85,4182.9,1133.32,0.0,,,,,,,交通运输,公交Ⅱ,公交Ⅲ,14.87,14.75,14.75
sh603032,德新交运,2020-12-15,15.58,15.59,14.89,14.91,15.41,2642128.0,39714379.0,2385719280.0,2385719280.0,-648257.9900000012,-17891003.510000005,683018238.99,806856223.24,123837984.25,-1752029.92,1419.42,1463.0,680.89,772.92,1563.34,1559.3,131.56,0.0,,,,,,,交通运输,公交Ⅱ,公交Ⅲ,15.11,14.99,14.91
sh603032,德新交运,2020-12-16,14.89,14.91,14.41,14.91,14.91,2524671.0,36917267.0,2385719280.0,2385719280.0,-648257.9900000012,-17891003.510000005,683018238.99,806856223.24,123837984.25,-1752029.92,1028.31,1800.82,960.28,503.52,1253.02,1254.82,450.12,132.57,,,,,,,交通运输,公交Ⅱ,公交Ⅲ,14.77,14.72,14.72
sh603032,德新交运,2020-12-17,14.84,14.95,14.51,14.89,14.91,1312673.0,19371016.0,2382519120.0,2382519120.0,-648257.9900000012,-17891003.510000005,683018238.99,806856223.24,123837984.25,-1752029.92,707.61,727.92,327.13,194.16,791.84,1015.03,110.51,0.0,,,,,,,交通运输,公交Ⅱ,公交Ⅲ,14.65,14.61,14.63
sh603032,德新交运,2020-12-18,15.0,15.1,14.78,14.81,14.89,1119583.0,16725422.0,2369718480.0,2369718480.0,-648257.9900000012,-17891003.510000005,683018238.99,806856223.24,123837984.25,-1752029.92,633.77,672.72,253.59,201.57,784.88,797.96,0.0,0.0,,,,,,,交通运输,公交Ⅱ,公交Ⅲ,14.86,14.93,14.95
sh603032,德新交运,2020-12-21,14.81,14.83,14.51,14.82,14.81,957049.0,14055676.0,2371318560.0,2371318560.0,-648257.9900000012,-17891003.510000005,683018238.99,806856223.24,123837984.25,-1752029.92,360.29,585.85,280.82,127.43,764.46,692.29,0.0,0.0,,,,,,,交通运输,公交Ⅱ,公交Ⅲ,14.75,14.56,14.65
sh603032,德新交运,2020-12-22,14.82,14.82,14.61,14.63,14.82,857548.0,12567115.0,2340917040.0,2340917040.0,-648257.9900000012,-17891003.510000005,683018238.99,806856223.24,123837984.25,-1752029.92,513.24,486.06,114.9,155.88,628.57,614.77,0.0,0.0,,,,,,,交通运输,公交Ⅱ,公交Ⅲ,14.71,14.66,14.65
sh603032,德新交运,2020-12-23,14.65,14.74,14.31,14.65,14.63,1368758.0,19880900.0,2344117200.0,2344117200.0,-648257.9900000012,-17891003.510000005,683018238.99,806856223.24,123837984.25,-1752029.92,643.85,743.82,282.66,456.01,986.31,712.98,0.0,0.0,,,,,,,交通运输,公交Ⅱ,公交Ⅲ,14.51,14.65,14.66
sh603032,德新交运,2020-12-24,14.65,14.65,14.35,14.49,14.65,913314.0,13208877.0,2318515920.0,2318515920.0,-648257.9900000012,-17891003.510000005,683018238.99,806856223.24,123837984.25,-1752029.92,343.95,617.23,204.27,158.23,772.67,545.42,0.0,0.0,,,,,,,交通运输,公交Ⅱ,公交Ⅲ,14.47,14.58,14.54
sh603032,德新交运,2020-12-25,14.49,14.77,14.31,14.6,14.49,1660815.0,24325075.0,2336116800.0,2336116800.0,-648257.9900000012,-17891003.510000005,683018238.99,806856223.24,123837984.25,-1752029.92,989.01,1055.48,172.5,467.4,1271.0,909.63,0.0,0.0,,,,,,,交通运输,公交Ⅱ,公交Ⅲ,14.34,14.5,14.51
sh603032,德新交运,2020-12-28,14.6,15.15,14.46,14.8,14.6,2653676.0,39385559.0,2368118400.0,2368118400.0,-648257.9900000012,-17891003.510000005,683018238.99,806856223.24,123837984.25,-1752029.92,1682.32,1990.84,602.18,578.49,1654.06,1369.23,0.0,0.0,,,,,,,交通运输,公交Ⅱ,公交Ⅲ,14.56,14.5,14.48
sh603032,德新交运,2020-12-29,14.84,15.26,14.74,15.04,14.8,3448125.0,51864887.0,2406520320.0,2406520320.0,-648257.9900000012,-17891003.510000005,683018238.99,806856223.24,123837984.25,-1752029.92,2203.14,2590.39,1062.73,845.18,1814.44,1750.92,106.18,0.0,,,,,,,交通运输,公交Ⅱ,公交Ⅲ,14.86,14.92,14.88
sh603032,德新交运,2020-12-30,15.04,15.11,14.54,14.92,15.04,2440147.0,36268321.0,2387319360.0,2387319360.0,-648257.9900000012,-17891003.510000005,683018238.99,806856223.24,123837984.25,-1752029.92,1372.94,1483.26,604.65,878.34,1499.32,1265.23,149.92,0.0,,,,,,,交通运输,公交Ⅱ,公交Ⅲ,15.02,14.93,14.83
sh603032,德新交运,2020-12-31,15.26,15.66,14.81,14.88,14.92,2903901.0,43789734.0,2380919040.0,2380919040.0,-648257.9900000012,-17891003.510000005,683018238.99,806856223.24,123837984.25,-1752029.92,1607.2,1623.61,724.11,1328.47,1741.13,1172.75,306.54,254.15,,,,,,,交通运输,公交Ⅱ,公交Ⅲ,15.35,15.18,15.06
sh603032,德新交运,2021-01-04,14.41,14.7,14.2,14.66,14.88,3254017.0,47048784.0,2345717280.0,2345717280.0,-648257.9900000012,-17891003.510000005,683018238.99,806856223.24,123837984.25,-1752029.92,2080.4,1838.28,766.17,1323.83,1767.89,1257.23,0.0,195.13,,,,,,,交通运输,公交Ⅱ,公交Ⅲ,14.4,14.29,14.34
sh603032,德新交运,2021-01-05,14.59,14.7,14.39,14.41,14.66,1926262.0,27934205.0,2305715280.0,2305715280.0,-648257.9900000012,-17891003.510000005,683018238.99,806856223.24,123837984.25,-1752029.92,1296.65,1301.38,206.88,434.31,1202.2,768.1,0.0,201.94,,,,,,,交通运输,公交Ⅱ,公交Ⅲ,14.54,14.57,14.54
sh603032,德新交运,2021-01-06,14.36,14.55,14.03,14.22,14.41,1872315.0,26666430.0,2275313760.0,2275313760.0,-648257.9900000012,-17891003.510000005,683018238.99,806856223.24,123837984.25,-1752029.92,1323.8,1073.52,170.33,450.33,1172.51,1142.79,0.0,0.0,,,,,,,交通运输,公交Ⅱ,公交Ⅲ,14.55,14.43,14.35
sh603032,德新交运,2021-01-07,14.2,14.2,12.8,12.8,14.22,4511259.0,59285915.0,2048102400.0,2048102400.0,-648257.9900000012,-17891003.510000005,683018238.99,806856223.24,123837984.25,-1752029.92,2170.13,2334.39,731.16,1623.21,3027.3,1623.57,0.0,347.43,,,,,,,交通运输,公交Ⅱ,公交Ⅲ,13.95,13.68,13.53
sh603032,德新交运,2021-01-08,12.55,12.77,11.55,12.25,12.8,2566961.0,31203344.0,1960098000.0,1960098000.0,-648257.9900000012,-17891003.510000005,683018238.99,806856223.24,123837984.25,-1752029.92,1096.13,1336.55,465.89,457.72,1558.31,1326.07,0.0,0.0,,,,,,,交通运输,公交Ⅱ,公交Ⅲ,11.95,11.93,12.03
sh603032,德新交运,2021-01-11,12.25,12.28,11.2,11.21,12.25,3227504.0,37516570.0,1793689680.0,1793689680.0,-648257.9900000012,-17891003.510000005,683018238.99,806856223.24,123837984.25,-1752029.92,1506.66,1192.63,168.86,430.26,2076.14,2010.09,0.0,118.68,,,,,,,交通运输,公交Ⅱ,公交Ⅲ,11.99,12.0,12.17
sh603032,德新交运,2021-01-12,11.04,11.59,10.9,11.26,11.21,2524219.0,28565894.0,1801690080.0,1801690080.0,-648257.9900000012,-17891003.510000005,683018238.99,806856223.24,123837984.25,-1752029.92,895.04,1253.94,156.11,348.78,1639.49,1253.88,165.95,0.0,,,,,,,交通运输,公交Ⅱ,公交Ⅲ,11.11,11.39,11.4
sh603032,德新交运,2021-01-13,11.35,11.37,10.62,10.7,11.26,2324689.0,25254629.0,1712085600.0,1712085600.0,-648257.9900000012,-17891003.510000005,683018238.99,806856223.24,123837984.25,-1752029.92,905.18,965.94,228.92,352.14,1391.36,1207.39,0.0,0.0,,,,,,,交通运输,公交Ⅱ,公交Ⅲ,11.15,11.13,11.03
sh603032,德新交运,2021-01-14,10.7,11.01,10.28,10.73,10.7,2648821.0,28316416.0,1716885840.0,1716885840.0,-648257.9900000012,-17891003.510000005,683018238.99,806856223.24,123837984.25,-1752029.92,1023.83,1144.07,396.21,309.69,1325.07,1291.34,0.0,0.0,,,,,,,交通运输,公交Ⅱ,公交Ⅲ,10.56,10.36,10.66
sh603032,德新交运,2021-01-15,10.93,11.55,10.71,10.93,10.73,3158975.0,34798623.0,1748887440.0,1748887440.0,-648257.9900000012,-17891003.510000005,683018238.99,806856223.24,123837984.25,-1752029.92,1357.69,1168.27,345.73,385.41,1776.44,1926.19,0.0,0.0,,,,,,,交通运输,公交Ⅱ,公交Ⅲ,11.29,11.13,11.07
sh603032,德新交运,2021-01-18,10.6,11.15,10.6,11.1,10.93,2328611.0,25520102.0,1776088800.0,1776088800.0,-648257.9900000012,-17891003.510000005,683018238.99,806856223.24,123837984.25,-1752029.92,936.64,931.12,245.47,361.22,1369.9,1259.67,0.0,0.0,,,,,,,交通运输,公交Ⅱ,公交Ⅲ,10.68,10.98,10.91
sh603032,德新交运,2021-01-19,11.04,11.45,11.04,11.39,11.1,2118914.0,23906718.0,1822491120.0,1822491120.0,-648257.9900000012,-17891003.510000005,683018238.99,806856223.24,123837984.25,-1752029.92,819.06,968.12,254.61,119.49,1317.0,1303.06,0.0,0.0,,,,,,,交通运输,公交Ⅱ,公交Ⅲ,11.17,11.2,11.16
sh603032,德新交运,2021-01-20,11.36,11.42,11.12,11.22,11.39,1302124.0,14632490.0,1795289760.0,1795289760.0,-648257.9900000012,-17891003.510000005,683018238.99,806856223.24,123837984.25,-1752029.92,607.48,468.96,83.75,163.02,772.02,831.26,0.0,0.0,,,,,,,交通运输,公交Ⅱ,公交Ⅲ,11.3,11.3,11.24
sh603032,德新交运,2021-01-21,11.24,11.34,11.0,11.04,11.22,1440600.0,15946235.0,1766488320.0,1766488320.0,-648257.9900000012,-17891003.510000005,683018238.99,806856223.24,123837984.25,-1752029.92,535.64,630.74,99.08,291.83,959.91,672.05,0.0,0.0,,,,,,,交通运输,公交Ⅱ,公交Ⅲ,11.07,11.02,11.02
sh603032,德新交运,2021-01-22,11.0,11.07,10.8,10.81,11.04,1455331.0,15856436.0,1729686479.9999998,1729686479.9999998,-648257.9900000012,-17891003.510000005,683018238.99,806856223.24,123837984.25,-1752029.92,605.01,674.24,99.79,156.39,880.84,755.01,0.0,0.0,,,,,,,交通运输,公交Ⅱ,公交Ⅲ,10.99,10.94,10.95
sh603032,德新交运,2021-01-25,10.81,10.83,10.37,10.41,10.81,1496902.0,15754227.0,1665683280.0,1665683280.0,-648257.9900000012,-17891003.510000005,683018238.99,806856223.24,123837984.25,-1752029.92,470.93,556.8,123.95,250.21,980.54,768.42,0.0,0.0,,,,,,,交通运输,公交Ⅱ,公交Ⅲ,10.65,10.6,10.52
sh603032,德新交运,2021-01-26,10.35,10.69,10.22,10.62,10.41,1572442.0,16595220.0,1699284960.0000002,1699284960.0000002,-648257.9900000012,-17891003.510000005,683018238.99,806856223.24,123837984.25,-1752029.92,656.75,670.37,122.19,111.36,880.58,877.8,0.0,0.0,,,,,,,交通运输,公交Ⅱ,公交Ⅲ,10.32,10.44,10.58
sh603032,德新交运,2021-01-27,9.56,9.56,9.56,9.56,10.62,700800.0,6699648.0,1529676479.9999998,1529676479.9999998,-648257.9900000012,-17891003.510000005,683018238.99,806856223.24,123837984.25,-1752029.92,246.18,221.31,21.99,308.8,367.49,105.54,0.0,0.0,,,,,,,交通运输,公交Ⅱ,公交Ⅲ,9.56,9.56,9.56
sh603032,德新交运,2021-01-28,8.6,8.6,8.6,8.6,9.56,246000.0,2115600.0,1376068800.0,1376068800.0,-648257.9900000012,-17891003.510000005,683018238.99,806856223.24,123837984.25,-1752029.92,55.47,139.58,0.0,40.08,151.88,27.69,0.0,0.0,,,,,,,交通运输,公交Ⅱ,公交Ⅲ,8.6,8.6,8.6
sh603032,德新交运,2021-01-29,7.74,8.43,7.74,7.95,8.6,9739587.0,76157986.0,1272063600.0,1272063600.0,-648257.9900000012,-17891003.510000005,683018238.99,806856223.24,123837984.25,-1752029.92,2164.72,2793.14,1471.75,1515.74,2934.79,3205.08,1043.35,100.66,,,,,,,交通运输,公交Ⅱ,公交Ⅲ,7.87,7.89,7.76
sh603032,德新交运,2021-02-01,7.89,7.89,7.32,7.42,7.95,6292294.0,47402460.0,1187259360.0,1187259360.0,-648257.9900000012,-17891003.510000005,683018238.99,806856223.24,123837984.25,-1752029.92,1690.08,1545.66,562.44,1314.15,2487.73,1776.52,0.0,103.91,,,,,,,交通运输,公交Ⅱ,公交Ⅲ,7.71,7.72,7.48
sh603032,德新交运,2021-02-02,7.46,7.8,7.41,7.44,7.42,4500011.0,34100005.0,1190459520.0,1190459520.0,-648257.9900000012,-17891003.510000005,683018238.99,806856223.24,123837984.25,-1752029.92,976.5,1169.11,160.32,567.33,2273.18,1673.56,0.0,0.0,,,,,,,交通运输,公交Ⅱ,公交Ⅲ,7.48,7.49,7.55
sh603032,德新交运,2021-02-03,7.37,7.54,7.14,7.29,7.44,3085820.0,22442630.0,1166458320.0,1166458320.0,-648257.9900000012,-17891003.510000005,683018238.99,806856223.24,123837984.25,-1752029.92,570.17,813.53,129.45,43.87,1544.65,1386.87,0.0,0.0,,,,,,,交通运输,公交Ⅱ,公交Ⅲ,7.31,7.22,7.16
sh603032,德新交运,2021-02-04,7.3,7.39,6.76,6.97,7.29,3302411.0,23061012.0,1115255760.0,1115255760.0,-648257.9900000012,-17891003.510000005,683018238.99,806856223.24,123837984.25,-1752029.92,559.35,765.72,161.03,285.25,1585.72,1255.13,0.0,0.0,,,,,,,交通运输,公交Ⅱ,公交Ⅲ,7.3,7.28,7.24
sh603032,德新交运,2021-02-05,7.0,7.26,6.92,7.02,6.97,2757093.0,19649069.0,1123256160.0,1123256160.0,-648257.9900000012,-17891003.510000005,683018238.99,806856223.24,123837984.25,-1752029.92,472.59,667.96,100.33,66.89,1391.98,1230.06,0.0,0.0,,,,,,,交通运输,公交Ⅱ,公交Ⅲ,7.12,7.21,7.18
sh603032,德新交运,2021-02-08,7.02,7.12,6.81,7.0,7.02,1943100.0,13553151.0,1120056000.0,1120056000.0,-648257.9900000012,-17891003.510000005,683018238.99,806856223.24,123837984.25,-1752029.92,441.57,393.48,55.09,158.56,858.65,803.28,0.0,0.0,,,,,,,交通运输,公交Ⅱ,公交Ⅲ,7.0,6.86,6.93
sh603032,德新交运,2021-02-09,7.11,7.11,6.81,7.02,7.0,1933993.0,13437237.0,1123256160.0,1123256160.0,-648257.9900000012,-17891003.510000005,683018238.99,806856223.24,123837984.25,-1752029.92,435.71,334.89,258.28,153.1,649.74,855.73,0.0,0.0,,,,,,,交通运输,公交Ⅱ,公交Ⅲ,6.93,7.0,7.01
sh603032,德新交运,2021-02-10,7.0,7.3,6.86,7.16,7.02,1832700.0,13016831.0,1145657280.0,1145657280.0,-648257.9900000012,-17891003.510000005,683018238.99,806856223.24,123837984.25,-1752029.92,377.3,383.95,132.72,34.52,791.66,883.21,0.0,0.0,,,,,,,交通运输,公交Ⅱ,公交Ⅲ,7.02,7.01,7.09
sh603032,德新交运,2021-02-18,7.19,7.65,7.19,7.52,7.16,2528990.0,18812492.0,1203260160.0,1203260160.0,-648257.9900000012,-17891003.510000005,683018238.99,806856223.24,123837984.25,-1752029.92,478.93,467.29,162.26,229.61,1240.06,1184.35,0.0,0.0,,,,,,,交通运输,公交Ⅱ,公交Ⅲ,7.3,7.39,7.55
sh603032,德新交运,2021-02-19,7.52,8.27,7.46,8.27,7.52,3012022.0,23856223.0,1323266160.0,1323266160.0,-648257.9900000012,-17891003.510000005,683018238.99,806856223.24,123837984.25,-1752029.92,411.4,677.74,227.72,364.93,1000.2,1204.07,607.43,0.0,,,,,,,交通运输,公交Ⅱ,公交Ⅲ,7.59,7.8,7.96
sh603032,德新交运,2021-02-22,8.97,9.1,8.45,9.1,8.27,6105017.0,54063084.0,1456072800.0,1456072800.0,-648257.9900000012,-17891003.510000005,683018238.99,806856223.24,123837984.25,-1752029.92,1967.81,1728.92,828.03,976.2,2492.34,2486.16,118.13,215.03,,,,,,,交通运输,公交Ⅱ,公交Ⅲ,8.6,8.54,8.64
sh603032,德新交运,2021-02-23,9.43,10.01,9.14,10.01,9.1,7788613.0,76485028.0,1601680080.0,1601680080.0,-648257.9900000012,-17891003.510000005,683018238.99,806856223.24,123837984.25,-1752029.92,2673.57,2912.41,1809.97,1195.96,2878.89,2970.45,286.08,569.68,,,,,,,交通运输,公交Ⅱ,公交Ⅲ,10.01,9.56,9.8
sh603032,德新交运,2021-02-24,9.01,10.55,9.01,9.66,10.01,11797544.0,114501831.0,1545677280.0,1545677280.0,-648257.9900000012,-17891003.510000005,683018238.99,806856223.24,123837984.25,-1752029.92,4312.1,4058.73,1919.47,1812.45,4945.2,5146.61,273.41,432.39,,,,,,,交通运输,公交Ⅱ,公交Ⅲ,10.3,10.07,9.94
sh603032,德新交运,2021-02-25,9.36,10.63,9.33,10.63,9.66,11247455.0,112634354.0,1700885039.9999998,1700885039.9999998,-648257.9900000012,-17891003.510000005,683018238.99,806856223.24,123837984.25,-1752029.92,3700.45,3939.56,1655.74,2404.31,4671.84,4603.3,1235.41,316.26,,,,,,,交通运输,公交Ⅱ,公交Ⅲ,9.7,9.4,9.48
sh603032,德新交运,2021-02-26,10.68,11.69,10.68,11.69,10.63,9187944.0,105018845.0,1870493520.0,1870493520.0,-648257.9900000012,-17891003.510000005,683018238.99,806856223.24,123837984.25,-1752029.92,3830.0,3581.56,2222.74,2706.89,3164.61,3638.47,1284.54,574.97,,,,,,,交通运输,公交Ⅱ,公交Ⅲ,11.5,11.3,11.5
sh603032,德新交运,2021-03-01,12.55,12.55,11.21,12.08,11.69,13145089.0,156629129.0,1932896640.0,1932896640.0,-648257.9900000012,-17891003.510000005,683018238.99,806856223.24,123837984.25,-1752029.92,6110.19,5694.96,2138.81,3029.72,7293.9,6431.97,120.01,506.26,,,,,,,交通运输,公交Ⅱ,公交Ⅲ,11.3,11.81,11.65
sh603032,德新交运,2021-03-02,11.37,11.93,10.93,11.0,12.08,10235583.0,116766529.0,1760088000.0,1760088000.0,-648257.9900000012,-17891003.510000005,683018238.99,806856223.24,123837984.25,-1752029.92,4061.46,4623.38,2281.59,1953.45,5171.81,4985.14,161.8,114.68,,,,,,,交通运输,公交Ⅱ,公交Ⅲ,11.58,11.76,11.53
sh603032,德新交运,2021-03-03,10.97,12.1,10.72,12.1,11.0,9684380.0,111940147.0,1936096800.0,1936096800.0,-648257.9900000012,-17891003.510000005,683018238.99,806856223.24,123837984.25,-1752029.92,3144.12,4172.86,2263.8,1850.71,4231.04,4398.27,1340.93,558.05,,,,,,,交通运输,公交Ⅱ,公交Ⅲ,10.89,11.05,11.03
sh603032,德新交运,2021-03-04,12.35,13.3,11.8,12.5,12.1,12760868.0,161099635.0,2000100000.0,2000100000.0,-648257.9900000012,-17891003.510000005,683018238.99,806856223.24,123837984.25,-1752029.92,5678.95,5426.04,2831.95,4116.06,7420.48,6427.48,178.59,140.38,,,,,,,交通运输,公交Ⅱ,公交Ⅲ,12.08,12.21,12.77
sh603032,德新交运,2021-03-05,12.49,13.25,11.67,12.53,12.5,9070460.0,113952384.0,2004900240.0,2004900240.0,-648257.9900000012,-17891003.510000005,683018238.99,806856223.24,123837984.25,-1752029.92,3437.71,4652.44,1555.31,1113.41,6026.19,5259.4,108.77,102.73,,,,,,,交通运输,公交Ⅱ,公交Ⅲ,12.2,12.31,12.64
sh603032,德新交运,2021-03-08,12.06,12.45,11.67,12.04,12.53,7280163.0,87653384.0,1926496320.0,1926496320.0,-648257.9900000012,-17891003.510000005,683018238.99,806856223.24,123837984.25,-1752029.92,3041.48,2698.02,775.64,1560.51,4948.21,3825.73,0.0,681.07,,,,,,,交通运输,公交Ⅱ,公交Ⅲ,12.2,12.16,11.98
sh603032,德新交运,2021-03-09,11.88,11.88,10.84,10.84,12.04,5962304.0,66542679.0,1734486720.0,1734486720.0,-648257.9900000012,-17891003.510000005,683018238.99,806856223.24,123837984.25,-1752029.92,2044.44,2254.46,535.12,782.3,4074.7,3617.51,0.0,0.0,,,,,,,交通运输,公交Ⅱ,公交Ⅲ,11.35,11.08,11.15
sh603032,德新交运,2021-03-10,11.0,11.32,10.48,10.51,10.84,4987500.0,54243310.0,1681684080.0,1681684080.0,-648257.9900000012,-17891003.510000005,683018238.99,806856223.24,123837984.25,-1752029.92,1439.43,1649.36,403.28,795.97,3581.61,2979.0,0.0,0.0,,,,,,,交通运输,公交Ⅱ,公交Ⅲ,11.25,10.94,10.89
sh603032,德新交运,2021-03-11,10.73,11.25,10.28,11.1,10.51,4256362.0,46172211.0,1776088800.0,1776088800.0,-648257.9900000012,-17891003.510000005,683018238.99,806856223.24,123837984.25,-1752029.92,1401.91,1457.03,185.33,263.1,3029.97,2897.09,0.0,0.0,,,,,,,交通运输,公交Ⅱ,公交Ⅲ,10.29,10.45,10.52
sh603032,德新交运,2021-03-12,11.0,12.21,11.0,12.21,11.1,3563584.0,42711607.0,1953697680.0,1953697680.0,-648257.9900000012,-17891003.510000005,683018238.99,806856223.24,123837984.25,-1752029.92,657.59,1570.27,1148.82,675.79,475.33,1903.0,1989.42,122.1,,,,,,,交通运输,公交Ⅱ,公交Ⅲ,11.85,12.21,12.21
sh603032,德新交运,2021-03-15,13.0,13.43,12.77,13.43,12.21,5570345.0,73948046.0,2148907440.0,2148907440.0,-648257.9900000012,-17891003.510000005,683018238.99,806856223.24,123837984.25,-1752029.92,1942.51,2155.82,2059.37,1781.75,1785.5,1914.94,1503.45,1438.33,,,,,,,交通运输,公交Ⅱ,公交Ⅲ,13.43,13.43,13.43
sh603032,德新交运,2021-03-16,14.0,14.77,13.0,13.51,13.43,14520523.0,200343877.0,2161708080.0,2161708080.0,-648257.9900000012,-17891003.510000005,683018238.99,806856223.24,123837984.25,-1752029.92,7668.51,6342.8,2852.64,4705.65,8770.34,7463.26,331.75,1111.53,,,,,,,交通运输,公交Ⅱ,公交Ⅲ,14.36,13.78,13.56
sh603032,德新交运,2021-03-17,12.79,13.72,12.39,13.01,13.51,9409801.0,122091536.0,2081704080.0,2081704080.0,-648257.9900000012,-17891003.510000005,683018238.99,806856223.24,123837984.25,-1752029.92,4625.41,4593.86,1487.52,1492.11,5855.57,5761.85,0.0,120.67,,,,,,,交通运输,公交Ⅱ,公交Ⅲ,13.04,12.74,13.06
sh603032,德新交运,2021-03-18,12.79,13.13,12.43,12.46,13.01,6793538.0,86034386.0,1993699680.0,1993699680.0,-648257.9900000012,-17891003.510000005,683018238.99,806856223.24,123837984.25,-1752029.92,2793.15,3251.26,897.81,1254.36,4765.01,3646.44,0.0,303.91,,,,,,,交通运输,公交Ⅱ,公交Ⅲ,12.67,12.8,12.9
sh603032,德新交运,2021-03-19,12.7,13.27,12.3,12.63,12.46,6944927.0,88469236.0,2020901040.0,2020901040.0,-648257.9900000012,-17891003.510000005,683018238.99,806856223.24,123837984.25,-1752029.92,3457.17,2866.04,1169.99,1127.15,4046.67,4714.69,173.1,139.04,,,,,,,交通运输,公交Ⅱ,公交Ⅲ,12.67,12.85,12.76
sh603032,德新交运,2021-03-22,12.18,12.55,12.13,12.4,12.63,4968492.0,61192600.0,1984099200.0,1984099200.0,-648257.9900000012,-17891003.510000005,683018238.99,806856223.24,123837984.25,-1752029.92,2312.51,2604.62,557.84,838.08,3248.9,2676.56,0.0,0.0,,,,,,,交通运输,公交Ⅱ,公交Ⅲ,12.4,12.23,12.36
sh603032,德新交运,2021-03-23,12.25,12.57,11.83,11.92,12.4,4904695.0,59147351.0,1907295360.0,1907295360.0,-648257.9900000012,-17891003.510000005,683018238.99,806856223.24,123837984.25,-1752029.92,2024.75,2276.06,542.12,963.79,3133.32,2511.57,214.55,163.32,,,,,,,交通运输,公交Ⅱ,公交Ⅲ,12.45,12.2,12.1
sh603032,德新交运,2021-03-24,11.8,11.88,11.28,11.41,11.92,3986800.0,45909127.0,1825691280.0,1825691280.0,-648257.9900000012,-17891003.510000005,683018238.99,806856223.24,123837984.25,-1752029.92,1588.13,2031.03,392.83,565.89,2609.95,1993.99,0.0,0.0,,,,,,,交通运输,公交Ⅱ,公交Ⅲ,11.65,11.72,11.6
sh603032,德新交运,2021-03-25,11.56,12.55,11.45,12.55,11.41,3864861.0,47773140.0,2008100400.0,2008100400.0,-648257.9900000012,-17891003.510000005,683018238.99,806856223.24,123837984.25,-1752029.92,898.79,1803.43,804.22,1115.56,810.7,1746.76,2263.61,111.56,,,,,,,交通运输,公交Ⅱ,公交Ⅲ,12.16,12.55,12.55
sh603032,德新交运,2021-03-26,13.4,13.4,12.02,12.52,12.55,9750615.0,123488009.0,2003300160.0,2003300160.0,-648257.9900000012,-17891003.510000005,683018238.99,806856223.24,123837984.25,-1752029.92,4152.68,3805.66,1919.11,2218.39,5876.44,5591.81,400.58,732.93,,,,,,,交通运输,公交Ⅱ,公交Ⅲ,12.84,12.51,12.24
sh603032,德新交运,2021-03-29,12.45,13.18,11.9,12.63,12.52,6540667.0,80909693.0,2020901040.0,2020901040.0,-648257.9900000012,-17891003.510000005,683018238.99,806856223.24,123837984.25,-1752029.92,3083.3,2974.59,1167.96,1160.04,3839.71,3840.26,0.0,116.07,,,,,,,交通运输,公交Ⅱ,公交Ⅲ,12.03,12.17,12.1
sh603032,德新交运,2021-03-30,12.51,13.89,12.5,13.89,12.63,6990551.0,94425691.0,2222511120.0,2222511120.0,-648257.9900000012,-17891003.510000005,683018238.99,806856223.24,123837984.25,-1752029.92,2065.68,3675.59,1845.14,1819.14,1506.45,3567.11,4025.31,380.72,,,,,,,交通运输,公交Ⅱ,公交Ⅲ,12.9,13.89,13.89
sh603032,德新交运,2021-03-31,14.71,14.71,13.1,13.11,13.89,11777184.0,161895728.0,2097704880.0,2097704880.0,-648257.9900000012,-17891003.510000005,683018238.99,806856223.24,123837984.25,-1752029.92,5781.22,5526.94,2017.21,4201.73,7458.62,4433.58,383.85,1478.64,,,,,,,交通运输,公交Ⅱ,公交Ⅲ,13.86,13.63,13.6
sh603032,德新交运,2021-04-01,13.0,13.11,12.31,12.54,13.11,7416038.0,93441178.0,2006500320.0,2006500320.0,-648257.9900000012,-17891003.510000005,683018238.99,806856223.24,123837984.25,-1752029.92,3850.67,3640.68,1101.12,1997.92,4392.32,3705.52,0.0,0.0,,,,,,,交通运输,公交Ⅱ,公交Ⅲ,12.55,12.6,12.49
sh603032,德新交运,2021-04-02,12.3,13.0,12.22,12.73,12.54,5724560.0,71938560.0,2036901840.0,2036901840.0,-648257.9900000012,-17891003.510000005,683018238.99,806856223.24,123837984.25,-1752029.92,2904.81,2791.16,520.27,814.29,3666.65,3408.66,102.12,179.75,,,,,,,交通运输,公交Ⅱ,公交Ⅲ,12.39,12.38,12.25
sh603032,德新交运,2021-04-06,12.51,13.0,12.38,12.58,12.73,3540315.0,44613548.0,2012900640.0,2012900640.0,-648257.9900000012,-17891003.510000005,683018238.99,806856223.24,123837984.25,-1752029.92,1798.05,1911.99,626.29,513.93,2037.01,2035.43,0.0,0.0,,,,,,,交通运输,公交Ⅱ,公交Ⅲ,12.8,12.6,12.59
sh603032,德新交运,2021-04-07,12.75,12.98,12.42,12.77,12.58,4409047.0,56050083.0,2043302160.0,2043302160.0,-648257.9900000012,-17891003.510000005,683018238.99,806856223.24,123837984.25,-1752029.92,2245.31,2498.05,737.91,612.26,2621.79,2494.7,0.0,0.0,,,,,,,交通运输,公交Ⅱ,公交Ⅲ,12.75,12.61,12.68
sh603032,德新交运,2021-04-08,12.95,14.05,12.91,13.42,12.77,9877487.0,135072691.0,2147307360.0,2147307360.0,-648257.9900000012,-17891003.510000005,683018238.99,806856223.24,123837984.25,-1752029.92,4551.98,5504.88,2164.58,2493.64,4549.69,4978.86,1946.91,235.79,,,,,,,交通运输,公交Ⅱ,公交Ⅲ,13.37,13.8,13.52
sh603032,德新交运,2021-04-09,12.15,12.85,12.15,12.5,13.42,7244899.0,90499410.0,2000100000.0,2000100000.0,-648257.9900000012,-17891003.510000005,683018238.99,806856223.24,123837984.25,-1752029.92,3639.64,3445.69,1786.8,2396.67,3623.5,2845.28,0.0,362.3,,,,,,,交通运输,公交Ⅱ,公交Ⅲ,12.47,12.31,12.46
sh603032,德新交运,2021-04-12,12.41,13.75,12.15,13.75,12.5,12010875.0,159285417.0,2200110000.0,2200110000.0,-648257.9900000012,-17891003.510000005,683018238.99,806856223.24,123837984.25,-1752029.92,5263.92,6155.47,3180.04,3057.75,4972.98,5903.59,2511.6,811.73,,,,,,,交通运输,公交Ⅱ,公交Ⅲ,12.21,12.2,12.23
sh603032,德新交运,2021-04-13,13.94,14.08,12.82,12.9,13.75,10414853.0,139413385.0,2064103200.0,2064103200.0,-648257.9900000012,-17891003.510000005,683018238.99,806856223.24,123837984.25,-1752029.92,5548.91,5050.09,2012.59,3486.13,6273.35,4733.77,106.5,671.35,,,,,,,交通运输,公交Ⅱ,公交Ⅲ,13.77,13.57,13.66
sh603032,德新交运,2021-04-14,12.88,13.37,12.61,13.34,12.9,6442886.0,84536999.0,2134506720.0,2134506720.0,-648257.9900000012,-17891003.510000005,683018238.99,806856223.24,123837984.25,-1752029.92,3075.47,2926.3,1268.25,1307.7,3810.8,3916.56,106.7,110.65,,,,,,,交通运输,公交Ⅱ,公交Ⅲ,12.78,13.23,13.02
sh603032,德新交运,2021-04-15,13.27,13.69,13.04,13.06,13.34,5371629.0,71603445.0,2089704480.0,2089704480.0,-648257.9900000012,-17891003.510000005,683018238.99,806856223.24,123837984.25,-1752029.92,2736.2,2948.57,834.36,768.45,3486.32,3335.45,103.46,107.87,,,,,,,交通运输,公交Ⅱ,公交Ⅲ,13.46,13.28,13.27
sh603032,德新交运,2021-04-16,12.94,13.46,12.8,13.31,13.06,5393048.0,70695125.0,2129706480.0,2129706480.0,-648257.9900000012,-17891003.510000005,683018238.99,806856223.24,123837984.25,-1752029.92,2763.74,3067.68,996.04,1003.21,3205.5,2888.87,104.23,109.76,,,,,,,交通运输,公交Ⅱ,公交Ⅲ,13.12,13.12,13.16
sh603032,德新交运,2021-04-19,13.19,13.6,13.06,13.5,13.31,5639989.0,75317864.0,2160108000.0,2160108000.0,-648257.9900000012,-17891003.510000005,683018238.99,806856223.24,123837984.25,-1752029.92,3250.14,3169.51,1148.26,933.81,3028.2,3160.26,105.2,268.2,,,,,,,交通运输,公交Ⅱ,公交Ⅲ,13.12,13.17,13.3
sh603032,德新交运,2021-04-20,13.38,13.5,13.08,13.22,13.5,4127800.0,54681417.0,2115305760.0,2115305760.0,-648257.9900000012,-17891003.510000005,683018238.99,806856223.24,123837984.25,-1752029.92,2002.38,2244.19,734.74,743.24,2596.93,2246.72,134.09,233.98,,,,,,,交通运输,公交Ⅱ,公交Ⅲ,13.24,13.32,13.32
sh603032,德新交运,2021-04-21,12.88,13.17,12.42,12.72,13.22,5256420.0,66813167.0,2035301760.0,2035301760.0,-648257.9900000012,-17891003.510000005,683018238.99,806856223.24,123837984.25,-1752029.92,2305.04,2759.14,1601.44,1208.33,2673.72,2190.51,101.12,523.34,,,,,,,交通运输,公交Ⅱ,公交Ⅲ,12.93,12.51,12.74
sh603032,德新交运,2021-04-22,12.72,13.25,12.5,12.66,12.72,3667100.0,46831923.0,2025701280.0,2025701280.0,-648257.9900000012,-17891003.510000005,683018238.99,806856223.24,123837984.25,-1752029.92,1751.44,1879.92,915.39,818.37,2016.36,1984.9,0.0,0.0,,,,,,,交通运输,公交Ⅱ,公交Ⅲ,12.67,12.64,12.63
sh603032,德新交运,2021-04-23,12.66,12.72,12.22,12.28,12.66,3965654.0,48969028.0,1964898240.0,1964898240.0,-648257.9900000012,-17891003.510000005,683018238.99,806856223.24,123837984.25,-1752029.92,1749.87,1961.1,1159.34,1229.77,1987.69,1533.37,0.0,172.66,,,,,,,交通运输,公交Ⅱ,公交Ⅲ,12.47,12.32,12.34
sh603032,德新交运,2021-04-26,12.18,12.35,12.0,12.01,12.28,2245961.0,27162518.0,1921696080.0,1921696080.0,-648257.9900000012,-17891003.510000005,683018238.99,806856223.24,123837984.25,-1752029.92,967.91,1226.73,347.99,341.74,1400.35,1147.78,0.0,0.0,,,,,,,交通运输,公交Ⅱ,公交Ⅲ,12.08,12.29,12.2
sh603032,*ST德新,2021-04-28,11.41,11.41,11.41,11.41,12.01,237900.0,2714439.0,1825691280.0,1825691280.0,-8617234.15,-10704281.64,673659135.02,803792016.83,130132881.81,-9392279.530000001,46.67,142.02,199.68,59.67,25.1,69.75,0.0,0.0,,,,,,,交通运输,公交Ⅱ,公交Ⅲ,11.41,11.41,11.41
sh603032,*ST德新,2021-04-29,10.84,10.84,10.84,10.84,11.41,239700.0,2598348.0,1734486720.0,1734486720.0,-5264723.85,-11035838.46,676361846.23,794841553.51,118479707.28,2820467.06,103.96,30.79,106.02,181.1,48.55,46.63,0.0,0.0,,,,,,,交通运输,公交Ⅱ,公交Ⅲ,10.84,10.84,10.84
sh603032,*ST德新,2021-04-30,10.3,10.53,10.3,10.3,10.84,8889920.0,91652596.0,1648082400.0,1648082400.0,-5264723.85,-11035838.46,676361846.23,794841553.51,118479707.28,2820467.06,2862.1,3495.42,4181.34,2005.69,1410.09,3532.0,711.73,132.15,,,,,,,交通运输,公交Ⅱ,公交Ⅲ,10.3,10.3,10.3
sh603032,*ST德新,2021-05-06,10.05,10.82,10.05,10.82,10.3,4052649.0,43233269.0,1731286560.0,1731286560.0,-5264723.85,-11035838.46,676361846.23,794841553.51,118479707.28,2820467.06,1926.29,1804.72,1503.16,964.84,893.88,1553.76,0.0,0.0,,,,,,,交通运输,公交Ⅱ,公交Ⅲ,10.71,10.7,10.63
sh603032,*ST德新,2021-05-07,10.9,11.36,10.8,11.36,10.82,2251357.0,25042827.0,1817690880.0,1817690880.0,-5264723.85,-11035838.46,676361846.23,794841553.51,118479707.28,2820467.06,871.85,1036.68,674.72,521.0,662.35,946.6,295.36,0.0,,,,,,,交通运输,公交Ⅱ,公交Ⅲ,10.88,10.94,10.91
sh603032,*ST德新,2021-05-10,11.57,11.93,11.56,11.93,11.36,1153557.0,13669508.0,1908895440.0,1908895440.0,-5264723.85,-11035838.46,676361846.23,794841553.51,118479707.28,2820467.06,557.52,522.15,398.56,261.71,410.87,583.09,0.0,0.0,,,,,,,交通运输,公交Ⅱ,公交Ⅲ,11.93,11.89,11.87
sh603032,*ST德新,2021-05-11,12.42,12.42,11.45,11.55,11.93,3624819.0,43183625.0,1848092400.0,1848092400.0,-5264723.85,-11035838.46,676361846.23,794841553.51,118479707.28,2820467.06,1768.55,1900.56,643.19,1036.21,1543.48,1111.87,363.14,269.74,,,,,,,交通运输,公交Ⅱ,公交Ⅲ,12.08,12.23,12.02
sh603032,*ST德新,2021-05-12,11.6,12.13,11.6,12.13,11.55,2308720.0,27613032.0,1940897040.0,1940897040.0,-5264723.85,-11035838.46,676361846.23,794841553.51,118479707.28,2820467.06,1139.3,1226.75,613.73,494.87,657.73,918.39,350.54,121.3,,,,,,,交通运输,公交Ⅱ,公交Ⅲ,11.73,11.75,11.92
sh603032,*ST德新,2021-05-13,12.26,12.74,12.1,12.38,12.13,2975775.0,37172976.0,1980899040.0,1980899040.0,-5264723.85,-11035838.46,676361846.23,794841553.51,118479707.28,2820467.06,1470.42,1319.31,954.57,644.65,1139.43,1385.15,152.88,368.19,,,,,,,交通运输,公交Ⅱ,公交Ⅲ,12.3,12.25,12.33
sh603032,*ST德新,2021-05-14,12.5,12.93,12.37,12.41,12.38,1764945.0,22124936.0,1985699280.0,1985699280.0,-5264723.85,-11035838.46,676361846.23,794841553.51,118479707.28,2820467.06,783.72,816.66,558.41,354.87,758.67,826.27,0.0,102.99,,,,,,,交通运输,公交Ⅱ,公交Ⅲ,12.7,12.6,12.48
sh603032,*ST德新,2021-05-17,12.34,12.55,12.0,12.08,12.41,1610840.0,19592191.0,1932896640.0,1932896640.0,-5264723.85,-11035838.46,676361846.23,794841553.51,118479707.28,2820467.06,839.69,889.75,420.53,404.96,699.0,664.51,0.0,0.0,,,,,,,交通运输,公交Ⅱ,公交Ⅲ,12.29,12.4,12.31
sh603032,*ST德新,2021-05-18,12.04,12.3,11.9,12.15,12.08,711300.0,8596619.0,1944097200.0,1944097200.0,-5264723.85,-11035838.46,676361846.23,794841553.51,118479707.28,2820467.06,377.06,347.68,131.64,137.61,350.96,374.37,0.0,0.0,,,,,,,交通运输,公交Ⅱ,公交Ⅲ,12.03,12.1,12.09
sh603032,*ST德新,2021-05-19,12.03,12.54,11.9,12.32,12.15,1641315.0,19949381.0,1971298560.0,1971298560.0,-5264723.85,-11035838.46,676361846.23,794841553.51,118479707.28,2820467.06,573.09,635.71,726.78,597.14,695.07,762.09,0.0,0.0,,,,,,,交通运输,公交Ⅱ,公交Ⅲ,12.08,12.15,12.12
sh603032,*ST德新,2021-05-20,12.28,12.44,11.96,11.97,12.32,1262200.0,15348512.0,1915295760.0,1915295760.0,-5264723.85,-11035838.46,676361846.23,794841553.51,118479707.28,2820467.06,506.59,708.23,390.19,268.32,638.07,558.31,0.0,0.0,,,,,,,交通运输,公交Ⅱ,公交Ⅲ,12.3,12.27,12.35
sh603032,*ST德新,2021-05-21,11.95,12.04,11.62,11.69,11.97,921060.0,10888099.0,1870493520.0,1870493520.0,-5264723.85,-11035838.46,676361846.23,794841553.51,118479707.28,2820467.06,520.71,453.28,74.63,210.76,493.47,424.77,0.0,0.0,,,,,,,交通运输,公交Ⅱ,公交Ⅲ,11.89,11.91,11.9
sh603032,*ST德新,2021-05-24,11.49,11.8,11.34,11.34,11.69,866100.0,9984872.0,1814490720.0,1814490720.0,-5264723.85,-11035838.46,676361846.23,794841553.51,118479707.28,2820467.06,412.62,510.1,79.87,168.2,505.99,320.18,0.0,0.0,,,,,,,交通运输,公交Ⅱ,公交Ⅲ,11.8,11.69,11.64
sh603032,*ST德新,2021-05-25,11.5,11.91,11.0,11.91,11.34,1817984.0,20901546.0,1905695280.0,1905695280.0,-5264723.85,-11035838.46,676361846.23,794841553.51,118479707.28,2820467.06,895.82,856.96,428.45,293.54,765.89,939.65,0.0,0.0,,,,,,,交通运输,公交Ⅱ,公交Ⅲ,11.49,11.3,11.12
sh603032,*ST德新,2021-05-26,12.14,12.51,11.92,12.51,11.91,1844380.0,22822426.0,2001700080.0,2001700080.0,-5264723.85,-11035838.46,676361846.23,794841553.51,118479707.28,2820467.06,708.15,1044.99,706.51,237.33,507.8,807.39,359.79,192.53,,,,,,,交通运输,公交Ⅱ,公交Ⅲ,12.1,12.13,12.32
sh603032,*ST德新,2021-05-27,12.7,12.7,12.1,12.2,12.51,2243200.0,27609788.0,1952097600.0,1952097600.0,-5264723.85,-11035838.46,676361846.23,794841553.51,118479707.28,2820467.06,1145.23,1501.67,501.26,671.09,1114.49,588.22,0.0,0.0,,,,,,,交通运输,公交Ⅱ,公交Ⅲ,12.36,12.18,12.2
sh603032,*ST德新,2021-05-28,12.4,12.54,12.19,12.19,12.2,1136400.0,13988632.0,1950497520.0,1950497520.0,-5264723.85,-11035838.46,676361846.23,794841553.51,118479707.28,2820467.06,612.17,618.96,153.96,138.66,577.6,462.11,0.0,124.0,,,,,,,交通运输,公交Ⅱ,公交Ⅲ,12.3,12.31,12.26
sh603032,*ST德新,2021-05-31,12.08,12.28,11.91,12.12,12.19,994020.0,12007119.0,1939296960.0,1939296960.0,-5264723.85,-11035838.46,676361846.23,794841553.51,118479707.28,2820467.06,516.01,484.4,48.12,137.62,636.58,578.69,0.0,0.0,,,,,,,交通运输,公交Ⅱ,公交Ⅲ,12.05,12.0,12.13
sh603032,*ST德新,2021-06-01,12.03,12.12,11.97,11.99,12.12,903000.0,10849354.0,1918495920.0,1918495920.0,-5264723.85,-11035838.46,676361846.23,794841553.51,118479707.28,2820467.06,547.26,445.21,30.8,86.66,506.88,550.05,0.0,3.02,,,,,,,交通运输,公交Ⅱ,公交Ⅲ,12.07,12.0,12.03
sh603032,*ST德新,2021-06-02,11.99,12.07,11.8,11.8,11.99,912340.0,10842505.0,1888094400.0,1888094400.0,-5264723.85,-11035838.46,676361846.23,794841553.51,118479707.28,2820467.06,434.5,424.92,127.21,121.16,522.54,538.17,0.0,0.0,,,,,,,交通运输,公交Ⅱ,公交Ⅲ,12.05,11.93,11.94
sh603032,*ST德新,2021-06-03,12.0,12.39,11.82,12.31,11.8,2318702.0,28475938.0,1969698480.0,1969698480.0,-5264723.85,-11035838.46,676361846.23,794841553.51,118479707.28,2820467.06,927.57,1065.11,627.45,482.07,1017.52,1109.48,275.06,190.93,,,,,,,交通运输,公交Ⅱ,公交Ⅲ,11.9,11.98,12.2
sh603032,*ST德新,2021-06-04,12.22,12.65,12.0,12.36,12.31,3612720.0,44476306.0,1977698880.0,1977698880.0,-5264723.85,-11035838.46,676361846.23,794841553.51,118479707.28,2820467.06,2107.39,2147.09,281.64,746.86,2058.6,1545.78,0.0,7.9,,,,,,,交通运输,公交Ⅱ,公交Ⅲ,12.11,12.27,12.23
sh603032,*ST德新,2021-06-07,12.93,12.98,12.9,12.98,12.36,2398260.0,31101369.0,2076903840.0,2076903840.0,-5264723.85,-11035838.46,676361846.23,794841553.51,118479707.28,2820467.06,1013.13,1080.73,1078.84,858.25,401.07,709.55,581.2,425.69,,,,,,,交通运输,公交Ⅱ,公交Ⅲ,12.98,12.98,12.98
sh603032,*ST德新,2021-06-08,13.63,13.63,13.63,13.63,12.98,237528.0,3237507.0,2180909040.0,2180909040.0,-5264723.85,-11035838.46,676361846.23,794841553.51,118479707.28,2820467.06,159.92,118.31,124.99,27.26,38.85,178.18,0.0,0.0,,,,,,,交通运输,公交Ⅱ,公交Ⅲ,13.63,13.63,13.63
sh603032,*ST德新,2021-06-09,14.31,14.31,14.31,14.31,13.63,191720.0,2743513.0,2289714480.0,2289714480.0,-5264723.85,-11035838.46,676361846.23,794841553.51,118479707.28,2820467.06,44.1,106.78,0.0,45.62,14.02,121.95,216.22,0.0,,,,,,,交通运输,公交Ⅱ,公交Ⅲ,14.31,14.31,14.31
sh603032,*ST德新,2021-06-10,15.03,15.03,13.91,13.96,14.31,6424182.0,93233106.0,2233711680.0,2233711680.0,-5264723.85,-11035838.46,676361846.23,794841553.51,118479707.28,2820467.06,3598.14,4010.71,2153.17,1820.92,3161.23,2879.9,410.77,611.79,,,,,,,交通运输,公交Ⅱ,公交Ⅲ,14.57,14.65,14.53
sh603032,*ST德新,2021-06-11,14.6,14.66,14.3,14.66,13.96,3981420.0,58196961.0,2345717280.0,2345717280.0,-5264723.85,-11035838.46,676361846.23,794841553.51,118479707.28,2820467.06,2086.71,2511.68,1694.44,1198.93,1365.81,1687.76,672.74,421.33,,,,,,,交通运输,公交Ⅱ,公交Ⅲ,14.66,14.66,14.66
sh603032,*ST德新,2021-06-15,15.39,15.39,15.39,15.39,14.66,218600.0,3364254.0,2462523120.0,2462523120.0,-5264723.85,-11035838.46,676361846.23,794841553.51,118479707.28,2820467.06,38.63,136.66,0.0,30.78,4.62,168.98,293.18,0.0,,,,,,,交通运输,公交Ⅱ,公交Ⅲ,15.39,15.39,15.39
sh603032,*ST德新,2021-06-16,16.16,16.16,15.06,16.16,15.39,4093068.0,65726469.0,2585729280.0,2585729280.0,-5264723.85,-11035838.46,676361846.23,794841553.51,118479707.28,2820467.06,1755.74,2564.26,1660.25,1840.52,1229.59,1493.96,1927.06,673.9,,,,,,,交通运输,公交Ⅱ,公交Ⅲ,16.16,16.16,16.16
sh603032,*ST德新,2021-06-17,16.75,16.97,16.21,16.97,16.16,2226114.0,37467157.0,2715335760.0,2715335760.0,-5264723.85,-11035838.46,676361846.23,794841553.51,118479707.28,2820467.06,970.35,1382.15,1274.58,1125.08,619.75,798.94,882.04,440.55,,,,,,,交通运输,公交Ⅱ,公交Ⅲ,16.97,16.97,16.97
sh603032,*ST德新,2021-06-18,17.3,17.82,16.97,17.67,16.97,5894710.0,103040913.0,2827341360.0,2827341360.0,-5264723.85,-11035838.46,676361846.23,794841553.51,118479707.28,2820467.06,3929.63,4339.34,1478.23,2123.19,3934.9,3710.12,961.33,131.43,,,,,,,交通运输,公交Ⅱ,公交Ⅲ,17.6,17.2,17.14
sh603032,*ST德新,2021-06-21,17.69,18.55,17.67,18.55,17.67,2157276.0,39645958.0,2968148400.0000005,2968148400.0000005,-5264723.85,-11035838.46,676361846.23,794841553.51,118479707.28,2820467.06,1256.8,1523.48,1047.94,1154.15,852.0,1286.97,807.86,0.0,,,,,,,交通运输,公交Ⅱ,公交Ⅲ,18.0,18.38,18.55
sh603032,*ST德新,2021-06-22,18.58,19.4,17.7,18.7,18.55,5108070.0,95466275.0,2992149600.0,2992149600.0,-5264723.85,-11035838.46,676361846.23,794841553.51,118479707.28,2820467.06,3776.54,3776.44,1149.82,1749.22,4554.91,3905.01,65.36,115.96,,,,,,,交通运输,公交Ⅱ,公交Ⅲ,18.7,19.23,19.29
sh603032,*ST德新,2021-06-23,18.91,19.4,18.16,18.5,18.7,3495140.0,65741688.0,2960148000.0,2960148000.0,-5264723.85,-11035838.46,676361846.23,794841553.51,118479707.28,2820467.06,2797.51,2702.94,907.39,1008.85,2869.26,2824.74,0.0,37.64,,,,,,,交通运输,公交Ⅱ,公交Ⅲ,19.17,18.61,18.8
sh603032,*ST德新,2021-06-24,18.04,18.2,17.58,17.58,18.5,1399300.0,24840827.0,2812940640.0,2812940640.0,-5264723.85,-11035838.46,676361846.23,794841553.51,118479707.28,2820467.06,957.18,736.96,277.59,839.6,1179.99,554.84,69.32,352.68,,,,,,,交通运输,公交Ⅱ,公交Ⅲ,17.68,17.58,17.58
sh603032,*ST德新,2021-06-25,16.9,18.46,16.9,18.46,17.58,4259159.0,74838247.0,2953747680.0,2953747680.0,-5264723.85,-11035838.46,676361846.23,794841553.51,118479707.28,2820467.06,2743.13,2846.76,1386.45,1809.38,2379.52,2576.3,974.72,251.39,,,,,,,交通运输,公交Ⅱ,公交Ⅲ,17.4,17.12,17.25
sh603032,*ST德新,2021-06-28,18.18,18.68,17.54,17.54,18.46,3173520.0,56728241.0,2806540320.0,2806540320.0,-5264723.85,-11035838.46,676361846.23,794841553.51,118479707.28,2820467.06,2236.91,1983.35,528.19,1206.41,2907.72,1844.06,0.0,638.99,,,,,,,交通运输,公交Ⅱ,公交Ⅲ,17.89,18.03,18.32
sh603032,*ST德新,2021-06-29,17.2,17.83,16.66,17.38,17.54,2154579.0,37049097.0,2780939040.0,2780939040.0,-5264723.85,-11035838.46,676361846.23,794841553.51,118479707.28,2820467.06,1500.32,1522.49,620.83,525.83,1583.76,1600.38,0.0,56.22,,,,,,,交通运输,公交Ⅱ,公交Ⅲ,17.05,16.94,17.28
sh603032,*ST德新,2021-06-30,17.45,18.2,17.45,17.98,17.38,1735234.0,30926356.0,2876943840.0,2876943840.0,-5264723.85,-11035838.46,676361846.23,794841553.51,118479707.28,2820467.06,1247.75,1164.39,434.06,417.47,1410.82,1510.77,0.0,0.0,,,,,,,交通运输,公交Ⅱ,公交Ⅲ,18.1,17.74,17.72
sh603032,*ST德新,2021-07-01,17.88,18.88,17.7,18.88,17.98,1838070.0,34010901.0,3020951040.0,3020951040.0,-5264723.85,-11035838.46,676361846.23,794841553.51,118479707.28,2820467.06,1008.22,1494.05,880.24,412.08,890.87,1312.87,621.76,182.09,,,,,,,交通运输,公交Ⅱ,公交Ⅲ,17.94,18.36,18.3
sh603032,*ST德新,2021-07-02,19.45,19.82,18.23,18.6,18.88,3305260.0,63375383.0,2976148800.0,2976148800.0,-5264723.85,-11035838.46,676361846.23,794841553.51,118479707.28,2820467.06,2409.21,2710.42,1117.32,1027.9,2811.01,2599.21,0.0,0.0,,,,,,,交通运输,公交Ⅱ,公交Ⅲ,19.81,19.35,19.45
sh603032,*ST德新,2021-07-05,18.4,18.6,17.7,17.7,18.6,2986213.0,53696213.0,2832141599.9999995,2832141599.9999995,-5264723.85,-11035838.46,676361846.23,794841553.51,118479707.28,2820467.06,2059.68,2138.66,967.92,925.22,2342.02,2138.35,0.0,167.39,,,,,,,交通运输,公交Ⅱ,公交Ⅲ,17.96,18.08,17.78
sh603032,*ST德新,2021-07-06,17.48,17.88,17.32,17.57,17.7,1873620.0,32830353.0,2811340560.0,2811340560.0,-5264723.85,-11035838.46,676361846.23,794841553.51,118479707.28,2820467.06,1346.75,1527.65,326.28,437.59,1610.0,1317.8,0.0,0.0,,,,,,,交通运输,公交Ⅱ,公交Ⅲ,17.4,17.5,17.61
sh603032,*ST德新,2021-07-07,17.43,18.45,17.4,18.45,17.57,2136800.0,38722553.0,2952147600.0,2952147600.0,-5264723.85,-11035838.46,676361846.23,794841553.51,118479707.28,2820467.06,1434.28,1504.54,1001.23,352.74,1436.74,1761.47,0.0,253.5,,,,,,,交通运输,公交Ⅱ,公交Ⅲ,17.86,17.86,17.77
sh603032,*ST德新,2021-07-08,18.8,18.8,17.88,18.12,18.45,2483700.0,45161576.0,2899344960.0,2899344960.0,-5264723.85,-11035838.46,676361846.23,794841553.51,118479707.28,2820467.06,2257.47,1899.25,572.79,823.8,1685.9,1793.11,0.0,0.0,,,,,,,交通运输,公交Ⅱ,公交Ⅲ,18.32,18.0,18.1
sh603032,*ST德新,2021-07-09,17.8,18.4,17.49,17.91,18.12,1728600.0,30936097.0,2865743280.0,2865743280.0,-5264723.85,-11035838.46,676361846.23,794841553.51,118479707.28,2820467.06,1263.3,1151.6,218.25,406.13,1612.05,1487.04,0.0,48.84,,,,,,,交通运输,公交Ⅱ,公交Ⅲ,17.88,17.61,17.72
sh603032,*ST德新,2021-07-12,17.91,18.32,17.5,17.6,17.91,1834128.0,32742923.0,2816140800.0,2816140800.0,-5264723.85,-11035838.46,676361846.23,794841553.51,118479707.28,2820467.06,1310.08,1249.65,396.26,486.23,1567.95,1518.47,0.0,19.95,,,,,,,交通运输,公交Ⅱ,公交Ⅲ,17.68,17.89,18.23
sh603032,*ST德新,2021-07-13,17.42,17.9,17.0,17.08,17.6,1561482.0,26976479.0,2732936640.0,2732936640.0,-5264723.85,-11035838.46,676361846.23,794841553.51,118479707.28,2820467.06,1007.65,997.07,120.39,401.99,1569.61,1298.59,0.0,0.0,,,,,,,交通运输,公交Ⅱ,公交Ⅲ,17.25,17.66,17.5
sh603032,*ST德新,2021-07-14,17.11,17.93,17.09,17.93,17.08,3356040.0,59773312.0,2868943440.0,2868943440.0,-5264723.85,-11035838.46,676361846.23,794841553.51,118479707.28,2820467.06,1862.56,2222.61,2256.11,1799.33,1323.82,1802.45,534.84,152.94,,,,,,,交通运输,公交Ⅱ,公交Ⅲ,17.34,17.85,17.58
sh603032,*ST德新,2021-07-15,17.7,18.83,17.7,18.83,17.93,2180580.0,40372904.0,3012950640.0,3012950640.0,-5264723.85,-11035838.46,676361846.23,794841553.51,118479707.28,2820467.06,1493.47,1898.71,1207.01,610.82,779.76,1527.76,557.05,0.0,,,,,,,交通运输,公交Ⅱ,公交Ⅲ,18.19,18.83,18.83
sh603032,*ST德新,2021-07-16,19.77,19.77,19.02,19.77,18.83,1839560.0,36338439.0,3163358160.0,3163358160.0,-5264723.85,-11035838.46,676361846.23,794841553.51,118479707.28,2820467.06,977.19,1564.1,1022.41,774.73,501.85,1170.27,1132.4,124.75,,,,,,,交通运输,公交Ⅱ,公交Ⅲ,19.76,19.77,19.77
sh603032,*ST德新,2021-07-19,20.76,20.76,20.76,20.76,19.77,133764.0,2776941.0,3321766080.0,3321766080.0,-5264723.85,-11035838.46,676361846.23,794841553.51,118479707.28,2820467.06,9.96,78.27,124.9,0.0,0.0,56.6,0.0,0.0,,,,,,,交通运输,公交Ⅱ,公交Ⅲ,20.76,20.76,20.76
sh603032,*ST德新,2021-07-20,21.8,21.8,21.0,21.77,20.76,8128067.0,176115136.0,3483374160.0000005,3483374160.0000005,-5264723.85,-11035838.46,676361846.23,794841553.51,118479707.28,2820467.06,5270.64,6198.33,5223.83,5186.65,3256.68,3604.12,3860.37,2622.42,,,,,,,交通运输,公交Ⅱ,公交Ⅲ,21.8,21.8,21.32
sh603032,*ST德新,2021-07-21,22.44,22.86,21.8,22.86,21.77,3639181.0,81691982.0,3657782880.0,3657782880.0,-5264723.85,-11035838.46,676361846.23,794841553.51,118479707.28,2820467.06,2527.81,3374.54,2947.85,2145.7,1896.34,2136.02,797.2,512.94,,,,,,,交通运输,公交Ⅱ,公交Ⅲ,21.83,22.58,22.62
sh603032,*ST德新,2021-07-22,23.5,24.0,23.35,24.0,22.86,2054490.0,49160781.0,3840192000.0,3840192000.0,-5264723.85,-11035838.46,676361846.23,794841553.51,118479707.28,2820467.06,1879.02,1510.36,1818.69,1654.17,889.57,1121.33,328.8,630.22,,,,,,,交通运输,公交Ⅱ,公交Ⅲ,23.9,24.0,24.0
sh603032,*ST德新,2021-07-23,24.8,25.2,23.41,25.2,24.0,3795160.0,95065609.0,4032201600.0,4032201600.0,-5264723.85,-11035838.46,676361846.23,794841553.51,118479707.28,2820467.06,2687.45,3457.14,3696.18,3545.41,1999.81,2073.01,1123.12,431.01,,,,,,,交通运输,公交Ⅱ,公交Ⅲ,25.2,25.2,25.2
sh603032,*ST德新,2021-07-26,25.2,26.46,24.27,26.26,25.2,4551583.0,118597050.0,4201810080.0,4201810080.0,-5264723.85,-11035838.46,676361846.23,794841553.51,118479707.28,2820467.06,4163.92,4487.92,2862.2,2950.03,3745.12,3588.6,1088.47,833.16,,,,,,,交通运输,公交Ⅱ,公交Ⅲ,26.46,26.46,26.46
sh603032,*ST德新,2021-07-27,25.02,25.7,24.95,24.95,26.26,1291300.0,32371856.0,3992199600.0,3992199600.0,-5264723.85,-11035838.46,676361846.23,794841553.51,118479707.28,2820467.06,1240.57,919.73,903.17,1235.59,850.05,542.96,243.39,538.9,,,,,,,交通运输,公交Ⅱ,公交Ⅲ,24.95,24.95,24.95
sh603032,*ST德新,2021-07-28,23.7,23.7,23.7,23.7,24.95,186800.0,4427160.0,3792189600.0,3792189600.0,-5264723.85,-11035838.46,676361846.23,794841553.51,118479707.28,2820467.06,45.98,16.83,0.0,80.11,54.51,3.56,0.0,0.0,,,,,,,交通运输,公交Ⅱ,公交Ⅲ,23.7,23.7,23.7
sh603032,*ST德新,2021-07-29,22.71,24.73,22.71,23.2,23.7,3821381.0,89452697.0,3712185600.0,3712185600.0,-5264723.85,-11035838.46,676361846.23,794841553.51,118479707.28,2820467.06,2826.81,3420.24,2367.56,2528.49,2685.38,2862.81,1065.52,133.73,,,,,,,交通运输,公交Ⅱ,公交Ⅲ,24.72,24.2,23.69
sh603032,*ST德新,2021-07-30,22.86,23.99,22.04,22.97,23.2,2890270.0,65322237.0,3675383760.0,3675383760.0,-5264723.85,-11035838.46,676361846.23,794841553.51,118479707.28,2820467.06,2600.11,2508.04,1817.73,1640.04,2114.38,2155.17,0.0,228.97,,,,,,,交通运输,铁路公路,公交,22.83,22.48,22.4
sh603032,*ST德新,2021-08-02,23.77,24.12,23.2,24.12,22.97,727741.0,17350829.0,3859392960.0,3859392960.0,-5264723.85,-11035838.46,676361846.23,794841553.51,118479707.28,2820467.06,550.77,683.92,954.59,317.29,229.72,438.26,0.0,295.62,,,,,,,交通运输,铁路公路,公交,24.04,24.12,24.12
sh603032,*ST德新,2021-08-03,25.33,25.33,25.33,25.33,24.12,133700.0,3386621.0,4053002640.000001,4053002640.000001,-5264723.85,-11035838.46,676361846.23,794841553.51,118479707.28,2820467.06,63.83,121.08,264.95,98.28,9.88,119.3,0.0,0.0,,,,,,,交通运输,铁路公路,公交,25.33,25.33,25.33
sh603032,*ST德新,2021-08-04,26.6,26.6,26.6,26.6,25.33,232641.0,6188251.0,4256212800.000001,4256212800.000001,-5264723.85,-11035838.46,676361846.23,794841553.51,118479707.28,2820467.06,23.41,211.85,0.0,132.73,4.37,141.25,591.05,133.0,,,,,,,交通运输,铁路公路,公交,26.6,26.6,26.6
sh603032,*ST德新,2021-08-05,27.93,27.93,27.93,27.93,26.6,171140.0,4779940.0,4469023440.0,4469023440.0,-5264723.85,-11035838.46,676361846.23,794841553.51,118479707.28,2820467.06,87.42,139.65,0.0,192.44,18.71,145.91,371.86,0.0,,,,,,,交通运输,铁路公路,公交,27.93,27.93,27.93
sh603032,*ST德新,2021-08-06,29.33,29.33,29.33,29.33,27.93,341620.0,10019715.0,4693034640.0,4693034640.0,-5264723.85,-11035838.46,676361846.23,794841553.51,118479707.28,2820467.06,14.96,179.79,277.23,365.45,6.75,163.43,703.04,293.3,,,,,,,交通运输,铁路公路,公交,29.33,29.33,29.33
sh603032,*ST德新,2021-08-09,30.8,30.8,28.0,29.91,29.33,8555208.0,256960963.0,4785839280.0,4785839280.0,-5264723.85,-11035838.46,676361846.23,794841553.51,118479707.28,2820467.06,6879.81,7405.19,8170.4,9167.06,4695.14,4440.51,5950.75,4683.34,,,,,,,交通运输,铁路公路,公交,30.8,30.01,28.5
sh603032,*ST德新,2021-08-10,29.91,31.41,29.9,31.41,29.91,2372035.0,73674255.0,5025851280.0,5025851280.0,-5264723.85,-11035838.46,676361846.23,794841553.51,118479707.28,2820467.06,2299.66,2468.57,2363.29,2484.97,1464.0,1694.83,1240.47,719.06,,,,,,,交通运输,铁路公路,公交,31.24,31.22,31.15
sh603032,*ST德新,2021-08-11,32.98,32.98,32.98,32.98,31.41,106200.0,3502476.0,5277063840.0,5277063840.0,-5264723.85,-11035838.46,676361846.23,794841553.51,118479707.28,2820467.06,83.77,162.92,221.63,33.31,44.85,154.02,0.0,0.0,,,,,,,交通运输,铁路公路,公交,32.98,32.98,32.98
sh603032,*ST德新,2021-08-12,34.63,34.63,32.3,34.63,32.98,4574334.0,157313397.0,5541077040.0,5541077040.0,-5264723.85,-11035838.46,676361846.23,794841553.51,118479707.28,2820467.06,3988.64,4304.95,3695.94,5016.41,2701.26,2410.12,5345.49,3999.87,,,,,,,交通运输,铁路公路,公交,33.18,34.58,34.52
sh603032,*ST德新,2021-08-13,35.11,36.36,33.46,34.12,34.63,6844017.0,240416702.0,5459472960.0,5459472960.0,-5264723.85,-11035838.46,676361846.23,794841553.51,118479707.28,2820467.06,6717.37,7001.38,8222.57,9256.79,5423.83,4593.93,3677.9,3189.56,,,,,,,交通运输,铁路公路,公交,35.2,34.15,35.4
sh603032,*ST德新,2021-08-16,35.83,35.83,32.41,32.42,34.12,4806387.0,167976253.0,5187459360.0,5187459360.0,12023347.600000001,20361604.85,696721344.28,1225462801.73,528741457.45,20347189.990000002,5064.74,5891.82,4092.95,5136.11,4598.66,4031.82,3041.27,1737.88,,,,,,,交通运输,铁路公路,公交,35.49,35.45,34.99
sh603032,*ST德新,2021-08-17,30.9,33.33,30.8,30.9,32.42,3613520.0,114725313.0,4944247200.0,4944247200.0,12023347.600000001,20361604.85,696721344.28,1225462801.73,528741457.45,20347189.990000002,4015.13,4419.42,2840.54,3365.08,3461.26,3101.21,1155.6,586.82,,,,,,,交通运输,铁路公路,公交,31.71,31.47,31.48
sh603032,*ST德新,2021-08-18,30.9,31.98,29.5,30.55,30.9,2675806.0,82248137.0,4888244400.0,4888244400.0,12023347.600000001,20361604.85,696721344.28,1225462801.73,528741457.45,20347189.990000002,3409.71,3603.39,1656.29,1592.26,2998.23,2820.29,160.59,208.87,,,,,,,交通运输,铁路公路,公交,30.91,31.0,31.1
sh603032,*ST德新,2021-08-19,30.4,32.08,29.78,32.08,30.55,2771934.0,85321102.0,5133056640.0,5133056640.0,12023347.600000001,20361604.85,696721344.28,1225462801.73,528741457.45,20347189.990000002,2729.87,3384.28,2610.04,2351.7,2575.04,2251.64,617.16,544.48,,,,,,,交通运输,铁路公路,公交,30.16,30.2,30.25
sh603032,*ST德新,2021-08-20,33.05,33.68,32.7,33.68,32.08,3612100.0,121252874.0,5389069440.0,5389069440.0,12023347.600000001,20361604.85,696721344.28,1225462801.73,528741457.45,20347189.990000002,4232.47,4102.17,2566.43,3255.0,2513.91,2178.99,2812.48,2589.13,,,,,,,交通运输,铁路公路,公交,33.68,33.68,33.68
sh603032,*ST德新,2021-08-23,33.69,35.36,32.88,35.36,33.68,3527360.0,122534417.0,5657882879.999999,5657882879.999999,12023347.600000001,20361604.85,696721344.28,1225462801.73,528741457.45,20347189.990000002,3310.08,3869.1,3855.78,3026.75,3222.62,2653.25,1864.96,2704.34,,,,,,,交通运输,铁路公路,公交,33.3,34.98,35.19
sh603032,*ST德新,2021-08-24,36.0,37.13,35.2,37.13,35.36,2407573.0,87542975.0,5941097040.0,5941097040.0,12023347.600000001,20361604.85,696721344.28,1225462801.73,528741457.45,20347189.990000002,3221.91,2994.52,2094.37,2147.05,3332.93,3487.33,105.09,125.39,,,,,,,交通运输,铁路公路,公交,36.01,35.83,35.55
sh603032,*ST德新,2021-08-25,37.13,38.99,37.13,38.99,37.13,1796804.0,69302062.0,6238711920.0,6238711920.0,12023347.600000001,20361604.85,696721344.28,1225462801.73,528741457.45,20347189.990000002,2679.41,2813.75,1699.0,1808.98,2368.34,2062.61,183.46,244.86,,,,,,,交通运输,铁路公路,公交,38.49,38.21,38.24
sh603032,*ST德新,2021-08-26,39.11,40.92,37.04,37.04,38.99,3935102.0,152993162.0,5926696320.0,5926696320.0,12023347.600000001,20361604.85,696721344.28,1225462801.73,528741457.45,20347189.990000002,5127.07,5324.67,3413.08,4222.96,5457.63,4411.28,1301.53,1340.4,,,,,,,交通运输,铁路公路,公交,40.0,40.52,40.86
sh603032,*ST德新,2021-08-27,35.19,35.19,35.19,35.19,37.04,484300.0,17042517.0,5630681520.0,5630681520.0,12023347.600000001,20361604.85,696721344.28,1225462801.73,528741457.45,20347189.990000002,449.02,171.6,573.95,401.17,544.04,32.02,137.24,1099.46,,,,,,,交通运输,铁路公路,公交,35.19,35.19,35.19
sh603032,*ST德新,2021-08-30,33.43,36.95,33.43,36.95,35.19,4933333.0,173363505.0,5912295600.000001,5912295600.000001,12023347.600000001,20361604.85,696721344.28,1225462801.73,528741457.45,20347189.990000002,4803.66,5157.43,4714.61,4959.12,3674.75,3456.05,4143.33,3763.75,,,,,,,交通运输,铁路公路,公交,33.43,33.43,33.43
sh603032,*ST德新,2021-08-31,35.1,35.94,35.1,35.1,36.95,4345596.0,153017777.0,5616280800.0,5616280800.0,12023347.600000001,20361604.85,696721344.28,1225462801.73,528741457.45,20347189.990000002,4146.25,4232.82,3894.1,4368.74,4163.79,2542.56,3097.63,4157.66,,,,,,,交通运输,铁路公路,公交,35.6,35.75,35.52
sh603032,*ST德新,2021-09-01,34.61,35.71,33.35,33.69,35.1,3162409.0,106633181.0,5390669520.000001,5390669520.000001,12023347.600000001,20361604.85,696721344.28,1225462801.73,528741457.45,20347189.990000002,3399.55,3419.59,2930.17,2809.98,3153.49,2787.78,1180.11,1645.98,,,,,,,交通运输,铁路公路,公交,35.0,33.41,33.72
sh603032,*ST德新,2021-09-02,35.0,35.37,33.8,35.37,33.69,2184686.0,76095690.0,5659482960.0,5659482960.0,12023347.600000001,20361604.85,696721344.28,1225462801.73,528741457.45,20347189.990000002,2640.67,2805.84,2446.13,1827.9,1963.02,2631.78,559.75,344.05,,,,,,,交通运输,铁路公路,公交,34.12,34.13,34.44
sh603032,*ST德新,2021-09-03,36.0,37.14,35.14,37.08,35.37,2840660.0,104201120.0,5933096640.0,5933096640.0,12023347.600000001,20361604.85,696721344.28,1225462801.73,528741457.45,20347189.990000002,3292.61,3853.42,2527.0,2164.81,2984.18,3176.89,1616.33,1224.99,,,,,,,交通运输,铁路公路,公交,35.2,36.36,36.64
sh603032,*ST德新,2021-09-06,37.59,38.93,37.2,38.93,37.08,2090978.0,80998466.0,6229111440.0,6229111440.0,12023347.600000001,20361604.85,696721344.28,1225462801.73,528741457.45,20347189.990000002,2259.12,2100.22,2438.11,2505.48,1369.39,1734.45,2033.23,1759.7,,,,,,,交通运输,铁路公路,公交,37.88,38.84,38.81
sh603032,*ST德新,2021-09-07,40.38,40.88,36.98,38.29,38.93,2996418.0,116832740.0,6126706320.0,6126706320.0,12023347.600000001,20361604.85,696721344.28,1225462801.73,528741457.45,20347189.990000002,4727.97,4808.81,2165.44,2697.32,4171.29,3640.71,618.56,536.44,,,,,,,交通运输,铁路公路,公交,40.65,39.7,40.24
sh603032,*ST德新,2021-09-08,37.21,38.78,36.66,37.63,38.29,1982241.0,74830929.0,6021101040.000001,6021101040.000001,12023347.600000001,20361604.85,696721344.28,1225462801.73,528741457.45,20347189.990000002,3088.48,2913.32,1471.09,1833.93,2622.86,2486.26,300.66,249.58,,,,,,,交通运输,铁路公路,公交,38.38,37.85,37.92
sh603032,*ST德新,2021-09-09,37.83,38.05,35.76,36.16,37.63,1644259.0,59606482.0,5785889280.0,5785889280.0,12023347.600000001,20361604.85,696721344.28,1225462801.73,528741457.45,20347189.990000002,2345.92,1752.88,1044.08,1724.62,2557.59,1977.42,0.0,492.66,,,,,,,交通运输,铁路公路,公交,37.08,36.87,36.78
sh603032,*ST德新,2021-09-10,36.12,37.97,35.51,37.97,36.16,1462260.0,53836636.0,6075503760.0,6075503760.0,12023347.600000001,20361604.85,696721344.28,1225462801.73,528741457.45,20347189.990000002,1925.3,2172.81,1320.41,1044.78,1823.92,2029.89,314.03,136.18,,,,,,,交通运输,铁路公路,公交,36.21,36.68,36.57
sh603032,*ST德新,2021-09-13,38.82,39.47,37.73,38.03,37.97,1455520.0,56152564.0,6085104240.0,6085104240.0,12023347.600000001,20361604.85,696721344.28,1225462801.73,528741457.45,20347189.990000002,2368.94,2509.32,951.66,952.99,1967.55,1983.77,327.09,169.18,,,,,,,交通运输,铁路公路,公交,38.45,39.41,39.0
sh603032,*ST德新,2021-09-14,38.03,38.41,36.6,36.9,38.03,1241240.0,46322276.0,5904295200.0,5904295200.0,12023347.600000001,20361604.85,696721344.28,1225462801.73,528741457.45,20347189.990000002,1765.48,1732.21,1145.77,1073.38,1720.97,1616.5,0.0,210.14,,,,,,,交通运输,铁路公路,公交,37.83,37.17,37.13
sh603032,*ST德新,2021-09-15,36.31,37.25,35.06,35.75,36.9,1652500.0,59533717.0,5720286000.0,5720286000.0,12023347.600000001,20361604.85,696721344.28,1225462801.73,528741457.45,20347189.990000002,2653.32,2689.43,1185.64,1393.21,2114.41,1636.76,0.0,233.97,,,,,,,交通运输,铁路公路,公交,36.7,36.8,36.51
sh603032,*ST德新,2021-09-16,35.85,36.4,33.96,33.96,35.75,1967104.0,67607292.0,5433871679.999999,5433871679.999999,12023347.600000001,20361604.85,696721344.28,1225462801.73,528741457.45,20347189.990000002,2644.14,1920.41,1740.28,1993.75,2329.31,1450.24,46.99,1396.33,,,,,,,交通运输,铁路公路,公交,35.85,35.38,35.19
sh603032,*ST德新,2021-09-17,33.01,33.92,32.26,32.36,33.96,1864811.0,60644962.0,5177858880.0,5177858880.0,12023347.600000001,20361604.85,696721344.28,1225462801.73,528741457.45,20347189.990000002,2813.99,2267.28,1489.01,1626.59,1635.86,1575.8,125.63,594.83,,,,,,,交通运输,铁路公路,公交,33.22,33.22,33.08
sh603032,*ST德新,2021-09-22,31.27,32.99,30.74,31.87,32.36,1891320.0,59257616.0,5099454960.0,5099454960.0,12023347.600000001,20361604.85,696721344.28,1225462801.73,528741457.45,20347189.990000002,2680.48,1807.13,1356.38,1266.45,1777.7,1814.24,111.2,1037.94,,,,,,,交通运输,铁路公路,公交,30.74,31.92,32.76
sh603032,*ST德新,2021-09-23,31.8,33.46,31.7,33.46,31.87,1529720.0,50500657.0,5353867680.0,5353867680.0,12023347.600000001,20361604.85,696721344.28,1225462801.73,528741457.45,20347189.990000002,1875.25,1658.73,1439.93,1239.6,1469.54,2029.64,266.0,122.76,,,,,,,交通运输,铁路公路,公交,32.63,32.67,33.08
sh603032,*ST德新,2021-09-24,34.0,35.13,33.57,35.13,33.46,1182940.0,41201183.0,5621081040.000001,5621081040.000001,12023347.600000001,20361604.85,696721344.28,1225462801.73,528741457.45,20347189.990000002,1449.89,1653.97,1314.11,1211.73,758.54,1078.76,597.58,175.65,,,,,,,交通运输,铁路公路,公交,34.61,35.13,35.13
sh603032,*ST德新,2021-09-27,36.0,36.89,35.11,35.11,35.13,3822520.0,139365875.0,5617880880.0,5617880880.0,12023347.600000001,20361604.85,696721344.28,1225462801.73,528741457.45,20347189.990000002,4823.4,4676.47,3334.57,4678.73,5275.33,3238.23,503.28,1343.16,,,,,,,交通运输,铁路公路,公交,35.85,36.87,36.7
sh603032,*ST德新,2021-09-28,35.4,36.87,33.68,36.87,35.11,2262980.0,81108201.0,5899494960.0,5899494960.0,12023347.600000001,20361604.85,696721344.28,1225462801.73,528741457.45,20347189.990000002,3061.63,2950.62,1712.33,2072.34,2522.93,2269.67,813.94,818.19,,,,,,,交通运输,铁路公路,公交,35.88,34.4,34.45
sh603032,*ST德新,2021-09-29,36.48,37.7,35.6,36.0,36.87,1402820.0,51139380.0,5760288000.0,5760288000.0,12023347.600000001,20361604.85,696721344.28,1225462801.73,528741457.45,20347189.990000002,2023.66,2259.11,1389.03,958.03,1701.25,1871.18,0.0,25.61,,,,,,,交通运输,铁路公路,公交,37.22,36.76,36.86
sh603032,*ST德新,2021-09-30,36.35,37.7,35.62,36.63,36.0,935490.0,34529793.0,5861093040.0,6129590940.0,12023347.600000001,20361604.85,696721344.28,1225462801.73,528741457.45,20347189.990000002,1373.17,1485.28,820.93,503.94,1258.87,1463.76,0.0,0.0,,,,,,,交通运输,铁路公路,公交,35.68,36.2,36.51
sh603032,*ST德新,2021-10-08,36.7,37.95,36.0,37.9,36.63,1128398.0,41587019.0,6064303199.999999,6342110200.0,12023347.600000001,20361604.85,696721344.28,1225462801.73,528741457.45,20347189.990000002,1786.76,1482.79,827.89,832.47,1328.11,1291.76,215.94,551.69,,,,,,,交通运输,铁路公路,公交,36.79,36.25,36.44
sh603032,*ST德新,2021-10-11,38.1,38.8,37.0,37.25,37.9,1215678.0,45925210.0,5960298000.0,6233340500.0,12023347.600000001,20361604.85,696721344.28,1225462801.73,528741457.45,20347189.990000002,2191.04,1717.09,706.21,1121.28,1312.26,1345.39,383.01,408.76,,,,,,,交通运输,铁路公路,公交,38.72,37.39,37.44
sh603032,*ST德新,2021-10-12,36.9,37.49,35.39,35.39,37.25,2078590.0,74699182.0,5662683120.0,5922091820.0,12023347.600000001,20361604.85,696721344.28,1225462801.73,528741457.45,20347189.990000002,2778.97,2019.76,1309.27,2708.23,3242.25,1660.9,139.44,1081.04,,,,,,,交通运输,铁路公路,公交,36.9,36.33,36.08
sh603032,*ST德新,2021-10-13,35.01,35.9,34.84,35.38,35.39,1335240.0,47262200.0,5661083040.0,5920418440.0,12023347.600000001,20361604.85,696721344.28,1225462801.73,528741457.45,20347189.990000002,2140.53,1553.33,869.35,1826.63,1473.77,1221.2,242.57,125.06,,,,,,,交通运输,铁路公路,公交,35.56,35.28,35.49
sh603032,*ST德新,2021-10-14,35.55,36.9,34.6,35.86,35.38,977153.0,34825621.0,5737886880.0,6000740680.0,12023347.600000001,20361604.85,696721344.28,1225462801.73,528741457.45,20347189.990000002,1207.46,1342.54,570.4,780.89,1704.7,1359.14,0.0,0.0,,,,,,,交通运输,铁路公路,公交,35.3,35.3,35.15
sh603032,*ST德新,2021-10-15,35.49,36.1,35.04,35.41,35.86,583000.0,20688788.0,5665883280.0,5925438580.0,12023347.600000001,20361604.85,696721344.28,1225462801.73,528741457.45,20347189.990000002,829.43,779.01,285.91,321.14,782.01,785.86,171.53,182.87,,,,,,,交通运输,铁路公路,公交,35.08,35.7,35.25
sh603032,*ST德新,2021-10-18,35.05,35.48,33.7,35.04,35.41,1203620.0,41630159.0,5606680320.0,5863523520.0,12023347.600000001,20361604.85,696721344.28,1225462801.73,528741457.45,20347189.990000002,1646.29,1589.45,691.22,1145.97,1393.95,1186.55,410.57,220.05,,,,,,,交通运输,铁路公路,公交,35.12,35.01,34.55
sh603032,*ST德新,2021-10-19,35.34,36.79,34.25,36.79,35.04,1448320.0,51983432.0,5886694320.0,6156365020.0,12023347.600000001,20361604.85,696721344.28,1225462801.73,528741457.45,20347189.990000002,1624.61,2171.81,1617.35,891.57,1612.91,1562.53,343.47,572.44,,,,,,,交通运输,铁路公路,公交,34.8,34.78,34.4
sh603032,*ST德新,2021-10-20,37.0,38.0,36.4,37.25,36.79,1507948.0,56248145.0,5960298000.0,6233340500.0,12023347.600000001,20361604.85,696721344.28,1225462801.73,528741457.45,20347189.990000002,1914.17,1858.73,1347.7,1191.7,1577.05,1902.92,785.89,671.47,,,,,,,交通运输,铁路公路,公交,37.35,37.0,36.42
sh603032,*ST德新,2021-10-21,37.65,37.65,35.55,36.0,37.25,1143700.0,41772678.0,5760288000.0,6024168000.0,12023347.600000001,20361604.85,696721344.28,1225462801.73,528741457.45,20347189.990000002,1560.07,1643.69,909.84,945.18,1592.5,1359.29,114.85,229.11,,,,,,,交通运输,铁路公路,公交,37.03,37.34,37.11
sh603032,*ST德新,2021-10-22,36.0,37.8,36.0,37.8,36.0,1639520.0,61548756.0,6048302400.0,6325376400.0,12023347.600000001,20361604.85,696721344.28,1225462801.73,528741457.45,20347189.990000002,1706.23,2314.24,2394.05,1339.37,1149.22,1751.69,905.37,749.57,,,,,,,交通运输,铁路公路,公交,36.78,37.5,37.37
sh603032,*ST德新,2021-10-25,39.69,39.69,39.6,39.69,37.8,639100.0,25365246.0,6350717520.0,6641645220.0,12023347.600000001,20361604.85,696721344.28,1225462801.73,528741457.45,20347189.990000002,322.62,823.12,1064.08,1027.57,131.77,418.32,1018.05,267.51,,,,,,,交通运输,铁路公路,公交,39.69,39.69,39.69
sh603032,*ST德新,2021-10-26,41.67,41.67,41.67,41.67,39.69,95349.0,3973193.0,6667533360.0,6972974460.0,12023347.600000001,20361604.85,696721344.28,1225462801.73,528741457.45,20347189.990000002,0.0,195.02,31.25,64.17,0.0,138.13,366.07,0.0,,,,,,,交通运输,铁路公路,公交,41.67,41.67,41.67
sh603032,*ST德新,2021-10-27,43.75,43.75,42.1,43.75,41.67,1309868.0,57184337.0,7000350000.0,7321037500.0,12023347.600000001,20361604.85,696721344.28,1225462801.73,528741457.45,20347189.990000002,1072.57,1685.28,1751.55,2255.94,472.76,688.28,2421.56,1088.94,,,,,,,交通运输,铁路公路,公交,43.75,43.75,43.75
sh603032,*ST德新,2021-10-28,45.0,45.94,43.85,45.88,43.75,4215680.0,191886018.0,7341167040.0,7677467439.999998,12023347.600000001,20361604.85,696721344.28,1225462801.73,528741457.45,20347189.990000002,5434.5,6628.97,6195.31,7728.71,3242.64,3276.1,4316.15,1554.82,,,,,,,交通运输,铁路公路,公交,45.94,45.38,44.87
sh603032,*ST德新,2021-10-29,46.0,46.0,43.59,45.29,45.88,1865360.0,84125637.0,7246762320.0,7578738020.0,55651782.089999996,36655292.44,738619424.5300001,1342233735.93,603614311.4,41876404.56999999,3580.58,3326.22,1946.81,2847.22,2373.9,1955.12,511.28,284.0,,,,,,,交通运输,铁路公路,公交,45.01,44.97,45.54
sh603032,*ST德新,2021-11-01,47.44,47.55,45.88,47.55,45.29,3735370.0,176689440.0,7608380400.0,7956921899.999998,55651782.089999996,36655292.44,738619424.5300001,1342233735.93,603614311.4,41876404.56999999,3934.48,4657.71,6074.02,5910.47,2388.59,3950.1,5271.86,3150.66,,,,,,,交通运输,铁路公路,公交,47.55,47.55,46.9
sh603032,*ST德新,2021-11-02,45.98,49.93,45.98,49.93,47.55,3476670.0,168890788.0,7989199440.0,8355186340.0,55651782.089999996,36655292.44,738619424.5300001,1342233735.93,603614311.4,41876404.56999999,4803.85,4916.75,6670.48,4322.43,2825.21,4221.08,2589.54,3428.82,,,,,,,交通运输,铁路公路,公交,47.3,47.31,46.71
sh603032,*ST德新,2021-11-03,49.9,52.43,49.0,52.43,49.93,3273480.0,167860214.0,8389219440.0,8773531340.0,55651782.089999996,36655292.44,738619424.5300001,1342233735.93,603614311.4,41876404.56999999,6777.6,6226.03,5855.05,4399.01,3045.03,2992.03,1108.34,3168.95,,,,,,,交通运输,铁路公路,公交,51.4,51.6,51.94
sh603032,*ST德新,2021-11-04,53.37,55.05,53.02,55.05,52.43,1875840.0,101789661.0,8808440400.0,9211956900.0,55651782.089999996,36655292.44,738619424.5300001,1342233735.93,603614311.4,41876404.56999999,3140.14,3396.87,3066.72,2781.33,2470.11,2709.96,1502.0,1290.81,,,,,,,交通运输,铁路公路,公交,53.57,53.78,54.08
sh603032,*ST德新,2021-11-05,56.02,57.27,52.34,52.34,55.05,2924629.0,158383502.0,8374818720.0,8758470920.0,55651782.089999996,36655292.44,738619424.5300001,1342233735.93,603614311.4,41876404.56999999,6790.55,6111.59,4820.45,4821.04,4068.96,4079.51,158.4,826.22,,,,,,,交通运输,铁路公路,公交,56.2,54.0,54.79
sh603032,*ST德新,2021-11-08,50.7,54.96,50.0,54.96,52.34,3474689.0,182562752.0,8794039680.0,9196896480.0,55651782.089999996,36655292.44,738619424.5300001,1342233735.93,603614311.4,41876404.56999999,6006.08,6621.44,5548.96,5860.72,3039.37,2752.47,3661.86,3021.65,,,,,,,交通运输,铁路公路,公交,50.59,52.0,51.39
sh603032,*ST德新,2021-11-09,54.71,57.71,54.2,57.71,54.96,2428140.0,137493871.0,9234061680.0,9657075980.0,55651782.089999996,36655292.44,738619424.5300001,1342233735.93,603614311.4,41876404.56999999,5336.9,4773.5,3545.72,4917.58,3340.56,2373.87,1526.2,1684.44,,,,,,,交通运输,铁路公路,公交,54.8,55.3,56.18
sh603032,*ST德新,2021-11-10,58.85,60.6,57.71,60.6,57.71,3331800.0,198940175.0,9696484800.0,10140682800.0,55651782.089999996,36655292.44,738619424.5300001,1342233735.93,603614311.4,41876404.56999999,7469.36,6367.04,6393.27,7655.69,4775.5,3166.01,1255.89,2705.28,,,,,,,交通运输,铁路公路,公交,59.88,58.75,59.27
sh603032,*ST德新,2021-11-11,60.99,63.63,60.0,63.63,60.6,3064194.0,193053249.0,10181309040.0,10647716939.999998,55651782.089999996,36655292.44,738619424.5300001,1342233735.93,603614311.4,41876404.56999999,6696.55,5089.98,6401.13,5075.75,4050.03,3435.67,2157.62,5703.92,,,,,,,交通运输,铁路公路,公交,61.7,63.39,63.34
sh603032,*ST德新,2021-11-12,65.0,66.68,60.8,64.8,63.63,3207360.0,203991682.0,10368518400.0,10843502400.0,55651782.089999996,36655292.44,738619424.5300001,1342233735.93,603614311.4,41876404.56999999,8695.62,7685.31,4732.88,6610.4,6504.0,4969.23,466.66,1134.23,,,,,,,交通运输,铁路公路,公交,63.71,65.48,63.48
sh603032,*ST德新,2021-11-15,64.0,64.37,61.56,61.56,64.8,1969980.0,122975452.0,9850092480.0,10301327280.0,55651782.089999996,36655292.44,738619424.5300001,1342233735.93,603614311.4,41876404.56999999,4781.99,4610.15,3370.91,3203.79,3736.18,3030.75,408.47,1452.86,,,,,,,交通运输,铁路公路,公交,63.23,63.63,63.56
sh603032,*ST德新,2021-11-16,60.2,64.64,58.53,64.64,61.56,2522491.0,157582212.0,10342917120.0,10816728320.0,55651782.089999996,36655292.44,738619424.5300001,1342233735.93,603614311.4,41876404.56999999,5203.33,5639.97,4912.47,4941.61,3461.19,3691.01,2181.23,1485.63,,,,,,,交通运输,铁路公路,公交,60.0,62.29,62.19
sh603032,*ST德新,2021-11-17,65.5,67.87,65.02,67.87,64.64,1655920.0,111292099.0,10859742960.0,11357230060.0,55651782.089999996,36655292.44,738619424.5300001,1342233735.93,603614311.4,41876404.56999999,3225.66,3423.42,3343.49,4176.23,2338.84,2190.82,2221.22,1338.74,,,,,,,交通运输,铁路公路,公交,66.17,67.18,67.87
sh603032,*ST德新,2021-11-18,70.56,71.26,66.01,67.84,67.87,3700640.0,258118014.0,10854942720.000002,11352209920.0,55651782.089999996,36655292.44,738619424.5300001,1342233735.93,603614311.4,41876404.56999999,8104.18,7631.11,6270.61,7674.91,6045.6,4631.83,5391.41,5873.95,,,,,,,交通运输,铁路公路,公交,71.17,70.65,69.98
sh603032,*ST德新,2021-11-19,67.8,71.23,66.25,70.0,67.84,3999882.0,279697422.0,11200560000.0,11713660000.0,55651782.089999996,36655292.44,738619424.5300001,1342233735.93,603614311.4,41876404.56999999,7558.95,8251.57,11471.09,10295.59,4935.54,4471.71,4004.17,4950.87,,,,,,,交通运输,铁路公路,公交,67.9,69.12,69.86
sh603032,*ST德新,2021-11-22,67.02,69.08,66.5,67.03,70.0,3515062.0,236676829.0,10725336240.0,11216666140.0,55651782.089999996,36655292.44,738619424.5300001,1342233735.93,603614311.4,41876404.56999999,7053.61,7482.25,7245.07,7224.06,5595.39,4281.5,3773.61,4679.87,,,,,,,交通运输,铁路公路,公交,67.57,66.61,67.3
sh603032,*ST德新,2021-11-23,67.0,68.78,63.68,64.34,67.03,2845756.0,185176097.0,10294914720.0,10766526920.0,55651782.089999996,36655292.44,738619424.5300001,1342233735.93,603614311.4,41876404.56999999,5788.74,5739.13,5086.7,6289.95,5104.0,3828.84,2538.17,2659.69,,,,,,,交通运输,铁路公路,公交,68.11,66.51,66.97
sh603032,*ST德新,2021-11-24,63.51,66.66,61.61,66.16,64.34,2931549.0,186744012.0,10586129280.0,11071082080.000002,55651782.089999996,36655292.44,738619424.5300001,1342233735.93,603614311.4,41876404.56999999,7038.28,7309.95,6430.95,5455.09,4980.54,5110.88,224.63,798.48,,,,,,,交通运输,铁路公路,公交,62.99,63.78,63.4
sh603032,*ST德新,2021-11-25,66.6,66.6,62.85,63.21,66.16,2278802.0,145930596.0,10114105680.0,10577434980.0,55651782.089999996,36655292.44,738619424.5300001,1342233735.93,603614311.4,41876404.56999999,6376.33,6888.28,3646.46,2818.09,4325.15,3966.98,245.12,919.71,,,,,,,交通运输,铁路公路,公交,65.8,64.99,64.6
sh603032,*ST德新,2021-11-26,62.01,65.08,61.27,63.87,63.21,1594504.0,101012356.0,10219710960.0,10687878060.000002,55651782.089999996,36655292.44,738619424.5300001,1342233735.93,603614311.4,41876404.56999999,3809.25,3689.93,2198.64,2922.97,3325.52,3344.54,767.83,143.79,,,,,,,交通运输,铁路公路,公交,61.8,61.7,61.54
sh603032,*ST德新,2021-11-29,64.0,67.06,63.5,67.06,63.87,3132274.0,208591809.0,10730136480.0,11221686280.0,55651782.089999996,36655292.44,738619424.5300001,1342233735.93,603614311.4,41876404.56999999,4758.4,5635.84,5848.71,4349.84,3060.28,3390.42,7191.8,7483.08,,,,,,,交通运输,铁路公路,公交,64.67,64.83,66.25
sh603032,*ST德新,2021-11-30,68.03,70.41,67.2,70.41,67.06,2400400.0,166482490.0,11266163280.0,11782268580.0,55651782.089999996,36655292.44,738619424.5300001,1342233735.93,603614311.4,41876404.56999999,5328.93,5465.35,5207.39,4817.78,3928.25,3418.27,2183.68,2946.85,,,,,,,交通运输,铁路公路,公交,69.39,68.81,68.09
sh603032,*ST德新,2021-12-01,71.9,72.9,67.5,67.5,70.41,2471720.0,171782887.0,10800540000.0,11295315000.0,55651782.089999996,36655292.44,738619424.5300001,1342233735.93,603614311.4,41876404.56999999,6541.46,6951.57,4473.67,4537.69,5208.65,4216.25,954.51,1472.78,,,,,,,交通运输,铁路公路,公交,72.36,70.99,69.25
sh603032,*ST德新,2021-12-02,67.0,70.88,65.7,70.88,67.5,2123842.0,147875643.0,11341367040.0,11860917440.0,55651782.089999996,36655292.44,738619424.5300001,1342233735.93,603614311.4,41876404.56999999,3094.18,5411.98,3930.43,4254.23,2318.36,3148.71,5444.6,1972.64,,,,,,,交通运输,铁路公路,公交,67.66,66.61,67.56
sh603032,*ST德新,2021-12-03,73.99,74.42,71.5,74.42,70.88,1599741.0,117991732.0,11907795360.0,12453293960.0,55651782.089999996,36655292.44,738619424.5300001,1342233735.93,603614311.4,41876404.56999999,2598.44,3198.64,3504.41,3763.88,1761.62,2178.87,3934.7,2657.78,,,,,,,交通运输,铁路公路,公交,73.0,73.42,74.16
sh603032,*ST德新,2021-12-06,75.15,78.14,74.42,77.31,74.42,2267120.0,174685009.0,12370218480.0,12936900780.0,55651782.089999996,36655292.44,738619424.5300001,1342233735.93,603614311.4,41876404.56999999,6116.36,5806.06,5620.39,5185.34,4737.56,3906.39,994.19,2570.71,,,,,,,交通运输,铁路公路,公交,76.4,77.67,78.1
sh603032,*ST德新,2021-12-07,75.99,81.18,74.28,81.18,77.31,2992664.0,233977451.0,12989449439.999998,13584498840.0,55651782.089999996,36655292.44,738619424.5300001,1342233735.93,603614311.4,41876404.56999999,8672.41,7868.59,5501.9,6661.77,6884.47,5998.29,2338.97,2869.09,,,,,,,交通运输,铁路公路,公交,76.26,75.24,77.47
sh603032,*ST德新,2021-12-08,77.55,85.0,77.55,81.03,81.18,2325472.0,190223797.0,12965448240.0,13559398140.0,55651782.089999996,36655292.44,738619424.5300001,1342233735.93,603614311.4,41876404.56999999,7498.01,8026.03,4728.92,4608.98,5935.78,5129.89,859.66,1257.48,,,,,,,交通运输,铁路公路,公交,80.0,80.7,83.37
sh603032,*ST德新,2021-12-09,81.44,83.4,76.99,78.8,81.03,2151847.0,171595777.0,12608630400.0,13186234400.0,55651782.089999996,36655292.44,738619424.5300001,1342233735.93,603614311.4,41876404.56999999,6713.85,6947.1,4322.19,4701.37,5548.28,4546.8,575.26,964.31,,,,,,,交通运输,铁路公路,公交,82.76,82.02,81.07
sh603032,*ST德新,2021-12-10,78.0,81.58,76.83,80.5,78.8,1775961.0,141626228.0,12880644000.0,13470709000.0,55651782.089999996,36655292.44,738619424.5300001,1342233735.93,603614311.4,41876404.56999999,5306.87,5303.46,4218.58,3853.46,3971.05,3911.35,666.12,1094.36,,,,,,,交通运输,铁路公路,公交,78.52,78.79,78.68
sh603032,*ST德新,2021-12-13,80.2,82.4,78.0,80.51,80.5,1411194.0,112922241.0,12882244080.0,13472382379.999998,55651782.089999996,36655292.44,738619424.5300001,1342233735.93,603614311.4,41876404.56999999,4461.21,4097.92,2300.57,2839.69,3715.27,3317.71,815.17,1036.9,,,,,,,交通运输,铁路公路,公交,79.54,79.57,79.69
sh603032,*ST德新,2021-12-14,79.77,80.79,78.5,78.5,80.51,1157600.0,91746678.0,12560628000.0,13136033000.0,55651782.089999996,36655292.44,738619424.5300001,1342233735.93,603614311.4,41876404.56999999,3440.08,3282.86,2314.14,2280.9,3187.59,3079.03,232.87,531.87,,,,,,,交通运输,铁路公路,公交,80.5,79.12,79.38
sh603032,*ST德新,2021-12-15,77.99,82.43,77.5,82.43,78.5,1284120.0,103794632.0,13189459439.999998,13793671340.0,55651782.089999996,36655292.44,738619424.5300001,1342233735.93,603614311.4,41876404.56999999,3404.84,4295.16,4080.07,2903.39,2395.11,2560.74,499.44,620.17,,,,,,,交通运输,铁路公路,公交,78.2,77.86,78.3
sh603032,*ST德新,2021-12-16,83.13,86.55,82.45,86.55,82.43,1797800.0,151867934.0,13848692400.0,14483103899.999996,55651782.089999996,36655292.44,738619424.5300001,1342233735.93,603614311.4,41876404.56999999,6676.81,5936.75,4204.86,5462.17,3454.86,3177.73,850.27,610.15,,,,,,,交通运输,铁路公路,公交,83.89,83.67,84.0
sh603032,*ST德新,2021-12-17,87.0,90.88,86.0,90.88,86.55,2518100.0,224331531.0,14541527040.0,15207677440.0,55651782.089999996,36655292.44,738619424.5300001,1342233735.93,603614311.4,41876404.56999999,8123.72,8991.62,5797.79,6395.5,6628.6,5467.56,1883.04,1578.47,,,,,,,交通运输,铁路公路,公交,88.88,90.0,89.2
sh603032,*ST德新,2021-12-20,90.0,93.08,86.34,86.34,90.88,2303900.0,206205926.0,13815090720.0,14447962919.999996,55651782.089999996,36655292.44,738619424.5300001,1342233735.93,603614311.4,41876404.56999999,8522.08,6967.46,4831.5,4792.55,6691.07,6522.31,575.94,2338.27,,,,,,,交通运输,铁路公路,公交,90.05,92.82,92.77
sh603032,*ST德新,2021-12-21,83.01,87.66,82.16,84.55,86.34,2193820.0,185059314.0,13528676399.999998,14148427900.0,55651782.089999996,36655292.44,738619424.5300001,1342233735.93,603614311.4,41876404.56999999,6306.45,7197.65,5864.94,5657.48,4659.58,3921.96,1674.96,1728.84,,,,,,,交通运输,铁路公路,公交,85.52,83.9,82.6
sh603032,*ST德新,2021-12-22,84.9,88.78,83.66,88.78,84.55,2359200.0,207548940.0,14205510240.0,14856267640.0,55651782.089999996,36655292.44,738619424.5300001,1342233735.93,603614311.4,41876404.56999999,6439.58,8301.14,7295.04,7566.42,3464.35,3879.67,3555.92,1007.67,,,,,,,交通运输,铁路公路,公交,85.78,85.66,88.05
sh603032,*ST德新,2021-12-23,88.78,89.88,84.6,85.4,88.78,1942880.0,168302661.0,13664683200.0,14290665200.0,55651782.089999996,36655292.44,738619424.5300001,1342233735.93,603614311.4,41876404.56999999,7006.06,6943.75,4509.21,5520.39,4939.41,3762.01,375.58,604.11,,,,,,,交通运输,铁路公路,公交,88.81,86.5,86.96
sh603032,*ST德新,2021-12-24,84.99,84.99,81.13,81.13,85.4,1901200.0,155724968.0,12981449040.000002,13576131939.999998,55651782.089999996,36655292.44,738619424.5300001,1342233735.93,603614311.4,41876404.56999999,5535.6,5034.16,4465.3,6393.29,4195.31,2707.81,1376.29,1437.24,,,,,,,交通运输,铁路公路,公交,83.5,83.47,83.1
sh603032,*ST德新,2021-12-27,80.15,84.66,78.02,82.63,81.13,1616620.0,133197125.0,13221461040.0,13827138940.0,55651782.089999996,36655292.44,738619424.5300001,1342233735.93,603614311.4,41876404.56999999,5135.71,5893.01,3994.56,2895.12,3603.4,4408.69,586.04,122.89,,,,,,,交通运输,铁路公路,公交,80.32,80.18,83.07
sh603032,*ST德新,2021-12-28,82.72,85.9,81.01,83.0,82.63,1556680.0,129791032.0,13280664000.0,13889054000.0,55651782.089999996,36655292.44,738619424.5300001,1342233735.93,603614311.4,41876404.56999999,5711.91,5314.55,3239.8,2951.12,3694.76,4545.11,332.64,168.31,,,,,,,交通运输,铁路公路,公交,82.02,83.7,83.71
sh603032,*ST德新,2021-12-29,82.43,83.56,79.04,79.51,83.0,1367640.0,110310439.0,12722236080.0,13305044380.0,55651782.089999996,36655292.44,738619424.5300001,1342233735.93,603614311.4,41876404.56999999,4589.31,4621.41,2601.33,2335.44,3542.5,3813.92,297.91,260.27,,,,,,,交通运输,铁路公路,公交,83.0,81.55,81.9
sh603032,*ST德新,2021-12-30,78.51,83.48,76.15,80.8,79.51,2241800.0,180615041.0,12928646399.999998,13520910400.0,55651782.089999996,36655292.44,738619424.5300001,1342233735.93,603614311.4,41876404.56999999,6261.21,7232.46,5910.5,6066.58,4215.28,4762.46,1674.51,0.0,,,,,,,交通运输,铁路公路,公交,77.0,77.76,77.59
sh603032,*ST德新,2021-12-31,80.0,82.49,79.42,80.27,80.8,1363380.0,109943576.0,12843842160.0,13432221260.0,55651782.089999996,36655292.44,738619424.5300001,1342233735.93,603614311.4,41876404.56999999,4252.25,3887.76,2869.82,3216.89,2757.48,2492.83,1114.81,1396.87,,,,,,,交通运输,铁路公路,公交,80.6,81.75,82.01
sh603032,*ST德新,2022-01-04,81.0,84.28,80.35,84.28,80.27,1458494.0,121329291.0,13485474240.000002,14103246640.000004,55651782.089999996,36655292.44,738619424.5300001,1342233735.93,603614311.4,41876404.56999999,3564.29,4218.51,3570.99,3500.46,2173.45,2565.73,2824.2,1848.23,,,,,,,交通运输,铁路公路,公交,80.48,81.7,82.0
sh603032,*ST德新,2022-01-05,86.5,88.49,82.0,83.01,84.28,1885200.0,161228393.0,13282264080.0,13890727379.999998,55651782.089999996,36655292.44,738619424.5300001,1342233735.93,603614311.4,41876404.56999999,5772.42,6787.87,4741.22,4536.06,4110.01,3840.25,1499.19,958.67,,,,,,,交通运输,铁路公路,公交,86.46,88.0,87.0
sh603032,*ST德新,2022-01-06,81.0,84.84,80.15,81.98,83.01,1185000.0,97295745.0,13117455840.0,13718369240.000002,55651782.089999996,36655292.44,738619424.5300001,1342233735.93,603614311.4,41876404.56999999,4230.01,3995.72,2265.48,2762.31,3037.73,2517.87,196.35,453.68,,,,,,,交通运输,铁路公路,公交,81.86,81.8,81.68
sh603032,*ST德新,2022-01-07,81.11,82.28,77.88,77.88,81.98,1841520.0,145339275.0,12461423040.0,13032283440.0,55651782.089999996,36655292.44,738619424.5300001,1342233735.93,603614311.4,41876404.56999999,5372.53,3724.56,3078.96,4248.63,4435.48,2362.44,1646.95,4198.3,,,,,,,交通运输,铁路公路,公交,81.99,82.0,81.82
sh603032,*ST德新,2022-01-10,76.37,77.11,73.99,73.99,77.88,1506900.0,111891690.0,11838991920.0,12381338620.0,55651782.089999996,36655292.44,738619424.5300001,1342233735.93,603614311.4,41876404.56999999,3026.89,2586.58,4403.85,4308.03,2575.74,1592.59,1182.69,2701.96,,,,,,,交通运输,铁路公路,公交,73.99,74.02,73.99
sh603032,*ST德新,2022-01-11,70.29,74.38,70.29,70.29,73.99,2179449.0,155148218.0,11246962320.0,11762188020.0,55651782.089999996,36655292.44,738619424.5300001,1342233735.93,603614311.4,41876404.56999999,3852.09,4362.23,5619.27,4706.47,2954.86,2321.42,3088.61,4124.7,,,,,,,交通运输,铁路公路,公交,72.1,73.5,72.0
sh603032,*ST德新,2022-01-12,68.0,72.5,66.78,71.77,70.29,3836852.0,260688988.0,11483774160.0,12009848259.999998,55651782.089999996,36655292.44,738619424.5300001,1342233735.93,603614311.4,41876404.56999999,5773.69,4901.73,8021.96,7546.01,4347.69,3458.89,7925.56,10162.27,,,,,,,交通运输,铁路公路,公交,66.78,66.78,66.78
sh603032,*ST德新,2022-01-13,68.51,70.5,68.18,68.18,71.77,1690980.0,116685644.0,10909345440.0,11409104840.0,55651782.089999996,36655292.44,738619424.5300001,1342233735.93,603614311.4,41876404.56999999,4184.33,3946.05,3255.81,2800.9,3496.43,2956.38,732.0,1965.23,,,,,,,交通运输,铁路公路,公交,69.4,68.68,68.18
sh603032,*ST德新,2022-01-14,66.13,71.59,64.82,71.49,68.18,2017448.0,140405752.0,11438971920.0,11962993620.0,55651782.089999996,36655292.44,738619424.5300001,1342233735.93,603614311.4,41876404.56999999,4479.45,4638.95,4547.39,3772.24,3402.28,3904.33,1611.46,1725.06,,,,,,,交通运输,铁路公路,公交,65.2,66.22,67.3
sh603032,*ST德新,2022-01-17,70.71,75.06,70.71,74.6,71.49,1895641.0,139104495.0,11936596800.0,12483414800.0,55651782.089999996,36655292.44,738619424.5300001,1342233735.93,603614311.4,41876404.56999999,4828.59,5016.75,3719.18,3887.22,3853.59,4117.57,1509.09,888.91,,,,,,,交通运输,铁路公路,公交,71.49,73.3,72.97
sh603032,*ST德新,2022-01-18,71.59,71.7,70.87,70.87,74.6,2269800.0,161009699.0,11339766960.0,11859244060.0,55651782.089999996,36655292.44,738619424.5300001,1342233735.93,603614311.4,41876404.56999999,3422.64,795.53,4675.77,3591.34,2359.9,331.46,5642.67,11382.65,,,,,,,交通运输,铁路公路,公交,70.87,70.87,70.87
sh603032,*ST德新,2022-01-19,67.33,68.6,67.33,67.33,70.87,681500.0,45886246.0,10773338640.0,11266867540.0,55651782.089999996,36655292.44,738619424.5300001,1342233735.93,603614311.4,41876404.56999999,705.0,671.95,937.29,1412.38,697.57,298.32,2248.77,2205.97,,,,,,,交通运输,铁路公路,公交,67.33,67.33,67.33
sh603032,*ST德新,2022-01-20,63.96,67.33,63.96,63.96,67.33,2361220.0,152601684.0,10234111680.0,10702938480.0,55651782.089999996,36655292.44,738619424.5300001,1342233735.93,603614311.4,41876404.56999999,3732.18,2497.66,3935.8,4077.63,3378.88,2492.43,4213.31,6192.45,,,,,,,交通运输,铁路公路,公交,67.28,65.14,66.96
sh603032,*ST德新,2022-01-21,65.5,67.16,63.96,67.16,63.96,1021200.0,67631212.0,10746137279.999998,11238420080.0,55651782.089999996,36655292.44,738619424.5300001,1342233735.93,603614311.4,41876404.56999999,2174.31,2453.31,2097.57,1985.41,1433.13,2106.8,1058.11,217.6,,,,,,,交通运输,铁路公路,公交,65.0,66.0,66.44
sh603032,*ST德新,2022-01-24,65.32,70.52,65.0,67.98,67.16,1693200.0,117009045.0,10877343840.0,11375637240.0,55651782.089999996,36655292.44,738619424.5300001,1342233735.93,603614311.4,41876404.56999999,4167.97,4184.31,3092.2,2703.57,2852.38,3181.56,1588.35,1631.46,,,,,,,交通运输,铁路公路,公交,66.2,68.32,68.55
sh603032,*ST德新,2022-01-25,65.59,68.9,65.59,66.43,67.98,835420.0,56194402.0,10629331440.0,11116263340.0,55651782.089999996,36655292.44,738619424.5300001,1342233735.93,603614311.4,41876404.56999999,2268.79,2621.32,907.22,1049.2,1996.08,1771.24,447.36,177.68,,,,,,,交通运输,铁路公路,公交,67.88,68.02,67.13
sh603032,*ST德新,2022-01-26,65.0,69.75,65.0,69.75,66.43,1627830.0,112260301.0,11160558000.0,11671825500.0,55651782.089999996,36655292.44,738619424.5300001,1342233735.93,603614311.4,41876404.56999999,4904.37,4310.42,2766.19,3179.12,3043.54,3018.72,511.93,717.78,,,,,,,交通运输,铁路公路,公交,66.44,67.01,67.35
sh603032,*ST德新,2022-01-27,70.66,72.54,68.93,69.76,69.75,1240020.0,87260907.0,11162158080.0,11673498880.0,55651782.089999996,36655292.44,738619424.5300001,1342233735.93,603614311.4,41876404.56999999,4601.21,3813.31,1446.21,2249.6,2554.58,2359.34,124.08,303.84,,,,,,,交通运输,铁路公路,公交,69.72,70.29,69.73
sh603032,*ST德新,2022-01-28,69.6,73.25,69.6,72.93,69.76,1419481.0,102903093.0,11669383440.0,12203960340.0,55651782.089999996,36655292.44,738619424.5300001,1342233735.93,603614311.4,41876404.56999999,3381.06,3212.13,3103.07,2655.45,2667.92,2614.24,1138.26,1808.49,,,,,,,交通运输,铁路公路,公交,71.2,71.28,70.99
sh603032,*ST德新,2022-02-07,74.0,74.5,71.5,72.78,72.93,956909.0,69901854.0,11645382240.0,12178859640.0,55651782.089999996,36655292.44,738619424.5300001,1342233735.93,603614311.4,41876404.56999999,2625.96,2828.04,1703.52,1446.12,2660.71,2343.81,0.0,372.21,,,,,,,交通运输,铁路公路,公交,73.99,73.19,72.25
sh603032,*ST德新,2022-02-08,72.1,72.62,69.14,69.14,72.78,717200.0,50191610.0,11062953120.0,11569749320.0,55651782.089999996,36655292.44,738619424.5300001,1342233735.93,603614311.4,41876404.56999999,1740.67,1127.12,1215.74,1518.64,1337.67,594.64,725.08,1778.76,,,,,,,交通运输,铁路公路,公交,71.35,71.51,69.14
sh603032,*ST德新,2022-02-09,65.68,66.99,65.68,65.68,69.14,1578100.0,103835015.0,10509325440.0,10990759840.0,55651782.089999996,36655292.44,738619424.5300001,1342233735.93,603614311.4,41876404.56999999,3264.68,2006.26,2816.8,5485.81,3037.2,1678.88,1264.82,1212.55,,,,,,,交通运输,铁路公路,公交,65.69,65.68,65.68
sh603032,*ST德新,2022-02-10,66.18,68.28,65.68,66.58,65.68,788540.0,52550944.0,10653332640.0,11141364040.000002,55651782.089999996,36655292.44,738619424.5300001,1342233735.93,603614311.4,41876404.56999999,1593.27,1862.3,1639.86,1531.57,1435.61,1861.23,586.35,0.0,,,,,,,交通运输,铁路公路,公交,65.8,67.49,67.2
sh603032,*ST德新,2022-02-11,66.07,66.8,63.25,63.25,66.58,1072800.0,68157401.0,10120506000.0,10584128500.0,55651782.089999996,36655292.44,738619424.5300001,1342233735.93,603614311.4,41876404.56999999,2046.69,1491.08,1234.32,2145.97,2024.88,1413.99,1509.85,1764.69,,,,,,,交通运输,铁路公路,公交,65.1,63.25,63.5
sh603032,*ST德新,2022-02-14,61.5,63.8,60.09,60.09,63.25,1267000.0,78253756.0,9614880720.0,10055340420.0,55651782.089999996,36655292.44,738619424.5300001,1342233735.93,603614311.4,41876404.56999999,3656.88,3174.51,1855.86,2204.96,2053.73,1648.69,258.92,797.22,,,,,,,交通运输,铁路公路,公交,62.03,63.0,63.49
sh603032,*ST德新,2022-02-15,59.99,62.5,57.09,60.5,60.09,2033880.0,118551433.0,9680484000.0,10123949000.0,55651782.089999996,36655292.44,738619424.5300001,1342233735.93,603614311.4,41876404.56999999,3847.3,2788.6,2937.68,4126.25,2903.76,2168.19,2166.41,2772.1,,,,,,,交通运输,铁路公路,公交,58.78,57.17,57.09
sh603032,*ST德新,2022-02-16,60.0,63.53,60.0,62.8,60.5,2007270.0,126275648.0,10048502400.0,10508826399.999998,55651782.089999996,36655292.44,738619424.5300001,1342233735.93,603614311.4,41876404.56999999,3379.16,3445.29,4667.33,3330.96,2350.6,2493.94,2230.48,3357.38,,,,,,,交通运输,铁路公路,公交,61.05,61.1,61.25
sh603032,*ST德新,2022-02-17,61.28,63.57,60.6,61.8,62.8,1185600.0,73333422.0,9888494400.0,10341488400.0,55651782.089999996,36655292.44,738619424.5300001,1342233735.93,603614311.4,41876404.56999999,2733.89,3014.9,1408.52,1978.64,2385.38,2145.26,805.54,194.54,,,,,,,交通运输,铁路公路,公交,60.99,61.11,61.59
sh603032,*ST德新,2022-02-18,61.28,64.12,60.88,62.75,61.8,642430.0,40336447.0,10040502000.0,10500459500.0,55651782.089999996,36655292.44,738619424.5300001,1342233735.93,603614311.4,41876404.56999999,1333.61,1332.5,1438.34,906.31,1261.7,1622.34,0.0,172.5,,,,,,,交通运输,铁路公路,公交,61.7,61.38,61.37
sh603032,*ST德新,2022-02-21,62.02,65.85,62.02,64.65,62.75,960340.0,61816052.0,10344517200.0,10818401700.0,55651782.089999996,36655292.44,738619424.5300001,1342233735.93,603614311.4,41876404.56999999,2680.42,2536.48,1052.91,1327.48,2391.75,2307.91,56.53,9.73,,,,,,,交通运输,铁路公路,公交,62.76,62.7,62.41
sh603032,*ST德新,2022-02-22,63.95,66.48,62.7,65.81,64.65,811500.0,52499646.0,10530126480.0,11012513780.0,55651782.089999996,36655292.44,738619424.5300001,1342233735.93,603614311.4,41876404.56999999,1986.89,2063.4,1515.53,1400.55,1747.55,1674.99,0.0,111.03,,,,,,,交通运输,铁路公路,公交,64.09,63.8,62.96
sh603032,*ST德新,2022-02-23,65.81,69.1,65.0,69.1,65.81,1213068.0,83147526.0,11056552800.0,11563055800.0,55651782.089999996,36655292.44,738619424.5300001,1342233735.93,603614311.4,41876404.56999999,2564.87,2666.14,3156.48,2285.81,2174.15,2203.31,419.26,1159.5,,,,,,,交通运输,铁路公路,公交,66.6,67.21,67.08
sh603032,*ST德新,2022-02-24,69.16,72.0,67.0,69.88,69.1,1728000.0,120971192.0,11181359040.000002,11693579439.999998,55651782.089999996,36655292.44,738619424.5300001,1342233735.93,603614311.4,41876404.56999999,4611.33,4842.69,3316.67,3743.38,3233.23,3005.58,935.9,505.48,,,,,,,交通运输,铁路公路,公交,69.97,69.7,69.69
sh603032,*ST德新,2022-02-25,69.68,72.6,68.0,68.5,69.88,1389760.0,98147904.0,10960548000.0,11462653000.0,55651782.089999996,36655292.44,738619424.5300001,1342233735.93,603614311.4,41876404.56999999,3617.85,3620.54,1849.73,3023.93,2765.11,2211.9,1582.1,958.42,,,,,,,交通运输,铁路公路,公交,71.2,71.48,72.5
sh603032,*ST德新,2022-02-28,69.0,69.97,66.0,69.66,68.5,861900.0,58875906.0,11146157279.999998,11656765080.0,55651782.089999996,36655292.44,738619424.5300001,1342233735.93,603614311.4,41876404.56999999,2088.9,1933.64,1507.59,1989.24,2153.1,1532.85,138.0,431.86,,,,,,,交通运输,铁路公路,公交,68.49,66.4,67.47
sh603032,*ST德新,2022-03-01,69.67,70.79,67.0,68.7,69.66,877420.0,60667763.0,10992549600.0,11496120600.0,55651782.089999996,36655292.44,738619424.5300001,1342233735.93,603614311.4,41876404.56999999,2437.95,2078.6,1446.5,1611.92,1922.21,1948.75,260.11,427.51,,,,,,,交通运输,铁路公路,公交,69.69,70.34,70.68
sh603032,*ST德新,2022-03-02,68.38,68.69,66.66,67.6,68.7,524800.0,35403201.0,10816540800.0,11312048799.999998,55651782.089999996,36655292.44,738619424.5300001,1342233735.93,603614311.4,41876404.56999999,1494.68,1251.27,648.69,787.02,1196.62,1246.52,200.33,255.52,,,,,,,交通运输,铁路公路,公交,68.1,68.28,68.01
sh603032,*ST德新,2022-03-03,67.6,68.5,65.97,66.05,67.6,480020.0,32054412.0,10568528400.0,11052674900.0,55651782.089999996,36655292.44,738619424.5300001,1342233735.93,603614311.4,41876404.56999999,1469.88,1368.67,545.91,613.03,1189.65,1147.18,0.0,76.56,,,,,,,交通运输,铁路公路,公交,67.63,67.98,66.26
sh603032,*ST德新,2022-03-04,66.01,67.05,64.01,64.3,66.05,566600.0,36949808.0,10288514400.0,10759833400.0,55651782.089999996,36655292.44,738619424.5300001,1342233735.93,603614311.4,41876404.56999999,1493.79,1505.83,861.43,1019.21,1203.63,1041.26,136.13,128.69,,,,,,,交通运输,铁路公路,公交,64.8,65.16,65.44
sh603032,*ST德新,2022-03-07,64.24,64.24,61.09,61.09,64.3,609600.0,37564005.0,9774888720.0,10222678420.0,55651782.089999996,36655292.44,738619424.5300001,1342233735.93,603614311.4,41876404.56999999,1206.88,497.81,1254.38,526.27,959.15,387.14,336.0,2345.17,,,,,,,交通运输,铁路公路,公交,62.02,63.1,62.33
sh603032,*ST德新,2022-03-08,58.04,61.66,58.04,60.9,61.09,1496510.0,89269323.0,9744487200.0,10190884200.0,55651782.089999996,36655292.44,738619424.5300001,1342233735.93,603614311.4,41876404.56999999,2897.12,2975.47,3037.87,3035.92,2149.95,2022.87,841.99,892.67,,,,,,,交通运输,铁路公路,公交,59.98,59.98,61.14
sh603032,*ST德新,2022-03-09,60.25,61.8,57.86,60.49,60.9,1031200.0,60859408.0,9678883920.0,10122275620.0,55651782.089999996,36655292.44,738619424.5300001,1342233735.93,603614311.4,41876404.56999999,2798.88,2207.79,1563.4,2118.88,1723.05,1385.45,0.0,373.23,,,,,,,交通运输,铁路公路,公交,60.31,60.99,61.3
sh603032,*ST德新,2022-03-10,61.0,63.21,61.0,62.16,60.49,890360.0,55608247.0,9946097280.0,10401730080.0,55651782.089999996,36655292.44,738619424.5300001,1342233735.93,603614311.4,41876404.56999999,2224.81,2791.97,957.85,721.14,2316.52,2047.72,61.65,0.0,,,,,,,交通运输,铁路公路,公交,62.33,61.6,62.96
sh603032,*ST德新,2022-03-11,61.29,61.48,59.41,61.29,62.16,738853.0,44587127.0,9806890320.0,10256146020.0,55651782.089999996,36655292.44,738619424.5300001,1342233735.93,603614311.4,41876404.56999999,1782.39,1398.59,1162.24,1265.63,1352.37,1504.52,161.71,289.98,,,,,,,交通运输,铁路公路,公交,60.22,60.5,60.22
sh603032,*ST德新,2022-03-14,61.0,61.0,58.23,58.23,61.29,575600.0,33898393.0,9317265840.0,9744091740.0,55651782.089999996,36655292.44,738619424.5300001,1342233735.93,603614311.4,41876404.56999999,1297.16,655.22,1002.81,762.22,1089.87,718.7,0.0,1253.7,,,,,,,交通运输,铁路公路,公交,60.2,59.75,59.8
sh603032,*ST德新,2022-03-15,58.23,58.23,55.32,55.32,58.23,887540.0,49726492.0,8851642560.0,9257138160.0,55651782.089999996,36655292.44,738619424.5300001,1342233735.93,603614311.4,41876404.56999999,1466.74,1282.23,1848.74,2169.12,1498.96,927.06,158.22,594.25,,,,,,,交通运输,铁路公路,公交,56.49,55.87,56.0
sh603032,*ST德新,2022-03-16,52.55,55.3,52.55,52.77,55.32,3666128.0,194611215.0,8443622160.0,8830426260.0,55651782.089999996,36655292.44,738619424.5300001,1342233735.93,603614311.4,41876404.56999999,5569.29,2863.67,5316.98,9587.38,4433.07,1697.28,4141.78,5312.8,,,,,,,交通运输,铁路公路,公交,53.23,52.55,52.55
sh603032,*ST德新,2022-03-17,54.0,55.41,53.36,55.41,52.77,545400.0,30011726.0,8866043280.0,9272198580.0,55651782.089999996,36655292.44,738619424.5300001,1342233735.93,603614311.4,41876404.56999999,690.24,1124.78,1018.46,1075.97,176.56,680.18,1115.91,120.24,,,,,,,交通运输,铁路公路,公交,55.41,55.41,55.41
sh603032,*ST德新,2022-03-18,58.18,58.18,57.5,58.18,55.41,582400.0,33883093.0,9309265440.0,9735724840.0,55651782.089999996,36655292.44,738619424.5300001,1342233735.93,603614311.4,41876404.56999999,370.01,463.69,453.22,1165.85,133.22,329.28,2431.86,1429.48,,,,,,,交通运输,铁路公路,公交,58.18,58.18,58.18
sh603032,*ST德新,2022-03-21,61.09,61.09,61.09,61.09,58.18,35800.0,2187022.0,9774888720.0,10222678420.0,55651782.089999996,36655292.44,738619424.5300001,1342233735.93,603614311.4,41876404.56999999,9.77,130.73,91.64,0.0,1.22,87.97,116.07,0.0,,,,,,,交通运输,铁路公路,公交,61.09,61.09,61.09
sh603032,*ST德新,2022-03-22,64.14,64.14,64.14,64.14,61.09,44900.0,2879886.0,10262913120.0,10733059320.0,55651782.089999996,36655292.44,738619424.5300001,1342233735.93,603614311.4,41876404.56999999,0.0,121.87,89.15,60.93,0.0,105.19,198.83,0.0,,,,,,,交通运输,铁路公路,公交,64.14,64.14,64.14
sh603032,*ST德新,2022-03-23,67.35,67.35,64.3,67.35,64.14,3704044.0,248691442.0,10776538799.999998,11270214300.0,55651782.089999996,36655292.44,738619424.5300001,1342233735.93,603614311.4,41876404.56999999,5603.05,5297.96,5745.42,7533.97,3525.93,2893.19,9994.74,9144.03,,,,,,,交通运输,铁路公路,公交,66.11,67.35,67.17
sh603032,*ST德新,2022-03-24,66.33,69.5,64.06,67.59,67.35,1899824.0,126715622.0,10814940720.0,11310375419.999998,55651782.089999996,36655292.44,738619424.5300001,1342233735.93,603614311.4,41876404.56999999,5245.41,4583.01,2931.92,4245.85,4395.41,3277.95,98.83,564.74,,,,,,,交通运输,铁路公路,公交,66.2,65.66,65.2
sh603032,*ST德新,2022-03-25,70.55,70.55,64.31,65.49,67.59,1325300.0,88044177.0,10478923920.0,10958965620.0,55651782.089999996,36655292.44,738619424.5300001,1342233735.93,603614311.4,41876404.56999999,2956.29,3131.05,2447.16,2246.14,2785.5,3041.28,615.47,385.95,,,,,,,交通运输,铁路公路,公交,68.2,68.43,67.28
sh603032,*ST德新,2022-03-28,65.48,65.48,62.22,62.22,65.49,972220.0,61294466.0,9955697760.0,10411770360.0,55651782.089999996,36655292.44,738619424.5300001,1342233735.93,603614311.4,41876404.56999999,2419.56,1925.43,1302.43,1851.12,1861.01,1812.86,546.45,540.04,,,,,,,交通运输,铁路公路,公交,64.34,63.8,62.89
sh603032,*ST德新,2022-03-29,61.38,63.42,61.18,61.5,62.22,1096000.0,68099404.0,9840492000.0,10291287000.0,55651782.089999996,36655292.44,738619424.5300001,1342233735.93,603614311.4,41876404.56999999,2869.71,2240.24,2028.87,2428.63,1800.94,2128.02,110.43,13.05,,,,,,,交通运输,铁路公路,公交,62.51,62.0,62.3
sh603032,*ST德新,2022-03-30,62.7,64.58,62.13,64.58,61.5,738700.0,47255999.0,10333316640.0,10806688040.0,55651782.089999996,36655292.44,738619424.5300001,1342233735.93,603614311.4,41876404.56999999,1519.98,1623.48,1498.65,1137.12,834.49,960.78,872.48,1004.22,,,,,,,交通运输,铁路公路,公交,62.19,63.2,63.7
sh603032,*ST德新,2022-03-31,65.3,65.44,61.35,61.35,64.58,1252340.0,78431705.0,9816490800.0,10266186300.0,55651782.089999996,36655292.44,738619424.5300001,1342233735.93,603614311.4,41876404.56999999,3310.54,2914.49,1742.27,1823.14,2515.94,2221.04,274.42,884.5,,,,,,,交通运输,铁路公路,公交,64.24,63.88,63.0
sh603032,*ST德新,2022-04-01,59.72,62.35,58.99,61.33,61.35,838892.0,51253392.0,9813290640.0,10262839540.0,55651782.089999996,36655292.44,738619424.5300001,1342233735.93,603614311.4,41876404.56999999,1932.88,1895.68,991.62,798.4,1633.49,1961.25,567.35,470.01,,,,,,,交通运输,铁路公路,公交,60.03,59.96,59.47
sh603032,*ST德新,2022-04-06,62.13,62.99,60.1,60.6,61.33,599400.0,36639062.0,9696484800.0,10140682800.0,55651782.089999996,36655292.44,738619424.5300001,1342233735.93,603614311.4,41876404.56999999,1172.01,1166.87,1154.57,1196.51,1189.3,1297.47,148.03,3.06,,,,,,,交通运输,铁路公路,公交,61.98,61.56,61.83
sh603032,*ST德新,2022-04-07,60.0,60.6,57.8,59.01,60.6,508840.0,30113181.0,9442072080.0,9874615380.0,55651782.089999996,36655292.44,738619424.5300001,1342233735.93,603614311.4,41876404.56999999,957.6,976.24,714.48,667.27,1220.72,1103.98,118.52,263.83,,,,,,,交通运输,铁路公路,公交,60.0,60.58,59.71
sh603032,*ST德新,2022-04-08,59.21,60.5,56.3,59.1,59.01,651900.0,38315830.0,9456472800.0,9889675800.0,55651782.089999996,36655292.44,738619424.5300001,1342233735.93,603614311.4,41876404.56999999,1528.21,1417.5,821.31,938.49,1473.11,1475.6,8.96,0.0,,,,,,,交通运输,铁路公路,公交,59.6,59.8,58.75
sh603032,*ST德新,2022-04-11,57.29,58.99,56.15,56.15,59.1,620200.0,35139126.0,8984449200.0,9396028700.0,55651782.089999996,36655292.44,738619424.5300001,1342233735.93,603614311.4,41876404.56999999,1276.58,968.13,813.99,639.15,1314.3,1249.31,109.04,657.32,,,,,,,交通运输,铁路公路,公交,57.6,56.61,56.56
sh603032,*ST德新,2022-04-12,55.8,55.8,53.34,55.6,56.15,1499740.0,81340563.0,8896444800.0,9303992800.0,55651782.089999996,36655292.44,738619424.5300001,1342233735.93,603614311.4,41876404.56999999,2847.63,2510.96,2284.34,3046.44,2777.22,2230.11,224.87,346.54,,,,,,,交通运输,铁路公路,公交,53.5,55.0,54.61
sh603032,*ST德新,2022-04-13,55.0,58.3,54.0,55.48,55.6,996800.0,56007209.0,8877243840.0,9283912240.0,55651782.089999996,36655292.44,738619424.5300001,1342233735.93,603614311.4,41876404.56999999,2107.77,2226.15,1450.34,1358.99,1999.13,1868.19,43.48,147.38,,,,,,,交通运输,铁路公路,公交,54.42,54.51,54.53
sh603032,*ST德新,2022-04-14,56.04,56.79,53.6,53.71,55.48,774800.0,42428465.0,8594029680.0,8987723980.0,55651782.089999996,36655292.44,738619424.5300001,1342233735.93,603614311.4,41876404.56999999,1461.45,1336.54,1130.93,1204.12,1544.87,1514.83,105.6,187.36,,,,,,,交通运输,铁路公路,公交,55.4,55.53,55.2
sh603032,*ST德新,2022-04-15,53.0,56.4,51.83,56.4,53.71,1573200.0,85673655.0,9024451200.0,9437863200.0,55651782.089999996,36655292.44,738619424.5300001,1342233735.93,603614311.4,41876404.56999999,2639.69,2558.21,2410.85,2675.91,2361.32,1982.98,1155.5,1350.26,,,,,,,交通运输,铁路公路,公交,52.98,52.4,53.03
sh603032,*ST德新,2022-04-18,56.39,59.22,56.38,59.22,56.4,953100.0,55196866.0,9475673760.0,9909756360.0,55651782.089999996,36655292.44,738619424.5300001,1342233735.93,603614311.4,41876404.56999999,1905.85,2168.16,1088.9,1467.1,1524.96,1884.43,999.97,0.0,,,,,,,交通运输,铁路公路,公交,58.7,56.97,57.05
sh603032,*ST德新,2022-04-19,62.16,62.18,58.0,59.94,59.22,1553600.0,93965878.0,9590879520.0,10030239720.0,55651782.089999996,36655292.44,738619424.5300001,1342233735.93,603614311.4,41876404.56999999,3394.04,3128.39,1303.92,2152.99,3388.89,2862.84,1309.74,1252.36,,,,,,,交通运输,铁路公路,公交,61.67,61.05,60.6
sh603032,*ST德新,2022-04-20,60.8,61.16,57.16,58.06,59.94,751800.0,44370479.0,9290064480.0,9715644280.0,55651782.089999996,36655292.44,738619424.5300001,1342233735.93,603614311.4,41876404.56999999,1760.52,1686.43,885.95,872.89,1668.98,1695.32,121.6,182.4,,,,,,,交通运输,铁路公路,公交,60.05,60.29,59.55
sh603032,*ST德新,2022-04-21,57.99,59.7,56.0,58.0,58.06,793700.0,46361191.0,9280464000.0,9705604000.0,55651782.089999996,36655292.44,738619424.5300001,1342233735.93,603614311.4,41876404.56999999,1674.21,1719.03,1037.96,1179.73,1803.71,1663.42,120.24,73.94,,,,,,,交通运输,铁路公路,公交,57.81,58.04,58.04
sh603032,*ST德新,2022-04-22,58.0,60.9,57.01,60.03,58.0,1148700.0,68727950.0,9605280240.0,10045300140.0,55651782.089999996,36655292.44,738619424.5300001,1342233735.93,603614311.4,41876404.56999999,2634.93,2606.32,1933.94,1560.83,2003.34,1865.83,300.59,839.81,,,,,,,交通运输,铁路公路,公交,57.7,57.67,57.94
sh603032,*ST德新,2022-04-25,58.05,59.49,57.03,57.03,60.03,937140.0,53914868.0,9125256240.0,9543286140.0,55651782.089999996,36655292.44,738619424.5300001,1342233735.93,603614311.4,41876404.56999999,1984.22,1451.58,1253.24,1450.76,1805.44,1464.63,348.57,1024.52,,,,,,,交通运输,铁路公路,公交,58.5,57.99,57.75
sh603032,*ST德新,2022-04-26,57.82,57.82,54.18,54.18,57.03,645700.0,35329119.0,8669233440.0,9066372840.0,162925568.32,122483943.35,1052888104.79,1877489868.75,824601763.96,41876404.56999999,1251.33,1010.58,1009.3,1289.83,1055.65,647.9,216.63,584.6,,,,,,,交通运输,铁路公路,公交,54.68,54.18,54.18
sh603032,*ST德新,2022-04-27,51.47,56.87,51.47,56.6,54.18,2079971.0,110717987.0,9056452800.0,9471330800.0,162925568.32,122483943.35,1052888104.79,1877489868.75,824601763.96,41876404.56999999,3433.67,3681.89,1767.62,2824.38,3231.74,2224.31,2543.1,2245.56,,,,,,,交通运输,铁路公路,公交,51.47,51.72,51.48
sh603032,*ST德新,2022-04-28,55.55,57.88,53.86,55.39,56.6,1159910.0,64772578.0,8862843120.0,9268851820.0,162925568.32,122483943.35,1052888104.79,1877489868.75,824601763.96,41876404.56999999,2440.52,2447.2,1195.23,1775.53,2786.64,2149.08,0.0,50.57,,,,,,,交通运输,铁路公路,公交,55.01,56.0,56.31
sh603032,*ST德新,2022-04-29,56.51,58.16,54.5,58.16,55.39,1755900.0,100776991.0,9306065280.0,9732378080.0,162925568.32,122483943.35,1052888104.79,1877489868.75,824601763.96,41876404.56999999,2275.71,2589.35,2874.42,4208.7,2123.15,2039.93,2804.41,1239.72,,,,,,,交通运输,铁路公路,公交,56.34,55.18,55.49
sh603032,*ST德新,2022-05-05,58.68,60.51,57.04,59.59,58.16,1086900.0,63993395.0,9534876720.0,9971671420.0,162925568.32,122483943.35,1052888104.79,1877489868.75,824601763.96,41876404.56999999,2759.57,2564.23,1154.71,1081.87,2302.9,2568.8,182.15,184.44,,,,,,,交通运输,铁路公路,公交,58.18,57.75,57.75
sh603032,*ST德新,2022-05-06,58.16,61.58,57.5,58.81,59.59,655100.0,38315251.0,9410070480.0,9841147780.0,162925568.32,122483943.35,1052888104.79,1877489868.75,824601763.96,41876404.56999999,1588.4,1610.22,789.4,639.77,1266.36,1295.82,127.37,225.72,,,,,,,交通运输,铁路公路,公交,58.58,58.82,58.71
sh603032,德新交运,2022-05-10,59.0,64.68,55.87,56.25,58.81,3158700.0,188672712.0,9000450000.0,9412762500.0,162925568.32,122483943.35,1052888104.79,1877489868.75,824601763.96,41876404.56999999,7226.72,6611.82,4841.17,7137.4,4965.4,3061.71,1797.41,2019.77,,,,,,,交通运输,铁路公路,公交,59.9,61.08,61.96
sh603032,德新交运,2022-05-11,55.0,61.88,55.0,61.88,56.25,3264710.0,195940197.0,9901295040.0,10354875440.0,162925568.32,122483943.35,1052888104.79,1877489868.75,824601763.96,41876404.56999999,5806.72,5826.41,5139.42,5688.42,3751.74,4160.97,4645.46,3667.55,,,,,,,交通运输,铁路公路,公交,56.75,57.35,58.65
sh603032,德新交运,2022-05-12,62.32,66.71,61.13,63.7,61.88,3379710.0,216456812.0,10192509600.0,10659430600.0,162925568.32,122483943.35,1052888104.79,1877489868.75,824601763.96,41876404.56999999,7866.77,8110.04,6142.47,6641.43,6705.58,6076.51,783.7,670.54,,,,,,,交通运输,铁路公路,公交,65.68,66.39,65.2
sh603032,德新交运,2022-05-13,62.59,66.4,61.6,65.69,63.7,2846000.0,184764427.0,10510925520.0,10992433220.0,162925568.32,122483943.35,1052888104.79,1877489868.75,824601763.96,41876404.56999999,6591.84,7381.69,4676.21,3394.92,6789.98,6516.57,418.41,1183.26,,,,,,,交通运输,铁路公路,公交,64.34,64.86,64.88
sh603032,德新交运,2022-05-16,66.5,72.26,64.34,72.26,65.69,3703260.0,256805998.0,11562178080.0,12091843880.0,162925568.32,122483943.35,1052888104.79,1877489868.75,824601763.96,41876404.56999999,9214.02,9285.69,5025.86,6347.92,6394.39,6779.55,4592.54,2813.64,,,,,,,交通运输,铁路公路,公交,65.98,69.32,68.8
sh603032,德新交运,2022-05-17,75.0,77.0,72.0,73.75,72.26,4293140.0,321049642.0,11800590000.0,12341177500.0,162925568.32,122483943.35,1052888104.79,1877489868.75,824601763.96,41876404.56999999,10669.82,11213.91,9363.0,9510.45,9647.58,7593.13,2174.55,3537.46,,,,,,,交通运输,铁路公路,公交,75.0,73.05,74.02
sh603032,德新交运,2022-05-18,75.0,81.13,75.0,81.13,73.75,4185440.0,331903898.0,12981449040.000002,13576131939.999998,162925568.32,122483943.35,1052888104.79,1877489868.75,824601763.96,41876404.56999999,8361.08,9370.9,7958.39,8758.21,5797.47,5772.52,7847.4,6062.71,,,,,,,交通运输,铁路公路,公交,76.21,81.12,78.53
sh603032,德新交运,2022-05-19,83.0,89.24,80.88,82.69,81.13,7855165.0,658169082.0,13231061520.0,13837179220.0,162925568.32,122483943.35,1052888104.79,1877489868.75,824601763.96,41876404.56999999,23280.3,19563.37,18559.63,21788.61,17730.42,12985.87,6072.58,11305.08,,,,,,,交通运输,铁路公路,公交,82.66,82.84,83.66
sh603032,德新交运,2022-05-20,82.6,90.0,81.1,85.3,82.69,7358683.0,622177968.0,13648682400.0,14273931399.999996,162925568.32,122483943.35,1052888104.79,1877489868.75,824601763.96,41876404.56999999,21184.38,21194.37,15659.66,16844.8,15834.52,14727.78,6983.53,6895.15,,,,,,,交通运输,铁路公路,公交,83.5,83.83,83.36
sh603032,德新交运,2022-05-23,86.5,87.85,81.1,84.8,85.3,6137774.0,515088386.0,13568678400.0,14190262400.0,162925568.32,122483943.35,1052888104.79,1877489868.75,824601763.96,41876404.56999999,17304.9,16146.09,13479.38,13494.27,12103.4,10528.67,3067.17,5785.82,,,,,,,交通运输,铁路公路,公交,85.6,85.39,84.8
sh603032,德新交运,2022-05-24,82.5,83.8,76.32,76.32,84.8,7390926.0,583675344.0,12211810560.000002,12771236160.0,162925568.32,122483943.35,1052888104.79,1877489868.75,824601763.96,41876404.56999999,18780.31,18515.72,16219.68,17921.84,17460.53,12038.24,5697.5,9682.22,,,,,,,交通运输,铁路公路,公交,81.84,82.7,80.8
sh603032,德新交运,2022-05-25,75.77,79.55,73.68,78.92,76.32,5585833.0,432258984.0,12627831360.0,13206314960.0,162925568.32,122483943.35,1052888104.79,1877489868.75,824601763.96,41876404.56999999,12840.37,14714.44,13746.3,12699.87,14084.47,12930.78,2554.75,2880.8,,,,,,,交通运输,铁路公路,公交,76.99,76.24,77.64
sh603032,德新交运,2022-05-26,77.25,86.81,77.25,86.81,78.92,7720693.0,653059706.0,13890294480.0,14526611780.0,162925568.32,122483943.35,1052888104.79,1877489868.75,824601763.96,41876404.56999999,14340.27,18942.84,15109.23,16921.97,10836.21,12017.66,25020.26,17423.49,,,,,,,交通运输,铁路公路,公交,80.0,80.67,82.08
sh603032,德新交运,2022-05-27,84.8,91.99,84.8,87.4,86.81,5315773.0,471600216.0,13984699200.0,14625341200.000004,162925568.32,122483943.35,1052888104.79,1877489868.75,824601763.96,41876404.56999999,17865.11,16857.08,10535.82,13180.55,16296.93,12439.11,2462.16,4683.29,,,,,,,交通运输,铁路公路,公交,88.4,91.99,90.29
sh603032,德新交运,2022-05-30,87.88,89.68,84.3,88.85,87.4,3663820.0,318405059.0,14216710800.0,14867981299.999996,162925568.32,122483943.35,1052888104.79,1877489868.75,824601763.96,41876404.56999999,10798.72,10471.47,7126.45,8278.22,11683.0,9980.3,2232.34,3110.52,,,,,,,交通运输,铁路公路,公交,87.5,87.28,85.5
sh603032,德新交运,2022-05-31,89.0,89.0,85.0,87.08,88.85,2810210.0,243154966.0,13933496640.000002,14571793040.0,162925568.32,122483943.35,1052888104.79,1877489868.75,824601763.96,41876404.56999999,8797.06,8504.18,5812.75,6108.06,7778.93,7572.27,1926.76,2130.98,,,,,,,交通运输,铁路公路,公交,86.16,86.01,86.12
sh603032,德新交运,2022-06-01,86.0,90.0,85.5,87.23,87.08,2429300.0,212851473.0,13957497840.0,14596893740.0,162925568.32,122483943.35,1052888104.79,1877489868.75,824601763.96,41876404.56999999,7370.35,6509.27,4095.8,4898.53,7886.48,7695.27,1932.52,2182.08,,,,,,,交通运输,铁路公路,公交,87.25,86.27,86.98
sh603032,德新交运,2022-06-02,87.0,95.95,86.5,92.0,87.23,5211645.0,479747933.0,14720736000.0,15395096000.0,162925568.32,122483943.35,1052888104.79,1877489868.75,824601763.96,41876404.56999999,13114.0,14810.32,11863.61,13465.32,13021.18,13152.52,9116.49,5687.11,,,,,,,交通运输,铁路公路,公交,89.01,87.98,87.84
sh603032,德新交运,2022-06-06,92.29,93.8,89.0,91.1,92.0,3496597.0,319161597.0,14576728799.999996,15244491800.0,162925568.32,122483943.35,1052888104.79,1877489868.75,824601763.96,41876404.56999999,10686.57,9447.5,5910.21,7171.03,13676.88,11681.99,1642.5,3615.63,,,,,,,交通运输,铁路公路,公交,89.2,92.48,92.89
sh603032,德新交运,2022-06-07,91.0,93.8,88.51,90.0,91.1,2174703.0,196708668.0,14400720000.0,15060420000.0,162925568.32,122483943.35,1052888104.79,1877489868.75,824601763.96,41876404.56999999,6626.12,6758.19,3503.63,5077.92,7464.02,5838.26,2039.25,1958.65,,,,,,,交通运输,铁路公路,公交,91.55,93.35,90.96
sh603032,德新交运,2022-06-08,91.0,91.88,85.0,87.9,90.0,3496120.0,307747848.0,14064703200.0,14709010200.0,162925568.32,122483943.35,1052888104.79,1877489868.75,824601763.96,41876404.56999999,10357.78,9777.52,5307.1,6891.77,11708.34,6853.86,2445.74,6295.81,,,,,,,交通运输,铁路公路,公交,90.42,90.52,89.94
sh603032,德新交运,2022-06-09,88.25,90.0,85.0,87.25,87.9,2445700.0,213272842.0,13960698000.0,14600240500.0,162925568.32,122483943.35,1052888104.79,1877489868.75,824601763.96,41876404.56999999,6939.23,6404.69,2936.73,4826.67,9192.54,7618.08,2197.01,2416.07,,,,,,,交通运输,铁路公路,公交,88.75,87.25,87.09
sh603032,德新交运,2022-06-10,87.24,95.98,85.58,95.96,87.25,5381842.0,497113506.0,15354367680.0,16057754480.0,162925568.32,122483943.35,1052888104.79,1877489868.75,824601763.96,41876404.56999999,15161.34,13009.2,11548.9,11889.11,12317.68,13398.25,10683.43,11414.78,,,,,,,交通运输,铁路公路,公交,86.0,86.79,87.5
sh603032,德新交运,2022-06-13,95.4,95.41,87.5,92.6,95.96,4443200.0,409924543.0,14816740800.0,15495498799.999996,162925568.32,122483943.35,1052888104.79,1877489868.75,824601763.96,41876404.56999999,14983.2,13773.83,6837.35,9918.78,17302.58,14430.87,1869.32,2868.97,,,,,,,交通运输,铁路公路,公交,94.79,93.11,93.01
sh603032,德新交运,2022-06-14,90.15,91.8,85.82,89.55,92.6,2679600.0,237189115.0,14328716399.999996,14985117900.0,162925568.32,122483943.35,1052888104.79,1877489868.75,824601763.96,41876404.56999999,7919.77,6896.97,4452.05,4865.73,10751.29,9702.73,595.81,2253.48,,,,,,,交通运输,铁路公路,公交,89.69,89.5,90.01
sh603032,德新交运,2022-06-15,90.64,91.9,85.51,86.4,89.55,2689900.0,235709316.0,13824691200.000002,14458003200.0,162925568.32,122483943.35,1052888104.79,1877489868.75,824601763.96,41876404.56999999,8175.49,6819.38,4167.39,5805.95,9788.12,9883.42,1439.93,1062.19,,,,,,,交通运输,铁路公路,公交,90.16,91.2,89.18
sh603032,德新交运,2022-06-16,86.0,93.33,85.07,91.96,86.4,3364340.0,302850285.0,14714335680.0,15388402480.0,162925568.32,122483943.35,1052888104.79,1877489868.75,824601763.96,41876404.56999999,10420.43,9446.14,4734.26,5761.93,13496.44,12544.96,1428.31,2326.41,,,,,,,交通运输,铁路公路,公交,86.01,86.89,88.3
sh603032,德新交运,2022-06-17,90.63,97.44,90.01,94.99,91.96,2374470.0,226954345.0,15199159920.0,15895436620.0,162925568.32,122483943.35,1052888104.79,1877489868.75,824601763.96,41876404.56999999,8002.65,8535.07,3050.48,5452.49,11478.77,8593.39,163.53,114.49,,,,,,,交通运输,铁路公路,公交,93.23,95.42,96.79
sh603032,德新交运,2022-06-20,94.0,94.92,87.51,89.2,94.99,4361020.0,398216168.0,14272713600.000002,14926549600.0,162925568.32,122483943.35,1052888104.79,1877489868.75,824601763.96,41876404.56999999,16261.77,12996.27,5590.86,6652.66,16479.81,17845.84,1489.17,2326.85,,,,,,,交通运输,铁路公路,公交,93.0,92.6,92.49
sh603032,德新交运,2022-06-21,89.0,89.0,85.18,85.73,89.2,2341800.0,202609491.0,13717485840.0,14345886740.000002,162925568.32,122483943.35,1052888104.79,1877489868.75,824601763.96,41876404.56999999,6896.15,6583.93,3352.6,6498.82,9837.73,6947.88,174.48,230.32,,,,,,,交通运输,铁路公路,公交,87.0,87.32,87.8
sh603032,德新交运,2022-06-22,86.99,87.0,83.0,84.07,85.73,1938900.0,164594128.0,13451872560.0,14068105660.000002,162925568.32,122483943.35,1052888104.79,1877489868.75,824601763.96,41876404.56999999,5349.93,4869.54,3226.47,3973.62,7171.27,6953.65,698.96,649.81,,,,,,,交通运输,铁路公路,公交,86.43,85.09,83.48
sh603032,德新交运,2022-06-23,84.71,88.06,75.66,86.48,84.07,3116380.0,264363991.0,13837491839.999998,14471390240.0,162925568.32,122483943.35,1052888104.79,1877489868.75,824601763.96,41876404.56999999,8664.09,8408.5,4940.06,4983.09,12267.01,11190.82,565.24,1853.98,,,,,,,交通运输,铁路公路,公交,84.71,84.0,83.6
sh603032,德新交运,2022-06-24,86.0,87.1,81.0,81.9,86.48,3239238.0,269261932.0,13104655200.0,13704982200.0,162925568.32,122483943.35,1052888104.79,1877489868.75,824601763.96,41876404.56999999,9794.61,9616.54,5044.4,6557.98,11510.68,9329.2,576.51,1422.47,,,,,,,交通运输,铁路公路,公交,85.7,85.48,84.42
sh603032,德新交运,2022-06-27,82.06,88.44,81.91,87.35,81.9,3001775.0,258248417.0,13976698799.999998,14616974300.0,162925568.32,122483943.35,1052888104.79,1877489868.75,824601763.96,41876404.56999999,6961.74,9251.28,3756.69,5206.12,11820.77,10815.76,3285.64,551.68,,,,,,,交通运输,铁路公路,公交,83.95,85.0,86.51
sh603032,德新交运,2022-06-28,87.0,87.57,84.2,84.8,87.35,1423003.0,121432184.0,13568678400.0,14190262400.0,162925568.32,122483943.35,1052888104.79,1877489868.75,824601763.96,41876404.56999999,3482.46,4172.46,1939.0,1877.31,6417.37,6080.65,291.58,0.0,,,,,,,交通运输,铁路公路,公交,87.04,86.19,85.53
sh603032,德新交运,2022-06-29,85.8,85.8,78.25,79.0,84.8,2929133.0,235523802.0,12640632000.0,13219702000.0,162925568.32,122483943.35,1052888104.79,1877489868.75,824601763.96,41876404.56999999,6518.02,6542.75,2996.37,3882.66,13578.16,11487.69,25.58,1205.03,,,,,,,交通运输,铁路公路,公交,83.01,81.34,82.2
sh603032,德新交运,2022-06-30,79.65,81.46,77.93,79.0,79.0,2027300.0,160142579.0,12640632000.0,13219702000.0,162925568.32,122483943.35,1052888104.79,1877489868.75,824601763.96,41876404.56999999,3447.16,2805.03,2626.9,2656.47,9314.34,9171.69,367.75,1122.97,,,,,,,交通运输,铁路公路,公交,79.43,81.3,79.9
sh603032,德新交运,2022-07-01,78.88,82.43,77.63,80.8,79.0,1956200.0,157398898.0,12928646399.999998,13520910400.0,162925568.32,122483943.35,1052888104.79,1877489868.75,824601763.96,41876404.56999999,5709.65,4459.34,3214.97,2952.78,6618.08,7982.08,197.19,345.7,,,,,,,交通运输,铁路公路,公交,78.49,77.89,77.78
sh603032,德新交运,2022-07-04,81.81,86.58,79.61,84.81,80.8,2489800.0,209565562.0,13570278480.0,14191935780.0,162925568.32,122483943.35,1052888104.79,1877489868.75,824601763.96,41876404.56999999,5094.4,5641.39,3279.56,3096.39,10810.46,10617.44,1772.13,1601.34,,,,,,,交通运输,铁路公路,公交,79.7,81.76,83.0
sh603032,德新交运,2022-07-05,83.32,84.7,77.76,78.58,84.81,3462336.0,276654705.0,12573428640.0,13149420040.0,162925568.32,122483943.35,1052888104.79,1877489868.75,824601763.96,41876404.56999999,7790.91,8609.57,4778.69,6519.57,14027.91,11026.94,1067.96,1509.39,,,,,,,交通运输,铁路公路,公交,83.99,82.5,82.09
sh603032,德新交运,2022-07-06,78.57,79.46,76.01,77.42,78.58,2601300.0,201180628.0,12387819360.0,12955307960.0,162925568.32,122483943.35,1052888104.79,1877489868.75,824601763.96,41876404.56999999,5328.39,3762.75,3168.98,5956.31,10847.56,9414.24,773.14,984.77,,,,,,,交通运输,铁路公路,公交,77.02,76.99,77.6
sh603032,德新交运,2022-07-07,77.95,81.0,75.8,79.41,77.42,2077693.0,164399888.0,12706235280.0,13288310580.0,162925568.32,122483943.35,1052888104.79,1877489868.75,824601763.96,41876404.56999999,4801.08,4795.05,2049.44,2592.79,9346.92,8366.06,242.54,686.09,,,,,,,交通运输,铁路公路,公交,77.31,76.5,77.0
sh603032,德新交运,2022-07-08,79.54,80.1,77.1,77.49,79.41,1518410.0,118990921.0,12399019920.0,12967021620.0,162925568.32,122483943.35,1052888104.79,1877489868.75,824601763.96,41876404.56999999,3433.11,3132.41,1594.54,1227.59,6533.25,7429.49,338.19,109.6,,,,,,,交通运输,铁路公路,公交,78.95,79.29,79.2
sh603032,德新交运,2022-07-11,75.3,76.99,71.77,73.0,77.49,3443112.0,253217075.0,11680584000.0,12215674000.0,162925568.32,122483943.35,1052888104.79,1877489868.75,824601763.96,41876404.56999999,7476.57,5616.76,3495.53,5944.13,14241.61,12487.91,108.0,1272.91,,,,,,,交通运输,铁路公路,公交,75.59,75.42,74.9
sh603032,德新交运,2022-07-12,72.16,76.35,72.16,75.82,73.0,3366110.0,250661308.0,12131806560.0,12687567160.0,162925568.32,122483943.35,1052888104.79,1877489868.75,824601763.96,41876404.56999999,4907.79,6724.52,5421.97,3819.25,13708.44,13439.69,1027.94,1082.68,,,,,,,交通运输,铁路公路,公交,73.55,73.24,73.2
sh603032,德新交运,2022-07-13,75.8,79.1,74.45,76.21,75.82,1830520.0,141107099.0,12194209680.000002,12752828980.0,162925568.32,122483943.35,1052888104.79,1877489868.75,824601763.96,41876404.56999999,3822.15,4509.65,1594.9,1733.34,7670.38,7706.94,1023.28,160.78,,,,,,,交通运输,铁路公路,公交,74.53,76.66,78.47
sh603032,德新交运,2022-07-14,73.5,83.01,72.0,81.2,76.21,2804249.0,224079744.0,12992649600.0,13587845600.0,162925568.32,122483943.35,1052888104.79,1877489868.75,824601763.96,41876404.56999999,7617.67,7925.02,4236.0,3484.3,9675.99,9540.54,878.32,1458.11,,,,,,,交通运输,铁路公路,公交,78.37,79.56,79.24
sh603032,德新交运,2022-07-15,84.37,84.69,81.4,81.51,81.2,1940000.0,161081954.0,13042252080.000002,13639720380.0,162925568.32,122483943.35,1052888104.79,1877489868.75,824601763.96,41876404.56999999,5473.28,4842.92,3031.59,1944.42,7603.32,9212.96,0.0,107.9,,,,,,,交通运输,铁路公路,公交,84.38,83.89,83.1
sh603032,德新交运,2022-07-18,81.35,82.88,79.11,82.59,81.51,2362610.0,192112897.0,13215060720.0,13820445419.999998,162925568.32,122483943.35,1052888104.79,1877489868.75,824601763.96,41876404.56999999,6786.18,6718.83,3380.67,2444.21,7603.67,9672.68,1440.77,375.58,,,,,,,交通运输,铁路公路,公交,81.21,79.5,81.98
sh603032,德新交运,2022-07-19,82.0,84.5,80.08,82.6,82.59,2076118.0,171764021.0,13216660800.0,13822118799.999998,162925568.32,122483943.35,1052888104.79,1877489868.75,824601763.96,41876404.56999999,5688.15,6534.6,3030.82,2311.88,7494.66,8106.7,962.77,223.23,,,,,,,交通运输,铁路公路,公交,80.78,83.7,83.6
sh603032,德新交运,2022-07-20,82.6,86.84,82.08,83.55,82.6,1258400.0,106365940.0,13368668400.0,13981089900.0,162925568.32,122483943.35,1052888104.79,1877489868.75,824601763.96,41876404.56999999,3399.81,3224.41,1717.98,1032.11,5095.83,6169.5,319.09,106.69,,,,,,,交通运输,铁路公路,公交,82.79,85.01,85.8
sh603032,德新交运,2022-07-21,82.99,84.41,81.58,81.85,83.55,1153800.0,95438952.0,13096654800.0,13696615300.0,162925568.32,122483943.35,1052888104.79,1877489868.75,824601763.96,41876404.56999999,3010.18,3060.72,1903.65,2117.0,4509.45,4366.18,120.61,0.0,,,,,,,交通运输,铁路公路,公交,82.33,83.87,82.8
sh603032,德新交运,2022-07-22,81.54,83.5,80.0,81.3,81.85,1125200.0,91747996.0,13008650400.0,13604579400.0,162925568.32,122483943.35,1052888104.79,1877489868.75,824601763.96,41876404.56999999,2599.82,2505.6,1111.29,1770.44,5348.57,4172.97,115.12,725.8,,,,,,,交通运输,铁路公路,公交,82.25,82.0,81.68
sh603032,德新交运,2022-07-25,81.7,82.9,79.5,79.98,81.3,1009500.0,81642954.0,12797439840.0,13383693240.0,162925568.32,122483943.35,1052888104.79,1877489868.75,824601763.96,41876404.56999999,2351.89,1797.0,970.29,1690.29,4842.11,4612.95,0.0,64.06,,,,,,,交通运输,铁路公路,公交,82.21,82.7,82.23
sh603032,德新交运,2022-07-26,80.0,86.01,79.71,85.42,79.98,2058803.0,173237741.0,13667883359.999998,14294011960.0,162925568.32,122483943.35,1052888104.79,1877489868.75,824601763.96,41876404.56999999,7126.56,5503.46,2652.93,2523.98,7182.71,9022.58,361.58,273.76,,,,,,,交通运输,铁路公路,公交,80.45,81.0,81.09
sh603032,德新交运,2022-07-27,84.71,90.0,84.71,87.8,85.42,2430897.0,213110504.0,14048702400.0,14692276399.999998,162925568.32,122483943.35,1052888104.79,1877489868.75,824601763.96,41876404.56999999,6412.78,7277.28,4672.35,4315.72,9529.53,9507.02,696.39,211.04,,,,,,,交通运输,铁路公路,公交,85.51,86.83,87.21
sh603032,德新交运,2022-07-28,88.8,91.06,86.2,86.8,87.8,2397600.0,212047474.0,13888694400.0,14524938400.0,162925568.32,122483943.35,1052888104.79,1877489868.75,824601763.96,41876404.56999999,7270.73,6672.63,3522.61,2398.11,9733.45,11978.71,677.96,155.3,,,,,,,交通运输,铁路公路,公交,88.59,89.84,88.54
sh603032,德新交运,2022-07-29,87.0,89.18,84.87,85.27,86.8,2692700.0,233783551.0,13643882160.0,14268911260.0,162925568.32,122483943.35,1052888104.79,1877489868.75,824601763.96,41876404.56999999,7357.63,6515.92,5906.06,2595.8,8812.6,12711.27,1302.06,1555.37,,,,,,,机械设备,通用设备,磨具磨料,87.05,88.21,88.09
sh603032,德新交运,2022-08-01,85.0,85.49,80.85,83.48,85.27,2372655.0,197473114.0,13357467840.0,13969376240.0,162925568.32,122483943.35,1052888104.79,1877489868.75,824601763.96,41876404.56999999,6266.45,8434.55,3469.66,1870.64,9621.63,8871.48,389.57,570.65,,,,,,,机械设备,通用设备,磨具磨料,82.39,81.17,83.68
sh603032,德新交运,2022-08-02,82.0,85.38,81.24,82.8,83.48,1848403.0,153608421.0,13248662400.0,13855586399.999998,162925568.32,122483943.35,1052888104.79,1877489868.75,824601763.96,41876404.56999999,4606.2,5543.36,2700.4,2051.02,7624.72,7653.72,429.53,112.75,,,,,,,机械设备,通用设备,磨具磨料,83.0,82.3,83.23
sh603032,德新交运,2022-08-03,83.0,84.98,79.65,79.77,82.8,2514300.0,207470685.0,12763838160.000002,13348552260.0,162925568.32,122483943.35,1052888104.79,1877489868.75,824601763.96,41876404.56999999,5375.55,8777.43,2644.47,1603.7,12163.83,10360.35,563.21,5.59,,,,,,,机械设备,通用设备,磨具磨料,83.5,83.2,84.28
sh603032,德新交运,2022-08-04,81.0,82.0,78.3,79.24,79.77,1623914.0,129634991.0,12679033920.0,13259863120.0,162925568.32,122483943.35,1052888104.79,1877489868.75,824601763.96,41876404.56999999,2639.13,3661.16,1771.61,1929.6,8293.34,6688.62,259.42,684.12,,,,,,,机械设备,通用设备,磨具磨料,79.8,80.62,81.37
sh603032,德新交运,2022-08-05,79.34,83.4,78.0,79.85,79.24,2311308.0,185786675.0,12776638799.999998,13361939300.0,162925568.32,122483943.35,1052888104.79,1877489868.75,824601763.96,41876404.56999999,4639.82,5820.4,2029.19,2542.12,11680.12,9988.58,216.84,214.88,,,,,,,机械设备,通用设备,磨具磨料,78.5,81.63,81.65
sh603032,德新交运,2022-08-08,79.9,87.84,78.11,87.84,79.85,1796300.0,152070900.0,14055102720.000002,14698969920.0,162925568.32,122483943.35,1052888104.79,1877489868.75,824601763.96,41876404.56999999,4848.26,6068.77,3666.12,3801.44,3559.98,4413.52,3132.73,923.36,,,,,,,机械设备,通用设备,磨具磨料,81.4,82.68,84.87
sh603032,德新交运,2022-08-09,90.0,94.88,90.0,93.7,87.84,3451493.0,321565406.0,14992749600.0,15679570600.0,162925568.32,122483943.35,1052888104.79,1877489868.75,824601763.96,41876404.56999999,10158.48,12152.93,5359.35,6908.19,15325.89,12046.07,1312.82,1049.36,,,,,,,机械设备,通用设备,磨具磨料,93.0,94.37,93.16
sh603032,德新交运,2022-08-10,94.0,94.0,89.5,90.15,93.7,1762424.0,160769615.0,14424721200.000002,15085520700.0,162925568.32,122483943.35,1052888104.79,1877489868.75,824601763.96,41876404.56999999,4783.69,4774.17,2423.85,2698.71,8193.43,7694.54,675.99,909.54,,,,,,,机械设备,通用设备,磨具磨料,91.05,91.3,92.04
sh603032,德新交运,2022-08-11,91.0,92.27,86.99,89.89,90.15,2792000.0,248227426.0,14383119120.0,15042012819.999998,162925568.32,122483943.35,1052888104.79,1877489868.75,824601763.96,41876404.56999999,7573.37,8050.74,7613.18,5929.51,8263.95,10267.24,1372.24,575.26,,,,,,,机械设备,通用设备,磨具磨料,89.9,89.18,88.19
sh603032,德新交运,2022-08-12,90.65,91.2,86.65,87.03,89.89,1439100.0,127210149.0,13925496240.0,14563426140.0,162925568.32,122483943.35,1052888104.79,1877489868.75,824601763.96,41876404.56999999,4055.64,3539.58,3279.39,2812.89,5223.19,5807.32,162.8,561.22,,,,,,,机械设备,通用设备,磨具磨料,89.99,89.77,90.38
sh603032,德新交运,2022-08-15,87.72,95.73,86.97,95.73,87.03,2519606.0,235262741.0,15317565840.0,16019266740.000002,162925568.32,122483943.35,1052888104.79,1877489868.75,824601763.96,41876404.56999999,4807.43,6788.01,4154.3,4641.67,7553.47,8509.26,7011.07,3587.33,,,,,,,机械设备,通用设备,磨具磨料,87.36,88.8,90.38
sh603032,德新交运,2022-08-16,96.69,100.64,95.0,96.94,95.73,3247306.0,317286125.0,15511175520.0,16221745720.0,162925568.32,122483943.35,1052888104.79,1877489868.75,824601763.96,41876404.56999999,10209.42,11937.02,6835.88,5780.59,13581.64,11711.3,1101.67,2299.7,,,,,,,机械设备,通用设备,磨具磨料,95.1,98.22,96.95
sh603032,德新交运,2022-08-17,96.84,97.44,94.0,94.61,96.94,1356701.0,129068471.0,15138356880.0,15831848180.0,162925568.32,122483943.35,1052888104.79,1877489868.75,824601763.96,41876404.56999999,3966.03,3478.87,2439.96,1714.22,5580.73,6236.36,920.13,1477.4,,,,,,,机械设备,通用设备,磨具磨料,96.01,95.67,96.02
sh603032,德新交运,2022-08-18,94.36,100.0,93.98,96.33,94.61,1420620.0,137042545.0,15413570640.0,16119669540.0,162925568.32,122483943.35,1052888104.79,1877489868.75,824601763.96,41876404.56999999,4303.27,4537.62,3213.93,1989.33,5241.55,6347.84,945.51,829.47,,,,,,,机械设备,通用设备,磨具磨料,96.0,99.04,97.7
sh603032,德新交运,2022-08-19,96.98,99.5,94.02,94.8,96.33,2059800.0,198267247.0,15168758400.0,15863642400.0,162925568.32,122483943.35,1052888104.79,1877489868.75,824601763.96,41876404.56999999,6210.92,6071.15,5553.82,2505.1,6474.62,10542.05,1587.37,708.41,,,,,,,机械设备,通用设备,磨具磨料,95.11,97.82,99.2
sh603032,德新交运,2022-08-22,94.8,97.0,89.98,92.28,94.8,2986320.0,274560436.0,14765538240.0,15441950640.0,162925568.32,122483943.35,1052888104.79,1877489868.75,824601763.96,41876404.56999999,11169.35,10191.99,4160.74,4711.1,11166.98,11484.37,958.98,1068.58,,,,,,,机械设备,通用设备,磨具磨料,94.18,92.71,95.03
sh603032,德新交运,2022-08-23,91.04,95.47,90.12,94.08,92.28,1841024.0,171718551.0,15053552640.0,15743159040.000002,162925568.32,122483943.35,1052888104.79,1877489868.75,824601763.96,41876404.56999999,5285.47,5229.02,3170.26,2631.88,8253.65,7528.34,462.48,1782.61,,,,,,,机械设备,通用设备,磨具磨料,91.57,93.0,92.52
sh603032,德新交运,2022-08-24,93.39,94.8,87.41,89.66,94.08,2128786.0,191036024.0,14346317279.999998,15003525080.0,162925568.32,122483943.35,1052888104.79,1877489868.75,824601763.96,41876404.56999999,6446.25,6101.62,3691.58,4158.89,7970.5,8005.13,995.28,837.96,,,,,,,机械设备,通用设备,磨具磨料,93.5,92.45,92.2
sh603032,德新交运,2022-08-25,89.63,90.64,83.66,85.66,89.66,1927042.0,166449068.0,13706285280.0,14334173080.0,162925568.32,122483943.35,1052888104.79,1877489868.75,824601763.96,41876404.56999999,4593.82,5539.61,3154.04,2128.25,7644.96,7971.68,1252.08,1005.37,,,,,,,机械设备,通用设备,磨具磨料,89.73,88.26,88.1
sh603032,德新交运,2022-08-26,85.91,87.19,83.21,83.73,85.66,1726420.0,146430693.0,13397469840.0,14011210740.0,162925568.32,122483943.35,1052888104.79,1877489868.75,824601763.96,41876404.56999999,4272.4,5143.63,3108.2,1713.27,5507.47,5966.17,1754.99,1820.0,,,,,,,机械设备,通用设备,磨具磨料,85.88,84.65,85.71
sh603032,德新交运,2022-08-29,83.02,85.06,81.35,83.62,83.73,1373500.0,114415092.0,13379868960.0,13992803560.0,162925568.32,122483943.35,1052888104.79,1877489868.75,824601763.96,41876404.56999999,3053.55,3712.97,1344.83,1343.18,6674.12,6125.23,369.0,260.13,,,,,,,机械设备,通用设备,磨具磨料,83.27,82.57,84.1
sh603032,德新交运,2022-08-30,83.62,84.85,80.56,81.67,83.62,1361400.0,112114053.0,13067853359.999998,13666494460.0,162925568.32,122483943.35,1052888104.79,1877489868.75,824601763.96,41876404.56999999,3647.74,2819.0,2809.46,2315.8,4160.5,4770.47,593.71,1306.14,,,,,,,机械设备,通用设备,磨具磨料,82.01,83.3,83.84
sh603032,德新交运,2022-08-31,82.27,82.27,77.13,78.0,81.67,1923400.0,151596039.0,12480624000.0,13052364000.0,162925568.32,122483943.35,1052888104.79,1877489868.75,824601763.96,41876404.56999999,4205.89,4442.52,3247.3,1940.43,7075.85,8161.8,630.56,614.86,,,,,,,机械设备,通用设备,磨具磨料,80.81,80.76,79.38
sh603032,德新交运,2022-09-01,78.24,80.48,78.24,78.9,78.0,1210400.0,95852766.0,12624631200.000002,13202968200.0,162925568.32,122483943.35,1052888104.79,1877489868.75,824601763.96,41876404.56999999,2163.13,2350.62,1413.71,1430.93,5816.6,5264.0,191.83,539.73,,,,,,,机械设备,通用设备,磨具磨料,78.94,79.11,80.05
sh603032,德新交运,2022-09-02,80.13,86.79,80.13,82.25,78.9,3294900.0,278050340.0,13160658000.0,13763550500.0,162925568.32,122483943.35,1052888104.79,1877489868.75,824601763.96,41876404.56999999,7859.49,7928.82,5013.5,3358.32,6691.61,8668.28,8240.44,7849.61,,,,,,,机械设备,通用设备,磨具磨料,82.38,83.0,83.65
sh603032,德新交运,2022-09-05,81.0,82.87,78.8,80.67,82.25,2324434.0,187116106.0,12907845360.0,13499156460.0,162925568.32,122483943.35,1052888104.79,1877489868.75,824601763.96,41876404.56999999,6376.56,6633.5,3158.11,2722.54,8318.8,8703.64,858.13,651.93,,,,,,,机械设备,通用设备,磨具磨料,81.02,81.92,82.44
sh603032,德新交运,2022-09-06,80.73,83.9,79.5,82.42,80.67,1972448.0,161562041.0,13187859360.0,13791997960.0,162925568.32,122483943.35,1052888104.79,1877489868.75,824601763.96,41876404.56999999,5617.57,6555.01,2776.88,2598.11,7588.0,7003.08,173.76,0.0,,,,,,,机械设备,通用设备,磨具磨料,80.69,80.27,80.7
sh603032,德新交运,2022-09-07,81.2,87.0,81.05,86.32,82.42,1939194.0,164722598.0,13811890560.000002,14444616160.0,162925568.32,122483943.35,1052888104.79,1877489868.75,824601763.96,41876404.56999999,6378.45,6590.81,3771.76,3110.32,5880.5,6123.41,441.55,647.72,,,,,,,机械设备,通用设备,磨具磨料,82.8,84.0,84.4
sh603032,德新交运,2022-09-08,87.2,89.0,83.8,85.0,86.32,1833167.0,156819578.0,13600680000.0,14223730000.0,162925568.32,122483943.35,1052888104.79,1877489868.75,824601763.96,41876404.56999999,6603.37,6127.27,3732.59,3066.78,4564.62,5889.05,781.39,598.86,,,,,,,机械设备,通用设备,磨具磨料,86.8,86.21,84.71
sh603032,德新交运,2022-09-09,87.0,87.8,80.2,81.89,85.0,2896880.0,238480194.0,13103055120.000002,13772505870.0,162925568.32,122483943.35,1052888104.79,1877489868.75,824601763.96,41876404.56999999,9170.53,7998.13,6645.92,6290.5,7069.64,8970.71,961.93,588.68,,,,,,,机械设备,通用设备,磨具磨料,86.31,84.14,82.85
sh603032,德新交运,2022-09-13,81.37,82.5,79.5,81.25,81.89,1600600.0,129126006.0,13000650000.0,13664868750.0,162925568.32,122483943.35,1052888104.79,1877489868.75,824601763.96,41876404.56999999,4557.64,4096.4,3266.32,3470.36,4652.01,4754.41,436.63,591.43,,,,,,,机械设备,通用设备,磨具磨料,80.9,82.31,80.37
sh603032,德新交运,2022-09-14,80.0,81.24,78.67,80.5,81.25,1469687.0,117336199.0,12880644000.0,13538731500.0,162925568.32,122483943.35,1052888104.79,1877489868.75,824601763.96,41876404.56999999,4219.31,3154.34,1703.43,2054.2,5249.2,5633.98,561.68,891.11,,,,,,,机械设备,通用设备,磨具磨料,80.2,80.18,79.94
sh603032,德新交运,2022-09-15,81.2,81.2,74.39,76.61,80.5,2139858.0,164262884.0,12258212880.0,12884499630.0,162925568.32,122483943.35,1052888104.79,1877489868.75,824601763.96,41876404.56999999,6449.68,5601.77,2212.26,2326.63,7382.75,8013.25,381.6,484.64,,,,,,,机械设备,通用设备,磨具磨料,79.8,78.52,77.4
sh603032,德新交运,2022-09-16,77.2,77.38,73.7,73.7,76.61,1498886.0,112159995.0,11792589600.0,12395087100.0,162925568.32,122483943.35,1052888104.79,1877489868.75,824601763.96,41876404.56999999,3268.49,2919.95,1560.86,1652.2,5894.7,5178.8,491.95,1465.05,,,,,,,机械设备,通用设备,磨具磨料,76.08,74.91,76.07
sh603032,德新交运,2022-09-19,74.01,74.71,70.0,71.52,73.7,1981968.0,141675305.0,11443772160.0,12028448160.000002,162925568.32,122483943.35,1052888104.79,1877489868.75,824601763.96,41876404.56999999,4236.05,4130.18,3724.19,4816.71,5414.25,3859.65,793.04,1360.99,,,,,,,机械设备,通用设备,磨具磨料,73.65,71.15,72.0
sh603032,德新交运,2022-09-20,72.17,74.74,70.5,71.65,71.52,1858182.0,134113592.0,11464573200.0,12050311950.0,162925568.32,122483943.35,1052888104.79,1877489868.75,824601763.96,41876404.56999999,4276.19,3571.85,2504.76,2794.04,6542.49,6208.95,87.92,836.52,,,,,,,机械设备,通用设备,磨具磨料,72.63,71.76,73.42
sh603032,德新交运,2022-09-21,70.98,71.48,67.0,68.58,71.65,2481866.0,171405742.0,10973348640.0,11533990140.0,162925568.32,122483943.35,1052888104.79,1877489868.75,824601763.96,41876404.56999999,6221.21,5567.65,2766.47,4772.83,7731.11,5274.91,231.68,1335.07,,,,,,,机械设备,通用设备,磨具磨料,70.84,69.37,70.84
sh603032,德新交运,2022-09-22,68.58,71.99,66.6,68.95,68.58,2124422.0,147500506.0,11032551600.0,11596217850.0,162925568.32,122483943.35,1052888104.79,1877489868.75,824601763.96,41876404.56999999,4593.66,4954.32,2340.98,2997.5,7308.75,6677.85,506.66,120.38,,,,,,,机械设备,通用设备,磨具磨料,67.5,68.22,70.5
sh603032,德新交运,2022-09-23,69.3,69.53,64.88,65.58,68.95,1854420.0,123018015.0,10493324640.0,11029441140.0,162925568.32,122483943.35,1052888104.79,1877489868.75,824601763.96,41876404.56999999,4061.85,4285.34,2027.94,2336.84,6212.01,5282.7,0.0,396.93,,,,,,,机械设备,通用设备,磨具磨料,68.41,67.49,67.06
sh603032,德新交运,2022-09-26,65.57,68.47,63.01,67.83,65.58,2071700.0,139011413.0,10853342640.0,11407852890.000002,162925568.32,122483943.35,1052888104.79,1877489868.75,824601763.96,41876404.56999999,3852.75,4525.14,1100.36,2891.58,8026.2,5966.72,921.84,517.7,,,,,,,机械设备,通用设备,磨具磨料,64.71,66.5,66.84
sh603032,德新交运,2022-09-27,68.64,68.81,65.93,66.76,67.83,1151300.0,76823346.0,10682134080.0,11227897080.000002,162925568.32,122483943.35,1052888104.79,1877489868.75,824601763.96,41876404.56999999,2314.95,1737.99,1186.82,574.45,4180.57,5318.51,0.0,51.37,,,,,,,机械设备,通用设备,磨具磨料,67.53,67.63,67.0
sh603032,德新交运,2022-09-28,66.26,67.5,63.3,63.6,66.76,1116100.0,72245927.0,10176508800.0,10696438799.999998,162925568.32,122483943.35,1052888104.79,1877489868.75,824601763.96,41876404.56999999,1875.85,1927.11,1337.37,1217.42,4011.37,3457.42,0.0,622.64,,,,,,,机械设备,通用设备,磨具磨料,67.1,66.04,65.2
sh603032,德新交运,2022-09-29,64.18,64.76,62.9,63.08,63.6,758600.0,48203768.0,10093304640.0,10608983640.0,162925568.32,122483943.35,1052888104.79,1877489868.75,824601763.96,41876404.56999999,1388.32,1485.15,526.62,740.57,2905.44,2501.4,0.0,93.25,,,,,,,机械设备,通用设备,磨具磨料,63.61,63.8,63.37
sh603032,德新交运,2022-09-30,63.64,63.64,60.56,60.56,63.08,1090397.0,66995552.0,9690084480.0,10185162480.0,162925568.32,122483943.35,1052888104.79,1877489868.75,824601763.96,41876404.56999999,1876.66,1819.68,836.28,1282.19,3864.55,3092.22,122.06,505.46,,,,,,,机械设备,通用设备,磨具磨料,62.32,63.13,62.1
sh603032,德新交运,2022-10-10,60.6,62.84,58.0,58.85,60.56,2203435.0,132715552.0,9416470800.0,9897569550.0,162925568.32,122483943.35,1052888104.79,1877489868.75,824601763.96,41876404.56999999,3475.87,3712.77,1611.38,2035.66,6888.43,6750.22,1295.87,772.9,,,,,,,机械设备,通用设备,磨具磨料,62.02,62.38,61.51
sh603032,德新交运,2022-10-11,59.42,62.76,57.7,61.57,58.85,2566857.0,155630058.0,9851692560.0,10355027310.0,162925568.32,122483943.35,1052888104.79,1877489868.75,824601763.96,41876404.56999999,4490.85,5530.55,2733.7,1846.57,7899.58,7546.91,438.88,638.98,,,,,,,机械设备,通用设备,磨具磨料,59.41,59.33,59.98
sh603032,德新交运,2022-10-12,61.96,63.85,59.38,63.06,61.57,2152782.0,131474639.0,10090104480.0,10605619980.0,162925568.32,122483943.35,1052888104.79,1877489868.75,824601763.96,41876404.56999999,3730.17,2996.71,1967.62,1418.49,6481.95,8438.73,967.72,293.54,,,,,,,机械设备,通用设备,磨具磨料,60.46,60.01,59.51
sh603032,德新交运,2022-10-13,63.0,67.52,62.68,64.05,63.06,2628882.0,171011138.0,10248512400.0,10772121150.0,162925568.32,122483943.35,1052888104.79,1877489868.75,824601763.96,41876404.56999999,5865.32,5270.73,2799.96,1915.91,7986.93,9613.52,448.91,300.96,,,,,,,机械设备,通用设备,磨具磨料,65.81,66.16,66.8
sh603032,德新交运,2022-10-14,69.57,70.46,69.22,70.46,64.05,1335925.0,93850906.0,11274163680.0,11850174180.0,162925568.32,122483943.35,1052888104.79,1877489868.75,824601763.96,41876404.56999999,906.91,2150.26,1649.14,3214.47,270.36,1684.78,6558.68,2335.59,,,,,,,机械设备,通用设备,磨具磨料,70.46,70.46,70.46
sh603032,德新交运,2022-10-17,77.4,77.4,69.01,75.0,70.46,6029399.0,445718489.0,12000600000.0,12613725000.0,162925568.32,122483943.35,1052888104.79,1877489868.75,824601763.96,41876404.56999999,13825.51,15067.53,10403.09,7576.96,13075.26,17804.14,7267.98,4123.23,,,,,,,机械设备,通用设备,磨具磨料,76.04,74.07,74.5
sh603032,德新交运,2022-10-18,75.0,77.99,72.36,72.81,75.0,2866295.0,212680624.0,11650182480.0,12245404230.0,162925568.32,122483943.35,1052888104.79,1877489868.75,824601763.96,41876404.56999999,7775.57,7388.92,3834.51,3339.2,8830.9,9492.91,827.08,1047.02,,,,,,,机械设备,通用设备,磨具磨料,74.73,74.9,75.8
sh603032,德新交运,2022-10-19,71.8,76.38,71.5,73.55,72.81,2234908.0,166480292.0,11768588400.0,12369859650.0,162925568.32,122483943.35,1052888104.79,1877489868.75,824601763.96,41876404.56999999,5390.08,4794.38,3187.47,3917.23,6832.87,6173.61,1237.61,1762.81,,,,,,,机械设备,通用设备,磨具磨料,73.72,75.2,75.33
sh603032,德新交运,2022-10-20,74.5,74.5,70.41,73.32,73.55,1653361.0,119806127.0,11731786560.0,12331177560.0,162925568.32,122483943.35,1052888104.79,1877489868.75,824601763.96,41876404.56999999,3122.36,3061.99,1357.26,2095.64,7035.01,6188.85,465.98,634.13,,,,,,,机械设备,通用设备,磨具磨料,71.35,72.25,71.48
sh603032,德新交运,2022-10-21,80.0,80.55,75.51,77.31,73.32,2552000.0,197925297.0,12370218480.0,13002227730.0,162925568.32,122483943.35,1052888104.79,1877489868.75,824601763.96,41876404.56999999,5624.34,6371.76,5707.29,3820.89,7218.44,9328.62,1226.12,254.92,,,,,,,机械设备,通用设备,磨具磨料,77.03,77.0,76.29
sh603032,德新交运,2022-10-24,77.47,77.47,74.2,75.0,77.31,1624540.0,122819189.0,12000600000.0,12613725000.0,162925568.32,122483943.35,1052888104.79,1877489868.75,824601763.96,41876404.56999999,4835.8,3955.87,1447.32,2165.87,5612.62,5681.64,386.18,478.54,,,,,,,机械设备,通用设备,磨具磨料,75.86,74.71,76.0
sh603032,德新交运,2022-10-25,75.98,75.98,71.77,74.72,75.0,1544201.0,113557367.0,11955797760.0,12566633760.0,162925568.32,122483943.35,1052888104.79,1877489868.75,824601763.96,41876404.56999999,2976.4,3862.92,1874.16,2148.49,6505.18,5081.79,0.0,262.54,,,,,,,机械设备,通用设备,磨具磨料,73.3,73.8,73.61
sh603032,德新交运,2022-10-26,74.47,78.0,74.0,75.32,74.72,1256157.0,95461420.0,12051802560.0,12667543560.0,162925568.32,122483943.35,1052888104.79,1877489868.75,824601763.96,41876404.56999999,3702.89,2974.41,863.15,1548.25,4723.74,4813.65,256.36,209.83,,,,,,,机械设备,通用设备,磨具磨料,75.23,74.75,75.37
sh603032,德新交运,2022-10-27,75.5,78.0,74.8,76.44,75.32,1816000.0,139451328.0,12231011520.0,12855908520.0,162925568.32,122483943.35,1052888104.79,1877489868.75,824601763.96,41876404.56999999,5242.5,4858.95,2021.28,2443.92,5960.94,5762.7,720.42,879.57,,,,,,,机械设备,通用设备,磨具磨料,75.45,75.43,75.91
sh603032,德新交运,2022-10-28,76.46,76.46,69.2,71.0,76.44,2914711.0,208400744.0,11360568000.0,11940993000.0,162925568.32,122483943.35,1052888104.79,1877489868.75,824601763.96,41876404.56999999,7254.16,6574.29,4583.6,5455.46,8383.81,6566.51,618.51,2243.81,,,,,,,机械设备,通用设备,磨具磨料,74.0,74.42,74.47
sh603032,德新交运,2022-10-31,69.71,72.0,68.08,68.99,71.0,1981301.0,137541311.0,11038951920.0,11602945170.0,162925568.32,122483943.35,1052888104.79,1877489868.75,824601763.96,41876404.56999999,3852.71,4117.56,2322.65,1576.95,6799.39,7006.99,779.38,1052.64,,,,,,,机械设备,通用设备,磨具磨料,70.98,70.58,70.26
sh603032,德新交运,2022-11-01,68.68,74.18,67.5,73.8,68.99,2199100.0,157252741.0,11808590400.0,12411905400.0,162925568.32,122483943.35,1052888104.79,1877489868.75,824601763.96,41876404.56999999,5257.12,4528.9,3637.0,2343.87,5688.46,8127.15,1142.69,725.35,,,,,,,机械设备,通用设备,磨具磨料,69.65,70.1,70.19
sh603032,德新交运,2022-11-02,73.37,73.96,71.09,72.56,73.8,1661350.0,120988712.0,11610180480.0,12203358480.0,162925568.32,122483943.35,1052888104.79,1877489868.75,824601763.96,41876404.56999999,5212.34,3526.28,1619.22,2327.13,5267.32,5821.58,0.0,423.88,,,,,,,机械设备,通用设备,磨具磨料,72.31,71.83,72.3
sh603032,德新交运,2022-11-03,73.29,78.15,71.25,76.82,72.56,2190650.0,165951479.0,12291814560.0,12919818060.000002,162925568.32,122483943.35,1052888104.79,1877489868.75,824601763.96,41876404.56999999,4108.08,5227.17,2290.37,2490.85,8208.5,8459.01,1988.19,418.12,,,,,,,机械设备,通用设备,磨具磨料,71.89,72.94,73.05
sh603032,德新交运,2022-11-04,76.33,83.36,76.26,80.09,76.82,3103793.0,249871570.0,12815040720.0,13469776470.000002,162925568.32,122483943.35,1052888104.79,1877489868.75,824601763.96,41876404.56999999,8946.9,10404.39,5780.94,3713.98,8860.18,10263.93,1399.13,604.85,,,,,,,机械设备,通用设备,磨具磨料,77.01,77.03,79.31
sh603032,德新交运,2022-11-07,84.15,85.81,82.28,84.92,80.09,2793773.0,235607915.0,13587879360.0,14282100360.0,162925568.32,122483943.35,1052888104.79,1877489868.75,824601763.96,41876404.56999999,8517.27,8543.77,5321.01,5561.48,7646.62,8814.79,2075.89,640.76,,,,,,,机械设备,通用设备,磨具磨料,84.0,84.0,83.99
sh603032,德新交运,2022-11-08,84.92,86.14,81.77,83.0,84.92,1913284.0,158182456.0,13280664000.0,13959189000.0,162925568.32,122483943.35,1052888104.79,1877489868.75,824601763.96,41876404.56999999,5002.14,3824.33,2724.18,6561.89,7076.81,4463.93,1015.12,968.1,,,,,,,机械设备,通用设备,磨具磨料,84.2,82.68,81.81
sh603032,德新交运,2022-11-09,84.0,84.0,81.0,81.71,83.0,736100.0,60223408.0,13074253680.0,13742232930.0,162925568.32,122483943.35,1052888104.79,1877489868.75,824601763.96,41876404.56999999,11730.67,12423.96,4402.58,3521.47,20119.33,20725.58,984.25,565.82,,,,,,,机械设备,通用设备,磨具磨料,82.63,82.13,81.41
sh603032,德新交运,2022-11-10,81.78,82.1,77.6,77.95,81.71,1463450.0,115764194.0,12472623600.000002,13109864850.000002,162925568.32,122483943.35,1052888104.79,1877489868.75,824601763.96,41876404.56999999,4084.39,3520.22,1160.04,1155.4,6331.99,6657.97,0.0,242.82,,,,,,,机械设备,通用设备,磨具磨料,81.69,80.84,81.25
sh603032,德新交运,2022-11-11,80.0,80.86,78.18,79.77,77.95,1144220.0,90926576.0,12763838160.000002,13415957910.0,162925568.32,122483943.35,1052888104.79,1877489868.75,824601763.96,41876404.56999999,2231.68,2653.54,1299.18,1629.21,4358.6,4517.49,1203.2,292.42,,,,,,,机械设备,通用设备,磨具磨料,79.39,79.14,78.89
sh603032,德新交运,2022-11-14,79.39,79.77,75.38,77.0,79.77,1145600.0,88414765.0,12320616000.0,12950091000.0,162925568.32,122483943.35,1052888104.79,1877489868.75,824601763.96,41876404.56999999,2591.93,2839.28,1903.35,759.07,4175.68,5104.79,170.51,138.33,,,,,,,机械设备,通用设备,磨具磨料,79.39,78.87,77.63
sh603032,德新科技,2022-11-15,77.65,78.6,75.11,78.6,77.0,1321299.0,101351678.0,12576628799.999998,13219183799.999998,162925568.32,122483943.35,1052888104.79,1877489868.75,824601763.96,41876404.56999999,2745.19,3188.64,1808.27,817.1,5214.58,5762.5,367.13,366.93,,,,,,,机械设备,通用设备,磨具磨料,75.31,75.43,75.6
sh603032,德新科技,2022-11-16,77.9,78.2,75.8,76.33,78.6,731900.0,56086621.0,12213410640.0,12837408390.0,162925568.32,122483943.35,1052888104.79,1877489868.75,824601763.96,41876404.56999999,1451.9,1253.7,721.73,1055.22,3435.03,3159.8,0.0,139.93,,,,,,,机械设备,通用设备,磨具磨料,77.28,77.21,76.98
sh603032,德新科技,2022-11-17,75.8,75.98,73.1,74.25,76.33,1318617.0,97441194.0,11880594000.0,12487587750.0,162925568.32,122483943.35,1052888104.79,1877489868.75,824601763.96,41876404.56999999,2591.93,3397.98,1972.22,1884.5,4609.28,4108.09,570.69,353.55,,,,,,,机械设备,通用设备,磨具磨料,74.81,74.09,73.7
sh603032,德新科技,2022-11-18,74.09,77.44,73.6,76.0,74.25,1341572.0,102341861.0,12160608000.0,12781908000.0,162925568.32,122483943.35,1052888104.79,1877489868.75,824601763.96,41876404.56999999,3679.03,2975.87,1689.15,1452.23,4779.36,5736.75,86.65,69.35,,,,,,,机械设备,通用设备,磨具磨料,74.33,76.03,76.32
sh603032,德新科技,2022-11-21,75.23,78.6,74.26,78.23,76.0,1214740.0,93897146.0,12517425840.0,13156956090.0,162925568.32,122483943.35,1052888104.79,1877489868.75,824601763.96,41876404.56999999,2724.73,2932.82,2467.18,1870.43,3153.32,4207.69,1044.48,378.77,,,,,,,机械设备,通用设备,磨具磨料,75.48,74.9,74.8
sh603032,德新科技,2022-11-22,78.2,78.22,75.33,76.1,78.23,568986.0,43374894.0,12176608799.999998,12798726299.999998,162925568.32,122483943.35,1052888104.79,1877489868.75,824601763.96,41876404.56999999,1210.29,1133.31,1009.7,374.86,2001.98,2829.31,115.52,0.0,,,,,,,机械设备,通用设备,磨具磨料,76.62,76.5,76.56
sh603032,德新科技,2022-11-23,76.1,77.78,74.39,76.79,76.1,847012.0,64460502.0,12287014320.0,12914772570.0,162925568.32,122483943.35,1052888104.79,1877489868.75,824601763.96,41876404.56999999,2138.44,1861.55,799.42,994.9,3508.2,3474.87,0.0,114.73,,,,,,,机械设备,通用设备,磨具磨料,74.48,75.0,75.6
sh603032,德新科技,2022-11-24,76.79,78.48,75.78,76.95,76.79,623420.0,48124877.0,12312615600.0,12941681850.0,162925568.32,122483943.35,1052888104.79,1877489868.75,824601763.96,41876404.56999999,1677.04,1692.74,499.25,629.78,2531.71,2334.82,104.49,155.14,,,,,,,机械设备,通用设备,磨具磨料,76.78,76.11,76.47
sh603032,德新科技,2022-11-25,76.3,78.38,74.73,76.81,76.95,724642.0,55794447.0,12290214480.0,12918136230.0,162925568.32,122483943.35,1052888104.79,1877489868.75,824601763.96,41876404.56999999,1595.62,1847.41,1609.98,622.72,2021.11,2825.38,352.73,283.93,,,,,,,机械设备,通用设备,磨具磨料,75.48,75.53,76.03
sh603032,德新科技,2022-11-28,74.31,76.5,73.54,76.2,76.81,838697.0,62846518.0,12192609600.0,12815544600.0,162925568.32,122483943.35,1052888104.79,1877489868.75,824601763.96,41876404.56999999,1807.69,1585.34,522.9,643.51,3954.06,3859.42,0.0,196.38,,,,,,,机械设备,通用设备,磨具磨料,75.35,74.04,73.82
sh603032,德新科技,2022-11-29,76.9,79.78,76.9,78.94,76.2,1296146.0,101974821.0,12631031520.0,13276366020.0,162925568.32,122483943.35,1052888104.79,1877489868.75,824601763.96,41876404.56999999,3046.59,3220.78,1871.61,2557.59,4241.18,3996.67,1038.1,422.43,,,,,,,机械设备,通用设备,磨具磨料,77.82,78.3,78.07
sh603032,德新科技,2022-11-30,78.28,80.69,76.08,78.0,78.94,815598.0,63711735.0,12480624000.0,13118274000.0,162925568.32,122483943.35,1052888104.79,1877489868.75,824601763.96,41876404.56999999,2473.72,1880.55,1155.94,908.88,2731.91,3537.28,9.6,44.47,,,,,,,机械设备,通用设备,磨具磨料,76.98,77.39,77.34
sh603032,德新科技,2022-12-01,77.8,81.5,77.8,81.28,78.0,1255300.0,100692112.0,13005450240.0,13669914240.000002,162925568.32,122483943.35,1052888104.79,1877489868.75,824601763.96,41876404.56999999,3639.75,3511.15,2014.12,1616.12,3518.26,3329.64,897.08,1612.3,,,,,,,机械设备,通用设备,磨具磨料,78.39,78.5,78.7
sh603032,德新科技,2022-12-02,81.18,84.88,79.85,83.33,81.28,1497672.0,124283269.0,13333466640.000002,14014689390.0,162925568.32,122483943.35,1052888104.79,1877489868.75,824601763.96,41876404.56999999,7218.52,5524.72,1351.81,2280.01,3857.99,4322.65,0.0,300.94,,,,,,,机械设备,通用设备,磨具磨料,81.05,80.86,81.9
sh603032,德新科技,2022-12-05,83.33,85.34,79.18,79.9,83.33,1621754.0,132724212.0,12784639200.0,13437821700.0,162925568.32,122483943.35,1052888104.79,1877489868.75,824601763.96,41876404.56999999,5506.32,5693.54,2517.13,2295.44,4004.34,4523.43,1244.63,760.01,,,,,,,机械设备,通用设备,磨具磨料,82.1,83.0,82.74
sh603032,德新科技,2022-12-06,79.9,82.3,76.8,81.76,79.9,2319070.0,182498769.0,13082254080.0,13750642080.000002,162925568.32,122483943.35,1052888104.79,1877489868.75,824601763.96,41876404.56999999,7501.94,7537.03,2927.63,1903.26,7695.6,8592.63,25.41,117.66,,,,,,,机械设备,通用设备,磨具磨料,78.03,77.97,77.4
sh603032,德新科技,2022-12-07,80.98,85.66,80.06,84.08,81.76,1554800.0,130531886.0,13453472640.0,14140826640.000002,162925568.32,122483943.35,1052888104.79,1877489868.75,824601763.96,41876404.56999999,5440.82,5390.31,2082.83,3275.7,5449.74,4339.57,79.81,47.6,,,,,,,机械设备,通用设备,磨具磨料,81.48,82.3,83.46
sh603032,德新科技,2022-12-08,84.1,88.0,83.38,87.0,84.08,2170100.0,187657494.0,13920696000.0,14631921000.0,162925568.32,122483943.35,1052888104.79,1877489868.75,824601763.96,41876404.56999999,7128.12,9028.46,2826.62,2634.05,8307.06,6584.61,503.95,518.63,,,,,,,机械设备,通用设备,磨具磨料,84.75,84.0,85.74
sh603032,德新科技,2022-12-09,86.88,88.13,84.28,86.6,87.0,1904374.0,162943182.0,13856692800.0,14564647800.0,162925568.32,122483943.35,1052888104.79,1877489868.75,824601763.96,41876404.56999999,5639.5,7290.3,1904.71,1451.03,7574.5,7268.08,1175.6,284.91,,,,,,,机械设备,通用设备,磨具磨料,86.88,87.59,86.09
sh603032,德新科技,2022-12-12,86.0,87.31,82.21,84.86,86.6,1480476.0,126793295.0,13578278880.0,14272009380.0,162925568.32,122483943.35,1052888104.79,1877489868.75,824601763.96,41876404.56999999,5517.48,6207.66,1139.89,614.26,5571.11,5857.4,450.86,0.0,,,,Y,,,机械设备,通用设备,磨具磨料,84.9,84.86,86.1
sh603032,德新科技,2022-12-13,85.29,85.79,82.88,84.55,84.86,480278.0,40523115.0,13528676399.999998,14219872649.999998,162925568.32,122483943.35,1052888104.79,1877489868.75,824601763.96,41876404.56999999,864.83,1395.89,675.75,512.75,2511.73,2143.67,0.0,0.0,,,,Y,,,机械设备,通用设备,磨具磨料,84.3,84.55,84.3
sh603032,德新科技,2022-12-14,83.56,85.28,83.32,85.12,84.55,511324.0,43384745.0,13619880959.999998,14315736960.0,162925568.32,122483943.35,1052888104.79,1877489868.75,824601763.96,41876404.56999999,1505.62,1756.06,486.98,576.31,2345.87,2006.1,0.0,0.0,,,,Y,,,机械设备,通用设备,磨具磨料,83.76,84.69,85.0
sh603032,德新科技,2022-12-15,85.11,86.7,84.03,85.43,85.12,814203.0,69537154.0,13669483440.0,14367873690.0,162925568.32,122483943.35,1052888104.79,1877489868.75,824601763.96,41876404.56999999,3194.58,3325.17,1008.57,575.81,2750.56,2942.18,0.0,110.56,,,,Y,,,机械设备,通用设备,磨具磨料,84.78,84.98,84.42
sh603032,德新科技,2022-12-16,85.43,85.43,83.51,84.32,85.43,602093.0,50731767.0,13491874560.0,14181190560.000002,162925568.32,122483943.35,1052888104.79,1877489868.75,824601763.96,41876404.56999999,1464.74,1382.92,709.99,896.28,2894.25,2548.93,4.2,245.05,,,,Y,,,机械设备,通用设备,磨具磨料,84.1,84.33,84.59
sh603032,德新科技,2022-12-19,84.0,86.68,83.73,84.38,84.32,575247.0,49040065.0,13501475040.0,14191281540.000002,162925568.32,122483943.35,1052888104.79,1877489868.75,824601763.96,41876404.56999999,1488.83,1491.32,561.11,652.24,2854.06,2760.44,0.0,0.0,,,,Y,,,机械设备,通用设备,磨具磨料,85.24,85.26,85.69
sh603032,德新科技,2022-12-20,84.0,85.29,82.51,82.86,84.38,520493.0,43483738.0,13258262880.0,13935643380.0,162925568.32,122483943.35,1052888104.79,1877489868.75,824601763.96,41876404.56999999,1413.36,1266.76,662.83,1148.81,2272.19,1932.79,0.0,0.0,,,,Y,,,机械设备,通用设备,磨具磨料,83.93,84.66,83.88
sh603032,德新科技,2022-12-21,82.85,84.92,81.01,84.36,82.86,922320.0,76787685.0,13498274879.999998,14187917880.0,162925568.32,122483943.35,1052888104.79,1877489868.75,824601763.96,41876404.56999999,2812.6,2645.41,917.07,801.74,3937.31,4231.62,11.79,0.0,,,,Y,,,机械设备,通用设备,磨具磨料,81.73,81.11,81.97
sh603032,德新科技,2022-12-22,84.89,85.1,81.23,81.98,84.36,465409.0,38339015.0,13117455840.0,13787642340.0,162925568.32,122483943.35,1052888104.79,1877489868.75,824601763.96,41876404.56999999,1114.79,692.59,204.91,198.35,2514.2,2816.58,0.0,126.38,,,,Y,,,机械设备,通用设备,磨具磨料,83.07,82.5,83.5
sh603032,德新科技,2022-12-23,80.0,80.75,78.5,79.68,81.98,638900.0,50669957.0,12749437440.0,13400821440.0,162925568.32,122483943.35,1052888104.79,1877489868.75,824601763.96,41876404.56999999,1212.25,1086.0,520.99,620.95,3333.75,3360.05,0.0,0.0,,,,Y,,,机械设备,通用设备,磨具磨料,79.89,79.31,78.78
sh603032,德新科技,2022-12-26,80.18,85.81,79.99,83.69,79.68,901853.0,75926203.0,13391069520.0,14075235270.0,162925568.32,122483943.35,1052888104.79,1877489868.75,824601763.96,41876404.56999999,2951.34,2355.74,879.81,1584.7,3761.47,3206.25,0.0,445.93,,,,Y,,,机械设备,通用设备,磨具磨料,81.11,82.5,83.24
sh603032,德新科技,2022-12-27,83.9,86.36,83.8,84.72,83.69,1081186.0,92240122.0,13555877760.0,14248463760.0,162925568.32,122483943.35,1052888104.79,1877489868.75,824601763.96,41876404.56999999,4524.55,3398.76,960.97,1253.5,3446.95,4470.07,291.55,101.69,,,,Y,,,机械设备,通用设备,磨具磨料,85.39,85.33,84.13
sh603032,德新科技,2022-12-28,85.12,85.3,81.79,83.12,84.72,660600.0,54916915.0,13299864960.0,13979370959.999998,162925568.32,122483943.35,1052888104.79,1877489868.75,824601763.96,41876404.56999999,1872.14,2370.56,414.12,346.23,3205.44,2774.9,0.0,0.0,,,,Y,,,机械设备,通用设备,磨具磨料,84.82,85.19,84.53
sh603032,德新科技,2022-12-29,83.2,86.22,81.46,85.81,83.12,1028893.0,86635888.0,13730286480.0,14431783230.0,162925568.32,122483943.35,1052888104.79,1877489868.75,824601763.96,41876404.56999999,2498.27,3063.29,2704.6,822.28,2961.02,4655.05,499.7,122.98,,,,Y,,,机械设备,通用设备,磨具磨料,83.2,82.51,82.24
sh603032,德新科技,2022-12-30,85.81,88.4,83.8,87.76,85.81,1101900.0,95576954.0,14042302080.000002,14759740080.0,162925568.32,122483943.35,1052888104.79,1877489868.75,824601763.96,41876404.56999999,4084.8,3152.87,1946.68,1862.32,3027.09,4180.55,499.12,361.95,,,,Y,,,机械设备,通用设备,磨具磨料,85.81,86.1,84.73
sh603032,德新科技,2023-01-03,87.76,87.92,85.46,86.86,87.76,626115.0,54487823.0,13898294879.999998,14608375380.0,162925568.32,122483943.35,1052888104.79,1877489868.75,824601763.96,41876404.56999999,2179.65,1742.82,361.61,440.78,2907.52,3265.18,0.0,0.0,,,,Y,,,机械设备,通用设备,磨具磨料,86.93,86.55,86.35
sh603032,德新科技,2023-01-04,87.36,90.82,85.98,86.5,86.86,1073395.0,93987740.0,13840692000.0,14547829500.0,162925568.32,122483943.35,1052888104.79,1877489868.75,824601763.96,41876404.56999999,3679.63,2931.36,1854.77,2678.75,3794.25,3788.67,70.12,0.0,,,,Y,,,机械设备,通用设备,磨具磨料,86.68,87.5,88.33
sh603032,德新科技,2023-01-05,86.5,90.66,85.15,88.86,86.5,1297215.0,114904592.0,14218310880.0,14944741380.0,162925568.32,122483943.35,1052888104.79,1877489868.75,824601763.96,41876404.56999999,4973.43,3874.59,1875.63,2807.06,3974.21,4028.44,667.19,780.37,,,,Y,,,机械设备,通用设备,磨具磨料,85.5,85.79,86.0
sh603032,德新科技,2023-01-06,88.86,90.12,87.65,88.31,88.86,818993.0,72831692.0,14130306480.0,14852240730.0,162925568.32,122483943.35,1052888104.79,1877489868.75,824601763.96,41876404.56999999,3206.9,2256.8,1383.47,2033.11,2658.56,2658.12,34.24,335.13,,,,Y,,,机械设备,通用设备,磨具磨料,89.33,89.48,89.35
sh603032,德新科技,2023-01-09,88.31,90.4,87.04,88.3,88.31,563600.0,49757976.0,14128706399.999998,14850558899.999998,162925568.32,122483943.35,1052888104.79,1877489868.75,824601763.96,41876404.56999999,1600.2,1672.93,1117.33,679.77,2258.26,2431.97,0.0,191.13,,,,Y,,,机械设备,通用设备,磨具磨料,88.0,87.04,89.31
sh603032,德新科技,2023-01-10,87.15,89.72,86.8,89.02,88.3,720560.0,64006136.0,14243912160.0,14971650660.000002,162925568.32,122483943.35,1052888104.79,1877489868.75,824601763.96,41876404.56999999,2446.49,2302.46,1090.3,534.49,2408.22,3234.38,455.61,329.28,,,,Y,,,机械设备,通用设备,磨具磨料,87.5,87.81,87.55
sh603032,德新科技,2023-01-11,88.8,89.89,88.01,88.48,89.02,592679.0,52603691.0,14157507840.0,14880831839.999998,162925568.32,122483943.35,1052888104.79,1877489868.75,824601763.96,41876404.56999999,1525.62,954.34,312.63,395.2,3422.13,3910.83,0.0,0.0,,,,Y,,,机械设备,通用设备,磨具磨料,88.85,88.74,88.4
sh603032,德新科技,2023-01-12,88.96,90.85,87.86,90.04,88.48,602393.0,54059181.0,14407120319.999998,15143197320.0,162925568.32,122483943.35,1052888104.79,1877489868.75,824601763.96,41876404.56999999,1756.99,2327.67,1132.32,636.6,2516.6,2441.65,0.0,0.0,,,,Y,,,机械设备,通用设备,磨具磨料,88.75,87.86,88.76
sh603032,德新科技,2023-01-13,89.32,90.98,88.66,90.25,90.04,549591.0,49384526.0,14440722000.0,15178515750.0,162925568.32,122483943.35,1052888104.79,1877489868.75,824601763.96,41876404.56999999,1458.42,1679.3,198.54,616.57,3281.5,2535.79,0.0,106.79,,,,Y,,,机械设备,通用设备,磨具磨料,89.51,89.0,89.41
sh603032,德新科技,2023-01-16,90.0,90.23,86.2,86.59,90.25,1456529.0,127117570.0,13855092720.000002,14562965970.0,162925568.32,122483943.35,1052888104.79,1877489868.75,824601763.96,41876404.56999999,4224.25,4762.28,1499.4,2279.77,6862.17,5196.68,125.94,473.03,,,,Y,,,机械设备,通用设备,磨具磨料,87.0,86.98,86.75
sh603032,德新科技,2023-01-17,86.44,87.58,86.02,87.25,86.59,450388.0,39209724.0,13960698000.0,14673966750.0,162925568.32,122483943.35,1052888104.79,1877489868.75,824601763.96,41876404.56999999,1040.68,1077.5,343.05,307.2,2537.23,2536.27,0.0,0.0,,,,Y,,,机械设备,通用设备,磨具磨料,87.05,86.68,86.46
sh603032,德新科技,2023-01-18,88.18,88.18,85.98,86.28,87.25,373630.0,32426713.0,13805490240.0,14510829240.000002,162925568.32,122483943.35,1052888104.79,1877489868.75,824601763.96,41876404.56999999,1251.54,1043.35,206.36,316.03,1784.77,1538.92,0.0,344.38,,,,Y,,,机械设备,通用设备,磨具磨料,87.12,87.72,87.42
sh603032,德新科技,2023-01-19,86.88,87.01,83.0,84.7,86.28,1150104.0,97098604.0,13552677600.0,14245100100.0,162925568.32,122483943.35,1052888104.79,1877489868.75,824601763.96,41876404.56999999,3700.79,3073.13,1573.06,1789.38,3550.47,3053.24,885.55,1794.12,,,,Y,,,机械设备,通用设备,磨具磨料,86.11,85.33,84.24
sh603032,德新科技,2023-01-20,83.69,86.29,83.62,85.62,84.7,699342.0,59618833.0,13699884960.0,14399828459.999998,162925568.32,122483943.35,1052888104.79,1877489868.75,824601763.96,41876404.56999999,2385.0,2405.49,251.83,122.52,3325.05,3433.88,0.0,0.0,,,,Y,,,机械设备,通用设备,磨具磨料,85.33,85.15,84.64
sh603032,德新科技,2023-01-30,86.11,89.89,86.11,87.35,85.62,530984.0,46784276.0,13976698799.999998,14690785049.999998,162925568.32,122483943.35,1052888104.79,1877489868.75,824601763.96,41876404.56999999,1580.83,1435.92,625.7,641.38,2278.84,2278.04,193.06,323.08,,,,Y,,,机械设备,通用设备,磨具磨料,88.45,89.2,89.18
sh603032,德新科技,2023-01-31,86.26,87.65,83.7,85.33,87.35,959821.0,81904267.0,13653482640.0,14351055390.000002,162925568.32,122483943.35,1052888104.79,1877489868.75,824601763.96,41876404.56999999,2945.67,2682.23,1151.84,974.26,3640.29,4533.94,452.62,0.0,,,,Y,,,机械设备,通用设备,磨具磨料,87.03,86.69,86.04
sh603032,德新科技,2023-02-01,85.38,88.18,83.61,87.7,85.33,812921.0,70168766.0,14032701600.0,14749649100.0,162925568.32,122483943.35,1052888104.79,1877489868.75,824601763.96,41876404.56999999,2778.51,2473.34,987.52,568.66,3250.85,3558.28,0.0,416.59,,,,Y,,,机械设备,通用设备,磨具磨料,84.36,84.42,84.87
sh603032,德新科技,2023-02-02,87.5,89.11,85.0,85.8,87.7,998906.0,86593966.0,13728686399.999998,14430101399.999998,162925568.32,122483943.35,1052888104.79,1877489868.75,824601763.96,41876404.56999999,3731.84,2910.02,645.84,1872.14,3561.51,3396.65,568.83,329.21,,,,Y,,,机械设备,通用设备,磨具磨料,87.52,88.36,88.19
sh603032,德新科技,2023-02-03,85.7,85.7,84.06,84.56,85.8,391415.0,33098495.0,13530276480.0,14221554480.0,162925568.32,122483943.35,1052888104.79,1877489868.75,824601763.96,41876404.56999999,1156.75,973.8,364.02,489.27,1789.08,1846.78,0.0,0.0,,,,Y,,,机械设备,通用设备,磨具磨料,84.73,85.05,84.45
sh603032,德新科技,2023-02-06,83.88,85.0,81.4,82.12,84.56,1378593.0,113580499.0,13139856960.0,13811187960.0,162925568.32,122483943.35,1052888104.79,1877489868.75,824601763.96,41876404.56999999,3970.83,3983.09,2256.96,2130.1,4980.1,4374.85,150.15,870.0,,,,Y,,,机械设备,通用设备,磨具磨料,83.86,83.39,83.18
sh603032,德新科技,2023-02-07,81.53,82.49,79.6,81.54,82.12,1128129.0,90920317.0,13047052320.0,13713641820.0,162925568.32,122483943.35,1052888104.79,1877489868.75,824601763.96,41876404.56999999,3188.69,3146.81,1330.24,1449.18,4494.04,4392.84,79.06,103.21,,,,Y,,,机械设备,通用设备,磨具磨料,82.0,81.41,80.69
sh603032,德新科技,2023-02-08,81.53,81.53,78.76,79.5,81.54,1247136.0,99309435.0,12720636000.0,13370548500.0,162925568.32,122483943.35,1052888104.79,1877489868.75,824601763.96,41876404.56999999,2863.15,2227.22,1622.63,1294.83,5124.96,6061.36,320.2,347.54,,,,Y,,,机械设备,通用设备,磨具磨料,80.9,80.24,80.09
sh603032,德新科技,2023-02-09,79.5,80.19,78.25,79.56,79.5,1090200.0,86437196.0,12730236480.0,13380639480.0,162925568.32,122483943.35,1052888104.79,1877489868.75,824601763.96,41876404.56999999,2190.51,1744.71,1035.51,815.76,4939.75,5797.89,477.95,285.36,,,,Y,,,机械设备,通用设备,磨具磨料,79.06,79.16,79.49
sh603032,德新科技,2023-02-10,79.5,80.88,79.0,79.43,79.56,875142.0,69811509.0,12709435440.0,13358775689.999998,162925568.32,122483943.35,1052888104.79,1877489868.75,824601763.96,41876404.56999999,1906.8,2628.39,1758.09,665.05,3309.86,3539.31,6.4,148.4,,,,Y,,,机械设备,通用设备,磨具磨料,79.23,79.35,80.37
sh603032,德新科技,2023-02-13,82.5,87.37,80.5,87.37,79.43,1974632.0,169525906.0,13979898960.0,14694148710.0,162925568.32,122483943.35,1052888104.79,1877489868.75,824601763.96,41876404.56999999,4935.06,6132.74,1882.98,3330.32,4229.33,5349.83,5905.22,2139.7,,,,Y,,,机械设备,通用设备,磨具磨料,84.56,86.42,87.0
sh603032,德新科技,2023-02-14,87.74,89.5,83.58,86.03,87.37,2887563.0,246589209.0,13765488240.0,14468783490.0,162925568.32,122483943.35,1052888104.79,1877489868.75,824601763.96,41876404.56999999,8959.56,9527.29,3690.48,3892.69,10705.26,9256.41,1303.62,1982.54,,,,Y,,,机械设备,通用设备,磨具磨料,86.33,85.59,84.69
sh603032,德新科技,2023-02-15,86.43,86.5,84.51,85.27,86.03,836060.0,71303522.0,13643882160.0,14340964410.000002,162925568.32,122483943.35,1052888104.79,1877489868.75,824601763.96,41876404.56999999,2102.77,2391.52,986.25,688.46,4041.33,4022.83,0.0,27.55,,,,Y,,,机械设备,通用设备,磨具磨料,86.0,85.4,85.62
sh603032,德新科技,2023-02-16,84.69,85.27,81.5,81.79,85.27,1010914.0,83996639.0,13087054320.0,13755687570.0,162925568.32,122483943.35,1052888104.79,1877489868.75,824601763.96,41876404.56999999,3274.21,2719.29,830.4,592.24,4295.06,5088.13,0.0,0.0,,,,Y,,,机械设备,通用设备,磨具磨料,85.01,84.53,83.8
sh603032,德新科技,2023-02-17,81.9,82.53,80.11,80.27,81.79,596150.0,48100402.0,12843842160.0,13500049410.000002,162925568.32,122483943.35,1052888104.79,1877489868.75,824601763.96,41876404.56999999,1972.85,1257.34,341.19,529.74,2385.45,2713.82,110.56,309.14,,,,Y,,,机械设备,通用设备,磨具磨料,81.62,81.3,81.26
sh603032,德新科技,2023-02-20,80.0,80.29,78.47,78.99,80.27,968791.0,76467186.0,12639031920.0,13284775170.0,162925568.32,122483943.35,1052888104.79,1877489868.75,824601763.96,41876404.56999999,2505.01,1125.43,575.27,427.79,4464.26,6093.5,102.18,0.0,,,,Y,,,机械设备,通用设备,磨具磨料,79.2,79.59,79.76
sh603032,德新科技,2023-02-21,79.0,79.3,77.69,78.53,78.99,856205.0,66968780.0,12565428240.0,13207410990.0,162925568.32,122483943.35,1052888104.79,1877489868.75,824601763.96,41876404.56999999,1815.87,1629.29,635.21,444.83,4086.89,4622.76,158.91,0.0,,,,Y,,,机械设备,通用设备,磨具磨料,78.14,78.8,78.35
sh603032,德新科技,2023-02-22,78.38,78.51,77.01,77.43,78.53,901105.0,69758143.0,12389419439.999998,13022409690.0,162925568.32,122483943.35,1052888104.79,1877489868.75,824601763.96,41876404.56999999,1992.65,1610.0,1181.97,477.1,3801.19,4577.91,0.0,310.81,,,,Y,,,机械设备,通用设备,磨具磨料,78.08,77.66,77.8
sh603032,德新科技,2023-02-23,77.57,78.18,77.2,77.75,77.43,956546.0,74349837.0,12440622000.0,13076228250.0,162925568.32,122483943.35,1052888104.79,1877489868.75,824601763.96,41876404.56999999,2371.8,1787.24,883.19,478.24,3473.53,4461.38,706.46,708.13,,,,Y,,,机械设备,通用设备,磨具磨料,77.86,77.75,77.7
sh603032,德新科技,2023-02-24,77.75,77.89,76.5,77.49,77.75,740865.0,57124716.0,12399019920.0,13032500670.0,162925568.32,122483943.35,1052888104.79,1877489868.75,824601763.96,41876404.56999999,1668.07,1417.03,1209.44,559.96,2478.91,3571.54,356.06,163.94,,,,Y,,,机械设备,通用设备,磨具磨料,77.62,77.28,77.23
sh603032,德新科技,2023-02-27,76.55,77.77,76.5,76.5,77.49,491658.0,37786966.0,12240612000.0,12865999500.0,162925568.32,122483943.35,1052888104.79,1877489868.75,824601763.96,41876404.56999999,1105.32,927.73,320.63,75.24,2352.75,2775.73,0.0,0.0,,,,Y,,,机械设备,通用设备,磨具磨料,76.65,77.53,77.67
sh603032,德新科技,2023-02-28,76.51,76.98,73.7,74.47,76.5,1757730.0,130665223.0,11915795759.999998,12524588010.0,162925568.32,122483943.35,1052888104.79,1877489868.75,824601763.96,41876404.56999999,3995.3,4329.13,1401.73,2008.38,7608.82,6729.01,60.67,0.0,,,,Y,,,机械设备,通用设备,磨具磨料,76.6,76.15,74.64
sh603032,德新科技,2023-03-01,74.13,74.47,73.31,74.28,74.47,1302519.0,96097413.0,11885394240.000002,12492633240.0,162925568.32,122483943.35,1052888104.79,1877489868.75,824601763.96,41876404.56999999,3527.52,3755.7,1151.21,867.54,4931.01,4851.08,0.0,135.42,,,,Y,,,机械设备,通用设备,磨具磨料,73.75,74.0,73.83
sh603032,德新科技,2023-03-02,73.6,74.18,72.91,73.3,74.28,805794.0,59223142.0,11728586399.999998,12327813899.999998,162925568.32,122483943.35,1052888104.79,1877489868.75,824601763.96,41876404.56999999,2380.39,2028.89,600.95,869.35,2940.97,2572.3,0.0,451.78,,,,Y,,,机械设备,通用设备,磨具磨料,73.85,73.67,74.0
sh603032,德新科技,2023-03-03,73.52,73.94,72.2,72.85,73.3,812799.0,59274707.0,11656582800.0,12252131550.0,162925568.32,122483943.35,1052888104.79,1877489868.75,824601763.96,41876404.56999999,1725.21,1855.46,1260.19,837.35,2698.01,2706.83,244.06,527.82,,,,Y,,,机械设备,通用设备,磨具磨料,73.49,73.89,73.28
sh603032,德新科技,2023-03-06,72.42,74.1,70.48,73.18,72.85,1905867.0,137974680.0,11709385440.0,12307631939.999998,162925568.32,122483943.35,1052888104.79,1877489868.75,824601763.96,41876404.56999999,4583.35,4725.75,2405.82,2492.0,6808.3,6324.84,0.0,254.88,,,,Y,,,机械设备,通用设备,磨具磨料,72.41,71.89,71.77
sh603032,德新科技,2023-03-07,73.14,73.15,70.4,70.4,73.18,987879.0,70512062.0,11264563200.0,11840083200.0,162925568.32,122483943.35,1052888104.79,1877489868.75,824601763.96,41876404.56999999,2268.91,2131.0,984.01,1426.39,3655.08,3492.36,143.2,1.46,,,,Y,,,机械设备,通用设备,磨具磨料,71.88,71.73,71.76
sh603032,德新科技,2023-03-08,70.4,71.97,69.67,71.88,70.4,851928.0,60749681.0,11501375040.0,12088994040.000002,162925568.32,122483943.35,1052888104.79,1877489868.75,824601763.96,41876404.56999999,1550.22,2223.43,1273.32,1244.11,2759.5,2320.43,491.93,287.0,,,,Y,,,机械设备,通用设备,磨具磨料,70.83,71.0,70.92
sh603032,德新科技,2023-03-09,71.92,72.8,71.12,71.48,71.88,1027778.0,74055106.0,11437371839.999998,12021720840.0,162925568.32,122483943.35,1052888104.79,1877489868.75,824601763.96,41876404.56999999,2686.5,1981.88,1182.55,1412.32,3536.46,3874.56,0.0,136.76,,,,Y,,,机械设备,通用设备,磨具磨料,71.55,72.5,72.35
sh603032,德新科技,2023-03-10,70.8,71.46,69.88,69.99,71.48,679195.0,47716931.0,11198959920.0,11771128170.0,162925568.32,122483943.35,1052888104.79,1877489868.75,824601763.96,41876404.56999999,1539.29,1484.8,889.26,1098.53,2329.96,2188.36,13.18,0.0,,,,Y,,,机械设备,通用设备,磨具磨料,70.27,70.15,70.05
sh603032,德新科技,2023-03-13,69.1,70.88,69.1,70.8,69.99,815400.0,57119452.0,11328566399.999998,11907356399.999998,162925568.32,122483943.35,1052888104.79,1877489868.75,824601763.96,41876404.56999999,2192.38,1818.22,658.62,662.47,2860.95,3231.26,0.0,0.0,,,,Y,,,机械设备,通用设备,磨具磨料,70.04,70.16,69.7
sh603032,德新科技,2023-03-14,70.9,71.0,68.88,69.1,70.8,608400.0,42334256.0,11056552800.0,11621445300.0,162925568.32,122483943.35,1052888104.79,1877489868.75,824601763.96,41876404.56999999,1336.7,1218.83,474.32,1248.28,2422.4,1766.31,0.0,0.0,,,,Y,,,机械设备,通用设备,磨具磨料,70.2,70.21,70.21
sh603032,德新科技,2023-03-15,69.49,70.38,68.5,68.9,69.1,798500.0,55289067.0,11024551200.000002,11587808700.000002,162925568.32,122483943.35,1052888104.79,1877489868.75,824601763.96,41876404.56999999,1803.38,1521.42,1467.7,1093.28,2257.83,2783.84,0.0,130.36,,,,Y,,,机械设备,通用设备,磨具磨料,69.92,69.85,69.61
sh603032,德新科技,2023-03-16,68.9,69.6,66.24,67.0,68.9,1143316.0,77552241.0,10720536000.0,11268261000.0,162925568.32,122483943.35,1052888104.79,1877489868.75,824601763.96,41876404.56999999,2525.86,3356.65,987.06,1127.94,4094.91,3251.21,147.4,19.43,,,,Y,,,机械设备,通用设备,磨具磨料,68.89,69.19,69.12
sh603032,德新科技,2023-03-17,67.08,67.6,66.32,66.5,67.0,1158726.0,77538242.0,10640532000.0,11184169500.0,162925568.32,122483943.35,1052888104.79,1877489868.75,824601763.96,41876404.56999999,2486.91,2956.87,542.43,1045.18,3989.0,2996.27,735.49,755.51,,,,Y,,,机械设备,通用设备,磨具磨料,66.91,66.75,67.23
sh603032,德新科技,2023-03-20,66.19,67.5,65.01,66.59,66.5,775766.0,51413056.0,10654932720.000002,11199305970.0,162925568.32,122483943.35,1052888104.79,1877489868.75,824601763.96,41876404.56999999,1435.03,1314.99,606.06,777.38,2923.47,2524.48,176.75,524.46,,,,Y,,,机械设备,通用设备,磨具磨料,65.9,65.97,65.54
sh603032,德新科技,2023-03-21,66.88,68.62,66.16,68.49,66.59,837485.0,56664472.0,10958947919.999998,11518853670.0,162925568.32,122483943.35,1052888104.79,1877489868.75,824601763.96,41876404.56999999,1708.13,1710.46,1205.07,993.26,2751.21,2840.91,2.03,121.82,,,,Y,,,机械设备,通用设备,磨具磨料,66.35,66.65,66.73
sh603032,德新科技,2023-03-22,68.49,71.4,68.12,69.82,68.49,1399600.0,97951803.0,11171758560.0,11742537060.0,162925568.32,122483943.35,1052888104.79,1877489868.75,824601763.96,41876404.56999999,3036.05,3335.27,1338.41,1368.36,4879.44,4839.75,541.29,251.8,,,,Y,,,机械设备,通用设备,磨具磨料,69.98,70.93,70.6
sh603032,德新科技,2023-03-23,70.0,71.35,69.3,69.59,69.82,1033800.0,72700452.0,11134956720.0,11703854970.0,162925568.32,122483943.35,1052888104.79,1877489868.75,824601763.96,41876404.56999999,2383.79,2174.55,914.64,1017.4,3844.24,3858.17,127.38,219.93,,,,Y,,,机械设备,通用设备,磨具磨料,69.42,70.28,70.27
sh603032,德新科技,2023-03-24,69.59,71.4,69.0,69.61,69.59,1090320.0,76314119.0,11138156880.0,11707218629.999998,162925568.32,122483943.35,1052888104.79,1877489868.75,824601763.96,41876404.56999999,3126.72,2389.84,1259.92,1775.65,3244.77,3465.92,0.0,0.0,,,,Y,,,机械设备,通用设备,磨具磨料,70.24,70.89,70.91
sh603032,德新科技,2023-03-27,69.89,70.5,67.67,68.05,69.61,1286304.0,88475317.0,10888544400.0,11444853150.0,162925568.32,122483943.35,1052888104.79,1877489868.75,824601763.96,41876404.56999999,2982.45,4060.5,1538.88,1106.66,4326.2,3680.37,0.0,0.0,,,,Y,,,机械设备,通用设备,磨具磨料,70.4,69.75,69.67
sh603032,德新科技,2023-03-28,68.1,68.6,67.51,68.14,68.05,583655.0,39660867.0,10902945120.000002,11459989620.0,162925568.32,122483943.35,1052888104.79,1877489868.75,824601763.96,41876404.56999999,1303.32,1139.77,260.16,263.62,2402.61,2562.7,0.0,0.0,,,,Y,,,机械设备,通用设备,磨具磨料,68.27,68.25,67.74
sh603032,德新科技,2023-03-29,68.57,68.91,67.51,68.84,68.14,782404.0,53319239.0,11014950720.0,11577717720.000002,162925568.32,122483943.35,1052888104.79,1877489868.75,824601763.96,41876404.56999999,1032.99,1436.67,2291.54,512.0,2007.4,3379.82,0.0,3.44,,,,Y,,,机械设备,通用设备,磨具磨料,68.58,68.14,67.85
sh603032,德新科技,2023-03-30,68.8,69.25,68.05,68.23,68.84,412086.0,28203690.0,10917345840.0,11475126090.0,162925568.32,122483943.35,1052888104.79,1877489868.75,824601763.96,41876404.56999999,936.96,1036.01,95.71,110.67,1787.7,1673.69,0.0,0.0,,,,Y,,,机械设备,通用设备,磨具磨料,68.66,68.43,68.4
sh603032,德新科技,2023-03-31,68.86,69.24,67.6,69.01,68.23,647066.0,44360615.0,11042152080.000002,11606308830.0,162925568.32,122483943.35,1052888104.79,1877489868.75,824601763.96,41876404.56999999,1358.06,1407.65,744.13,71.84,2333.86,2589.02,0.0,367.55,,,,Y,,,机械设备,通用设备,磨具磨料,68.15,68.34,68.9
sh603032,德新科技,2023-04-03,69.0,69.23,66.8,66.99,69.01,1454727.0,98014923.0,10718935920.0,11266579169.999998,162925568.32,122483943.35,1052888104.79,1877489868.75,824601763.96,41876404.56999999,3046.71,3718.0,1543.02,976.59,4733.14,5106.91,478.62,0.0,,,,Y,,,机械设备,通用设备,磨具磨料,68.55,67.99,67.62
sh603032,德新科技,2023-04-04,67.3,67.3,62.3,65.0,66.99,3906447.0,247664079.0,10400520000.0,10931895000.0,162925568.32,122483943.35,1052888104.79,1877489868.75,824601763.96,41876404.56999999,8286.59,8291.49,3659.62,4191.59,11762.89,8959.17,1057.3,3324.16,,,,Y,,,机械设备,通用设备,磨具磨料,65.75,63.78,63.32
sh603032,德新科技,2023-04-06,64.0,64.9,62.65,62.83,65.0,1805149.0,114408282.0,10053302640.0,10566937890.000002,162925568.32,122483943.35,1052888104.79,1877489868.75,824601763.96,41876404.56999999,2869.93,4972.79,1605.15,2007.69,6808.0,4460.34,157.75,0.0,,,,Y,,,机械设备,通用设备,磨具磨料,63.87,64.59,64.55
sh603032,德新科技,2023-04-07,62.5,64.5,62.31,63.49,62.83,1384700.0,88051029.0,10158907920.0,10677938670.0,162925568.32,122483943.35,1052888104.79,1877489868.75,824601763.96,41876404.56999999,2510.11,2609.25,753.39,1569.64,5470.36,4445.37,71.24,180.83,,,,Y,,,机械设备,通用设备,磨具磨料,63.36,63.94,64.14
sh603032,德新科技,2023-04-10,62.85,67.01,62.82,66.73,63.49,1675409.0,109649596.0,10677333840.0,11222851590.0,162925568.32,122483943.35,1052888104.79,1877489868.75,824601763.96,41876404.56999999,2823.48,3575.74,2019.47,1328.78,5315.17,5180.58,741.07,814.1,,,,Y,,,机械设备,通用设备,磨具磨料,63.8,63.7,63.84
sh603032,德新科技,2023-04-11,69.09,71.07,67.8,70.0,66.73,3932952.0,274277392.0,11200560000.0,11772810000.0,162925568.32,122483943.35,1052888104.79,1877489868.75,824601763.96,41876404.56999999,9930.7,9248.98,4474.05,4949.62,11549.94,9404.1,1473.05,3825.04,,,,Y,,,机械设备,通用设备,磨具磨料,70.4,70.47,69.47
sh603032,德新科技,2023-04-12,69.77,69.77,64.71,65.5,70.0,2435783.0,161945828.0,10480524000.0,11015986500.0,162925568.32,122483943.35,1052888104.79,1877489868.75,824601763.96,41876404.56999999,5646.87,4832.31,2542.13,1908.3,7583.91,8858.4,421.66,595.58,,,,Y,,,机械设备,通用设备,磨具磨料,68.48,68.65,67.96
sh603032,德新科技,2023-04-13,65.35,65.35,63.51,64.8,65.5,1138408.0,73335002.0,10368518400.0,10898258400.0,162925568.32,122483943.35,1052888104.79,1877489868.75,824601763.96,41876404.56999999,2130.35,2715.79,638.04,998.7,4346.78,3619.01,218.33,0.0,,,,Y,,,机械设备,通用设备,磨具磨料,64.38,64.06,64.39
sh603032,德新科技,2023-04-14,64.96,67.5,64.22,66.56,64.8,1572158.0,103961085.0,10650132480.0,11194260480.0,162925568.32,122483943.35,1052888104.79,1877489868.75,824601763.96,41876404.56999999,3615.26,3336.27,1325.55,651.08,5287.3,6408.76,168.0,0.0,,,,Y,,,机械设备,通用设备,磨具磨料,65.45,65.1,64.47
sh603032,德新科技,2023-04-17,66.19,68.8,65.38,66.2,66.56,1420946.0,94442496.0,10592529600.0,11133714600.0,162925568.32,122483943.35,1052888104.79,1877489868.75,824601763.96,41876404.56999999,2893.0,3437.74,1416.41,1033.47,5134.84,4673.07,0.0,299.97,,,,Y,,,机械设备,通用设备,磨具磨料,67.4,67.63,67.5
sh603032,德新科技,2023-04-18,66.0,66.73,64.5,65.34,66.2,1129998.0,73745441.0,10454922720.0,10989077220.0,162925568.32,122483943.35,1052888104.79,1877489868.75,824601763.96,41876404.56999999,1643.37,2002.51,620.85,929.69,5110.32,4199.91,0.0,242.43,,,,Y,,,机械设备,通用设备,磨具磨料,66.7,66.42,65.8
sh603032,德新科技,2023-04-19,65.09,65.5,63.2,63.55,65.34,1205350.0,77087453.0,10168508400.0,10688029650.0,162925568.32,122483943.35,1052888104.79,1877489868.75,824601763.96,41876404.56999999,2125.75,1884.31,860.19,617.51,4722.81,5153.34,0.0,53.59,,,,Y,,,机械设备,通用设备,磨具磨料,64.46,64.33,64.56
sh603032,德新科技,2023-04-20,63.2,63.74,62.0,62.09,63.55,1030424.0,64534873.0,9934896720.0,10442482470.0,162925568.32,122483943.35,1052888104.79,1877489868.75,824601763.96,41876404.56999999,1597.99,1695.12,840.63,1076.77,4014.86,3681.6,0.0,0.0,,,,Y,,,机械设备,通用设备,磨具磨料,63.12,63.11,62.83
sh603032,德新科技,2023-04-21,62.0,63.49,60.19,60.2,62.09,2284376.0,141052326.0,9808988000.0,10124616600.0,212717759.26000002,81907559.30000001,1153412021.8400002,1963602815.7,810190793.86,101653519.54,4361.97,4513.36,1437.98,2704.24,8305.29,6815.02,0.0,72.6,,,,Y,,,机械设备,通用设备,磨具磨料,62.1,61.05,61.47
sh603032,德新科技,2023-04-24,59.59,60.59,58.06,59.19,60.2,1922045.0,113618512.0,9644418600.0,9954751770.0,212717759.26000002,81907559.30000001,1153412021.8400002,1963602815.7,810190793.86,101653519.54,2552.37,3377.84,479.64,1743.03,8329.84,6133.99,0.0,106.99,,,,Y,,,机械设备,通用设备,磨具磨料,59.32,58.9,58.79
sh603032,德新科技,2023-04-25,59.19,60.18,56.4,57.11,59.19,1768267.0,102129858.0,9305503400.0,9604931130.0,212717759.26000002,81907559.30000001,1153412021.8400002,1963602815.7,810190793.86,101653519.54,2391.22,2588.32,750.56,3083.34,7071.2,4529.13,0.0,12.19,,,,Y,,,机械设备,通用设备,磨具磨料,59.88,59.52,58.88
sh603032,德新科技,2023-04-26,56.86,60.3,56.86,59.65,57.11,2387941.0,141753492.0,9719371000.0,10032115950.0,212717759.26000002,81907559.30000001,1153412021.8400002,1963602815.7,810190793.86,101653519.54,4185.08,2878.26,1798.69,3332.83,7525.39,5230.81,666.19,2733.45,,,,Y,,,机械设备,通用设备,磨具磨料,57.99,58.31,58.8
sh603032,德新科技,2023-04-27,60.35,60.6,58.41,60.15,59.65,1325682.0,79300944.0,9800841000.0,10116207450.0,212717759.26000002,81907559.30000001,1153412021.8400002,1963602815.7,810190793.86,101653519.54,2505.63,1624.6,469.04,1019.59,4955.42,5090.05,0.0,195.85,,,,Y,,,机械设备,通用设备,磨具磨料,58.75,59.38,59.28
sh603032,德新科技,2023-04-28,60.22,61.22,58.38,59.0,60.15,1406866.0,83533252.0,9613460000.0,9922797000.0,212717759.26000002,81907559.30000001,1153412021.8400002,1963602815.7,810190793.86,101653519.54,2545.2,1650.0,687.27,628.09,4985.05,5997.96,135.81,77.28,,,,Y,,,机械设备,通用设备,磨具磨料,60.67,60.28,59.88
sh603032,德新科技,2023-05-04,60.28,61.0,58.51,59.89,59.0,1735427.0,103513659.0,9758476600.0,10072479870.0,212717759.26000002,81907559.30000001,1153412021.8400002,1963602815.7,810190793.86,101653519.54,3203.59,3209.14,1071.66,945.48,5689.78,5764.76,386.34,431.98,,,,Y,,,机械设备,通用设备,磨具磨料,59.0,60.01,60.84
sh603032,德新科技,2023-05-05,59.05,59.89,57.64,58.69,59.89,1613493.0,94372452.0,9562948600.0,9870660270.0,212717759.26000002,81907559.30000001,1153412021.8400002,1963602815.7,810190793.86,101653519.54,3100.11,1650.65,341.43,302.67,5986.92,7475.14,0.0,0.0,,,,Y,,,机械设备,通用设备,磨具磨料,59.17,59.17,58.64
sh603032,德新科技,2023-05-08,58.86,62.63,58.24,60.03,58.69,3095836.0,188999204.0,9781288200.0,10096025490.0,212717759.26000002,81907559.30000001,1153412021.8400002,1963602815.7,810190793.86,101653519.54,7331.33,5345.6,2311.89,3371.79,8013.67,9628.47,1243.03,554.06,,,,Y,,,机械设备,通用设备,磨具磨料,62.25,60.91,60.72
sh603032,德新科技,2023-05-09,60.03,60.03,57.7,58.1,60.03,1328361.0,77490335.0,9466814000.0,9771432300.0,212717759.26000002,81907559.30000001,1153412021.8400002,1963602815.7,810190793.86,101653519.54,2748.58,1897.11,763.06,569.53,4120.93,5167.11,116.45,115.28,,,,Y,,,机械设备,通用设备,磨具磨料,58.71,58.42,58.58
sh603032,德新科技,2023-05-10,58.0,61.08,57.26,59.91,58.1,1794640.0,106774580.0,9761735400.0,10075843530.0,212717759.26000002,81907559.30000001,1153412021.8400002,1963602815.7,810190793.86,101653519.54,3595.6,2763.34,1092.79,1168.26,5318.13,5834.92,670.94,910.94,,,,Y,,,机械设备,通用设备,磨具磨料,57.71,57.36,57.51
sh603032,德新科技,2023-05-11,60.33,63.5,59.52,62.88,59.91,2302898.0,143303663.0,10245667200.0,10575347040.0,212717759.26000002,81907559.30000001,1153412021.8400002,1963602815.7,810190793.86,101653519.54,4478.9,4348.72,3287.82,3003.09,5258.13,6678.19,1305.52,300.37,,,,Y,,,机械设备,通用设备,磨具磨料,59.93,59.97,59.79
sh603032,德新科技,2023-05-12,62.8,62.88,61.0,61.13,62.88,1111781.0,68440034.0,9960522200.0,10281026790.0,212717759.26000002,81907559.30000001,1153412021.8400002,1963602815.7,810190793.86,101653519.54,2367.56,2470.74,1091.08,533.4,3373.12,3839.86,12.24,0.0,,,,Y,,,机械设备,通用设备,磨具磨料,61.94,61.78,62.0
sh603032,德新科技,2023-05-15,61.49,63.0,60.78,62.53,61.13,1180859.0,73595033.0,10188638200.0,10516482990.000002,212717759.26000002,81907559.30000001,1153412021.8400002,1963602815.7,810190793.86,101653519.54,1768.44,1759.27,578.78,641.77,5012.27,4958.46,0.0,0.0,,,,Y,,,机械设备,通用设备,磨具磨料,61.8,62.0,62.23
sh603032,德新科技,2023-05-16,62.81,62.81,61.0,61.7,62.53,979958.0,60289112.0,10053398000.0,10376891100.0,212717759.26000002,81907559.30000001,1153412021.8400002,1963602815.7,810190793.86,101653519.54,2108.81,1996.47,900.69,1065.34,2913.68,2967.1,105.74,0.0,,,,Y,,,机械设备,通用设备,磨具磨料,61.55,61.07,61.25
sh603032,德新科技,2023-05-17,61.6,62.11,60.5,61.16,61.7,521641.0,31831822.0,9965410400.0,10286072280.0,212717759.26000002,81907559.30000001,1153412021.8400002,1963602815.7,810190793.86,101653519.54,901.64,994.11,292.23,285.85,1989.3,1903.22,0.0,0.0,,,,Y,,,机械设备,通用设备,磨具磨料,61.67,61.23,60.65
sh603032,德新科技,2023-05-18,61.21,61.99,59.12,59.49,61.16,984382.0,58956715.0,9693300600.0,10005206670.0,212717759.26000002,81907559.30000001,1153412021.8400002,1963602815.7,810190793.86,101653519.54,2039.74,1812.62,671.23,464.01,2831.78,2779.56,352.92,839.49,,,,Y,,,机械设备,通用设备,磨具磨料,61.29,60.32,60.15
sh603032,德新科技,2023-05-19,59.34,59.34,58.21,58.3,59.49,1106000.0,64814311.0,9499402000.0,9805068900.0,212717759.26000002,81907559.30000001,1153412021.8400002,1963602815.7,810190793.86,101653519.54,1916.57,2658.08,679.62,644.96,3885.24,2909.05,0.0,269.34,,,,Y,,,机械设备,通用设备,磨具磨料,58.22,58.66,58.92
sh603032,德新科技,2023-05-22,58.31,58.98,57.53,58.35,58.3,809064.0,47079067.0,9507549000.0,9813478050.0,212717759.26000002,81907559.30000001,1153412021.8400002,1963602815.7,810190793.86,101653519.54,969.34,1542.22,401.95,352.69,3054.25,2530.63,0.0,0.0,,,,Y,,,机械设备,通用设备,磨具磨料,58.18,57.69,57.99
sh603032,德新科技,2023-05-23,58.19,59.05,57.29,58.03,58.35,1019508.0,59374330.0,9455408200.0,9759659490.0,212717759.26000002,81907559.30000001,1153412021.8400002,1963602815.7,810190793.86,101653519.54,1671.14,1404.41,523.27,450.55,3521.87,3861.58,221.16,220.9,,,,Y,,,机械设备,通用设备,磨具磨料,57.71,57.72,57.66
sh603032,德新科技,2023-05-24,58.03,58.22,56.8,56.84,58.03,961415.0,55192428.0,9261509600.0,9559521720.0,212717759.26000002,81907559.30000001,1153412021.8400002,1963602815.7,810190793.86,101653519.54,1211.35,1665.98,439.73,235.3,3868.16,3617.96,0.0,0.0,,,,Y,,,机械设备,通用设备,磨具磨料,57.42,57.94,57.63
sh603032,德新科技,2023-05-25,56.56,57.55,56.06,56.65,56.84,937070.0,53138958.0,9230551000.0,9527566950.0,212717759.26000002,81907559.30000001,1153412021.8400002,1963602815.7,810190793.86,101653519.54,998.64,1273.54,422.38,486.42,3892.88,3553.94,0.0,0.0,,,,Y,,,机械设备,通用设备,磨具磨料,57.27,57.09,57.41
sh603032,德新科技,2023-05-26,56.6,56.76,51.0,51.18,56.65,4971875.0,261518114.0,8339269200.0,8607605940.0,212717759.26000002,81907559.30000001,1153412021.8400002,1963602815.7,810190793.86,101653519.54,9349.17,9926.78,3915.5,8003.68,12529.11,7557.32,358.02,664.04,,,,Y,,,机械设备,通用设备,磨具磨料,55.36,54.9,54.81
sh603032,德新科技,2023-05-29,52.2,52.9,50.75,51.22,51.18,3120999.0,160422530.0,8345786800.000001,8614333260.0,212717759.26000002,81907559.30000001,1153412021.8400002,1963602815.7,810190793.86,101653519.54,3348.66,4567.74,981.67,2115.63,11439.74,8915.92,272.18,442.96,,,,Y,,,机械设备,通用设备,磨具磨料,51.87,51.62,51.24
sh603032,德新科技,2023-05-30,50.54,51.42,48.8,50.21,51.22,3076550.0,152469516.0,8181217400.0,8444468430.0,212717759.26000002,81907559.30000001,1153412021.8400002,1963602815.7,810190793.86,101653519.54,3611.99,4990.84,945.58,1456.27,10689.39,8703.8,0.0,96.04,,,,Y,,,机械设备,通用设备,磨具磨料,50.28,50.69,50.5
sh603032,德新科技,2023-05-31,50.38,51.34,49.4,49.54,50.21,1978254.0,99548417.0,8072047600.0,8331785820.000001,212717759.26000002,81907559.30000001,1153412021.8400002,1963602815.7,810190793.86,101653519.54,2124.86,2681.72,973.82,1195.77,6130.73,5924.35,725.43,153.0,,,,Y,,,机械设备,通用设备,磨具磨料,50.58,50.97,51.23
sh603032,德新科技,2023-06-01,49.54,51.31,48.52,50.67,49.54,2149233.0,108611919.0,8256169800.0,8521832610.000001,212717759.26000002,81907559.30000001,1153412021.8400002,1963602815.7,810190793.86,101653519.54,2850.71,3074.22,1049.65,859.61,6396.33,6927.36,564.5,0.0,,,,Y,,,机械设备,通用设备,磨具磨料,49.0,49.77,50.7
sh603032,德新科技,2023-06-02,50.26,53.01,50.26,52.6,50.67,1927736.0,100467229.0,8570644000.0,8846425800.0,212717759.26000002,81907559.30000001,1153412021.8400002,1963602815.7,810190793.86,101653519.54,2808.06,2829.28,1104.58,894.41,5764.29,6323.03,369.79,0.0,,,,Y,,,机械设备,通用设备,磨具磨料,50.98,51.0,51.51
sh603032,德新科技,2023-06-05,52.6,52.65,50.81,51.1,52.6,1458927.0,74864560.0,8326234000.0,8594151300.0,212717759.26000002,81907559.30000001,1153412021.8400002,1963602815.7,810190793.86,101653519.54,2218.96,2114.06,375.73,984.04,4687.94,4341.95,203.82,46.41,,,,Y,,,机械设备,通用设备,磨具磨料,51.38,51.48,51.48
sh603032,德新科技,2023-06-06,51.16,51.49,49.98,50.5,51.1,1585100.0,80194887.0,8228470000.0,8493241500.0,212717759.26000002,81907559.30000001,1153412021.8400002,1963602815.7,810190793.86,101653519.54,2323.67,2593.91,1421.81,1679.78,4140.56,3745.8,133.45,0.0,,,,Y,,,机械设备,通用设备,磨具磨料,50.67,50.37,50.1
sh603032,德新科技,2023-06-07,50.5,50.5,48.0,48.34,50.5,3261394.0,159283856.0,7876519600.0,8129966220.0,212717759.26000002,81907559.30000001,1153412021.8400002,1963602815.7,810190793.86,101653519.54,4469.23,6682.99,1343.56,1720.85,9464.13,6319.99,651.46,1204.56,,,,Y,,,机械设备,通用设备,磨具磨料,50.15,49.73,49.47
sh603032,德新科技,2023-06-08,48.9,49.5,46.74,46.84,48.34,2714908.0,129039518.0,7632109600.0,7877691720.0,212717759.26000002,81907559.30000001,1153412021.8400002,1963602815.7,810190793.86,101653519.54,2277.32,5121.32,625.98,742.77,10000.66,6932.21,0.0,107.65,,,,Y,,,机械设备,通用设备,磨具磨料,48.35,47.83,47.93
sh603032,德新科技,2023-06-09,47.33,47.4,44.65,45.88,46.84,4691487.0,214241820.0,7475687200.0,7716236040.000001,212717759.26000002,81907559.30000001,1153412021.8400002,1963602815.7,810190793.86,101653519.54,6329.71,7792.78,2699.41,3762.08,11941.69,8674.15,453.36,1195.17,,,,Y,,,机械设备,通用设备,磨具磨料,46.91,45.31,44.91
sh603032,XR德新科,2023-06-12,32.66,35.48,31.75,34.41,32.77,8093306.0,273618117.0,7849471560.0,8102047842.0,212717759.26000002,81907559.30000001,1153412021.8400002,1963602815.7,810190793.86,101653519.54,7955.69,7740.07,3339.54,4643.98,15772.27,14362.42,294.32,615.34,,,,Y,,,机械设备,通用设备,磨具磨料,32.06,32.47,33.89
sh603032,德新科技,2023-06-13,35.0,35.93,33.8,34.81,34.41,5527559.0,192304616.0,7940717960.0,8196230322.0,212717759.26000002,81907559.30000001,1153412021.8400002,1963602815.7,810190793.86,101653519.54,5623.49,5130.26,2340.93,2186.48,10411.03,10714.6,855.01,1199.12,,,,Y,,,机械设备,通用设备,磨具磨料,34.61,34.92,34.25
sh603032,德新科技,2023-06-14,34.68,34.96,33.42,33.59,34.81,4130976.0,140035971.0,7662416440.0,7908973758.0,212717759.26000002,81907559.30000001,1153412021.8400002,1963602815.7,810190793.86,101653519.54,3584.35,4664.14,2263.23,1661.33,7506.61,7527.03,649.41,151.1,,,,Y,,,机械设备,通用设备,磨具磨料,34.14,34.15,34.25
sh603032,德新科技,2023-06-15,34.17,34.83,33.74,34.53,33.59,6576520.0,226405399.0,7876845479.999999,8130302585.999999,212717759.26000002,81907559.30000001,1153412021.8400002,1963602815.7,810190793.86,101653519.54,6664.45,7182.95,3576.07,4614.85,11005.8,7604.16,1394.22,3238.58,,,,Y,,,机械设备,通用设备,磨具磨料,33.8,34.14,34.3
sh603032,德新科技,2023-06-16,34.47,34.97,33.57,33.67,34.53,4228162.0,143458630.0,7680665720.0,7927810254.0,212717759.26000002,81907559.30000001,1153412021.8400002,1963602815.7,810190793.86,101653519.54,3853.74,4997.01,2404.51,1814.67,7737.77,7024.56,349.84,509.63,,,,Y,,,机械设备,通用设备,磨具磨料,34.42,34.34,34.25
sh603032,德新科技,2023-06-19,33.51,34.75,33.51,33.96,33.67,5006737.0,170638810.0,7746819360.0,7996092552.0,212717759.26000002,81907559.30000001,1153412021.8400002,1963602815.7,810190793.86,101653519.54,5440.05,5255.51,2558.11,3571.12,8794.01,8099.37,271.71,137.89,,,,Y,,,机械设备,通用设备,磨具磨料,34.01,34.47,34.05
sh603032,德新科技,2023-06-20,33.8,34.18,33.06,33.2,33.96,5179334.0,174246728.0,7573451200.0,7817145840.0,212717759.26000002,81907559.30000001,1153412021.8400002,1963602815.7,810190793.86,101653519.54,5679.59,7918.89,1033.87,1760.34,10711.21,6939.5,0.0,805.95,,,,Y,,,机械设备,通用设备,磨具磨料,33.76,33.62,33.96
sh603032,德新科技,2023-06-21,33.2,33.66,32.15,32.19,33.2,2748307.0,89974329.0,7343054040.0,7579335078.0,212717759.26000002,81907559.30000001,1153412021.8400002,1963602815.7,810190793.86,101653519.54,1411.24,2755.34,575.23,585.01,7010.96,5414.23,0.0,242.85,,,,Y,,,机械设备,通用设备,磨具磨料,33.47,33.14,33.06
sh603032,德新科技,2023-06-26,32.19,32.98,31.35,32.0,32.19,5006685.0,160902196.0,7299712000.0,7534598400.0,212717759.26000002,81907559.30000001,1153412021.8400002,1963602815.7,810190793.86,101653519.54,4234.97,4207.09,1578.28,2497.13,10067.82,8908.39,209.15,477.61,,,,Y,,,机械设备,通用设备,磨具磨料,32.2,32.21,31.97
sh603032,德新科技,2023-06-27,31.74,33.31,31.74,33.0,32.0,3658974.0,119435399.0,7527828000.0,7770054600.0,212717759.26000002,81907559.30000001,1153412021.8400002,1963602815.7,810190793.86,101653519.54,3006.9,3149.13,600.64,802.24,8336.0,7992.17,0.0,0.0,,,,Y,,,机械设备,通用设备,磨具磨料,32.5,32.55,32.44
sh603032,德新科技,2023-06-28,32.74,33.55,32.04,32.36,33.0,3065440.0,99324536.0,7381833760.0,7619362632.0,212717759.26000002,81907559.30000001,1153412021.8400002,1963602815.7,810190793.86,101653519.54,2444.44,2898.07,670.69,1265.48,6817.32,5768.91,0.0,0.0,,,,Y,,,机械设备,通用设备,磨具磨料,32.78,32.64,32.45
sh603032,德新科技,2023-06-29,32.05,33.29,32.04,33.02,32.36,3004087.0,98489864.0,7532390320.0,7774763724.0,212717759.26000002,81907559.30000001,1153412021.8400002,1963602815.7,810190793.86,101653519.54,3449.98,3052.66,940.96,1097.1,5458.05,5699.22,0.0,0.0,,,,Y,,,机械设备,通用设备,磨具磨料,32.42,32.81,32.91
sh603032,德新科技,2023-06-30,32.85,35.18,32.71,34.54,33.02,5468336.0,187204860.0,7879126640.0,8132657148.0,212717759.26000002,81907559.30000001,1153412021.8400002,1963602815.7,810190793.86,101653519.54,5706.43,4764.68,3736.73,2976.4,8851.61,10243.66,425.71,735.75,,,,Y,,,机械设备,通用设备,磨具磨料,33.29,32.97,33.31
sh603032,德新科技,2023-07-03,34.54,35.31,33.85,33.94,34.54,3377494.0,116147541.0,7742257040.0,7991383428.0,212717759.26000002,81907559.30000001,1153412021.8400002,1963602815.7,810190793.86,101653519.54,3387.23,3247.28,1297.41,689.67,6828.24,7404.03,101.88,273.78,,,,Y,,,机械设备,通用设备,磨具磨料,35.14,34.8,34.67
sh603032,德新科技,2023-07-04,34.01,34.66,33.76,34.4,33.94,2705220.0,92710919.0,7847190400.0,8099693280.0,212717759.26000002,81907559.30000001,1153412021.8400002,1963602815.7,810190793.86,101653519.54,2679.02,2151.18,993.03,605.59,5295.24,6514.32,303.81,0.0,,,,Y,,,机械设备,通用设备,磨具磨料,34.1,34.27,34.15
sh603032,德新科技,2023-07-05,34.0,34.4,33.2,33.25,34.4,2843240.0,95777567.0,7584857000.0,7828918650.0,212717759.26000002,81907559.30000001,1153412021.8400002,1963602815.7,810190793.86,101653519.54,2690.99,2394.27,597.72,843.56,6289.05,6336.21,0.0,3.71,,,,Y,,,机械设备,通用设备,磨具磨料,34.01,34.34,34.24
sh603032,德新科技,2023-07-06,33.15,33.68,32.85,32.99,33.25,2077588.0,68850692.0,7525546840.0,7767700037.999999,212717759.26000002,81907559.30000001,1153412021.8400002,1963602815.7,810190793.86,101653519.54,1651.89,1727.29,341.79,374.94,4891.39,4723.59,0.0,59.26,,,,Y,,,机械设备,通用设备,磨具磨料,33.19,32.91,33.05
sh603032,德新科技,2023-07-07,32.71,33.04,32.12,32.24,32.99,2115840.0,68610360.0,7354459840.000001,7591107888.0,212717759.26000002,81907559.30000001,1153412021.8400002,1963602815.7,810190793.86,101653519.54,1799.05,1466.77,406.33,670.12,4655.66,4602.0,0.0,122.15,,,,Y,,,机械设备,通用设备,磨具磨料,32.81,32.51,32.51
sh603032,德新科技,2023-07-10,32.24,33.63,32.04,32.52,32.24,2931164.0,96163138.0,7418332320.0,7657035624.000001,212717759.26000002,81907559.30000001,1153412021.8400002,1963602815.7,810190793.86,101653519.54,2426.52,2507.81,728.42,547.8,6461.37,6560.71,0.0,0.0,,,,Y,,,机械设备,通用设备,磨具磨料,32.4,32.77,32.96
sh603032,德新科技,2023-07-11,32.54,33.5,32.21,33.38,32.52,2794440.0,92006537.0,7614512080.0,7859527956.0,212717759.26000002,81907559.30000001,1153412021.8400002,1963602815.7,810190793.86,101653519.54,2312.32,1648.92,870.6,1010.22,6017.73,6541.51,0.0,0.0,,,,Y,,,机械设备,通用设备,磨具磨料,32.61,32.69,32.57
sh603032,德新科技,2023-07-12,33.6,33.65,32.51,32.65,33.38,2233700.0,73854488.0,7447987400.0,7687644930.0,212717759.26000002,81907559.30000001,1153412021.8400002,1963602815.7,810190793.86,101653519.54,1816.13,1685.02,548.92,597.03,4964.76,4980.19,55.64,123.2,,,,Y,,,机械设备,通用设备,磨具磨料,33.11,33.4,33.52
sh603032,德新科技,2023-07-13,32.81,33.25,32.38,32.65,32.65,2340960.0,76630333.0,7447987400.0,7687644930.0,212717759.26000002,81907559.30000001,1153412021.8400002,1963602815.7,810190793.86,101653519.54,1901.54,1472.94,363.09,355.24,5397.41,5834.85,0.99,0.0,,,,Y,,,机械设备,通用设备,磨具磨料,33.21,33.05,32.83
sh603032,德新科技,2023-07-14,32.59,32.65,31.78,31.84,32.65,2649340.0,85009120.0,7263213440.0,7496925408.0,212717759.26000002,81907559.30000001,1153412021.8400002,1963602815.7,810190793.86,101653519.54,1976.22,1797.11,1087.54,522.06,5437.15,6085.62,0.0,96.13,,,,Y,,,机械设备,通用设备,磨具磨料,32.37,32.45,32.23
sh603032,德新科技,2023-07-17,30.39,31.94,29.6,31.59,31.84,5736557.0,177864900.0,7206184440.0,7438061358.0,212717759.26000002,81907559.30000001,1153412021.8400002,1963602815.7,810190793.86,101653519.54,5746.55,5710.69,659.13,1969.11,11380.81,10006.55,0.0,100.15,,,,Y,,,机械设备,通用设备,磨具磨料,30.17,30.5,30.46
sh603032,德新科技,2023-07-18,31.8,32.33,31.28,31.76,31.59,2580234.0,81781701.0,7244964160.0,7478088912.0,212717759.26000002,81907559.30000001,1153412021.8400002,1963602815.7,810190793.86,101653519.54,1873.84,1914.26,265.4,375.48,6038.93,5888.43,0.0,0.0,,,,Y,,,机械设备,通用设备,磨具磨料,31.42,31.48,31.4
sh603032,德新科技,2023-07-19,31.76,31.85,30.59,31.19,31.76,4157009.0,129207586.0,7114938040.0,7343878878.0,212717759.26000002,81907559.30000001,1153412021.8400002,1963602815.7,810190793.86,101653519.54,3530.73,3970.26,519.86,2045.74,8757.48,6904.76,112.69,0.0,,,,Y,,,机械设备,通用设备,磨具磨料,31.62,31.38,31.09
sh603032,德新科技,2023-07-20,31.43,31.75,30.73,30.76,31.19,2534699.0,78784415.0,7016848160.0,7242632712.0,212717759.26000002,81907559.30000001,1153412021.8400002,1963602815.7,810190793.86,101653519.54,1922.54,2254.83,571.51,512.26,5178.36,4742.64,181.1,343.79,,,,Y,,,机械设备,通用设备,磨具磨料,31.52,31.39,31.32
sh603032,德新科技,2023-07-21,30.61,30.99,30.21,30.34,30.76,1953840.0,59585083.0,6921039440.0,7143741108.0,212717759.26000002,81907559.30000001,1153412021.8400002,1963602815.7,810190793.86,101653519.54,1413.8,1035.73,533.87,612.65,3890.56,4030.45,120.28,279.68,,,,Y,,,机械设备,通用设备,磨具磨料,30.78,30.52,30.58
sh603032,德新科技,2023-07-24,30.31,30.39,29.93,29.99,30.34,1601623.0,48201815.0,6841198840.0,7061331438.0,212717759.26000002,81907559.30000001,1153412021.8400002,1963602815.7,810190793.86,101653519.54,893.03,1078.17,242.29,236.04,3684.86,3355.48,0.0,150.5,,,,Y,,,机械设备,通用设备,磨具磨料,30.31,30.38,30.23
sh603032,德新科技,2023-07-25,30.05,31.09,30.04,30.85,29.99,2237390.0,68829794.0,7037378600.0,7263823770.0,212717759.26000002,81907559.30000001,1153412021.8400002,1963602815.7,810190793.86,101653519.54,1771.82,1694.61,358.6,418.62,4752.56,4769.75,0.0,0.0,,,,Y,,,机械设备,通用设备,磨具磨料,30.52,30.75,30.8
sh603032,德新科技,2023-07-26,30.72,30.94,30.09,30.25,30.85,1528285.0,46536352.0,6900509000.0,7122550050.0,212717759.26000002,81907559.30000001,1153412021.8400002,1963602815.7,810190793.86,101653519.54,1080.02,741.94,486.79,405.4,3086.83,3405.57,0.0,100.73,,,,Y,,,机械设备,通用设备,磨具磨料,30.8,30.8,30.81
sh603032,德新科技,2023-07-27,30.22,30.46,29.3,29.5,30.25,2674974.0,79655997.0,6729422000.0,6945957900.0,212717759.26000002,81907559.30000001,1153412021.8400002,1963602815.7,810190793.86,101653519.54,2472.62,1874.98,673.93,1342.73,4602.54,4429.23,216.51,318.66,,,,Y,,,机械设备,通用设备,磨具磨料,30.4,30.4,30.18
sh603032,德新科技,2023-07-28,29.31,29.35,28.64,28.75,29.5,6695399.0,193416450.0,6558335000.0,6769365750.0,214157171.69,204098406.35,1231297601.75,1740210524.7,508912922.95,37350339.010000005,5876.32,5783.57,1723.06,3937.37,11569.71,9620.71,172.56,0.0,,,,Y,,,机械设备,通用设备,磨具磨料,29.15,29.08,28.96
sh603032,德新科技,2023-07-31,28.9,31.19,28.81,29.64,28.75,8577112.0,257974769.0,6761358240.0,6978921768.0,214157171.69,204098406.35,1231297601.75,1740210524.7,508912922.95,37350339.010000005,8245.82,7590.67,2031.96,3379.44,14292.63,13462.49,1227.06,1364.88,,,,Y,,,机械设备,通用设备,磨具磨料,29.47,30.06,30.24
sh603032,德新科技,2023-08-01,29.59,29.78,28.92,29.06,29.64,3563606.0,103863062.0,6629050960.0,6842357172.0,214157171.69,204098406.35,1231297601.75,1740210524.7,508912922.95,37350339.010000005,3187.32,2404.75,1369.26,1093.78,5829.72,6644.38,0.0,243.39,,,,Y,,,机械设备,通用设备,磨具磨料,29.25,29.21,29.16
sh603032,德新科技,2023-08-02,29.07,29.2,28.66,28.93,29.06,2804469.0,80903891.0,6599395880.0,6811747866.0,214157171.69,204098406.35,1231297601.75,1740210524.7,508912922.95,37350339.010000005,2152.12,2266.32,837.18,781.55,4826.51,4858.44,274.58,184.08,,,,Y,,,机械设备,通用设备,磨具磨料,29.14,29.04,28.91
sh603032,德新科技,2023-08-03,28.74,29.31,28.6,28.85,28.93,3308400.0,95791271.0,6581146600.0,6792911370.0,214157171.69,204098406.35,1231297601.75,1740210524.7,508912922.95,37350339.010000005,2954.78,2628.78,1302.25,975.73,5218.75,5707.16,103.35,267.45,,,,Y,,,机械设备,通用设备,磨具磨料,28.8,28.79,28.88
sh603032,德新科技,2023-08-04,29.0,29.94,28.87,29.76,28.85,5369337.0,158942650.0,6788732160.0,7007176512.0,214157171.69,204098406.35,1231297601.75,1740210524.7,508912922.95,37350339.010000005,5240.98,5056.03,1698.2,2017.18,8829.37,8586.08,125.71,234.97,,,,Y,,,机械设备,通用设备,磨具磨料,29.26,29.4,29.58
sh603032,德新科技,2023-08-07,29.75,29.8,28.2,28.28,29.76,8298065.0,237647193.0,6451120479.999999,6658701335.999999,214157171.69,204098406.35,1231297601.75,1740210524.7,508912922.95,37350339.010000005,6763.44,7520.04,3332.9,2447.98,13389.96,13280.2,278.42,516.49,,,,Y,,,机械设备,通用设备,磨具磨料,29.26,29.0,28.95
sh603032,德新科技,2023-08-08,28.65,28.65,27.6,27.87,28.28,4655494.0,129918425.0,6357592920.0,6562164294.0,214157171.69,204098406.35,1231297601.75,1740210524.7,508912922.95,37350339.010000005,3897.26,3746.4,1025.29,1343.88,7870.86,7792.9,198.44,108.66,,,,Y,,,机械设备,通用设备,磨具磨料,28.31,28.24,28.06
sh603032,德新科技,2023-08-09,27.78,28.01,27.4,27.6,27.87,3233459.0,89600353.0,6296001600.0,6498591120.0,214157171.69,204098406.35,1231297601.75,1740210524.7,508912922.95,37350339.010000005,2429.34,2055.2,1020.7,863.51,5509.99,5942.31,0.0,99.02,,,,Y,,,机械设备,通用设备,磨具磨料,27.86,27.73,27.61
sh603032,德新科技,2023-08-10,27.6,28.34,27.36,27.8,27.6,3827558.0,106800908.0,6341624800.0,6545682360.0,214157171.69,204098406.35,1231297601.75,1740210524.7,508912922.95,37350339.010000005,3343.93,3430.63,1904.64,1123.55,5153.85,5581.85,277.67,544.06,,,,Y,,,机械设备,通用设备,磨具磨料,27.95,27.97,27.86
sh603032,德新科技,2023-08-11,27.78,27.89,27.01,27.03,27.8,3314583.0,90695807.0,6165975479.999999,6364381086.0,214157171.69,204098406.35,1231297601.75,1740210524.7,508912922.95,37350339.010000005,2397.44,2822.31,706.33,1062.12,5830.28,5086.93,135.53,98.23,,,,Y,,,机械设备,通用设备,磨具磨料,27.72,27.63,27.52
sh603032,德新科技,2023-08-14,26.95,26.95,26.17,26.69,27.03,4877568.0,129117059.0,6088416040.000001,6284325978.0,214157171.69,204098406.35,1231297601.75,1740210524.7,508912922.95,37350339.010000005,3339.94,4171.91,1389.92,2660.81,8081.29,5960.05,100.55,118.93,,,,Y,,,机械设备,通用设备,磨具磨料,26.7,26.74,26.63
sh603032,德新科技,2023-08-15,26.65,26.95,25.97,26.09,26.69,4203460.0,110266521.0,5951546440.0,6143052258.0,214157171.69,204098406.35,1231297601.75,1740210524.7,508912922.95,37350339.010000005,3193.67,3374.7,1202.43,1907.83,6630.56,4973.35,0.0,770.77,,,,Y,,,机械设备,通用设备,磨具磨料,26.62,26.58,26.4
sh603032,德新科技,2023-08-16,26.0,26.47,25.53,25.61,26.09,3594780.0,93176644.0,5842050760.0,6030033282.0,214157171.69,204098406.35,1231297601.75,1740210524.7,508912922.95,37350339.010000005,2004.72,2519.78,822.1,969.36,6185.95,5283.26,304.9,545.26,,,,Y,,,机械设备,通用设备,磨具磨料,26.25,26.4,26.35
sh603032,德新科技,2023-08-17,25.63,25.88,25.35,25.61,25.61,4252020.0,108887035.0,5842050760.0,6030033282.0,214157171.69,204098406.35,1231297601.75,1740210524.7,508912922.95,37350339.010000005,3099.45,3873.79,409.06,1210.79,7216.62,5629.02,163.58,175.11,,,,Y,,,机械设备,通用设备,磨具磨料,25.64,25.61,25.65
sh603032,德新科技,2023-08-18,25.6,25.76,24.88,24.88,25.61,3934856.0,99346928.0,5675526080.0,5858150256.000001,214157171.69,204098406.35,1231297601.75,1740210524.7,508912922.95,37350339.010000005,3027.71,2939.49,874.64,1442.42,5868.25,5500.23,164.09,52.56,,,,Y,,,机械设备,通用设备,磨具磨料,25.54,25.53,25.47
sh603032,德新科技,2023-08-21,25.03,25.2,24.63,24.63,24.88,3074168.0,76601676.0,5618497080.0,5799286206.0,214157171.69,204098406.35,1231297601.75,1740210524.7,508912922.95,37350339.010000005,1627.19,1922.28,358.49,530.2,5455.18,5117.67,219.31,90.02,,,,Y,,,机械设备,通用设备,磨具磨料,25.12,24.99,24.93
sh603032,德新科技,2023-08-22,24.88,24.88,24.03,24.69,24.63,3694022.0,90166296.0,5632184040.0,5813413578.0,214157171.69,204098406.35,1231297601.75,1740210524.7,508912922.95,37350339.010000005,2665.35,2461.09,853.41,1005.58,5355.45,5431.92,142.42,118.05,,,,Y,,,机械设备,通用设备,磨具磨料,24.64,24.49,24.36
sh603032,德新科技,2023-08-23,24.7,24.7,23.8,23.8,24.69,3052900.0,73667671.0,5429160800.0,5603857560.000001,214157171.69,204098406.35,1231297601.75,1740210524.7,508912922.95,37350339.010000005,2028.55,2017.92,308.83,982.04,5029.39,4366.81,0.0,0.0,,,,Y,,,机械设备,通用设备,磨具磨料,24.37,24.19,24.21
sh603032,德新科技,2023-08-24,23.9,24.32,23.69,23.8,23.8,3286966.0,78833180.0,5429160800.0,5603857560.000001,214157171.69,204098406.35,1231297601.75,1740210524.7,508912922.95,37350339.010000005,2202.25,2227.0,748.14,1141.33,4932.93,4483.1,0.0,31.89,,,,Y,,,机械设备,通用设备,磨具磨料,23.85,23.81,23.8
sh603032,德新科技,2023-08-25,23.58,23.93,23.23,23.44,23.8,2925075.0,68909491.0,5347039040.0,5519093328.0,214157171.69,204098406.35,1231297601.75,1740210524.7,508912922.95,37350339.010000005,1886.25,2011.86,565.96,1147.86,4438.74,3731.23,0.0,0.0,,,,Y,,,机械设备,通用设备,磨具磨料,23.68,23.67,23.88
sh603032,德新科技,2023-08-28,24.66,24.66,23.53,23.81,23.44,5255243.0,126294672.0,5431441960.0,5606212121.999999,214157171.69,204098406.35,1231297601.75,1740210524.7,508912922.95,37350339.010000005,3489.11,3735.43,2889.79,1536.88,6187.1,7357.16,63.47,0.0,,,,Y,,,机械设备,通用设备,磨具磨料,24.34,24.52,24.31
sh603032,德新科技,2023-08-29,23.83,24.96,23.61,24.85,23.81,6459342.0,158133312.0,5668682600.0,5851086570.0,214157171.69,204098406.35,1231297601.75,1740210524.7,508912922.95,37350339.010000005,4102.25,4411.5,3043.94,2075.96,7745.51,9172.14,921.63,153.73,,,,Y,,,机械设备,通用设备,磨具磨料,23.88,23.98,24.3
sh603032,德新科技,2023-08-30,24.88,25.35,24.57,24.72,24.85,3911120.0,97382141.0,5639027520.0,5820477264.0,214157171.69,204098406.35,1231297601.75,1740210524.7,508912922.95,37350339.010000005,2980.59,2652.96,728.82,859.5,6028.8,6225.5,0.0,0.25,,,,Y,,,机械设备,通用设备,磨具磨料,25.16,25.17,25.22
sh603032,德新科技,2023-08-31,24.74,24.8,24.32,24.45,24.72,2561660.0,62762855.0,5577436200.0,5756904090.0,214157171.69,204098406.35,1231297601.75,1740210524.7,508912922.95,37350339.010000005,1847.23,1399.57,390.44,332.49,3925.02,4374.49,112.37,168.51,,,,Y,,,机械设备,通用设备,磨具磨料,24.7,24.62,24.58
sh603032,德新科技,2023-09-01,24.45,24.66,24.2,24.4,24.45,2468200.0,60175223.0,5566030400.0,5745131280.0,214157171.69,204098406.35,1231297601.75,1740210524.7,508912922.95,37350339.010000005,1232.23,1537.53,301.17,338.33,4207.42,4082.52,217.56,0.0,,,,Y,,,机械设备,通用设备,磨具磨料,24.59,24.43,24.43
sh603032,德新科技,2023-09-04,24.58,25.01,24.37,25.01,24.4,3999824.0,99017906.0,5705181160.0,5888759562.0,214157171.69,204098406.35,1231297601.75,1740210524.7,508912922.95,37350339.010000005,2726.84,2814.88,373.32,685.46,6551.29,6401.2,250.1,0.0,,,,Y,,,机械设备,通用设备,磨具磨料,24.65,24.52,24.44
sh603032,德新科技,2023-09-05,24.91,25.33,24.68,25.02,25.01,3718502.0,92905863.0,5707462320.0,5891114124.0,214157171.69,204098406.35,1231297601.75,1740210524.7,508912922.95,37350339.010000005,2883.77,2396.61,971.39,685.85,5388.64,6161.33,0.0,0.0,,,,Y,,,机械设备,通用设备,磨具磨料,25.25,25.23,24.96
sh603032,德新科技,2023-09-06,24.9,25.26,24.78,25.2,25.02,2603860.0,65311239.0,5748523199.999999,5933496240.0,214157171.69,204098406.35,1231297601.75,1740210524.7,508912922.95,37350339.010000005,2028.81,2028.63,556.94,343.43,3945.37,4159.07,0.0,0.0,,,,Y,,,机械设备,通用设备,磨具磨料,24.92,25.16,25.07
sh603032,德新科技,2023-09-07,25.19,25.19,24.25,24.26,25.2,3558933.0,87367689.0,5534094160.0,5712167412.0,214157171.69,204098406.35,1231297601.75,1740210524.7,508912922.95,37350339.010000005,2567.72,2076.71,710.34,748.12,5458.72,5712.1,0.0,199.84,,,,Y,,,机械设备,通用设备,磨具磨料,24.97,24.91,24.77
sh603032,德新科技,2023-09-08,24.12,24.58,24.12,24.18,24.26,2193995.0,53396179.0,5515844880.0,5693330916.0,214157171.69,204098406.35,1231297601.75,1740210524.7,508912922.95,37350339.010000005,1171.35,1441.33,188.88,283.54,3970.93,3606.29,0.0,0.0,,,,Y,,,机械设备,通用设备,磨具磨料,24.34,24.36,24.34
sh603032,德新科技,2023-09-11,24.18,24.62,23.83,24.52,24.18,2870546.0,69860140.0,5593404320.0,5773386024.0,214157171.69,204098406.35,1231297601.75,1740210524.7,508912922.95,37350339.010000005,1618.71,1810.6,281.77,379.77,4983.29,4795.16,101.75,0.0,,,,Y,,,机械设备,通用设备,磨具磨料,23.99,24.2,24.08
sh603032,德新科技,2023-09-12,24.7,24.78,24.26,24.47,24.52,2154800.0,52758859.0,5581998520.0,5761613214.0,214157171.69,204098406.35,1231297601.75,1740210524.7,508912922.95,37350339.010000005,1271.1,1036.62,111.47,118.76,3872.76,4099.96,0.0,0.0,,,,Y,,,机械设备,通用设备,磨具磨料,24.36,24.37,24.29
sh603032,德新科技,2023-09-13,24.3,24.55,23.68,23.93,24.47,2826464.0,67786598.0,5458815880.0,5634466866.0,214157171.69,204098406.35,1231297601.75,1740210524.7,508912922.95,37350339.010000005,1891.01,1858.89,411.53,378.29,4457.45,4522.81,0.0,0.0,,,,Y,,,机械设备,通用设备,磨具磨料,24.44,24.34,24.17
sh603032,德新科技,2023-09-14,23.85,24.0,23.24,23.45,23.93,3111890.0,72939397.0,5349320200.0,5521447890.0,214157171.69,204098406.35,1231297601.75,1740210524.7,508912922.95,37350339.010000005,1843.32,1695.79,642.28,789.92,4659.77,4790.87,131.21,0.0,,,,Y,,,机械设备,通用设备,磨具磨料,23.66,23.66,23.64
sh603032,德新科技,2023-09-15,23.44,23.99,23.11,23.53,23.45,3327549.0,78257754.0,5367569480.0,5540284386.0,214157171.69,204098406.35,1231297601.75,1740210524.7,508912922.95,37350339.010000005,1728.63,1998.41,569.71,560.99,5414.29,5201.13,103.73,55.83,,,,Y,,,机械设备,通用设备,磨具磨料,23.39,23.25,23.18
sh603032,德新科技,2023-09-18,23.53,24.75,23.38,24.13,23.53,4575760.0,110466029.0,5504439080.000001,5681558106.0,214157171.69,204098406.35,1231297601.75,1740210524.7,508912922.95,37350339.010000005,3062.59,2775.51,948.39,866.45,6698.43,7230.96,277.6,114.09,,,,Y,,,机械设备,通用设备,磨具磨料,23.58,23.78,23.91
sh603032,德新科技,2023-09-19,24.05,24.29,23.44,23.5,24.13,3436292.0,81303737.0,5360726000.0,5533220699.999999,214157171.69,204098406.35,1231297601.75,1740210524.7,508912922.95,37350339.010000005,2374.42,1892.58,962.54,575.97,4767.79,5661.83,25.62,0.0,,,,Y,,,机械设备,通用设备,磨具磨料,24.01,23.88,23.77
sh603032,德新科技,2023-09-20,23.47,23.75,22.92,22.98,23.5,3881220.0,90161621.0,5242105680.0,5410783476.0,214157171.69,204098406.35,1231297601.75,1740210524.7,508912922.95,37350339.010000005,2092.14,2432.09,459.8,582.8,6411.36,6001.27,52.86,0.0,,,,Y,,,电力设备,电池,锂电专用设备,23.5,23.51,23.37
sh603032,德新科技,2023-09-21,22.9,23.08,22.48,22.56,22.98,3307680.0,75196069.0,5146296960.0,5311891872.0,214157171.69,204098406.35,1231297601.75,1740210524.7,508912922.95,37350339.010000005,1511.55,1929.89,679.98,1127.18,5320.4,4454.87,0.0,0.0,,,,Y,,,电力设备,电池,锂电专用设备,22.98,22.9,22.82
sh603032,德新科技,2023-09-22,22.5,23.36,22.41,23.33,22.56,4332680.0,99382662.0,5321946280.0,5493193146.0,214157171.69,204098406.35,1231297601.75,1740210524.7,508912922.95,37350339.010000005,2769.71,3396.44,572.66,1114.16,6595.9,5427.67,0.0,0.0,,,,Y,,,电力设备,电池,锂电专用设备,22.58,22.56,22.66
sh603032,德新科技,2023-09-25,23.33,23.55,22.53,23.0,23.33,3481720.0,79965051.0,5246668000.0,5415492600.0,214157171.69,204098406.35,1231297601.75,1740210524.7,508912922.95,37350339.010000005,2380.41,1755.96,680.36,885.64,4821.68,4674.67,114.05,680.24,,,,Y,,,电力设备,电池,锂电专用设备,23.1,22.94,23.04
sh603032,德新科技,2023-09-26,22.99,23.28,22.65,22.68,23.0,3523300.0,80467937.0,5173670880.0,5340146616.0,214157171.69,204098406.35,1231297601.75,1740210524.7,508912922.95,37350339.010000005,1803.79,2592.07,439.14,415.97,5803.86,5017.78,0.0,20.98,,,,Y,,,电力设备,电池,锂电专用设备,22.97,22.94,22.78
sh603032,德新科技,2023-09-27,22.7,23.88,22.69,23.33,22.68,6500750.0,152137843.0,5321946280.0,5493193146.0,214157171.69,204098406.35,1231297601.75,1740210524.7,508912922.95,37350339.010000005,5089.97,5001.48,1494.24,1509.28,8363.43,8090.11,247.73,594.5,,,,Y,,,电力设备,电池,锂电专用设备,23.13,23.26,23.74
sh603032,德新科技,2023-09-28,23.24,24.24,23.24,23.64,23.33,6107560.0,145183921.0,5392662240.0,5566184568.0,214157171.69,204098406.35,1231297601.75,1740210524.7,508912922.95,37350339.010000005,4668.89,4527.46,1721.05,1217.72,7475.05,8416.17,643.71,347.35,,,,Y,,,电力设备,电池,锂电专用设备,23.78,23.74,24.1
sh603032,德新科技,2023-10-09,23.67,23.73,22.58,22.69,23.64,6890520.0,157611041.0,5175952040.0,5342501178.0,214157171.69,204098406.35,1231297601.75,1740210524.7,508912922.95,37350339.010000005,5375.02,4271.31,1764.61,1468.03,8498.03,9927.2,105.52,76.65,,,,Y,,,电力设备,电池,锂电专用设备,23.07,22.91,22.93
sh603032,德新科技,2023-10-10,22.72,23.48,22.49,22.49,22.69,5876980.0,134559331.0,5130328840.0,5295409938.000001,214157171.69,204098406.35,1231297601.75,1740210524.7,508912922.95,37350339.010000005,3849.6,3738.61,1712.82,1598.46,7813.72,7810.36,79.79,308.51,,,,Y,,,电力设备,电池,锂电专用设备,23.3,23.0,23.05
sh603032,德新科技,2023-10-11,22.69,23.23,22.3,22.76,22.49,5622660.0,128273313.0,5191920160.0,5358983112.0,214157171.69,204098406.35,1231297601.75,1740210524.7,508912922.95,37350339.010000005,3732.39,4386.54,1178.72,1755.96,7916.22,6169.03,0.0,515.79,,,,Y,,,电力设备,电池,锂电专用设备,22.58,22.56,22.77
sh603032,德新科技,2023-10-12,22.95,23.45,22.61,23.19,22.76,6786204.0,156593717.0,5290010040.0,5460229277.999999,214157171.69,204098406.35,1231297601.75,1740210524.7,508912922.95,37350339.010000005,5085.49,4868.45,1551.99,787.43,8904.99,9632.22,116.9,371.27,,,,Y,,,电力设备,电池,锂电专用设备,23.28,23.28,23.05
sh603032,德新科技,2023-10-13,23.0,23.37,22.32,22.52,23.19,6176387.0,140148870.0,5137172320.0,5302473624.0,214157171.69,204098406.35,1231297601.75,1740210524.7,508912922.95,37350339.010000005,4512.72,3476.79,1811.78,1826.67,7681.61,8596.23,8.78,115.2,,,,Y,,,电力设备,电池,锂电专用设备,23.28,22.98,22.73
sh603032,德新科技,2023-10-16,22.47,22.47,21.57,21.94,22.52,5491528.0,119900972.0,5004865040.0,5165909028.0,214157171.69,204098406.35,1231297601.75,1740210524.7,508912922.95,37350339.010000005,3809.61,3611.95,1290.34,1118.27,6890.15,7030.26,0.0,229.62,,,,Y,,,电力设备,电池,锂电专用设备,22.05,21.8,21.68
sh603032,德新科技,2023-10-17,21.92,22.5,21.78,21.98,21.94,4263497.0,94039673.0,5013989680.0,5175327276.0,214157171.69,204098406.35,1231297601.75,1740210524.7,508912922.95,37350339.010000005,2741.17,2584.77,872.46,739.71,5777.34,6079.49,12.99,0.0,,,,Y,,,电力设备,电池,锂电专用设备,21.99,22.23,22.26
sh603032,德新科技,2023-10-18,21.82,21.87,21.37,21.55,21.98,3476922.0,75004133.0,4915899800.0,5074081110.0,214157171.69,204098406.35,1231297601.75,1740210524.7,508912922.95,37350339.010000005,2083.85,1986.59,510.38,705.14,4906.18,4808.68,0.0,0.0,,,,Y,,,电力设备,电池,锂电专用设备,21.6,21.51,21.49
sh603032,德新科技,2023-10-19,21.4,21.58,21.11,21.16,21.55,3500457.0,74591996.0,4826934560.0,4982253192.0,214157171.69,204098406.35,1231297601.75,1740210524.7,508912922.95,37350339.010000005,1773.73,1967.9,429.14,431.78,5256.32,5059.52,0.0,0.0,,,,Y,,,电力设备,电池,锂电专用设备,21.45,21.45,21.38
sh603032,德新科技,2023-10-20,21.04,22.03,21.02,21.54,21.16,5166960.0,111923017.0,4913618640.0,5071726548.0,214157171.69,204098406.35,1231297601.75,1740210524.7,508912922.95,37350339.010000005,3372.59,3474.86,685.82,939.02,7013.99,6756.45,97.94,0.0,,,,Y,,,电力设备,电池,锂电专用设备,21.47,21.77,21.62
sh603032,德新科技,2023-10-23,21.54,21.65,20.5,20.65,21.54,4018544.0,83985789.0,4710595400.0,4862170530.0,214157171.69,204098406.35,1231297601.75,1740210524.7,508912922.95,37350339.010000005,2295.75,1741.99,591.75,730.03,5511.08,5693.21,0.0,233.34,,,,Y,,,电力设备,电池,锂电专用设备,21.26,20.96,20.87
sh603032,德新科技,2023-10-24,20.79,21.17,20.64,20.91,20.65,3489720.0,72956010.0,4769905560.0,4923389142.0,214157171.69,204098406.35,1231297601.75,1740210524.7,508912922.95,37350339.010000005,1721.36,2022.5,493.13,631.04,5014.2,4575.15,0.0,0.0,,,,Y,,,电力设备,电池,锂电专用设备,20.72,20.86,20.74
sh603032,德新科技,2023-10-25,21.1,21.55,20.85,20.85,20.91,3619980.0,76636147.0,4756218600.0,4909261770.0,214157171.69,204098406.35,1231297601.75,1740210524.7,508912922.95,37350339.010000005,2641.98,2507.64,596.39,686.82,4311.48,4390.62,113.76,78.54,,,,Y,,,电力设备,电池,锂电专用设备,21.33,21.32,21.39
sh603032,德新科技,2023-10-26,20.72,20.8,20.13,20.65,20.85,4189270.0,85552678.0,4710595400.0,4862170530.0,214157171.69,204098406.35,1231297601.75,1740210524.7,508912922.95,37350339.010000005,2421.27,2611.91,642.02,833.28,5237.5,4730.27,202.24,327.57,,,,Y,,,电力设备,电池,锂电专用设备,20.41,20.21,20.29
sh603032,德新科技,2023-10-27,20.51,21.42,20.21,21.37,20.65,6474580.0,135385754.0,4874838920.0,5031698994.0,214157171.69,204098406.35,1231297601.75,1740210524.7,508912922.95,37350339.010000005,4272.01,4542.87,1131.29,1658.18,7804.25,7097.88,288.29,196.9,,,,Y,,,电力设备,电池,锂电专用设备,20.33,20.48,20.78
sh603032,德新科技,2023-10-30,21.26,21.26,20.44,21.06,21.37,7613060.0,158497184.0,4804122960.0,4958707572.0,178161232.36,252291430.79,1274130006.8400002,1704300587.44,430170580.6,18006631.25,4874.45,4623.55,1697.9,900.56,9082.01,10325.6,195.35,0.0,,,,Y,,,电力设备,电池,锂电专用设备,20.64,20.67,20.83
sh603032,德新科技,2023-10-31,21.04,21.13,20.38,20.51,21.06,5230541.0,107942916.0,4678659160.0,4829206662.0,178161232.36,252291430.79,1274130006.8400002,1704300587.44,430170580.6,18006631.25,3371.06,2442.3,1083.17,706.27,6172.49,7617.56,161.25,21.84,,,,Y,,,电力设备,电池,锂电专用设备,20.84,20.7,20.78
sh603032,德新科技,2023-11-01,21.02,21.9,20.72,20.74,20.51,9231524.0,194935477.0,4731125840.0,4883361588.0,178161232.36,252291430.79,1274130006.8400002,1704300587.44,430170580.6,18006631.25,6653.57,6066.74,2570.47,2118.58,9704.4,10917.13,391.93,217.93,,,,Y,,,电力设备,电池,锂电专用设备,21.45,21.05,20.72
sh603032,德新科技,2023-11-02,20.68,21.31,20.21,20.21,20.74,5977203.0,123327177.0,4610224360.0,4758569802.0,178161232.36,252291430.79,1274130006.8400002,1704300587.44,430170580.6,18006631.25,4141.03,3769.23,795.61,1290.76,7249.69,7049.15,146.38,223.58,,,,Y,,,电力设备,电池,锂电专用设备,20.97,20.81,20.73
sh603032,德新科技,2023-11-03,20.23,21.17,20.21,21.15,20.21,9357682.0,195229784.0,4824653400.0,4979898630.0,178161232.36,252291430.79,1274130006.8400002,1704300587.44,430170580.6,18006631.25,6425.04,6494.12,2499.89,3448.76,10400.08,9179.44,176.61,379.3,,,,Y,,,电力设备,电池,锂电专用设备,20.57,20.77,20.52
sh603032,德新科技,2023-11-06,21.17,22.26,21.17,21.94,21.15,8746530.0,191063101.0,5004865040.0,5165909028.0,178161232.36,252291430.79,1274130006.8400002,1704300587.44,430170580.6,18006631.25,7453.12,6906.54,2402.65,2767.83,8993.0,9110.9,257.54,321.03,,,,Y,,,电力设备,电池,锂电专用设备,21.91,21.92,21.7
sh603032,德新科技,2023-11-07,22.0,22.03,21.55,21.81,21.94,4536480.0,98954642.0,4975209960.0,5135299722.0,178161232.36,252291430.79,1274130006.8400002,1704300587.44,430170580.6,18006631.25,3373.78,3025.62,1476.29,1171.85,5045.4,5599.27,0.0,98.73,,,,Y,,,电力设备,电池,锂电专用设备,21.7,21.99,21.95
sh603032,德新科技,2023-11-08,22.02,22.26,21.62,21.85,21.81,4073055.0,89391792.0,4984334600.0,5144717970.0,178161232.36,252291430.79,1274130006.8400002,1704300587.44,430170580.6,18006631.25,3176.04,3078.18,1058.87,900.34,4605.56,4861.95,0.0,0.0,,,,Y,,,电力设备,电池,锂电专用设备,21.81,22.0,22.25
sh603032,德新科技,2023-11-09,21.75,22.24,21.75,21.98,21.85,4447321.0,97978698.0,5013989680.0,5175327276.0,178161232.36,252291430.79,1274130006.8400002,1704300587.44,430170580.6,18006631.25,3275.52,3379.75,1709.77,1082.85,4782.25,5304.94,0.0,0.0,,,,Y,,,电力设备,电池,锂电专用设备,21.92,22.02,22.22
sh603032,德新科技,2023-11-10,21.81,23.32,21.55,22.8,21.98,11259247.0,253182116.0,5201044800.0,5368401360.000001,178161232.36,252291430.79,1274130006.8400002,1704300587.44,430170580.6,18006631.25,8864.53,8094.87,5300.47,3715.76,9200.36,12609.11,1952.85,898.46,,,,Y,,,电力设备,电池,锂电专用设备,21.57,21.64,21.74
sh603032,德新科技,2023-11-13,23.07,24.35,22.71,24.02,22.8,19971978.0,472160160.0,5479346320.0,5655657924.0,178161232.36,252291430.79,1274130006.8400002,1704300587.44,430170580.6,18006631.25,18014.25,14659.16,9788.48,6294.63,17729.51,24935.46,1683.77,1326.78,,,,Y,,,电力设备,电池,锂电专用设备,22.98,23.39,23.32
sh603032,德新科技,2023-11-14,24.0,24.0,22.56,22.93,24.02,21716973.0,502584446.0,5230699880.0,5399010666.0,178161232.36,252291430.79,1274130006.8400002,1704300587.44,430170580.6,18006631.25,18077.3,17633.64,8509.2,7750.32,22608.16,23174.63,1051.63,1687.71,,,,Y,,,电力设备,电池,锂电专用设备,23.59,23.52,23.4
sh603032,德新科技,2023-11-15,23.16,23.28,22.77,22.84,22.93,12583889.0,289189598.0,5210169440.0,5377819608.0,178161232.36,252291430.79,1274130006.8400002,1704300587.44,430170580.6,18006631.25,10394.76,10147.93,5027.65,5887.81,12259.72,11265.8,364.25,744.85,,,,Y,,,电力设备,电池,锂电专用设备,23.08,23.18,22.92
sh603032,德新科技,2023-11-16,22.9,22.9,22.22,22.24,22.84,8699280.0,194760534.0,5073299840.0,5236545888.0,178161232.36,252291430.79,1274130006.8400002,1704300587.44,430170580.6,18006631.25,6678.36,7218.04,3409.36,3410.0,8557.79,8469.95,830.54,378.07,,,,Y,,,电力设备,电池,锂电专用设备,22.47,22.44,22.41
sh603032,德新科技,2023-11-17,22.15,22.27,21.91,22.17,22.24,6652053.0,146958704.0,5057331720.0,5220063954.0,178161232.36,252291430.79,1274130006.8400002,1704300587.44,430170580.6,18006631.25,5436.71,4604.13,2406.55,1986.76,6608.85,7112.09,243.76,992.89,,,,Y,,,电力设备,电池,锂电专用设备,22.06,22.06,22.0
sh603032,德新科技,2023-11-20,22.2,22.28,21.78,22.23,22.17,7051630.0,155314370.0,5071018680.0,5234191326.0,178161232.36,252291430.79,1274130006.8400002,1704300587.44,430170580.6,18006631.25,6247.56,5806.81,1742.07,2335.21,7395.0,7011.98,146.8,377.45,,,,Y,,,电力设备,电池,锂电专用设备,22.06,21.9,21.85
sh603032,德新科技,2023-11-21,22.23,22.37,21.86,21.92,22.23,6508900.0,143817659.0,5000302720.0,5161199904.0,178161232.36,252291430.79,1274130006.8400002,1704300587.44,430170580.6,18006631.25,5673.66,5286.92,2539.6,2199.1,5993.37,6895.74,175.13,0.0,,,,Y,,,电力设备,电池,锂电专用设备,22.17,22.13,22.15
sh603032,德新科技,2023-11-22,21.8,21.83,20.8,20.8,21.92,8912349.0,189240451.0,4744812800.0,4897488960.0,178161232.36,252291430.79,1274130006.8400002,1704300587.44,430170580.6,18006631.25,7023.6,6964.49,2322.66,2993.91,9012.8,7760.26,564.99,1205.38,,,,Y,,,电力设备,电池,锂电专用设备,21.74,21.73,21.61
sh603032,德新科技,2023-11-23,20.79,20.98,20.7,20.88,20.8,4969400.0,103545382.0,4763062080.0,4916325456.0,178161232.36,252291430.79,1274130006.8400002,1704300587.44,430170580.6,18006631.25,3732.62,4308.13,1323.39,1368.69,5073.89,4295.66,224.64,382.07,,,,Y,,,电力设备,电池,锂电专用设备,20.89,20.72,20.8
sh603032,德新科技,2023-11-24,20.88,20.88,20.16,20.19,20.88,7027058.0,143240350.0,4605662040.0,4753860678.0,178161232.36,252291430.79,1274130006.8400002,1704300587.44,430170580.6,18006631.25,5459.5,5367.52,2632.74,2597.25,6231.79,6049.34,0.0,309.92,,,,Y,,,电力设备,电池,锂电专用设备,20.53,20.54,20.51
sh603032,德新科技,2023-11-27,20.15,20.16,19.2,19.38,20.19,8009360.0,155883969.0,4420888080.0,4563141156.0,178161232.36,252291430.79,1274130006.8400002,1704300587.44,430170580.6,18006631.25,6166.73,5809.18,1698.28,2576.48,7723.39,7183.51,0.0,19.23,,,,Y,,,电力设备,电池,锂电专用设备,19.83,19.45,19.53
sh603032,德新科技,2023-11-28,19.36,19.58,19.17,19.36,19.38,5095438.0,98662636.0,4416325760.0,4558432032.0,178161232.36,252291430.79,1274130006.8400002,1704300587.44,430170580.6,18006631.25,3457.29,3983.25,1006.0,981.78,5402.98,4901.24,0.0,0.0,,,,Y,,,电力设备,电池,锂电专用设备,19.37,19.4,19.43
sh603032,德新科技,2023-11-29,19.39,19.44,18.95,18.96,19.36,5149400.0,98474639.0,4325079360.0,4464249552.0,178161232.36,252291430.79,1274130006.8400002,1704300587.44,430170580.6,18006631.25,3463.63,3525.02,1214.72,1685.19,4928.95,4637.25,240.17,0.0,,,,Y,,,电力设备,电池,锂电专用设备,19.28,19.24,19.2
sh603032,德新科技,2023-11-30,18.91,19.04,18.63,18.72,18.96,4603352.0,86456025.0,4270331520.0,4407740064.0,178161232.36,252291430.79,1274130006.8400002,1704300587.44,430170580.6,18006631.25,3095.07,3360.89,816.94,1319.38,4624.67,3929.2,108.92,36.13,,,,Y,,,电力设备,电池,锂电专用设备,18.93,18.73,18.73
sh603032,德新科技,2023-12-01,18.69,18.73,18.34,18.72,18.72,4828749.0,89519921.0,4270331520.0,4407740064.0,178161232.36,252291430.79,1274130006.8400002,1704300587.44,430170580.6,18006631.25,3279.5,3381.78,1103.94,888.32,4568.55,4667.29,0.0,14.6,,,,Y,,,电力设备,电池,锂电专用设备,18.57,18.46,18.44
sh603032,德新科技,2023-12-04,18.69,19.05,18.62,18.93,18.72,4750897.0,89756513.0,4318235880.0,4457185866.0,178161232.36,252291430.79,1274130006.8400002,1704300587.44,430170580.6,18006631.25,3419.79,2997.81,1508.76,1038.81,4047.1,4939.04,0.0,0.0,,,,Y,,,电力设备,电池,锂电专用设备,18.77,18.84,18.84
sh603032,德新科技,2023-12-05,18.85,19.16,18.56,18.56,18.93,5538790.0,104730497.0,4233832960.0,4370067072.0,178161232.36,252291430.79,1274130006.8400002,1704300587.44,430170580.6,18006631.25,4077.44,3373.54,1601.61,1362.85,4690.07,5500.73,103.93,235.93,,,,Y,,,电力设备,电池,锂电专用设备,18.92,19.0,18.97
sh603032,德新科技,2023-12-06,18.56,19.2,18.42,18.88,18.56,6315874.0,119948875.0,4306830080.0,4445413056.0,178161232.36,252291430.79,1274130006.8400002,1704300587.44,430170580.6,18006631.25,4684.39,4708.11,1471.35,1216.7,5741.1,6070.07,98.05,0.0,,,,Y,,,电力设备,电池,锂电专用设备,18.8,18.98,19.0
sh603032,德新科技,2023-12-07,18.8,18.87,18.35,18.5,18.88,4969490.0,91940649.0,4220146000.0,4355939700.0,178161232.36,252291430.79,1274130006.8400002,1704300587.44,430170580.6,18006631.25,3566.66,3220.92,922.58,1274.96,4481.88,4573.29,222.93,124.89,,,,Y,,,电力设备,电池,锂电专用设备,18.65,18.52,18.42
sh603032,德新科技,2023-12-08,18.55,18.67,18.07,18.1,18.5,4866864.0,89077509.0,4128899600.0,4261757220.0,178161232.36,252291430.79,1274130006.8400002,1704300587.44,430170580.6,18006631.25,3014.43,3339.35,1268.88,1581.26,4542.85,3771.99,81.6,215.15,,,,Y,,,电力设备,电池,锂电专用设备,18.59,18.51,18.43
sh603032,德新科技,2023-12-11,18.03,18.1,17.71,17.83,18.1,6111874.0,109138155.0,4067308280.0,4198184046.0,178161232.36,252291430.79,1274130006.8400002,1704300587.44,430170580.6,18006631.25,3968.26,4137.53,1140.59,2186.3,5782.35,4396.7,22.62,193.28,,,,Y,,,电力设备,电池,锂电专用设备,17.92,17.97,17.84
sh603032,德新科技,2023-12-12,17.86,17.86,17.48,17.65,17.83,5555629.0,97902734.0,4026247400.0,4155801930.000001,178161232.36,252291430.79,1274130006.8400002,1704300587.44,430170580.6,18006631.25,3356.41,3417.54,1064.67,1122.27,5369.19,5116.71,0.0,133.76,,,,Y,,,电力设备,电池,锂电专用设备,17.7,17.68,17.75
sh603032,德新科技,2023-12-13,17.56,17.65,17.13,17.15,17.65,5862210.0,101430673.0,3912189400.0,4038073830.0,178161232.36,252291430.79,1274130006.8400002,1704300587.44,430170580.6,18006631.25,3433.07,3494.94,1258.46,2612.42,5228.69,3549.74,222.85,485.97,,,,Y,,,电力设备,电池,锂电专用设备,17.51,17.5,17.48
sh603032,德新科技,2023-12-14,17.22,17.58,16.97,17.04,17.15,5018953.0,86660419.0,3887096640.0,4012173648.0,178161232.36,252291430.79,1274130006.8400002,1704300587.44,430170580.6,18006631.25,2741.13,2978.34,1204.3,1183.82,4720.62,4503.88,0.0,0.0,,,,Y,,,电力设备,电池,锂电专用设备,17.5,17.4,17.35
sh603032,德新科技,2023-12-15,17.08,17.45,17.08,17.21,17.04,5072943.0,87547813.0,3925876360.0,4052201202.0,178161232.36,252291430.79,1274130006.8400002,1704300587.44,430170580.6,18006631.25,3197.56,2936.33,1446.56,1342.88,4110.67,4239.37,0.0,236.2,,,,Y,,,电力设备,电池,锂电专用设备,17.28,17.25,17.18
sh603032,德新科技,2023-12-18,17.2,17.27,16.73,16.77,17.21,4437409.0,74998318.0,3825505320.0,3948600474.0,178161232.36,252291430.79,1274130006.8400002,1704300587.44,430170580.6,18006631.25,2675.09,2662.02,987.66,1152.55,3837.09,3519.25,0.0,166.02,,,,Y,,,电力设备,电池,锂电专用设备,17.23,17.2,17.12
sh603032,德新科技,2023-12-19,16.73,16.99,16.64,16.88,16.77,3626700.0,60959405.0,3850598080.0,3974500656.0,178161232.36,252291430.79,1274130006.8400002,1704300587.44,430170580.6,18006631.25,2106.64,2210.68,716.74,992.15,3272.57,2893.11,0.0,0.0,,,,Y,,,电力设备,电池,锂电专用设备,16.78,16.81,16.88
sh603032,德新科技,2023-12-20,16.95,16.99,16.65,16.65,16.88,2867900.0,48167835.0,3798131400.0,3920345730.0,178161232.36,252291430.79,1274130006.8400002,1704300587.44,430170580.6,18006631.25,1617.62,1833.04,889.24,351.34,2309.92,2632.4,0.0,0.0,,,,Y,,,电力设备,电池,锂电专用设备,16.94,16.9,16.85
sh603032,德新科技,2023-12-21,16.5,17.3,16.45,17.26,16.65,7050927.0,119839924.0,3937282160.0,4063974012.0,178161232.36,252291430.79,1274130006.8400002,1704300587.44,430170580.6,18006631.25,4344.46,4683.86,1831.03,1172.82,5658.73,6009.15,149.77,118.16,,,,Y,,,电力设备,电池,锂电专用设备,16.7,16.77,16.72
sh603032,德新科技,2023-12-22,17.09,17.98,16.93,17.69,17.26,10076100.0,175998892.0,4035372040.000001,4165220178.0,178161232.36,252291430.79,1274130006.8400002,1704300587.44,430170580.6,18006631.25,6511.22,6449.89,3054.03,2940.53,7544.92,8207.0,489.72,2.47,,,,Y,,,电力设备,电池,锂电专用设备,17.01,16.97,16.98
sh603032,德新科技,2023-12-25,17.73,17.77,17.44,17.55,17.69,4461448.0,78344415.0,4003435800.0,4132256310.0,178161232.36,252291430.79,1274130006.8400002,1704300587.44,430170580.6,18006631.25,3093.61,2365.66,1113.41,1066.05,3627.42,3841.77,0.0,560.96,,,,Y,,,电力设备,电池,锂电专用设备,17.72,17.59,17.65
sh603032,德新科技,2023-12-26,17.5,17.66,17.33,17.62,17.55,3842650.0,67263308.0,4019403920.0,4148738244.0,178161232.36,252291430.79,1274130006.8400002,1704300587.44,430170580.6,18006631.25,2413.45,2343.24,1005.24,849.34,3031.52,3533.76,276.12,0.0,,,,Y,,,电力设备,电池,锂电专用设备,17.36,17.47,17.37
sh603032,德新科技,2023-12-27,17.64,17.71,17.25,17.38,17.62,4924724.0,85698699.0,3964656080.0,4092228756.000001,178161232.36,252291430.79,1274130006.8400002,1704300587.44,430170580.6,18006631.25,3129.59,3135.49,1682.7,1249.68,3701.44,4016.93,56.14,167.77,,,,Y,,,电力设备,电池,锂电专用设备,17.57,17.36,17.35
sh603032,德新科技,2023-12-28,17.31,19.12,17.26,19.12,17.38,14367682.0,267276943.0,4361577920.0,4501922544.0,178161232.36,252291430.79,1274130006.8400002,1704300587.44,430170580.6,18006631.25,6991.34,9317.53,5053.48,5359.66,8691.69,9744.65,5991.19,2305.85,,,,Y,,,电力设备,电池,锂电专用设备,17.48,17.67,17.84
sh603032,德新科技,2023-12-29,19.94,20.65,19.6,20.3,19.12,23595672.0,475026022.0,4630754800.0,4779760860.0,178161232.36,252291430.79,1274130006.8400002,1704300587.44,430170580.6,18006631.25,16883.25,18198.77,8476.58,10403.03,18895.55,15422.39,3247.22,3478.41,,,,Y,,,电力设备,电池,锂电专用设备,20.11,19.83,20.03
sh603032,德新科技,2024-01-02,20.0,20.43,19.88,19.97,20.3,12624444.0,253893789.0,4555476520.0,4702060314.0,178161232.36,252291430.79,1274130006.8400002,1704300587.44,430170580.6,18006631.25,8895.89,9536.24,3631.99,4175.83,12202.37,10735.02,659.13,942.29,,,,Y,,,电力设备,电池,锂电专用设备,19.9,20.27,20.17
sh603032,德新科技,2024-01-03,19.9,20.3,19.64,19.81,19.97,8665442.0,172605687.0,4518977960.0,4664387322.0,178161232.36,252291430.79,1274130006.8400002,1704300587.44,430170580.6,18006631.25,5876.81,5744.54,2066.45,3102.99,8920.67,8167.07,396.64,245.98,,,,Y,,,电力设备,电池,锂电专用设备,20.15,19.94,20.04
sh603032,德新科技,2024-01-04,19.8,19.85,19.26,19.42,19.81,6689640.0,130193074.0,4430012720.0,4572559404.0,178161232.36,252291430.79,1274130006.8400002,1704300587.44,430170580.6,18006631.25,3969.53,4549.2,1562.09,2438.55,7243.21,5862.91,244.47,168.65,,,,Y,,,电力设备,电池,锂电专用设备,19.52,19.54,19.38
sh603032,德新科技,2024-01-05,19.64,19.95,18.94,19.05,19.42,6514754.0,126627984.0,4345609800.0,4485440610.0,178161232.36,252291430.79,1274130006.8400002,1704300587.44,430170580.6,18006631.25,4377.55,4137.79,1303.25,1466.06,6904.94,6674.27,77.07,384.68,,,,Y,,,电力设备,电池,锂电专用设备,19.79,19.81,19.64
sh603032,德新科技,2024-01-08,18.9,19.47,18.85,18.97,19.05,6394880.0,122292702.0,4327360520.0,4466604114.0,178161232.36,252291430.79,1274130006.8400002,1704300587.44,430170580.6,18006631.25,4392.18,4217.26,2308.56,1697.68,5152.04,6039.95,353.73,251.61,,,,Y,,,电力设备,电池,锂电专用设备,19.11,19.12,19.03
sh603032,德新科技,2024-01-09,19.34,20.87,19.23,20.87,18.97,9297897.0,186536727.0,4760780920.0,4913970894.0,178161232.36,252291430.79,1274130006.8400002,1704300587.44,430170580.6,18006631.25,4534.12,7021.54,3930.57,3643.63,4324.54,7466.2,5864.45,522.3,,,,Y,,,电力设备,电池,锂电专用设备,19.55,19.43,19.54
sh603032,德新科技,2024-01-10,21.88,22.96,21.19,22.96,20.87,26421793.0,579600467.0,5237543360.0,5406074351.999999,178161232.36,252291430.79,1274130006.8400002,1704300587.44,430170580.6,18006631.25,16893.13,20429.81,11510.2,13925.95,15427.0,18192.59,14129.72,5411.68,,,,Y,,,电力设备,电池,锂电专用设备,21.41,21.74,21.5
sh603032,德新科技,2024-01-11,23.88,24.68,21.9,22.65,22.96,42106505.0,971525067.0,5166827400.0,5333082929.999999,178161232.36,252291430.79,1274130006.8400002,1704300587.44,430170580.6,18006631.25,34263.29,34153.96,18316.56,22778.18,39729.17,32047.13,4843.49,8173.24,,,,Y,,,电力设备,电池,锂电专用设备,22.63,22.8,22.5
sh603032,德新科技,2024-01-12,22.4,23.08,21.72,21.94,22.65,28599536.0,640172441.0,5004865040.0,5165909028.0,178161232.36,252291430.79,1274130006.8400002,1704300587.44,430170580.6,18006631.25,23563.38,25314.02,9188.92,11099.54,28371.45,25409.07,2893.49,2194.62,,,,Y,,,电力设备,电池,锂电专用设备,22.68,22.28,22.37
sh603032,德新科技,2024-01-15,21.36,22.52,21.36,21.5,21.94,17512380.0,379678269.0,4904494000.0,5062308300.0,178161232.36,252291430.79,1274130006.8400002,1704300587.44,430170580.6,18006631.25,12889.23,14037.99,5260.23,6611.2,19090.58,16071.33,727.79,1247.31,,,,Y,,,电力设备,电池,锂电专用设备,22.17,21.7,21.93
sh603032,德新科技,2024-01-16,21.48,21.99,20.9,21.64,21.5,16253872.0,348303527.0,4936430240.0,5095272168.0,178161232.36,252291430.79,1274130006.8400002,1704300587.44,430170580.6,18006631.25,12725.11,12485.82,4887.1,4286.21,17045.86,16771.5,172.28,1286.83,,,,Y,,,电力设备,电池,锂电专用设备,21.75,21.47,21.76
sh603032,德新科技,2024-01-17,21.75,23.8,21.38,22.73,21.64,33947318.0,778181684.0,5185076680.0,5351919425.999999,178161232.36,252291430.79,1274130006.8400002,1704300587.44,430170580.6,18006631.25,26831.43,29176.36,15415.15,14488.29,29038.07,31669.57,6533.52,2483.95,,,,Y,,,电力设备,电池,锂电专用设备,22.29,22.36,23.27
sh603032,德新科技,2024-01-18,21.84,23.78,21.45,23.7,22.73,30452164.0,692320066.0,5406349200.0,5580311940.0,178161232.36,252291430.79,1274130006.8400002,1704300587.44,430170580.6,18006631.25,25544.24,24827.35,13534.67,14082.37,27728.88,28058.36,2424.23,2263.92,,,,Y,,,电力设备,电池,锂电专用设备,21.65,21.93,22.06
sh603032,德新科技,2024-01-19,23.2,23.24,21.33,21.33,23.7,22622286.0,505696496.0,4865714280.0,5022280746.0,178161232.36,252291430.79,1274130006.8400002,1704300587.44,430170580.6,18006631.25,17929.3,18496.64,7876.95,9874.98,23898.39,19684.22,865.01,2513.81,,,,Y,,,电力设备,电池,锂电专用设备,23.15,22.81,23.06
sh603032,德新科技,2024-01-22,19.7,20.63,19.2,19.2,21.33,17640828.0,349034633.0,4379827200.0,4520759040.0,178161232.36,252291430.79,1274130006.8400002,1704300587.44,430170580.6,18006631.25,11778.96,12552.2,4870.38,6004.0,17332.64,15007.95,921.48,1339.31,,,,Y,,,电力设备,电池,锂电专用设备,19.8,19.49,19.64
sh603032,德新科技,2024-01-23,18.89,20.06,18.36,19.29,19.2,14884564.0,287222537.0,4400357640.0,4541950098.0,178161232.36,252291430.79,1274130006.8400002,1704300587.44,430170580.6,18006631.25,9432.98,10038.66,3967.37,4570.82,14576.94,13251.99,744.96,860.79,,,,Y,,,电力设备,电池,锂电专用设备,18.5,19.34,18.88
sh603032,德新科技,2024-01-24,19.54,19.64,17.93,18.72,19.29,16591705.0,309072646.0,4270331520.0,4407740064.0,178161232.36,252291430.79,1274130006.8400002,1704300587.44,430170580.6,18006631.25,9513.05,11347.22,2949.27,4555.58,17856.92,13235.54,588.01,1768.92,,,,Y,,,电力设备,电池,锂电专用设备,19.44,18.98,19.14
sh603032,德新科技,2024-01-25,18.65,18.99,17.84,18.89,18.72,12848056.0,237922879.0,4309111240.0,4447767618.0,178161232.36,252291430.79,1274130006.8400002,1704300587.44,430170580.6,18006631.25,7752.82,8626.85,2914.1,3901.21,13053.31,11260.82,72.06,3.41,,,,Y,,,电力设备,电池,锂电专用设备,18.35,18.23,17.91
sh603032,德新科技,2024-01-26,18.68,19.07,18.19,18.27,18.89,10112640.0,188005578.0,4167679320.0,4301784774.0,178161232.36,252291430.79,1274130006.8400002,1704300587.44,430170580.6,18006631.25,5965.86,6455.35,2388.11,2505.18,10159.41,9628.18,287.18,211.84,,,,Y,,,电力设备,电池,锂电专用设备,18.76,18.74,18.68
sh603032,德新科技,2024-01-29,18.17,18.24,16.78,16.79,18.27,11032374.0,190296753.0,3830067640.000001,3953309598.0,178161232.36,252291430.79,1274130006.8400002,1704300587.44,430170580.6,18006631.25,5924.34,6123.57,1946.97,2789.85,11022.11,9568.07,136.26,548.18,,,,Y,,,电力设备,电池,锂电专用设备,18.0,17.52,17.41
sh603032,德新科技,2024-01-30,16.78,17.64,16.51,16.82,16.79,9990251.0,170990070.0,3836911120.0,3960373284.0,178161232.36,252291430.79,1274130006.8400002,1704300587.44,430170580.6,18006631.25,5984.62,5341.98,1877.73,1674.09,9236.66,10082.94,0.0,0.0,,,,Y,,,电力设备,电池,锂电专用设备,16.97,17.25,17.36
sh603032,德新科技,2024-01-31,16.81,17.24,15.34,15.44,16.82,12819713.0,206948311.0,3522111040.0,3635443728.0,178161232.36,252291430.79,1274130006.8400002,1704300587.44,430170580.6,18006631.25,6826.27,6924.12,2365.56,2815.6,11503.0,10713.59,0.0,241.51,,,,Y,,,电力设备,电池,锂电专用设备,17.01,16.83,16.71
sh603032,德新科技,2024-02-01,15.4,16.05,14.83,15.21,15.44,10141361.0,155279519.0,3469644360.0,3581288802.0,178161232.36,252291430.79,1274130006.8400002,1704300587.44,430170580.6,18006631.25,5100.94,4946.96,2153.29,1850.99,8165.26,8730.0,108.46,0.0,,,,Y,,,电力设备,电池,锂电专用设备,15.29,15.23,15.09
sh603032,德新科技,2024-02-02,15.29,16.73,14.08,16.73,15.21,16453340.0,253791013.0,3816380680.000001,3939182226.0,178161232.36,252291430.79,1274130006.8400002,1704300587.44,430170580.6,18006631.25,6880.08,8929.62,4902.28,3984.26,8324.09,10850.6,5272.65,1614.62,,,,Y,,,电力设备,电池,锂电专用设备,15.32,15.15,15.04
sh603032,德新科技,2024-02-05,17.2,18.4,17.02,18.4,16.73,23676028.0,425230808.0,4197334400.0,4332394080.0,178161232.36,252291430.79,1274130006.8400002,1704300587.44,430170580.6,18006631.25,11854.83,13551.75,8588.3,8524.28,11621.86,14191.61,10458.1,6255.45,,,,Y,,,电力设备,电池,锂电专用设备,17.5,18.4,18.4
sh603032,德新科技,2024-02-06,17.76,19.86,16.56,18.39,18.4,33919000.0,609735771.0,4195053240.0,4330039518.0,178161232.36,252291430.79,1274130006.8400002,1704300587.44,430170580.6,18006631.25,19249.48,17766.24,9124.01,12318.4,28515.36,25772.14,4084.73,5116.8,,,,Y,,,电力设备,电池,锂电专用设备,18.76,18.07,17.73
sh603032,德新科技,2024-02-07,17.36,18.15,16.72,17.2,18.39,22594297.0,396253902.0,3923595200.0,4049846640.0,178161232.36,252291430.79,1274130006.8400002,1704300587.44,430170580.6,18006631.25,13657.05,13961.17,4542.98,4767.6,20574.57,19904.74,850.8,991.87,,,,Y,,,电力设备,电池,锂电专用设备,17.61,17.7,17.97
sh603032,德新科技,2024-02-08,16.99,18.1,16.9,17.9,17.2,17401969.0,305733132.0,4083276400.0,4214665980.0,178161232.36,252291430.79,1274130006.8400002,1704300587.44,430170580.6,18006631.25,10982.29,10612.32,4060.72,4175.38,14714.9,14860.9,815.41,924.71,,,,Y,,,电力设备,电池,锂电专用设备,17.62,17.61,17.41
sh603032,德新科技,2024-02-19,17.6,18.55,17.5,18.42,17.9,18189904.0,329896203.0,4201896720.0,4337103204.0,178161232.36,252291430.79,1274130006.8400002,1704300587.44,430170580.6,18006631.25,12133.5,11766.9,4504.15,4236.42,15785.84,15607.23,566.12,1379.07,,,,Y,,,电力设备,电池,锂电专用设备,17.79,18.23,18.24
sh603032,德新科技,2024-02-20,18.15,18.74,17.71,18.51,18.42,15297728.0,280283327.0,4222427160.0,4358294262.0,178161232.36,252291430.79,1274130006.8400002,1704300587.44,430170580.6,18006631.25,10845.46,10699.4,3164.94,3305.48,13944.16,13902.76,73.77,120.69,,,,Y,,,电力设备,电池,锂电专用设备,17.9,18.14,18.18
sh603032,德新科技,2024-02-21,18.46,19.34,18.31,18.36,18.51,18472953.0,347233759.0,4188209760.000001,4322975832.0,178161232.36,252291430.79,1274130006.8400002,1704300587.44,430170580.6,18006631.25,13065.46,13530.21,4929.23,4636.4,16172.33,15675.97,556.35,880.79,,,,Y,,,电力设备,电池,锂电专用设备,18.58,18.64,18.59
sh603032,德新科技,2024-02-22,18.3,18.78,18.09,18.66,18.36,13738812.0,253221312.0,4256644560.0,4393612692.0,178161232.36,252291430.79,1274130006.8400002,1704300587.44,430170580.6,18006631.25,8679.63,10189.69,3448.15,3680.37,12904.52,11222.67,289.83,229.41,,,,Y,,,电力设备,电池,锂电专用设备,18.6,18.37,18.48
sh603032,德新科技,2024-02-23,18.69,19.37,18.58,19.24,18.66,15241773.0,288568112.0,4388951840.0,4530177288.0,178161232.36,252291430.79,1274130006.8400002,1704300587.44,430170580.6,18006631.25,10410.91,10662.55,4009.39,4290.94,14293.09,13758.6,143.42,144.72,,,,Y,,,电力设备,电池,锂电专用设备,18.8,18.87,18.93
sh603032,德新科技,2024-02-26,19.25,20.07,18.9,19.63,19.24,16333248.0,318518171.0,4477917080.0,4622005206.0,178161232.36,252291430.79,1274130006.8400002,1704300587.44,430170580.6,18006631.25,12326.25,12308.52,4483.25,4033.91,13957.17,15248.37,1085.15,261.02,,,,Y,,,电力设备,电池,锂电专用设备,19.02,19.34,19.28
sh603032,德新科技,2024-02-27,19.35,21.17,19.12,20.99,19.63,18013045.0,361758706.0,4788154840.0,4942225638.0,178161232.36,252291430.79,1274130006.8400002,1704300587.44,430170580.6,18006631.25,13601.89,12471.04,6826.07,5705.96,14659.84,17173.85,1088.07,825.02,,,,Y,,,电力设备,电池,锂电专用设备,19.45,19.58,19.42
sh603032,德新科技,2024-02-28,20.68,21.57,18.89,18.89,20.99,21724560.0,443484595.0,4309111240.0,4447767618.0,178161232.36,252291430.79,1274130006.8400002,1704300587.44,430170580.6,18006631.25,16240.54,16111.2,8498.05,8333.05,18225.66,18366.7,1384.21,1537.51,,,,Y,,,电力设备,电池,锂电专用设备,20.7,20.68,21.15
sh603032,德新科技,2024-02-29,18.43,20.01,18.39,19.75,18.89,14858227.0,287620198.0,4505291000.0,4650259950.0,178161232.36,252291430.79,1274130006.8400002,1704300587.44,430170580.6,18006631.25,10136.17,10124.43,4542.64,5371.49,12801.13,12295.43,1282.07,970.66,,,,Y,,,电力设备,电池,锂电专用设备,19.0,19.05,19.17
sh603032,德新科技,2024-03-01,19.95,20.2,19.64,19.95,19.75,12036648.0,240106798.0,4550914200.0,4697351190.0,178161232.36,252291430.79,1274130006.8400002,1704300587.44,430170580.6,18006631.25,8276.29,9114.18,4513.37,4967.0,11132.76,9168.95,88.26,760.55,,,,Y,,,电力设备,电池,锂电专用设备,19.93,19.94,19.81
sh603032,德新科技,2024-03-04,19.86,20.36,19.44,19.67,19.95,10663948.0,210373619.0,4487041720.0,4631423454.0,178161232.36,252291430.79,1274130006.8400002,1704300587.44,430170580.6,18006631.25,6669.45,7073.53,3291.18,3393.77,9814.55,9795.86,1262.19,774.21,,,,Y,,,电力设备,电池,锂电专用设备,19.72,19.71,19.97
sh603032,德新科技,2024-03-05,19.3,19.37,18.85,18.9,19.67,9034193.0,172266296.0,4311392400.0,4450122180.0,178161232.36,252291430.79,1274130006.8400002,1704300587.44,430170580.6,18006631.25,5756.58,6547.69,1732.89,3019.66,9563.14,7476.4,174.02,182.88,,,,Y,,,电力设备,电池,锂电专用设备,19.23,19.34,19.12
sh603032,德新科技,2024-03-06,18.8,19.64,18.68,19.37,18.9,9740958.0,187233909.0,4418606920.0,4560786594.0,178161232.36,252291430.79,1274130006.8400002,1704300587.44,430170580.6,18006631.25,6889.34,6809.94,2768.21,2763.57,8825.9,8752.66,239.94,397.22,,,,Y,,,电力设备,电池,锂电专用设备,18.81,19.0,19.03
sh603032,德新科技,2024-03-07,19.3,19.5,18.45,18.46,19.37,9508062.0,179630874.0,4211021360.0,4346521452.0,178161232.36,252291430.79,1274130006.8400002,1704300587.44,430170580.6,18006631.25,5927.12,6474.59,2535.98,3282.44,9378.31,7621.79,121.68,584.26,,,,Y,,,电力设备,电池,锂电专用设备,19.2,19.25,19.3
sh603032,德新科技,2024-03-08,18.44,19.15,18.21,19.1,18.46,10249957.0,191751804.0,4357015600.0,4479244140.0,178161232.36,252291430.79,1274130006.8400002,1704300587.44,430170580.6,18006631.25,6388.89,6012.41,3113.13,3244.34,9404.25,9887.78,268.92,30.65,,,,Y,,,电力设备,电池,锂电专用设备,18.71,18.75,18.7
sh603032,德新科技,2024-03-11,19.01,21.01,19.0,21.01,19.1,15853088.0,320163158.0,4792717160.0,4927168554.0,178161232.36,252291430.79,1274130006.8400002,1704300587.44,430170580.6,18006631.25,8397.74,11013.69,6513.18,7549.45,8415.15,10751.6,8690.24,2701.56,,,,Y,,,电力设备,电池,锂电专用设备,19.6,19.7,19.66
sh603032,德新科技,2024-03-12,21.16,22.48,21.06,21.48,21.01,29312109.0,632312377.0,4899931680.0,5037390792.0,178161232.36,252291430.79,1274130006.8400002,1704300587.44,430170580.6,18006631.25,24706.91,22628.51,10721.78,14650.94,24425.45,21837.43,3377.1,4114.36,,,,Y,,,电力设备,电池,锂电专用设备,21.39,21.44,22.28
sh603032,德新科技,2024-03-13,21.43,22.88,21.31,22.16,21.48,22754610.0,502051555.0,5055050560.0,5196861264.0,178161232.36,252291430.79,1274130006.8400002,1704300587.44,430170580.6,18006631.25,19030.83,18174.46,8348.71,8102.64,20753.0,22256.45,2072.61,1671.6,,,,Y,,,电力设备,电池,锂电专用设备,21.56,21.66,22.23
sh603032,德新科技,2024-03-14,21.98,21.98,21.02,21.52,22.16,15964044.0,342884742.0,4909056320.0,5046771408.0,178161232.36,252291430.79,1274130006.8400002,1704300587.44,430170580.6,18006631.25,13077.37,12949.8,5052.83,6284.04,15801.4,13878.79,356.87,1175.85,,,,Y,,,电力设备,电池,锂电专用设备,21.8,21.7,21.5
sh603032,德新科技,2024-03-15,21.38,21.47,21.07,21.38,21.52,9172191.0,195096034.0,4877120080.0,5013939252.0,178161232.36,252291430.79,1274130006.8400002,1704300587.44,430170580.6,18006631.25,7468.03,7144.06,2916.86,2450.74,8956.65,9365.86,168.06,548.94,,,,Y,,,电力设备,电池,锂电专用设备,21.27,21.14,21.15
sh603032,德新科技,2024-03-18,21.49,22.8,21.49,22.29,21.38,16284534.0,361635677.0,5084705640.0,5227348266.0,178161232.36,252291430.79,1274130006.8400002,1704300587.44,430170580.6,18006631.25,13712.67,13462.82,6249.99,5629.51,14488.75,16331.89,1712.16,739.34,,,,Y,,,电力设备,电池,锂电专用设备,21.78,22.27,22.33
sh603032,德新科技,2024-03-19,22.25,22.5,21.63,21.64,22.29,13466583.0,296981937.0,4936430240.0,5074913256.0,178161232.36,252291430.79,1274130006.8400002,1704300587.44,430170580.6,18006631.25,11120.05,11808.72,3697.58,5466.66,14431.22,11542.93,449.34,879.89,,,,Y,,,电力设备,电池,锂电专用设备,22.22,22.38,22.39
sh603032,德新科技,2024-03-20,21.64,21.97,21.46,21.74,21.64,8889328.0,192665212.0,4959241840.0,5098364796.0,178161232.36,252291430.79,1274130006.8400002,1704300587.44,430170580.6,18006631.25,6953.3,7047.83,2642.14,3063.41,9019.45,8021.83,651.64,1133.47,,,,Y,,,电力设备,电池,锂电专用设备,21.84,21.86,21.88
sh603032,德新科技,2024-03-21,21.7,22.17,21.41,22.17,21.74,12571630.0,275125955.0,5057331720.0,5199206418.0,178161232.36,252291430.79,1274130006.8400002,1704300587.44,430170580.6,18006631.25,10370.8,10231.45,4715.88,3564.04,11993.62,12745.29,432.29,971.82,,,,Y,,,电力设备,电池,锂电专用设备,21.67,21.53,21.56
sh603032,德新科技,2024-03-22,21.99,21.99,20.96,21.45,22.17,12575065.0,269094154.0,4893088200.0,5030355330.0,178161232.36,252291430.79,1274130006.8400002,1704300587.44,430170580.6,18006631.25,10492.89,9917.82,3316.92,4162.64,12543.71,11505.89,555.89,1323.07,,,,Y,,,电力设备,电池,锂电专用设备,21.58,21.31,21.42
sh603032,德新科技,2024-03-25,20.85,22.21,20.85,21.4,21.45,9541942.0,205589262.0,4881682400.0,5018629560.0,178161232.36,252291430.79,1274130006.8400002,1704300587.44,430170580.6,18006631.25,8559.88,7971.61,2379.03,2659.25,9576.78,9720.04,43.24,208.04,,,,Y,,,电力设备,电池,锂电专用设备,21.05,21.16,21.17
sh603032,德新科技,2024-03-26,21.38,22.87,21.3,22.58,21.4,22186773.0,493106652.0,5150859280.0,5295357732.000001,178161232.36,252291430.79,1274130006.8400002,1704300587.44,430170580.6,18006631.25,19523.11,18682.55,9719.13,10412.91,19087.92,19196.98,980.51,1018.22,,,,Y,,,电力设备,电池,锂电专用设备,21.6,21.58,21.65
sh603032,德新科技,2024-03-27,22.29,22.5,20.9,20.94,22.58,14562445.0,315050096.0,4776749040.0,4910752476.0,178161232.36,252291430.79,1274130006.8400002,1704300587.44,430170580.6,18006631.25,12332.07,11880.92,4692.6,5654.5,14373.06,13129.87,107.28,839.72,,,,Y,,,电力设备,电池,锂电专用设备,22.3,21.96,21.82
sh603032,德新科技,2024-03-28,20.81,21.54,20.62,21.06,20.94,9173462.0,194037622.0,4812909192.0,4938894324.0,178161232.36,252291430.79,1274130006.8400002,1704300587.44,430170580.6,18006631.25,7862.49,8152.18,2991.16,2794.21,8550.11,8314.18,0.0,143.2,,,,Y,,,电力设备,电池,锂电专用设备,21.0,20.9,21.0
sh603032,德新科技,2024-03-29,21.0,23.17,20.88,22.6,21.06,32959878.0,751452439.0,5164850320.0,5300048040.0,178161232.36,252291430.79,1274130006.8400002,1704300587.44,430170580.6,18006631.25,21374.42,28481.71,19006.75,17391.56,19097.77,24109.68,15666.31,5162.3,,,,Y,,,电力设备,电池,锂电专用设备,21.83,22.45,22.31
sh603032,德新科技,2024-04-01,22.68,23.97,22.35,23.63,22.6,30238664.0,701608777.0,5400239516.0,5541598902.0,178161232.36,252291430.79,1274130006.8400002,1704300587.44,430170580.6,18006631.25,27425.8,25347.99,15802.29,14665.85,24535.71,25117.73,2397.09,5029.3,,,,Y,,,电力设备,电池,锂电专用设备,22.55,22.46,23.27
sh603032,德新科技,2024-04-02,23.34,24.12,23.05,23.6,23.63,19798383.0,465523996.0,5393383520.0,5534563440.0,178161232.36,252291430.79,1274130006.8400002,1704300587.44,430170580.6,18006631.25,17968.1,17997.71,7750.67,8967.93,19410.74,18861.35,1422.89,725.41,,,,Y,,,电力设备,电池,锂电专用设备,23.56,23.34,23.45
sh603032,德新科技,2024-04-03,23.43,24.22,23.08,23.11,23.6,15302657.0,361186953.0,5281402252.0,5419650894.000001,178161232.36,252291430.79,1274130006.8400002,1704300587.44,430170580.6,18006631.25,15150.3,14222.66,5453.17,6441.41,14845.22,14996.02,670.0,458.61,,,,Y,,,电力设备,电池,锂电专用设备,23.41,23.71,23.9
sh603032,德新科技,2024-04-08,22.72,25.42,22.41,25.42,23.11,30001666.0,732149619.0,5809313944.0,5961381468.0,178161232.36,252291430.79,1274130006.8400002,1704300587.44,430170580.6,18006631.25,25637.09,26273.11,17626.26,16247.56,23122.95,24492.39,6828.65,6201.9,,,,Y,,,电力设备,电池,锂电专用设备,22.84,22.6,22.93
sh603032,德新科技,2024-04-09,24.85,26.95,24.5,25.23,25.42,31518530.0,807413200.0,5765892635.999999,5916823541.999999,178161232.36,252291430.79,1274130006.8400002,1704300587.44,430170580.6,18006631.25,31632.6,31474.76,15336.6,18556.65,32370.23,28761.04,1401.89,1948.88,,,,Y,,,电力设备,电池,锂电专用设备,25.07,25.32,25.33
sh603032,德新科技,2024-04-10,22.71,23.67,22.71,22.71,25.23,20746472.0,476005816.0,5189988972.0,5325844734.0,178161232.36,252291430.79,1274130006.8400002,1704300587.44,430170580.6,18006631.25,18107.6,17993.0,7775.33,10390.98,20743.71,14776.97,973.95,4439.64,,,,Y,,,电力设备,电池,锂电专用设备,22.96,23.37,23.0
sh603032,德新科技,2024-04-11,21.5,21.89,20.45,20.67,22.71,21132194.0,445512900.0,4723781244.0,4847433318.0,178161232.36,252291430.79,1274130006.8400002,1704300587.44,430170580.6,18006631.25,17221.67,17823.14,6840.31,8863.32,19419.72,17199.98,1069.59,664.85,,,,Y,,,电力设备,电池,锂电专用设备,20.91,21.4,21.53
sh603032,德新科技,2024-04-12,20.67,20.95,19.0,19.07,20.67,20038604.0,394622451.0,4358128124.0,4472208678.0,178161232.36,252291430.79,1274130006.8400002,1704300587.44,430170580.6,18006631.25,14942.15,16349.6,4429.19,6446.53,19149.14,15407.4,941.77,1258.72,,,,Y,,,电力设备,电池,锂电专用设备,20.84,20.66,20.3
sh603032,德新科技,2024-04-15,18.9,19.2,17.4,17.78,19.07,16429424.0,296760743.0,4063320296.0,4169683812.0,178161232.36,252291430.79,1274130006.8400002,1704300587.44,430170580.6,18006631.25,11512.58,11007.51,3986.19,5563.79,13860.55,12342.51,316.75,762.26,,,,Y,,,电力设备,电池,锂电专用设备,19.12,17.9,17.99
sh603032,德新科技,2024-04-16,17.69,17.81,16.33,16.39,17.78,12390141.0,208248410.0,3745659148.000001,3843707406.0,178161232.36,252291430.79,1274130006.8400002,1704300587.44,430170580.6,18006631.25,7464.92,8093.25,2951.2,3172.05,10408.73,9381.19,0.0,178.36,,,,Y,,,电力设备,电池,锂电专用设备,17.0,16.85,16.65
sh603032,德新科技,2024-04-17,16.88,17.6,16.7,17.49,16.39,13010070.0,224605294.0,3997045668.0,4101674346.0,178161232.36,252291430.79,1274130006.8400002,1704300587.44,430170580.6,18006631.25,7876.36,8134.19,3306.83,3653.14,10850.74,10571.54,426.6,101.65,,,,Y,,,电力设备,电池,锂电专用设备,17.03,17.26,17.34
sh603032,德新科技,2024-04-18,17.35,17.36,16.65,16.85,17.49,10473109.0,177885305.0,3850784420.0,3951584490.0,178161232.36,252291430.79,1274130006.8400002,1704300587.44,430170580.6,18006631.25,6168.4,6161.86,2215.78,2167.56,9143.38,9204.9,260.97,254.21,,,,Y,,,电力设备,电池,锂电专用设备,16.95,16.84,17.09
sh603032,德新科技,2024-04-19,16.9,16.9,16.2,16.34,16.85,8187938.0,134459669.0,3734232488.0,3831981636.000001,178161232.36,252291430.79,1274130006.8400002,1704300587.44,430170580.6,18006631.25,4247.93,4867.87,1307.33,1996.22,7890.7,6451.4,0.0,130.48,,,,Y,,,电力设备,电池,锂电专用设备,16.53,16.56,16.66
sh603032,德新科技,2024-04-22,16.1,16.55,15.63,16.06,16.34,7755518.0,124693558.0,3670243192.000001,3766317324.0,178161232.36,252291430.79,1274130006.8400002,1704300587.44,430170580.6,18006631.25,4094.18,3997.09,1435.67,1500.01,6659.66,6352.55,279.85,619.7,,,,Y,,,电力设备,电池,锂电专用设备,15.92,15.72,16.16
sh603032,德新科技,2024-04-23,16.11,16.4,16.11,16.29,16.06,5545764.0,90246900.0,3748622220.0,3820255866.0,178161232.36,252291430.79,1274130006.8400002,1704300587.44,430170580.6,18006631.25,3376.89,3114.63,717.14,990.94,4930.66,4919.11,0.0,0.0,,,,Y,,,电力设备,电池,锂电专用设备,16.36,16.32,16.32
sh603032,德新科技,2024-04-24,16.19,16.85,16.13,16.8,16.29,7352660.0,121768238.0,3865982400.0,3939858720.0,178161232.36,252291430.79,1274130006.8400002,1704300587.44,430170580.6,18006631.25,4843.51,4428.22,897.66,754.67,6434.5,6993.93,1.16,0.0,,,,Y,,,电力设备,电池,锂电专用设备,16.15,16.21,16.39
sh603032,德新科技,2024-04-25,16.6,17.44,16.6,17.3,16.8,9642484.0,165518154.0,3981041400.0,4057116420.0,178161232.36,252291430.79,1274130006.8400002,1704300587.44,430170580.6,18006631.25,5900.78,5747.58,1732.06,1881.81,7731.25,8910.66,1187.72,11.77,,,,Y,,,电力设备,电池,锂电专用设备,16.75,17.1,17.1
sh603032,德新科技,2024-04-26,17.15,17.38,16.9,17.26,17.3,8490205.0,146286088.0,3971836680.0,4047735804.0,178161232.36,252291430.79,1225156442.7,1632889247.44,407732804.74,-13570516.45,5264.52,5587.78,2165.56,1953.95,7009.91,6529.78,188.63,557.1,,,,Y,,,电力设备,电池,锂电专用设备,17.14,17.26,17.17
sh603032,德新科技,2024-04-29,17.34,17.77,17.34,17.59,17.26,8205820.0,144607285.0,4047775620.0,4125125886.0,178161232.36,252291430.79,1225156442.7,1632889247.44,407732804.74,-13570516.45,4947.02,5054.5,1910.25,1792.5,7582.95,7111.36,20.5,502.36,,,,Y,,,电力设备,电池,锂电专用设备,17.49,17.69,17.55
sh603032,德新科技,2024-04-30,17.58,17.72,16.81,16.96,17.59,8914263.0,152861101.0,3902801280.000001,3977381184.0,178161232.36,252291430.79,1225156442.7,1632889247.44,407732804.74,-13570516.45,5158.09,5512.64,1695.84,2274.11,8220.61,7299.52,211.58,199.84,,,,Y,,,电力设备,电池,锂电专用设备,17.53,17.33,17.25
sh603032,德新科技,2024-05-06,17.2,17.39,16.99,17.05,16.96,6025582.0,103363685.0,3923511900.0,3998487570.0,178161232.36,252291430.79,1225156442.7,1632889247.44,407732804.74,-13570516.45,3366.37,3478.05,908.69,1757.44,6061.3,5014.37,0.0,86.51,,,,Y,,,电力设备,电池,锂电专用设备,17.27,17.26,17.14
sh603032,德新科技,2024-05-07,17.37,17.39,17.07,17.19,17.05,5317060.0,91479499.0,3955728420.0,4031319726.0,178161232.36,252291430.79,1225156442.7,1632889247.44,407732804.74,-13570516.45,3244.36,2998.22,986.08,1197.75,4902.32,4853.94,15.18,98.04,,,,Y,,,电力设备,电池,锂电专用设备,17.28,17.34,17.27
sh603032,德新科技,2024-05-08,17.12,17.19,16.65,16.7,17.19,5952492.0,100414796.0,3842970600.0,3916407180.0,178161232.36,252291430.79,1225156442.7,1632889247.44,407732804.74,-13570516.45,3316.74,3275.53,862.82,1375.96,5323.46,5032.5,538.46,357.49,,,,Y,,,电力设备,电池,锂电专用设备,16.96,16.98,17.06
sh603032,德新科技,2024-05-09,16.88,17.5,16.75,17.36,16.7,9575542.0,165808231.0,3994848480.0,4071187344.0,178161232.36,252291430.79,1225156442.7,1632889247.44,407732804.74,-13570516.45,5869.5,6213.37,1925.68,1937.4,8474.31,8196.03,311.34,234.02,,,,Y,,,电力设备,电池,锂电专用设备,17.16,17.28,17.35
sh603032,德新科技,2024-05-10,17.45,17.48,16.76,16.88,17.36,7212337.0,122349633.0,3884391840.0,3958619952.0,178161232.36,252291430.79,1225156442.7,1632889247.44,407732804.74,-13570516.45,4160.38,4202.66,1305.76,1256.24,6767.81,6459.83,1.01,316.24,,,,Y,,,电力设备,电池,锂电专用设备,17.23,17.11,16.97
sh603032,德新科技,2024-05-13,16.79,16.79,16.2,16.34,16.88,5752340.0,94098706.0,3760128120.0,3831981636.000001,178161232.36,252291430.79,1225156442.7,1632889247.44,407732804.74,-13570516.45,2698.07,3172.44,1427.6,1409.64,5039.7,4681.58,244.5,146.21,,,,Y,,,电力设备,电池,锂电专用设备,16.44,16.31,16.5
sh603032,德新科技,2024-05-14,16.34,16.52,16.2,16.36,16.34,3912502.0,63790256.0,3764730480.0,3836671944.0,178161232.36,252291430.79,1225156442.7,1632889247.44,407732804.74,-13570516.45,2205.97,2290.09,759.04,1099.94,3414.02,2944.07,0.0,44.93,,,,Y,,,电力设备,电池,锂电专用设备,16.44,16.4,16.28
sh603032,德新科技,2024-05-15,16.41,16.54,16.25,16.26,16.36,2994618.0,48887099.0,3741718680.0,3813220404.0,178161232.36,252291430.79,1225156442.7,1632889247.44,407732804.74,-13570516.45,1378.43,1507.46,789.52,440.07,2388.59,2941.17,332.16,0.0,,,,Y,,,电力设备,电池,锂电专用设备,16.31,16.3,16.31
sh603032,德新科技,2024-05-16,16.26,16.38,15.91,15.94,16.26,4651868.0,75123700.0,3668080920.0,3738175476.0,178161232.36,252291430.79,1225156442.7,1632889247.44,407732804.74,-13570516.45,2465.29,2667.26,953.27,1182.68,4093.81,3593.03,0.0,69.41,,,,Y,,,电力设备,电池,锂电专用设备,16.16,16.15,16.24
sh603032,德新科技,2024-05-17,15.97,15.97,15.43,15.85,15.94,6068120.0,95002912.0,3647370300.000001,3717069090.0,178161232.36,252291430.79,1225156442.7,1632889247.44,407732804.74,-13570516.45,3245.95,3452.91,612.66,1233.38,5641.68,4814.01,0.0,0.0,,,,Y,,,电力设备,电池,锂电专用设备,15.57,15.56,15.76
sh603032,德新科技,2024-05-20,16.09,16.65,16.0,16.36,15.85,7266656.0,118150191.0,3764730480.0,3836671944.0,178161232.36,252291430.79,1225156442.7,1632889247.44,407732804.74,-13570516.45,4385.12,3641.65,1535.66,1144.44,5852.15,6919.54,42.08,109.39,,,,Y,,,电力设备,电池,锂电专用设备,16.06,16.18,16.24
sh603032,德新科技,2024-05-21,16.36,16.36,15.87,15.87,16.36,4828181.0,77301408.0,3651972660.0,3721759398.0,178161232.36,252291430.79,1225156442.7,1632889247.44,407732804.74,-13570516.45,2671.06,2826.43,1164.25,1134.15,3894.82,3749.71,0.0,19.84,,,,Y,,,电力设备,电池,锂电专用设备,16.12,16.06,16.07
sh603032,德新科技,2024-05-22,15.9,16.19,15.77,16.14,15.87,4632280.0,74412679.0,3714104520.0,3785078556.0,178161232.36,252291430.79,1225156442.7,1632889247.44,407732804.74,-13570516.45,2581.2,2607.05,477.91,1071.32,4223.45,3746.37,158.71,16.52,,,,Y,,,电力设备,电池,锂电专用设备,16.02,16.08,16.12
sh603032,德新科技,2024-05-23,16.1,16.1,15.46,15.5,16.14,5639640.0,88402634.0,3566829000.0,3634988700.0,178161232.36,252291430.79,1225156442.7,1632889247.44,407732804.74,-13570516.45,2934.59,3000.3,952.76,1813.31,4808.52,4026.35,144.4,0.31,,,,Y,,,电力设备,电池,锂电专用设备,15.87,15.87,15.76
sh603032,德新科技,2024-05-24,15.39,15.57,15.15,15.15,15.5,3797136.0,58058862.0,3486287700.0,3552908310.0,178161232.36,252291430.79,1225156442.7,1632889247.44,407732804.74,-13570516.45,1952.3,2093.12,507.52,723.5,3346.06,2988.05,0.0,1.22,,,,Y,,,电力设备,电池,锂电专用设备,15.45,15.48,15.45
sh603032,德新科技,2024-05-27,15.11,15.2,14.64,15.1,15.15,4904081.0,72752198.0,3474781800.0,3541182540.0,178161232.36,252291430.79,1225156442.7,1632889247.44,407732804.74,-13570516.45,2315.85,2828.54,686.18,790.9,4273.19,3461.11,0.0,194.68,,,,Y,,,电力设备,电池,锂电专用设备,14.91,14.79,14.84
sh603032,德新科技,2024-05-28,15.06,15.1,14.64,14.65,15.1,3774007.0,55846279.0,3371228700.0,3435650610.0,178161232.36,252291430.79,1225156442.7,1632889247.44,407732804.74,-13570516.45,2123.44,1828.32,597.46,713.18,2863.73,2733.53,0.0,309.6,,,,Y,,,电力设备,电池,锂电专用设备,14.89,14.8,14.96
sh603032,德新科技,2024-05-29,14.98,15.25,14.77,14.89,14.65,4543727.0,68139376.0,3426457020.0,3491934306.0,178161232.36,252291430.79,1225156442.7,1632889247.44,407732804.74,-13570516.45,2480.8,2555.66,663.44,752.28,3669.7,3506.0,0.0,0.0,,,,Y,,,电力设备,电池,锂电专用设备,15.13,14.99,15.0
sh603032,德新科技,2024-05-30,14.92,14.96,14.66,14.67,14.89,2944882.0,43457316.0,3375831060.0000005,3440340918.0,178161232.36,252291430.79,1225156442.7,1632889247.44,407732804.74,-13570516.45,1611.81,1439.52,299.41,628.03,2434.51,2278.18,0.0,0.0,,,,Y,,,电力设备,电池,锂电专用设备,14.89,14.71,14.92
sh603032,德新科技,2024-05-31,14.74,14.75,14.49,14.53,14.67,3197180.0,46561966.0,3343614540.0000005,3407508762.0,178161232.36,252291430.79,1225156442.7,1632889247.44,407732804.74,-13570516.45,1521.44,1913.2,504.32,493.27,2630.44,2173.13,0.0,76.6,,,,Y,,,电力设备,电池,锂电专用设备,14.68,14.69,14.62
sh603032,德新科技,2024-06-03,14.53,14.54,14.02,14.13,14.53,4392287.0,62305529.0,3251567340.0,3313702602.0,178161232.36,252291430.79,1225156442.7,1632889247.44,407732804.74,-13570516.45,1867.36,2373.9,433.13,791.39,3768.84,2951.14,161.23,114.12,,,,Y,,,电力设备,电池,锂电专用设备,14.28,14.3,14.37
sh603032,德新科技,2024-06-04,14.04,14.11,13.53,13.73,14.13,5804404.0,79494045.0,3159520140.0000005,3219896442.0,178161232.36,252291430.79,1225156442.7,1632889247.44,407732804.74,-13570516.45,2486.59,2791.21,693.41,1284.33,4769.4,3521.3,0.0,352.56,,,,Y,,,电力设备,电池,锂电专用设备,13.8,13.66,13.85
sh603032,德新科技,2024-06-05,13.69,13.75,13.41,13.41,13.73,4047877.0,54873818.0,3085882380.0,3144851513.9999995,178161232.36,252291430.79,1225156442.7,1632889247.44,407732804.74,-13570516.45,1609.75,1854.83,605.43,719.9,2986.33,2912.65,285.87,0.0,,,,Y,,,电力设备,电池,锂电专用设备,13.5,13.52,13.6
sh603032,德新科技,2024-06-06,13.35,13.5,12.37,12.46,13.41,8720528.0,111279843.0,2867270280.0,2922061884.0,178161232.36,252291430.79,1225156442.7,1632889247.44,407732804.74,-13570516.45,3336.18,4031.67,866.86,1534.08,6924.94,5250.24,0.0,311.99,,,,Y,,,电力设备,电池,锂电专用设备,13.43,13.17,13.16
sh603032,德新科技,2024-06-07,12.56,12.92,12.49,12.8,12.46,5618707.0,71386219.0,2945510400.0,3001797120.0,178161232.36,252291430.79,1225156442.7,1632889247.44,407732804.74,-13570516.45,2204.07,2452.5,418.87,766.7,4364.98,3919.42,150.71,0.0,,,,Y,,,电力设备,电池,锂电专用设备,12.68,12.83,12.71
sh603032,德新科技,2024-06-11,12.8,12.99,12.53,12.98,12.8,4420720.0,56698230.0,2986931640.0,3044009892.0,178161232.36,252291430.79,1225156442.7,1632889247.44,407732804.74,-13570516.45,1792.7,1917.91,473.72,623.28,3403.4,3063.43,0.0,65.21,,,,Y,,,电力设备,电池,锂电专用设备,12.58,12.73,12.69
sh603032,德新科技,2024-06-12,12.95,13.37,12.94,13.26,12.98,4332117.0,57001045.0,3051364680.0,3109674204.0,178161232.36,252291430.79,1225156442.7,1632889247.44,407732804.74,-13570516.45,1758.75,1685.37,359.3,409.9,3373.06,3604.83,209.01,0.0,,,,Y,,,电力设备,电池,锂电专用设备,13.04,13.11,13.08
sh603032,德新科技,2024-06-13,13.25,13.43,13.09,13.18,13.26,3552128.0,47016900.0,3032955239.9999995,3090912971.9999995,178161232.36,252291430.79,1225156442.7,1632889247.44,407732804.74,-13570516.45,1231.71,1557.04,319.28,361.98,3150.7,2782.67,0.0,0.0,,,,Y,,,电力设备,电池,锂电专用设备,13.39,13.22,13.21
sh603032,德新科技,2024-06-14,13.1,13.17,12.88,13.03,13.18,3885695.0,50625321.0,2998437540.0,3055735662.0,178161232.36,252291430.79,1225156442.7,1632889247.44,407732804.74,-13570516.45,1378.66,1149.6,258.06,364.53,3425.81,3443.21,0.0,105.19,,,,Y,,,电力设备,电池,锂电专用设备,13.1,13.07,13.1
sh603032,德新科技,2024-06-17,13.06,13.06,12.74,12.79,13.03,3712337.0,47749535.0,2943209220.0,2999451966.0000005,178161232.36,252291430.79,1225156442.7,1632889247.44,407732804.74,-13570516.45,1375.07,1421.31,241.09,328.74,3158.8,3024.9,0.0,0.0,,,,,Y,,电力设备,电池,锂电专用设备,12.9,12.8,12.92
sh603032,德新科技,2024-06-18,12.8,12.86,12.55,12.62,12.79,4802240.0,60984269.0,2904089160.0000005,2959584348.0,178161232.36,252291430.79,1225156442.7,1632889247.44,407732804.74,-13570516.45,1760.47,1744.24,559.32,556.76,3601.55,3629.77,177.09,167.66,,,,,Y,,电力设备,电池,锂电专用设备,12.81,12.74,12.82
sh603032,德新科技,2024-06-19,12.62,12.65,12.18,12.2,12.62,4382742.0,54140530.0,2807439600.0,2861087880.0,178161232.36,252291430.79,1225156442.7,1632889247.44,407732804.74,-13570516.45,1306.72,1595.84,440.22,481.59,3667.12,3336.62,0.0,0.0,,,,,Y,,电力设备,电池,锂电专用设备,12.58,12.49,12.46
sh603032,德新科技,2024-06-20,12.2,12.22,11.53,11.55,12.2,6665160.0,78229086.0,2657862900.0,2708652870.0,178161232.36,252291430.79,1225156442.7,1632889247.44,407732804.74,-13570516.45,2234.4,2508.53,792.75,1331.69,4795.76,3680.68,0.0,302.0,,,,,Y,,电力设备,电池,锂电专用设备,12.06,11.83,11.88
sh603032,德新科技,2024-06-21,11.55,11.56,11.22,11.3,11.55,4306900.0,48858306.0,2600333400.0,2650024020.0,178161232.36,252291430.79,1225156442.7,1632889247.44,407732804.74,-13570516.45,1268.0,1487.65,270.07,167.0,3347.77,3231.18,0.0,0.0,,,,,Y,,电力设备,电池,锂电专用设备,11.4,11.42,11.44
sh603032,德新科技,2024-06-24,11.24,11.24,10.76,10.85,11.3,5648620.0,61679977.0,2496780300.0,2544492090.0,178161232.36,252291430.79,1225156442.7,1632889247.44,407732804.74,-13570516.45,1501.28,1919.25,269.26,443.43,4397.46,3805.32,0.0,0.0,,,,,Y,,电力设备,电池,锂电专用设备,11.01,11.0,10.93
sh603032,德新科技,2024-06-25,10.84,11.0,10.68,10.9,10.85,4451920.0,48428953.0,2508286200.0,2556217860.0,178161232.36,252291430.79,1225156442.7,1632889247.44,407732804.74,-13570516.45,1277.26,1413.75,293.98,277.83,3271.66,3151.32,0.0,0.0,,,,,Y,,电力设备,电池,锂电专用设备,10.9,10.75,10.84
sh603032,德新科技,2024-06-26,10.9,11.7,10.72,11.56,10.9,8224740.0,92966854.0,2660164080.0,2710998024.0,178161232.36,252291430.79,1225156442.7,1632889247.44,407732804.74,-13570516.45,3059.14,2886.9,1024.55,357.18,4743.26,5937.0,469.73,115.6,,,,,Y,,电力设备,电池,锂电专用设备,10.75,10.81,10.87
sh603032,德新科技,2024-06-27,11.46,11.67,11.33,11.41,11.56,5433400.0,62538744.0,2625646380.0,2675820714.0,178161232.36,252291430.79,1225156442.7,1632889247.44,407732804.74,-13570516.45,1565.95,1697.16,563.08,647.65,4124.85,3793.07,0.0,116.0,,,,,Y,,电力设备,电池,锂电专用设备,11.48,11.58,11.58
sh603032,德新科技,2024-06-28,11.35,11.69,11.35,11.43,11.41,3983160.0,45962802.0,2630248740.0,2680511022.0,178161232.36,252291430.79,1225156442.7,1632889247.44,407732804.74,-13570516.45,1402.01,1322.1,332.42,275.48,2861.85,2998.7,0.0,0.0,,,,,Y,,电力设备,电池,锂电专用设备,11.56,11.6,11.64
sh603032,德新科技,2024-07-01,11.48,11.6,11.11,11.36,11.43,3638500.0,41010547.0,2614140480.0,2664094944.0000005,178161232.36,252291430.79,1225156442.7,1632889247.44,407732804.74,-13570516.45,1137.11,1173.82,188.16,506.64,2775.78,2412.5,0.0,8.09,,,,,Y,,电力设备,电池,锂电专用设备,11.55,11.31,11.3
sh603032,德新科技,2024-07-02,11.28,11.55,11.2,11.39,11.36,3134502.0,35751612.0,2621044020.0,2671130406.0,178161232.36,252291430.79,1225156442.7,1632889247.44,407732804.74,-13570516.45,831.79,1146.19,259.09,203.71,2484.28,2225.26,0.0,0.0,,,,,Y,,电力设备,电池,锂电专用设备,11.35,11.36,11.49
sh603032,德新科技,2024-07-03,11.39,11.57,11.28,11.36,11.39,2767100.0,31537797.0,2614140480.0,2664094944.0000005,178161232.36,252291430.79,1225156442.7,1632889247.44,407732804.74,-13570516.45,1073.9,868.16,201.15,207.56,1878.73,2078.06,0.0,0.0,,,,,Y,,电力设备,电池,锂电专用设备,11.52,11.45,11.45
sh603032,德新科技,2024-07-04,11.37,11.42,10.91,10.92,11.36,3470440.0,38501747.0,2512888560.0,2560908168.0,178161232.36,252291430.79,1225156442.7,1632889247.44,407732804.74,-13570516.45,1071.68,1214.03,374.92,433.52,2399.82,2202.62,3.75,0.0,,,,,Y,,电力设备,电池,锂电专用设备,11.33,11.27,11.18
sh603032,德新科技,2024-07-05,10.92,11.07,10.69,11.02,10.92,3098162.0,33866780.0,2535900360.0,2584359708.0,178161232.36,252291430.79,1225156442.7,1632889247.44,407732804.74,-13570516.45,979.59,1032.11,104.18,105.99,2302.9,2248.58,0.0,0.0,,,,,Y,,电力设备,电池,锂电专用设备,10.75,10.83,10.93
sh603032,德新科技,2024-07-08,10.99,10.99,10.69,10.72,11.02,3061220.0,33009255.0,2466864960.0,2514005088.0,178161232.36,252291430.79,1225156442.7,1632889247.44,407732804.74,-13570516.45,802.46,920.51,597.41,241.03,1901.06,2139.38,0.0,0.0,,,,,Y,,电力设备,电池,锂电专用设备,10.89,10.86,10.8
sh603032,德新科技,2024-07-09,10.76,10.78,10.32,10.62,10.72,3672081.0,38665923.0,2443853160.0,2490553548.0,178161232.36,252291430.79,1225156442.7,1632889247.44,407732804.74,-13570516.45,916.35,1099.35,213.21,252.91,2737.03,2514.34,0.0,0.0,,,,,Y,,电力设备,电池,锂电专用设备,10.71,10.67,10.59
sh603032,德新科技,2024-07-10,10.64,11.1,10.52,10.7,10.62,5340998.0,57898934.0,2462262600.0,2509314780.0,178161232.36,252291430.79,1225156442.7,1632889247.44,407732804.74,-13570516.45,1977.37,1891.27,607.27,477.75,3131.42,3420.87,73.83,0.0,,,,,Y,,电力设备,电池,锂电专用设备,10.55,10.81,11.01
sh603032,德新科技,2024-07-11,11.05,11.77,10.9,11.77,10.7,6797460.0,77168711.0,2708488860.0,2760246258.0,178161232.36,252291430.79,1225156442.7,1632889247.44,407732804.74,-13570516.45,1915.57,2810.88,1672.42,1007.66,3191.31,3702.0,937.57,196.33,,,,,Y,,电力设备,电池,锂电专用设备,11.01,10.99,11.01
sh603032,德新科技,2024-07-12,11.78,12.95,11.77,12.95,11.77,13418700.0,166273182.0,2980028100.0,3036974430.0000005,178161232.36,252291430.79,1225156442.7,1632889247.44,407732804.74,-13570516.45,4513.47,5545.12,2371.52,2427.04,6611.3,8419.56,3131.03,235.6,,,,,Y,,电力设备,电池,锂电专用设备,12.47,12.21,12.22
sh603032,德新科技,2024-07-15,13.0,13.52,12.22,12.33,12.95,19088630.0,243671939.0,2837354940.0,2891574882.0,178161232.36,252291430.79,1225156442.7,1632889247.44,407732804.74,-13570516.45,7858.32,8063.54,2278.15,4202.19,14038.87,11385.12,191.86,716.35,,,,,Y,,电力设备,电池,锂电专用设备,13.35,13.17,13.06
sh603032,德新科技,2024-07-16,12.5,12.68,12.12,12.4,12.33,9582201.0,118757713.0,2853463200.0,2907990960.0,178161232.36,252291430.79,1225156442.7,1632889247.44,407732804.74,-13570516.45,3612.17,3793.73,1146.91,917.11,7116.69,7164.94,0.0,0.0,,,,,Y,,电力设备,电池,锂电专用设备,12.56,12.45,12.34
sh603032,德新科技,2024-07-17,12.39,12.72,12.22,12.47,12.4,9317370.0,116475188.0,2869571460.0,2924407038.0,178161232.36,252291430.79,1225156442.7,1632889247.44,407732804.74,-13570516.45,3545.73,3534.76,1147.17,1105.83,6627.87,7006.93,326.74,0.0,,,,,Y,,电力设备,电池,锂电专用设备,12.4,12.56,12.5
sh603032,德新科技,2024-07-18,12.2,12.25,11.9,12.22,12.47,8931400.0,107827915.0,2812041960.0,2865778188.0,178161232.36,252291430.79,1225156442.7,1632889247.44,407732804.74,-13570516.45,3223.46,3172.68,849.4,977.04,6322.68,5722.15,387.24,910.92,,,,,Y,,电力设备,电池,锂电专用设备,12.11,12.01,12.02
sh603032,德新科技,2024-07-19,12.16,13.44,12.06,12.8,12.22,14414290.0,184041481.0,2945510400.0,3001797120.0,178161232.36,252291430.79,1225156442.7,1632889247.44,407732804.74,-13570516.45,5941.56,5354.21,2172.78,1611.2,9393.69,11134.03,896.12,304.71,,,,,Y,,电力设备,电池,锂电专用设备,12.38,12.43,12.34
sh603032,德新科技,2024-07-22,12.8,12.92,12.58,12.63,12.8,7973630.0,101395760.0,2906390340.0,2961929502.0,178161232.36,252291430.79,1225156442.7,1632889247.44,407732804.74,-13570516.45,2979.03,3300.51,882.71,1314.18,6160.86,5290.98,116.98,233.91,,,,,Y,,电力设备,电池,锂电专用设备,12.73,12.81,12.86
sh603032,德新科技,2024-07-23,12.63,12.77,12.31,12.35,12.63,5864760.0,73490465.0,2841957300.0,2896265189.9999995,178161232.36,252291430.79,1225156442.7,1632889247.44,407732804.74,-13570516.45,2292.1,2191.32,582.26,653.5,4474.69,4504.23,0.0,0.0,,,,,Y,,电力设备,电池,锂电专用设备,12.57,12.69,12.66
sh603032,德新科技,2024-07-24,12.3,12.48,11.97,12.1,12.35,6872660.0,83568017.0,2784427800.0000005,2837636340.0,178161232.36,252291430.79,1225156442.7,1632889247.44,407732804.74,-13570516.45,2072.57,2598.46,904.93,984.68,5252.74,4773.67,126.55,0.0,,,,,Y,,电力设备,电池,锂电专用设备,12.32,12.06,12.04
sh603032,德新科技,2024-07-25,12.05,12.46,12.01,12.19,12.1,6731421.0,82602228.0,2805138420.0,2858742726.0000005,178161232.36,252291430.79,1225156442.7,1632889247.44,407732804.74,-13570516.45,2467.8,2526.79,751.9,607.1,5040.53,5126.33,0.0,0.0,,,,,Y,,电力设备,电池,锂电专用设备,12.29,12.23,12.35
sh603032,德新科技,2024-07-26,12.1,12.43,12.09,12.39,12.19,5529468.0,68106449.0,2851162020.0,2905645806.0,178161232.36,252291430.79,1225156442.7,1632889247.44,407732804.74,-13570516.45,2170.42,2439.16,661.64,909.9,3978.58,3441.83,0.0,19.75,,,,,Y,,电力设备,电池,锂电专用设备,12.17,12.3,12.35
sh603032,德新科技,2024-07-29,12.55,12.79,12.11,12.49,12.39,6129220.0,76120670.0,2874173820.0,2929097346.0000005,178161232.36,252291430.79,1225156442.7,1632889247.44,407732804.74,-13570516.45,2470.81,2422.77,821.06,535.3,4320.19,4516.04,0.0,137.96,,,,,Y,,电力设备,电池,锂电专用设备,12.25,12.21,12.22
sh603032,德新科技,2024-07-30,12.4,12.7,12.36,12.43,12.49,4901080.0,61409542.0,2860366740.0,2915026422.0,178161232.36,252291430.79,1225156442.7,1632889247.44,407732804.74,-13570516.45,1845.66,2156.64,492.45,381.47,3802.84,3602.84,0.0,0.0,,,,,Y,,电力设备,电池,锂电专用设备,12.52,12.65,12.52
sh603032,德新科技,2024-07-31,12.3,13.67,12.29,13.67,12.43,12178578.0,160206056.0,3145713060.0,3205825518.0,178161232.36,252291430.79,1225156442.7,1632889247.44,407732804.74,-13570516.45,4339.33,5521.91,2785.74,1805.29,6359.43,8220.44,2536.1,472.96,,,,,Y,,电力设备,电池,锂电专用设备,12.48,12.9,12.78
sh603032,德新科技,2024-08-01,13.88,14.58,13.7,14.01,13.67,18725894.0,262239683.0,3223953180.0000005,3285560753.9999995,178161232.36,252291430.79,1262888501.12,1644765893.0,381877391.88,21356109.45,8728.54,7843.85,3416.62,5111.71,13851.36,12409.21,227.45,859.2,,,,,Y,,电力设备,电池,锂电专用设备,13.99,14.17,14.02
sh603032,德新科技,2024-08-02,13.89,15.41,13.8,15.41,14.01,19036184.0,283773401.0,3546118380.0,3613882314.0,178161232.36,252291430.79,1262888501.12,1644765893.0,381877391.88,21356109.45,6891.05,9961.99,7104.82,5038.29,8333.88,12654.48,6047.59,722.58,,,,,Y,,电力设备,电池,锂电专用设备,14.55,14.95,14.81
sh603032,德新科技,2024-08-05,15.28,15.28,13.87,13.87,15.41,20114227.0,288869823.0,3191736660.0000005,3252728598.0,178161232.36,252291430.79,1262888501.12,1644765893.0,381877391.88,21356109.45,9868.02,9663.03,3489.83,5031.08,14522.14,12495.08,1006.99,1697.8,,,,,Y,,电力设备,电池,锂电专用设备,14.52,14.44,14.41
sh603032,德新科技,2024-08-06,13.87,14.3,13.6,13.87,13.87,13344459.0,185063164.0,3191736660.0000005,3252728598.0,178161232.36,252291430.79,1262888501.12,1644765893.0,381877391.88,21356109.45,6008.65,6194.26,2066.31,2781.63,10251.76,9243.05,179.6,287.38,,,,,Y,,电力设备,电池,锂电专用设备,13.89,13.96,14.0
sh603032,德新科技,2024-08-07,13.81,13.9,13.45,13.46,13.87,8268637.0,112265413.0,3097388280.0,3156577284.0,178161232.36,252291430.79,1262888501.12,1644765893.0,381877391.88,21356109.45,3424.73,3539.93,918.66,1336.76,6594.33,5552.85,288.82,797.01,,,,,Y,,电力设备,电池,锂电专用设备,13.71,13.57,13.68
sh603032,德新科技,2024-08-08,13.53,13.77,13.27,13.63,13.46,8485226.0,114774775.0,3136508339.9999995,3196444902.0,178161232.36,252291430.79,1262888501.12,1644765893.0,381877391.88,21356109.45,3581.86,3792.42,1440.99,1215.73,6303.68,6469.33,150.95,0.0,,,,,Y,,电力设备,电池,锂电专用设备,13.39,13.32,13.36
sh603032,德新科技,2024-08-09,13.56,13.68,13.21,13.22,13.63,5709106.0,76730637.0,3042159960.0,3100293588.0,178161232.36,252291430.79,1262888501.12,1644765893.0,381877391.88,21356109.45,2107.75,2496.37,774.9,803.4,4484.34,4188.75,306.07,184.54,,,,,Y,,电力设备,电池,锂电专用设备,13.6,13.5,13.55
sh603032,德新科技,2024-08-12,13.1,13.38,12.95,13.23,13.22,4410860.0,58146268.0,3044461140.0,3102638742.0,178161232.36,252291430.79,1262888501.12,1644765893.0,381877391.88,21356109.45,1441.31,1734.41,363.59,399.95,4009.73,3680.27,0.0,0.0,,,,,Y,,电力设备,电池,锂电专用设备,13.08,13.02,13.15
sh603032,德新科技,2024-08-13,13.18,13.57,12.97,13.39,13.23,6143360.0,81577041.0,3081280020.0,3140161206.0,178161232.36,252291430.79,1262888501.12,1644765893.0,381877391.88,21356109.45,2821.19,2108.16,728.35,698.57,4608.16,5184.38,0.0,166.6,,,,,Y,,电力设备,电池,锂电专用设备,13.01,13.04,13.1
sh603032,德新科技,2024-08-14,13.31,13.59,13.15,13.18,13.39,4847020.0,64479605.0,3032955239.9999995,3090912971.9999995,178161232.36,252291430.79,1262888501.12,1644765893.0,381877391.88,21356109.45,1923.82,1809.92,668.88,354.6,3781.07,4283.43,74.2,0.0,,,,,Y,,电力设备,电池,锂电专用设备,13.47,13.35,13.3
sh603032,德新科技,2024-08-15,13.07,13.42,12.88,13.3,13.18,5278380.0,69687985.0,3060569400.0,3119054820.0,178161232.36,252291430.79,1262888501.12,1644765893.0,381877391.88,21356109.45,1969.0,2406.14,588.17,685.69,4411.63,3876.97,0.0,0.0,,,,,Y,,电力设备,电池,锂电专用设备,13.01,12.95,12.97
sh603032,德新科技,2024-08-16,13.45,13.5,13.05,13.05,13.3,4115787.0,54459423.0,3003039900.0,3060425970.0,178161232.36,252291430.79,1262888501.12,1644765893.0,381877391.88,21356109.45,1487.19,1616.36,729.0,507.49,3229.75,3322.09,0.0,0.0,,,,,Y,,电力设备,电池,锂电专用设备,13.21,13.24,13.19
sh603032,德新科技,2024-08-19,12.99,13.11,12.72,12.95,13.05,4794960.0,61915162.0,2980028100.0,3036974430.0000005,178161232.36,252291430.79,1262888501.12,1644765893.0,381877391.88,21356109.45,1887.93,2121.79,609.35,747.29,3694.23,3322.43,0.0,0.0,,,,,Y,,电力设备,电池,锂电专用设备,13.0,13.05,12.97
sh603032,德新科技,2024-08-20,12.94,13.05,12.84,13.05,12.95,3568680.0,46292663.0,3003039900.0,3060425970.0,178161232.36,252291430.79,1262888501.12,1644765893.0,381877391.88,21356109.45,1527.88,1356.89,500.88,440.04,2594.93,2832.34,5.58,0.0,,,,,Y,,电力设备,电池,锂电专用设备,12.92,12.97,12.88
sh603032,德新科技,2024-08-21,13.15,13.79,12.86,13.59,13.05,10541800.0,142166347.0,3127303620.0,3187064286.0,178161232.36,252291430.79,1262888501.12,1644765893.0,381877391.88,21356109.45,5226.67,4348.27,1413.09,1001.65,7576.87,8866.71,0.0,0.0,,,,,Y,,电力设备,电池,锂电专用设备,12.91,13.32,13.53
sh603032,德新科技,2024-08-22,13.6,13.78,12.35,12.51,13.59,11255470.0,148435214.0,2878776180.0,2933787653.9999995,178161232.36,252291430.79,1262888501.12,1644765893.0,381877391.88,21356109.45,5220.33,4812.14,1185.22,1175.43,8437.97,8855.95,0.0,0.0,,,,,Y,,电力设备,电池,锂电专用设备,13.54,13.65,13.65
sh603032,德新科技,2024-08-23,12.39,12.47,11.9,11.95,12.51,8580017.0,103831372.0,2749910100.0,2802459030.0,178161232.36,252291430.79,1262888501.12,1644765893.0,381877391.88,21356109.45,3071.55,3642.7,645.64,1524.1,6665.94,5104.77,0.0,111.56,,,,,Y,,电力设备,电池,锂电专用设备,12.32,12.25,12.2
sh603032,德新科技,2024-08-26,12.05,13.15,12.05,13.15,11.95,5289438.0,68856251.0,3026051700.0,3083877510.0,178161232.36,252291430.79,1262888501.12,1644765893.0,381877391.88,21356109.45,1085.3,1926.32,1281.8,1586.21,899.76,2366.46,3618.77,1006.63,,,,,Y,,电力设备,电池,锂电专用设备,13.15,13.15,13.15
sh603032,德新科技,2024-08-27,13.14,13.18,12.59,12.78,13.15,10461425.0,134003571.0,2940908040.0,2997106812.0,178161232.36,252291430.79,1262888501.12,1644765893.0,381877391.88,21356109.45,3900.42,3753.27,1237.81,1129.85,8262.13,8517.24,0.0,0.0,,,,,Y,,电力设备,电池,锂电专用设备,12.73,12.7,12.81
sh603032,德新科技,2024-08-28,12.78,12.8,12.38,12.58,12.78,4664204.0,58667353.0,2894884440.0,2950203731.9999995,178161232.36,252291430.79,1262888501.12,1644765893.0,381877391.88,21356109.45,1908.65,1817.41,445.67,419.98,3512.41,3624.4,0.0,4.93,,,,,Y,,电力设备,电池,锂电专用设备,12.52,12.48,12.6
sh603032,德新科技,2024-08-29,12.47,12.96,12.44,12.8,12.58,6185260.0,78779021.0,2945510400.0,3001797120.0,178161232.36,252291430.79,1262888501.12,1644765893.0,381877391.88,21356109.45,2411.06,2271.74,903.82,774.08,4563.02,4704.19,0.0,127.9,,,,,Y,,电力设备,电池,锂电专用设备,12.73,12.52,12.59
sh603032,德新科技,2024-08-30,12.72,13.21,12.61,13.05,12.8,7214580.0,93627914.0,3003039900.0,3054396870.0,178161232.36,252291430.79,1262888501.12,1644765893.0,381877391.88,21356109.45,3083.25,3078.36,935.03,1044.86,5344.51,4950.47,0.0,289.1,,,,,Y,,电力设备,电池,锂电专用设备,12.69,12.82,12.81
sh603032,德新科技,2024-09-02,13.1,13.15,12.67,12.69,13.05,5728500.0,73991004.0,2920197420.0000005,2970137646.0,178161232.36,252291430.79,1262888501.12,1644765893.0,381877391.88,21356109.45,2266.24,2398.2,721.8,1104.1,4336.72,3772.22,74.35,124.59,,,,,Y,,电力设备,电池,锂电专用设备,12.99,12.89,13.01
sh603032,德新科技,2024-09-03,12.69,13.31,12.54,13.14,12.69,7527300.0,98257586.0,3023750520.0000005,3075461676.0,178161232.36,252291430.79,1262888501.12,1644765893.0,381877391.88,21356109.45,3306.3,3030.64,769.77,875.09,5548.08,5920.03,201.61,0.0,,,,,Y,,电力设备,电池,锂电专用设备,12.6,12.77,12.81
sh603032,德新科技,2024-09-04,13.14,13.55,13.01,13.55,13.14,11965056.0,160037492.0,3118098900.0,3171423570.0,178161232.36,252291430.79,1262888501.12,1644765893.0,381877391.88,21356109.45,5610.36,4807.19,2239.92,1595.27,8144.12,9350.66,9.35,250.63,,,,,Y,,电力设备,电池,锂电专用设备,13.24,13.42,13.4
sh603032,德新科技,2024-09-05,13.37,13.62,13.22,13.41,13.55,8181776.0,109592597.0,3085882380.0,3138656094.0,178161232.36,252291430.79,1262888501.12,1644765893.0,381877391.88,21356109.45,3651.34,3480.82,1080.41,896.38,6227.51,6582.06,0.0,0.0,,,,,Y,,电力设备,电池,锂电专用设备,13.45,13.48,13.51
sh603032,德新科技,2024-09-06,13.42,13.54,12.77,12.8,13.41,8054676.0,105690252.0,2945510400.0,2995883520.0,178161232.36,252291430.79,1262888501.12,1644765893.0,381877391.88,21356109.45,3149.59,3679.03,975.19,1131.42,6444.25,5758.57,0.0,0.0,,,,,Y,,电力设备,电池,锂电专用设备,13.32,13.35,13.49
sh603032,德新科技,2024-09-09,12.66,12.88,12.53,12.74,12.8,4097940.0,51915127.0,2931703320.0,2981840316.0,178161232.36,252291430.79,1262888501.12,1644765893.0,381877391.88,21356109.45,1596.56,1432.56,520.51,764.35,3074.44,2994.6,0.0,0.0,,,,,Y,,电力设备,电池,锂电专用设备,12.78,12.63,12.78
sh603032,德新科技,2024-09-10,12.88,14.01,12.81,14.01,12.74,23137159.0,320183101.0,3223953180.0000005,3279088134.0,178161232.36,252291430.79,1262888501.12,1644765893.0,381877391.88,21356109.45,8355.29,11883.96,6439.05,5748.13,8356.84,12832.61,8867.14,1553.61,,,,,Y,,电力设备,电池,锂电专用设备,13.48,13.65,14.01
sh603032,德新科技,2024-09-11,13.99,15.41,13.9,15.41,14.01,27757382.0,405948179.0,3546118380.0,3606762894.0,178161232.36,252291430.79,1262888501.12,1644765893.0,381877391.88,21356109.45,11413.66,14520.83,6540.64,7953.98,14475.62,16146.93,8164.9,1973.08,,,,,Y,,电力设备,电池,锂电专用设备,14.17,14.4,14.57
sh603032,德新科技,2024-09-12,15.19,15.19,14.37,14.58,15.41,24732802.0,362365323.0,3355120440.0,3412498572.0000005,178161232.36,252291430.79,1262888501.12,1644765893.0,381877391.88,21356109.45,12728.5,11677.95,3902.44,6479.89,18605.18,15699.82,1000.42,2378.86,,,,,Y,,电力设备,电池,锂电专用设备,14.55,14.75,14.69
sh603032,德新科技,2024-09-13,14.7,14.84,14.31,14.46,14.58,13698126.0,199038836.0,3327506280.0000005,3384412163.9999995,178161232.36,252291430.79,1262888501.12,1644765893.0,381877391.88,21356109.45,7014.47,6371.07,2660.12,2328.71,9381.89,9644.41,847.41,1559.7,,,,,Y,,电力设备,电池,锂电专用设备,14.55,14.79,14.5
sh603032,德新科技,2024-09-18,14.5,14.59,13.61,13.82,14.46,12355041.0,171526761.0,3180230760.0,3234617988.0,178161232.36,252291430.79,1262888501.12,1644765893.0,381877391.88,21356109.45,5814.09,5339.7,1565.48,2596.09,9773.1,8871.15,0.0,345.73,,,,,Y,,电力设备,电池,锂电专用设备,14.14,14.02,13.92
sh603032,德新科技,2024-09-19,13.74,14.05,13.47,13.91,13.82,10958791.0,151718591.0,3200941380.0,3255682794.0,178161232.36,252291430.79,1262888501.12,1644765893.0,381877391.88,21356109.45,5922.88,5211.87,1120.2,1515.09,8128.78,8444.9,0.0,0.0,,,,,Y,,电力设备,电池,锂电专用设备,13.58,13.53,13.65
sh603032,德新科技,2024-09-20,13.79,13.96,13.66,13.93,13.91,9391040.0,129760003.0,3205543740.0,3260363862.0,178161232.36,252291430.79,1262888501.12,1644765893.0,381877391.88,21356109.45,5174.11,4719.63,1276.55,1369.03,6313.84,6675.72,211.5,211.61,,,,,Y,,电力设备,电池,锂电专用设备,13.73,13.84,13.8
sh603032,德新科技,2024-09-23,14.08,14.09,13.63,13.73,13.93,7516900.0,103768061.0,3159520140.0000005,3213553182.0,178161232.36,252291430.79,1262888501.12,1644765893.0,381877391.88,21356109.45,3716.74,3227.24,810.01,880.63,5727.72,6264.05,122.33,4.88,,,,,Y,,电力设备,电池,锂电专用设备,13.95,13.86,13.79
sh603032,德新科技,2024-09-24,13.79,14.41,13.63,14.41,13.73,15024524.0,211506466.0,3316000380.0,3372709494.0,178161232.36,252291430.79,1262888501.12,1644765893.0,381877391.88,21356109.45,7747.06,7424.47,2673.44,2370.66,10381.12,11209.93,349.02,145.58,,,,,Y,,电力设备,电池,锂电专用设备,13.83,13.94,13.77
sh603032,德新科技,2024-09-25,14.33,14.93,14.3,14.64,14.41,15613236.0,228435371.0,3368927520.0,3426541776.0,178161232.36,252291430.79,1262888501.12,1644765893.0,381877391.88,21356109.45,8795.01,8167.37,2783.66,2959.25,11161.84,11701.22,103.02,15.7,,,,,Y,,电力设备,电池,锂电专用设备,14.5,14.6,14.61
sh603032,德新科技,2024-09-26,14.42,14.87,14.38,14.85,14.64,10929764.0,160076042.0,3417252300.0,3475692990.0,178161232.36,252291430.79,1262888501.12,1644765893.0,381877391.88,21356109.45,5873.82,6145.71,1857.47,1925.45,8121.36,7848.19,154.96,88.26,,,,,Y,,电力设备,电池,锂电专用设备,14.57,14.55,14.59
sh603032,德新科技,2024-09-27,14.9,16.3,14.9,15.76,14.85,12682100.0,198180350.0,3626659680.0,3688681584.0,178161232.36,252291430.79,1262888501.12,1644765893.0,381877391.88,21356109.45,6964.65,7090.21,2753.02,3451.05,9754.77,9228.66,345.6,48.11,,,,,Y,,电力设备,电池,锂电专用设备,15.19,15.12,15.31
sh603032,德新科技,2024-09-30,16.7,17.34,16.0,17.33,15.76,20155054.0,338837309.0,3987944940.0,4056145422.000001,178161232.36,252291430.79,1262888501.12,1644765893.0,381877391.88,21356109.45,11699.13,13033.9,5080.28,5416.68,15827.74,14192.75,1276.58,1240.4,,,,,Y,,电力设备,电池,锂电专用设备,16.85,16.47,16.27
sh603032,德新科技,2024-10-08,19.06,19.06,17.7,18.99,17.33,20737907.0,385803251.0,4369940820.0,4444674066.0,178161232.36,252291430.79,1262888501.12,1644765893.0,381877391.88,21356109.45,13784.02,12959.64,8236.81,7818.68,15512.23,14982.03,1047.27,2819.97,,,,,Y,,电力设备,电池,锂电专用设备,18.85,18.18,18.76
sh603032,德新科技,2024-10-09,18.5,18.53,17.09,17.09,18.99,14149852.0,247625928.0,3932716620.0,3999972606.0,178161232.36,252291430.79,1262888501.12,1644765893.0,381877391.88,21356109.45,8536.34,9152.07,4199.29,4321.59,11068.75,10679.64,958.21,609.29,,,,,Y,,电力设备,电池,锂电专用设备,18.15,18.06,18.0
sh603032,德新科技,2024-10-10,16.5,17.09,16.0,16.21,17.09,10722748.0,175899705.0,3730212780.0,3794005614.0,178161232.36,252291430.79,1262888501.12,1644765893.0,381877391.88,21356109.45,6972.77,6290.06,2669.5,2390.41,7947.7,7995.0,0.0,914.5,,,,,Y,,电力设备,电池,锂电专用设备,16.45,16.75,16.3
sh603032,德新科技,2024-10-11,16.26,17.28,16.01,16.54,16.21,11946678.0,198717609.0,3806151720.0,3871243236.0,178161232.36,252291430.79,1262888501.12,1644765893.0,381877391.88,21356109.45,7170.2,7154.71,4092.18,3115.46,8196.72,9281.27,412.66,320.32,,,,,Y,,电力设备,电池,锂电专用设备,16.15,16.38,16.47
sh603032,德新科技,2024-10-14,16.61,17.16,16.36,16.69,16.54,10803100.0,181177689.0,3840669420.0,3906351246.0,178161232.36,252291430.79,1262888501.12,1644765893.0,381877391.88,21356109.45,6666.34,6145.23,2786.11,3455.77,8184.8,7183.08,480.51,1333.69,,,,,Y,,电力设备,电池,锂电专用设备,16.8,16.74,16.54
sh603032,德新科技,2024-10-15,16.28,16.3,15.7,15.7,16.69,12370672.0,197038169.0,3612852600.0,3674638380.0,178161232.36,252291430.79,1262888501.12,1644765893.0,381877391.88,21356109.45,6987.37,7361.14,2453.65,4131.94,10073.05,8050.74,189.75,160.0,,,,,Y,,电力设备,电池,锂电专用设备,16.07,16.0,15.9
sh603032,德新科技,2024-10-16,15.43,15.88,15.41,15.69,15.7,5614420.0,87805404.0,3610551420.0,3672297846.0,178161232.36,252291430.79,1262888501.12,1644765893.0,381877391.88,21356109.45,3297.06,3376.21,687.42,697.9,4796.06,4706.44,0.0,0.0,,,,,Y,,电力设备,电池,锂电专用设备,15.62,15.8,15.73
sh603032,德新科技,2024-10-17,15.69,15.94,15.45,15.54,15.69,6185999.0,96792562.0,3576033719.9999995,3637189836.0,178161232.36,252291430.79,1262888501.12,1644765893.0,381877391.88,21356109.45,3631.38,3361.86,1148.97,1551.6,4898.9,4477.24,0.0,288.56,,,,,Y,,电力设备,电池,锂电专用设备,15.75,15.78,15.69
sh603032,德新科技,2024-10-18,15.55,16.16,15.32,15.94,15.54,8858468.0,139153142.0,3668080920.0,3730811196.0,178161232.36,252291430.79,1262888501.12,1644765893.0,381877391.88,21356109.45,4977.68,5548.14,1581.87,1564.38,7230.6,6802.79,125.16,0.0,,,,,Y,,电力设备,电池,锂电专用设备,15.54,15.42,15.41
sh603032,德新科技,2024-10-21,15.95,16.22,15.85,16.0,15.94,9742716.0,156062512.0,3681888000.0,3744854400.0,178161232.36,252291430.79,1262888501.12,1644765893.0,381877391.88,21356109.45,5185.53,5373.24,2332.16,2967.96,6580.01,6469.09,1508.55,795.96,,,,,Y,,电力设备,电池,锂电专用设备,16.04,16.07,16.04
sh603032,德新科技,2024-10-22,16.19,16.9,15.95,16.82,16.0,12504533.0,204436941.0,3870584760.000001,3936778188.0,178161232.36,252291430.79,1262888501.12,1644765893.0,381877391.88,21356109.45,6944.26,6889.49,3810.22,4225.85,8969.58,8680.98,719.63,647.39,,,,,Y,,电力设备,电池,锂电专用设备,16.15,16.2,16.11
sh603032,德新科技,2024-10-23,17.0,17.07,16.49,16.62,16.82,10775920.0,180372172.0,3824561160.0,3889967508.0,178161232.36,252291430.79,1262888501.12,1644765893.0,381877391.88,21356109.45,7127.25,7156.68,3187.27,2795.18,7631.05,7836.87,91.65,248.48,,,,,Y,,电力设备,电池,锂电专用设备,16.79,16.69,16.64
sh603032,德新科技,2024-10-24,16.7,16.7,16.04,16.1,16.62,6565020.0,106482329.0,3704899800.0,3768259740.0,178161232.36,252291430.79,1262888501.12,1644765893.0,381877391.88,21356109.45,3762.93,3981.34,1318.39,1688.88,5375.43,4617.83,191.48,360.19,,,,,Y,,电力设备,电池,锂电专用设备,16.5,16.33,16.25
sh603032,德新科技,2024-10-25,16.06,16.85,16.04,16.69,16.1,10770740.0,178833433.0,3840669420.0,3906351246.0,178161232.36,252291430.79,1262888501.12,1644765893.0,381877391.88,21356109.45,6330.94,6422.48,2541.13,3172.21,8897.67,7390.38,113.59,898.27,,,,,Y,,电力设备,电池,锂电专用设备,16.44,16.51,16.49
sh603032,德新科技,2024-10-28,16.81,17.14,16.52,16.9,16.69,9302960.0,156462682.0,3888994200.0,3955502460.0,178161232.36,252291430.79,1262888501.12,1644765893.0,381877391.88,21356109.45,5571.08,5742.73,1892.12,2670.04,7606.08,6995.64,576.99,237.86,,,,,Y,,电力设备,电池,锂电专用设备,16.8,16.58,16.57
sh603032,德新科技,2024-10-29,17.08,17.74,16.95,17.43,16.9,16639359.0,288339397.0,4010956740.0,4079550762.0,178161232.36,252291430.79,1262888501.12,1644765893.0,381877391.88,21356109.45,11154.59,9686.69,5415.2,5061.43,11635.22,13580.66,628.93,505.16,,,,,Y,,电力设备,电池,锂电专用设备,17.28,17.25,17.11
sh603032,德新科技,2024-10-30,17.45,17.76,16.89,17.22,17.43,13283466.0,229547463.0,3962631960.0,4030399548.0,-33182203.02000001,294645189.36,1306378406.23,1816617941.63,510239535.4,8513954.07,8689.43,8973.32,2897.71,3097.68,11226.36,10602.2,141.25,281.55,,,,,Y,,电力设备,电池,锂电专用设备,17.05,16.92,17.31
sh603032,德新科技,2024-10-31,17.2,17.28,16.68,17.14,17.22,11358278.0,193828540.0,3944222520.0,4011675276.0,-33182203.02000001,294645189.36,1306378406.23,1816617941.63,510239535.4,8513954.07,6533.28,6739.95,2210.26,4255.47,9779.94,7530.52,859.38,856.9,,,,,Y,,电力设备,电池,锂电专用设备,16.79,16.77,16.95
sh603032,德新科技,2024-11-01,17.0,17.3,16.22,16.28,17.14,11258548.0,187308060.0,3746321040.0,3810389352.0,-33182203.02000001,294645189.36,1306378406.23,1816617941.63,510239535.4,8513954.07,6059.25,5905.14,3642.34,4354.79,8699.33,7972.93,329.89,497.94,,,,,Y,,电力设备,电池,锂电专用设备,17.25,16.9,16.83
sh603032,德新科技,2024-11-04,16.2,16.72,16.13,16.64,16.28,5204248.0,86057208.0,3829163520.0,3894648576.0,-33182203.02000001,294645189.36,1306378406.23,1816617941.63,510239535.4,8513954.07,2741.99,3208.66,929.83,1386.7,4786.88,4010.36,147.02,0.0,,,,,Y,,电力设备,电池,锂电专用设备,16.24,16.61,16.56
sh603032,德新科技,2024-11-05,16.6,17.01,16.52,16.97,16.64,7664730.0,129203793.0,3905102460.0,3971886198.0,-33182203.02000001,294645189.36,1306378406.23,1816617941.63,510239535.4,8513954.07,4362.8,4384.64,2165.86,2720.94,5621.12,5067.71,770.6,747.09,,,,,Y,,电力设备,电池,锂电专用设备,16.62,16.66,16.67
sh603032,德新科技,2024-11-06,16.92,17.5,16.75,16.88,16.97,9749568.0,167287684.0,3884391840.0,3950821392.0,-33182203.02000001,294645189.36,1306378406.23,1816617941.63,510239535.4,8513954.07,5661.18,5804.85,2725.63,3278.72,8163.71,6907.38,178.26,737.82,,,,,Y,,电力设备,电池,锂电专用设备,17.34,17.31,17.38
sh603032,德新科技,2024-11-07,16.72,17.42,16.58,17.4,16.88,9720282.0,166300671.0,4004053200.0,4072529160.000001,-33182203.02000001,294645189.36,1306378406.23,1816617941.63,510239535.4,8513954.07,5918.55,5624.63,2461.48,2124.27,7436.43,7606.01,813.61,1275.16,,,,,Y,,电力设备,电池,锂电专用设备,16.63,17.01,17.04
sh603032,德新科技,2024-11-08,17.51,17.98,17.23,17.28,17.4,10481100.0,184755218.0,3976439040.0,4044442752.0,-33182203.02000001,294645189.36,1306378406.23,1816617941.63,510239535.4,8513954.07,6393.32,6751.79,2978.51,3362.59,7710.39,7990.43,1393.31,370.71,,,,,Y,,电力设备,电池,锂电专用设备,17.74,17.7,17.88
sh603032,德新科技,2024-11-11,17.28,18.48,17.25,18.4,17.28,14972620.0,270415655.0,4234171200.0,4306582560.0,-33182203.02000001,294645189.36,1306378406.23,1816617941.63,510239535.4,8513954.07,8822.4,9880.69,5101.15,4469.01,11966.79,11619.48,1151.23,1072.39,,,,,Y,,电力设备,电池,锂电专用设备,17.63,17.94,17.88
sh603032,德新科技,2024-11-12,18.43,18.79,17.76,17.95,18.4,11727134.0,214071913.0,4130618100.0,4201258530.0,-33182203.02000001,294645189.36,1306378406.23,1816617941.63,510239535.4,8513954.07,7094.39,7637.22,2950.92,4026.7,10387.13,8521.72,974.75,1221.55,,,,,Y,,电力设备,电池,锂电专用设备,18.43,18.46,18.6
sh603032,德新科技,2024-11-13,17.99,18.58,17.71,18.34,17.95,10671900.0,193938282.0,4220364120.0,4292539356.000001,-33182203.02000001,294645189.36,1306378406.23,1816617941.63,510239535.4,8513954.07,6888.79,6771.87,3088.51,2610.99,9183.81,9265.86,232.71,745.11,,,,,Y,,电力设备,电池,锂电专用设备,18.31,18.34,18.3
sh603032,德新科技,2024-11-14,18.83,20.17,18.83,19.01,18.34,37518882.0,739971890.0,4374543180.0,4449355134.0,-33182203.02000001,294645189.36,1306378406.23,1816617941.63,510239535.4,8513954.07,21401.5,23053.81,17794.2,15085.03,20535.19,27578.24,14266.3,8280.12,,,,,Y,,电力设备,电池,锂电专用设备,19.91,19.52,20.17
sh603032,德新科技,2024-11-15,18.01,20.91,17.74,20.3,19.01,44274458.0,869450154.0,4671395400.0,4751284020.0,-33182203.02000001,294645189.36,1306378406.23,1816617941.63,510239535.4,8513954.07,29367.11,28570.63,21302.5,19312.82,25817.08,28302.6,10458.32,10758.96,,,,,Y,,电力设备,电池,锂电专用设备,18.03,18.15,18.18
sh603032,德新科技,2024-11-18,20.0,20.19,18.27,18.27,20.3,29535201.0,554889190.0,4204255860.0,4276155618.000001,-33182203.02000001,294645189.36,1306378406.23,1816617941.63,510239535.4,8513954.07,21146.1,17561.34,9924.2,13891.37,21790.31,16656.34,2628.31,7379.87,,,,,Y,,电力设备,电池,锂电专用设备,19.2,18.31,18.67
sh603032,德新科技,2024-11-19,17.63,18.4,17.12,18.34,18.27,19505885.0,346651553.0,4220364120.0,4292539356.000001,-33182203.02000001,294645189.36,1306378406.23,1816617941.63,510239535.4,8513954.07,12540.57,12493.03,4317.23,6628.25,16471.37,13634.57,1335.99,1909.31,,,,,Y,,电力设备,电池,锂电专用设备,17.7,18.28,17.81
sh603032,德新科技,2024-11-20,18.37,19.03,17.86,18.72,18.34,18967609.0,353596625.0,4307808960.0,4381479648.0,-33182203.02000001,294645189.36,1306378406.23,1816617941.63,510239535.4,8513954.07,13352.77,13327.53,5732.67,5890.39,15349.19,15369.89,925.04,771.85,,,,,Y,,电力设备,电池,锂电专用设备,18.06,18.9,18.61
sh603032,德新科技,2024-11-21,18.71,18.71,17.9,18.15,18.72,16074869.0,291732076.0,4176641700.0,4248069210.0,-33182203.02000001,294645189.36,1306378406.23,1816617941.63,510239535.4,8513954.07,9845.92,10162.71,4863.69,6670.49,13776.72,11597.7,686.89,742.31,,,,,Y,,电力设备,电池,锂电专用设备,18.27,18.51,18.27
sh603032,德新科技,2024-11-22,18.0,18.1,16.69,16.7,18.15,14967898.0,260664148.0,3842970600.0,3908691780.0,-33182203.02000001,294645189.36,1306378406.23,1816617941.63,510239535.4,8513954.07,8687.11,9263.03,3335.24,5281.89,13456.55,10062.18,587.52,1459.31,,,,,Y,,电力设备,电池,锂电专用设备,17.9,18.04,17.9
sh603032,德新科技,2024-11-25,16.75,17.09,16.29,16.79,16.7,10760277.0,178874340.0,3863681220.0,3929756586.000001,-33182203.02000001,294645189.36,1306378406.23,1816617941.63,510239535.4,8513954.07,6525.8,6971.71,1728.83,3240.19,9268.86,7572.77,363.95,102.77,,,,,Y,,电力设备,电池,锂电专用设备,17.0,16.57,16.4
sh603032,德新科技,2024-11-26,16.77,16.77,16.1,16.15,16.79,8953601.0,146463594.0,3716405700.0,3779962410.0,-33182203.02000001,294645189.36,1306378406.23,1816617941.63,510239535.4,8513954.07,4994.26,4763.8,2012.24,2342.44,7321.77,6464.47,318.09,1075.65,,,,,Y,,电力设备,电池,锂电专用设备,16.71,16.67,16.51
sh603032,德新科技,2024-11-27,16.03,16.09,15.46,16.08,16.15,9462379.0,148825877.0,3700297440.0,3763578672.0,-33182203.02000001,294645189.36,1306378406.23,1816617941.63,510239535.4,8513954.07,4807.35,4951.69,2009.82,2521.0,7937.86,6775.67,127.55,634.23,,,,,Y,,电力设备,电池,锂电专用设备,15.86,15.7,15.61
sh603032,德新科技,2024-11-28,16.08,16.38,15.91,15.95,16.08,7816200.0,126185433.0,3670382100.0,3733151730.0,-33182203.02000001,294645189.36,1306378406.23,1816617941.63,510239535.4,8513954.07,4750.79,4414.05,1804.09,1880.79,5755.61,5874.67,308.06,449.03,,,,,Y,,电力设备,电池,锂电专用设备,16.17,16.14,16.11
sh603032,德新科技,2024-11-29,15.88,16.33,15.64,16.27,15.95,8002737.0,128708933.0,3744019860.0,3808048818.0,-33182203.02000001,294645189.36,1306378406.23,1816617941.63,510239535.4,8513954.07,4269.98,4314.63,2074.03,2246.19,6078.6,5879.12,448.29,430.95,,,,,Y,,电力设备,电池,锂电专用设备,15.83,15.93,15.88
sh603032,德新科技,2024-12-02,16.27,16.5,16.16,16.47,16.27,6801135.0,111353829.0,3790043460.0,3854859498.0,-33182203.02000001,294645189.36,1306378406.23,1816617941.63,510239535.4,8513954.07,4042.54,3965.82,1291.35,1669.02,5592.99,5357.85,208.51,142.69,,,,,Y,,电力设备,电池,锂电专用设备,16.33,16.31,16.36
sh603032,德新科技,2024-12-03,16.45,16.51,16.11,16.31,16.47,5838819.0,95151271.0,3753224580.0,3817410954.0,-33182203.02000001,294645189.36,1306378406.23,1816617941.63,510239535.4,8513954.07,3638.54,3539.62,794.91,1454.75,4889.75,4393.81,191.92,126.94,,,,,Y,,电力设备,电池,锂电专用设备,16.42,16.39,16.28
sh603032,德新科技,2024-12-04,16.2,16.3,15.8,15.92,16.31,6539021.0,104810087.0,3663478560.000001,3726130128.000001,-33182203.02000001,294645189.36,1306378406.23,1816617941.63,510239535.4,8513954.07,3703.04,3364.73,1587.41,1477.85,5059.1,4859.88,131.46,778.54,,,,,Y,,电力设备,电池,锂电专用设备,16.23,16.21,16.12
sh603032,德新科技,2024-12-05,15.8,16.25,15.8,16.15,15.92,5719160.0,92210570.0,3716405700.0,3779962410.0,-33182203.02000001,294645189.36,1306378406.23,1816617941.63,510239535.4,8513954.07,3666.63,3502.46,1083.53,1235.9,4352.66,4027.44,118.23,455.26,,,,,Y,,电力设备,电池,锂电专用设备,16.09,16.08,16.03
sh603032,德新科技,2024-12-06,16.16,16.32,15.86,16.26,16.15,6673023.0,107778170.0,3741718680.0,3805708284.0,-33182203.02000001,294645189.36,1306378406.23,1816617941.63,510239535.4,8513954.07,4003.46,4005.9,1640.28,1919.23,4915.77,4669.6,218.31,183.09,,,,,Y,,电力设备,电池,锂电专用设备,16.03,15.94,15.94
sh603032,德新科技,2024-12-09,16.19,16.34,15.95,16.13,16.26,5573618.0,90083017.0,3711803340.0,3775281342.0,-33182203.02000001,294645189.36,1306378406.23,1816617941.63,510239535.4,8513954.07,3251.36,3323.84,1110.37,1359.2,4054.0,3931.99,592.57,393.28,,,,,Y,,电力设备,电池,锂电专用设备,16.26,16.27,16.3
sh603032,德新科技,2024-12-10,16.56,16.97,16.2,16.64,16.13,12929518.0,214314499.0,3829163520.0,3894648576.0,-33182203.02000001,294645189.36,1306378406.23,1816617941.63,510239535.4,8513954.07,8727.7,7949.64,3914.17,3656.27,8529.3,9348.85,260.28,476.69,,,,,Y,,电力设备,电池,锂电专用设备,16.3,16.38,16.25
sh603032,德新科技,2024-12-11,16.43,16.62,16.42,16.58,16.64,7205863.0,119027513.0,3815356440.0,3880605372.0,-33182203.02000001,294645189.36,1306378406.23,1816617941.63,510239535.4,8513954.07,4926.58,4380.85,1072.15,1859.96,5754.86,5119.58,149.16,542.35,,,,,Y,,电力设备,电池,锂电专用设备,16.57,16.52,16.5
sh603032,德新科技,2024-12-12,16.57,17.39,16.48,17.06,16.58,11280940.0,191996383.0,3925813080.0,3992951004.0,-33182203.02000001,294645189.36,1306378406.23,1816617941.63,510239535.4,8513954.07,6826.07,7129.8,3684.05,2105.15,7920.53,9368.51,768.99,596.19,,,,,Y,,电力设备,电池,锂电专用设备,16.64,16.93,17.1
sh603032,德新科技,2024-12-13,16.96,16.96,16.45,16.51,17.06,7559100.0,125918034.0,3799248180.000001,3864221634.0,-33182203.02000001,294645189.36,1306378406.23,1816617941.63,510239535.4,8513954.07,4704.31,4520.53,1040.01,1724.17,6563.34,6200.22,284.13,146.87,,,,,Y,,电力设备,电池,锂电专用设备,16.86,16.8,16.7
sh603032,德新科技,2024-12-16,16.4,16.5,15.78,15.87,16.51,7645800.0,122555972.0,3651972660.0,3714427458.0,-33182203.02000001,294645189.36,1306378406.23,1816617941.63,510239535.4,8513954.07,4258.08,4363.24,1659.29,2466.76,6338.23,5263.04,0.0,162.56,,,,,Y,,电力设备,电池,锂电专用设备,16.37,16.19,16.14
sh603032,德新科技,2024-12-17,15.98,15.98,15.2,15.24,15.87,5854960.0,90517667.0,3506998320.0,3566973816.0,-33182203.02000001,294645189.36,1306378406.23,1816617941.63,510239535.4,8513954.07,3125.44,3020.09,848.85,1165.49,4896.43,4652.46,181.05,213.73,,,,,Y,,电力设备,电池,锂电专用设备,15.68,15.57,15.55
sh603032,德新科技,2024-12-18,15.06,15.32,14.8,15.1,15.24,5157805.0,77591532.0,3474781800.0,3534206340.0,-33182203.02000001,294645189.36,1306378406.23,1816617941.63,510239535.4,8513954.07,2587.82,2605.62,968.86,1000.57,4186.16,4038.75,16.31,114.21,,,,,Y,,电力设备,电池,锂电专用设备,14.81,14.91,14.97
sh603032,德新科技,2024-12-19,14.95,15.13,14.83,15.09,15.1,3496217.0,52351040.0,3472480620.0,3531865806.0,-33182203.02000001,294645189.36,1306378406.23,1816617941.63,510239535.4,8513954.07,1827.39,1646.48,286.44,786.6,3120.98,2802.03,0.3,0.0,,,,,Y,,电力设备,电池,锂电专用设备,14.99,15.04,14.98
sh603032,德新科技,2024-12-20,15.13,15.4,15.07,15.31,15.09,4205594.0,64156510.0,3523106580.0,3583357554.0,-33182203.02000001,294645189.36,1306378406.23,1816617941.63,510239535.4,8513954.07,2273.09,2236.6,568.46,696.88,3269.2,3482.18,304.89,0.0,,,,,Y,,电力设备,电池,锂电专用设备,15.15,15.17,15.19
sh603032,德新科技,2024-12-23,15.29,15.29,14.19,14.27,15.31,6333363.0,92826472.0,3283783860.0,3339942018.0,-33182203.02000001,294645189.36,1306378406.23,1816617941.63,510239535.4,8513954.07,3246.28,3164.56,513.72,1162.57,5414.63,4685.8,108.02,269.71,,,,,Y,,电力设备,电池,锂电专用设备,15.03,14.93,14.99
sh603032,德新科技,2024-12-24,14.38,14.77,14.36,14.51,14.27,3867854.0,56212033.0,3339012180.0,3396114834.0000005,-33182203.02000001,294645189.36,1306378406.23,1816617941.63,510239535.4,8513954.07,1919.6,2078.52,731.96,833.32,2969.64,2709.36,0.0,0.0,,,,,Y,,电力设备,电池,锂电专用设备,14.7,14.51,14.54
sh603032,德新科技,2024-12-25,14.6,14.6,13.96,14.09,14.51,3694900.0,52303900.0,3242362620.0,3297812406.0,-33182203.02000001,294645189.36,1306378406.23,1816617941.63,510239535.4,8513954.07,1844.06,1712.12,191.48,531.87,3060.39,2752.41,134.45,234.0,,,,,Y,,电力设备,电池,锂电专用设备,14.48,14.31,14.23
sh603032,德新科技,2024-12-26,14.14,14.38,14.11,14.29,14.09,2583524.0,36856961.0,3288386219.9999995,3344623086.0,-33182203.02000001,294645189.36,1306378406.23,1816617941.63,510239535.4,8513954.07,1044.39,1261.39,358.83,340.56,2282.48,2083.75,0.0,0.0,,,,,Y,,电力设备,电池,锂电专用设备,14.21,14.2,14.24
sh603032,德新科技,2024-12-27,14.29,14.48,14.21,14.34,14.29,2653617.0,38137582.0,3299892120.0,3356325756.0,-33182203.02000001,294645189.36,1306378406.23,1816617941.63,510239535.4,8513954.07,1357.11,1280.82,220.39,506.61,2236.26,2026.32,0.0,0.0,,,,,Y,,电力设备,电池,锂电专用设备,14.32,14.35,14.38
sh603032,德新科技,2024-12-30,14.25,14.26,13.69,13.75,14.34,4823138.0,66898853.0,3164122500.0,3218234250.0,-33182203.02000001,294645189.36,1306378406.23,1816617941.63,510239535.4,8513954.07,2243.59,2006.77,411.91,1161.6,4034.38,3521.52,0.0,0.0,,,,,Y,,电力设备,电池,锂电专用设备,13.97,14.04,14.03
sh603032,德新科技,2024-12-31,13.78,13.87,13.42,13.45,13.75,3629764.0,49247897.0,3095087100.0,3148018229.9999995,-33182203.02000001,294645189.36,1306378406.23,1816617941.63,510239535.4,8513954.07,1624.92,1903.09,315.31,605.79,2984.56,2415.91,0.0,0.0,,,,,Y,,电力设备,电池,锂电专用设备,13.8,13.61,13.59
sh603032,德新科技,2025-01-02,13.45,13.62,12.95,13.1,13.45,4126458.0,54765153.0,3014545800.0,3066099540.0000005,-33182203.02000001,294645189.36,1306378406.23,1816617941.63,510239535.4,8513954.07,1506.25,1608.81,434.54,728.39,3282.16,3008.76,253.57,130.55,,,,,Y,,电力设备,电池,锂电专用设备,13.27,13.36,13.41
sh603032,德新科技,2025-01-03,13.2,13.29,12.56,12.56,13.1,4155820.0,53572634.0,2890282080.0,2939710704.0000005,-33182203.02000001,294645189.36,1306378406.23,1816617941.63,510239535.4,8513954.07,1562.37,1674.6,486.48,453.9,3308.41,3228.76,0.0,0.0,,,,,Y,,电力设备,电池,锂电专用设备,13.01,13.13,13.01
sh603032,德新科技,2025-01-06,12.55,13.1,12.25,12.95,12.56,4987061.0,63393983.0,2980028100.0,3030991530.0,-33182203.02000001,294645189.36,1306378406.23,1816617941.63,510239535.4,8513954.07,1796.6,1940.05,910.85,437.91,3631.95,3961.43,0.0,0.0,,,,,Y,,电力设备,电池,锂电专用设备,12.39,12.51,12.62
sh603032,德新科技,2025-01-07,12.95,13.15,12.9,13.13,12.95,3596121.0,46895340.0,3021449340.0,3073121142.0,-33182203.02000001,294645189.36,1306378406.23,1816617941.63,510239535.4,8513954.07,1450.36,1493.85,472.83,395.2,2644.95,2691.77,121.4,108.72,,,,,Y,,电力设备,电池,锂电专用设备,13.02,13.06,13.09
sh603032,德新科技,2025-01-08,13.05,13.07,12.53,12.91,13.13,3812864.0,48972790.0,2970823380.0,3021629393.9999995,-33182203.02000001,294645189.36,1306378406.23,1816617941.63,510239535.4,8513954.07,1312.07,1314.25,695.28,905.69,2889.92,2677.34,0.0,0.0,,,,,Y,,电力设备,电池,锂电专用设备,13.01,13.01,12.99
sh603032,德新科技,2025-01-09,12.91,13.28,12.81,13.18,12.91,3301960.0,43414190.0,3032955239.9999995,3084823812.0,-33182203.02000001,294645189.36,1306378406.23,1816617941.63,510239535.4,8513954.07,1403.26,1529.86,457.29,173.01,2480.87,2638.54,0.0,0.0,,,,,Y,,电力设备,电池,锂电专用设备,13.05,13.19,13.13
sh603032,德新科技,2025-01-10,13.08,13.37,12.81,12.81,13.18,3187760.0,41841010.0,2947811580.0,2998224054.0,-33182203.02000001,294645189.36,1306378406.23,1816617941.63,510239535.4,8513954.07,1304.7,1166.3,630.43,378.96,2248.97,2638.84,0.0,0.0,,,,,Y,,电力设备,电池,锂电专用设备,13.21,13.29,13.25
sh603032,德新科技,2025-01-13,12.81,12.91,12.56,12.81,12.81,2155955.0,27494301.0,2947811580.0,2998224054.0,-33182203.02000001,294645189.36,1306378406.23,1816617941.63,510239535.4,8513954.07,741.0,937.7,357.8,303.74,1650.62,1507.98,0.0,0.0,,,,,Y,,电力设备,电池,锂电专用设备,12.7,12.71,12.75
sh603032,德新科技,2025-01-14,12.81,13.42,12.81,13.41,12.81,4000920.0,52771946.0,3085882380.0,3138656094.0,-33182203.02000001,294645189.36,1306378406.23,1816617941.63,510239535.4,8513954.07,1514.16,1727.86,486.5,554.45,3276.54,2994.89,0.0,0.0,,,,,Y,,电力设备,电池,锂电专用设备,12.91,13.0,13.08
sh603032,德新科技,2025-01-15,13.47,13.57,13.2,13.51,13.41,2995820.0,40148882.0,3108894180.0,3162061434.0,-33182203.02000001,294645189.36,1306378406.23,1816617941.63,510239535.4,8513954.07,1204.02,1311.3,181.29,216.71,2629.58,2486.88,0.0,0.0,,,,,Y,,电力设备,电池,锂电专用设备,13.31,13.26,13.31
sh603032,德新科技,2025-01-16,13.51,13.76,13.32,13.55,13.51,3271660.0,44349580.0,3118098900.0,3171423570.0,-33182203.02000001,294645189.36,1306378406.23,1816617941.63,510239535.4,8513954.07,1338.87,1406.78,418.84,476.44,2677.25,2551.73,0.0,0.0,,,,,Y,,电力设备,电池,锂电专用设备,13.64,13.7,13.68
sh603032,德新科技,2025-01-17,13.39,13.69,13.39,13.61,13.55,2498700.0,33953071.0,3131905980.0,3185466774.0,-33182203.02000001,294645189.36,1306378406.23,1816617941.63,510239535.4,8513954.07,1025.47,1173.25,309.0,159.69,1939.3,2062.37,121.54,0.0,,,,,Y,,电力设备,电池,锂电专用设备,13.58,13.54,13.54
sh603032,德新科技,2025-01-20,13.61,13.76,13.25,13.48,13.61,4321816.0,58081984.0,3101990640.0,3155039832.0,-33182203.02000001,294645189.36,1306378406.23,1816617941.63,510239535.4,8513954.07,1859.61,1936.04,709.53,959.08,3239.06,2756.72,0.0,156.35,,,,,Y,,电力设备,电池,锂电专用设备,13.32,13.4,13.4
sh603032,德新科技,2025-01-21,13.56,13.56,13.2,13.29,13.48,2735057.0,36365245.0,3058268220.0,3110569686.0,-33182203.02000001,294645189.36,1306378406.23,1816617941.63,510239535.4,8513954.07,1084.98,1233.18,493.28,570.38,2058.27,1816.04,0.0,16.91,,,,,Y,,电力设备,电池,锂电专用设备,13.44,13.37,13.25
sh603032,德新科技,2025-01-22,13.29,13.29,13.02,13.09,13.29,1883180.0,24695243.0,3012244620.0,3063759006.0,-33182203.02000001,294645189.36,1306378406.23,1816617941.63,510239535.4,8513954.07,734.64,837.82,165.03,54.57,1569.86,1577.14,0.0,0.0,,,,,Y,,电力设备,电池,锂电专用设备,13.06,13.15,13.19
sh603032,德新科技,2025-01-23,13.3,13.42,13.0,13.0,13.09,2836820.0,37596408.0,2991534000.0,3042694200.0,-33182203.02000001,294645189.36,1306378406.23,1816617941.63,510239535.4,8513954.07,1096.61,1183.34,370.74,258.39,2292.29,2317.92,0.0,0.0,,,,,Y,,电力设备,电池,锂电专用设备,13.2,13.36,13.41
sh603032,德新科技,2025-01-24,12.92,13.19,12.91,13.18,13.0,2502380.0,32667771.0,3032955239.9999995,3084823812.0,-33182203.02000001,294645189.36,1306378406.23,1816617941.63,510239535.4,8513954.07,1034.58,1195.96,230.55,251.29,2001.64,1819.53,0.0,0.0,,,,,Y,,电力设备,电池,锂电专用设备,12.97,13.02,12.93
sh603032,德新科技,2025-01-27,13.19,13.44,13.0,13.0,13.18,2381120.0,31417171.0,2991534000.0,3042694200.0,-33182203.02000001,294645189.36,1306378406.23,1816617941.63,510239535.4,8513954.07,991.88,840.32,355.39,486.63,1794.44,1814.77,0.0,0.0,,,,,Y,,电力设备,电池,锂电专用设备,13.38,13.4,13.33
sh603032,德新科技,2025-02-05,13.11,13.31,13.08,13.27,13.0,2848820.0,37625759.0,3053665860.0,3104848250.0,-33182203.02000001,294645189.36,1306378406.23,1816617941.63,510239535.4,8513954.07,971.29,1251.39,431.01,507.33,2335.81,1876.16,0.0,103.24,,,,,Y,,电力设备,电池,锂电专用设备,13.13,13.13,13.08
sh603032,德新科技,2025-02-06,13.27,14.14,13.21,14.0,13.27,6785480.0,92944388.0,3221652000.0,3275650000.0,-33182203.02000001,294645189.36,1306378406.23,1816617941.63,510239535.4,8513954.07,3089.84,2953.51,1460.2,1190.86,4177.2,5150.07,567.2,0.0,,,,,Y,,电力设备,电池,锂电专用设备,13.35,13.27,13.27
sh603032,德新科技,2025-02-07,14.0,14.26,13.9,14.04,14.0,5389540.0,75991669.0,3230856720.0,3285009000.0,-33182203.02000001,294645189.36,1306378406.23,1816617941.63,510239535.4,8513954.07,2421.51,2737.73,920.29,959.99,4091.88,3901.45,165.49,0.0,,,,,Y,,电力设备,电池,锂电专用设备,14.07,14.06,14.18
sh603032,德新科技,2025-02-10,14.18,14.21,13.9,14.2,14.04,4050700.0,56990109.0,3267675600.0,3322445000.0,-33182203.02000001,294645189.36,1306378406.23,1816617941.63,510239535.4,8513954.07,1704.36,1842.56,731.65,1085.07,3062.42,2587.44,200.58,183.95,,,,,Y,,电力设备,电池,锂电专用设备,13.99,13.99,13.95
sh603032,德新科技,2025-02-11,14.1,14.2,13.92,13.99,14.2,2851500.0,39890102.0,3219350820.0,3273310250.0,-33182203.02000001,294645189.36,1306378406.23,1816617941.63,510239535.4,8513954.07,1275.39,1179.09,711.08,656.82,2002.53,2153.1,0.0,0.0,,,,,Y,,电力设备,电池,锂电专用设备,14.04,14.04,13.96
sh603032,德新科技,2025-02-12,14.05,14.22,13.86,14.14,13.99,3941840.0,55333240.0,3253868520.0,3308406500.0,-33182203.02000001,294645189.36,1306378406.23,1816617941.63,510239535.4,8513954.07,1927.27,1754.79,603.09,820.32,3002.96,2789.23,0.0,168.98,,,,,Y,,电力设备,电池,锂电专用设备,14.02,14.0,14.0
sh603032,德新科技,2025-02-13,14.11,14.63,14.02,14.19,14.14,6375800.0,91627493.0,3265374420.0,3320105250.0,-33182203.02000001,294645189.36,1306378406.23,1816617941.63,510239535.4,8513954.07,3425.89,2688.72,1075.5,1068.59,4377.84,5301.91,283.51,103.53,,,,,Y,,电力设备,电池,锂电专用设备,14.52,14.4,14.6
sh603032,德新科技,2025-02-14,14.17,14.6,14.14,14.33,14.19,5266440.0,75817425.0,3297590940.0,3352861750.0,-33182203.02000001,294645189.36,1306378406.23,1816617941.63,510239535.4,8513954.07,2614.61,2811.91,1275.87,842.42,3622.43,3927.41,68.83,0.0,,,,,Y,,电力设备,电池,锂电专用设备,14.4,14.45,14.38
sh603032,德新科技,2025-02-17,14.32,14.38,14.06,14.19,14.33,4211841.0,59854406.0,3265374420.0,3320105250.0,-33182203.02000001,294645189.36,1306378406.23,1816617941.63,510239535.4,8513954.07,2089.59,1751.73,488.81,924.92,3407.04,2740.98,0.0,567.8,,,,,Y,,电力设备,电池,锂电专用设备,14.34,14.28,14.26
sh603032,德新科技,2025-02-18,14.3,14.53,13.86,13.92,14.19,6045380.0,86249297.0,3203242560.0,3256932000.0,-33182203.02000001,294645189.36,1306378406.23,1816617941.63,510239535.4,8513954.07,3161.3,2659.2,957.61,1016.99,4506.02,4843.84,0.0,104.9,,,,,Y,,电力设备,电池,锂电专用设备,14.26,14.43,14.48
sh603032,德新科技,2025-02-19,13.8,14.22,13.78,14.2,13.92,4046120.0,57107193.0,3267675600.0,3322445000.0,-33182203.02000001,294645189.36,1306378406.23,1816617941.63,510239535.4,8513954.07,1771.84,2279.97,379.75,786.46,3559.13,2644.29,0.0,0.0,,,,,Y,,电力设备,电池,锂电专用设备,13.96,14.11,14.09
sh603032,德新科技,2025-02-20,14.2,14.3,13.98,14.21,14.2,4067780.0,57588307.0,3269976780.0,3324784750.0,-33182203.02000001,294645189.36,1306378406.23,1816617941.63,510239535.4,8513954.07,1749.0,1994.34,562.59,834.13,3447.24,2833.07,0.0,97.29,,,,,Y,,电力设备,电池,锂电专用设备,14.13,14.11,14.22
sh603032,德新科技,2025-02-21,14.24,14.26,14.03,14.23,14.21,3824700.0,54210222.0,3274579140.0,3329464250.0,-33182203.02000001,294645189.36,1306378406.23,1816617941.63,510239535.4,8513954.07,1836.22,1780.79,493.73,588.51,2958.25,2896.85,132.82,154.86,,,,,Y,,电力设备,电池,锂电专用设备,14.13,14.05,14.17
sh603032,德新科技,2025-02-24,14.25,14.35,14.03,14.21,14.23,4554563.0,64522700.0,3269976780.0,3324784750.0,-33182203.02000001,294645189.36,1306378406.23,1816617941.63,510239535.4,8513954.07,2086.36,2163.06,468.25,758.85,3784.85,3530.36,112.8,0.0,,,,,Y,,电力设备,电池,锂电专用设备,14.11,14.15,14.09
sh603032,德新科技,2025-02-25,14.09,14.6,13.97,14.4,14.21,6191030.0,89161948.0,3313699200.0,3369240000.0,-33182203.02000001,294645189.36,1306378406.23,1816617941.63,510239535.4,8513954.07,2735.79,2947.0,1349.35,1065.37,4677.11,4727.68,153.95,176.14,,,,,Y,,电力设备,电池,锂电专用设备,14.1,14.29,14.33
sh603032,德新科技,2025-02-26,14.46,15.19,14.42,15.0,14.4,9766720.0,145897228.0,3451770000.0,3509625000.0,-33182203.02000001,294645189.36,1306378406.23,1816617941.63,510239535.4,8513954.07,5191.16,4836.85,2208.8,2003.27,7060.23,7572.9,129.53,176.71,,,,,Y,,电力设备,电池,锂电专用设备,14.98,14.8,14.73
sh603032,德新科技,2025-02-27,15.05,16.3,15.05,15.6,15.0,16980447.0,266118559.0,3589840800.0,3650010000.0,-33182203.02000001,294645189.36,1306378406.23,1816617941.63,510239535.4,8513954.07,9850.71,8682.75,4410.65,3586.6,11368.71,13740.72,981.79,601.8,,,,,Y,,电力设备,电池,锂电专用设备,15.24,15.53,15.88
sh603032,德新科技,2025-02-28,15.6,15.83,14.75,14.91,15.6,10549448.0,161133036.0,3431059380.0,3488567250.0,-33182203.02000001,294645189.36,1306378406.23,1816617941.63,510239535.4,8513954.07,6132.29,5785.97,1756.84,1974.89,8224.18,8316.1,0.0,36.35,,,,,Y,,电力设备,电池,锂电专用设备,15.1,15.24,15.49
sh603032,德新科技,2025-03-03,15.2,16.4,15.2,16.4,14.91,10039285.0,162649677.0,3773935200.0,3837190000.0,-33182203.02000001,294645189.36,1306378406.23,1816617941.63,510239535.4,8513954.07,2633.44,5573.71,3303.93,3108.68,1784.18,5538.88,8543.42,2043.7,,,,,Y,,电力设备,电池,锂电专用设备,16.4,16.4,16.4
sh603032,德新科技,2025-03-04,16.56,17.2,15.98,16.73,16.4,29622412.0,491438810.0,3849874140.0,3914401750.0,-33182203.02000001,294645189.36,1306378406.23,1816617941.63,510239535.4,8513954.07,18129.65,18478.15,8055.51,9760.39,21844.78,17798.54,1113.94,3106.8,,,,,Y,,电力设备,电池,锂电专用设备,16.83,16.7,16.82
sh603032,德新科技,2025-03-05,16.2,16.36,15.8,15.97,16.73,14747260.0,236731476.0,3674984460.0,3736580750.0,-33182203.02000001,294645189.36,1306378406.23,1816617941.63,510239535.4,8513954.07,8794.45,7825.29,2430.21,4259.87,12185.21,10910.13,263.27,677.86,,,,,Y,,电力设备,电池,锂电专用设备,16.1,15.86,15.94
sh603032,德新科技,2025-03-06,15.95,16.42,15.81,16.15,15.97,12851940.0,206581364.0,3716405700.0,3778696250.0,-33182203.02000001,294645189.36,1306378406.23,1816617941.63,510239535.4,8513954.07,7061.13,7777.6,3142.76,2839.92,9336.4,9493.4,1117.85,547.22,,,,,Y,,电力设备,电池,锂电专用设备,15.88,15.88,16.01
sh603032,德新科技,2025-03-07,15.99,16.0,15.37,15.56,16.15,10866400.0,170236972.0,3580636080.0,3640651000.0,-33182203.02000001,294645189.36,1306378406.23,1816617941.63,510239535.4,8513954.07,6204.19,5924.36,1733.77,3073.67,8690.69,7807.31,395.05,218.35,,,,,Y,,电力设备,电池,锂电专用设备,15.81,15.73,15.63
sh603032,德新科技,2025-03-10,15.53,15.78,15.47,15.77,15.56,6124787.0,95594247.0,3628960860.0,3689785750.0,-33182203.02000001,294645189.36,1306378406.23,1816617941.63,510239535.4,8513954.07,3407.57,3546.47,1037.96,1218.49,5004.09,4634.62,109.8,159.84,,,,,Y,,电力设备,电池,锂电专用设备,15.51,15.58,15.55
sh603032,德新科技,2025-03-11,15.48,15.66,15.32,15.62,15.77,5873040.0,90875683.0,3594443160.0,3654689500.0,-33182203.02000001,294645189.36,1306378406.23,1816617941.63,510239535.4,8513954.07,2939.34,3240.59,961.21,1198.21,5187.02,4526.11,0.0,122.66,,,,,Y,,电力设备,电池,锂电专用设备,15.43,15.41,15.44
sh603032,德新科技,2025-03-12,15.68,15.96,15.68,15.8,15.62,7300768.0,115491298.0,3635864400.0,3696805000.0,-33182203.02000001,294645189.36,1306378406.23,1816617941.63,510239535.4,8513954.07,4149.83,3864.1,1564.65,1421.5,5811.29,6263.52,23.36,0.0,,,,,Y,,电力设备,电池,锂电专用设备,15.75,15.78,15.85
sh603032,德新科技,2025-03-13,15.9,16.0,15.32,15.49,15.8,5620180.0,87564347.0,3564527820.0,3624272750.0,-33182203.02000001,294645189.36,1306378406.23,1816617941.63,510239535.4,8513954.07,2803.42,2993.71,834.96,1020.68,5118.05,4626.93,0.0,115.12,,,,,Y,,电力设备,电池,锂电专用设备,15.79,15.78,15.7
sh603032,德新科技,2025-03-14,15.47,15.65,15.16,15.62,15.49,5512867.0,85140222.0,3594443160.0,3654689500.0,-33182203.02000001,294645189.36,1306378406.23,1816617941.63,510239535.4,8513954.07,2806.14,2887.68,970.6,1432.43,4457.88,4193.92,279.39,0.0,,,,,Y,,电力设备,电池,锂电专用设备,15.25,15.27,15.25
sh603032,德新科技,2025-03-17,15.61,15.78,15.5,15.54,15.62,3987400.0,62119217.0,3576033719.9999995,3635971500.0,-33182203.02000001,294645189.36,1306378406.23,1816617941.63,510239535.4,8513954.07,2197.96,1992.83,649.66,877.95,3172.62,3138.31,191.68,202.83,,,,,Y,,电力设备,电池,锂电专用设备,15.6,15.58,15.63
sh603032,德新科技,2025-03-18,15.65,15.98,15.62,15.69,15.54,5523646.0,87061329.0,3610551420.0,3671067750.0,-33182203.02000001,294645189.36,1306378406.23,1816617941.63,510239535.4,8513954.07,3221.48,3244.0,968.56,814.03,4516.09,4648.1,0.0,0.0,,,,,Y,,电力设备,电池,锂电专用设备,15.86,15.84,15.78
sh603032,德新科技,2025-03-19,15.55,15.98,15.41,15.84,15.69,6855026.0,107887767.0,3645069120.0,3706164000.0,-33182203.02000001,294645189.36,1306378406.23,1816617941.63,510239535.4,8513954.07,4288.86,3741.19,1288.59,1672.12,5143.69,5375.46,67.64,0.0,,,,,Y,,电力设备,电池,锂电专用设备,15.46,15.54,15.59
sh603032,德新科技,2025-03-20,15.86,16.36,15.73,16.04,15.84,11079506.0,178603149.0,3691092720.0,3752959000.0,-33182203.02000001,294645189.36,1306378406.23,1816617941.63,510239535.4,8513954.07,6781.42,6149.46,2950.92,2783.42,7882.14,8454.61,245.84,472.83,,,,,Y,,电力设备,电池,锂电专用设备,15.76,16.15,16.11
sh603032,德新科技,2025-03-21,15.9,15.95,15.16,15.19,16.04,8985363.0,138965136.0,3495492420.0000005,3554080250.0,-33182203.02000001,294645189.36,1306378406.23,1816617941.63,510239535.4,8513954.07,4679.06,4853.38,1730.98,2340.86,7137.92,6521.74,348.56,180.53,,,,,Y,,电力设备,电池,锂电专用设备,15.75,15.79,15.65
sh603032,德新科技,2025-03-24,15.18,15.18,14.05,14.54,15.19,8021040.0,116342452.0,3345915720.0,3401996500.0,-33182203.02000001,294645189.36,1306378406.23,1816617941.63,510239535.4,8513954.07,3669.44,4335.96,1102.73,1785.31,6840.67,5512.98,21.4,0.0,,,,,Y,,电力设备,电池,锂电专用设备,14.81,14.73,14.63
sh603032,德新科技,2025-03-25,14.56,14.56,14.19,14.29,14.54,3619620.0,51980648.0,3288386219.9999995,3343502750.0,-33182203.02000001,294645189.36,1306378406.23,1816617941.63,510239535.4,8513954.07,1765.64,1992.24,287.4,553.51,3145.03,2652.31,0.0,0.0,,,,,Y,,电力设备,电池,锂电专用设备,14.37,14.37,14.5
