本数据策略分享会专用，由邢不行整理，微信：xbx6660
股票代码,股票名称,交易日期,开盘价,最高价,最低价,收盘价,前收盘价,成交量,成交额,流通市值,总市值,净利润TTM,现金流TTM,净资产,总资产,总负债,净利润(当季),中户资金买入额,中户资金卖出额,大户资金买入额,大户资金卖出额,散户资金买入额,散户资金卖出额,机构资金买入额,机构资金卖出额,沪深300成分股,上证50成分股,中证500成分股,中证1000成分股,中证2000成分股,创业板指成分股,新版申万一级行业名称,新版申万二级行业名称,新版申万三级行业名称,09:35收盘价,09:45收盘价,09:55收盘价
sh603133,N碳元,2017-03-20,11.33,11.33,11.33,11.33,7.87,11100.0,125763.0,589160000.0,2356640000.0,82338938.67,119218945.74,505395542.63000005,688313323.45,182917780.82,,0.0,0.0,0.0,0.0,0.11,0.11,0.0,0.0,,,,,,,基础化工,化学制品,其他化学制品,11.33,11.33,11.33
sh603133,碳元科技,2017-03-21,12.46,12.46,12.46,12.46,11.33,5000.0,62300.0,647920000.0,2591680000.0,82338938.67,119218945.74,505395542.63000005,688313323.45,182917780.82,,5.98,0.0,0.0,0.0,0.12,4.98,0.0,0.0,,,,,,,基础化工,化学制品,其他化学制品,12.46,12.46,12.46
sh603133,碳元科技,2017-03-22,13.71,13.71,13.71,13.71,12.46,4945.0,67796.0,712920000.0,2851680000.0,82338938.67,119218945.74,505395542.63000005,688313323.45,182917780.82,,,,,,,,,,,,,,,,基础化工,化学制品,其他化学制品,13.71,13.71,13.71
sh603133,碳元科技,2017-03-23,15.08,15.08,15.08,15.08,13.71,5061.0,76320.0,784160000.0,3136640000.0,82338938.67,119218945.74,505395542.63000005,688313323.45,182917780.82,,,,,,,,,,,,,,,,基础化工,化学制品,其他化学制品,15.08,15.08,15.08
sh603133,碳元科技,2017-03-24,16.59,16.59,16.59,16.59,15.08,11800.0,195762.0,862680000.0,3450720000.0,82338938.67,119218945.74,505395542.63000005,688313323.45,182917780.82,,,,,,,,,,,,,,,,基础化工,化学制品,其他化学制品,16.59,16.59,16.59
sh603133,碳元科技,2017-03-27,18.25,18.25,18.25,18.25,16.59,11815.0,215624.0,949000000.0,3796000000.0,82338938.67,119218945.74,505395542.63000005,688313323.45,182917780.82,,0.0,0.0,0.0,0.0,3.65,1.83,0.0,0.0,,,,,,,基础化工,化学制品,其他化学制品,18.25,18.25,18.25
sh603133,碳元科技,2017-03-28,20.08,20.08,20.08,20.08,18.25,18500.0,371480.0,1044160000.0,4176640000.0,82338938.67,119218945.74,505395542.63000005,688313323.45,182917780.82,,,,,,,,,,,,,,,,基础化工,化学制品,其他化学制品,20.08,20.08,20.08
sh603133,碳元科技,2017-03-29,22.09,22.09,22.09,22.09,20.08,12100.0,267289.0,1148680000.0,4594720000.0,82338938.67,119218945.74,505395542.63000005,688313323.45,182917780.82,,,,,,,,,,,,,,,,基础化工,化学制品,其他化学制品,22.09,22.09,22.09
sh603133,碳元科技,2017-03-30,24.3,24.3,24.3,24.3,22.09,47067.0,1143728.0,1263600000.0,5054400000.0,82338938.67,119218945.74,505395542.63000005,688313323.45,182917780.82,,11.66,0.0,0.0,0.0,0.0,11.18,0.0,0.0,,,,,,,基础化工,化学制品,其他化学制品,24.3,24.3,24.3
sh603133,碳元科技,2017-03-31,26.73,26.73,26.73,26.73,24.3,99190.0,2651349.0,1389960000.0,5559840000.0,82338938.67,119218945.74,505395542.63000005,688313323.45,182917780.82,,,,,,,,,,,,,,,,基础化工,化学制品,其他化学制品,26.73,26.73,26.73
sh603133,碳元科技,2017-04-05,29.4,29.4,29.4,29.4,26.73,277405.0,8155707.0,1528800000.0,6115200000.0,82338938.67,119218945.74,505395542.63000005,688313323.45,182917780.82,,0.0,7.19,0.0,0.0,0.0,759.15,764.11,0.0,,,,,,,基础化工,化学制品,其他化学制品,29.4,29.4,29.4
sh603133,碳元科技,2017-04-06,32.34,32.34,32.34,32.34,29.4,300628.0,9722310.0,1681680000.0,6726720000.0,82338938.67,119218945.74,505395542.63000005,688313323.45,182917780.82,,0.0,0.0,21.67,0.0,0.0,22.51,0.0,0.0,,,,,,,基础化工,化学制品,其他化学制品,32.34,32.34,32.34
sh603133,碳元科技,2017-04-07,35.57,35.57,35.57,35.57,32.34,166320.0,5916002.0,1849640000.0,7398560000.0,82338938.67,119218945.74,505395542.63000005,688313323.45,182917780.82,,6.76,43.48,77.19,0.0,7.47,547.07,497.62,0.0,,,,,,,基础化工,化学制品,其他化学制品,35.57,35.57,35.57
sh603133,碳元科技,2017-04-10,38.0,39.09,36.67,37.89,35.57,30473949.0,1159188654.0,1970280000.0,7881120000.0,82338938.67,119218945.74,505395542.63000005,688313323.45,182917780.82,,35328.93,8249.4,29962.58,924.51,35314.44,105019.26,15587.34,3017.1,,,,,,,基础化工,化学制品,其他化学制品,37.0,37.91,38.15
sh603133,碳元科技,2017-04-11,34.6,36.19,34.1,36.0,37.89,20987688.0,730569104.0,1872000000.0,7488000000.0,82338938.67,119218945.74,505395542.63000005,688313323.45,182917780.82,,24139.26,18374.59,18008.21,17657.78,25280.14,29304.9,6796.62,8981.79,,,,,,,基础化工,化学制品,其他化学制品,34.1,35.12,34.55
sh603133,碳元科技,2017-04-12,35.11,35.2,32.4,32.4,36.0,15104425.0,506954721.0,1684800000.0,6739200000.0,82338938.67,119218945.74,505395542.63000005,688313323.45,182917780.82,,16852.65,15708.47,11791.47,13977.69,20232.76,15438.75,2736.95,6012.44,,,,,,,基础化工,化学制品,其他化学制品,34.3,34.01,33.8
sh603133,碳元科技,2017-04-13,31.71,33.86,31.71,32.44,32.4,9309672.0,305025349.0,1686880000.0,6747520000.0,82338938.67,119218945.74,505395542.63000005,688313323.45,182917780.82,,12059.92,11074.95,6331.08,6597.4,11110.56,11679.92,1217.04,1107.37,,,,,,,基础化工,化学制品,其他化学制品,32.25,32.3,33.39
sh603133,碳元科技,2017-04-14,31.65,33.96,30.8,32.7,32.44,12225671.0,396975253.0,1700400000.0,6801600000.0,82338938.67,119218945.74,505395542.63000005,688313323.45,182917780.82,,7640.35,6929.03,5854.31,3488.84,5624.27,9303.85,1051.11,544.36,,,,,,,基础化工,化学制品,其他化学制品,31.73,30.9,31.25
sh603133,碳元科技,2017-04-17,30.8,31.28,29.43,29.43,32.7,9756878.0,291396846.0,1530360000.0,6121440000.0,82338938.67,119218945.74,505395542.63000005,688313323.45,182917780.82,,10198.08,10810.6,5529.38,9043.23,12589.03,7357.94,1506.9,2244.04,,,,,,,基础化工,化学制品,其他化学制品,30.54,30.3,30.19
sh603133,碳元科技,2017-04-18,28.91,29.7,27.78,27.87,29.43,7919310.0,225841510.0,1449240000.0,5796960000.0,82338938.67,119218945.74,505395542.63000005,688313323.45,182917780.82,,7780.79,8663.82,5364.1,5891.15,8507.03,7456.01,964.25,410.53,,,,,,,基础化工,化学制品,其他化学制品,29.1,29.45,29.47
sh603133,碳元科技,2017-04-19,27.62,29.28,27.51,29.03,27.87,7586570.0,215575786.0,1509560000.0,6038240000.0,82338938.67,119218945.74,505395542.63000005,688313323.45,182917780.82,,8876.79,7471.55,5850.94,5882.52,6398.4,8047.9,445.35,240.64,,,,,,,基础化工,化学制品,其他化学制品,27.77,28.07,28.38
sh603133,碳元科技,2017-04-20,28.5,29.12,27.58,27.98,29.03,5946057.0,168356426.0,1454960000.0,5819840000.0,82338938.67,119218945.74,505395542.63000005,688313323.45,182917780.82,,6457.08,7020.73,3918.19,4828.11,6612.58,4604.11,316.12,621.16,,,,,,,基础化工,化学制品,其他化学制品,28.75,28.68,29.05
sh603133,碳元科技,2017-04-21,28.01,29.88,27.92,28.85,27.98,9019754.0,262524087.0,1500200000.0,6000800000.0,82338938.67,119218945.74,505395542.63000005,688313323.45,182917780.82,,10215.3,10075.61,7037.15,5817.1,8596.04,9725.11,681.86,695.46,,,,,,,基础化工,化学制品,其他化学制品,27.92,28.6,28.48
sh603133,碳元科技,2017-04-24,28.88,28.89,26.33,27.48,28.85,7064191.0,193025165.0,1428960000.0,5715840000.0,82338938.67,119218945.74,505395542.63000005,688313323.45,182917780.82,,7777.09,7677.81,3871.93,4819.46,7036.84,5973.31,377.5,377.62,,,,,,,基础化工,化学制品,其他化学制品,27.65,26.79,27.19
sh603133,碳元科技,2017-04-25,27.65,28.35,27.57,27.93,27.48,5056781.0,141507048.0,1452360000.0,5809440000.0,82338938.67,119218945.74,505395542.63000005,688313323.45,182917780.82,,6150.14,6039.83,3441.89,3020.26,4726.19,5169.77,111.39,139.31,,,,,,,基础化工,化学制品,其他化学制品,27.9,27.73,27.96
sh603133,碳元科技,2017-04-26,28.15,30.72,28.14,30.72,27.93,4478742.0,133708066.0,1597440000.0,6389760000.0,82338938.67,119218945.74,869378925.93,1026535664.26,157156738.33,13983383.3,2551.91,4070.65,1728.23,2884.81,1721.38,4007.66,5432.36,647.4,,,,,,,基础化工,化学制品,其他化学制品,28.81,30.72,30.72
sh603133,碳元科技,2017-04-27,31.5,32.75,31.1,32.13,30.72,16630542.0,531214273.0,1670760000.0,6683040000.0,82338938.67,119218945.74,869378925.93,1026535664.26,157156738.33,13983383.3,21385.73,16937.45,12636.76,15884.74,18323.86,15614.22,2831.99,6113.89,,,,,,,基础化工,化学制品,其他化学制品,31.3,31.95,31.56
sh603133,碳元科技,2017-04-28,31.63,33.85,31.5,32.45,32.13,13579494.0,443013991.0,1687400000.0,6749600000.0,82338938.67,119218945.74,869378925.93,1026535664.26,157156738.33,13983383.3,17352.03,17818.35,10836.17,10286.5,14965.8,15732.46,1811.39,1222.57,,,,,,,基础化工,化学制品,其他化学制品,31.51,32.17,32.14
sh603133,碳元科技,2017-05-02,31.96,33.33,31.39,33.15,32.45,9994880.0,321442092.0,1723800000.0,6895200000.0,82338938.67,119218945.74,869378925.93,1026535664.26,157156738.33,13983383.3,13861.03,13673.98,6476.95,7423.67,11248.61,11172.91,778.66,351.88,,,,,,,基础化工,化学制品,其他化学制品,31.92,31.5,31.85
sh603133,碳元科技,2017-05-03,33.0,34.45,32.03,33.75,33.15,12995737.0,432576003.0,1755000000.0,7020000000.0,82338938.67,119218945.74,869378925.93,1026535664.26,157156738.33,13983383.3,17007.68,17123.59,10966.66,11547.03,15030.63,13433.06,1088.66,2028.3,,,,,,,基础化工,化学制品,其他化学制品,33.79,33.98,33.57
sh603133,碳元科技,2017-05-04,33.25,33.25,31.5,32.2,33.75,9628011.0,311793387.0,1674400000.0,6697600000.0,82338938.67,119218945.74,869378925.93,1026535664.26,157156738.33,13983383.3,12965.22,11793.59,7013.4,9107.85,11849.71,9200.33,109.21,1452.01,,,,,,,基础化工,化学制品,其他化学制品,32.5,32.09,32.37
sh603133,碳元科技,2017-05-05,31.53,32.87,30.3,30.4,32.2,8421900.0,268304314.0,1580800000.0,6323200000.0,82338938.67,119218945.74,869378925.93,1026535664.26,157156738.33,13983383.3,11013.49,10696.2,5848.5,7017.78,10282.96,7864.53,238.91,1459.17,,,,,,,基础化工,化学制品,其他化学制品,31.71,32.0,31.64
sh603133,碳元科技,2017-05-08,29.6,30.34,28.8,28.88,30.4,6601394.0,195920921.0,1501760000.0,6007040000.0,82338938.67,119218945.74,869378925.93,1026535664.26,157156738.33,13983383.3,7988.13,8684.12,4870.9,5118.05,6638.57,5646.04,372.67,162.43,,,,,,,基础化工,化学制品,其他化学制品,29.85,29.58,29.81
sh603133,碳元科技,2017-05-09,28.71,30.55,28.71,30.05,28.88,6587807.0,196361204.0,1562600000.0,6250400000.0,82338938.67,119218945.74,869378925.93,1026535664.26,157156738.33,13983383.3,8349.75,8031.8,4627.11,4323.9,6485.39,6907.68,110.56,226.64,,,,,,,基础化工,化学制品,其他化学制品,29.11,28.91,29.09
sh603133,碳元科技,2017-05-10,29.85,30.5,28.51,28.61,30.05,7113278.0,210544134.0,1487720000.0,5950880000.0,82338938.67,119218945.74,869378925.93,1026535664.26,157156738.33,13983383.3,9240.8,9197.97,4203.58,5632.3,7708.52,5522.35,0.0,611.66,,,,,,,基础化工,化学制品,其他化学制品,30.18,30.38,30.07
sh603133,碳元科技,2017-05-11,28.2,31.47,27.9,31.47,28.61,10641843.0,327738074.0,1636440000.0,6545760000.0,82338938.67,119218945.74,869378925.93,1026535664.26,157156738.33,13983383.3,6449.06,11055.08,8275.71,8201.67,3454.48,9928.28,13846.8,2956.29,,,,,,,基础化工,化学制品,其他化学制品,28.66,29.12,30.0
sh603133,碳元科技,2017-05-12,32.58,34.62,32.5,34.09,31.47,22533978.0,759245675.0,1772680000.0,7090720000.0,82338938.67,119218945.74,869378925.93,1026535664.26,157156738.33,13983383.3,24138.04,23124.75,21565.7,22421.18,20060.39,20688.78,12558.5,12571.55,,,,,,,基础化工,化学制品,其他化学制品,33.01,33.4,34.01
sh603133,碳元科技,2017-05-15,33.75,34.88,33.29,33.95,34.09,16738388.0,566784896.0,1765400000.0,7061600000.0,82338938.67,119218945.74,869378925.93,1026535664.26,157156738.33,13983383.3,21573.87,19059.37,17562.22,17537.24,14892.74,13538.1,4915.75,8596.76,,,,,,,基础化工,化学制品,其他化学制品,33.85,33.88,33.71
sh603133,碳元科技,2017-05-16,33.15,35.16,32.66,34.88,33.95,16231849.0,552490384.0,1813760000.0,7255040000.0,82338938.67,119218945.74,869378925.93,1026535664.26,157156738.33,13983383.3,22803.23,20522.31,16456.18,18340.43,15462.3,14895.93,2197.97,2528.05,,,,,,,基础化工,化学制品,其他化学制品,33.26,32.9,32.76
sh603133,碳元科技,2017-05-17,34.43,36.15,34.05,34.52,34.88,15992407.0,559476721.0,1795040000.0,7180160000.0,82338938.67,119218945.74,869378925.93,1026535664.26,157156738.33,13983383.3,23329.49,22177.86,13426.26,16949.22,18273.41,14912.83,2368.19,2975.9,,,,,,,基础化工,化学制品,其他化学制品,34.43,34.45,34.72
sh603133,碳元科技,2017-05-18,33.83,34.38,32.85,33.35,34.52,10975292.0,368547822.0,1734200000.0,6936800000.0,82338938.67,119218945.74,869378925.93,1026535664.26,157156738.33,13983383.3,14837.49,15608.91,10077.97,11206.23,11857.08,8934.0,1332.65,2077.16,,,,,,,基础化工,化学制品,其他化学制品,33.69,33.35,33.79
sh603133,碳元科技,2017-05-19,33.1,34.0,32.16,32.63,33.35,9297289.0,306345809.0,1696760000.0,6787040000.0,82338938.67,119218945.74,869378925.93,1026535664.26,157156738.33,13983383.3,11832.95,11898.17,7892.16,9656.32,10476.97,7399.46,1034.5,1849.65,,,,,,,基础化工,化学制品,其他化学制品,33.35,32.9,32.7
sh603133,碳元科技,2017-05-22,32.05,33.5,31.39,31.47,32.63,9583616.0,311272451.0,1636440000.0,6545760000.0,82338938.67,119218945.74,869378925.93,1026535664.26,157156738.33,13983383.3,12319.32,12543.23,8574.12,9518.7,10438.36,8846.36,1015.15,771.47,,,,,,,基础化工,化学制品,其他化学制品,32.05,32.18,32.33
sh603133,碳元科技,2017-05-23,30.5,30.78,28.32,28.32,31.47,11874133.0,346259654.0,1472640000.0,5890560000.0,82338938.67,119218945.74,869378925.93,1026535664.26,157156738.33,13983383.3,12539.29,13102.05,8832.3,12250.04,12611.54,7246.32,1323.37,2400.5,,,,,,,基础化工,化学制品,其他化学制品,30.22,29.46,29.7
sh603133,碳元科技,2017-05-24,27.27,28.57,26.8,28.39,28.32,7479060.0,208253684.0,1476280000.0,5905120000.0,82338938.67,119218945.74,869378925.93,1026535664.26,157156738.33,13983383.3,8246.2,8419.69,5489.18,5825.65,6793.87,5974.07,871.97,1145.45,,,,,,,基础化工,化学制品,其他化学制品,27.33,27.02,27.7
sh603133,碳元科技,2017-05-25,28.02,29.2,27.68,28.88,28.39,8123159.0,232505586.0,1501760000.0,6007040000.0,82338938.67,119218945.74,869378925.93,1026535664.26,157156738.33,13983383.3,9078.5,9020.72,7086.17,7344.8,7043.65,6677.09,888.48,688.45,,,,,,,基础化工,化学制品,其他化学制品,28.45,29.0,28.75
sh603133,碳元科技,2017-05-26,28.66,29.79,28.21,29.02,28.88,8750357.0,253349082.0,1509040000.0,6036160000.0,82338938.67,119218945.74,869378925.93,1026535664.26,157156738.33,13983383.3,10553.92,8874.23,6698.13,8829.02,7888.5,7087.97,400.58,729.98,,,,,,,基础化工,化学制品,其他化学制品,28.78,29.17,28.92
sh603133,碳元科技,2017-05-31,30.2,30.65,27.87,27.97,29.02,8819338.0,260615413.0,1454440000.0,5817760000.0,82338938.67,119218945.74,869378925.93,1026535664.26,157156738.33,13983383.3,10416.3,9641.83,5832.38,7521.35,8422.64,6071.21,1500.55,2359.5,,,,,,,基础化工,化学制品,其他化学制品,30.19,30.25,29.92
sh603133,碳元科技,2017-06-01,27.3,27.55,25.17,25.17,27.97,10091591.0,264613420.0,1308840000.0,5235360000.0,82338938.67,119218945.74,869378925.93,1026535664.26,157156738.33,13983383.3,9486.06,11182.06,6144.81,8223.83,10309.27,5961.53,729.84,1156.86,,,,,,,基础化工,化学制品,其他化学制品,27.27,27.39,27.26
sh603133,碳元科技,2017-06-02,25.0,26.08,24.51,25.82,25.17,6585706.0,166268149.0,1342640000.0,5370560000.0,82338938.67,119218945.74,869378925.93,1026535664.26,157156738.33,13983383.3,6573.07,6790.81,5058.84,4698.03,4889.82,5165.81,405.5,350.23,,,,,,,基础化工,化学制品,其他化学制品,25.2,24.6,24.99
sh603133,碳元科技,2017-06-05,26.06,26.9,25.88,25.94,25.82,5572860.0,146659895.0,1348880000.0,5395520000.0,82338938.67,119218945.74,869378925.93,1026535664.26,157156738.33,13983383.3,5982.02,5477.83,3823.41,4749.0,4367.63,4514.16,913.87,339.42,,,,,,,基础化工,化学制品,其他化学制品,26.19,26.25,26.15
sh603133,碳元科技,2017-06-06,25.43,25.96,25.33,25.79,25.94,3682161.0,94366372.0,1341080000.0,5364320000.0,82338938.67,119218945.74,869378925.93,1026535664.26,157156738.33,13983383.3,3935.55,4140.99,2136.6,2230.86,3350.31,2696.42,111.15,549.07,,,,,,,基础化工,化学制品,其他化学制品,25.45,25.58,25.6
sh603133,碳元科技,2017-06-07,25.83,27.17,25.81,26.92,25.79,6601389.0,176222340.0,1399840000.0,5599360000.0,82338938.67,119218945.74,869378925.93,1026535664.26,157156738.33,13983383.3,7177.86,7175.31,5053.07,3996.14,4802.48,5833.01,587.81,690.44,,,,,,,基础化工,化学制品,其他化学制品,26.08,26.39,26.62
sh603133,碳元科技,2017-06-08,26.65,27.2,26.46,26.57,26.92,5352538.0,143447465.0,1381640000.0,5526560000.0,82338938.67,119218945.74,869378925.93,1026535664.26,157156738.33,13983383.3,5941.71,6014.41,3186.96,3952.91,4756.69,3328.63,752.02,1002.28,,,,,,,基础化工,化学制品,其他化学制品,26.8,26.96,26.82
sh603133,碳元科技,2017-06-09,26.5,26.78,26.15,26.75,26.57,3886029.0,102695586.0,1391000000.0,5564000000.0,82338938.67,119218945.74,869378925.93,1026535664.26,157156738.33,13983383.3,4354.46,4409.62,2283.16,2920.73,3547.46,2982.8,0.0,0.0,,,,,,,基础化工,化学制品,其他化学制品,26.51,26.7,26.54
sh603133,碳元科技,2017-06-12,26.31,26.32,24.57,24.78,26.75,6008484.0,152495558.0,1288560000.0,5154240000.0,82338938.67,119218945.74,869378925.93,1026535664.26,157156738.33,13983383.3,5713.67,6438.2,2715.92,4321.02,6334.72,3259.99,144.89,808.99,,,,,,,基础化工,化学制品,其他化学制品,26.0,25.68,25.82
sh603133,碳元科技,2017-06-13,24.58,26.32,24.58,25.95,24.78,5884845.0,151215346.0,1349400000.0,5397600000.0,82338938.67,119218945.74,869378925.93,1026535664.26,157156738.33,13983383.3,5991.27,6343.61,4531.69,2770.55,4170.22,5920.58,147.94,166.92,,,,,,,基础化工,化学制品,其他化学制品,24.86,25.09,25.32
sh603133,碳元科技,2017-06-14,26.6,28.55,26.6,28.55,25.95,4926786.0,137707009.0,1484600000.0,5938400000.0,82338938.67,119218945.74,869378925.93,1026535664.26,157156738.33,13983383.3,2390.71,4155.39,3110.49,3612.16,1463.05,3813.1,5625.03,1183.63,,,,,,,基础化工,化学制品,其他化学制品,27.43,28.55,28.55
sh603133,XD碳元科,2017-06-15,29.63,29.95,28.48,29.16,28.47,15148699.0,443412291.0,1516320000.0,6065280000.0,82338938.67,119218945.74,869378925.93,1026535664.26,157156738.33,13983383.3,16254.39,14850.0,12053.18,12544.15,13155.8,10029.28,4180.78,7971.86,,,,,,,基础化工,化学制品,其他化学制品,29.02,28.77,29.85
sh603133,碳元科技,2017-06-16,29.49,29.71,28.0,28.84,29.16,11368384.0,328222700.0,1499680000.0,5998720000.0,82338938.67,119218945.74,869378925.93,1026535664.26,157156738.33,13983383.3,11982.84,12890.44,9774.07,9230.47,9805.33,9822.94,1887.76,1403.03,,,,,,,基础化工,化学制品,其他化学制品,28.47,28.6,28.55
sh603133,碳元科技,2017-06-19,28.55,28.8,27.9,28.4,28.84,6324026.0,179220727.0,1476800000.0,5907200000.0,82338938.67,119218945.74,869378925.93,1026535664.26,157156738.33,13983383.3,7173.07,7466.13,4687.46,5134.5,6352.31,4619.36,244.16,998.38,,,,,,,基础化工,化学制品,其他化学制品,28.45,28.51,28.55
sh603133,碳元科技,2017-06-20,28.6,29.34,28.08,28.62,28.4,7542797.0,216831630.0,1488240000.0,5952960000.0,82338938.67,119218945.74,869378925.93,1026535664.26,157156738.33,13983383.3,8878.84,8809.16,4344.42,6979.41,7563.58,5697.19,992.66,261.39,,,,,,,基础化工,化学制品,其他化学制品,28.67,28.93,28.85
sh603133,碳元科技,2017-06-21,28.2,29.23,27.8,28.88,28.62,6629716.0,190062531.0,1501760000.0,6007040000.0,82338938.67,119218945.74,869378925.93,1026535664.26,157156738.33,13983383.3,8474.47,7536.61,4038.02,4760.04,6263.33,6375.44,139.72,100.49,,,,,,,基础化工,化学制品,其他化学制品,28.3,28.1,28.39
sh603133,碳元科技,2017-06-22,28.62,28.86,26.91,26.96,28.88,6372713.0,178536702.0,1401920000.0,5607680000.0,82338938.67,119218945.74,869378925.93,1026535664.26,157156738.33,13983383.3,6701.25,7621.07,3406.36,4908.75,7524.24,4345.34,432.26,814.91,,,,,,,基础化工,化学制品,其他化学制品,28.3,28.63,28.72
sh603133,碳元科技,2017-06-23,27.73,29.66,27.73,29.66,26.96,21181867.0,622274218.0,1542320000.0,6169280000.0,82338938.67,119218945.74,869378925.93,1026535664.26,157156738.33,13983383.3,15030.31,20280.45,15608.84,15679.09,9225.9,15316.97,22568.69,11048.45,,,,,,,基础化工,化学制品,其他化学制品,29.2,28.75,28.47
sh603133,碳元科技,2017-06-26,29.95,32.63,29.65,32.63,29.66,21168383.0,655262647.0,1696760000.0,6787040000.0,82338938.67,119218945.74,869378925.93,1026535664.26,157156738.33,13983383.3,23862.33,19281.28,15475.64,19730.85,19648.97,13114.91,8697.71,14911.72,,,,,,,基础化工,化学制品,其他化学制品,30.69,30.24,31.24
sh603133,碳元科技,2017-06-27,33.69,34.33,31.68,33.85,32.63,27143548.0,894419853.0,1760200000.0,7040800000.0,82338938.67,119218945.74,869378925.93,1026535664.26,157156738.33,13983383.3,34798.38,33549.16,21040.53,24347.77,31552.13,26054.51,4783.5,7610.95,,,,,,,基础化工,化学制品,其他化学制品,32.03,32.2,32.05
sh603133,碳元科技,2017-06-28,33.0,33.65,31.85,32.51,33.85,17491530.0,572099286.0,1690520000.0,6762080000.0,82338938.67,119218945.74,869378925.93,1026535664.26,157156738.33,13983383.3,22581.67,22873.72,12152.86,15493.92,20952.03,17804.99,2975.58,2635.76,,,,,,,基础化工,化学制品,其他化学制品,32.69,32.99,33.18
sh603133,碳元科技,2017-06-29,32.63,34.89,32.25,33.22,32.51,21080369.0,703553033.0,1727440000.0,6909760000.0,82338938.67,119218945.74,869378925.93,1026535664.26,157156738.33,13983383.3,28687.06,26898.51,18798.59,19370.57,22085.52,22269.13,2743.52,3660.88,,,,,,,基础化工,化学制品,其他化学制品,33.14,32.92,32.84
sh603133,碳元科技,2017-06-30,32.42,34.51,31.9,33.56,33.22,18191379.0,604825670.0,1745120000.0,6980480000.0,82338938.67,119218945.74,869378925.93,1026535664.26,157156738.33,13983383.3,24481.38,24912.1,15219.45,16483.55,19884.9,18773.84,2532.87,2005.67,,,,,,,基础化工,化学制品,其他化学制品,32.57,32.66,32.66
sh603133,碳元科技,2017-07-03,33.0,33.28,32.25,33.11,33.56,11931884.0,390471492.0,1721720000.0,6886880000.0,82338938.67,119218945.74,869378925.93,1026535664.26,157156738.33,13983383.3,15244.97,15843.11,10079.24,10877.75,14190.36,11443.66,225.2,1177.33,,,,,,,基础化工,化学制品,其他化学制品,32.7,32.6,32.6
sh603133,碳元科技,2017-07-04,32.99,34.75,32.5,33.89,33.11,16956522.0,573003593.0,1762280000.0,7049120000.0,82338938.67,119218945.74,869378925.93,1026535664.26,157156738.33,13983383.3,24190.78,23324.24,14444.35,14812.07,18169.22,18484.06,2086.77,2092.68,,,,,,,基础化工,化学制品,其他化学制品,32.52,32.62,32.88
sh603133,碳元科技,2017-07-05,33.89,37.28,33.88,37.28,33.89,20761234.0,740071137.0,1938560000.0,7754240000.0,82338938.67,119218945.74,869378925.93,1026535664.26,157156738.33,13983383.3,25232.24,28569.31,17009.45,18615.09,20000.99,23667.03,12126.51,3629.77,,,,,,,基础化工,化学制品,其他化学制品,34.5,35.0,34.33
sh603133,碳元科技,2017-07-06,36.8,39.38,35.78,37.64,37.28,25224664.0,938271216.0,1957280000.0,7829120000.0,82338938.67,119218945.74,869378925.93,1026535664.26,157156738.33,13983383.3,35247.97,33139.39,21653.56,28575.99,33363.95,25233.32,7219.26,9151.81,,,,,,,基础化工,化学制品,其他化学制品,36.25,35.9,36.2
sh603133,碳元科技,2017-07-07,37.0,39.86,36.51,37.88,37.64,22181921.0,842682842.0,1969760000.0,7879040000.0,82338938.67,119218945.74,869378925.93,1026535664.26,157156738.33,13983383.3,33322.33,31611.91,20678.86,22192.88,28701.67,26718.2,3479.04,5196.31,,,,,,,基础化工,化学制品,其他化学制品,36.98,37.61,37.37
sh603133,碳元科技,2017-07-10,37.07,37.8,35.11,35.91,37.88,17416780.0,633505760.0,1867320000.0,7469280000.0,82338938.67,119218945.74,869378925.93,1026535664.26,157156738.33,13983383.3,21151.64,22790.98,13185.61,15787.29,23213.37,16084.31,2326.22,4868.09,,,,,,,基础化工,化学制品,其他化学制品,37.26,37.2,37.15
sh603133,碳元科技,2017-07-11,35.61,36.47,33.6,34.19,35.91,13617267.0,478547869.0,1777880000.0,7111520000.0,82338938.67,119218945.74,869378925.93,1026535664.26,157156738.33,13983383.3,14390.32,17567.8,11596.3,10476.62,15263.56,11938.09,1300.99,2188.7,,,,,,,基础化工,化学制品,其他化学制品,35.87,35.83,36.06
sh603133,碳元科技,2017-07-12,34.86,34.95,33.59,34.86,34.19,10780584.0,370503344.0,1812720000.0,7250880000.0,82338938.67,119218945.74,869378925.93,1026535664.26,157156738.33,13983383.3,14586.7,13216.77,10212.41,11968.41,11821.29,10502.07,1614.67,2526.0,,,,,,,基础化工,化学制品,其他化学制品,34.65,34.0,33.99
sh603133,碳元科技,2017-07-13,34.8,34.89,33.01,33.37,34.86,10973380.0,371466723.0,1735240000.0,6940960000.0,82338938.67,119218945.74,869378925.93,1026535664.26,157156738.33,13983383.3,13012.92,15207.83,8651.02,11245.59,14572.06,8935.83,1546.04,2365.98,,,,,,,基础化工,化学制品,其他化学制品,34.43,34.5,34.43
sh603133,碳元科技,2017-07-14,32.82,33.32,31.88,32.26,33.37,9853440.0,319737473.0,1677520000.0,6710080000.0,82338938.67,119218945.74,869378925.93,1026535664.26,157156738.33,13983383.3,11514.71,12237.97,7946.87,9935.69,11640.9,8036.33,1397.42,2532.38,,,,,,,基础化工,化学制品,其他化学制品,32.95,32.68,32.83
sh603133,碳元科技,2017-07-17,32.07,32.2,29.03,29.03,32.26,11026529.0,330272046.0,1509560000.0,6038240000.0,82338938.67,119218945.74,869378925.93,1026535664.26,157156738.33,13983383.3,11706.38,12536.48,8077.12,8522.54,11344.65,7570.36,892.43,2892.62,,,,,,,基础化工,化学制品,其他化学制品,31.6,29.28,29.69
sh603133,碳元科技,2017-07-18,28.49,31.93,28.31,31.93,29.03,10706054.0,318666116.0,1660360000.0,6641440000.0,82338938.67,119218945.74,869378925.93,1026535664.26,157156738.33,13983383.3,11422.4,10948.53,6315.32,9243.01,9460.87,10118.33,4266.26,1053.33,,,,,,,基础化工,化学制品,其他化学制品,28.6,28.8,29.0
sh603133,碳元科技,2017-07-19,31.49,34.99,31.01,33.33,31.93,17101636.0,566907950.0,1733160000.0,6932640000.0,82338938.67,119218945.74,869378925.93,1026535664.26,157156738.33,13983383.3,21282.01,20584.23,13445.19,16617.09,20315.56,17554.09,2687.81,3064.06,,,,,,,基础化工,化学制品,其他化学制品,32.07,33.09,32.83
sh603133,碳元科技,2017-07-20,32.6,35.79,32.5,34.41,33.33,16432124.0,565596635.0,1789320000.0,7157280000.0,82338938.67,119218945.74,869378925.93,1026535664.26,157156738.33,13983383.3,21016.6,22917.89,11355.4,12522.66,20668.87,19461.23,4140.0,2708.81,,,,,,,基础化工,化学制品,其他化学制品,33.18,33.82,34.16
sh603133,碳元科技,2017-07-21,34.09,34.58,32.85,33.1,34.41,10596882.0,356296507.0,1721200000.0,6884800000.0,82338938.67,119218945.74,869378925.93,1026535664.26,157156738.33,13983383.3,12963.83,13772.36,6269.94,9146.18,15757.45,10779.19,769.83,1899.36,,,,,,,基础化工,化学制品,其他化学制品,33.65,34.25,33.85
sh603133,碳元科技,2017-07-24,32.58,36.38,32.58,36.15,33.1,17091681.0,595360360.0,1879800000.0,7519200000.0,82338938.67,119218945.74,869378925.93,1026535664.26,157156738.33,13983383.3,22225.64,21944.88,13190.2,11261.55,18529.03,21830.32,3433.85,3000.11,,,,,,,基础化工,化学制品,其他化学制品,33.4,34.21,33.91
sh603133,碳元科技,2017-07-25,35.38,36.0,34.5,35.52,36.15,14168561.0,498321174.0,1847040000.0,7388160000.0,82338938.67,119218945.74,869378925.93,1026535664.26,157156738.33,13983383.3,15134.12,15970.12,7023.07,9401.22,16978.75,13289.95,772.56,1000.54,,,,,,,基础化工,化学制品,其他化学制品,34.57,34.8,35.37
sh603133,碳元科技,2017-07-26,35.0,37.18,34.85,35.52,35.52,15600434.0,563273096.0,1847040000.0,7388160000.0,82338938.67,119218945.74,869378925.93,1026535664.26,157156738.33,13983383.3,22472.11,22926.26,11626.48,12696.78,21704.47,19330.81,2134.57,2217.38,,,,,,,基础化工,化学制品,其他化学制品,35.2,35.35,36.64
sh603133,碳元科技,2017-07-27,35.0,35.1,33.56,34.22,35.52,10979694.0,376211120.0,1779440000.0,7117760000.0,82338938.67,119218945.74,869378925.93,1026535664.26,157156738.33,13983383.3,12761.16,14130.2,4481.3,6489.31,15207.35,10959.19,675.05,1322.61,,,,,,,基础化工,化学制品,其他化学制品,34.18,34.42,34.28
sh603133,碳元科技,2017-07-28,34.18,37.22,34.18,36.42,34.22,18507633.0,671228939.0,1893840000.0,7575360000.0,82338938.67,119218945.74,869378925.93,1026535664.26,157156738.33,13983383.3,19838.98,22120.74,14558.61,11489.59,17052.18,20047.66,3363.23,1221.13,,,,,,,基础化工,化学制品,其他化学制品,35.0,35.96,35.99
sh603133,碳元科技,2017-07-31,35.0,37.8,34.72,37.17,36.42,17439910.0,635110450.0,1932840000.0,7731360000.0,82338938.67,119218945.74,869378925.93,1026535664.26,157156738.33,13983383.3,24632.55,23766.83,14097.75,17434.14,22491.93,19192.8,3583.5,4534.8,,,,,,,基础化工,化学制品,其他化学制品,35.25,36.26,36.91
sh603133,碳元科技,2017-08-01,36.68,36.96,35.57,36.39,37.17,10718753.0,387312416.0,1892280000.0,7569120000.0,82338938.67,119218945.74,869378925.93,1026535664.26,157156738.33,13983383.3,14955.64,15776.45,7250.33,9460.11,16180.18,11707.03,1254.54,2506.69,,,,,,,基础化工,化学制品,其他化学制品,36.75,36.15,36.02
sh603133,碳元科技,2017-08-02,37.0,38.68,36.38,36.45,36.39,19944280.0,747543167.0,1895400000.0,7581600000.0,82338938.67,119218945.74,869378925.93,1026535664.26,157156738.33,13983383.3,29562.45,29398.21,17708.65,19055.53,25693.4,24470.78,3036.31,2559.64,,,,,,,基础化工,化学制品,其他化学制品,36.88,37.5,37.1
sh603133,碳元科技,2017-08-03,35.01,35.33,33.78,34.39,36.45,14576880.0,503959152.0,1788280000.0,7153120000.0,82338938.67,119218945.74,869378925.93,1026535664.26,157156738.33,13983383.3,19336.57,20827.78,9237.47,13056.15,21885.77,14868.47,1037.37,2565.9,,,,,,,基础化工,化学制品,其他化学制品,34.62,34.72,34.0
sh603133,碳元科技,2017-08-04,34.0,34.88,32.34,32.43,34.39,12095888.0,406966123.0,1686360000.0,6745440000.0,82338938.67,119218945.74,869378925.93,1026535664.26,157156738.33,13983383.3,15005.57,16349.65,6281.99,11055.76,18429.5,11385.65,1214.45,1571.03,,,,,,,基础化工,化学制品,其他化学制品,34.18,34.0,34.62
sh603133,碳元科技,2017-08-07,32.42,33.37,32.42,32.99,32.43,5718453.0,188073320.0,1715480000.0,6861920000.0,82338938.67,119218945.74,869378925.93,1026535664.26,157156738.33,13983383.3,7986.8,7970.65,2795.98,3248.09,7923.15,7159.58,101.15,392.69,,,,,,,基础化工,化学制品,其他化学制品,32.78,33.33,32.93
sh603133,碳元科技,2017-08-08,32.83,32.83,31.88,32.37,32.99,6791999.0,218965276.0,1683240000.0,6732960000.0,82338938.67,119218945.74,869378925.93,1026535664.26,157156738.33,13983383.3,8388.68,9144.38,3319.7,4605.86,9672.08,6596.05,476.37,1691.37,,,,,,,基础化工,化学制品,其他化学制品,32.27,32.33,32.28
sh603133,碳元科技,2017-08-09,32.23,32.78,32.0,32.56,32.37,4319680.0,140325503.0,1693120000.0,6772480000.0,82338938.67,119218945.74,869378925.93,1026535664.26,157156738.33,13983383.3,6017.18,6520.54,2253.39,2268.01,5506.53,5216.5,263.24,135.86,,,,,,,基础化工,化学制品,其他化学制品,32.2,32.73,32.67
sh603133,碳元科技,2017-08-10,32.55,32.98,31.9,31.93,32.56,4928599.0,158670041.0,1660360000.0,6641440000.0,82338938.67,119218945.74,869378925.93,1026535664.26,157156738.33,13983383.3,5433.65,6577.65,2927.03,3775.3,7055.87,4554.1,424.83,883.77,,,,,,,基础化工,化学制品,其他化学制品,32.78,32.71,32.64
sh603133,碳元科技,2017-08-11,31.15,32.13,31.1,31.39,31.93,4859051.0,153311448.0,1632280000.0,6529120000.0,82338938.67,119218945.74,869378925.93,1026535664.26,157156738.33,13983383.3,6211.04,6855.83,2873.21,2909.57,6330.86,5595.45,0.0,0.0,,,,,,,基础化工,化学制品,其他化学制品,31.31,31.56,31.43
sh603133,碳元科技,2017-08-14,31.74,32.58,31.61,32.42,31.39,4855018.0,156524363.0,1685840000.0,6743360000.0,82338938.67,119218945.74,869378925.93,1026535664.26,157156738.33,13983383.3,6031.57,6086.5,3673.45,3037.31,5704.08,6217.2,162.5,118.01,,,,,,,基础化工,化学制品,其他化学制品,31.97,31.75,31.88
sh603133,碳元科技,2017-08-15,32.58,34.68,32.03,34.37,32.42,12590648.0,424104290.0,1787240000.0,7148960000.0,82338938.67,119218945.74,869378925.93,1026535664.26,157156738.33,13983383.3,16343.55,16274.62,9548.2,8665.02,14537.83,16612.35,1832.61,770.51,,,,,,,基础化工,化学制品,其他化学制品,32.24,32.38,32.39
sh603133,碳元科技,2017-08-16,33.53,33.99,31.1,32.68,34.37,9345690.0,305157876.0,1699360000.0,6797440000.0,82338938.67,119218945.74,869378925.93,1026535664.26,157156738.33,13983383.3,11295.85,12391.51,4297.01,7203.03,14373.03,9689.22,551.44,1136.4,,,,,,,基础化工,化学制品,其他化学制品,33.96,32.7,32.3
sh603133,碳元科技,2017-08-17,32.5,32.97,32.0,32.39,32.68,5611811.0,181316005.0,1684280000.0,6737120000.0,82338938.67,119218945.74,869378925.93,1026535664.26,157156738.33,13983383.3,6696.23,7646.72,2336.5,4518.34,8667.93,5664.83,580.31,353.33,,,,,,,基础化工,化学制品,其他化学制品,32.82,32.83,32.59
sh603133,碳元科技,2017-08-18,32.03,32.7,31.82,32.28,32.39,3587150.0,116082445.0,1678560000.0,6714240000.0,82338938.67,119218945.74,869378925.93,1026535664.26,157156738.33,13983383.3,5021.0,5330.75,1590.85,1698.18,5080.96,4544.77,0.0,128.8,,,,,,,基础化工,化学制品,其他化学制品,32.36,32.16,32.2
sh603133,碳元科技,2017-08-21,32.11,33.0,32.07,32.69,32.28,4587683.0,149502809.0,1699880000.0,6799520000.0,82338938.67,119218945.74,869378925.93,1026535664.26,157156738.33,13983383.3,6006.27,6095.38,2524.58,2788.15,5920.51,5922.38,284.83,0.0,,,,,,,基础化工,化学制品,其他化学制品,32.34,32.4,32.14
sh603133,碳元科技,2017-08-22,32.38,33.55,31.96,32.93,32.69,9000747.0,295233061.0,1712360000.0,6849440000.0,82338938.67,119218945.74,869378925.93,1026535664.26,157156738.33,13983383.3,11355.84,11229.97,5863.19,6578.83,10994.44,10965.66,1465.82,839.65,,,,,,,基础化工,化学制品,其他化学制品,32.12,32.2,32.01
sh603133,碳元科技,2017-08-23,32.5,35.23,32.34,34.2,32.93,14453648.0,495403663.0,1778400000.0,7113600000.0,82338938.67,119218945.74,869378925.93,1026535664.26,157156738.33,13983383.3,18997.22,18545.09,10106.62,10645.69,16271.32,16820.63,4141.12,3586.34,,,,,,,基础化工,化学制品,其他化学制品,32.93,34.5,34.59
sh603133,碳元科技,2017-08-24,33.0,33.37,32.08,32.51,34.2,10626664.0,346936964.0,1690520000.0,6762080000.0,79281694.34,101427304.13999999,865537361.02,992533574.7,126996213.68,12798572.370000001,12452.87,13155.01,6365.33,9828.54,15405.88,9604.78,1023.33,2200.06,,,,,,,基础化工,化学制品,其他化学制品,32.84,32.44,32.5
sh603133,碳元科技,2017-08-25,32.13,32.8,32.01,32.51,32.51,5826914.0,188690611.0,1690520000.0,6762080000.0,79281694.34,101427304.13999999,865537361.02,992533574.7,126996213.68,12798572.370000001,7691.61,8384.28,2857.03,3795.7,8239.48,6404.01,0.0,222.22,,,,,,,基础化工,化学制品,其他化学制品,32.11,32.2,32.4
sh603133,碳元科技,2017-08-28,32.52,33.77,32.33,33.5,32.51,9279828.0,308820838.0,1742000000.0,6968000000.0,79281694.34,101427304.13999999,865537361.02,992533574.7,126996213.68,12798572.370000001,12058.09,12755.09,8045.83,6264.64,9834.05,11237.86,1134.97,933.92,,,,,,,基础化工,化学制品,其他化学制品,32.71,32.7,32.5
sh603133,碳元科技,2017-08-29,33.17,35.7,32.74,34.64,33.5,17548713.0,605350316.0,1801280000.0,7205120000.0,79281694.34,101427304.13999999,865537361.02,992533574.7,126996213.68,12798572.370000001,24090.08,22964.71,15093.57,14160.38,17252.73,19894.95,4535.16,4367.81,,,,,,,基础化工,化学制品,其他化学制品,33.16,32.81,32.97
sh603133,碳元科技,2017-08-30,34.06,34.44,33.6,34.31,34.64,9108155.0,309787177.0,1784120000.0,7136480000.0,79281694.34,101427304.13999999,865537361.02,992533574.7,126996213.68,12798572.370000001,12302.1,12481.2,6749.93,8291.28,11811.89,8665.56,568.78,2078.51,,,,,,,基础化工,化学制品,其他化学制品,34.24,33.61,33.95
sh603133,碳元科技,2017-08-31,34.31,37.74,34.2,37.74,34.31,18780326.0,687626051.0,1962480000.0,7849920000.0,79281694.34,101427304.13999999,865537361.02,992533574.7,126996213.68,12798572.370000001,17701.13,25402.31,16671.03,16696.45,13037.42,20977.41,20882.04,5721.9,,,,,,,基础化工,化学制品,其他化学制品,34.94,35.24,34.95
sh603133,碳元科技,2017-09-01,39.0,39.98,37.25,38.43,37.74,25629462.0,990521732.0,1998360000.0,7993440000.0,79281694.34,101427304.13999999,865537361.02,992533574.7,126996213.68,12798572.370000001,37840.82,31578.25,27985.41,32308.17,28757.34,22799.38,8061.73,14898.61,,,,,,,基础化工,化学制品,其他化学制品,37.75,38.24,39.39
sh603133,碳元科技,2017-09-04,37.7,41.5,37.33,38.73,38.43,20127074.0,792462046.0,2013960000.0,8055840000.0,79281694.34,101427304.13999999,865537361.02,992533574.7,126996213.68,12798572.370000001,32340.35,29559.83,20499.43,23399.51,23451.79,19763.18,4781.64,7966.82,,,,,,,基础化工,化学制品,其他化学制品,38.16,39.02,39.34
sh603133,碳元科技,2017-09-05,38.59,38.59,36.02,37.28,38.73,13741434.0,508284623.0,1938560000.0,7754240000.0,79281694.34,101427304.13999999,865537361.02,992533574.7,126996213.68,12798572.370000001,20896.64,20983.7,10352.87,16456.18,19131.32,12883.38,1380.97,1411.19,,,,,,,基础化工,化学制品,其他化学制品,37.59,36.9,36.95
sh603133,碳元科技,2017-09-06,36.55,41.01,36.55,41.01,37.28,16874823.0,655228958.0,2132520000.0,8530080000.0,79281694.34,101427304.13999999,865537361.02,992533574.7,126996213.68,12798572.370000001,23221.61,26506.72,14106.58,15426.46,14558.12,20311.66,13153.53,3470.62,,,,,,,基础化工,化学制品,其他化学制品,36.83,36.98,36.7
sh603133,碳元科技,2017-09-07,43.0,45.11,42.51,45.07,41.01,26594620.0,1185441226.0,2343640000.0,9374560000.0,79281694.34,101427304.13999999,865537361.02,992533574.7,126996213.68,12798572.370000001,28410.06,44713.69,31593.4,39271.26,17550.39,21822.82,43091.48,14970.64,,,,,,,基础化工,化学制品,其他化学制品,44.2,45.11,45.11
sh603133,碳元科技,2017-09-08,43.7,44.46,40.8,42.67,45.07,24096852.0,1032917299.0,2218840000.0,8875360000.0,79281694.34,101427304.13999999,865537361.02,992533574.7,126996213.68,12798572.370000001,41206.68,29014.1,24987.74,40238.25,31534.33,14490.14,8212.06,20922.07,,,,,,,基础化工,化学制品,其他化学制品,43.32,44.15,43.31
sh603133,碳元科技,2017-09-11,42.4,42.59,40.77,42.38,42.67,13975322.0,582699825.0,2203760000.0,8815040000.0,79281694.34,101427304.13999999,865537361.02,992533574.7,126996213.68,12798572.370000001,24551.82,21297.74,16667.1,20935.12,15929.48,12484.27,2860.83,5193.27,,,,,,,基础化工,化学制品,其他化学制品,41.5,40.81,41.47
sh603133,碳元科技,2017-09-12,42.19,43.81,41.18,41.34,42.38,19110169.0,819790295.0,2149680000.0,8598720000.0,79281694.34,101427304.13999999,865537361.02,992533574.7,126996213.68,12798572.370000001,34352.39,30725.1,24079.69,24992.23,22143.13,18463.99,3639.26,8975.56,,,,,,,基础化工,化学制品,其他化学制品,42.19,43.31,43.0
sh603133,碳元科技,2017-09-13,40.0,40.55,38.83,40.51,41.34,11186869.0,444238980.0,2106520000.0,8426080000.0,79281694.34,101427304.13999999,865537361.02,992533574.7,126996213.68,12798572.370000001,16526.63,17809.56,9969.51,13054.7,16316.56,11914.68,2841.75,2720.21,,,,,,,基础化工,化学制品,其他化学制品,39.81,39.56,39.61
sh603133,碳元科技,2017-09-14,40.0,41.49,39.81,40.02,40.51,8648434.0,351251036.0,2081040000.0,8324160000.0,79281694.34,101427304.13999999,865537361.02,992533574.7,126996213.68,12798572.370000001,15004.62,14952.65,9617.04,9986.65,10725.32,9014.6,502.98,1339.07,,,,,,,基础化工,化学制品,其他化学制品,39.85,40.28,40.35
sh603133,碳元科技,2017-09-15,39.76,40.52,38.5,39.41,40.02,7101931.0,278769150.0,2049320000.0,8197280000.0,79281694.34,101427304.13999999,865537361.02,992533574.7,126996213.68,12798572.370000001,9969.36,11086.37,6500.92,7077.44,11069.42,8295.62,679.04,1727.34,,,,,,,基础化工,化学制品,其他化学制品,39.69,40.15,39.52
sh603133,碳元科技,2017-09-18,39.32,41.37,39.02,40.83,39.41,8773420.0,355168495.0,2123160000.0,8492640000.0,79281694.34,101427304.13999999,865537361.02,992533574.7,126996213.68,12798572.370000001,14401.68,12835.34,8482.35,9743.53,8301.24,8336.43,1423.88,1543.25,,,,,,,基础化工,化学制品,其他化学制品,39.85,39.66,39.98
sh603133,碳元科技,2017-09-19,40.69,42.81,40.01,42.2,40.83,11948392.0,496589326.0,2194400000.0,8777600000.0,79281694.34,101427304.13999999,865537361.02,992533574.7,126996213.68,12798572.370000001,19642.55,21385.86,15220.4,13833.03,11839.11,13246.04,3481.42,1786.83,,,,,,,基础化工,化学制品,其他化学制品,41.01,40.37,40.32
sh603133,碳元科技,2017-09-20,41.5,42.39,41.2,42.24,42.2,7496457.0,313246016.0,2196480000.0,8785920000.0,79281694.34,101427304.13999999,865537361.02,992533574.7,126996213.68,12798572.370000001,14291.63,12784.14,7735.37,10191.66,9342.36,7388.74,521.68,1477.74,,,,,,,基础化工,化学制品,其他化学制品,42.18,41.8,41.7
sh603133,碳元科技,2017-09-21,41.81,43.4,41.39,41.45,42.24,9053136.0,384699721.0,2155400000.0,8621600000.0,79281694.34,101427304.13999999,865537361.02,992533574.7,126996213.68,12798572.370000001,16381.86,17373.31,10598.59,9740.7,10883.16,10235.96,1323.59,1348.6,,,,,,,基础化工,化学制品,其他化学制品,42.36,42.95,42.58
sh603133,碳元科技,2017-09-22,40.17,40.99,39.3,40.11,41.45,6270478.0,252141997.0,2085720000.0,8342880000.0,79281694.34,101427304.13999999,865537361.02,992533574.7,126996213.68,12798572.370000001,10773.9,10063.31,5978.43,6872.55,8171.73,5669.6,965.26,2629.7,,,,,,,基础化工,化学制品,其他化学制品,40.4,40.1,40.23
sh603133,碳元科技,2017-09-25,40.26,40.79,39.0,39.09,40.11,4806935.0,191864236.0,2032680000.0,8130720000.0,79281694.34,101427304.13999999,865537361.02,992533574.7,126996213.68,12798572.370000001,7562.45,8465.22,4321.48,4719.03,7006.08,5171.02,429.74,655.12,,,,,,,基础化工,化学制品,其他化学制品,39.7,40.08,40.46
sh603133,碳元科技,2017-09-26,39.0,41.02,39.0,40.88,39.09,5939712.0,238915204.0,2125760000.0,8503040000.0,79281694.34,101427304.13999999,865537361.02,992533574.7,126996213.68,12798572.370000001,10587.18,10325.04,5675.79,5073.04,7539.72,8613.44,103.05,0.0,,,,,,,基础化工,化学制品,其他化学制品,39.24,39.56,39.5
sh603133,碳元科技,2017-09-27,40.52,42.26,40.05,41.18,40.88,7175301.0,296498977.0,2141360000.0,8565440000.0,79281694.34,101427304.13999999,865537361.02,992533574.7,126996213.68,12798572.370000001,13117.57,12681.01,7619.41,8658.23,8501.19,7792.53,858.6,718.09,,,,,,,基础化工,化学制品,其他化学制品,41.01,41.25,40.56
sh603133,碳元科技,2017-09-28,40.82,41.69,39.88,39.91,41.18,5457550.0,220940885.0,2075320000.0,8301280000.0,79281694.34,101427304.13999999,865537361.02,992533574.7,126996213.68,12798572.370000001,9388.74,9496.11,5189.48,5716.48,7447.87,5234.24,209.04,1622.06,,,,,,,基础化工,化学制品,其他化学制品,41.1,41.61,41.2
sh603133,碳元科技,2017-09-29,39.66,40.3,39.58,40.18,39.91,3194384.0,127490104.0,2089360000.0,8357440000.0,79281694.34,101427304.13999999,865537361.02,992533574.7,126996213.68,12798572.370000001,5911.68,5754.74,2442.29,3096.88,4332.66,3692.8,114.43,292.21,,,,,,,基础化工,化学制品,其他化学制品,39.92,40.06,39.71
sh603133,碳元科技,2017-10-09,40.68,41.08,39.86,40.03,40.18,3049562.0,122411265.0,2081560000.0,8326240000.0,79281694.34,101427304.13999999,865537361.02,992533574.7,126996213.68,12798572.370000001,5936.07,5337.63,2118.79,3678.53,3980.12,2493.03,0.0,381.71,,,,,,,基础化工,化学制品,其他化学制品,40.6,40.32,40.21
sh603133,碳元科技,2017-10-10,40.07,42.0,39.92,41.99,40.03,7219117.0,297696936.0,2183480000.0,8733920000.0,79281694.34,101427304.13999999,865537361.02,992533574.7,126996213.68,12798572.370000001,12570.59,13036.08,9101.53,7450.7,6821.37,8323.8,928.08,992.34,,,,,,,基础化工,化学制品,其他化学制品,39.99,40.36,40.22
sh603133,碳元科技,2017-10-11,41.84,41.86,40.06,40.42,41.99,5528374.0,225264889.0,2101840000.0,8407360000.0,79281694.34,101427304.13999999,865537361.02,992533574.7,126996213.68,12798572.370000001,10343.55,9793.95,4824.12,7275.62,7351.1,4571.65,227.34,895.07,,,,,,,基础化工,化学制品,其他化学制品,41.51,41.56,41.38
sh603133,碳元科技,2017-10-12,40.19,40.88,39.33,39.78,40.42,3696600.0,148127902.0,2068560000.0,8274240000.0,79281694.34,101427304.13999999,865537361.02,992533574.7,126996213.68,12798572.370000001,5918.1,6597.99,2691.08,4032.63,5710.26,3851.48,324.48,142.15,,,,,,,基础化工,化学制品,其他化学制品,40.13,40.43,40.56
sh603133,碳元科技,2017-10-13,39.79,40.78,39.52,40.41,39.78,2738599.0,110431930.0,2101320000.0,8405280000.0,79281694.34,101427304.13999999,865537361.02,992533574.7,126996213.68,12798572.370000001,4895.45,5350.31,2746.06,2381.07,3174.54,3229.16,365.04,0.0,,,,,,,基础化工,化学制品,其他化学制品,39.6,40.31,40.58
sh603133,碳元科技,2017-10-16,40.43,40.56,38.48,38.55,40.41,3974363.0,156428081.0,2004600000.0,8018400000.0,79281694.34,101427304.13999999,865537361.02,992533574.7,126996213.68,12798572.370000001,5348.87,6767.35,2492.86,4497.94,6366.04,3728.5,1542.3,498.28,,,,,,,基础化工,化学制品,其他化学制品,40.2,40.17,40.0
sh603133,碳元科技,2017-10-17,38.55,39.26,38.5,38.73,38.55,2198679.0,85290676.0,2013960000.0,8055840000.0,79281694.34,101427304.13999999,865537361.02,992533574.7,126996213.68,12798572.370000001,2946.67,3828.57,1730.71,1873.44,3249.95,2467.69,225.44,0.0,,,,,,,基础化工,化学制品,其他化学制品,38.73,39.0,38.71
sh603133,碳元科技,2017-10-18,38.88,39.15,36.0,36.39,38.73,4684414.0,176650323.0,1892280000.0,7569120000.0,79281694.34,101427304.13999999,865537361.02,992533574.7,126996213.68,12798572.370000001,5275.45,6766.4,4612.85,5597.32,5980.76,3773.59,1650.98,706.59,,,,,,,基础化工,化学制品,其他化学制品,39.01,39.05,39.07
sh603133,碳元科技,2017-10-19,36.4,36.7,35.2,36.03,36.39,2781990.0,99982596.0,1873560000.0,7494240000.0,79281694.34,101427304.13999999,865537361.02,992533574.7,126996213.68,12798572.370000001,3716.77,4512.89,1709.91,2147.61,3863.25,3325.12,558.11,0.0,,,,,,,基础化工,化学制品,其他化学制品,36.57,35.74,36.2
sh603133,碳元科技,2017-10-20,35.99,36.7,35.8,36.52,36.03,1804277.0,65614502.0,1899040000.0,7596160000.0,79281694.34,101427304.13999999,865537361.02,992533574.7,126996213.68,12798572.370000001,2895.14,2684.31,1134.2,1485.97,2374.27,2184.4,0.0,129.23,,,,,,,基础化工,化学制品,其他化学制品,36.13,36.12,36.35
sh603133,碳元科技,2017-10-23,36.2,37.17,36.2,36.9,36.52,1685663.0,62142259.0,1918800000.0,7675200000.0,79281694.34,101427304.13999999,865537361.02,992533574.7,126996213.68,12798572.370000001,2125.13,2389.1,743.29,483.57,1824.43,2090.98,334.08,101.65,,,,,,,基础化工,化学制品,其他化学制品,36.23,36.65,36.63
sh603133,碳元科技,2017-10-24,36.98,37.99,36.9,37.47,36.9,2588945.0,96863345.0,1948440000.0,7793760000.0,79281694.34,101427304.13999999,865537361.02,992533574.7,126996213.68,12798572.370000001,3862.68,4272.39,2147.64,1301.92,3084.65,3422.75,515.68,432.74,,,,,,,基础化工,化学制品,其他化学制品,37.19,36.99,37.19
sh603133,碳元科技,2017-10-25,37.31,37.74,37.08,37.36,37.47,1983200.0,74123641.0,1942720000.0,7770880000.0,79281694.34,101427304.13999999,865537361.02,992533574.7,126996213.68,12798572.370000001,3087.06,3261.81,1035.5,2187.97,2925.48,1985.15,397.95,0.0,,,,,,,基础化工,化学制品,其他化学制品,37.4,37.31,37.45
sh603133,碳元科技,2017-10-26,37.5,38.86,37.35,38.34,37.36,3809974.0,145734400.0,1993680000.0,7974720000.0,79281694.34,101427304.13999999,865537361.02,992533574.7,126996213.68,12798572.370000001,6662.11,5712.31,3061.53,3604.45,4584.82,5332.01,216.47,0.0,,,,,,,基础化工,化学制品,其他化学制品,37.93,38.25,38.22
sh603133,碳元科技,2017-10-27,38.01,38.04,37.51,37.53,38.34,2425895.0,91471050.0,1951560000.0,7806240000.0,79281694.34,101427304.13999999,884019415.24,1047458469.66,163439054.42,16274491.649999999,3299.22,3937.58,2151.65,2444.61,3274.17,2423.26,416.8,172.4,,,,,,,基础化工,化学制品,其他化学制品,37.7,38.0,37.75
sh603133,碳元科技,2017-10-30,37.55,37.8,35.26,36.0,37.53,2724061.0,98568561.0,1872000000.0,7488000000.0,79281694.34,101427304.13999999,884019415.24,1047458469.66,163439054.42,16274491.649999999,3320.9,4323.42,1852.52,2681.37,4091.16,2578.48,283.73,0.0,,,,,,,基础化工,化学制品,其他化学制品,37.77,37.13,36.62
sh603133,碳元科技,2017-10-31,35.94,37.2,35.85,37.12,36.0,2328802.0,85801160.0,1930240000.0,7720960000.0,79281694.34,101427304.13999999,884019415.24,1047458469.66,163439054.42,16274491.649999999,3439.87,3583.99,2188.12,1531.55,2541.94,3234.33,294.97,178.69,,,,,,,基础化工,化学制品,其他化学制品,36.35,36.19,36.26
sh603133,碳元科技,2017-11-01,37.37,37.4,36.75,37.36,37.12,2357797.0,87266969.0,1942720000.0,7770880000.0,79281694.34,101427304.13999999,884019415.24,1047458469.66,163439054.42,16274491.649999999,3436.43,3407.52,1939.48,2530.75,3115.83,2394.33,0.0,340.19,,,,,,,基础化工,化学制品,其他化学制品,37.13,37.05,36.89
sh603133,碳元科技,2017-11-02,37.36,37.89,36.85,37.11,37.36,2333136.0,87187242.0,1929720000.0,7718880000.0,79281694.34,101427304.13999999,884019415.24,1047458469.66,163439054.42,16274491.649999999,3869.62,3876.39,1439.27,1366.73,3027.91,3081.33,235.55,186.85,,,,,,,基础化工,化学制品,其他化学制品,37.0,36.93,37.84
sh603133,碳元科技,2017-11-03,36.86,37.19,35.85,36.6,37.11,1911239.0,69761773.0,1903200000.0,7612800000.0,79281694.34,101427304.13999999,884019415.24,1047458469.66,163439054.42,16274491.649999999,2940.87,3271.03,957.72,1425.81,2952.0,2227.24,0.0,0.0,,,,,,,基础化工,化学制品,其他化学制品,37.09,36.58,36.75
sh603133,碳元科技,2017-11-06,36.61,38.4,36.61,38.38,36.6,4237562.0,160275422.0,1995760000.0,7983040000.0,79281694.34,101427304.13999999,884019415.24,1047458469.66,163439054.42,16274491.649999999,6070.55,6436.77,5091.75,3356.4,4077.79,5861.23,599.0,386.8,,,,,,,基础化工,化学制品,其他化学制品,37.1,37.26,37.2
sh603133,碳元科技,2017-11-07,38.28,39.5,37.85,39.24,38.38,4809908.0,186819280.0,2040480000.0,8161920000.0,79281694.34,101427304.13999999,884019415.24,1047458469.66,163439054.42,16274491.649999999,7237.71,8013.6,4424.93,4205.62,5992.8,5968.75,844.01,518.56,,,,,,,基础化工,化学制品,其他化学制品,38.67,38.08,38.13
sh603133,碳元科技,2017-11-08,39.26,39.78,38.71,38.88,39.24,3559493.0,139691551.0,2021760000.0,8087040000.0,79281694.34,101427304.13999999,884019415.24,1047458469.66,163439054.42,16274491.649999999,5828.08,5839.74,2802.09,3180.06,5351.44,4639.85,0.0,120.9,,,,,,,基础化工,化学制品,其他化学制品,39.05,39.0,39.42
sh603133,碳元科技,2017-11-09,38.6,39.7,38.6,39.6,38.88,4013128.0,158421638.0,2059200000.0,8236800000.0,79281694.34,101427304.13999999,884019415.24,1047458469.66,163439054.42,16274491.649999999,6593.24,6562.87,3248.95,3281.1,4751.54,5252.09,1105.88,897.37,,,,,,,基础化工,化学制品,其他化学制品,38.89,39.03,39.41
sh603133,碳元科技,2017-11-10,39.5,39.9,39.0,39.3,39.6,3198385.0,126084529.0,2043600000.0,8174400000.0,79281694.34,101427304.13999999,884019415.24,1047458469.66,163439054.42,16274491.649999999,5189.62,5549.67,2395.83,3322.19,4677.68,3617.63,113.73,0.0,,,,,,,基础化工,化学制品,其他化学制品,39.45,39.56,39.45
sh603133,碳元科技,2017-11-13,39.38,39.7,38.5,39.3,39.3,3167512.0,123444519.0,2043600000.0,8174400000.0,79281694.34,101427304.13999999,884019415.24,1047458469.66,163439054.42,16274491.649999999,4709.22,4597.15,2696.31,3202.51,4462.61,3407.73,455.47,1201.56,,,,,,,基础化工,化学制品,其他化学制品,39.68,39.0,38.86
sh603133,碳元科技,2017-11-14,39.28,39.73,38.52,39.69,39.3,3444094.0,134958134.0,2063880000.0,8255520000.0,79281694.34,101427304.13999999,884019415.24,1047458469.66,163439054.42,16274491.649999999,5703.5,5846.09,2643.19,3027.43,4775.76,4498.78,427.16,0.0,,,,,,,基础化工,化学制品,其他化学制品,39.15,38.93,38.68
sh603133,碳元科技,2017-11-15,39.2,39.4,37.05,37.22,39.69,4044366.0,154211135.0,1935440000.0,7741760000.0,79281694.34,101427304.13999999,884019415.24,1047458469.66,163439054.42,16274491.649999999,5570.32,6249.26,2543.45,4753.04,6676.42,3345.96,437.5,548.12,,,,,,,基础化工,化学制品,其他化学制品,39.02,38.99,38.98
sh603133,碳元科技,2017-11-16,36.65,37.4,36.21,36.29,37.22,2308530.0,84774668.0,1887080000.0,7548320000.0,79281694.34,101427304.13999999,884019415.24,1047458469.66,163439054.42,16274491.649999999,2920.14,3704.01,1782.7,1873.58,3671.51,2346.12,108.81,361.95,,,,,,,基础化工,化学制品,其他化学制品,36.96,36.87,37.07
sh603133,碳元科技,2017-11-17,36.35,36.78,32.7,33.49,36.29,3360961.0,116460388.0,1741480000.0,6965920000.0,79281694.34,101427304.13999999,884019415.24,1047458469.66,163439054.42,16274491.649999999,3831.98,5354.89,2050.25,2549.47,5067.52,2791.13,0.0,105.45,,,,,,,基础化工,化学制品,其他化学制品,36.54,36.49,36.07
sh603133,碳元科技,2017-11-20,33.58,34.17,31.7,34.16,33.49,1734214.0,57626389.0,1776320000.0,7105280000.0,79281694.34,101427304.13999999,884019415.24,1047458469.66,163439054.42,16274491.649999999,2076.01,2466.62,1014.75,1055.43,2256.23,1994.58,304.48,100.75,,,,,,,基础化工,化学制品,其他化学制品,33.21,32.5,32.77
sh603133,碳元科技,2017-11-21,34.15,34.88,33.69,34.05,34.16,1519853.0,52022769.0,1770600000.0,7082400000.0,79281694.34,101427304.13999999,884019415.24,1047458469.66,163439054.42,16274491.649999999,2370.5,2004.95,809.7,1205.93,1906.39,1803.18,0.0,0.0,,,,,,,基础化工,化学制品,其他化学制品,34.3,34.41,34.73
sh603133,碳元科技,2017-11-22,34.05,34.45,33.7,33.88,34.05,1197453.0,40687641.0,1761760000.0,7047040000.0,79281694.34,101427304.13999999,884019415.24,1047458469.66,163439054.42,16274491.649999999,1583.4,1577.94,803.75,969.25,1549.39,1275.32,0.0,0.0,,,,,,,基础化工,化学制品,其他化学制品,34.27,33.8,33.83
sh603133,碳元科技,2017-11-23,33.97,34.43,32.4,32.58,33.88,1419461.0,47706910.0,1694160000.0,6776640000.0,79281694.34,101427304.13999999,884019415.24,1047458469.66,163439054.42,16274491.649999999,1724.97,1918.43,1021.15,1191.36,1957.13,1441.58,0.0,0.0,,,,,,,基础化工,化学制品,其他化学制品,34.01,33.66,33.62
sh603133,碳元科技,2017-11-24,32.39,34.5,31.88,33.85,32.58,2346650.0,78613174.0,1760200000.0,7040800000.0,79281694.34,101427304.13999999,884019415.24,1047458469.66,163439054.42,16274491.649999999,2836.35,3164.35,1832.15,1584.21,2387.79,2498.36,502.34,317.32,,,,,,,基础化工,化学制品,其他化学制品,32.42,32.33,32.56
sh603133,碳元科技,2017-11-27,33.95,33.95,31.0,31.97,33.85,1876980.0,61769814.0,1662440000.0,6649760000.0,79281694.34,101427304.13999999,884019415.24,1047458469.66,163439054.42,16274491.649999999,2586.66,2065.09,876.14,2036.23,2535.73,1391.75,0.0,416.56,,,,,,,基础化工,化学制品,其他化学制品,33.4,33.32,33.58
sh603133,碳元科技,2017-11-28,31.89,33.38,31.68,32.73,31.97,1413177.0,45907131.0,1701960000.0,6807840000.0,79281694.34,101427304.13999999,884019415.24,1047458469.66,163439054.42,16274491.649999999,1470.67,1860.85,1011.24,863.41,1896.37,1688.1,0.0,0.0,,,,,,,基础化工,化学制品,其他化学制品,32.66,32.4,32.39
sh603133,碳元科技,2017-11-29,33.0,33.56,32.5,33.54,32.73,2291777.0,75960540.0,1744080000.0,6976320000.0,79281694.34,101427304.13999999,884019415.24,1047458469.66,163439054.42,16274491.649999999,3249.83,3115.44,1853.71,1790.73,2475.77,2730.71,0.0,0.0,,,,,,,基础化工,化学制品,其他化学制品,32.93,32.8,32.76
sh603133,碳元科技,2017-11-30,33.2,33.49,32.41,32.71,33.54,1610556.0,53181330.0,1700920000.0,6803680000.0,79281694.34,101427304.13999999,884019415.24,1047458469.66,163439054.42,16274491.649999999,1802.24,2352.16,1163.97,1375.81,2419.08,1483.88,0.0,0.0,,,,,,,基础化工,化学制品,其他化学制品,33.08,33.26,33.22
sh603133,碳元科技,2017-12-01,32.62,32.99,32.4,32.77,32.71,923883.0,30202232.0,1704040000.0,6816160000.0,79281694.34,101427304.13999999,884019415.24,1047458469.66,163439054.42,16274491.649999999,1381.88,1151.24,231.05,618.75,1409.26,1121.02,0.0,0.0,,,,,,,基础化工,化学制品,其他化学制品,32.81,32.52,32.65
sh603133,碳元科技,2017-12-04,32.5,33.0,31.25,31.35,32.77,1707364.0,54646055.0,1630200000.0,6520800000.0,79281694.34,101427304.13999999,884019415.24,1047458469.66,163439054.42,16274491.649999999,1514.72,1377.23,402.92,1065.47,1647.85,1013.97,0.0,0.0,,,,,,,基础化工,化学制品,其他化学制品,32.55,32.63,32.58
sh603133,碳元科技,2017-12-05,31.35,31.47,28.48,28.88,31.35,2859545.0,85175451.0,1501760000.0,6007040000.0,79281694.34,101427304.13999999,884019415.24,1047458469.66,163439054.42,16274491.649999999,3166.09,3759.34,1303.4,1602.92,3482.49,2022.0,290.0,622.57,,,,,,,基础化工,化学制品,其他化学制品,30.96,31.28,31.42
sh603133,碳元科技,2017-12-06,28.88,29.5,28.55,29.44,28.88,1428173.0,41456592.0,1530880000.0,6123520000.0,79281694.34,101427304.13999999,884019415.24,1047458469.66,163439054.42,16274491.649999999,1614.41,1988.47,454.04,673.44,2011.36,1392.61,0.0,0.0,,,,,,,基础化工,化学制品,其他化学制品,28.72,29.1,29.16
sh603133,碳元科技,2017-12-07,29.4,30.6,29.11,29.73,29.44,1396761.0,41927567.0,1545960000.0,6183840000.0,79281694.34,101427304.13999999,884019415.24,1047458469.66,163439054.42,16274491.649999999,1520.01,1804.24,1024.96,687.62,1559.47,1588.74,0.0,0.0,,,,,,,基础化工,化学制品,其他化学制品,29.15,30.32,30.19
sh603133,碳元科技,2017-12-08,29.09,30.28,29.09,30.1,29.73,1239550.0,37181796.0,1565200000.0,6260800000.0,79281694.34,101427304.13999999,884019415.24,1047458469.66,163439054.42,16274491.649999999,1672.77,1727.8,482.92,495.23,1441.1,1413.71,0.0,0.0,,,,,,,基础化工,化学制品,其他化学制品,29.7,29.6,29.91
sh603133,碳元科技,2017-12-11,30.0,30.6,29.87,30.45,30.1,1118687.0,34012232.0,1583400000.0,6333600000.0,79281694.34,101427304.13999999,884019415.24,1047458469.66,163439054.42,16274491.649999999,1485.71,1553.11,731.54,423.22,1168.95,1402.19,0.0,0.0,,,,,,,基础化工,化学制品,其他化学制品,30.43,30.4,30.38
sh603133,碳元科技,2017-12-12,30.22,31.5,30.1,30.75,30.45,2319645.0,71587796.0,1599000000.0,6396000000.0,79281694.34,101427304.13999999,884019415.24,1047458469.66,163439054.42,16274491.649999999,3018.83,2788.1,1531.31,1406.04,2610.22,2952.02,0.0,0.0,,,,,,,基础化工,化学制品,其他化学制品,30.38,30.51,30.44
sh603133,碳元科技,2017-12-13,30.35,30.67,30.02,30.5,30.75,1378900.0,41829167.0,1586000000.0,6344000000.0,79281694.34,101427304.13999999,884019415.24,1047458469.66,163439054.42,16274491.649999999,1976.66,1917.65,178.83,770.92,2002.53,1477.66,0.0,0.0,,,,,,,基础化工,化学制品,其他化学制品,30.45,30.15,30.38
sh603133,碳元科技,2017-12-14,30.69,30.69,29.5,29.81,30.5,1578600.0,47237352.0,1550120000.0,6200480000.0,79281694.34,101427304.13999999,884019415.24,1047458469.66,163439054.42,16274491.649999999,1651.43,1994.11,709.52,986.24,2262.44,1300.53,0.0,266.6,,,,,,,基础化工,化学制品,其他化学制品,30.43,30.38,30.2
sh603133,碳元科技,2017-12-15,29.59,30.15,29.5,29.67,29.81,1158245.0,34459924.0,1542840000.0,6171360000.0,79281694.34,101427304.13999999,884019415.24,1047458469.66,163439054.42,16274491.649999999,1393.91,1349.84,427.27,952.97,1611.6,1046.28,0.0,0.0,,,,,,,基础化工,化学制品,其他化学制品,29.82,29.76,30.09
sh603133,碳元科技,2017-12-18,29.67,30.5,29.12,30.24,29.67,1715800.0,51633610.0,1572480000.0,6289920000.0,79281694.34,101427304.13999999,884019415.24,1047458469.66,163439054.42,16274491.649999999,2223.61,2205.63,988.33,473.42,1909.18,2325.22,0.0,110.1,,,,,,,基础化工,化学制品,其他化学制品,29.61,29.46,29.34
sh603133,碳元科技,2017-12-19,30.05,30.48,30.05,30.39,30.24,1111340.0,33646425.0,1580280000.0,6321120000.0,79281694.34,101427304.13999999,884019415.24,1047458469.66,163439054.42,16274491.649999999,1538.66,1706.82,508.16,337.89,1141.47,1376.36,169.16,0.0,,,,,,,基础化工,化学制品,其他化学制品,30.15,30.21,30.16
sh603133,碳元科技,2017-12-20,30.38,30.5,29.4,29.63,30.39,1127561.0,33606891.0,1540760000.0,6163040000.0,79281694.34,101427304.13999999,884019415.24,1047458469.66,163439054.42,16274491.649999999,1198.03,1520.56,226.78,647.31,1791.0,1010.27,0.0,0.0,,,,,,,基础化工,化学制品,其他化学制品,30.45,30.31,30.2
sh603133,碳元科技,2017-12-21,29.65,29.95,28.5,29.73,29.63,1339353.0,39246596.0,1545960000.0,6183840000.0,79281694.34,101427304.13999999,884019415.24,1047458469.66,163439054.42,16274491.649999999,1411.08,1478.46,688.53,720.84,1654.55,1220.26,0.0,366.29,,,,,,,基础化工,化学制品,其他化学制品,29.45,29.5,29.45
sh603133,碳元科技,2017-12-22,29.8,31.45,29.7,30.68,29.73,3034356.0,93268889.0,1595360000.0,6381440000.0,79281694.34,101427304.13999999,884019415.24,1047458469.66,163439054.42,16274491.649999999,3576.03,3345.3,1812.15,1822.05,3292.72,3606.93,539.11,431.2,,,,,,,基础化工,化学制品,其他化学制品,30.0,30.23,30.38
sh603133,碳元科技,2017-12-25,30.41,33.75,30.2,33.46,30.68,5410736.0,172885831.0,1739920000.0,6959680000.0,79281694.34,101427304.13999999,884019415.24,1047458469.66,163439054.42,16274491.649999999,5991.46,6083.35,2853.02,2893.58,5012.92,6541.03,2480.31,1003.18,,,,,,,基础化工,化学制品,其他化学制品,30.8,30.8,30.32
sh603133,碳元科技,2017-12-26,32.79,33.9,32.0,33.29,33.46,4952537.0,163085064.0,1731080000.0,6924320000.0,79281694.34,101427304.13999999,884019415.24,1047458469.66,163439054.42,16274491.649999999,6785.43,5892.18,2934.77,4449.25,6393.75,5447.37,372.53,620.86,,,,,,,基础化工,化学制品,其他化学制品,32.53,32.56,32.61
sh603133,碳元科技,2017-12-27,32.8,34.24,32.7,33.5,33.29,4242418.0,143112966.0,1742000000.0,6968000000.0,79281694.34,101427304.13999999,884019415.24,1047458469.66,163439054.42,16274491.649999999,5721.15,6287.27,3230.69,2893.36,5354.39,5334.97,121.77,0.0,,,,,,,基础化工,化学制品,其他化学制品,33.38,33.96,34.0
sh603133,碳元科技,2017-12-28,33.0,33.99,32.39,33.31,33.5,2979258.0,98812772.0,1732120000.0,6928480000.0,79281694.34,101427304.13999999,884019415.24,1047458469.66,163439054.42,16274491.649999999,4320.86,4146.6,1227.83,1768.55,4365.88,3750.28,0.0,122.34,,,,,,,基础化工,化学制品,其他化学制品,33.22,32.46,32.82
sh603133,碳元科技,2017-12-29,32.99,33.33,32.48,32.49,33.31,1708390.0,56008551.0,1689480000.0,6757920000.0,79281694.34,101427304.13999999,884019415.24,1047458469.66,163439054.42,16274491.649999999,2208.01,2366.86,342.29,929.57,3042.52,2182.13,0.0,0.0,,,,,,,基础化工,化学制品,其他化学制品,33.2,32.8,32.72
sh603133,碳元科技,2018-01-02,32.51,33.27,32.2,32.93,32.49,1679500.0,55009061.0,1712360000.0,6849440000.0,79281694.34,101427304.13999999,884019415.24,1047458469.66,163439054.42,16274491.649999999,2342.85,2429.63,867.31,721.3,2084.21,2195.97,0.0,0.0,,,,,,,基础化工,化学制品,其他化学制品,32.23,32.32,32.62
sh603133,碳元科技,2018-01-03,33.05,33.99,33.05,33.16,32.93,2391004.0,79951244.0,1724320000.0,6897280000.0,79281694.34,101427304.13999999,884019415.24,1047458469.66,163439054.42,16274491.649999999,3489.54,3497.4,1243.11,1950.08,3051.72,2550.57,110.72,0.0,,,,,,,基础化工,化学制品,其他化学制品,33.58,33.8,33.6
sh603133,碳元科技,2018-01-04,32.7,35.3,32.7,34.78,33.16,5916752.0,203385812.0,1808560000.0,7234240000.0,79281694.34,101427304.13999999,884019415.24,1047458469.66,163439054.42,16274491.649999999,8407.29,7949.81,4338.93,3975.32,7331.16,7435.63,177.58,1009.85,,,,,,,基础化工,化学制品,其他化学制品,33.38,33.37,33.16
sh603133,碳元科技,2018-01-05,34.37,34.5,33.61,33.8,34.78,3646161.0,123885509.0,1757600000.0,7030400000.0,79281694.34,101427304.13999999,884019415.24,1047458469.66,163439054.42,16274491.649999999,4327.24,5167.68,2482.19,2908.64,5304.57,3847.15,702.23,566.59,,,,,,,基础化工,化学制品,其他化学制品,34.16,34.08,33.86
sh603133,碳元科技,2018-01-08,33.52,34.39,33.41,33.85,33.8,2234903.0,75799577.0,1760200000.0,7040800000.0,79281694.34,101427304.13999999,884019415.24,1047458469.66,163439054.42,16274491.649999999,3241.71,3204.86,1330.16,1315.65,2910.77,2681.61,100.56,221.42,,,,,,,基础化工,化学制品,其他化学制品,33.67,34.3,34.29
sh603133,碳元科技,2018-01-09,33.75,33.88,33.02,33.21,33.85,1779400.0,59369384.0,1726920000.0,6907680000.0,79281694.34,101427304.13999999,884019415.24,1047458469.66,163439054.42,16274491.649999999,2103.31,2654.26,995.63,1288.05,2707.69,1931.66,108.62,0.0,,,,,,,基础化工,化学制品,其他化学制品,33.51,33.8,33.46
sh603133,碳元科技,2018-01-10,33.22,33.6,32.1,32.41,33.21,1846824.0,60515063.0,1685320000.0,6741280000.0,79281694.34,101427304.13999999,884019415.24,1047458469.66,163439054.42,16274491.649999999,2257.17,2804.51,971.24,929.73,2495.71,1832.21,105.08,218.94,,,,,,,基础化工,化学制品,其他化学制品,33.4,33.38,33.38
sh603133,碳元科技,2018-01-11,32.18,33.0,32.18,32.91,32.41,1266300.0,41414405.0,1711320000.0,6845280000.0,79281694.34,101427304.13999999,884019415.24,1047458469.66,163439054.42,16274491.649999999,1698.97,1394.14,644.72,977.97,1659.71,1668.36,0.0,0.0,,,,,,,基础化工,化学制品,其他化学制品,32.55,32.87,32.68
sh603133,碳元科技,2018-01-12,32.91,33.75,32.91,33.06,32.91,1585900.0,52856553.0,1719120000.0,6876480000.0,79281694.34,101427304.13999999,884019415.24,1047458469.66,163439054.42,16274491.649999999,2303.51,2361.42,848.43,966.22,2074.85,1936.4,0.0,0.0,,,,,,,基础化工,化学制品,其他化学制品,33.68,33.59,33.53
sh603133,碳元科技,2018-01-15,32.81,32.81,30.69,31.16,33.06,2236664.0,70622561.0,1620320000.0,6481280000.0,79281694.34,101427304.13999999,884019415.24,1047458469.66,163439054.42,16274491.649999999,2209.76,2996.04,1480.21,1658.63,3332.31,2086.42,0.0,166.86,,,,,,,基础化工,化学制品,其他化学制品,32.45,31.94,32.1
sh603133,碳元科技,2018-01-16,31.33,31.6,30.86,31.33,31.16,1150600.0,36027092.0,1629160000.0,6516640000.0,79281694.34,101427304.13999999,884019415.24,1047458469.66,163439054.42,16274491.649999999,1513.02,1661.11,796.71,582.73,1204.63,1287.42,0.0,0.0,,,,,,,基础化工,化学制品,其他化学制品,31.32,31.11,31.21
sh603133,碳元科技,2018-01-17,31.48,31.5,30.04,30.79,31.33,1473295.0,45103768.0,1601080000.0,6404320000.0,79281694.34,101427304.13999999,884019415.24,1047458469.66,163439054.42,16274491.649999999,1737.04,1784.12,894.68,1462.07,1755.23,1044.01,0.0,0.0,,,,,,,基础化工,化学制品,其他化学制品,31.34,31.18,30.41
sh603133,碳元科技,2018-01-18,30.79,31.25,30.6,30.82,30.79,886195.0,27413239.0,1602640000.0,6410560000.0,79281694.34,101427304.13999999,884019415.24,1047458469.66,163439054.42,16274491.649999999,1385.56,1187.83,110.89,488.78,1210.7,997.33,0.0,0.0,,,,,,,基础化工,化学制品,其他化学制品,30.69,30.9,30.9
sh603133,碳元科技,2018-01-19,30.54,30.98,30.2,30.39,30.82,1277295.0,39053636.0,1580280000.0,6321120000.0,79281694.34,101427304.13999999,884019415.24,1047458469.66,163439054.42,16274491.649999999,1543.87,1675.26,590.33,1040.94,1612.01,1024.04,102.56,0.0,,,,,,,基础化工,化学制品,其他化学制品,30.83,30.78,30.89
sh603133,碳元科技,2018-01-22,30.12,30.89,30.0,30.81,30.39,1452145.0,44282391.0,1602120000.0,6408480000.0,79281694.34,101427304.13999999,884019415.24,1047458469.66,163439054.42,16274491.649999999,1756.53,1667.97,742.55,951.14,1697.18,1306.84,0.0,307.05,,,,,,,基础化工,化学制品,其他化学制品,30.2,30.16,30.1
sh603133,碳元科技,2018-01-23,30.5,31.05,30.5,30.65,30.81,1060843.0,32588141.0,1593800000.0,6375200000.0,79281694.34,101427304.13999999,884019415.24,1047458469.66,163439054.42,16274491.649999999,1150.76,1320.08,663.84,397.18,1249.52,1124.64,139.1,259.08,,,,,,,基础化工,化学制品,其他化学制品,30.7,30.87,30.75
sh603133,碳元科技,2018-01-24,30.66,31.08,30.16,31.04,30.65,1391603.0,42754328.0,1614080000.0,6456320000.0,79281694.34,101427304.13999999,884019415.24,1047458469.66,163439054.42,16274491.649999999,1575.3,1437.4,1097.9,1310.82,1555.4,1545.7,0.0,0.0,,,,,,,基础化工,化学制品,其他化学制品,30.66,30.31,30.36
sh603133,碳元科技,2018-01-25,31.0,31.27,30.8,30.81,31.04,1206000.0,37410872.0,1602120000.0,6408480000.0,79281694.34,101427304.13999999,884019415.24,1047458469.66,163439054.42,16274491.649999999,1667.72,1680.87,626.84,844.39,1461.94,1180.4,0.0,0.0,,,,,,,基础化工,化学制品,其他化学制品,31.15,31.19,31.18
sh603133,碳元科技,2018-01-26,30.8,30.8,30.15,30.29,30.81,1074500.0,32667057.0,1575080000.0,6300320000.0,79281694.34,101427304.13999999,884019415.24,1047458469.66,163439054.42,16274491.649999999,1079.13,1649.5,560.6,600.83,1472.23,979.54,151.2,0.0,,,,,,,基础化工,化学制品,其他化学制品,30.58,30.7,30.67
sh603133,碳元科技,2018-01-29,30.36,30.44,29.79,29.96,30.29,1126102.0,33791817.0,1557920000.0,6231680000.0,79281694.34,101427304.13999999,884019415.24,1047458469.66,163439054.42,16274491.649999999,1258.84,1492.95,788.41,696.19,1379.83,891.34,0.0,270.1,,,,,,,基础化工,化学制品,其他化学制品,30.39,30.13,30.25
sh603133,碳元科技,2018-01-30,30.19,30.96,29.37,30.74,29.96,1414179.0,43255191.0,1598480000.0,6393920000.0,79281694.34,101427304.13999999,884019415.24,1047458469.66,163439054.42,16274491.649999999,1918.39,1940.39,872.0,572.23,1346.69,1813.67,0.0,0.0,,,,,,,基础化工,化学制品,其他化学制品,29.85,30.22,30.17
sh603133,碳元科技,2018-01-31,30.32,30.74,28.8,29.33,30.74,1638022.0,48798003.0,1525160000.0,6100640000.0,79281694.34,101427304.13999999,884019415.24,1047458469.66,163439054.42,16274491.649999999,1944.14,1850.26,993.9,1335.4,1774.4,1396.7,0.0,0.0,,,,,,,基础化工,化学制品,其他化学制品,30.5,30.51,30.53
sh603133,碳元科技,2018-02-01,29.35,29.8,27.0,27.71,29.33,1205805.0,34362530.0,1440920000.0,5763680000.0,79281694.34,101427304.13999999,884019415.24,1047458469.66,163439054.42,16274491.649999999,1327.38,1366.73,297.25,548.22,1536.87,1105.98,0.0,0.0,,,,,,,基础化工,化学制品,其他化学制品,29.2,29.39,29.49
sh603133,碳元科技,2018-02-02,27.14,27.64,25.9,27.32,27.71,1051498.0,28280354.0,1420640000.0,5682560000.0,79281694.34,101427304.13999999,884019415.24,1047458469.66,163439054.42,16274491.649999999,960.57,1119.92,427.4,650.25,1242.96,775.24,0.0,151.12,,,,,,,基础化工,化学制品,其他化学制品,27.05,26.15,26.97
sh603133,碳元科技,2018-02-05,26.51,28.36,26.51,27.53,27.32,744200.0,20576885.0,1431560000.0,5726240000.0,79281694.34,101427304.13999999,884019415.24,1047458469.66,163439054.42,16274491.649999999,698.93,801.65,251.64,411.16,957.6,733.68,0.0,0.0,,,,,,,基础化工,化学制品,其他化学制品,27.36,27.55,27.63
sh603133,碳元科技,2018-02-06,27.0,27.44,24.78,24.78,27.53,1813800.0,46467178.0,1288560000.0,5154240000.0,79281694.34,101427304.13999999,884019415.24,1047458469.66,163439054.42,16274491.649999999,1796.63,1641.24,472.95,1147.33,2036.49,1121.76,0.0,212.66,,,,,,,基础化工,化学制品,其他化学制品,27.03,26.6,26.95
sh603133,碳元科技,2018-02-07,25.39,25.88,23.94,25.1,24.78,1358761.0,34042192.0,1305200000.0,5220800000.0,79281694.34,101427304.13999999,884019415.24,1047458469.66,163439054.42,16274491.649999999,1127.25,1174.66,865.46,938.75,1287.89,1117.69,121.78,152.82,,,,,,,基础化工,化学制品,其他化学制品,25.6,25.47,25.5
sh603133,碳元科技,2018-02-08,25.13,25.81,24.98,25.46,25.1,859161.0,21836042.0,1323920000.0,5295680000.0,79281694.34,101427304.13999999,884019415.24,1047458469.66,163439054.42,16274491.649999999,796.16,681.6,332.57,294.92,846.8,691.69,126.75,566.87,,,,,,,基础化工,化学制品,其他化学制品,25.32,25.18,25.35
sh603133,碳元科技,2018-02-09,24.79,28.01,24.05,25.47,25.46,1605663.0,41386796.0,1324440000.0,5297760000.0,79281694.34,101427304.13999999,884019415.24,1047458469.66,163439054.42,16274491.649999999,1382.38,1671.82,481.94,550.61,1738.84,1695.77,312.03,0.0,,,,,,,基础化工,化学制品,其他化学制品,24.1,24.76,26.51
sh603133,碳元科技,2018-02-12,25.55,26.6,25.55,26.33,25.47,986897.0,25841275.0,1369160000.0,5476640000.0,79281694.34,101427304.13999999,884019415.24,1047458469.66,163439054.42,16274491.649999999,1140.24,1044.66,251.91,179.25,1041.52,1258.77,0.0,0.0,,,,,,,基础化工,化学制品,其他化学制品,26.18,26.19,26.13
sh603133,碳元科技,2018-02-13,26.61,26.8,26.0,26.03,26.33,756105.0,19942416.0,1353560000.0,5414240000.0,79281694.34,101427304.13999999,884019415.24,1047458469.66,163439054.42,16274491.649999999,883.52,778.38,282.2,195.65,773.67,933.51,0.0,0.0,,,,,,,基础化工,化学制品,其他化学制品,26.53,26.53,26.57
sh603133,碳元科技,2018-02-14,26.25,26.26,25.61,25.8,26.03,505900.0,13075677.0,1341600000.0,5366400000.0,79281694.34,101427304.13999999,884019415.24,1047458469.66,163439054.42,16274491.649999999,474.97,583.3,131.28,88.93,502.28,393.41,0.0,0.0,,,,,,,基础化工,化学制品,其他化学制品,25.9,26.03,26.1
sh603133,碳元科技,2018-02-22,26.42,26.95,25.99,26.57,25.8,836210.0,22199319.0,1381640000.0,5526560000.0,79281694.34,101427304.13999999,884019415.24,1047458469.66,163439054.42,16274491.649999999,981.9,765.69,354.9,408.85,872.58,893.29,0.0,102.83,,,,,,,基础化工,化学制品,其他化学制品,26.09,26.11,26.2
sh603133,碳元科技,2018-02-23,26.42,26.85,26.0,26.6,26.57,878500.0,23213122.0,1383200000.0,5532800000.0,79281694.34,101427304.13999999,884019415.24,1047458469.66,163439054.42,16274491.649999999,891.4,1042.19,257.11,515.03,1063.16,762.38,0.0,0.0,,,,,,,基础化工,化学制品,其他化学制品,26.66,26.52,26.5
sh603133,碳元科技,2018-02-26,26.96,27.66,26.52,27.36,26.6,1693233.0,46093670.0,1422720000.0,5690880000.0,79281694.34,101427304.13999999,884019415.24,1047458469.66,163439054.42,16274491.649999999,1353.28,1513.47,878.19,653.66,1366.19,1172.96,100.92,328.62,,,,,,,基础化工,化学制品,其他化学制品,26.8,26.6,26.74
sh603133,碳元科技,2018-02-27,27.15,27.51,27.0,27.36,27.36,1404289.0,38310152.0,1422720000.0,5690880000.0,79281694.34,101427304.13999999,884019415.24,1047458469.66,163439054.42,16274491.649999999,2052.16,1478.67,414.85,743.63,1144.66,1218.64,136.55,328.56,,,,,,,基础化工,化学制品,其他化学制品,27.12,27.26,27.13
sh603133,碳元科技,2018-02-28,27.0,28.74,27.0,27.84,27.36,2132599.0,59681968.0,1447680000.0,5790720000.0,79281694.34,101427304.13999999,884019415.24,1047458469.66,163439054.42,16274491.649999999,2327.44,2290.82,1238.12,1216.1,1948.47,1879.6,104.23,335.58,,,,,,,基础化工,化学制品,其他化学制品,27.18,27.24,27.44
sh603133,碳元科技,2018-03-01,27.0,28.56,27.0,28.2,27.84,1911723.0,53378380.0,1466400000.0,5865600000.0,79281694.34,101427304.13999999,884019415.24,1047458469.66,163439054.42,16274491.649999999,2346.95,2387.43,935.8,1069.3,1938.54,1771.37,0.0,0.0,,,,,,,基础化工,化学制品,其他化学制品,27.3,27.46,27.5
sh603133,碳元科技,2018-03-02,27.97,28.3,27.3,27.34,28.2,1271281.0,35225390.0,1421680000.0,5686720000.0,79281694.34,101427304.13999999,884019415.24,1047458469.66,163439054.42,16274491.649999999,1412.06,1578.18,397.34,861.46,1654.25,968.27,0.0,0.0,,,,,,,基础化工,化学制品,其他化学制品,28.17,28.05,27.99
sh603133,碳元科技,2018-03-05,27.3,27.96,27.2,27.55,27.34,1082600.0,29821373.0,1432600000.0,5730400000.0,79281694.34,101427304.13999999,884019415.24,1047458469.66,163439054.42,16274491.649999999,1420.52,1185.84,389.02,532.06,1084.73,1125.59,0.0,0.0,,,,,,,基础化工,化学制品,其他化学制品,27.5,27.57,27.61
sh603133,碳元科技,2018-03-06,27.49,28.15,27.49,28.01,27.55,1873600.0,52314098.0,1456520000.0,5826080000.0,79281694.34,101427304.13999999,884019415.24,1047458469.66,163439054.42,16274491.649999999,2196.32,1843.33,1055.16,1157.3,1485.19,1409.88,140.0,321.72,,,,,,,基础化工,化学制品,其他化学制品,27.63,27.62,27.83
sh603133,碳元科技,2018-03-07,27.98,27.98,27.1,27.28,28.01,1628800.0,44847313.0,1418560000.0,5674240000.0,79281694.34,101427304.13999999,884019415.24,1047458469.66,163439054.42,16274491.649999999,1943.29,1911.68,747.94,1491.83,1695.78,901.37,0.0,0.0,,,,,,,基础化工,化学制品,其他化学制品,27.89,27.59,27.68
sh603133,碳元科技,2018-03-08,27.3,27.5,27.08,27.41,27.28,1011700.0,27578390.0,1425320000.0,5701280000.0,79281694.34,101427304.13999999,884019415.24,1047458469.66,163439054.42,16274491.649999999,1097.51,1359.76,339.43,422.19,1230.57,921.38,0.0,0.0,,,,,,,基础化工,化学制品,其他化学制品,27.23,27.17,27.17
sh603133,碳元科技,2018-03-09,27.41,28.2,27.23,28.1,27.41,2231172.0,62206374.0,1461200000.0,5844800000.0,79281694.34,101427304.13999999,884019415.24,1047458469.66,163439054.42,16274491.649999999,2643.13,2438.45,1269.59,1318.61,1786.41,2084.57,104.21,136.8,,,,,,,基础化工,化学制品,其他化学制品,27.33,27.5,27.5
sh603133,碳元科技,2018-03-12,28.24,28.77,28.24,28.6,28.1,2631271.0,75043549.0,1487200000.0,5948800000.0,79281694.34,101427304.13999999,884019415.24,1047458469.66,163439054.42,16274491.649999999,3950.0,3029.43,1348.02,2153.67,2261.48,2101.6,0.0,220.15,,,,,,,基础化工,化学制品,其他化学制品,28.66,28.3,28.39
sh603133,碳元科技,2018-03-13,28.4,29.01,28.28,28.66,28.6,2373061.0,68186430.0,1490320000.0,5961280000.0,79281694.34,101427304.13999999,884019415.24,1047458469.66,163439054.42,16274491.649999999,3277.28,3238.29,1455.12,1411.68,1987.05,2029.28,0.0,0.0,,,,,,,基础化工,化学制品,其他化学制品,28.61,28.81,28.82
sh603133,碳元科技,2018-03-14,28.77,29.35,28.0,28.82,28.66,2569313.0,73978737.0,1498640000.0,5994560000.0,79281694.34,101427304.13999999,884019415.24,1047458469.66,163439054.42,16274491.649999999,3033.1,3139.14,1778.72,1700.6,2435.87,2273.71,0.0,0.0,,,,,,,基础化工,化学制品,其他化学制品,28.73,28.48,28.17
sh603133,碳元科技,2018-03-15,28.55,28.83,27.0,27.59,28.82,2158647.0,60011076.0,1434680000.0,5738720000.0,79281694.34,101427304.13999999,884019415.24,1047458469.66,163439054.42,16274491.649999999,2561.72,2549.16,614.21,1588.11,2605.39,1583.27,0.0,0.0,,,,,,,基础化工,化学制品,其他化学制品,28.4,28.11,28.35
sh603133,碳元科技,2018-03-16,27.62,27.92,27.0,27.06,27.59,1210000.0,33145214.0,1407120000.0,5628480000.0,79281694.34,101427304.13999999,884019415.24,1047458469.66,163439054.42,16274491.649999999,1472.76,1490.68,391.55,737.81,1469.88,991.43,0.0,0.0,,,,,,,基础化工,化学制品,其他化学制品,27.8,27.81,27.77
sh603133,碳元科技,2018-03-19,27.06,27.35,26.21,26.62,27.06,1424300.0,37816708.0,1384240000.0,5536960000.0,79281694.34,101427304.13999999,884019415.24,1047458469.66,163439054.42,16274491.649999999,1667.83,1639.18,330.1,983.95,1707.99,978.67,0.0,105.64,,,,,,,基础化工,化学制品,其他化学制品,27.01,26.63,26.26
sh603133,碳元科技,2018-03-20,26.65,26.84,26.1,26.47,26.62,1379612.0,36492046.0,1376440000.0,5505760000.0,79281694.34,101427304.13999999,884019415.24,1047458469.66,163439054.42,16274491.649999999,1164.63,1101.86,1032.45,1734.66,1277.09,741.24,0.0,0.0,,,,,,,基础化工,化学制品,其他化学制品,26.5,26.81,26.5
sh603133,碳元科技,2018-03-21,26.35,26.85,26.0,26.6,26.47,1492100.0,39660917.0,1383200000.0,5532800000.0,79281694.34,101427304.13999999,884019415.24,1047458469.66,163439054.42,16274491.649999999,1763.37,1918.9,569.03,666.94,1524.65,1335.32,0.0,0.0,,,,,,,基础化工,化学制品,其他化学制品,26.17,26.59,26.69
sh603133,碳元科技,2018-03-22,26.5,28.98,26.2,27.76,26.6,3157192.0,87825749.0,1443520000.0,5774080000.0,79281694.34,101427304.13999999,884019415.24,1047458469.66,163439054.42,16274491.649999999,3147.38,3894.09,2294.0,1709.83,2825.35,2869.73,302.09,138.1,,,,,,,基础化工,化学制品,其他化学制品,26.41,26.49,26.5
sh603133,碳元科技,2018-03-23,26.59,26.9,25.0,25.19,27.76,2906300.0,75515291.0,1309880000.0,5239520000.0,79281694.34,101427304.13999999,884019415.24,1047458469.66,163439054.42,16274491.649999999,2355.02,2686.67,2042.85,2037.87,2695.3,2121.3,0.0,0.0,,,,,,,基础化工,化学制品,其他化学制品,25.69,26.2,26.74
sh603133,碳元科技,2018-03-26,25.2,25.76,24.29,25.71,25.19,1544700.0,38745401.0,2879028810.45,5347680000.0,79281694.34,101427304.13999999,884019415.24,1047458469.66,163439054.42,16274491.649999999,1358.81,1687.5,870.87,776.02,1403.92,1269.45,0.0,0.0,,,,,,,基础化工,化学制品,其他化学制品,24.32,24.31,24.73
sh603133,碳元科技,2018-03-27,25.88,26.58,25.88,26.51,25.71,1594600.0,42065768.0,2968613526.45,5514080000.0,79281694.34,101427304.13999999,884019415.24,1047458469.66,163439054.42,16274491.649999999,1403.45,1813.66,1522.54,785.57,1218.1,1490.84,0.0,109.56,,,,,,,基础化工,化学制品,其他化学制品,26.12,26.4,26.15
sh603133,碳元科技,2018-03-28,26.2,26.59,26.1,26.25,26.51,978600.0,25767929.0,2939498493.75,5460000000.0,79281694.34,101427304.13999999,884019415.24,1047458469.66,163439054.42,16274491.649999999,1018.9,1092.93,468.08,459.03,1056.27,936.98,0.0,0.0,,,,,,,基础化工,化学制品,其他化学制品,26.4,26.23,26.4
sh603133,碳元科技,2018-03-29,26.3,27.18,26.3,26.95,26.25,1659200.0,44447461.0,3017885120.25,5605600000.0,79281694.34,101427304.13999999,884019415.24,1047458469.66,163439054.42,16274491.649999999,1873.76,2023.85,1068.69,751.06,1360.8,1624.29,0.0,0.0,,,,,,,基础化工,化学制品,其他化学制品,26.7,26.63,26.45
sh603133,碳元科技,2018-03-30,26.91,27.45,26.91,27.41,26.95,1752700.0,47654706.0,3069396331.95,5701280000.0,79281694.34,101427304.13999999,884019415.24,1047458469.66,163439054.42,16274491.649999999,2121.9,1897.33,880.2,1148.55,1460.69,1635.86,136.25,0.0,,,,,,,基础化工,化学制品,其他化学制品,26.97,27.37,27.11
sh603133,碳元科技,2018-04-02,27.45,30.15,27.23,28.66,27.41,5164373.0,149778716.0,3209372450.7,5961280000.0,79281694.34,101427304.13999999,884019415.24,1047458469.66,163439054.42,16274491.649999999,4655.79,5216.85,3445.76,4099.92,3781.46,3992.35,2583.58,1042.96,,,,,,,基础化工,化学制品,其他化学制品,27.45,27.87,27.7
sh603133,碳元科技,2018-04-03,27.6,28.49,27.45,27.93,28.66,3268981.0,91273524.0,3127626397.35,5809440000.0,79281694.34,101427304.13999999,884019415.24,1047458469.66,163439054.42,16274491.649999999,3328.22,3303.02,2838.01,3339.58,2995.85,1995.29,0.0,483.24,,,,,,,基础化工,化学制品,其他化学制品,27.57,27.9,27.98
sh603133,碳元科技,2018-04-04,28.18,29.34,27.57,28.32,27.93,3197185.0,90894514.0,3171298946.4,5890560000.0,79281694.34,101427304.13999999,884019415.24,1047458469.66,163439054.42,16274491.649999999,3718.61,3538.66,2435.58,2356.78,2651.91,2874.06,270.48,112.28,,,,,,,基础化工,化学制品,其他化学制品,28.0,28.0,28.2
sh603133,碳元科技,2018-04-09,28.0,28.47,27.29,27.77,28.32,2306829.0,64288410.0,3109709454.15,5776160000.0,79281694.34,101427304.13999999,884019415.24,1047458469.66,163439054.42,16274491.649999999,2624.35,2978.58,1494.86,1439.78,2267.24,1899.95,0.0,0.0,,,,,,,基础化工,化学制品,其他化学制品,27.9,27.58,27.51
sh603133,碳元科技,2018-04-10,27.6,28.35,27.6,28.24,27.77,1733708.0,48622060.0,3162340474.8,5873920000.0,79281694.34,101427304.13999999,884019415.24,1047458469.66,163439054.42,16274491.649999999,2075.51,2219.49,1166.9,798.82,1569.77,1780.03,0.0,0.0,,,,,,,基础化工,化学制品,其他化学制品,27.8,28.05,27.87
sh603133,碳元科技,2018-04-11,28.21,28.54,28.0,28.15,28.24,1520645.0,43002195.0,3152262194.25,5855200000.0,79281694.34,101427304.13999999,884019415.24,1047458469.66,163439054.42,16274491.649999999,2044.81,1989.15,653.46,723.21,1575.53,1412.46,0.0,101.74,,,,,,,基础化工,化学制品,其他化学制品,28.51,28.11,28.34
sh603133,碳元科技,2018-04-12,28.77,29.49,28.17,29.01,28.15,3418982.0,98463904.0,3248565763.95,6034080000.0,79281694.34,101427304.13999999,884019415.24,1047458469.66,163439054.42,16274491.649999999,4455.5,4424.34,2361.65,2135.82,3156.49,3224.1,0.0,116.44,,,,,,,基础化工,化学制品,其他化学制品,28.44,28.6,28.48
sh603133,碳元科技,2018-04-13,28.85,28.95,27.58,27.79,29.01,3081837.0,86930450.0,3111949072.05,5780320000.0,79281694.34,101427304.13999999,884019415.24,1047458469.66,163439054.42,16274491.649999999,3281.08,3078.98,1516.69,3638.21,3764.31,1670.78,0.0,0.0,,,,,,,基础化工,化学制品,其他化学制品,28.85,28.63,28.81
sh603133,碳元科技,2018-04-16,27.67,27.88,26.28,26.7,27.79,1818000.0,49136488.0,2989889896.5,5553600000.0,79281694.34,101427304.13999999,884019415.24,1047458469.66,163439054.42,16274491.649999999,2028.06,2049.5,389.45,1071.36,2158.9,1276.45,132.15,109.52,,,,,,,基础化工,化学制品,其他化学制品,27.7,27.65,27.7
sh603133,碳元科技,2018-04-17,26.71,27.18,26.0,26.04,26.7,1383155.0,36718096.0,2915982505.8,5416320000.0,79281694.34,101427304.13999999,884019415.24,1047458469.66,163439054.42,16274491.649999999,1519.27,1562.4,595.68,942.19,1556.38,986.31,0.0,0.0,,,,,,,基础化工,化学制品,其他化学制品,27.06,26.55,26.61
sh603133,碳元科技,2018-04-18,26.13,26.8,26.02,26.77,26.04,1200000.0,31773931.0,2997728559.15,5568160000.0,79281694.34,101427304.13999999,884019415.24,1047458469.66,163439054.42,16274491.649999999,1176.2,1398.93,450.15,369.86,1268.33,1222.75,140.18,140.18,,,,,,,基础化工,化学制品,其他化学制品,26.4,26.37,26.04
sh603133,碳元科技,2018-04-19,26.99,29.06,26.79,27.74,26.77,3648934.0,102787478.0,3106350027.3,5769920000.0,79281694.34,101427304.13999999,884019415.24,1047458469.66,163439054.42,16274491.649999999,3761.01,3417.98,1947.3,2201.68,2980.46,3004.38,123.96,0.0,,,,,,,基础化工,化学制品,其他化学制品,26.87,27.52,28.55
sh603133,碳元科技,2018-04-20,27.12,27.4,26.36,26.48,27.74,2484634.0,66670564.0,2965254099.6,5507840000.0,79281694.34,101427304.13999999,884019415.24,1047458469.66,163439054.42,16274491.649999999,2984.63,3170.99,392.26,1656.56,3191.97,1682.13,122.95,200.56,,,,,,,基础化工,化学制品,其他化学制品,26.81,26.82,27.04
sh603133,碳元科技,2018-04-23,26.37,27.18,26.03,27.1,26.48,1297171.0,34673372.0,3034682254.5,5636800000.0,79281694.34,101427304.13999999,884019415.24,1047458469.66,163439054.42,16274491.649999999,1457.71,1785.9,673.86,307.02,1251.25,1414.18,0.0,0.0,,,,,,,基础化工,化学制品,其他化学制品,26.36,26.87,26.95
sh603133,碳元科技,2018-04-24,27.18,27.78,26.83,27.74,27.1,2437771.0,66962390.0,3106350027.3,5769920000.0,79281694.34,101427304.13999999,884019415.24,1047458469.66,163439054.42,16274491.649999999,2851.85,3173.09,1597.74,1398.63,2046.64,2096.37,0.0,0.0,,,,,,,基础化工,化学制品,其他化学制品,27.13,26.93,27.11
sh603133,碳元科技,2018-04-25,27.0,27.77,26.82,27.21,27.74,2251900.0,61235071.0,3047000152.95,5659680000.0,45798253.47,48164694.2,899448450.11,1042333871.83,142885421.72,8568372.3,2777.03,2709.59,853.62,1602.35,2298.22,1510.65,105.11,255.02,,,,,,,基础化工,化学制品,其他化学制品,27.09,27.12,27.07
sh603133,碳元科技,2018-04-26,27.07,28.77,27.07,27.54,27.21,4266273.0,119640805.0,3083953848.3,5728320000.0,45798253.47,48164694.2,899448450.11,1042333871.83,142885421.72,8568372.3,5184.74,4755.36,2351.39,3356.66,4102.14,3729.78,407.83,0.0,,,,,,,基础化工,化学制品,其他化学制品,27.22,27.35,28.45
sh603133,碳元科技,2018-04-27,26.0,27.0,25.08,25.95,27.54,4121545.0,107613634.0,2905904225.25,5397600000.0,45798253.47,48164694.2,899448450.11,1042333871.83,142885421.72,8568372.3,4492.99,4807.28,1985.51,3005.16,4384.15,2725.34,0.0,248.79,,,,,,,基础化工,化学制品,其他化学制品,26.71,26.55,26.42
sh603133,碳元科技,2018-05-02,25.79,27.15,25.3,26.03,25.95,2378299.0,62526945.0,2914862696.85,5414240000.0,45798253.47,48164694.2,899448450.11,1042333871.83,142885421.72,8568372.3,2686.95,2466.01,1002.72,1821.45,2406.86,1853.67,183.6,0.0,,,,,,,基础化工,化学制品,其他化学制品,25.62,25.57,25.7
sh603133,碳元科技,2018-05-03,25.52,26.2,25.26,26.03,26.03,1556197.0,40116367.0,2914862696.85,5414240000.0,45798253.47,48164694.2,899448450.11,1042333871.83,142885421.72,8568372.3,1927.05,2036.77,300.31,521.88,1784.62,1401.95,0.0,0.0,,,,,,,基础化工,化学制品,其他化学制品,25.62,25.66,25.44
sh603133,碳元科技,2018-05-04,26.0,26.21,25.62,26.05,26.03,1104201.0,28759359.0,2917102314.75,5418400000.0,45798253.47,48164694.2,899448450.11,1042333871.83,142885421.72,8568372.3,1426.81,1230.22,172.0,393.33,1216.84,1250.23,0.0,0.0,,,,,,,基础化工,化学制品,其他化学制品,25.98,26.1,26.02
sh603133,碳元科技,2018-05-07,26.05,26.48,26.05,26.41,26.05,1308207.0,34411986.0,2957415436.95,5493280000.0,45798253.47,48164694.2,899448450.11,1042333871.83,142885421.72,8568372.3,1619.28,1400.15,499.74,792.52,1233.13,1232.83,0.0,0.0,,,,,,,基础化工,化学制品,其他化学制品,26.1,26.16,26.1
sh603133,碳元科技,2018-05-08,26.21,26.7,26.21,26.54,26.41,1523190.0,40254746.0,2971972953.3,5520320000.0,45798253.47,48164694.2,899448450.11,1042333871.83,142885421.72,8568372.3,1792.19,1780.04,695.74,836.81,1519.2,1389.19,0.0,0.0,,,,,,,基础化工,化学制品,其他化学制品,26.33,26.45,26.36
sh603133,碳元科技,2018-05-09,26.41,27.42,26.41,27.09,26.54,2527871.0,68148454.0,3033562445.55,5634720000.0,45798253.47,48164694.2,899448450.11,1042333871.83,142885421.72,8568372.3,2912.32,3120.5,1538.12,1319.4,2212.7,2227.96,0.0,0.0,,,,,,,基础化工,化学制品,其他化学制品,26.6,26.67,26.75
sh603133,碳元科技,2018-05-10,27.0,27.09,26.7,27.04,27.09,1857701.0,49979699.0,3027963400.8,5624320000.0,45798253.47,48164694.2,899448450.11,1042333871.83,142885421.72,8568372.3,2470.3,2327.49,829.34,1267.43,1705.19,1359.07,0.0,0.0,,,,,,,基础化工,化学制品,其他化学制品,26.88,27.06,26.91
sh603133,碳元科技,2018-05-11,27.18,27.57,26.5,26.55,27.04,2084401.0,56497341.0,2973092762.25,5522400000.0,45798253.47,48164694.2,899448450.11,1042333871.83,142885421.72,8568372.3,2360.29,2789.04,900.61,1132.3,2272.53,1500.9,0.0,0.0,,,,,,,基础化工,化学制品,其他化学制品,27.41,27.2,27.22
sh603133,碳元科技,2018-05-14,26.0,26.46,25.8,26.17,26.55,1595700.0,41651834.0,2930540022.15,5443360000.0,45798253.47,48164694.2,899448450.11,1042333871.83,142885421.72,8568372.3,1370.17,1849.32,717.01,620.92,1645.53,1157.31,0.0,102.05,,,,,,,基础化工,化学制品,其他化学制品,26.37,26.11,26.16
sh603133,碳元科技,2018-05-15,26.27,26.92,26.05,26.67,26.17,1564606.0,41633255.0,2986530469.65,5547360000.0,45798253.47,48164694.2,899448450.11,1042333871.83,142885421.72,8568372.3,1866.58,1821.51,748.62,488.46,1488.05,1516.15,0.0,266.65,,,,,,,基础化工,化学制品,其他化学制品,26.18,26.26,26.36
sh603133,碳元科技,2018-05-16,26.7,26.99,26.33,26.41,26.67,1403661.0,37326397.0,2957415436.95,5493280000.0,45798253.47,48164694.2,899448450.11,1042333871.83,142885421.72,8568372.3,1420.3,1689.43,555.76,746.83,1565.09,1057.94,134.95,158.4,,,,,,,基础化工,化学制品,其他化学制品,26.9,26.78,26.76
sh603133,碳元科技,2018-05-17,26.14,26.41,26.0,26.02,26.41,1060406.0,27700507.0,2913742887.9,5412160000.0,45798253.47,48164694.2,899448450.11,1042333871.83,142885421.72,8568372.3,1215.22,1219.58,209.59,734.05,1315.11,757.46,0.0,0.0,,,,,,,基础化工,化学制品,其他化学制品,26.26,26.17,26.23
sh603133,碳元科技,2018-05-18,26.2,26.57,26.0,26.39,26.02,1174008.0,30790133.0,2955175819.05,5489120000.0,45798253.47,48164694.2,899448450.11,1042333871.83,142885421.72,8568372.3,1131.68,1243.07,586.95,545.37,1105.55,1040.47,0.0,0.0,,,,,,,基础化工,化学制品,其他化学制品,26.13,26.11,26.05
sh603133,碳元科技,2018-05-21,26.48,26.98,26.2,26.92,26.39,2265604.0,60701241.0,3014525693.4,5599360000.0,45798253.47,48164694.2,899448450.11,1042333871.83,142885421.72,8568372.3,2535.67,2749.53,1481.95,1710.78,1905.93,1639.88,133.2,0.0,,,,,,,基础化工,化学制品,其他化学制品,26.54,26.82,26.66
sh603133,碳元科技,2018-05-22,26.92,27.35,26.75,27.33,26.92,3888100.0,105375235.0,3060437860.35,5684640000.0,45798253.47,48164694.2,899448450.11,1042333871.83,142885421.72,8568372.3,4287.45,4027.35,2979.9,3916.05,2964.29,2217.32,0.0,217.68,,,,,,,基础化工,化学制品,其他化学制品,26.8,26.88,26.88
sh603133,碳元科技,2018-05-23,27.83,27.97,26.75,26.81,27.33,4452755.0,121462741.0,3002207794.95,5576480000.0,45798253.47,48164694.2,899448450.11,1042333871.83,142885421.72,8568372.3,4885.54,5000.69,2511.54,3701.65,4538.25,2666.3,399.3,639.8,,,,,,,基础化工,化学制品,其他化学制品,27.64,27.42,27.41
sh603133,碳元科技,2018-05-24,26.15,26.68,25.5,26.06,26.81,3307846.0,86259640.0,2918222123.7,5420480000.0,45798253.47,48164694.2,899448450.11,1042333871.83,142885421.72,8568372.3,3197.68,3116.04,1038.98,3088.3,4130.87,1797.69,129.25,454.14,,,,,,,基础化工,化学制品,其他化学制品,26.4,26.22,26.27
sh603133,碳元科技,2018-05-25,26.0,26.0,25.49,25.61,26.06,1955061.0,50205279.0,2867830720.95,5326880000.0,45798253.47,48164694.2,899448450.11,1042333871.83,142885421.72,8568372.3,1897.42,1983.53,812.6,1417.03,2161.99,1178.66,128.94,303.71,,,,,,,基础化工,化学制品,其他化学制品,25.96,25.93,25.9
sh603133,碳元科技,2018-05-28,25.95,25.95,25.21,25.26,25.61,1253081.0,31877354.0,2828637407.7,5254080000.0,45798253.47,48164694.2,899448450.11,1042333871.83,142885421.72,8568372.3,1351.49,1298.43,313.02,778.07,1430.08,953.31,0.0,0.0,,,,,,,基础化工,化学制品,其他化学制品,25.8,25.48,25.37
sh603133,碳元科技,2018-05-29,25.24,25.65,25.19,25.3,25.26,974061.0,24690992.0,2833116643.5,5262400000.0,45798253.47,48164694.2,899448450.11,1042333871.83,142885421.72,8568372.3,1040.46,1165.38,286.01,373.76,954.74,715.73,0.0,0.0,,,,,,,基础化工,化学制品,其他化学制品,25.45,25.5,25.42
sh603133,碳元科技,2018-05-30,24.6,25.0,22.9,23.07,25.3,2164500.0,51591598.0,2583399247.65,4798560000.0,45798253.47,48164694.2,899448450.11,1042333871.83,142885421.72,8568372.3,2080.73,2354.76,467.55,1020.41,2252.58,1232.34,0.0,124.08,,,,,,,基础化工,化学制品,其他化学制品,24.2,24.48,24.5
sh603133,碳元科技,2018-05-31,23.05,23.49,22.95,23.3,23.07,1273300.0,29646329.0,2609154853.5,4846400000.0,45798253.47,48164694.2,899448450.11,1042333871.83,142885421.72,8568372.3,1144.47,1144.51,637.3,1065.28,1222.01,767.61,0.0,0.0,,,,,,,基础化工,化学制品,其他化学制品,23.35,23.31,23.37
sh603133,碳元科技,2018-06-01,23.3,23.79,23.06,23.19,23.3,1101596.0,25781258.0,2596836955.05,4823520000.0,45798253.47,48164694.2,899448450.11,1042333871.83,142885421.72,8568372.3,1047.16,973.38,434.48,667.72,1042.2,792.68,0.0,0.0,,,,,,,基础化工,化学制品,其他化学制品,23.33,23.53,23.39
sh603133,碳元科技,2018-06-04,23.3,23.48,22.7,22.79,23.19,1179000.0,27052911.0,2552044597.05,4740320000.0,45798253.47,48164694.2,899448450.11,1042333871.83,142885421.72,8568372.3,1071.0,1101.14,223.73,681.21,1286.24,700.69,0.0,0.0,,,,,,,基础化工,化学制品,其他化学制品,23.43,23.34,23.19
sh603133,碳元科技,2018-06-05,22.7,23.1,22.7,23.09,22.79,1144011.0,26236303.0,2585638865.55,4802720000.0,45798253.47,48164694.2,899448450.11,1042333871.83,142885421.72,8568372.3,1137.45,1001.19,306.33,734.9,919.94,677.18,114.05,138.46,,,,,,,基础化工,化学制品,其他化学制品,22.79,22.98,22.91
sh603133,XD碳元科,2018-06-06,23.13,23.31,22.9,23.04,23.02,957300.0,22092481.0,2580039820.8,4792320000.0,45798253.47,48164694.2,899448450.11,1042333871.83,142885421.72,8568372.3,975.37,744.78,393.39,333.77,736.83,657.67,0.0,276.04,,,,,,,基础化工,化学制品,其他化学制品,23.25,23.07,23.17
sh603133,碳元科技,2018-06-07,23.05,23.25,21.92,22.11,23.04,1546200.0,35058079.0,2475897588.45,4598880000.0,45798253.47,48164694.2,899448450.11,1042333871.83,142885421.72,8568372.3,1448.48,1379.64,561.22,983.81,1410.13,747.3,0.0,221.91,,,,,,,基础化工,化学制品,其他化学制品,23.05,22.94,22.9
sh603133,碳元科技,2018-06-08,22.27,22.27,20.03,20.75,22.11,3318969.0,69622477.0,2323603571.25,4316000000.0,45798253.47,48164694.2,899448450.11,1042333871.83,142885421.72,8568372.3,2610.57,2737.17,1054.3,2138.86,2939.39,1567.94,0.0,101.85,,,,,,,基础化工,化学制品,其他化学制品,22.13,22.12,21.71
sh603133,碳元科技,2018-06-11,20.7,22.83,20.6,22.83,20.75,3393798.0,74556580.0,2556523832.85,4748640000.0,45798253.47,48164694.2,899448450.11,1042333871.83,142885421.72,8568372.3,2135.64,3277.84,1321.14,1348.47,1838.59,2473.38,2003.36,251.13,,,,,,,基础化工,化学制品,其他化学制品,20.89,20.91,20.83
sh603133,碳元科技,2018-06-12,23.0,24.66,22.78,23.41,22.83,6184593.0,146132836.0,2621472751.95,4869280000.0,45798253.47,48164694.2,899448450.11,1042333871.83,142885421.72,8568372.3,6102.74,5735.69,2297.67,3460.83,5767.36,4529.48,581.53,1019.78,,,,,,,基础化工,化学制品,其他化学制品,23.2,23.68,23.68
sh603133,碳元科技,2018-06-13,23.38,23.98,22.6,23.43,23.41,3574679.0,83461181.0,2623712369.85,4873440000.0,45798253.47,48164694.2,899448450.11,1042333871.83,142885421.72,8568372.3,3558.61,3421.69,1290.17,1359.2,3329.78,3509.46,193.24,0.0,,,,,,,基础化工,化学制品,其他化学制品,22.73,22.96,23.09
sh603133,碳元科技,2018-06-14,23.25,23.77,23.0,23.55,23.43,2543400.0,59561201.0,2637150077.25,4898400000.0,45798253.47,48164694.2,899448450.11,1042333871.83,142885421.72,8568372.3,2635.15,2878.88,777.95,634.44,2413.94,2479.91,0.0,0.0,,,,,,,基础化工,化学制品,其他化学制品,23.54,23.67,23.68
sh603133,碳元科技,2018-06-15,23.51,23.53,22.86,23.26,23.55,2063783.0,47837622.0,2604675617.7,4838080000.0,45798253.47,48164694.2,899448450.11,1042333871.83,142885421.72,8568372.3,2082.85,1872.86,384.93,796.96,2020.21,1797.31,305.11,269.54,,,,,,,基础化工,化学制品,其他化学制品,23.37,23.38,23.18
sh603133,碳元科技,2018-06-19,22.9,22.9,20.93,20.93,23.26,2493955.0,53660197.0,2343760132.35,4353440000.0,45798253.47,48164694.2,899448450.11,1042333871.83,142885421.72,8568372.3,2070.07,2265.24,749.98,886.8,2041.4,1462.28,0.0,104.02,,,,,,,基础化工,化学制品,其他化学制品,22.42,22.03,21.68
sh603133,碳元科技,2018-06-20,20.88,21.6,19.6,21.48,20.93,2915620.0,60101978.0,2405349624.6,4467840000.0,45798253.47,48164694.2,899448450.11,1042333871.83,142885421.72,8568372.3,2669.61,2979.9,739.51,943.62,2537.84,1906.68,0.0,136.7,,,,,,,基础化工,化学制品,其他化学制品,20.55,20.29,20.18
sh603133,碳元科技,2018-06-21,20.98,21.37,19.84,19.98,21.48,1994400.0,41016991.0,2237378282.1,4155840000.0,45798253.47,48164694.2,899448450.11,1042333871.83,142885421.72,8568372.3,1726.91,1808.15,285.42,461.94,1933.06,1613.17,0.0,0.0,,,,,,,基础化工,化学制品,其他化学制品,21.06,21.11,21.2
sh603133,碳元科技,2018-06-22,19.67,20.45,18.96,19.94,19.98,1346200.0,26718555.0,2232899046.3,4147520000.0,45798253.47,48164694.2,899448450.11,1042333871.83,142885421.72,8568372.3,1158.95,1162.34,134.62,251.32,1277.7,1183.89,0.0,0.0,,,,,,,基础化工,化学制品,其他化学制品,19.29,19.85,19.71
sh603133,碳元科技,2018-06-25,20.06,20.59,19.8,19.9,19.94,1338600.0,27054475.0,2228419810.5,4139200000.0,45798253.47,48164694.2,899448450.11,1042333871.83,142885421.72,8568372.3,1046.79,1325.32,361.16,331.7,1142.55,922.64,102.05,0.0,,,,,,,基础化工,化学制品,其他化学制品,20.3,20.46,20.35
sh603133,碳元科技,2018-06-26,19.3,20.57,19.06,20.53,19.9,1855800.0,37354289.0,2298967774.35,4270240000.0,45798253.47,48164694.2,899448450.11,1042333871.83,142885421.72,8568372.3,1480.94,1442.85,530.08,787.74,1522.59,1388.7,0.0,0.0,,,,,,,基础化工,化学制品,其他化学制品,19.45,19.64,19.8
sh603133,碳元科技,2018-06-27,20.45,20.71,20.06,20.08,20.53,1264700.0,25598765.0,2248576371.6,4176640000.0,45798253.47,48164694.2,899448450.11,1042333871.83,142885421.72,8568372.3,1057.48,1245.71,221.34,462.3,1274.17,793.4,0.0,0.0,,,,,,,基础化工,化学制品,其他化学制品,20.6,20.3,20.25
sh603133,碳元科技,2018-06-28,20.04,20.3,19.2,19.4,20.08,1546200.0,30782715.0,2172429363.0,4035200000.0,45798253.47,48164694.2,899448450.11,1042333871.83,142885421.72,8568372.3,1282.04,1350.56,255.96,472.02,1484.68,1119.3,0.0,0.0,,,,,,,基础化工,化学制品,其他化学制品,20.22,20.13,20.21
sh603133,碳元科技,2018-06-29,19.4,19.99,19.0,19.84,19.4,1753534.0,34400862.0,2221700956.8,4126720000.0,45798253.47,48164694.2,899448450.11,1042333871.83,142885421.72,8568372.3,1417.67,1246.66,195.68,649.77,1722.72,1454.32,0.0,0.0,,,,,,,基础化工,化学制品,其他化学制品,19.66,19.18,19.15
sh603133,碳元科技,2018-07-02,20.06,20.48,19.7,20.11,19.84,1613998.0,32392694.0,2251935798.45,4182880000.0,45798253.47,48164694.2,899448450.11,1042333871.83,142885421.72,8568372.3,1237.32,1513.79,185.81,184.18,1527.13,1423.33,105.42,0.0,,,,,,,基础化工,化学制品,其他化学制品,20.05,20.1,20.45
sh603133,碳元科技,2018-07-03,20.2,20.55,19.43,20.5,20.11,1870620.0,37672233.0,2295608347.5,4264000000.0,45798253.47,48164694.2,899448450.11,1042333871.83,142885421.72,8568372.3,1461.57,1468.66,667.03,550.29,1413.73,1565.93,0.0,0.0,,,,,,,基础化工,化学制品,其他化学制品,19.86,20.3,20.04
sh603133,碳元科技,2018-07-04,20.45,20.45,19.65,19.79,20.5,1385659.0,27703623.0,2216101912.05,4116320000.0,45798253.47,48164694.2,899448450.11,1042333871.83,142885421.72,8568372.3,931.81,1201.3,322.2,392.34,1366.09,1003.8,0.0,0.0,,,,,,,基础化工,化学制品,其他化学制品,20.24,20.23,20.17
sh603133,碳元科技,2018-07-05,19.79,19.95,18.95,19.03,19.79,1249800.0,24427570.0,2130996431.85,3958240000.0,45798253.47,48164694.2,899448450.11,1042333871.83,142885421.72,8568372.3,981.36,1118.18,248.53,250.06,1109.47,868.0,0.0,0.0,,,,,,,基础化工,化学制品,其他化学制品,19.88,19.94,19.84
sh603133,碳元科技,2018-07-06,18.88,19.48,18.77,19.06,19.03,1198600.0,22941310.0,2134355858.7,3964480000.0,45798253.47,48164694.2,899448450.11,1042333871.83,142885421.72,8568372.3,814.63,912.79,288.43,232.5,1098.72,1022.27,0.0,0.0,,,,,,,基础化工,化学制品,其他化学制品,19.0,19.15,19.2
sh603133,碳元科技,2018-07-09,19.03,19.52,19.0,19.47,19.06,1396000.0,27048548.0,2180268025.65,4049760000.0,45798253.47,48164694.2,899448450.11,1042333871.83,142885421.72,8568372.3,1116.53,1039.49,342.68,718.97,1181.11,932.87,121.1,0.0,,,,,,,基础化工,化学制品,其他化学制品,19.19,19.28,19.49
sh603133,碳元科技,2018-07-10,19.47,19.69,19.2,19.68,19.47,1277800.0,24850588.0,2203784013.6,4093440000.0,45798253.47,48164694.2,899448450.11,1042333871.83,142885421.72,8568372.3,954.51,1127.42,229.02,236.06,1152.03,1007.36,0.0,0.0,,,,,,,基础化工,化学制品,其他化学制品,19.36,19.35,19.31
sh603133,碳元科技,2018-07-11,19.44,19.44,18.8,19.13,19.68,1587000.0,30182136.0,2142194521.35,3979040000.0,45798253.47,48164694.2,899448450.11,1042333871.83,142885421.72,8568372.3,1085.11,1564.11,300.19,382.08,1359.68,1057.83,214.29,0.0,,,,,,,基础化工,化学制品,其他化学制品,19.16,19.08,19.08
sh603133,碳元科技,2018-07-12,19.02,19.8,19.02,19.66,19.13,1716500.0,33510580.0,2201544395.7,4089280000.0,45798253.47,48164694.2,899448450.11,1042333871.83,142885421.72,8568372.3,1307.88,1312.39,860.31,325.74,1002.17,1442.25,200.65,218.82,,,,,,,基础化工,化学制品,其他化学制品,19.21,19.3,19.3
sh603133,碳元科技,2018-07-13,19.71,19.8,19.23,19.38,19.66,1241700.0,24104403.0,2170189745.1,4031040000.0,45798253.47,48164694.2,899448450.11,1042333871.83,142885421.72,8568372.3,917.5,913.32,216.26,579.03,1265.29,701.46,0.0,115.8,,,,,,,基础化工,化学制品,其他化学制品,19.54,19.58,19.57
sh603133,碳元科技,2018-07-16,18.89,20.77,18.89,20.08,19.38,2642361.0,52897452.0,2248576371.6,4176640000.0,45798253.47,48164694.2,899448450.11,1042333871.83,142885421.72,8568372.3,1946.97,2124.73,763.31,583.87,1987.94,1810.83,0.0,169.59,,,,,,,基础化工,化学制品,其他化学制品,19.4,19.15,19.19
sh603133,碳元科技,2018-07-17,19.9,22.09,19.72,22.09,20.08,8486121.0,181967975.0,2473657970.55,4594720000.0,45798253.47,48164694.2,899448450.11,1042333871.83,142885421.72,8568372.3,6370.0,6277.86,3530.6,3624.38,4854.38,5972.73,3206.21,2222.92,,,,,,,基础化工,化学制品,其他化学制品,19.76,19.95,20.84
sh603133,碳元科技,2018-07-18,22.5,23.48,21.86,22.06,22.09,10246232.0,232659109.0,2470298543.7,4588480000.0,45798253.47,48164694.2,899448450.11,1042333871.83,142885421.72,8568372.3,9433.28,9071.73,4434.61,6575.53,9053.8,6601.61,856.66,1347.86,,,,,,,基础化工,化学制品,其他化学制品,22.03,22.32,23.0
sh603133,碳元科技,2018-07-19,21.21,21.51,20.88,21.14,22.06,5059832.0,107104321.0,2367276120.3,4397120000.0,45798253.47,48164694.2,899448450.11,1042333871.83,142885421.72,8568372.3,4364.89,4626.63,1841.18,2144.12,4663.48,3880.76,0.0,106.19,,,,,,,基础化工,化学制品,其他化学制品,21.28,21.18,21.31
sh603133,碳元科技,2018-07-20,20.93,21.17,20.54,21.04,21.14,3213200.0,67030687.0,2356078030.8,4376320000.0,45798253.47,48164694.2,899448450.11,1042333871.83,142885421.72,8568372.3,2709.53,2922.82,921.38,1285.46,2973.98,2369.89,181.63,242.62,,,,,,,基础化工,化学制品,其他化学制品,20.82,20.66,20.55
sh603133,碳元科技,2018-07-23,20.0,21.21,19.9,20.84,21.04,3155000.0,65529090.0,2333681851.8,4334720000.0,45798253.47,48164694.2,899448450.11,1042333871.83,142885421.72,8568372.3,2574.93,2996.38,1031.94,961.41,2855.69,2601.27,0.0,0.0,,,,,,,基础化工,化学制品,其他化学制品,20.35,20.51,21.0
sh603133,碳元科技,2018-07-24,20.66,21.08,20.42,20.91,20.84,2784100.0,57822969.0,2341520514.45,4349280000.0,45798253.47,48164694.2,899448450.11,1042333871.83,142885421.72,8568372.3,2565.45,2275.31,559.92,1212.51,2591.6,2210.48,0.0,0.0,,,,,,,基础化工,化学制品,其他化学制品,20.72,20.58,20.6
sh603133,碳元科技,2018-07-25,20.81,21.11,20.35,21.09,20.91,3479271.0,72128647.0,2361677075.55,4386720000.0,45798253.47,48164694.2,899448450.11,1042333871.83,142885421.72,8568372.3,2796.16,2934.46,1080.64,1598.77,2535.8,2224.8,417.76,138.56,,,,,,,基础化工,化学制品,其他化学制品,20.79,20.66,20.72
sh603133,碳元科技,2018-07-26,20.97,21.45,20.8,20.82,21.09,3038400.0,64185145.0,2331442233.9,4330560000.0,45798253.47,48164694.2,899448450.11,1042333871.83,142885421.72,8568372.3,2656.29,2559.78,1164.46,1275.06,2568.78,2453.82,0.0,0.0,,,,,,,基础化工,化学制品,其他化学制品,20.93,20.85,20.98
sh603133,碳元科技,2018-07-27,20.36,20.66,20.27,20.33,20.82,1802922.0,36794405.0,2276571595.35,4228640000.0,45798253.47,48164694.2,899448450.11,1042333871.83,142885421.72,8568372.3,1512.77,1796.69,316.19,679.91,1846.68,1180.85,0.0,0.0,,,,,,,基础化工,化学制品,其他化学制品,20.48,20.59,20.43
sh603133,碳元科技,2018-07-30,20.34,20.4,19.43,19.53,20.33,1852999.0,36682630.0,2186986879.35,4062240000.0,45798253.47,48164694.2,899448450.11,1042333871.83,142885421.72,8568372.3,1244.93,1553.23,319.41,758.89,1998.23,1164.2,0.0,0.0,,,,,,,基础化工,化学制品,其他化学制品,20.25,20.09,20.23
sh603133,碳元科技,2018-07-31,19.78,20.04,19.58,19.63,19.53,1000400.0,19792663.0,2198184968.85,4083040000.0,45798253.47,48164694.2,899448450.11,1042333871.83,142885421.72,8568372.3,768.51,701.76,57.5,256.99,894.24,912.04,199.79,0.0,,,,,,,基础化工,化学制品,其他化学制品,19.85,19.86,19.85
sh603133,碳元科技,2018-08-01,19.92,20.97,19.8,19.8,19.63,1926187.0,38864195.0,2217221721.0,4118400000.0,45798253.47,48164694.2,899448450.11,1042333871.83,142885421.72,8568372.3,1757.04,1496.94,424.03,434.03,1717.85,1762.7,0.0,100.0,,,,,,,基础化工,化学制品,其他化学制品,20.2,20.46,20.33
sh603133,碳元科技,2018-08-02,19.45,19.7,17.82,18.79,19.8,2005100.0,37702300.0,2104121017.05,3908320000.0,45798253.47,48164694.2,899448450.11,1042333871.83,142885421.72,8568372.3,1344.5,1636.57,196.81,560.1,1995.34,1382.47,0.0,0.0,,,,,,,基础化工,化学制品,其他化学制品,19.36,19.11,19.2
sh603133,碳元科技,2018-08-03,18.75,18.75,18.0,18.16,18.79,1303087.0,23879333.0,2033573053.2,3777280000.0,45798253.47,48164694.2,899448450.11,1042333871.83,142885421.72,8568372.3,838.82,954.14,137.16,497.6,1361.38,858.53,0.0,0.0,,,,,,,基础化工,化学制品,其他化学制品,18.48,18.6,18.68
sh603133,碳元科技,2018-08-06,18.16,18.49,18.01,18.08,18.16,1203000.0,21925968.0,2024614581.6,3760640000.0,45798253.47,48164694.2,899448450.11,1042333871.83,142885421.72,8568372.3,574.89,716.8,621.54,559.16,914.04,953.34,167.35,0.0,,,,,,,基础化工,化学制品,其他化学制品,18.22,18.44,18.4
sh603133,碳元科技,2018-08-07,18.15,18.6,18.12,18.56,18.08,1497800.0,27486521.0,2078365411.2,3860480000.0,45798253.47,48164694.2,899448450.11,1042333871.83,142885421.72,8568372.3,1290.97,1012.44,336.93,596.51,1091.53,1158.69,0.0,0.0,,,,,,,基础化工,化学制品,其他化学制品,18.43,18.34,18.21
sh603133,碳元科技,2018-08-08,18.38,18.62,17.5,17.55,18.56,2087400.0,37569370.0,1965264707.25,3650400000.0,45798253.47,48164694.2,899448450.11,1042333871.83,142885421.72,8568372.3,1319.47,1858.97,295.95,493.61,1955.68,1067.51,0.0,0.0,,,,,,,基础化工,化学制品,其他化学制品,18.5,18.58,18.55
sh603133,碳元科技,2018-08-09,17.35,18.06,17.34,17.91,17.55,2175356.0,38555962.0,2005577829.45,3725280000.0,45798253.47,48164694.2,899448450.11,1042333871.83,142885421.72,8568372.3,1768.08,1678.99,441.18,763.3,1559.53,1367.13,0.0,0.0,,,,,,,基础化工,化学制品,其他化学制品,17.43,17.56,17.43
sh603133,碳元科技,2018-08-10,17.83,18.32,17.66,18.12,17.91,1719600.0,30874251.0,2029093817.4,3768960000.0,45798253.47,48164694.2,899448450.11,1042333871.83,142885421.72,8568372.3,1276.86,1382.89,328.65,454.84,1407.81,1141.93,0.0,0.0,,,,,,,基础化工,化学制品,其他化学制品,17.73,17.77,17.85
sh603133,碳元科技,2018-08-13,17.9,18.06,17.55,18.01,18.12,1395800.0,24826056.0,2016775918.95,3746080000.0,45798253.47,48164694.2,899448450.11,1042333871.83,142885421.72,8568372.3,1041.45,1131.3,83.74,329.57,1281.46,990.07,0.0,0.0,,,,,,,基础化工,化学制品,其他化学制品,17.65,17.75,17.65
sh603133,碳元科技,2018-08-14,18.18,18.26,17.82,18.06,18.01,1385400.0,24969562.0,2022374963.7,3756480000.0,45798253.47,48164694.2,899448450.11,1042333871.83,142885421.72,8568372.3,979.26,1082.99,184.39,268.11,1211.25,1057.75,0.0,0.0,,,,,,,基础化工,化学制品,其他化学制品,18.01,17.9,17.93
sh603133,碳元科技,2018-08-15,18.1,18.1,17.5,17.55,18.06,1090800.0,19315930.0,1965264707.25,3650400000.0,45798253.47,48164694.2,899448450.11,1042333871.83,142885421.72,8568372.3,678.86,778.42,42.99,244.64,1136.78,810.72,0.0,0.0,,,,,,,基础化工,化学制品,其他化学制品,18.09,18.0,17.9
sh603133,碳元科技,2018-08-16,17.2,17.45,16.9,17.01,17.55,1257300.0,21525743.0,1904795023.95,3538080000.0,45798253.47,48164694.2,899448450.11,1042333871.83,142885421.72,8568372.3,685.72,822.02,327.37,382.59,1109.17,861.66,0.0,0.0,,,,,,,基础化工,化学制品,其他化学制品,17.1,17.02,17.08
sh603133,碳元科技,2018-08-17,17.2,17.35,16.39,16.42,17.01,1073860.0,18119918.0,1838726295.9,3415360000.0,45798253.47,48164694.2,899448450.11,1042333871.83,142885421.72,8568372.3,613.8,814.75,127.64,83.15,902.81,718.93,0.0,0.0,,,,,,,基础化工,化学制品,其他化学制品,17.2,17.21,17.13
sh603133,碳元科技,2018-08-20,16.6,16.78,16.08,16.4,16.42,1288400.0,21108125.0,1836486678.0,3411200000.0,45798253.47,48164694.2,899448450.11,1042333871.83,142885421.72,8568372.3,574.7,792.68,254.63,445.22,1238.89,793.05,0.0,0.0,,,,,,,基础化工,化学制品,其他化学制品,16.57,16.6,16.51
sh603133,碳元科技,2018-08-21,16.45,16.7,16.31,16.59,16.4,999900.0,16491759.0,1857763048.05,3450720000.0,45798253.47,48164694.2,899448450.11,1042333871.83,142885421.72,8568372.3,614.42,618.3,135.99,113.9,809.5,852.94,0.0,0.0,,,,,,,基础化工,化学制品,其他化学制品,16.39,16.34,16.42
sh603133,碳元科技,2018-08-22,16.61,16.64,16.08,16.29,16.59,1043700.0,17035707.0,1824168779.55,3388320000.0,45798253.47,48164694.2,899448450.11,1042333871.83,142885421.72,8568372.3,651.76,669.72,106.46,265.33,859.83,697.88,0.0,0.0,,,,,,,基础化工,化学制品,其他化学制品,16.49,16.46,16.46
sh603133,碳元科技,2018-08-23,16.68,17.47,16.51,16.71,16.29,2260156.0,38331427.0,1871200755.45,3475680000.0,55826948.95999999,19800576.660000004,937821844.34,1103794178.68,165972334.34,22827267.86,1573.63,1734.33,509.0,575.62,1706.43,1426.64,0.0,0.0,,,,,,,基础化工,化学制品,其他化学制品,17.16,17.03,17.0
sh603133,碳元科技,2018-08-24,16.48,16.7,16.2,16.69,16.71,1662700.0,27314352.0,1868961137.55,3471520000.0,55826948.95999999,19800576.660000004,937821844.34,1103794178.68,165972334.34,22827267.86,1015.9,1061.55,211.5,434.19,1434.82,1250.77,0.0,0.0,,,,,,,基础化工,化学制品,其他化学制品,16.25,16.34,16.29
sh603133,碳元科技,2018-08-27,16.58,17.14,16.54,17.03,16.69,1605961.0,27125352.0,1907034641.85,3542240000.0,55826948.95999999,19800576.660000004,937821844.34,1103794178.68,165972334.34,22827267.86,1305.59,963.44,136.15,128.5,1207.94,1592.06,0.0,0.0,,,,,,,基础化工,化学制品,其他化学制品,16.58,16.7,16.76
sh603133,碳元科技,2018-08-28,16.9,18.19,16.85,17.76,17.03,3885161.0,68770494.0,1988780695.2,3694080000.0,55826948.95999999,19800576.660000004,937821844.34,1103794178.68,165972334.34,22827267.86,2927.25,3184.21,690.35,334.73,2973.15,3034.89,0.0,0.0,,,,,,,基础化工,化学制品,其他化学制品,17.06,17.1,17.18
sh603133,碳元科技,2018-08-29,17.45,17.68,17.3,17.34,17.76,2148361.0,37477043.0,1941748719.3,3606720000.0,55826948.95999999,19800576.660000004,937821844.34,1103794178.68,165972334.34,22827267.86,1588.47,1738.85,435.48,699.93,1690.19,1151.52,0.0,0.0,,,,,,,基础化工,化学制品,其他化学制品,17.55,17.58,17.67
sh603133,碳元科技,2018-08-30,17.31,17.52,16.8,16.8,17.34,1263300.0,21598795.0,1881279036.0,3494400000.0,55826948.95999999,19800576.660000004,937821844.34,1103794178.68,165972334.34,22827267.86,756.29,1027.46,89.3,182.58,1240.48,803.41,0.0,0.0,,,,,,,基础化工,化学制品,其他化学制品,17.45,17.47,17.3
sh603133,碳元科技,2018-08-31,16.64,17.08,16.53,16.55,16.8,1058300.0,17832226.0,1853283812.25,3442400000.0,55826948.95999999,19800576.660000004,937821844.34,1103794178.68,165972334.34,22827267.86,613.02,688.12,144.82,125.69,903.85,828.12,0.0,0.0,,,,,,,基础化工,化学制品,其他化学制品,16.72,16.96,16.88
sh603133,碳元科技,2018-09-03,16.45,16.8,16.3,16.72,16.55,1164400.0,19298833.0,1872320564.4,3477760000.0,55826948.95999999,19800576.660000004,937821844.34,1103794178.68,165972334.34,22827267.86,542.38,653.41,266.11,266.64,1152.36,804.16,0.0,243.58,,,,,,,基础化工,化学制品,其他化学制品,16.72,16.51,16.59
sh603133,碳元科技,2018-09-04,16.73,17.19,16.63,17.1,16.72,1574500.0,26729909.0,1914873304.5,3556800000.0,55826948.95999999,19800576.660000004,937821844.34,1103794178.68,165972334.34,22827267.86,1218.79,998.58,244.67,321.01,1124.36,1250.22,0.0,0.0,,,,,,,基础化工,化学制品,其他化学制品,16.79,16.73,16.78
sh603133,碳元科技,2018-09-05,17.01,17.25,16.64,16.73,17.1,1481500.0,25046130.0,1873440373.35,3479840000.0,55826948.95999999,19800576.660000004,937821844.34,1103794178.68,165972334.34,22827267.86,702.77,1096.33,362.23,201.21,1359.08,1130.15,0.0,0.0,,,,,,,基础化工,化学制品,其他化学制品,16.92,16.93,17.01
sh603133,碳元科技,2018-09-06,16.82,16.84,16.41,16.48,16.73,1073800.0,17865958.0,1845445149.6,3427840000.0,55826948.95999999,19800576.660000004,937821844.34,1103794178.68,165972334.34,22827267.86,679.05,642.02,126.85,184.91,953.33,849.72,0.0,0.0,,,,,,,基础化工,化学制品,其他化学制品,16.69,16.83,16.66
sh603133,碳元科技,2018-09-07,16.56,16.86,16.22,16.69,16.48,1176361.0,19581937.0,1868961137.55,3471520000.0,55826948.95999999,19800576.660000004,937821844.34,1103794178.68,165972334.34,22827267.86,697.89,842.53,227.71,144.41,993.21,930.53,0.0,0.0,,,,,,,基础化工,化学制品,其他化学制品,16.72,16.83,16.85
sh603133,碳元科技,2018-09-10,16.69,16.69,16.01,16.09,16.69,1316061.0,21349078.0,1801772600.55,3346720000.0,55826948.95999999,19800576.660000004,937821844.34,1103794178.68,165972334.34,22827267.86,877.33,974.3,158.44,226.57,1097.65,806.9,0.0,0.0,,,,,,,基础化工,化学制品,其他化学制品,16.47,16.33,16.38
sh603133,碳元科技,2018-09-11,16.09,16.25,16.03,16.2,16.09,748861.0,12093350.0,1814090499.0,3369600000.0,55826948.95999999,19800576.660000004,937821844.34,1103794178.68,165972334.34,22827267.86,348.11,406.25,168.11,25.58,674.93,651.81,0.0,116.71,,,,,,,基础化工,化学制品,其他化学制品,16.16,16.12,16.11
sh603133,碳元科技,2018-09-12,16.21,17.08,16.09,16.57,16.2,1494800.0,24802081.0,1855523430.15,3446560000.0,55826948.95999999,19800576.660000004,937821844.34,1103794178.68,165972334.34,22827267.86,1020.28,941.7,96.7,116.87,1227.91,1255.25,0.0,0.0,,,,,,,基础化工,化学制品,其他化学制品,16.22,16.22,16.28
sh603133,碳元科技,2018-09-13,16.67,16.78,16.48,16.75,16.57,1219300.0,20303830.0,1875679991.25,3484000000.0,55826948.95999999,19800576.660000004,937821844.34,1103794178.68,165972334.34,22827267.86,1016.4,890.04,64.81,77.37,975.72,1054.25,0.0,0.0,,,,,,,基础化工,化学制品,其他化学制品,16.66,16.61,16.65
sh603133,碳元科技,2018-09-14,16.79,16.85,16.39,16.48,16.75,1149100.0,19041734.0,1845445149.6,3427840000.0,55826948.95999999,19800576.660000004,937821844.34,1103794178.68,165972334.34,22827267.86,659.09,680.31,203.01,201.04,973.75,876.11,0.0,0.0,,,,,,,基础化工,化学制品,其他化学制品,16.7,16.71,16.64
sh603133,碳元科技,2018-09-17,16.15,16.25,15.68,15.7,16.48,1409600.0,22397047.0,1758100051.5,3265600000.0,55826948.95999999,19800576.660000004,937821844.34,1103794178.68,165972334.34,22827267.86,895.19,872.32,108.69,267.0,1161.63,992.55,0.0,0.0,,,,,,,基础化工,化学制品,其他化学制品,16.09,15.9,15.9
sh603133,碳元科技,2018-09-18,15.7,15.98,15.41,15.94,15.7,1125300.0,17775031.0,1784975466.3,3315520000.0,55826948.95999999,19800576.660000004,937821844.34,1103794178.68,165972334.34,22827267.86,762.95,813.53,280.99,224.62,657.47,699.55,0.0,0.0,,,,,,,基础化工,化学制品,其他化学制品,15.73,15.74,15.65
sh603133,碳元科技,2018-09-19,15.9,16.23,15.81,16.02,15.94,1179328.0,18896239.0,1793933937.9,3332160000.0,55826948.95999999,19800576.660000004,937821844.34,1103794178.68,165972334.34,22827267.86,729.98,750.91,87.22,281.26,1049.83,819.84,0.0,0.0,,,,,,,基础化工,化学制品,其他化学制品,15.88,15.93,15.87
sh603133,碳元科技,2018-09-20,16.04,17.62,16.03,16.9,16.02,5509498.0,94457743.0,1892477125.5,3515200000.0,55826948.95999999,19800576.660000004,937821844.34,1103794178.68,165972334.34,22827267.86,3097.27,4613.97,1247.6,1301.78,3598.47,3433.71,1295.93,0.0,,,,,,,基础化工,化学制品,其他化学制品,16.1,16.14,16.48
sh603133,碳元科技,2018-09-21,16.64,17.7,16.64,17.22,16.9,5752861.0,99430906.0,1928311011.9,3581760000.0,55826948.95999999,19800576.660000004,937821844.34,1103794178.68,165972334.34,22827267.86,4297.8,3689.37,1611.12,2295.44,3913.71,3753.42,337.57,232.22,,,,,,,基础化工,化学制品,其他化学制品,16.9,16.86,16.96
sh603133,碳元科技,2018-09-25,16.95,17.47,16.81,17.35,17.22,3694319.0,63290376.0,1942868528.25,3608800000.0,55826948.95999999,19800576.660000004,937821844.34,1103794178.68,165972334.34,22827267.86,2686.82,2541.99,1222.3,1047.51,2451.55,2709.89,0.0,0.0,,,,,,,基础化工,化学制品,其他化学制品,17.04,16.95,17.07
sh603133,碳元科技,2018-09-26,17.26,17.5,16.95,17.08,17.35,3499980.0,59858556.0,1912633686.6,3552640000.0,55826948.95999999,19800576.660000004,937821844.34,1103794178.68,165972334.34,22827267.86,2381.52,2435.12,961.65,1316.83,2404.35,1577.01,367.22,861.1,,,,,,,基础化工,化学制品,其他化学制品,17.27,17.14,17.1
sh603133,碳元科技,2018-09-27,17.03,17.03,16.29,16.29,17.08,2943043.0,49024464.0,1824168779.55,3388320000.0,55826948.95999999,19800576.660000004,937821844.34,1103794178.68,165972334.34,22827267.86,1943.74,2154.32,472.54,803.52,2096.92,1472.07,0.0,0.0,,,,,,,基础化工,化学制品,其他化学制品,16.93,16.85,16.85
sh603133,碳元科技,2018-09-28,16.13,16.57,16.13,16.5,16.29,1558380.0,25598256.0,1847684767.5,3432000000.0,55826948.95999999,19800576.660000004,937821844.34,1103794178.68,165972334.34,22827267.86,970.16,1027.55,286.89,267.98,1003.57,1002.5,195.02,205.47,,,,,,,基础化工,化学制品,其他化学制品,16.32,16.4,16.34
sh603133,碳元科技,2018-10-08,16.2,16.29,15.88,15.93,16.5,1478344.0,23797977.0,1783855657.35,3313440000.0,55826948.95999999,19800576.660000004,937821844.34,1103794178.68,165972334.34,22827267.86,786.83,1082.2,109.7,376.55,1433.67,908.21,0.0,0.0,,,,,,,基础化工,化学制品,其他化学制品,16.18,16.1,16.14
sh603133,碳元科技,2018-10-09,15.94,16.35,15.94,16.28,15.93,1454344.0,23541067.0,1823048970.6,3386240000.0,55826948.95999999,19800576.660000004,937821844.34,1103794178.68,165972334.34,22827267.86,892.02,1024.29,105.44,148.52,1218.04,1063.8,0.0,0.0,,,,,,,基础化工,化学制品,其他化学制品,16.06,16.02,16.13
sh603133,碳元科技,2018-10-10,16.39,17.37,16.16,17.26,16.28,4436013.0,75197696.0,1932790247.7,3590080000.0,55826948.95999999,19800576.660000004,937821844.34,1103794178.68,165972334.34,22827267.86,3217.52,3229.88,1234.88,943.95,2823.33,3327.46,0.0,0.0,,,,,,,基础化工,化学制品,其他化学制品,16.33,16.32,16.36
sh603133,碳元科技,2018-10-11,16.7,16.75,15.53,15.57,17.26,3810280.0,61269999.0,1743542535.15,3238560000.0,55826948.95999999,19800576.660000004,937821844.34,1103794178.68,165972334.34,22827267.86,2564.88,2390.62,579.65,1468.84,3074.1,2187.7,0.0,0.0,,,,,,,基础化工,化学制品,其他化学制品,16.48,16.7,16.56
sh603133,碳元科技,2018-10-12,15.38,15.48,14.31,15.01,15.57,3108398.0,46031206.0,1680833233.95,3122080000.0,55826948.95999999,19800576.660000004,937821844.34,1103794178.68,165972334.34,22827267.86,1639.23,1615.29,626.55,715.26,1764.34,1698.26,863.21,772.06,,,,,,,基础化工,化学制品,其他化学制品,15.05,14.95,15.0
sh603133,碳元科技,2018-10-15,15.03,15.2,14.39,14.49,15.01,1807200.0,26744906.0,1622603168.55,3013920000.0,55826948.95999999,19800576.660000004,937821844.34,1103794178.68,165972334.34,22827267.86,1058.36,1308.31,157.25,389.6,1395.86,810.29,0.0,0.0,,,,,,,基础化工,化学制品,其他化学制品,14.9,15.06,15.13
sh603133,碳元科技,2018-10-16,14.51,14.86,14.35,14.44,14.49,1512779.0,22078773.0,1617004123.8,3003520000.0,55826948.95999999,19800576.660000004,937821844.34,1103794178.68,165972334.34,22827267.86,963.5,856.88,34.99,336.9,1026.86,919.84,149.04,0.0,,,,,,,基础化工,化学制品,其他化学制品,14.65,14.62,14.74
sh603133,碳元科技,2018-10-17,14.8,15.53,14.32,15.23,14.44,2320579.0,34412817.0,1705469030.85,3167840000.0,55826948.95999999,19800576.660000004,937821844.34,1103794178.68,165972334.34,22827267.86,1657.87,1452.69,370.77,420.53,1135.22,1478.08,123.75,0.0,,,,,,,基础化工,化学制品,其他化学制品,14.73,14.6,14.66
sh603133,碳元科技,2018-10-18,15.15,16.46,14.71,15.49,15.23,5202068.0,81364446.0,1734584063.55,3221920000.0,55826948.95999999,19800576.660000004,937821844.34,1103794178.68,165972334.34,22827267.86,3727.6,3752.16,1232.38,1432.13,3220.82,3058.7,0.0,0.0,,,,,,,基础化工,化学制品,其他化学制品,14.81,14.89,14.92
sh603133,碳元科技,2018-10-19,14.78,16.1,14.6,15.85,15.49,3939281.0,60731532.0,1774897185.75,3296800000.0,55826948.95999999,19800576.660000004,937821844.34,1103794178.68,165972334.34,22827267.86,2437.73,2479.95,740.88,648.78,2650.35,2640.6,167.4,263.06,,,,,,,基础化工,化学制品,其他化学制品,14.69,14.99,15.2
sh603133,碳元科技,2018-10-22,15.81,16.89,15.7,16.46,15.85,4755044.0,77480505.0,1843205531.7,3423680000.0,55826948.95999999,19800576.660000004,937821844.34,1103794178.68,165972334.34,22827267.86,3722.44,3356.12,1123.85,1219.14,2893.98,3135.66,0.0,0.0,,,,,,,基础化工,化学制品,其他化学制品,15.92,15.88,16.09
sh603133,碳元科技,2018-10-23,16.34,16.47,15.83,15.85,16.46,3089000.0,49728261.0,1774897185.75,3296800000.0,55826948.95999999,19800576.660000004,937821844.34,1103794178.68,165972334.34,22827267.86,2029.44,2240.42,391.24,776.42,2580.65,1602.7,0.0,233.01,,,,,,,基础化工,化学制品,其他化学制品,16.27,16.38,16.25
sh603133,碳元科技,2018-10-24,16.07,16.57,16.05,16.52,15.85,5127105.0,83794287.0,1849924385.4,3436160000.0,55826948.95999999,19800576.660000004,937821844.34,1103794178.68,165972334.34,22827267.86,3900.54,3654.53,1073.91,829.35,3390.41,3065.21,0.0,765.98,,,,,,,基础化工,化学制品,其他化学制品,16.48,16.26,16.24
sh603133,碳元科技,2018-10-25,15.9,16.23,15.5,16.22,16.52,3515361.0,56115324.0,1816330116.9,3373760000.0,55826948.95999999,19800576.660000004,937821844.34,1103794178.68,165972334.34,22827267.86,2648.66,2832.94,160.81,616.66,2768.6,2154.66,0.0,0.0,,,,,,,基础化工,化学制品,其他化学制品,15.92,16.15,16.11
sh603133,碳元科技,2018-10-26,16.29,17.47,16.09,16.77,16.22,6157583.0,103197609.0,1877919609.15,3488160000.0,54837780.4,43748203.22,953012629.66,1163753916.01,210741286.35,15285323.09,4437.04,5254.45,1735.98,1112.35,4124.45,3924.21,0.0,0.0,,,,,,,基础化工,化学制品,其他化学制品,16.37,16.23,16.23
sh603133,碳元科技,2018-10-29,16.69,16.69,16.0,16.08,16.77,3393244.0,55279273.0,1800652791.6,3344640000.0,54837780.4,43748203.22,953012629.66,1163753916.01,210741286.35,15285323.09,2558.5,2353.34,233.82,1106.79,2702.94,1933.89,0.0,0.0,,,,,,,基础化工,化学制品,其他化学制品,16.53,16.3,16.4
sh603133,碳元科技,2018-10-30,15.98,16.18,15.42,15.91,16.08,3268042.0,51849568.0,1781616039.45,3309280000.0,54837780.4,43748203.22,953012629.66,1163753916.01,210741286.35,15285323.09,2149.66,2519.32,335.93,429.17,2337.88,2096.56,302.68,104.65,,,,,,,基础化工,化学制品,其他化学制品,16.15,16.1,15.98
sh603133,碳元科技,2018-10-31,15.89,16.6,15.77,16.18,15.91,3493800.0,56672692.0,1811850881.1,3365440000.0,54837780.4,43748203.22,953012629.66,1163753916.01,210741286.35,15285323.09,2310.54,2629.24,1108.03,592.55,2031.16,2356.58,116.93,0.0,,,,,,,基础化工,化学制品,其他化学制品,16.0,15.94,16.03
sh603133,碳元科技,2018-11-01,16.1,16.53,16.06,16.2,16.18,3517844.0,57293834.0,1814090499.0,3369600000.0,54837780.4,43748203.22,953012629.66,1163753916.01,210741286.35,15285323.09,2761.62,2570.69,785.6,729.96,2011.19,2014.26,122.03,349.91,,,,,,,基础化工,化学制品,其他化学制品,16.14,16.18,16.31
sh603133,碳元科技,2018-11-02,15.94,16.39,15.2,16.27,16.2,6190398.0,98101018.0,1821929161.65,3384160000.0,54837780.4,43748203.22,953012629.66,1163753916.01,210741286.35,15285323.09,4450.16,4486.93,761.13,1769.97,4469.7,3281.76,0.0,246.39,,,,,,,基础化工,化学制品,其他化学制品,15.75,15.62,15.63
sh603133,碳元科技,2018-11-05,16.0,16.41,16.0,16.21,16.27,3796450.0,61438305.0,1815210307.95,3371680000.0,54837780.4,43748203.22,953012629.66,1163753916.01,210741286.35,15285323.09,2921.38,3035.06,554.93,808.39,2671.66,2274.24,0.0,0.0,,,,,,,基础化工,化学制品,其他化学制品,16.1,16.26,16.24
sh603133,碳元科技,2018-11-06,16.11,16.11,15.62,15.75,16.21,2698265.0,42637275.0,1763699096.25,3276000000.0,54837780.4,43748203.22,953012629.66,1163753916.01,210741286.35,15285323.09,1722.16,2085.24,344.5,397.69,2094.78,1694.72,0.0,0.0,,,,,,,基础化工,化学制品,其他化学制品,16.04,15.86,15.7
sh603133,碳元科技,2018-11-07,15.75,16.07,15.65,15.66,15.75,2428198.0,38556074.0,1753620815.7,3257280000.0,54837780.4,43748203.22,953012629.66,1163753916.01,210741286.35,15285323.09,1893.28,1644.01,376.96,581.49,1568.58,1498.64,0.0,0.0,,,,,,,基础化工,化学制品,其他化学制品,15.79,15.85,15.91
sh603133,碳元科技,2018-11-08,15.79,16.18,15.66,15.82,15.66,2542600.0,40470073.0,1771537758.9,3290560000.0,54837780.4,43748203.22,953012629.66,1163753916.01,210741286.35,15285323.09,1613.03,1855.78,822.26,403.38,1584.19,1716.91,0.0,0.0,,,,,,,基础化工,化学制品,其他化学制品,15.81,15.86,15.82
sh603133,碳元科技,2018-11-09,15.9,15.9,15.5,15.52,15.82,1883163.0,29426587.0,1737943490.4,3228160000.0,54837780.4,43748203.22,953012629.66,1163753916.01,210741286.35,15285323.09,1043.67,1244.2,112.01,550.12,1487.84,1086.4,215.04,0.0,,,,,,,基础化工,化学制品,其他化学制品,15.69,15.7,15.7
sh603133,碳元科技,2018-11-12,15.44,15.87,15.3,15.85,15.52,1898602.0,29822865.0,1774897185.75,3296800000.0,54837780.4,43748203.22,953012629.66,1163753916.01,210741286.35,15285323.09,1379.99,1401.54,334.48,170.23,1156.92,1356.58,0.0,0.0,,,,,,,基础化工,化学制品,其他化学制品,15.54,15.56,15.54
sh603133,碳元科技,2018-11-13,15.72,16.4,15.63,16.36,15.85,4927081.0,79460873.0,1832007442.2,3402880000.0,54837780.4,43748203.22,953012629.66,1163753916.01,210741286.35,15285323.09,3235.71,3797.71,2032.72,920.29,2025.24,2630.75,443.03,461.73,,,,,,,基础化工,化学制品,其他化学制品,15.69,15.77,15.81
sh603133,碳元科技,2018-11-14,16.71,16.88,16.35,16.39,16.36,6603967.0,109459011.0,1835366869.05,3409120000.0,54837780.4,43748203.22,953012629.66,1163753916.01,210741286.35,15285323.09,4680.4,4882.49,1552.58,3029.92,4711.96,2798.55,112.61,314.97,,,,,,,基础化工,化学制品,其他化学制品,16.7,16.65,16.6
sh603133,碳元科技,2018-11-15,16.24,17.36,16.24,17.32,16.39,8057119.0,136617637.0,1939509101.4,3602560000.0,54837780.4,43748203.22,953012629.66,1163753916.01,210741286.35,15285323.09,6080.3,6215.59,3724.81,1703.83,3805.39,5639.4,0.0,258.74,,,,,,,基础化工,化学制品,其他化学制品,16.39,16.61,16.68
sh603133,碳元科技,2018-11-16,17.44,17.68,16.96,17.3,17.32,7245405.0,125010245.0,1937269483.5,3598400000.0,54837780.4,43748203.22,953012629.66,1163753916.01,210741286.35,15285323.09,5394.06,5621.53,2563.55,2937.1,4553.4,3849.61,128.63,259.19,,,,,,,基础化工,化学制品,其他化学制品,17.29,17.12,17.11
sh603133,碳元科技,2018-11-19,17.31,17.35,16.81,17.07,17.3,3906443.0,66357502.0,1911513877.65,3550560000.0,54837780.4,43748203.22,953012629.66,1163753916.01,210741286.35,15285323.09,2740.6,2792.97,1129.29,1898.0,2831.04,1605.11,0.0,366.14,,,,,,,基础化工,化学制品,其他化学制品,17.2,16.99,16.93
sh603133,碳元科技,2018-11-20,17.05,18.78,16.82,18.15,17.07,10995083.0,196027628.0,2032453244.25,3775200000.0,54837780.4,43748203.22,953012629.66,1163753916.01,210741286.35,15285323.09,7648.86,9161.45,4381.73,2899.51,6779.44,6625.02,362.35,502.31,,,,,,,基础化工,化学制品,其他化学制品,16.88,16.93,17.12
sh603133,碳元科技,2018-11-21,17.35,17.96,17.35,17.59,18.15,5135661.0,90442128.0,1969743943.05,3658720000.0,54837780.4,43748203.22,953012629.66,1163753916.01,210741286.35,15285323.09,3785.65,4193.72,921.89,1256.37,4110.6,3617.28,217.59,0.0,,,,,,,基础化工,化学制品,其他化学制品,17.69,17.66,17.82
sh603133,碳元科技,2018-11-22,17.6,17.88,17.22,17.25,17.59,3377161.0,58967981.0,1931670438.75,3588000000.0,54837780.4,43748203.22,953012629.66,1163753916.01,210741286.35,15285323.09,2385.65,2402.41,621.18,1202.97,2615.7,2150.53,174.94,0.0,,,,,,,基础化工,化学制品,其他化学制品,17.75,17.68,17.56
sh603133,碳元科技,2018-11-23,17.25,17.34,16.1,16.12,17.25,4216300.0,69878525.0,1805132027.4,3352960000.0,54837780.4,43748203.22,953012629.66,1163753916.01,210741286.35,15285323.09,2606.62,3230.97,887.37,1244.56,3419.41,1962.31,0.0,366.54,,,,,,,基础化工,化学制品,其他化学制品,17.18,17.28,17.15
sh603133,碳元科技,2018-11-26,16.1,16.39,15.5,15.77,16.12,3300083.0,52344048.0,1765938714.15,3280160000.0,54837780.4,43748203.22,953012629.66,1163753916.01,210741286.35,15285323.09,2085.8,1998.79,457.42,973.72,2469.36,1812.54,242.08,391.36,,,,,,,基础化工,化学制品,其他化学制品,16.28,16.17,16.24
sh603133,碳元科技,2018-11-27,15.87,17.13,15.7,16.81,15.77,5347600.0,87189436.0,1882398844.95,3496480000.0,54837780.4,43748203.22,953012629.66,1163753916.01,210741286.35,15285323.09,4055.72,3871.13,1200.58,1294.87,3246.29,3438.41,0.0,0.0,,,,,,,基础化工,化学制品,其他化学制品,15.95,15.81,15.8
sh603133,碳元科技,2018-11-28,16.72,16.85,16.28,16.74,16.81,4085800.0,67879261.0,1874560182.3,3481920000.0,54837780.4,43748203.22,953012629.66,1163753916.01,210741286.35,15285323.09,2787.86,3433.16,654.17,882.66,3142.07,2334.76,110.92,100.38,,,,,,,基础化工,化学制品,其他化学制品,16.61,16.53,16.43
sh603133,碳元科技,2018-11-29,16.79,17.04,15.86,15.9,16.74,3833100.0,63117890.0,1780496230.5,3307200000.0,54837780.4,43748203.22,953012629.66,1163753916.01,210741286.35,15285323.09,2432.26,3101.4,562.23,793.16,3141.54,2154.59,0.0,0.0,,,,,,,基础化工,化学制品,其他化学制品,16.74,16.81,16.82
sh603133,碳元科技,2018-11-30,15.89,16.23,15.6,16.07,15.9,2639283.0,42104112.0,1799532982.65,3342560000.0,54837780.4,43748203.22,953012629.66,1163753916.01,210741286.35,15285323.09,1740.26,1833.65,497.96,426.76,1863.66,1901.74,0.0,0.0,,,,,,,基础化工,化学制品,其他化学制品,15.88,15.89,16.04
sh603133,碳元科技,2018-12-03,16.47,16.93,16.35,16.61,16.07,4054100.0,67650404.0,1860002665.95,3454880000.0,54837780.4,43748203.22,953012629.66,1163753916.01,210741286.35,15285323.09,3352.86,2762.3,827.57,696.55,2328.57,2752.13,145.39,436.22,,,,,,,基础化工,化学制品,其他化学制品,16.43,16.45,16.8
sh603133,碳元科技,2018-12-04,16.59,17.26,16.51,17.15,16.61,5247110.0,89097633.0,1920472349.25,3567200000.0,54837780.4,43748203.22,953012629.66,1163753916.01,210741286.35,15285323.09,4410.79,4272.6,1250.05,1273.71,3098.05,3192.62,0.0,0.0,,,,,,,基础化工,化学制品,其他化学制品,16.69,16.89,16.85
sh603133,碳元科技,2018-12-05,16.72,16.99,16.66,16.82,17.15,3379107.0,56923267.0,1883518653.9,3498560000.0,54837780.4,43748203.22,953012629.66,1163753916.01,210741286.35,15285323.09,2320.72,2793.97,835.2,1095.75,2546.28,1764.65,0.0,0.0,,,,,,,基础化工,化学制品,其他化学制品,16.77,16.91,16.9
sh603133,碳元科技,2018-12-06,16.8,17.38,16.62,17.22,16.82,6030373.0,103181890.0,1928311011.9,3581760000.0,54837780.4,43748203.22,953012629.66,1163753916.01,210741286.35,15285323.09,4517.59,4613.49,1536.65,1355.17,3864.92,4269.98,218.6,0.0,,,,,,,基础化工,化学制品,其他化学制品,16.82,16.82,16.9
sh603133,碳元科技,2018-12-07,17.15,17.35,16.87,16.93,17.22,4438410.0,75376396.0,1895836552.35,3521440000.0,54837780.4,43748203.22,953012629.66,1163753916.01,210741286.35,15285323.09,3112.48,3998.31,1167.06,1263.39,3168.7,1897.05,116.45,338.27,,,,,,,基础化工,化学制品,其他化学制品,17.1,17.14,17.05
sh603133,碳元科技,2018-12-10,16.88,16.88,16.3,16.38,16.93,2883710.0,47451283.0,1834247060.1,3407040000.0,54837780.4,43748203.22,953012629.66,1163753916.01,210741286.35,15285323.09,1801.6,2311.12,416.79,814.01,2529.77,1578.07,0.0,0.0,,,,,,,基础化工,化学制品,其他化学制品,16.73,16.48,16.44
sh603133,碳元科技,2018-12-11,16.46,16.55,16.21,16.43,16.38,2071410.0,33934204.0,1839846104.85,3417440000.0,54837780.4,43748203.22,953012629.66,1163753916.01,210741286.35,15285323.09,1417.63,1711.09,217.71,306.67,1711.58,1346.2,0.0,0.0,,,,,,,基础化工,化学制品,其他化学制品,16.5,16.49,16.47
sh603133,碳元科技,2018-12-12,16.5,16.58,16.34,16.41,16.43,1671700.0,27470976.0,1837606486.95,3413280000.0,54837780.4,43748203.22,953012629.66,1163753916.01,210741286.35,15285323.09,1271.45,1446.09,28.26,199.43,1414.51,1040.35,0.0,0.0,,,,,,,基础化工,化学制品,其他化学制品,16.5,16.5,16.5
sh603133,碳元科技,2018-12-13,16.45,16.63,16.03,16.56,16.41,3170141.0,52015192.0,1854403621.2,3444480000.0,54837780.4,43748203.22,953012629.66,1163753916.01,210741286.35,15285323.09,2204.31,2825.96,489.24,401.49,2437.28,1973.96,0.0,0.0,,,,,,,基础化工,化学制品,其他化学制品,16.37,16.27,16.15
sh603133,碳元科技,2018-12-14,16.58,16.59,15.63,15.9,16.56,3432200.0,55364565.0,1780496230.5,3307200000.0,54837780.4,43748203.22,953012629.66,1163753916.01,210741286.35,15285323.09,1734.16,2527.91,1065.21,1005.68,2405.82,1543.79,129.44,262.99,,,,,,,基础化工,化学制品,其他化学制品,16.54,16.47,16.39
sh603133,碳元科技,2018-12-17,15.67,16.05,15.66,15.94,15.9,1661400.0,26379766.0,1784975466.3,3315520000.0,54837780.4,43748203.22,953012629.66,1163753916.01,210741286.35,15285323.09,1194.72,1252.53,277.46,384.06,1173.68,996.38,0.0,0.0,,,,,,,基础化工,化学制品,其他化学制品,15.85,15.75,15.76
sh603133,碳元科技,2018-12-18,15.94,16.05,15.59,15.83,15.94,1489970.0,23537404.0,1772657567.85,3292640000.0,54837780.4,43748203.22,953012629.66,1163753916.01,210741286.35,15285323.09,977.21,1115.86,45.09,237.44,1283.44,959.54,0.0,0.0,,,,,,,基础化工,化学制品,其他化学制品,15.89,15.97,15.95
sh603133,碳元科技,2018-12-19,15.9,15.9,15.64,15.65,15.83,1325469.0,20859745.0,1752501006.75,3255200000.0,54837780.4,43748203.22,953012629.66,1163753916.01,210741286.35,15285323.09,686.31,755.36,399.58,470.06,921.79,765.41,0.0,0.0,,,,,,,基础化工,化学制品,其他化学制品,15.84,15.89,15.77
sh603133,碳元科技,2018-12-20,15.63,16.01,15.53,15.91,15.65,1872621.0,29698361.0,1781616039.45,3309280000.0,54837780.4,43748203.22,953012629.66,1163753916.01,210741286.35,15285323.09,1480.72,1321.37,624.06,356.19,864.54,1229.56,0.0,0.0,,,,,,,基础化工,化学制品,其他化学制品,15.73,15.69,15.7
sh603133,碳元科技,2018-12-21,15.77,16.01,15.65,15.83,15.91,1434454.0,22745997.0,1772657567.85,3292640000.0,54837780.4,43748203.22,953012629.66,1163753916.01,210741286.35,15285323.09,832.33,1044.45,301.31,191.43,1066.91,857.44,0.0,172.19,,,,,,,基础化工,化学制品,其他化学制品,15.83,15.93,15.88
sh603133,碳元科技,2018-12-24,15.83,16.25,15.73,16.2,15.83,1604561.0,25862376.0,1814090499.0,3369600000.0,54837780.4,43748203.22,953012629.66,1163753916.01,210741286.35,15285323.09,1177.44,915.76,291.97,275.01,941.3,1201.12,0.0,0.0,,,,,,,基础化工,化学制品,其他化学制品,15.85,15.9,15.97
sh603133,碳元科技,2018-12-25,16.1,16.28,15.59,16.14,16.2,2419344.0,38465856.0,1807371645.3,3357120000.0,54837780.4,43748203.22,953012629.66,1163753916.01,210741286.35,15285323.09,1577.53,1577.3,532.53,655.14,1677.1,1362.16,0.0,222.08,,,,,,,基础化工,化学制品,其他化学制品,15.89,15.91,15.84
sh603133,碳元科技,2018-12-26,16.14,16.63,16.1,16.56,16.14,3885855.0,63963018.0,1854403621.2,3444480000.0,54837780.4,43748203.22,953012629.66,1163753916.01,210741286.35,15285323.09,3213.98,2894.33,869.25,648.25,2182.04,2782.4,0.0,0.0,,,,,,,基础化工,化学制品,其他化学制品,16.33,16.36,16.37
sh603133,碳元科技,2018-12-27,16.92,16.92,15.9,15.93,16.56,3335757.0,54952612.0,1783855657.35,3313440000.0,54837780.4,43748203.22,953012629.66,1163753916.01,210741286.35,15285323.09,1959.93,2446.72,855.64,1106.13,2403.7,1719.34,225.25,0.0,,,,,,,基础化工,化学制品,其他化学制品,16.76,16.54,16.55
sh603133,碳元科技,2018-12-28,15.9,16.11,15.53,15.53,15.93,2187600.0,34452792.0,1739063299.35,3230240000.0,54837780.4,43748203.22,953012629.66,1163753916.01,210741286.35,15285323.09,1239.99,1454.06,359.56,836.91,1808.49,1091.63,0.0,0.0,,,,,,,基础化工,化学制品,其他化学制品,15.93,15.79,15.73
sh603133,碳元科技,2019-01-02,15.75,15.83,15.36,15.52,15.53,1183155.0,18370660.0,1737943490.4,3267968800.0,54837780.4,43748203.22,953012629.66,1163753916.01,210741286.35,15285323.09,776.04,864.89,123.29,275.51,923.91,638.85,0.0,0.0,,,,,,,基础化工,化学制品,其他化学制品,15.6,15.43,15.53
sh603133,碳元科技,2019-01-03,15.52,15.73,15.15,15.18,15.52,1638961.0,25299870.0,1699869986.1,3196376700.0,54837780.4,43748203.22,953012629.66,1163753916.01,210741286.35,15285323.09,958.61,888.97,226.3,605.45,1233.56,859.19,0.0,0.0,,,,,,,基础化工,化学制品,其他化学制品,15.52,15.51,15.6
sh603133,碳元科技,2019-01-04,15.09,15.53,14.89,15.53,15.18,1773630.0,27156817.0,1739063299.35,3270074450.0,54837780.4,43748203.22,953012629.66,1163753916.01,210741286.35,15285323.09,1182.57,1146.6,322.33,295.78,1137.84,1212.69,0.0,0.0,,,,,,,基础化工,化学制品,其他化学制品,14.92,15.08,15.2
sh603133,碳元科技,2019-01-07,15.6,15.87,15.51,15.72,15.53,2031760.0,31850673.0,1760339669.4,3310081800.0,54837780.4,43748203.22,953012629.66,1163753916.01,210741286.35,15285323.09,1311.96,1504.2,525.07,521.35,1273.09,1094.76,0.0,0.0,,,,,,,基础化工,化学制品,其他化学制品,15.6,15.55,15.55
sh603133,碳元科技,2019-01-08,15.72,15.85,15.57,15.66,15.72,1409161.0,22093228.0,1753620815.7,3297447900.0,54837780.4,43748203.22,953012629.66,1163753916.01,210741286.35,15285323.09,899.03,1016.4,275.44,303.0,1096.74,834.58,0.0,0.0,,,,,,,基础化工,化学制品,其他化学制品,15.66,15.61,15.62
sh603133,碳元科技,2019-01-09,15.67,15.95,15.62,15.71,15.66,2404361.0,38066142.0,1759219860.45,3307976150.0,54837780.4,43748203.22,953012629.66,1163753916.01,210741286.35,15285323.09,1613.15,1374.55,899.5,895.29,1079.13,1529.43,121.41,0.0,,,,,,,基础化工,化学制品,其他化学制品,15.72,15.62,15.8
sh603133,碳元科技,2019-01-10,15.7,15.83,15.48,15.5,15.71,1497800.0,23428504.0,1735703872.5,3263757500.0,54837780.4,43748203.22,953012629.66,1163753916.01,210741286.35,15285323.09,1024.04,1203.08,137.99,265.75,1126.08,800.48,0.0,0.0,,,,,,,基础化工,化学制品,其他化学制品,15.72,15.81,15.73
sh603133,碳元科技,2019-01-11,15.67,15.98,15.44,15.9,15.5,2344730.0,36956416.0,1780496230.5,3347983500.0,54837780.4,43748203.22,953012629.66,1163753916.01,210741286.35,15285323.09,1558.4,1521.35,729.98,525.9,1284.18,1418.55,123.08,229.84,,,,,,,基础化工,化学制品,其他化学制品,15.66,15.59,15.68
sh603133,碳元科技,2019-01-14,15.88,15.89,15.51,15.55,15.9,1728300.0,27070545.0,1741302917.25,3274285750.0,54837780.4,43748203.22,953012629.66,1163753916.01,210741286.35,15285323.09,843.05,1094.84,439.27,575.79,1299.69,750.74,125.04,285.69,,,,,,,基础化工,化学制品,其他化学制品,15.78,15.74,15.69
sh603133,碳元科技,2019-01-15,15.53,15.77,15.46,15.73,15.55,1203661.0,18842128.0,1761459478.35,3312187450.0,54837780.4,43748203.22,953012629.66,1163753916.01,210741286.35,15285323.09,973.36,877.19,166.21,102.77,744.64,904.25,0.0,0.0,,,,,,,基础化工,化学制品,其他化学制品,15.6,15.61,15.51
sh603133,碳元科技,2019-01-16,15.75,16.03,15.65,15.77,15.73,1852800.0,29366552.0,1765938714.15,3320610050.0,54837780.4,43748203.22,953012629.66,1163753916.01,210741286.35,15285323.09,1355.3,1401.45,404.22,403.25,1056.38,1131.95,120.75,0.0,,,,,,,基础化工,化学制品,其他化学制品,15.65,15.76,15.82
sh603133,碳元科技,2019-01-17,15.77,15.8,15.33,15.35,15.77,1756400.0,27240403.0,1718906738.25,3232172750.0,54837780.4,43748203.22,953012629.66,1163753916.01,210741286.35,15285323.09,999.49,1308.19,255.13,526.45,1469.42,889.4,0.0,0.0,,,,,,,基础化工,化学制品,其他化学制品,15.67,15.62,15.63
sh603133,碳元科技,2019-01-18,15.35,16.37,15.32,15.77,15.35,3294689.0,52272527.0,1765938714.15,3320610050.0,54837780.4,43748203.22,953012629.66,1163753916.01,210741286.35,15285323.09,2432.03,2229.31,794.21,904.81,2001.02,2093.14,0.0,0.0,,,,,,,基础化工,化学制品,其他化学制品,15.4,15.52,15.48
sh603133,碳元科技,2019-01-21,15.84,16.78,15.58,16.34,15.77,5302421.0,85870982.0,1829767824.3,3440632100.0,54837780.4,43748203.22,953012629.66,1163753916.01,210741286.35,15285323.09,4133.19,3948.38,1112.0,1164.93,3047.89,3179.77,0.0,0.0,,,,,,,基础化工,化学制品,其他化学制品,15.65,15.7,15.68
sh603133,碳元科技,2019-01-22,16.1,17.09,15.95,16.73,16.34,6380919.0,105445710.0,1873440373.35,3522752450.0,54837780.4,43748203.22,953012629.66,1163753916.01,210741286.35,15285323.09,4647.47,4826.91,2133.83,1539.79,3510.9,3925.51,0.0,0.0,,,,,,,基础化工,化学制品,其他化学制品,16.08,16.11,15.99
sh603133,碳元科技,2019-01-23,16.7,18.4,16.65,17.5,16.73,15796685.0,279509134.0,1959665662.5,3684887500.0,54837780.4,43748203.22,953012629.66,1163753916.01,210741286.35,15285323.09,10893.59,11694.54,5466.56,5774.52,7786.19,7603.25,3114.54,2188.58,,,,,,,基础化工,化学制品,其他化学制品,17.21,17.18,17.19
sh603133,碳元科技,2019-01-24,17.21,18.14,17.12,17.32,17.5,11337986.0,198456747.0,1939509101.4,3646985800.0,54837780.4,43748203.22,953012629.66,1163753916.01,210741286.35,15285323.09,8608.43,8274.09,4320.35,5250.68,6391.62,5118.25,108.32,785.71,,,,,,,基础化工,化学制品,其他化学制品,17.2,17.9,17.53
sh603133,碳元科技,2019-01-25,17.1,18.3,17.0,17.53,17.32,11440877.0,202734542.0,1963025089.35,3691204450.0,54837780.4,43748203.22,953012629.66,1163753916.01,210741286.35,15285323.09,8672.42,8078.32,4814.04,4248.97,5874.47,6776.51,506.7,763.82,,,,,,,基础化工,化学制品,其他化学制品,17.03,17.34,17.43
sh603133,碳元科技,2019-01-28,17.48,17.88,16.7,17.02,17.53,7967055.0,136512457.0,1905914832.9,3583816300.0,54837780.4,43748203.22,953012629.66,1163753916.01,210741286.35,15285323.09,6332.59,6323.71,2231.91,3256.19,4821.87,3596.63,0.0,209.84,,,,,,,基础化工,化学制品,其他化学制品,17.72,17.29,17.27
sh603133,碳元科技,2019-01-29,16.76,17.08,16.31,16.75,17.02,5340420.0,89223478.0,1875679991.25,3526963750.0,54837780.4,43748203.22,953012629.66,1163753916.01,210741286.35,15285323.09,4409.77,3892.82,1162.58,2176.29,3169.83,2673.07,0.0,0.0,,,,,,,基础化工,化学制品,其他化学制品,16.93,17.06,17.03
sh603133,碳元科技,2019-01-30,16.78,16.84,15.52,15.67,16.75,7019563.0,113357938.0,1754740624.65,3299553550.0,54837780.4,43748203.22,953012629.66,1163753916.01,210741286.35,15285323.09,5261.54,5354.25,1051.25,2926.88,4502.81,2421.34,0.0,113.14,,,,,,,基础化工,化学制品,其他化学制品,16.76,16.49,16.74
sh603133,碳元科技,2019-01-31,15.3,15.7,14.81,15.01,15.67,5481300.0,83560304.0,1680833233.95,3160580650.0,54837780.4,43748203.22,953012629.66,1163753916.01,210741286.35,15285323.09,3466.38,3890.54,1225.22,1788.97,3415.9,2236.63,0.0,191.36,,,,,,,基础化工,化学制品,其他化学制品,15.37,15.51,15.59
sh603133,碳元科技,2019-02-01,15.13,15.38,15.03,15.34,15.01,2254105.0,34355217.0,1717786929.3,3230067100.0,54837780.4,43748203.22,953012629.66,1163753916.01,210741286.35,15285323.09,1516.71,1709.88,285.12,282.06,1544.22,1354.11,0.0,0.0,,,,,,,基础化工,化学制品,其他化学制品,15.16,15.19,15.12
sh603133,碳元科技,2019-02-11,15.33,15.74,15.21,15.68,15.34,3617698.0,56159022.0,1755860433.6,3301659200.0,54837780.4,43748203.22,953012629.66,1163753916.01,210741286.35,15285323.09,2801.68,2475.51,638.39,1063.85,2042.0,1942.71,0.0,0.0,,,,,,,基础化工,化学制品,其他化学制品,15.28,15.33,15.5
sh603133,碳元科技,2019-02-12,15.68,16.95,15.53,16.76,15.68,7374500.0,120213939.0,1876799800.2,3529069400.0,54837780.4,43748203.22,953012629.66,1163753916.01,210741286.35,15285323.09,5582.7,5810.44,1960.02,1639.51,3662.85,4091.46,335.84,0.0,,,,,,,基础化工,化学制品,其他化学制品,15.7,15.56,15.62
sh603133,碳元科技,2019-02-13,16.52,17.77,16.4,17.32,16.76,10473948.0,179038244.0,1939509101.4,3646985800.0,54837780.4,43748203.22,953012629.66,1163753916.01,210741286.35,15285323.09,8164.65,8166.48,3226.67,3352.21,5751.38,5751.17,506.69,379.52,,,,,,,基础化工,化学制品,其他化学制品,16.5,16.57,16.67
sh603133,碳元科技,2019-02-14,17.45,17.77,16.93,17.21,17.32,7893052.0,136304035.0,1927191202.95,3623823650.0,54837780.4,43748203.22,953012629.66,1163753916.01,210741286.35,15285323.09,6568.35,6436.68,1793.07,2577.02,4814.08,3920.03,159.63,401.4,,,,,,,基础化工,化学制品,其他化学制品,17.49,17.32,17.16
sh603133,碳元科技,2019-02-15,17.0,18.79,16.97,17.97,17.21,14744385.0,264664148.0,2012296683.15,3783853050.0,54837780.4,43748203.22,953012629.66,1163753916.01,210741286.35,15285323.09,11808.72,11998.46,6123.17,4626.11,7219.79,8845.74,681.89,363.26,,,,,,,基础化工,化学制品,其他化学制品,17.36,17.69,17.61
sh603133,碳元科技,2019-02-18,17.85,18.55,17.65,18.27,17.97,12345393.0,223227371.0,2045890951.65,3847022550.0,54837780.4,43748203.22,953012629.66,1163753916.01,210741286.35,15285323.09,10593.35,10839.9,3697.45,5294.57,7395.4,5564.51,324.5,311.73,,,,,,,基础化工,化学制品,其他化学制品,17.87,17.87,18.1
sh603133,碳元科技,2019-02-19,18.09,18.19,17.52,17.8,18.27,9555913.0,170522352.0,1993259931.0,3748057000.0,54837780.4,43748203.22,953012629.66,1163753916.01,210741286.35,15285323.09,7468.21,8438.43,2098.0,3567.01,7022.1,4500.45,131.89,214.3,,,,,,,基础化工,化学制品,其他化学制品,18.08,18.15,18.05
sh603133,碳元科技,2019-02-20,17.85,18.9,17.85,18.07,17.8,11209688.0,204665678.0,2023494772.65,3804909550.0,54837780.4,43748203.22,953012629.66,1163753916.01,210741286.35,15285323.09,9131.7,9422.37,4299.09,3184.02,5965.62,6735.33,653.13,707.83,,,,,,,基础化工,化学制品,其他化学制品,18.02,18.17,18.2
sh603133,碳元科技,2019-02-21,17.85,18.64,17.46,17.92,18.07,12410950.0,223582161.0,2006697638.4,3773324800.0,54837780.4,43748203.22,953012629.66,1163753916.01,210741286.35,15285323.09,9228.29,10356.69,4482.58,4211.52,8081.05,6569.25,181.15,835.62,,,,,,,基础化工,化学制品,其他化学制品,17.95,17.7,17.73
sh603133,碳元科技,2019-02-22,17.69,19.5,17.62,19.13,17.92,14471545.0,268398604.0,2142194521.35,4028108450.0,54837780.4,43748203.22,953012629.66,1163753916.01,210741286.35,15285323.09,11472.76,10713.57,7278.91,6454.28,6663.37,8207.45,614.37,654.11,,,,,,,基础化工,化学制品,其他化学制品,18.06,18.4,18.23
sh603133,碳元科技,2019-02-25,19.99,20.58,19.02,20.1,19.13,18094907.0,356218302.0,2250815989.5,4232356500.0,54837780.4,43748203.22,953012629.66,1163753916.01,210741286.35,15285323.09,13009.6,13668.37,11096.13,10784.49,8589.18,8878.76,2183.54,1546.84,,,,,,,基础化工,化学制品,其他化学制品,19.44,19.19,19.16
sh603133,碳元科技,2019-02-26,20.07,20.2,19.28,19.55,20.1,11771385.0,231889334.0,2189226497.25,4116545750.0,54837780.4,43748203.22,953012629.66,1163753916.01,210741286.35,15285323.09,10197.35,10044.65,5080.59,5846.55,7271.77,6013.26,278.09,923.34,,,,,,,基础化工,化学制品,其他化学制品,19.66,19.7,19.69
sh603133,碳元科技,2019-02-27,19.32,19.74,18.8,19.04,19.55,7799000.0,150575132.0,2132116240.8,4009157600.0,54837780.4,43748203.22,953012629.66,1163753916.01,210741286.35,15285323.09,6240.1,6574.23,2517.98,3920.32,5639.4,3162.64,242.34,982.62,,,,,,,基础化工,化学制品,其他化学制品,19.61,19.7,19.44
sh603133,碳元科技,2019-02-28,19.04,19.44,18.88,19.35,19.04,4951500.0,95043160.0,2166830318.25,4074432750.0,54837780.4,43748203.22,953012629.66,1163753916.01,210741286.35,15285323.09,3788.3,4059.57,1870.05,2081.01,3375.96,2850.86,292.96,335.84,,,,,,,基础化工,化学制品,其他化学制品,19.43,19.4,19.32
sh603133,碳元科技,2019-03-01,19.45,19.46,18.76,19.06,19.35,4765400.0,90572766.0,2134355858.7,4013368900.0,54837780.4,43748203.22,953012629.66,1163753916.01,210741286.35,15285323.09,3960.2,3371.8,1031.54,2183.26,3752.29,2460.69,0.0,728.27,,,,,,,基础化工,化学制品,其他化学制品,19.32,19.26,19.05
sh603133,碳元科技,2019-03-04,19.2,19.65,19.07,19.22,19.06,8118414.0,157279939.0,2152272801.9,4047059300.0,54837780.4,43748203.22,953012629.66,1163753916.01,210741286.35,15285323.09,7152.0,7081.03,3220.53,3840.7,5152.98,4087.38,0.0,516.39,,,,,,,基础化工,化学制品,其他化学制品,19.18,19.37,19.53
sh603133,碳元科技,2019-03-05,19.01,19.95,18.97,19.87,19.22,9503497.0,186146567.0,2225060383.65,4183926550.0,54837780.4,43748203.22,953012629.66,1163753916.01,210741286.35,15285323.09,7520.64,8378.61,4377.32,3895.19,5019.15,5734.97,1310.6,218.95,,,,,,,基础化工,化学制品,其他化学制品,19.08,19.4,19.45
sh603133,碳元科技,2019-03-06,19.83,20.36,19.33,19.87,19.87,9598219.0,188609833.0,2225060383.65,4183926550.0,54837780.4,43748203.22,953012629.66,1163753916.01,210741286.35,15285323.09,8394.94,7704.5,3136.89,5341.53,6847.52,4372.16,127.58,1088.73,,,,,,,基础化工,化学制品,其他化学制品,19.84,19.98,19.72
sh603133,碳元科技,2019-03-07,19.97,20.54,19.51,20.34,19.87,11574252.0,231627421.0,2277691404.3,4282892100.0,54837780.4,43748203.22,953012629.66,1163753916.01,210741286.35,15285323.09,9819.61,10627.8,6000.56,5657.94,5846.25,6335.98,1062.09,106.78,,,,,,,基础化工,化学制品,其他化学制品,19.83,19.75,19.76
sh603133,碳元科技,2019-03-08,19.75,20.37,18.88,18.91,20.34,8704819.0,171368805.0,2117558724.45,3981784150.0,54837780.4,43748203.22,953012629.66,1163753916.01,210741286.35,15285323.09,7079.82,7842.69,3155.12,3402.0,5820.04,4181.03,323.1,952.36,,,,,,,基础化工,化学制品,其他化学制品,19.62,19.7,19.74
sh603133,碳元科技,2019-03-11,19.22,19.57,18.83,19.54,18.91,6353039.0,122361972.0,2188106688.3,4114440100.0,54837780.4,43748203.22,953012629.66,1163753916.01,210741286.35,15285323.09,5341.84,5397.8,2127.59,2716.52,3722.29,3176.76,693.7,594.33,,,,,,,基础化工,化学制品,其他化学制品,19.15,19.07,19.14
sh603133,碳元科技,2019-03-12,19.83,20.84,19.83,20.41,19.54,12207171.0,247587079.0,2285530066.95,4297631650.0,54837780.4,43748203.22,953012629.66,1163753916.01,210741286.35,15285323.09,10630.59,10383.87,7053.82,6701.32,5383.32,5920.03,1097.61,1160.13,,,,,,,基础化工,化学制品,其他化学制品,19.88,20.54,20.22
sh603133,碳元科技,2019-03-13,20.21,21.24,19.86,20.17,20.41,11283633.0,232786880.0,2258654652.15,4247096050.0,54837780.4,43748203.22,953012629.66,1163753916.01,210741286.35,15285323.09,9814.19,9665.0,6612.56,7202.69,6134.04,4757.63,352.38,1287.87,,,,,,,基础化工,化学制品,其他化学制品,20.27,20.68,20.88
sh603133,碳元科技,2019-03-14,19.8,20.91,19.59,20.88,20.17,11688834.0,238247813.0,2338161087.6,4396597200.0,54837780.4,43748203.22,953012629.66,1163753916.01,210741286.35,15285323.09,10688.39,11216.83,5430.75,5695.37,6860.17,6085.46,470.25,451.89,,,,,,,基础化工,化学制品,其他化学制品,20.04,19.97,20.0
sh603133,碳元科技,2019-03-15,21.02,21.46,20.48,20.88,20.88,10064811.0,210530182.0,2338161087.6,4396597200.0,54837780.4,43748203.22,953012629.66,1163753916.01,210741286.35,15285323.09,9612.06,9155.64,5022.79,5627.07,5806.11,5267.16,285.31,676.4,,,,,,,基础化工,化学制品,其他化学制品,20.7,20.78,20.7
sh603133,碳元科技,2019-03-18,21.0,21.1,20.4,21.06,20.88,7490953.0,155770033.0,2358317648.7,4434498900.0,54837780.4,43748203.22,953012629.66,1163753916.01,210741286.35,15285323.09,7162.64,7561.13,3502.61,3852.44,4121.56,3624.98,471.74,220.02,,,,,,,基础化工,化学制品,其他化学制品,21.09,20.85,20.66
sh603133,碳元科技,2019-03-19,20.9,20.92,20.35,20.57,21.06,6178700.0,127317224.0,2303447010.15,4331322050.0,54837780.4,43748203.22,953012629.66,1163753916.01,210741286.35,15285323.09,5608.79,6004.85,2810.64,3639.02,3975.07,2665.49,120.35,205.5,,,,,,,基础化工,化学制品,其他化学制品,20.71,20.7,20.75
sh603133,碳元科技,2019-03-20,20.57,20.7,19.75,20.09,20.57,6322662.0,126853685.0,2249696180.55,4230250850.0,54837780.4,43748203.22,953012629.66,1163753916.01,210741286.35,15285323.09,4829.26,4884.51,2384.79,4472.66,5058.76,2294.26,198.8,820.17,,,,,,,基础化工,化学制品,其他化学制品,20.36,20.37,20.42
sh603133,碳元科技,2019-03-21,20.08,20.38,19.95,20.07,20.09,5104300.0,103122730.0,2247456562.65,4226039550.0,54837780.4,43748203.22,953012629.66,1163753916.01,210741286.35,15285323.09,3934.09,4504.51,2933.72,3017.93,2948.67,2396.62,343.77,241.2,,,,,,,基础化工,化学制品,其他化学制品,20.12,20.25,20.28
sh603133,碳元科技,2019-03-22,20.1,20.1,19.5,19.89,20.07,4729400.0,93399238.0,2227300001.55,4188137850.0,54837780.4,43748203.22,953012629.66,1163753916.01,210741286.35,15285323.09,3581.64,3821.26,1559.08,2641.3,3958.22,2636.39,0.0,0.0,,,,,,,基础化工,化学制品,其他化学制品,20.0,19.78,19.8
sh603133,碳元科技,2019-03-25,19.63,20.37,19.49,20.15,19.89,5400000.0,107743507.0,2256415034.25,4242884750.0,54837780.4,43748203.22,953012629.66,1163753916.01,210741286.35,15285323.09,4418.3,4450.17,2609.51,2737.73,3033.19,3089.93,314.29,97.45,,,,,,,基础化工,化学制品,其他化学制品,19.53,19.71,19.71
sh603133,碳元科技,2019-03-26,20.15,20.22,19.42,19.7,20.15,4389507.0,86691158.0,2206023631.5,4148130500.0,54837780.4,43748203.22,953012629.66,1163753916.01,210741286.35,15285323.09,3573.12,3677.71,759.8,1962.38,3918.26,2392.87,100.45,318.67,,,,,,,基础化工,化学制品,其他化学制品,20.13,19.9,19.86
sh603133,碳元科技,2019-03-27,19.7,19.87,19.49,19.8,19.7,2649500.0,52162264.0,2217221721.0,4169187000.0,54837780.4,43748203.22,953012629.66,1163753916.01,210741286.35,15285323.09,2436.2,2144.06,978.5,949.47,1530.49,1840.97,118.54,129.23,,,,,,,基础化工,化学制品,其他化学制品,19.75,19.75,19.69
sh603133,碳元科技,2019-03-28,19.76,20.35,19.6,20.14,19.8,5292561.0,106502191.0,2255295225.3,4240779100.0,54837780.4,43748203.22,953012629.66,1163753916.01,210741286.35,15285323.09,4178.61,4478.03,2912.41,2264.17,2253.27,3305.74,1024.21,320.57,,,,,,,基础化工,化学制品,其他化学制品,19.62,19.75,19.85
sh603133,碳元科技,2019-03-29,20.29,20.65,19.75,20.55,20.14,6642091.0,134844158.0,2301207392.25,4327110750.0,54837780.4,43748203.22,953012629.66,1163753916.01,210741286.35,15285323.09,4793.01,5347.71,3846.61,3061.86,2856.9,3454.63,1408.59,1040.92,,,,,,,基础化工,化学制品,其他化学制品,20.26,20.09,19.85
sh603133,碳元科技,2019-04-01,20.85,20.97,20.5,20.89,20.55,6707952.0,139248730.0,2339280896.55,4398702850.0,54837780.4,43748203.22,953012629.66,1163753916.01,210741286.35,15285323.09,5802.21,5931.64,3982.15,3857.54,3604.28,3308.13,226.65,517.99,,,,,,,基础化工,化学制品,其他化学制品,20.7,20.68,20.68
sh603133,碳元科技,2019-04-02,20.88,22.9,20.43,21.75,20.89,12650039.0,271522219.0,2435584466.25,4579788750.0,54837780.4,43748203.22,953012629.66,1163753916.01,210741286.35,15285323.09,11519.88,11245.15,7275.65,7068.79,6986.38,5829.15,643.54,2282.35,,,,,,,基础化工,化学制品,其他化学制品,20.8,20.73,20.71
sh603133,碳元科技,2019-04-03,21.4,21.65,21.08,21.3,21.75,6241057.0,132953808.0,2385193063.5,4485034500.0,54837780.4,43748203.22,953012629.66,1163753916.01,210741286.35,15285323.09,5664.6,5780.86,2714.63,3973.97,4396.27,3182.13,371.87,210.41,,,,,,,基础化工,化学制品,其他化学制品,21.6,21.38,21.38
sh603133,碳元科技,2019-04-04,21.55,22.1,21.23,21.39,21.3,8097714.0,175261802.0,2395271344.05,4503985350.0,54837780.4,43748203.22,953012629.66,1163753916.01,210741286.35,15285323.09,7867.18,7732.97,4102.33,4939.04,4943.45,4062.52,613.21,791.65,,,,,,,基础化工,化学制品,其他化学制品,21.39,21.61,21.67
sh603133,碳元科技,2019-04-08,21.58,21.6,20.6,20.78,21.39,6379880.0,134337311.0,2326962998.1,4375540700.0,54837780.4,43748203.22,953012629.66,1163753916.01,210741286.35,15285323.09,5925.15,5812.42,2489.84,4406.31,5018.74,2991.46,0.0,223.55,,,,,,,基础化工,化学制品,其他化学制品,21.38,21.21,21.53
sh603133,碳元科技,2019-04-09,20.74,20.74,20.3,20.53,20.78,4139122.0,84713582.0,2298967774.35,4322899450.0,54837780.4,43748203.22,953012629.66,1163753916.01,210741286.35,15285323.09,3762.09,4059.56,1492.08,2236.3,3217.19,1933.32,0.0,242.18,,,,,,,基础化工,化学制品,其他化学制品,20.31,20.4,20.44
sh603133,碳元科技,2019-04-10,20.43,20.64,20.02,20.41,20.53,4567667.0,92736647.0,2285530066.95,4297631650.0,54837780.4,43748203.22,953012629.66,1163753916.01,210741286.35,15285323.09,4092.17,3853.47,1615.41,3153.64,3364.21,2266.56,201.87,0.0,,,,,,,基础化工,化学制品,其他化学制品,20.25,20.03,20.13
sh603133,碳元科技,2019-04-11,20.33,20.55,20.06,20.1,20.41,2795154.0,56742157.0,2250815989.5,4232356500.0,54837780.4,43748203.22,953012629.66,1163753916.01,210741286.35,15285323.09,2444.74,2751.18,799.96,1496.08,2247.19,1426.95,182.33,0.0,,,,,,,基础化工,化学制品,其他化学制品,20.45,20.33,20.43
sh603133,碳元科技,2019-04-12,20.0,20.29,19.8,20.18,20.1,1971783.0,39687846.0,2259774461.1,4249201700.0,54837780.4,43748203.22,953012629.66,1163753916.01,210741286.35,15285323.09,1749.69,1868.74,688.75,1005.73,1530.33,1094.31,0.0,0.0,,,,,,,基础化工,化学制品,其他化学制品,20.15,20.22,20.25
sh603133,碳元科技,2019-04-15,20.37,20.48,19.95,19.96,20.18,2595750.0,52508296.0,2235138664.2,4202877400.0,54837780.4,43748203.22,953012629.66,1163753916.01,210741286.35,15285323.09,2438.18,2528.52,926.16,1580.08,1886.48,1142.23,0.0,0.0,,,,,,,基础化工,化学制品,其他化学制品,20.36,20.39,20.34
sh603133,碳元科技,2019-04-16,19.9,20.45,19.61,20.23,19.96,2641071.0,52653757.0,2265373505.85,4259729950.0,54837780.4,43748203.22,953012629.66,1163753916.01,210741286.35,15285323.09,2338.34,2452.99,848.12,891.25,1967.98,1691.34,110.94,229.8,,,,,,,基础化工,化学制品,其他化学制品,19.65,19.76,19.65
sh603133,碳元科技,2019-04-17,20.23,20.5,20.17,20.43,20.23,3444609.0,70031644.0,2287769684.85,4301842950.0,54837780.4,43748203.22,953012629.66,1163753916.01,210741286.35,15285323.09,2756.02,3446.82,1838.57,1406.66,1639.44,1580.1,301.0,101.45,,,,,,,基础化工,化学制品,其他化学制品,20.29,20.4,20.43
sh603133,碳元科技,2019-04-18,20.23,20.82,20.21,20.61,20.43,4113420.0,84486378.0,2307926245.95,4339744650.0,54837780.4,43748203.22,953012629.66,1163753916.01,210741286.35,15285323.09,3420.6,3784.51,2686.49,1984.73,2104.08,2472.79,237.47,206.6,,,,,,,基础化工,化学制品,其他化学制品,20.38,20.51,20.42
sh603133,碳元科技,2019-04-19,20.77,22.43,20.57,22.35,20.61,18043267.0,388374912.0,2502773003.25,4706127750.0,54837780.4,43748203.22,953012629.66,1163753916.01,210741286.35,15285323.09,15993.56,17289.67,11901.46,10833.76,9342.35,9892.6,1170.61,391.96,,,,,,,基础化工,化学制品,其他化学制品,20.72,21.32,21.0
sh603133,碳元科技,2019-04-22,21.89,21.89,20.93,21.21,22.35,12405488.0,264873502.0,2375114782.95,4466083650.0,54837780.4,43748203.22,953012629.66,1163753916.01,210741286.35,15285323.09,12358.48,11181.55,5029.45,9375.23,8996.45,5082.15,102.96,848.43,,,,,,,基础化工,化学制品,其他化学制品,21.5,21.49,21.38
sh603133,碳元科技,2019-04-23,20.76,20.9,19.46,19.64,21.21,8165000.0,163265443.0,2199304777.8,4135496600.0,54837780.4,43748203.22,953012629.66,1163753916.01,210741286.35,15285323.09,6740.96,7487.32,2328.04,4674.75,7034.26,3862.14,223.29,302.34,,,,,,,基础化工,化学制品,其他化学制品,20.45,20.23,20.14
sh603133,碳元科技,2019-04-24,19.68,20.08,19.6,19.91,19.64,3885467.0,77184080.0,2229539619.45,4192349150.0,54837780.4,43748203.22,953012629.66,1163753916.01,210741286.35,15285323.09,3475.97,3286.59,1097.42,1401.96,3145.01,2797.34,0.0,232.52,,,,,,,基础化工,化学制品,其他化学制品,19.66,19.9,19.89
sh603133,碳元科技,2019-04-25,19.8,19.9,18.28,18.55,19.91,5332500.0,102579594.0,2077245602.25,3905980750.0,54837780.4,43748203.22,953012629.66,1163753916.01,210741286.35,15285323.09,4411.42,4929.43,852.53,2588.53,4994.01,2740.0,0.0,0.0,,,,,,,基础化工,化学制品,其他化学制品,19.71,19.71,19.78
sh603133,碳元科技,2019-04-26,17.79,18.17,17.37,17.63,18.55,5819700.0,103357487.0,1974223178.85,3712260950.0,36633224.22,57206852.71,949116153.6300001,1605996828.43,656880674.8,-8594680.13,4385.16,4802.31,1539.2,2410.09,4411.39,2766.59,0.0,356.76,,,,,,,基础化工,化学制品,其他化学制品,17.95,18.0,17.97
sh603133,碳元科技,2019-04-29,17.57,17.8,15.87,16.19,17.63,5383697.0,89006480.0,1812970690.05,3409047350.0,36633224.22,57206852.71,949116153.6300001,1605996828.43,656880674.8,-8594680.13,4216.69,4266.23,1120.6,1633.14,3232.79,2522.59,330.56,478.68,,,,,,,基础化工,化学制品,其他化学制品,17.42,16.73,16.61
sh603133,碳元科技,2019-04-30,16.24,16.44,15.8,16.04,16.19,3492600.0,56442282.0,1796173555.8,3377462600.0,36633224.22,57206852.71,949116153.6300001,1605996828.43,656880674.8,-8594680.13,2625.41,2342.34,441.03,1241.72,2577.79,1955.05,0.0,105.12,,,,,,,基础化工,化学制品,其他化学制品,16.27,16.32,16.27
sh603133,碳元科技,2019-05-06,15.6,15.6,14.55,14.65,16.04,3884927.0,58479584.0,1640520111.75,3084777250.0,36633224.22,57206852.71,949116153.6300001,1605996828.43,656880674.8,-8594680.13,2673.9,3059.67,434.51,1071.44,2739.55,1716.85,0.0,0.0,,,,,,,基础化工,化学制品,其他化学制品,15.56,15.26,15.4
sh603133,碳元科技,2019-05-07,14.8,15.26,14.55,15.13,14.65,2829697.0,42156888.0,1694270941.35,3185848450.0,36633224.22,57206852.71,949116153.6300001,1605996828.43,656880674.8,-8594680.13,1959.39,1980.74,402.52,355.73,1853.78,1879.22,0.0,0.0,,,,,,,基础化工,化学制品,其他化学制品,14.95,14.93,14.93
sh603133,碳元科技,2019-05-08,14.86,15.02,14.55,14.79,15.13,2428297.0,35934447.0,1656197437.05,3114256350.0,36633224.22,57206852.71,949116153.6300001,1605996828.43,656880674.8,-8594680.13,1413.47,1580.94,247.81,485.9,1932.17,1408.7,0.0,117.91,,,,,,,基础化工,化学制品,其他化学制品,14.65,14.74,14.75
sh603133,碳元科技,2019-05-09,14.6,14.84,14.5,14.63,14.79,1813000.0,26625928.0,1638280493.85,3080565950.0,36633224.22,57206852.71,949116153.6300001,1605996828.43,656880674.8,-8594680.13,1257.25,1245.9,66.71,376.37,1338.64,1040.32,0.0,0.0,,,,,,,基础化工,化学制品,其他化学制品,14.78,14.8,14.76
sh603133,碳元科技,2019-05-10,14.64,15.1,14.54,15.04,14.63,3090397.0,46100672.0,1684192660.8,3166897600.0,36633224.22,57206852.71,949116153.6300001,1605996828.43,656880674.8,-8594680.13,2290.04,2023.43,477.09,573.38,1722.57,1893.24,120.37,120.01,,,,,,,基础化工,化学制品,其他化学制品,14.83,14.93,15.03
sh603133,碳元科技,2019-05-13,14.94,15.44,14.84,15.28,15.04,2664800.0,40480662.0,1711068075.6,3217433200.0,36633224.22,57206852.71,949116153.6300001,1605996828.43,656880674.8,-8594680.13,1698.16,2035.46,655.24,344.05,1694.67,1668.55,0.0,0.0,,,,,,,基础化工,化学制品,其他化学制品,14.91,14.99,15.05
sh603133,碳元科技,2019-05-14,14.96,15.28,14.86,15.0,15.28,2003900.0,30186844.0,1679713425.0,3158475000.0,36633224.22,57206852.71,949116153.6300001,1605996828.43,656880674.8,-8594680.13,1188.86,1391.64,425.46,769.69,1404.36,857.35,0.0,0.0,,,,,,,基础化工,化学制品,其他化学制品,15.18,15.05,15.17
sh603133,碳元科技,2019-05-15,15.07,15.25,15.0,15.2,15.0,2216658.0,33544711.0,1702109604.0,3200588000.0,36633224.22,57206852.71,949116153.6300001,1605996828.43,656880674.8,-8594680.13,1455.6,1564.02,720.59,644.38,1178.28,1146.08,0.0,0.0,,,,,,,基础化工,化学制品,其他化学制品,15.11,15.05,15.08
sh603133,碳元科技,2019-05-16,15.2,15.88,15.08,15.4,15.2,3238199.0,50195757.0,1724505783.0,3242701000.0,36633224.22,57206852.71,949116153.6300001,1605996828.43,656880674.8,-8594680.13,2166.92,2320.35,822.05,644.81,2030.6,2054.42,0.0,0.0,,,,,,,基础化工,化学制品,其他化学制品,15.11,15.24,15.28
sh603133,碳元科技,2019-05-17,15.41,15.55,14.53,14.68,15.4,3085827.0,46236182.0,1643879538.6,3091094200.0,36633224.22,57206852.71,949116153.6300001,1605996828.43,656880674.8,-8594680.13,1617.62,2059.76,639.23,1114.55,2366.77,1449.3,0.0,0.0,,,,,,,基础化工,化学制品,其他化学制品,15.35,15.22,15.2
sh603133,碳元科技,2019-05-20,14.68,14.81,13.75,14.42,14.68,2672100.0,37875915.0,1614764505.9,3036347300.0,36633224.22,57206852.71,949116153.6300001,1605996828.43,656880674.8,-8594680.13,1592.91,1582.82,449.16,945.01,1745.52,1259.77,0.0,0.0,,,,,,,基础化工,化学制品,其他化学制品,14.58,14.48,13.92
sh603133,碳元科技,2019-05-21,14.44,14.77,14.27,14.69,14.42,2142800.0,31337355.0,1644999347.55,3093199850.0,36633224.22,57206852.71,949116153.6300001,1605996828.43,656880674.8,-8594680.13,1507.54,1195.15,283.59,767.21,1342.6,1171.38,0.0,0.0,,,,,,,基础化工,化学制品,其他化学制品,14.68,14.63,14.58
sh603133,碳元科技,2019-05-22,14.72,14.77,14.29,14.44,14.69,1759500.0,25537516.0,1617004123.8,3040558600.0,36633224.22,57206852.71,949116153.6300001,1605996828.43,656880674.8,-8594680.13,1158.71,1415.09,157.02,237.7,1238.02,900.96,0.0,0.0,,,,,,,基础化工,化学制品,其他化学制品,14.62,14.6,14.61
sh603133,碳元科技,2019-05-23,14.43,14.44,13.94,14.0,14.44,1815900.0,25708486.0,1567732530.0,2947910000.0,36633224.22,57206852.71,949116153.6300001,1605996828.43,656880674.8,-8594680.13,919.94,1177.76,135.25,270.95,1515.66,1122.14,0.0,0.0,,,,,,,基础化工,化学制品,其他化学制品,14.22,14.13,14.19
sh603133,碳元科技,2019-05-24,14.01,14.29,13.87,13.98,14.0,1769385.0,24833850.0,1565492912.1,2943698700.0,36633224.22,57206852.71,949116153.6300001,1605996828.43,656880674.8,-8594680.13,977.5,1186.44,240.32,335.47,1265.56,961.47,0.0,0.0,,,,,,,基础化工,化学制品,其他化学制品,14.1,14.17,14.12
sh603133,碳元科技,2019-05-27,14.1,14.39,13.9,14.39,13.98,2108000.0,29886727.0,1611405079.05,3030030350.0,36633224.22,57206852.71,949116153.6300001,1605996828.43,656880674.8,-8594680.13,1509.17,1175.44,337.56,418.16,1141.95,1395.07,0.0,0.0,,,,,,,基础化工,化学制品,其他化学制品,14.03,14.05,14.07
sh603133,碳元科技,2019-05-28,14.4,14.99,14.34,14.59,14.39,3629445.0,53217167.0,1633801258.05,3072143350.0,36633224.22,57206852.71,949116153.6300001,1605996828.43,656880674.8,-8594680.13,2581.47,2582.1,852.39,753.34,1887.86,1882.68,0.0,103.6,,,,,,,基础化工,化学制品,其他化学制品,14.39,14.46,14.48
sh603133,碳元科技,2019-05-29,14.58,14.97,14.36,14.63,14.59,2976423.0,43826553.0,1638280493.85,3080565950.0,36633224.22,57206852.71,949116153.6300001,1605996828.43,656880674.8,-8594680.13,1851.24,1939.31,792.44,855.21,1738.98,1588.13,0.0,0.0,,,,,,,基础化工,化学制品,其他化学制品,14.54,14.66,14.68
sh603133,碳元科技,2019-05-30,14.6,14.62,14.23,14.54,14.63,2000268.0,28814393.0,1628202213.3,3061615100.0,36633224.22,57206852.71,949116153.6300001,1605996828.43,656880674.8,-8594680.13,1274.28,1457.24,312.24,419.51,1294.92,1004.69,0.0,0.0,,,,,,,基础化工,化学制品,其他化学制品,14.37,14.4,14.35
sh603133,碳元科技,2019-05-31,14.59,14.79,14.45,14.63,14.54,2253554.0,33082645.0,1638280493.85,3080565950.0,36633224.22,57206852.71,949116153.6300001,1605996828.43,656880674.8,-8594680.13,1494.99,1277.99,497.62,724.88,1315.65,1305.4,0.0,0.0,,,,,,,基础化工,化学制品,其他化学制品,14.6,14.62,14.69
sh603133,碳元科技,2019-06-03,14.68,15.25,14.3,14.99,14.63,4737400.0,70540970.0,1678593616.05,3156369350.0,36633224.22,57206852.71,949116153.6300001,1605996828.43,656880674.8,-8594680.13,3549.19,3370.75,1362.9,1036.15,2142.01,2647.19,0.0,0.0,,,,,,,基础化工,化学制品,其他化学制品,14.56,14.64,14.7
sh603133,碳元科技,2019-06-04,14.8,14.96,14.41,14.6,14.99,2570968.0,37686131.0,1634921067.0,3074249000.0,36633224.22,57206852.71,949116153.6300001,1605996828.43,656880674.8,-8594680.13,1744.12,1712.89,447.35,688.37,1577.15,1367.35,0.0,0.0,,,,,,,基础化工,化学制品,其他化学制品,14.78,14.86,14.9
sh603133,碳元科技,2019-06-05,14.73,14.98,14.62,14.73,14.6,2168500.0,32090136.0,1649478583.35,3101622450.0,36633224.22,57206852.71,949116153.6300001,1605996828.43,656880674.8,-8594680.13,1558.86,1528.41,333.31,559.43,1316.84,1121.17,0.0,0.0,,,,,,,基础化工,化学制品,其他化学制品,14.76,14.68,14.79
sh603133,碳元科技,2019-06-06,14.7,14.75,13.94,14.13,14.73,2457100.0,34962159.0,1582290046.35,2975283450.0,36633224.22,57206852.71,949116153.6300001,1605996828.43,656880674.8,-8594680.13,1447.29,1590.92,469.86,606.2,1458.34,1174.7,120.73,124.4,,,,,,,基础化工,化学制品,其他化学制品,14.66,14.59,14.48
sh603133,碳元科技,2019-06-10,14.13,14.78,14.13,14.6,14.13,3046400.0,44218331.0,1634921067.0,3074249000.0,36633224.22,57206852.71,949116153.6300001,1605996828.43,656880674.8,-8594680.13,1876.99,1943.16,808.49,932.4,1736.35,1236.38,0.0,309.89,,,,,,,基础化工,化学制品,其他化学制品,14.4,14.4,14.19
sh603133,碳元科技,2019-06-11,14.5,15.08,14.5,15.0,14.6,3931700.0,58619617.0,1679713425.0,3158475000.0,36633224.22,57206852.71,949116153.6300001,1605996828.43,656880674.8,-8594680.13,2554.35,2629.96,1086.55,1222.25,2221.06,2009.75,0.0,0.0,,,,,,,基础化工,化学制品,其他化学制品,14.62,14.7,14.91
sh603133,碳元科技,2019-06-12,15.02,15.36,14.82,14.89,15.0,3361100.0,50608891.0,1667395526.55,3135312850.0,36633224.22,57206852.71,949116153.6300001,1605996828.43,656880674.8,-8594680.13,2112.39,2234.66,613.0,654.75,2335.49,2171.47,0.0,0.0,,,,,,,基础化工,化学制品,其他化学制品,14.95,15.19,15.29
sh603133,XD碳元科,2019-06-13,14.8,15.03,14.68,14.95,14.81,2191600.0,32645082.0,1674114380.25,3147946750.0,36633224.22,57206852.71,949116153.6300001,1605996828.43,656880674.8,-8594680.13,1039.01,1233.92,585.97,498.23,1523.56,1413.43,115.96,118.92,,,,,,,基础化工,化学制品,其他化学制品,14.83,14.8,14.97
sh603133,碳元科技,2019-06-14,15.05,15.1,14.45,14.47,14.95,2069000.0,30414161.0,1620363550.65,3046875550.0,36633224.22,57206852.71,949116153.6300001,1605996828.43,656880674.8,-8594680.13,1215.03,1394.14,127.81,378.5,1698.57,1268.78,0.0,0.0,,,,,,,基础化工,化学制品,其他化学制品,14.96,14.92,14.84
sh603133,碳元科技,2019-06-17,14.43,14.7,14.36,14.44,14.47,1498200.0,21759331.0,1617004123.8,3040558600.0,36633224.22,57206852.71,949116153.6300001,1605996828.43,656880674.8,-8594680.13,823.21,960.8,299.74,328.35,1052.98,886.78,0.0,0.0,,,,,,,基础化工,化学制品,其他化学制品,14.63,14.62,14.59
sh603133,碳元科技,2019-06-18,14.44,14.53,14.25,14.35,14.44,1102600.0,15886522.0,1606925843.25,3021607750.0,36633224.22,57206852.71,949116153.6300001,1605996828.43,656880674.8,-8594680.13,611.93,744.62,94.77,174.93,881.95,669.1,0.0,0.0,,,,,,,基础化工,化学制品,其他化学制品,14.43,14.52,14.42
sh603133,碳元科技,2019-06-19,14.59,14.93,14.59,14.64,14.35,2542300.0,37449907.0,1639400302.8,3082671600.0,36633224.22,57206852.71,949116153.6300001,1605996828.43,656880674.8,-8594680.13,1671.39,1889.76,533.68,479.32,1539.92,1375.91,0.0,0.0,,,,,,,基础化工,化学制品,其他化学制品,14.75,14.68,14.66
sh603133,碳元科技,2019-06-20,14.64,14.99,14.4,14.88,14.64,2669328.0,39358982.0,1666275717.6,3133207200.0,36633224.22,57206852.71,949116153.6300001,1605996828.43,656880674.8,-8594680.13,1543.02,1677.63,709.77,563.91,1683.1,1694.36,0.0,0.0,,,,,,,基础化工,化学制品,其他化学制品,14.62,14.56,14.45
sh603133,碳元科技,2019-06-21,14.96,15.18,14.91,15.07,14.88,3078689.0,46255863.0,1687552087.65,3173214550.0,36633224.22,57206852.71,949116153.6300001,1605996828.43,656880674.8,-8594680.13,2148.95,2052.83,663.65,842.74,1812.98,1730.01,0.0,0.0,,,,,,,基础化工,化学制品,其他化学制品,14.98,14.93,15.0
sh603133,碳元科技,2019-06-24,15.0,15.25,14.93,15.11,15.07,2698328.0,40738342.0,1692031323.45,3181637150.0,36633224.22,57206852.71,949116153.6300001,1605996828.43,656880674.8,-8594680.13,1888.44,1685.9,616.34,924.24,1569.06,1463.7,0.0,0.0,,,,,,,基础化工,化学制品,其他化学制品,15.02,15.13,15.08
sh603133,碳元科技,2019-06-25,15.15,15.29,14.68,14.78,15.11,2745479.0,41067481.0,1655077628.1,3112150700.0,36633224.22,57206852.71,949116153.6300001,1605996828.43,656880674.8,-8594680.13,1750.65,2018.96,338.71,499.43,2017.39,1588.36,0.0,0.0,,,,,,,基础化工,化学制品,其他化学制品,15.24,15.22,15.17
sh603133,碳元科技,2019-06-26,14.67,15.05,14.55,14.95,14.78,2164071.0,32185093.0,1674114380.25,3147946750.0,36633224.22,57206852.71,949116153.6300001,1605996828.43,656880674.8,-8594680.13,1374.59,1237.51,346.7,674.68,1497.22,1306.32,0.0,0.0,,,,,,,基础化工,化学制品,其他化学制品,14.75,14.65,14.78
sh603133,碳元科技,2019-06-27,15.1,15.1,14.8,14.87,14.95,2170735.0,32361283.0,1665155908.65,3131101550.0,36633224.22,57206852.71,949116153.6300001,1605996828.43,656880674.8,-8594680.13,1466.1,1495.67,392.32,495.64,1377.71,1244.82,0.0,0.0,,,,,,,基础化工,化学制品,其他化学制品,15.04,14.99,14.98
sh603133,碳元科技,2019-06-28,14.82,16.28,14.66,15.53,14.87,9358935.0,145524091.0,1739063299.35,3270074450.0,36633224.22,57206852.71,949116153.6300001,1605996828.43,656880674.8,-8594680.13,5874.52,6445.11,2558.91,2481.97,4482.36,5393.93,1636.62,231.4,,,,,,,基础化工,化学制品,其他化学制品,14.83,15.08,15.01
sh603133,碳元科技,2019-07-01,16.08,16.7,15.58,16.11,15.53,11546917.0,185721157.0,1804012218.45,3392202150.0,36633224.22,57206852.71,949116153.6300001,1605996828.43,656880674.8,-8594680.13,8329.61,8141.79,3346.58,3939.12,6160.84,5690.39,735.08,800.82,,,,,,,基础化工,化学制品,其他化学制品,15.83,15.62,15.78
sh603133,碳元科技,2019-07-02,15.82,16.09,15.71,15.78,16.11,5055126.0,80152868.0,1767058523.1,3322715700.0,36633224.22,57206852.71,949116153.6300001,1605996828.43,656880674.8,-8594680.13,3629.6,3348.6,1156.0,2040.96,3229.69,2625.71,0.0,0.0,,,,,,,基础化工,化学制品,其他化学制品,15.88,15.79,15.9
sh603133,碳元科技,2019-07-03,15.74,15.8,15.32,15.39,15.78,3288041.0,50836915.0,1723385974.05,3240595350.0,36633224.22,57206852.71,949116153.6300001,1605996828.43,656880674.8,-8594680.13,2151.09,2369.94,448.73,1075.02,2320.84,1517.53,163.03,121.19,,,,,,,基础化工,化学制品,其他化学制品,15.69,15.63,15.57
sh603133,碳元科技,2019-07-04,15.49,15.56,15.32,15.48,15.39,2032100.0,31392965.0,1733464254.6,3259546200.0,36633224.22,57206852.71,949116153.6300001,1605996828.43,656880674.8,-8594680.13,1437.29,1442.65,391.79,429.88,1310.22,1266.77,0.0,0.0,,,,,,,基础化工,化学制品,其他化学制品,15.44,15.37,15.39
sh603133,碳元科技,2019-07-05,15.4,15.51,15.31,15.48,15.48,1672184.0,25782139.0,1733464254.6,3259546200.0,36633224.22,57206852.71,949116153.6300001,1605996828.43,656880674.8,-8594680.13,1307.34,1149.72,182.46,535.79,1088.41,892.7,0.0,0.0,,,,,,,基础化工,化学制品,其他化学制品,15.45,15.48,15.42
sh603133,碳元科技,2019-07-08,15.36,15.47,14.55,14.69,15.48,3065700.0,45643588.0,1644999347.55,3093199850.0,36633224.22,57206852.71,949116153.6300001,1605996828.43,656880674.8,-8594680.13,2100.31,2171.32,250.12,1095.11,1937.63,1297.94,276.3,0.0,,,,,,,基础化工,化学制品,其他化学制品,15.2,15.05,15.07
sh603133,碳元科技,2019-07-09,14.5,14.7,14.26,14.5,14.69,2247016.0,32481486.0,1623722977.5,3053192500.0,36633224.22,57206852.71,949116153.6300001,1605996828.43,656880674.8,-8594680.13,1542.51,1552.11,310.2,878.7,1245.15,817.33,150.3,0.0,,,,,,,基础化工,化学制品,其他化学制品,14.68,14.57,14.64
sh603133,碳元科技,2019-07-10,14.52,14.64,14.23,14.3,14.5,1281700.0,18508060.0,1601326798.5,3011079500.0,36633224.22,57206852.71,949116153.6300001,1605996828.43,656880674.8,-8594680.13,909.26,932.54,50.44,253.92,891.11,664.35,0.0,0.0,,,,,,,基础化工,化学制品,其他化学制品,14.5,14.55,14.48
sh603133,碳元科技,2019-07-11,14.5,14.59,14.3,14.34,14.3,1227300.0,17742628.0,1605806034.3,3019502100.0,36633224.22,57206852.71,949116153.6300001,1605996828.43,656880674.8,-8594680.13,854.91,876.33,171.8,171.08,747.55,726.85,0.0,0.0,,,,,,,基础化工,化学制品,其他化学制品,14.5,14.45,14.56
sh603133,碳元科技,2019-07-12,14.34,14.49,14.18,14.36,14.34,1257419.0,17996451.0,1608045652.2,3023713400.0,36633224.22,57206852.71,949116153.6300001,1605996828.43,656880674.8,-8594680.13,870.52,880.65,214.12,270.28,715.01,648.72,0.0,0.0,,,,,,,基础化工,化学制品,其他化学制品,14.27,14.22,14.27
sh603133,碳元科技,2019-07-15,14.38,14.48,14.05,14.38,14.36,1431655.0,20413842.0,1610285270.1,3027924700.0,36633224.22,57206852.71,949116153.6300001,1605996828.43,656880674.8,-8594680.13,1014.35,1060.6,150.79,260.27,876.25,720.51,0.0,0.0,,,,,,,基础化工,化学制品,其他化学制品,14.26,14.08,14.14
sh603133,碳元科技,2019-07-16,14.38,14.58,14.1,14.56,14.38,1547277.0,22399415.0,1630441831.2,3065826400.0,36633224.22,57206852.71,949116153.6300001,1605996828.43,656880674.8,-8594680.13,1104.5,1068.67,366.42,399.35,769.02,771.92,0.0,0.0,,,,,,,基础化工,化学制品,其他化学制品,14.37,14.53,14.49
sh603133,碳元科技,2019-07-17,14.56,14.6,14.35,14.39,14.56,1414661.0,20456903.0,1611405079.05,3030030350.0,36633224.22,57206852.71,949116153.6300001,1605996828.43,656880674.8,-8594680.13,830.19,1122.09,183.48,325.6,1032.01,597.99,0.0,0.0,,,,,,,基础化工,化学制品,其他化学制品,14.47,14.51,14.57
sh603133,碳元科技,2019-07-18,14.34,14.34,14.02,14.02,14.39,1823500.0,25659611.0,1569972147.9,2952121300.0,36633224.22,57206852.71,949116153.6300001,1605996828.43,656880674.8,-8594680.13,1236.5,1245.48,172.38,589.28,1157.08,731.2,0.0,0.0,,,,,,,基础化工,化学制品,其他化学制品,14.17,14.14,14.1
sh603133,碳元科技,2019-07-19,14.06,14.17,14.02,14.02,14.02,930000.0,13098300.0,1569972147.9,2952121300.0,36633224.22,57206852.71,949116153.6300001,1605996828.43,656880674.8,-8594680.13,576.14,702.75,162.96,125.59,570.73,481.48,0.0,0.0,,,,,,,基础化工,化学制品,其他化学制品,14.1,14.09,14.12
sh603133,碳元科技,2019-07-22,14.05,14.13,13.27,13.28,14.02,2034498.0,27555061.0,1487106285.6,2796303200.0,36633224.22,57206852.71,949116153.6300001,1605996828.43,656880674.8,-8594680.13,1066.15,1234.75,209.85,486.94,1160.67,714.98,0.0,0.0,,,,,,,基础化工,化学制品,其他化学制品,13.88,13.65,13.59
sh603133,碳元科技,2019-07-23,13.28,13.42,13.28,13.39,13.28,995323.0,13284758.0,1499424184.05,2819465350.0,36633224.22,57206852.71,949116153.6300001,1605996828.43,656880674.8,-8594680.13,578.1,697.34,56.15,149.27,694.23,481.87,0.0,0.0,,,,,,,基础化工,化学制品,其他化学制品,13.36,13.35,13.39
sh603133,碳元科技,2019-07-24,13.39,14.17,13.39,13.91,13.39,2229853.0,30761576.0,1557654249.45,2928959150.0,36633224.22,57206852.71,949116153.6300001,1605996828.43,656880674.8,-8594680.13,1367.85,1460.33,532.73,181.96,1175.58,1433.87,0.0,0.0,,,,,,,基础化工,化学制品,其他化学制品,13.42,13.5,13.56
sh603133,碳元科技,2019-07-25,13.74,13.82,13.61,13.64,13.91,1608653.0,22022774.0,1527419407.8,2872106600.0,36633224.22,57206852.71,949116153.6300001,1605996828.43,656880674.8,-8594680.13,935.71,1152.06,131.32,426.15,1135.25,624.06,0.0,0.0,,,,,,,基础化工,化学制品,其他化学制品,13.77,13.77,13.76
sh603133,碳元科技,2019-07-26,13.61,13.78,13.53,13.62,13.64,951853.0,13005231.0,1525179789.9,2867895300.0,36633224.22,57206852.71,949116153.6300001,1605996828.43,656880674.8,-8594680.13,509.62,653.61,140.28,74.89,650.62,572.02,0.0,0.0,,,,,,,基础化工,化学制品,其他化学制品,13.61,13.73,13.67
sh603133,碳元科技,2019-07-29,13.71,14.98,13.57,14.98,13.62,6717332.0,97341606.0,1677473807.1,3154263700.0,36633224.22,57206852.71,949116153.6300001,1605996828.43,656880674.8,-8594680.13,2605.8,3830.82,2178.94,3428.39,1341.8,2474.94,3607.62,0.0,,,,,,,基础化工,化学制品,其他化学制品,13.66,13.68,13.68
sh603133,碳元科技,2019-07-30,15.22,15.88,14.95,15.04,14.98,13868533.0,212187562.0,1684192660.8,3165995200.0,36633224.22,57206852.71,949116153.6300001,1605996828.43,656880674.8,-8594680.13,8398.44,8928.37,3807.99,5980.39,8454.53,5234.4,557.79,1075.59,,,,,,,基础化工,化学制品,其他化学制品,15.32,15.05,15.12
sh603133,碳元科技,2019-07-31,14.8,14.98,14.55,14.67,15.04,5945188.0,87492238.0,1642759729.65,3088108350.0,36633224.22,57206852.71,949116153.6300001,1605996828.43,656880674.8,-8594680.13,3931.86,3876.9,1197.59,1711.31,3619.77,3161.01,0.0,0.0,,,,,,,基础化工,化学制品,其他化学制品,14.92,14.7,14.72
sh603133,碳元科技,2019-08-01,14.65,15.45,14.46,15.19,14.67,9118098.0,137730337.0,1700989795.05,3197570950.0,36633224.22,57206852.71,949116153.6300001,1605996828.43,656880674.8,-8594680.13,6100.1,5731.6,2410.5,2297.94,5157.55,5586.48,104.88,157.02,,,,,,,基础化工,化学制品,其他化学制品,14.49,14.6,14.78
sh603133,碳元科技,2019-08-02,14.67,15.06,14.46,14.88,15.19,5133637.0,76036377.0,1666275717.6,3132314400.0,36633224.22,57206852.71,949116153.6300001,1605996828.43,656880674.8,-8594680.13,3048.64,3292.31,916.6,1339.47,3638.4,2971.86,0.0,0.0,,,,,,,基础化工,化学制品,其他化学制品,14.77,14.78,14.78
sh603133,碳元科技,2019-08-05,14.6,15.15,14.6,14.85,14.88,4424858.0,65943984.0,1662916290.75,3125999250.0,36633224.22,57206852.71,949116153.6300001,1605996828.43,656880674.8,-8594680.13,3066.3,2984.02,465.7,713.06,3062.4,2897.32,0.0,0.0,,,,,,,基础化工,化学制品,其他化学制品,14.77,14.74,14.7
sh603133,碳元科技,2019-08-06,14.64,14.65,13.6,14.3,14.85,5384905.0,76451343.0,1601326798.5,3010221500.0,36633224.22,57206852.71,949116153.6300001,1605996828.43,656880674.8,-8594680.13,3330.5,3738.08,460.7,991.66,3853.93,2915.4,0.0,0.0,,,,,,,基础化工,化学制品,其他化学制品,14.43,14.53,14.5
sh603133,碳元科技,2019-08-07,14.53,14.75,14.17,14.23,14.3,3945100.0,57130683.0,1593488135.85,2995486150.0,36633224.22,57206852.71,949116153.6300001,1605996828.43,656880674.8,-8594680.13,2651.07,2489.23,679.27,604.76,2382.72,2619.08,0.0,0.0,,,,,,,基础化工,化学制品,其他化学制品,14.66,14.55,14.5
sh603133,碳元科技,2019-08-08,14.21,14.47,13.83,13.92,14.23,3769455.0,53060085.0,1558774058.4,2930229600.0,36633224.22,57206852.71,949116153.6300001,1605996828.43,656880674.8,-8594680.13,2054.81,2270.59,392.18,932.04,2859.02,1989.39,0.0,113.99,,,,,,,基础化工,化学制品,其他化学制品,14.4,14.29,14.25
sh603133,碳元科技,2019-08-09,14.0,14.16,13.65,13.73,13.92,2594997.0,36019944.0,1537497688.35,2890233650.0,36633224.22,57206852.71,949116153.6300001,1605996828.43,656880674.8,-8594680.13,1711.68,1767.74,244.52,218.18,1645.79,1616.08,0.0,0.0,,,,,,,基础化工,化学制品,其他化学制品,14.12,14.07,14.1
sh603133,碳元科技,2019-08-12,13.7,15.1,13.64,15.1,13.73,5208314.0,75210986.0,1690911514.5,3178625500.0,36633224.22,57206852.71,949116153.6300001,1605996828.43,656880674.8,-8594680.13,2107.57,2964.66,1494.41,1135.99,1714.52,3140.09,2204.6,280.36,,,,,,,基础化工,化学制品,其他化学制品,13.67,13.75,13.81
sh603133,碳元科技,2019-08-13,15.31,16.19,15.05,15.39,15.1,15611009.0,242384411.0,1723385974.05,3239671950.0,36633224.22,57206852.71,949116153.6300001,1605996828.43,656880674.8,-8594680.13,9513.19,9438.63,5359.66,5781.18,8216.77,8320.82,1148.81,697.81,,,,,,,基础化工,化学制品,其他化学制品,15.36,15.42,15.36
sh603133,碳元科技,2019-08-14,15.95,16.93,15.95,16.93,15.39,25890083.0,433848386.0,1895836552.35,3563849650.0,36633224.22,57206852.71,949116153.6300001,1605996828.43,656880674.8,-8594680.13,9272.25,16031.79,13320.81,11061.77,7168.38,12381.75,13623.36,3909.47,,,,,,,基础化工,化学制品,其他化学制品,16.55,16.93,16.93
sh603133,碳元科技,2019-08-15,16.1,18.12,16.1,17.6,16.93,22901809.0,390538962.0,1970863752.0,3704888000.0,36633224.22,57206852.71,949116153.6300001,1605996828.43,656880674.8,-8594680.13,14043.8,16227.82,12020.4,11044.02,11615.51,10205.17,1374.18,1576.87,,,,,,,基础化工,化学制品,其他化学制品,16.45,16.55,16.51
sh603133,碳元科技,2019-08-16,18.48,19.36,18.0,19.36,17.6,26490032.0,497183448.0,2167950127.2,4075376800.0,36633224.22,57206852.71,949116153.6300001,1605996828.43,656880674.8,-8594680.13,12942.08,17180.23,13241.3,12898.25,11533.75,14405.14,12001.2,5234.71,,,,,,,基础化工,化学制品,其他化学制品,18.33,18.7,18.54
sh603133,碳元科技,2019-08-19,20.28,21.2,19.3,19.81,19.36,23356442.0,474092362.0,2218341529.95,4170104050.0,36633224.22,57206852.71,949116153.6300001,1605996828.43,656880674.8,-8594680.13,11718.79,14811.31,16525.14,16481.57,10957.48,9684.98,8207.82,6431.37,,,,,,,基础化工,化学制品,其他化学制品,20.28,20.16,20.37
sh603133,碳元科技,2019-08-20,19.89,20.59,19.22,19.6,19.81,15053248.0,298200602.0,2194825542.0,4125898000.0,36633224.22,57206852.71,949116153.6300001,1605996828.43,656880674.8,-8594680.13,10998.94,11563.15,7689.82,8339.14,10084.4,8520.67,1046.89,1397.1,,,,,,,基础化工,化学制品,其他化学制品,19.8,20.35,20.38
sh603133,碳元科技,2019-08-21,19.68,20.46,19.32,19.91,19.6,17943667.0,356473387.0,2229539619.45,4191154550.0,36633224.22,57206852.71,949116153.6300001,1605996828.43,656880674.8,-8594680.13,11292.39,11594.73,12061.53,10322.75,7977.61,10293.71,4315.81,3436.14,,,,,,,基础化工,化学制品,其他化学制品,19.41,19.95,19.8
sh603133,碳元科技,2019-08-22,19.9,20.98,19.42,19.9,19.91,17539869.0,353523662.0,2228419810.5,4189049500.0,36633224.22,57206852.71,949116153.6300001,1605996828.43,656880674.8,-8594680.13,10844.39,11671.95,11842.41,12660.75,8781.59,7150.37,3883.97,3869.31,,,,,,,基础化工,化学制品,其他化学制品,19.61,20.13,20.28
sh603133,碳元科技,2019-08-23,20.34,21.69,19.88,21.51,19.9,20383656.0,423894845.0,2408709051.45,4527962550.0,36633224.22,57206852.71,949116153.6300001,1605996828.43,656880674.8,-8594680.13,10762.01,14320.95,13576.53,14036.4,11012.65,10915.15,7038.28,3116.98,,,,,,,基础化工,化学制品,其他化学制品,20.09,19.93,20.12
sh603133,碳元科技,2019-08-26,20.68,21.66,20.5,20.87,21.51,11269980.0,234604181.0,2337041278.65,4393239350.0,36633224.22,57206852.71,949116153.6300001,1605996828.43,656880674.8,-8594680.13,8168.01,7672.44,6955.14,8459.57,5126.98,5407.48,3210.29,1920.93,,,,,,,基础化工,化学制品,其他化学制品,21.38,20.91,20.85
sh603133,碳元科技,2019-08-27,20.87,21.15,20.01,20.52,20.87,8604501.0,177450232.0,2297847965.4,4319562600.0,36633224.22,57206852.71,949116153.6300001,1605996828.43,656880674.8,-8594680.13,5006.33,7314.14,5717.77,4308.44,5763.31,4377.08,1257.61,1745.36,,,,,,,基础化工,化学制品,其他化学制品,20.69,20.99,20.77
sh603133,碳元科技,2019-08-28,20.1,20.51,19.6,20.11,20.52,6869844.0,137658335.0,2251935798.45,4233255550.0,36633224.22,57206852.71,949116153.6300001,1605996828.43,656880674.8,-8594680.13,3788.05,5482.5,4747.74,4296.21,3450.63,3222.62,1567.39,552.5,,,,,,,基础化工,化学制品,其他化学制品,19.98,19.75,19.88
sh603133,碳元科技,2019-08-29,19.87,20.7,19.82,20.09,20.11,8288873.0,167924708.0,2249696180.55,4229045450.0,-2252548.2700000033,73357298.9,922168798.1800001,1555966660.2,633797862.02,-16058504.63,5320.48,6191.19,5336.27,4167.47,4368.26,4459.83,1767.46,1973.98,,,,,,,基础化工,化学制品,其他化学制品,20.0,20.23,20.17
sh603133,碳元科技,2019-08-30,20.01,20.65,18.08,18.08,20.09,13473900.0,257570475.0,2024614581.6,3805930400.0,-2252548.2700000033,73357298.9,922168798.1800001,1555966660.2,633797862.02,-16058504.63,8573.2,8947.17,5491.73,9411.38,10659.33,3940.4,1032.78,3458.09,,,,,,,基础化工,化学制品,其他化学制品,20.04,20.4,20.3
sh603133,碳元科技,2019-09-02,17.76,19.89,17.75,19.89,18.08,11939868.0,227316453.0,2227300001.55,4186944450.0,-2252548.2700000033,73357298.9,922168798.1800001,1555966660.2,633797862.02,-16058504.63,8482.78,8849.14,5295.31,4970.29,7611.27,8206.57,1342.28,705.65,,,,,,,基础化工,化学制品,其他化学制品,18.25,18.49,18.35
sh603133,碳元科技,2019-09-03,19.94,21.58,19.89,21.48,19.89,16475351.0,345623785.0,2405349624.6,4521647400.0,-2252548.2700000033,73357298.9,922168798.1800001,1555966660.2,633797862.02,-16058504.63,10403.62,11063.91,11281.53,11581.27,8018.06,8205.16,4859.17,3712.05,,,,,,,基础化工,化学制品,其他化学制品,20.73,21.0,20.88
sh603133,碳元科技,2019-09-04,21.22,21.55,20.54,20.9,21.48,9500943.0,199466061.0,2340400705.5,4399554500.0,-2252548.2700000033,73357298.9,922168798.1800001,1555966660.2,633797862.02,-16058504.63,6190.42,7104.76,5235.53,5944.87,7177.35,6521.23,1343.31,375.74,,,,,,,基础化工,化学制品,其他化学制品,20.88,20.88,21.24
sh603133,碳元科技,2019-09-05,21.18,21.25,20.0,20.08,20.9,10560147.0,216229739.0,2248576371.6,4226940400.0,-2252548.2700000033,73357298.9,922168798.1800001,1555966660.2,633797862.02,-16058504.63,8139.24,7209.65,4488.08,6043.2,7993.38,6981.84,1002.27,1388.27,,,,,,,基础化工,化学制品,其他化学制品,20.8,20.38,20.05
sh603133,碳元科技,2019-09-06,20.2,20.95,19.88,20.58,20.08,7651900.0,156604315.0,2304566819.1,4332192900.0,-2252548.2700000033,73357298.9,922168798.1800001,1555966660.2,633797862.02,-16058504.63,4949.72,5427.19,5734.93,3100.1,4052.47,6294.71,923.31,838.43,,,,,,,基础化工,化学制品,其他化学制品,20.18,19.93,20.57
sh603133,碳元科技,2019-09-09,20.68,22.22,20.21,21.9,20.58,10475822.0,221786567.0,2452381600.5,4610059500.0,-2252548.2700000033,73357298.9,922168798.1800001,1555966660.2,633797862.02,-16058504.63,7782.61,8127.92,6169.59,5736.83,6728.58,6770.89,1497.88,1543.01,,,,,,,基础化工,化学制品,其他化学制品,20.63,20.8,20.95
sh603133,碳元科技,2019-09-10,21.75,21.84,20.94,21.22,21.9,5725249.0,122205010.0,2376234591.9,4466916100.0,-2252548.2700000033,73357298.9,922168798.1800001,1555966660.2,633797862.02,-16058504.63,4501.84,3973.84,2281.97,2956.8,4770.93,4152.52,230.61,702.18,,,,,,,基础化工,化学制品,其他化学制品,21.29,21.48,21.66
sh603133,碳元科技,2019-09-11,21.51,23.34,21.51,23.34,21.22,11750357.0,270375392.0,2613634089.3,4913186700.0,-2252548.2700000033,73357298.9,922168798.1800001,1555966660.2,633797862.02,-16058504.63,5884.79,8118.8,7827.79,5607.14,3813.24,6072.35,9511.71,7239.24,,,,,,,基础化工,化学制品,其他化学制品,21.9,22.39,23.25
sh603133,碳元科技,2019-09-12,23.95,24.36,23.05,23.2,23.34,13610203.0,322462731.0,2597956764.0,4883716000.0,-2252548.2700000033,73357298.9,922168798.1800001,1555966660.2,633797862.02,-16058504.63,11160.45,8173.76,9845.57,14876.39,9142.49,6354.45,2097.76,2841.67,,,,,,,基础化工,化学制品,其他化学制品,23.25,23.77,24.13
sh603133,碳元科技,2019-09-16,23.31,23.56,22.6,22.84,23.2,7378450.0,170462036.0,2557643641.8,4807934200.0,-2252548.2700000033,73357298.9,922168798.1800001,1555966660.2,633797862.02,-16058504.63,5877.81,6151.05,4573.61,5770.35,6243.89,4261.05,350.89,863.75,,,,,,,基础化工,化学制品,其他化学制品,23.0,23.38,23.42
sh603133,碳元科技,2019-09-17,23.0,23.0,21.21,21.46,22.84,10802058.0,234916505.0,2403110006.7,4517437300.0,-2252548.2700000033,73357298.9,922168798.1800001,1555966660.2,633797862.02,-16058504.63,6292.03,8102.74,5559.92,7063.78,8097.32,5255.37,3542.38,3069.76,,,,,,,基础化工,化学制品,其他化学制品,22.0,21.6,21.68
sh603133,碳元科技,2019-09-18,21.35,21.74,20.3,20.81,21.46,9060977.0,188921427.0,2330322424.95,4380609050.0,-2252548.2700000033,73357298.9,922168798.1800001,1555966660.2,633797862.02,-16058504.63,6937.98,6938.26,2825.18,3812.54,8094.13,7218.12,759.72,648.1,,,,,,,基础化工,化学制品,其他化学制品,21.67,21.25,21.15
sh603133,碳元科技,2019-09-19,20.78,21.38,20.4,21.19,20.81,9235400.0,193477632.0,2372875165.05,4460600950.0,-2252548.2700000033,73357298.9,922168798.1800001,1555966660.2,633797862.02,-16058504.63,6384.58,7859.26,5572.71,4343.23,5924.57,6489.9,1465.9,655.37,,,,,,,基础化工,化学制品,其他化学制品,21.3,21.25,20.83
sh603133,碳元科技,2019-09-20,21.3,23.31,20.5,20.64,21.19,12353589.0,266433447.0,2311285672.8,4344823200.0,-2252548.2700000033,73357298.9,922168798.1800001,1555966660.2,633797862.02,-16058504.63,10472.29,10116.96,5397.54,6834.17,10132.58,8080.73,640.93,1611.48,,,,,,,基础化工,化学制品,其他化学制品,22.46,22.05,21.63
sh603133,碳元科技,2019-09-23,20.36,20.6,19.21,19.9,20.64,13880186.0,275308356.0,2228419810.5,4189049500.0,-2252548.2700000033,73357298.9,922168798.1800001,1555966660.2,633797862.02,-16058504.63,10156.12,12867.01,3082.82,5891.75,12718.22,7471.34,1573.68,1300.74,,,,,,,基础化工,化学制品,其他化学制品,20.13,20.3,20.13
sh603133,碳元科技,2019-09-24,20.28,20.35,19.11,19.7,19.9,11324900.0,221792242.0,2206023631.5,4146948500.0,-2252548.2700000033,73357298.9,922168798.1800001,1555966660.2,633797862.02,-16058504.63,7873.79,8519.88,4559.61,3446.22,8643.46,9661.66,1102.36,551.46,,,,,,,基础化工,化学制品,其他化学制品,19.69,19.43,19.34
sh603133,碳元科技,2019-09-25,19.8,19.8,18.48,18.75,19.7,11373351.0,216015225.0,2099641781.25,3946968750.0,-2252548.2700000033,73357298.9,922168798.1800001,1555966660.2,633797862.02,-16058504.63,7601.7,9061.56,3744.01,5999.66,9993.3,5408.14,262.51,1132.15,,,,,,,基础化工,化学制品,其他化学制品,19.34,19.41,19.27
sh603133,碳元科技,2019-09-26,18.88,18.91,17.61,17.92,18.75,7324099.0,133695291.0,2006697638.4,3772249600.0,-2252548.2700000033,73357298.9,922168798.1800001,1555966660.2,633797862.02,-16058504.63,5350.0,5401.85,1629.62,3037.92,6126.93,4822.04,262.98,107.72,,,,,,,基础化工,化学制品,其他化学制品,18.47,18.25,18.35
sh603133,碳元科技,2019-09-27,17.96,18.47,17.78,18.11,17.92,6835109.0,124420480.0,2027974008.45,3812245550.0,-2252548.2700000033,73357298.9,922168798.1800001,1555966660.2,633797862.02,-16058504.63,4307.94,4526.95,2941.02,2962.75,4790.96,4598.72,402.12,353.62,,,,,,,基础化工,化学制品,其他化学制品,17.83,18.2,18.18
sh603133,碳元科技,2019-09-30,18.22,18.3,17.66,17.72,18.11,4159600.0,74727308.0,1984301459.4,3730148600.0,-2252548.2700000033,73357298.9,922168798.1800001,1555966660.2,633797862.02,-16058504.63,2803.64,3246.2,1074.07,1160.79,3487.98,2958.5,107.04,107.24,,,,,,,基础化工,化学制品,其他化学制品,18.12,18.13,18.08
sh603133,碳元科技,2019-10-08,17.76,18.18,17.25,17.83,17.72,4697125.0,83157835.0,1996619357.85,3753304150.0,-2252548.2700000033,73357298.9,922168798.1800001,1555966660.2,633797862.02,-16058504.63,3439.41,2920.16,643.08,1566.85,4233.29,3828.76,0.0,0.0,,,,,,,基础化工,化学制品,其他化学制品,17.9,17.97,17.92
sh603133,碳元科技,2019-10-09,17.49,18.0,17.38,18.0,17.83,5082396.0,90228755.0,2015656110.0,3789090000.0,-2252548.2700000033,73357298.9,922168798.1800001,1555966660.2,633797862.02,-16058504.63,3775.92,3090.86,1734.04,1569.71,2939.96,4362.3,572.95,0.0,,,,,,,基础化工,化学制品,其他化学制品,17.43,17.57,17.69
sh603133,碳元科技,2019-10-10,18.06,18.31,17.82,18.05,18.0,5656500.0,102095852.0,2021255154.75,3799615250.0,-2252548.2700000033,73357298.9,922168798.1800001,1555966660.2,633797862.02,-16058504.63,4217.6,4197.76,2001.47,1386.18,3547.7,4294.58,442.81,331.07,,,,,,,基础化工,化学制品,其他化学制品,17.96,17.93,18.05
sh603133,碳元科技,2019-10-11,18.2,18.2,17.5,17.77,18.05,5304122.0,94646443.0,1989900504.15,3740673850.0,-2252548.2700000033,73357298.9,922168798.1800001,1555966660.2,633797862.02,-16058504.63,3769.35,4064.47,1993.19,2183.43,3268.75,2964.06,433.35,252.68,,,,,,,基础化工,化学制品,其他化学制品,18.01,17.9,17.79
sh603133,碳元科技,2019-10-14,18.06,19.26,17.91,19.2,17.77,14047360.0,262439040.0,2150033184.0,4041696000.0,-2252548.2700000033,73357298.9,922168798.1800001,1555966660.2,633797862.02,-16058504.63,10727.92,10557.78,7787.09,7311.75,6648.84,7529.24,1080.04,845.13,,,,,,,基础化工,化学制品,其他化学制品,17.99,18.02,18.38
sh603133,碳元科技,2019-10-15,18.98,18.98,18.35,18.36,19.2,6204400.0,115203301.0,2055969232.2,3864871800.0,-2252548.2700000033,73357298.9,922168798.1800001,1555966660.2,633797862.02,-16058504.63,4180.65,3899.71,2382.46,3015.88,4847.76,4204.26,109.46,400.48,,,,,,,基础化工,化学制品,其他化学制品,18.71,18.78,18.61
sh603133,碳元科技,2019-10-16,18.36,19.4,18.35,19.17,18.36,10429398.0,197863014.0,2146673757.15,4035380850.0,-2252548.2700000033,73357298.9,922168798.1800001,1555966660.2,633797862.02,-16058504.63,7226.75,7950.57,6546.05,4266.63,5394.46,6694.62,345.79,601.22,,,,,,,基础化工,化学制品,其他化学制品,18.85,18.91,18.68
sh603133,碳元科技,2019-10-17,18.98,19.2,18.36,18.69,19.17,8001660.0,149658265.0,2092922927.55,3934338450.0,-2252548.2700000033,73357298.9,922168798.1800001,1555966660.2,633797862.02,-16058504.63,5702.71,4933.17,3378.46,3425.24,5595.05,5964.12,289.6,643.29,,,,,,,基础化工,化学制品,其他化学制品,18.85,19.16,19.06
sh603133,碳元科技,2019-10-18,18.5,18.68,17.28,17.57,18.69,7620900.0,136633393.0,1967504325.15,3698572850.0,-2252548.2700000033,73357298.9,922168798.1800001,1555966660.2,633797862.02,-16058504.63,5083.26,4681.57,2794.39,3412.16,5499.42,4375.42,286.28,1194.18,,,,,,,基础化工,化学制品,其他化学制品,18.36,18.31,18.39
sh603133,碳元科技,2019-10-21,17.57,17.57,16.36,16.91,17.57,5086724.0,85379393.0,1893596934.45,3559639550.0,-2252548.2700000033,73357298.9,922168798.1800001,1555966660.2,633797862.02,-16058504.63,3286.09,3680.38,885.08,2028.04,4214.32,2704.66,152.45,124.85,,,,,,,基础化工,化学制品,其他化学制品,17.4,16.86,16.44
sh603133,碳元科技,2019-10-22,17.09,17.85,17.06,17.58,16.91,5897900.0,103035940.0,1968624134.1,3700677900.0,-2252548.2700000033,73357298.9,922168798.1800001,1555966660.2,633797862.02,-16058504.63,3458.19,4077.57,2140.32,1368.26,4597.28,4700.23,107.81,157.53,,,,,,,基础化工,化学制品,其他化学制品,17.44,17.29,17.3
sh603133,碳元科技,2019-10-23,17.89,18.06,17.3,17.42,17.58,4662300.0,82324802.0,1950707190.9,3666997100.0,-2252548.2700000033,73357298.9,922168798.1800001,1555966660.2,633797862.02,-16058504.63,2506.72,2966.9,1076.7,1597.62,4178.11,3452.96,470.96,215.0,,,,,,,基础化工,化学制品,其他化学制品,17.54,17.42,17.63
sh603133,碳元科技,2019-10-24,17.62,17.84,16.95,17.5,17.42,6622000.0,115098280.0,1959665662.5,3683837500.0,-2252548.2700000033,73357298.9,922168798.1800001,1555966660.2,633797862.02,-16058504.63,4028.56,4520.85,2262.17,2678.15,4890.78,3126.1,328.32,1184.73,,,,,,,基础化工,化学制品,其他化学制品,17.59,17.69,17.49
sh603133,碳元科技,2019-10-25,17.35,17.46,16.88,17.25,17.5,5191300.0,89245464.0,1931670438.75,3630693750.0,-2252548.2700000033,73357298.9,922168798.1800001,1555966660.2,633797862.02,-16058504.63,3208.23,2986.87,1616.8,2227.25,3992.0,3173.17,107.52,537.25,,,,,,,基础化工,化学制品,其他化学制品,17.19,17.1,17.1
sh603133,碳元科技,2019-10-28,17.2,17.45,17.08,17.29,17.25,6934499.0,119808263.0,1936149674.55,3639112750.0,-2252548.2700000033,73357298.9,922168798.1800001,1555966660.2,633797862.02,-16058504.63,4803.18,3755.79,3188.98,4166.17,3431.95,3628.89,556.71,429.98,,,,,,,基础化工,化学制品,其他化学制品,17.3,17.21,17.26
sh603133,碳元科技,2019-10-29,17.31,17.4,16.68,17.15,17.29,6070200.0,102665136.0,1920472349.25,3609646250.0,-2252548.2700000033,73357298.9,922168798.1800001,1555966660.2,633797862.02,-16058504.63,3979.82,3759.29,1893.0,2494.97,4089.45,3619.49,304.25,392.77,,,,,,,基础化工,化学制品,其他化学制品,17.07,17.01,16.88
sh603133,碳元科技,2019-10-30,17.02,17.1,16.72,16.95,17.15,5703300.0,96309679.0,1898076170.25,3567551250.0,-7730203.170000002,58712151.11,936175725.2700001,1670303478.89,734127753.62,9807668.190000001,3757.42,2914.66,3551.88,1630.49,2321.67,5085.81,0.0,0.0,,,,,,,基础化工,化学制品,其他化学制品,17.03,16.84,16.89
sh603133,碳元科技,2019-10-31,17.01,17.53,16.96,17.03,16.95,6703800.0,115568989.0,1907034641.85,3584389250.0,-7730203.170000002,58712151.11,936175725.2700001,1670303478.89,734127753.62,9807668.190000001,4431.47,5186.08,3456.98,2430.5,3032.43,3431.71,636.02,508.61,,,,,,,基础化工,化学制品,其他化学制品,17.06,17.09,17.09
sh603133,碳元科技,2019-11-01,17.01,17.35,16.98,17.07,17.03,3833100.0,65723383.0,1911513877.65,3592808250.0,-7730203.170000002,58712151.11,936175725.2700001,1670303478.89,734127753.62,9807668.190000001,2593.96,3025.46,1852.6,1649.78,2025.44,1897.09,100.34,0.0,,,,,,,基础化工,化学制品,其他化学制品,17.07,17.06,17.08
sh603133,碳元科技,2019-11-04,17.12,17.58,17.03,17.51,17.07,5152504.0,89372142.0,1960785471.45,3685417250.0,-7730203.170000002,58712151.11,936175725.2700001,1670303478.89,734127753.62,9807668.190000001,3624.52,4007.48,2180.01,1957.23,2858.16,2855.75,274.52,116.76,,,,,,,基础化工,化学制品,其他化学制品,17.16,17.07,17.16
sh603133,碳元科技,2019-11-05,17.55,17.73,17.28,17.45,17.51,5504899.0,96580947.0,1954066617.75,3672788750.0,-7730203.170000002,58712151.11,936175725.2700001,1670303478.89,734127753.62,9807668.190000001,3700.35,3636.09,2176.89,2796.2,3199.11,2849.87,581.75,375.93,,,,,,,基础化工,化学制品,其他化学制品,17.42,17.46,17.61
sh603133,碳元科技,2019-11-06,17.51,18.49,17.51,18.07,17.45,9454052.0,171423585.0,2023494772.65,3803283250.0,-7730203.170000002,58712151.11,936175725.2700001,1670303478.89,734127753.62,9807668.190000001,6551.26,7126.03,4465.83,3741.49,5553.66,5739.57,571.61,535.26,,,,,,,基础化工,化学制品,其他化学制品,17.95,18.29,18.14
sh603133,碳元科技,2019-11-07,17.9,18.25,17.58,17.92,18.07,5732776.0,102839657.0,2006697638.4,3771712000.0,-7730203.170000002,58712151.11,936175725.2700001,1670303478.89,734127753.62,9807668.190000001,4151.27,3709.8,2547.67,2914.93,3585.03,3659.23,0.0,0.0,,,,,,,基础化工,化学制品,其他化学制品,17.7,18.02,17.99
sh603133,碳元科技,2019-11-08,18.1,18.3,17.78,18.08,17.92,5797099.0,104471092.0,2024614581.6,3805388000.0,-7730203.170000002,58712151.11,936175725.2700001,1670303478.89,734127753.62,9807668.190000001,3651.62,3290.45,2208.69,2502.85,2834.64,2764.8,0.0,136.86,,,,,,,基础化工,化学制品,其他化学制品,18.08,18.01,18.01
sh603133,碳元科技,2019-11-11,17.98,18.38,17.55,17.58,18.08,4910600.0,88230088.0,1968624134.1,3700150500.0,-7730203.170000002,58712151.11,936175725.2700001,1670303478.89,734127753.62,9807668.190000001,3823.18,3495.53,1893.42,2708.06,2981.32,2492.62,125.09,126.8,,,,,,,基础化工,化学制品,其他化学制品,17.65,18.0,18.12
sh603133,碳元科技,2019-11-12,17.58,17.65,16.73,17.28,17.58,5205000.0,89197341.0,1935029865.6,3637008000.0,-7730203.170000002,58712151.11,936175725.2700001,1670303478.89,734127753.62,9807668.190000001,3082.48,3280.71,1706.04,3016.11,3711.73,2402.89,419.48,220.02,,,,,,,基础化工,化学制品,其他化学制品,17.56,17.2,17.2
sh603133,碳元科技,2019-11-13,17.22,17.99,16.92,17.75,17.28,6201795.0,109087909.0,1987660886.25,3735931250.0,-7730203.170000002,58712151.11,936175725.2700001,1670303478.89,734127753.62,9807668.190000001,3833.14,4019.67,2749.94,2173.71,4033.68,4261.49,292.03,453.91,,,,,,,基础化工,化学制品,其他化学制品,17.17,17.2,17.1
sh603133,碳元科技,2019-11-14,17.73,18.82,17.7,18.37,17.75,10245750.0,188386435.0,2057089041.15,3866425750.0,-7730203.170000002,58712151.11,936175725.2700001,1670303478.89,734127753.62,9807668.190000001,6972.95,6948.22,3536.28,4752.86,7255.05,6058.82,1074.36,1078.74,,,,,,,基础化工,化学制品,其他化学制品,17.76,18.06,18.01
sh603133,碳元科技,2019-11-15,18.47,20.21,18.47,19.37,18.37,13837926.0,268046691.0,2169069936.15,4076900750.0,-7730203.170000002,58712151.11,936175725.2700001,1670303478.89,734127753.62,9807668.190000001,8999.74,10436.7,6964.41,6575.63,7691.94,9260.28,3148.58,532.06,,,,,,,基础化工,化学制品,其他化学制品,18.94,18.65,18.9
sh603133,碳元科技,2019-11-18,19.24,20.14,19.18,19.88,19.37,12935925.0,255738909.0,2226180192.6,4184243000.0,-7730203.170000002,58712151.11,936175725.2700001,1670303478.89,734127753.62,9807668.190000001,10176.5,9014.09,6053.21,5994.05,7646.15,9212.0,1698.02,1353.75,,,,,,,基础化工,化学制品,其他化学制品,19.68,19.41,19.7
sh603133,碳元科技,2019-11-19,19.8,20.2,19.72,20.03,19.88,8527174.0,170105589.0,2242977326.85,4215814250.0,-7730203.170000002,58712151.11,936175725.2700001,1670303478.89,734127753.62,9807668.190000001,5925.51,6577.0,4138.09,4409.15,5439.89,4934.38,1507.08,1090.02,,,,,,,基础化工,化学制品,其他化学制品,20.08,19.78,19.85
sh603133,碳元科技,2019-11-20,19.99,21.76,19.78,20.87,20.03,13035786.0,269076054.0,2337041278.65,4392613250.0,-7730203.170000002,58712151.11,936175725.2700001,1670303478.89,734127753.62,9807668.190000001,7325.67,9205.96,9711.56,7748.62,6012.29,7585.12,3858.09,2367.89,,,,,,,基础化工,化学制品,其他化学制品,19.95,19.89,20.06
sh603133,碳元科技,2019-11-21,20.39,20.6,19.78,20.3,20.87,8564229.0,172112033.0,2273212168.5,4272642500.0,-7730203.170000002,58712151.11,936175725.2700001,1670303478.89,734127753.62,9807668.190000001,5255.72,4957.93,5569.33,4696.66,3983.3,3855.95,1128.02,2425.82,,,,,,,基础化工,化学制品,其他化学制品,20.13,19.92,20.0
sh603133,碳元科技,2019-11-22,20.08,21.1,20.08,20.43,20.3,8309782.0,171330044.0,2287769684.85,4300004250.0,-7730203.170000002,58712151.11,936175725.2700001,1670303478.89,734127753.62,9807668.190000001,6245.7,6758.78,4195.54,4731.95,5563.01,4913.83,1128.74,728.44,,,,,,,基础化工,化学制品,其他化学制品,20.66,21.04,20.76
sh603133,碳元科技,2019-11-25,20.39,20.57,19.78,19.98,20.43,5095546.0,102101628.0,2237378282.1,4205290500.0,-7730203.170000002,58712151.11,936175725.2700001,1670303478.89,734127753.62,9807668.190000001,3066.17,3961.34,2224.33,2867.17,4628.92,2946.13,176.31,321.11,,,,,,,基础化工,化学制品,其他化学制品,20.12,19.91,19.97
sh603133,碳元科技,2019-11-26,20.0,20.32,19.89,20.0,19.98,3059224.0,61497360.0,2239617900.0,4209500000.0,-7730203.170000002,58712151.11,936175725.2700001,1670303478.89,734127753.62,9807668.190000001,2195.13,1969.29,1507.78,1180.03,2219.52,2874.24,101.13,0.0,,,,,,,基础化工,化学制品,其他化学制品,20.15,20.18,20.19
sh603133,碳元科技,2019-11-27,19.8,20.38,19.65,19.96,20.0,5418231.0,108387846.0,2235138664.2,4201081000.0,-7730203.170000002,58712151.11,936175725.2700001,1670303478.89,734127753.62,9807668.190000001,3708.6,2914.41,1982.2,3942.49,4013.91,3210.77,1134.07,771.11,,,,,,,基础化工,化学制品,其他化学制品,19.9,20.18,20.25
sh603133,碳元科技,2019-11-28,20.0,21.28,19.9,20.73,19.96,7618621.0,157904014.0,2321363953.35,4363146750.0,-7730203.170000002,58712151.11,936175725.2700001,1670303478.89,734127753.62,9807668.190000001,5949.02,5994.86,4357.04,4005.69,5280.42,5283.43,203.92,506.42,,,,,,,基础化工,化学制品,其他化学制品,20.35,20.61,21.11
sh603133,碳元科技,2019-11-29,20.73,20.92,20.1,20.6,20.73,6189000.0,126433127.0,2306806437.0,4335785000.0,-7730203.170000002,58712151.11,936175725.2700001,1670303478.89,734127753.62,9807668.190000001,5037.58,4890.03,3253.58,2432.53,3638.17,4472.17,305.03,439.64,,,,,,,基础化工,化学制品,其他化学制品,20.42,20.53,20.5
sh603133,碳元科技,2019-12-02,20.6,22.28,20.52,21.9,20.6,10863576.0,234386386.0,2452381600.5,4609402500.0,-7730203.170000002,58712151.11,936175725.2700001,1670303478.89,734127753.62,9807668.190000001,7861.22,8530.1,7828.42,5160.38,5725.3,8432.78,2023.69,1315.38,,,,,,,基础化工,化学制品,其他化学制品,20.65,20.76,21.21
sh603133,碳元科技,2019-12-03,21.86,22.47,21.58,22.29,21.9,8073352.0,178291385.0,2496054149.55,4691487750.0,-7730203.170000002,58712151.11,936175725.2700001,1670303478.89,734127753.62,9807668.190000001,6234.95,6258.29,6132.54,4962.61,5004.47,5633.48,457.18,974.75,,,,,,,基础化工,化学制品,其他化学制品,21.61,21.73,21.7
sh603133,碳元科技,2019-12-04,22.24,22.68,21.8,22.58,22.29,6254699.0,139370683.0,2528528609.1,4752525500.0,-7730203.170000002,58712151.11,936175725.2700001,1670303478.89,734127753.62,9807668.190000001,4520.23,5042.03,5029.82,3273.11,2877.73,4250.63,1509.29,1371.29,,,,,,,基础化工,化学制品,其他化学制品,21.87,22.04,21.9
sh603133,碳元科技,2019-12-05,22.53,22.75,22.11,22.34,22.58,5028100.0,112780739.0,2501653194.3,4702011500.0,-7730203.170000002,58712151.11,936175725.2700001,1670303478.89,734127753.62,9807668.190000001,4105.82,4277.06,4026.13,2848.65,2921.79,3574.66,224.33,577.71,,,,,,,基础化工,化学制品,其他化学制品,22.32,22.22,22.24
sh603133,碳元科技,2019-12-06,22.23,23.08,22.13,22.5,22.34,7176786.0,162457242.0,2519570137.5,4735687500.0,-7730203.170000002,58712151.11,936175725.2700001,1670303478.89,734127753.62,9807668.190000001,5222.59,5693.53,5840.16,5177.36,3575.44,4334.12,1607.54,1040.71,,,,,,,基础化工,化学制品,其他化学制品,22.24,22.18,22.61
sh603133,碳元科技,2019-12-09,22.89,23.14,22.33,22.98,22.5,4988800.0,113125755.0,2573320967.1,4836715500.0,-7730203.170000002,58712151.11,936175725.2700001,1670303478.89,734127753.62,9807668.190000001,3429.22,5013.39,4083.42,2991.55,3415.64,3194.14,384.29,113.5,,,,,,,基础化工,化学制品,其他化学制品,22.72,22.92,22.67
sh603133,碳元科技,2019-12-10,22.61,22.99,22.21,22.72,22.98,4414225.0,99891650.0,2544205934.4,4781992000.0,-7730203.170000002,58712151.11,936175725.2700001,1670303478.89,734127753.62,9807668.190000001,3170.96,3276.2,2610.61,2553.13,3192.3,3286.38,1015.29,873.46,,,,,,,基础化工,化学制品,其他化学制品,22.59,22.44,22.32
sh603133,碳元科技,2019-12-11,22.78,23.88,22.3,23.12,22.72,5913761.0,136060970.0,2588998292.4,4866182000.0,-7730203.170000002,58712151.11,936175725.2700001,1670303478.89,734127753.62,9807668.190000001,4372.78,3832.19,3828.47,4382.11,3312.82,3602.7,2092.02,1789.1,,,,,,,基础化工,化学制品,其他化学制品,23.53,23.03,22.89
sh603133,碳元科技,2019-12-12,22.6,23.5,22.6,22.84,23.12,4236561.0,97755343.0,2557643641.8,4807249000.0,-7730203.170000002,58712151.11,936175725.2700001,1670303478.89,734127753.62,9807668.190000001,3667.87,3076.61,2709.59,3345.42,3105.06,2558.92,293.01,794.59,,,,,,,基础化工,化学制品,其他化学制品,23.01,22.82,23.06
sh603133,碳元科技,2019-12-13,22.92,23.2,22.51,23.0,22.84,5155100.0,117607639.0,2575560585.0,4840925000.0,-7730203.170000002,58712151.11,936175725.2700001,1670303478.89,734127753.62,9807668.190000001,3261.48,3357.17,4950.01,4453.93,3319.86,3085.22,229.41,864.45,,,,,,,基础化工,化学制品,其他化学制品,23.05,22.82,22.7
sh603133,碳元科技,2019-12-16,22.9,25.3,22.65,25.3,23.0,9395823.0,228093510.0,2833116643.5,5325017500.0,-7730203.170000002,58712151.11,936175725.2700001,1670303478.89,734127753.62,9807668.190000001,5970.28,8509.6,7458.94,6110.47,4357.55,6407.46,5022.59,1781.81,,,,,,,基础化工,化学制品,其他化学制品,23.16,22.71,22.92
sh603133,碳元科技,2019-12-17,25.31,26.5,24.6,24.72,25.3,9869683.0,250721343.0,2768167724.4,5202942000.0,-7730203.170000002,58712151.11,936175725.2700001,1670303478.89,734127753.62,9807668.190000001,8645.3,7312.9,5618.26,8140.91,10173.35,5845.23,635.22,3773.09,,,,,,,基础化工,化学制品,其他化学制品,26.0,25.92,25.63
sh603133,碳元科技,2019-12-18,25.03,25.44,24.47,25.21,24.72,7231800.0,180934189.0,2823038362.95,5306074750.0,-7730203.170000002,58712151.11,936175725.2700001,1670303478.89,734127753.62,9807668.190000001,6929.07,6390.8,4518.52,4027.17,5593.75,7108.87,1052.08,566.58,,,,,,,基础化工,化学制品,其他化学制品,24.71,25.0,24.86
sh603133,碳元科技,2019-12-19,25.0,25.18,24.02,24.15,25.21,6582400.0,161379287.0,2704338614.25,5082971250.0,-7730203.170000002,58712151.11,936175725.2700001,1670303478.89,734127753.62,9807668.190000001,5843.94,4934.55,3866.46,5819.93,6135.75,4197.31,291.78,1186.14,,,,,,,基础化工,化学制品,其他化学制品,24.9,24.58,24.75
sh603133,碳元科技,2019-12-20,24.09,24.34,23.05,23.17,24.15,7854100.0,185477630.0,2594597337.15,4876705750.0,-7730203.170000002,58712151.11,936175725.2700001,1670303478.89,734127753.62,9807668.190000001,6147.04,4766.78,4030.23,6254.53,6985.7,3176.9,1384.79,4349.55,,,,,,,基础化工,化学制品,其他化学制品,24.07,24.09,24.06
sh603133,碳元科技,2019-12-23,22.88,23.63,22.65,23.0,23.17,5701600.0,131192123.0,2575560585.0,4840925000.0,-7730203.170000002,58712151.11,936175725.2700001,1670303478.89,734127753.62,9807668.190000001,4326.23,4118.38,3777.4,3078.64,3794.33,5146.22,1221.26,775.98,,,,,,,基础化工,化学制品,其他化学制品,22.87,23.55,23.25
sh603133,碳元科技,2019-12-24,23.65,24.2,22.95,23.41,23.0,6762325.0,159229017.0,2621472751.95,4927219750.0,-7730203.170000002,58712151.11,936175725.2700001,1670303478.89,734127753.62,9807668.190000001,6145.72,4942.51,4924.09,4269.62,4616.35,6032.39,236.75,678.38,,,,,,,基础化工,化学制品,其他化学制品,24.0,23.79,23.52
sh603133,碳元科技,2019-12-25,22.99,23.89,22.7,23.57,23.41,7330140.0,170852014.0,2639389695.15,4960895750.0,-7730203.170000002,58712151.11,936175725.2700001,1670303478.89,734127753.62,9807668.190000001,5761.4,6304.89,4392.91,5199.12,5591.86,5088.51,1339.03,492.68,,,,,,,基础化工,化学制品,其他化学制品,23.05,22.84,23.17
sh603133,碳元科技,2019-12-26,23.41,25.0,23.22,24.78,23.57,8252044.0,199973963.0,2774886578.1,5215570500.0,-7730203.170000002,58712151.11,936175725.2700001,1670303478.89,734127753.62,9807668.190000001,7337.0,8001.53,5700.99,4956.33,5652.39,5991.47,1307.02,1048.07,,,,,,,基础化工,化学制品,其他化学制品,23.63,23.49,23.34
sh603133,碳元科技,2019-12-27,24.85,24.93,23.72,23.82,24.78,6953199.0,168433338.0,2667384918.9,5013514500.0,-7730203.170000002,58712151.11,936175725.2700001,1670303478.89,734127753.62,9807668.190000001,6119.71,5215.22,3764.52,4868.08,4651.66,4560.01,2307.45,2200.02,,,,,,,基础化工,化学制品,其他化学制品,24.6,24.43,24.49
sh603133,碳元科技,2019-12-30,23.6,24.3,23.16,23.86,23.82,5845744.0,139234615.0,2695199234.7,5021933500.0,-7730203.170000002,58712151.11,936175725.2700001,1670303478.89,734127753.62,9807668.190000001,5742.19,4670.3,3914.8,4016.7,3289.62,3671.65,976.87,1564.82,,,,,,,基础化工,化学制品,其他化学制品,23.29,23.35,23.22
sh603133,碳元科技,2019-12-31,23.85,25.25,23.85,24.93,23.86,9868810.0,245128883.0,2816065252.35,5247141750.0,-7730203.170000002,58712151.11,936175725.2700001,1670303478.89,734127753.62,9807668.190000001,6802.86,8780.88,8798.06,6761.36,6684.48,6266.98,2227.48,2703.67,,,,,,,基础化工,化学制品,其他化学制品,24.18,24.24,24.56
sh603133,碳元科技,2020-01-02,24.94,25.33,24.6,25.15,24.93,4723500.0,118229455.0,2840916209.25,5293446250.0,-7730203.170000002,58712151.11,936175725.2700001,1670303478.89,734127753.62,9807668.190000001,4948.99,4241.56,3341.42,2994.25,3422.71,4462.57,109.83,124.56,,,,,,,基础化工,化学制品,其他化学制品,24.8,24.71,25.02
sh603133,碳元科技,2020-01-03,25.13,27.67,24.11,27.67,25.15,11408189.0,302177691.0,3125572624.65,5823843250.0,-7730203.170000002,58712151.11,936175725.2700001,1670303478.89,734127753.62,9807668.190000001,10023.97,10842.56,10139.99,9484.23,5625.99,8020.49,4427.81,1870.49,,,,,,,基础化工,化学制品,其他化学制品,24.92,25.06,26.0
sh603133,碳元科技,2020-01-06,27.52,27.76,26.46,27.2,27.67,9920018.0,269621926.0,3072481944.0,5724920000.0,-7730203.170000002,58712151.11,936175725.2700001,1670303478.89,734127753.62,9807668.190000001,7927.56,7557.94,9455.76,9447.81,5909.02,5480.96,3669.86,4475.48,,,,,,,基础化工,化学制品,其他化学制品,26.96,27.02,27.09
sh603133,碳元科技,2020-01-07,26.8,26.99,25.5,25.92,27.2,15909378.0,416863732.0,2927894558.4,5472100800.0,-7730203.170000002,58712151.11,936175725.2700001,1670303478.89,734127753.62,9807668.190000001,9412.94,8475.27,12912.63,13759.87,9907.57,6748.93,9453.22,12702.3,,,,,,,基础化工,化学制品,其他化学制品,26.68,26.49,26.33
sh603133,碳元科技,2020-01-08,26.0,26.0,24.6,24.6,25.92,8924000.0,224394406.0,2778788817.0,5193429000.0,-7730203.170000002,58712151.11,936175725.2700001,1670303478.89,734127753.62,9807668.190000001,6913.07,5292.25,7184.8,8647.98,7239.51,3495.94,1102.06,5003.26,,,,,,,基础化工,化学制品,其他化学制品,25.69,25.37,25.26
sh603133,碳元科技,2020-01-09,24.95,25.87,24.7,25.14,24.6,9636800.0,243432847.0,2839786620.3,5307431100.0,-7730203.170000002,58712151.11,936175725.2700001,1670303478.89,734127753.62,9807668.190000001,10085.65,7642.37,6428.77,7007.48,6092.53,6085.65,1736.34,3607.78,,,,,,,基础化工,化学制品,其他化学制品,24.83,25.19,25.06
sh603133,碳元科技,2020-01-10,25.25,26.55,25.25,25.73,25.14,8075200.0,209185405.0,2906432368.35,5431988950.0,-7730203.170000002,58712151.11,936175725.2700001,1670303478.89,734127753.62,9807668.190000001,6980.63,6736.77,6503.71,7070.58,5712.83,5349.67,1721.37,1761.51,,,,,,,基础化工,化学制品,其他化学制品,25.86,25.94,25.93
sh603133,碳元科技,2020-01-13,25.58,25.64,24.8,25.6,25.73,9519278.0,240668553.0,2891747712.0,5404544000.0,-7730203.170000002,58712151.11,936175725.2700001,1670303478.89,734127753.62,9807668.190000001,8595.75,7299.73,7131.07,9209.87,6966.54,3866.59,1373.49,3690.67,,,,,,,基础化工,化学制品,其他化学制品,25.35,25.45,25.49
sh603133,碳元科技,2020-01-14,25.65,25.67,24.92,25.36,25.6,6477300.0,163039869.0,2864637577.2,5353876400.0,-7730203.170000002,58712151.11,936175725.2700001,1670303478.89,734127753.62,9807668.190000001,5741.02,5046.53,4385.06,6273.22,5919.02,3019.67,258.89,1964.56,,,,,,,基础化工,化学制品,其他化学制品,25.36,25.35,25.2
sh603133,碳元科技,2020-01-15,25.13,25.35,23.61,24.89,25.36,13123600.0,320452765.0,2811546896.55,5254652350.0,-7730203.170000002,58712151.11,936175725.2700001,1670303478.89,734127753.62,9807668.190000001,10072.04,9647.5,9544.49,12200.54,10627.45,6035.88,1801.29,4161.36,,,,,,,基础化工,化学制品,其他化学制品,25.18,24.95,24.96
sh603133,碳元科技,2020-01-16,24.8,24.8,23.81,24.0,24.89,8940900.0,216111732.0,2711013480.0,5066760000.0,-7730203.170000002,58712151.11,936175725.2700001,1670303478.89,734127753.62,9807668.190000001,7726.47,9450.49,5381.7,6714.16,6820.56,3809.15,1682.44,1637.37,,,,,,,基础化工,化学制品,其他化学制品,24.3,24.45,24.61
sh603133,碳元科技,2020-01-17,24.03,24.66,24.0,24.23,24.0,4581000.0,111241799.0,2736994025.85,5115316450.0,-7730203.170000002,58712151.11,936175725.2700001,1670303478.89,734127753.62,9807668.190000001,4607.96,4094.56,2860.29,2572.12,2926.11,4215.4,729.83,242.1,,,,,,,基础化工,化学制品,其他化学制品,24.38,24.52,24.4
sh603133,碳元科技,2020-01-20,23.4,25.59,23.4,25.17,24.23,11282854.0,282145586.0,2843175387.15,5313764550.0,-7730203.170000002,58712151.11,936175725.2700001,1670303478.89,734127753.62,9807668.190000001,8836.8,10759.41,8614.23,8133.79,6459.04,7004.03,4304.48,2317.31,,,,,,,基础化工,化学制品,其他化学制品,24.91,24.92,25.12
sh603133,碳元科技,2020-01-21,24.84,25.53,24.17,24.3,25.17,8070550.0,199617394.0,2744901148.5,5129365500.0,-7730203.170000002,58712151.11,936175725.2700001,1670303478.89,734127753.62,9807668.190000001,7055.29,5328.13,5881.96,7412.73,6002.05,5074.18,1022.44,2146.7,,,,,,,基础化工,化学制品,其他化学制品,25.52,25.08,24.89
sh603133,碳元科技,2020-01-22,24.11,24.35,21.87,24.0,24.3,6159650.0,147509199.0,2711013480.0,5066040000.0,-7730203.170000002,58712151.11,936175725.2700001,1670303478.89,734127753.62,9807668.190000001,4656.98,3839.0,4593.48,6072.99,4358.29,3325.92,1142.16,1513.01,,,,,,,基础化工,化学制品,其他化学制品,23.81,23.9,23.96
sh603133,碳元科技,2020-01-23,23.81,24.3,23.0,23.05,24.0,6024240.0,141679181.0,2603702529.75,4865509250.0,-7730203.170000002,58712151.11,936175725.2700001,1670303478.89,734127753.62,9807668.190000001,5121.97,4656.62,3447.08,4153.75,4996.94,4169.76,601.93,1187.79,,,,,,,基础化工,化学制品,其他化学制品,24.19,24.18,24.01
sh603133,碳元科技,2020-02-03,20.75,20.75,20.75,20.75,23.05,315700.0,6550775.0,2343897071.25,4380013750.0,-7730203.170000002,58712151.11,936175725.2700001,1670303478.89,734127753.62,9807668.190000001,172.43,14.53,90.89,58.52,184.26,2.08,207.5,579.96,,,,,,,基础化工,化学制品,其他化学制品,20.75,20.75,20.75
sh603133,碳元科技,2020-02-04,19.0,21.58,19.0,21.06,20.75,9327441.0,192027456.0,2378914328.7,4445450100.0,-7730203.170000002,58712151.11,936175725.2700001,1670303478.89,734127753.62,9807668.190000001,6520.55,7490.63,5507.11,5180.05,5267.15,4088.15,1907.92,2443.92,,,,,,,基础化工,化学制品,其他化学制品,19.54,20.06,20.25
sh603133,碳元科技,2020-02-05,20.99,21.76,20.36,20.67,21.06,8571240.0,179829265.0,2334860359.65,4363126950.0,-7730203.170000002,58712151.11,936175725.2700001,1670303478.89,734127753.62,9807668.190000001,6132.44,5516.09,4874.77,5593.43,5766.26,4156.46,1209.46,2716.95,,,,,,,基础化工,化学制品,其他化学制品,21.05,21.13,21.16
sh603133,碳元科技,2020-02-06,20.39,21.44,20.15,20.69,20.67,7587873.0,155978811.0,2337119537.55,4367348650.0,-7730203.170000002,58712151.11,936175725.2700001,1670303478.89,734127753.62,9807668.190000001,5667.84,4148.53,3399.03,5590.89,3986.51,3855.94,2009.98,1468.01,,,,,,,基础化工,化学制品,其他化学制品,20.56,20.54,20.28
sh603133,碳元科技,2020-02-07,20.71,22.35,20.3,21.57,20.69,8284125.0,177806114.0,2436523365.15,4553103450.0,-7730203.170000002,58712151.11,936175725.2700001,1670303478.89,734127753.62,9807668.190000001,5506.22,7485.43,5028.16,4469.05,4920.79,5411.51,2325.44,414.63,,,,,,,基础化工,化学制品,其他化学制品,20.54,20.98,21.15
sh603133,碳元科技,2020-02-10,21.21,21.66,21.03,21.45,21.57,5265125.0,112145734.0,2422968297.75,4527773250.0,-7730203.170000002,58712151.11,936175725.2700001,1670303478.89,734127753.62,9807668.190000001,4007.01,2886.36,2456.16,2219.17,3614.68,3388.47,1136.72,2720.57,,,,,,,基础化工,化学制品,其他化学制品,21.32,21.43,21.49
sh603133,碳元科技,2020-02-11,21.4,22.01,21.15,21.52,21.45,5058327.0,108954797.0,2430875420.4,4542549200.0,-7730203.170000002,58712151.11,936175725.2700001,1670303478.89,734127753.62,9807668.190000001,4218.27,4025.88,2148.5,2197.96,3450.07,3714.77,1078.65,956.88,,,,,,,基础化工,化学制品,其他化学制品,21.5,21.32,21.32
sh603133,碳元科技,2020-02-12,21.32,22.23,21.17,22.07,21.52,5911074.0,127528002.0,2493002812.65,4658645950.0,-7730203.170000002,58712151.11,936175725.2700001,1670303478.89,734127753.62,9807668.190000001,5067.77,4212.68,3114.3,2570.76,4352.66,5684.65,218.06,284.71,,,,,,,基础化工,化学制品,其他化学制品,21.47,21.58,21.53
sh603133,碳元科技,2020-02-13,22.1,23.71,21.56,23.36,22.07,9464314.0,212079313.0,2638719787.2,4930945600.0,-7730203.170000002,58712151.11,936175725.2700001,1670303478.89,734127753.62,9807668.190000001,7692.97,8526.95,6413.33,4450.42,5277.12,6955.73,1824.51,1274.82,,,,,,,基础化工,化学制品,其他化学制品,21.98,21.99,21.89
sh603133,碳元科技,2020-02-14,23.75,24.94,23.73,24.0,23.36,12089199.0,291223384.0,2711013480.0,5066040000.0,-7730203.170000002,58712151.11,936175725.2700001,1670303478.89,734127753.62,9807668.190000001,6852.76,8019.7,7861.89,5699.36,5225.09,7055.78,2488.08,1652.98,,,,,,,基础化工,化学制品,其他化学制品,24.0,24.05,23.8
sh603133,碳元科技,2020-02-17,23.8,24.5,23.37,24.22,24.0,10744205.0,257003446.0,2735864436.9,5112478700.0,-7730203.170000002,58712151.11,936175725.2700001,1670303478.89,734127753.62,9807668.190000001,8984.76,8540.43,8045.55,8778.22,6768.18,5980.7,1901.86,2400.99,,,,,,,基础化工,化学制品,其他化学制品,23.88,23.87,23.72
sh603133,碳元科技,2020-02-18,24.22,25.25,23.8,24.93,24.22,9936475.0,245373324.0,2816065252.35,5262349050.0,-7730203.170000002,58712151.11,936175725.2700001,1670303478.89,734127753.62,9807668.190000001,8934.29,10618.91,8251.77,7102.06,5599.95,6418.37,1751.32,397.99,,,,,,,基础化工,化学制品,其他化学制品,24.09,24.4,24.38
sh603133,碳元科技,2020-02-19,24.5,25.66,24.2,24.45,24.93,10994800.0,271894534.0,2761844982.75,5161028250.0,-7730203.170000002,58712151.11,936175725.2700001,1670303478.89,734127753.62,9807668.190000001,10778.73,10596.73,7541.36,10088.25,7463.87,5309.76,1405.5,1194.71,,,,,,,基础化工,化学制品,其他化学制品,24.8,24.42,24.46
sh603133,碳元科技,2020-02-20,24.0,24.83,23.68,24.45,24.45,7499546.0,182023675.0,2761844982.75,5161028250.0,-7730203.170000002,58712151.11,936175725.2700001,1670303478.89,734127753.62,9807668.190000001,5935.02,6877.09,6360.29,5477.8,5157.37,5465.94,749.68,381.54,,,,,,,基础化工,化学制品,其他化学制品,24.18,24.4,24.05
sh603133,碳元科技,2020-02-21,24.62,25.24,24.39,24.9,24.45,8493040.0,211009368.0,2812676485.5,5256016500.0,-7730203.170000002,58712151.11,936175725.2700001,1670303478.89,734127753.62,9807668.190000001,7271.46,8346.97,5687.03,6670.76,6620.83,5217.33,1521.62,865.88,,,,,,,基础化工,化学制品,其他化学制品,24.83,24.84,24.83
sh603133,碳元科技,2020-02-24,24.91,27.39,24.62,27.39,24.9,16652296.0,437395790.0,3093944134.05,5781618150.0,-7730203.170000002,58712151.11,936175725.2700001,1670303478.89,734127753.62,9807668.190000001,10698.01,14987.33,16558.47,13313.26,5879.63,9722.49,10603.45,5716.48,,,,,,,基础化工,化学制品,其他化学制品,24.84,24.9,25.35
sh603133,碳元科技,2020-02-25,26.8,30.13,26.61,30.13,27.39,21891578.0,628184382.0,3403451506.35,6359991050.0,-7730203.170000002,58712151.11,936175725.2700001,1670303478.89,734127753.62,9807668.190000001,17046.19,19967.85,21771.26,21960.72,10209.26,11922.22,13791.71,8967.65,,,,,,,基础化工,化学制品,其他化学制品,28.1,28.12,28.45
sh603133,碳元科技,2020-02-26,30.0,30.0,27.12,27.32,30.13,18520761.0,522954200.0,3086037011.4,5766842200.0,-7730203.170000002,58712151.11,936175725.2700001,1670303478.89,734127753.62,9807668.190000001,9559.28,8496.99,9259.58,10397.28,7788.04,5599.74,5643.64,7756.54,,,,,,,基础化工,化学制品,其他化学制品,29.0,29.07,29.38
sh603133,碳元科技,2020-02-27,26.73,27.27,25.2,25.99,27.32,12607291.0,329743366.0,2935801681.05,5486099150.0,-7730203.170000002,58712151.11,936175725.2700001,1670303478.89,734127753.62,9807668.190000001,10134.54,13592.31,9454.16,9634.61,10510.9,6723.31,2874.74,3024.11,,,,,,,基础化工,化学制品,其他化学制品,26.75,26.45,26.28
sh603133,碳元科技,2020-02-28,24.0,25.0,23.4,23.58,25.99,9337361.0,225396355.0,2663570744.1,4977384300.0,-7730203.170000002,58712151.11,936175725.2700001,1670303478.89,734127753.62,9807668.190000001,7100.87,7088.82,5979.46,7091.83,7118.35,5244.29,2340.96,3114.7,,,,,,,基础化工,化学制品,其他化学制品,24.7,24.63,24.38
sh603133,碳元科技,2020-03-02,23.9,25.83,23.9,24.76,23.58,8141080.0,200365578.0,2796862240.2,5226464600.0,-7730203.170000002,58712151.11,936175725.2700001,1670303478.89,734127753.62,9807668.190000001,6879.54,6049.57,5406.78,6891.24,5290.96,6037.61,2459.28,1058.14,,,,,,,基础化工,化学制品,其他化学制品,24.18,24.0,24.15
sh603133,碳元科技,2020-03-03,25.4,26.34,24.4,24.77,24.76,9661440.0,244109939.0,2797991829.15,5228575450.0,-7730203.170000002,58712151.11,936175725.2700001,1670303478.89,734127753.62,9807668.190000001,7373.39,7638.7,6200.6,7517.1,7678.24,4758.27,3158.76,4496.92,,,,,,,基础化工,化学制品,其他化学制品,25.42,25.14,25.43
sh603133,碳元科技,2020-03-04,24.71,24.96,23.63,24.17,24.77,6148800.0,149315556.0,2730216492.15,5101924450.0,-7730203.170000002,58712151.11,936175725.2700001,1670303478.89,734127753.62,9807668.190000001,5161.57,5094.37,3693.83,5171.51,5597.81,3434.21,478.35,1231.47,,,,,,,基础化工,化学制品,其他化学制品,24.4,24.79,24.85
sh603133,碳元科技,2020-03-05,24.7,24.83,23.66,23.89,24.17,7886650.0,189228573.0,2698588001.55,5042820650.0,-7730203.170000002,58712151.11,936175725.2700001,1670303478.89,734127753.62,9807668.190000001,6897.59,5572.91,5679.7,6728.71,5853.89,5478.01,491.68,1143.22,,,,,,,基础化工,化学制品,其他化学制品,24.53,24.42,24.2
sh603133,碳元科技,2020-03-06,23.5,23.85,22.85,23.32,23.89,8076550.0,188648411.0,2634201431.4,4922502200.0,-7730203.170000002,58712151.11,936175725.2700001,1670303478.89,734127753.62,9807668.190000001,7179.47,4861.41,3529.15,6119.53,7435.36,3721.34,720.86,4162.56,,,,,,,基础化工,化学制品,其他化学制品,23.28,23.55,23.79
sh603133,碳元科技,2020-03-09,23.0,23.2,21.0,21.23,23.32,9922279.0,217148418.0,2398117340.85,4481334550.0,-7730203.170000002,58712151.11,936175725.2700001,1670303478.89,734127753.62,9807668.190000001,6950.92,6175.04,5789.82,7057.03,7534.64,5279.45,1439.46,3203.33,,,,,,,基础化工,化学制品,其他化学制品,22.71,22.0,22.2
sh603133,碳元科技,2020-03-10,20.6,22.18,20.6,22.14,21.23,7857232.0,168101120.0,2500909935.3,4673421900.0,-7730203.170000002,58712151.11,936175725.2700001,1670303478.89,734127753.62,9807668.190000001,5581.55,6433.19,5036.72,3901.36,4835.94,6204.41,1355.9,271.15,,,,,,,基础化工,化学制品,其他化学制品,21.39,21.16,21.46
sh603133,碳元科技,2020-03-11,22.2,22.45,21.7,21.72,22.14,5096574.0,112561590.0,2453467199.4,4584766200.0,-7730203.170000002,58712151.11,936175725.2700001,1670303478.89,734127753.62,9807668.190000001,3827.51,4047.06,2722.91,2877.83,3716.61,3390.79,608.4,559.75,,,,,,,基础化工,化学制品,其他化学制品,22.18,22.09,22.34
sh603133,碳元科技,2020-03-12,21.21,21.72,20.94,21.2,21.72,3928400.0,83426213.0,2394728574.0,4475002000.0,-7730203.170000002,58712151.11,936175725.2700001,1670303478.89,734127753.62,9807668.190000001,2945.79,3099.9,1631.01,2415.46,3554.62,2707.95,211.19,119.32,,,,,,,基础化工,化学制品,其他化学制品,21.07,21.25,21.28
sh603133,碳元科技,2020-03-13,20.12,21.2,19.87,20.69,21.2,7377497.0,149737496.0,2337119537.55,4367348650.0,-7730203.170000002,58712151.11,936175725.2700001,1670303478.89,734127753.62,9807668.190000001,5178.08,4753.26,4233.57,4765.96,4356.19,4113.99,1205.9,1340.54,,,,,,,基础化工,化学制品,其他化学制品,20.08,20.17,20.1
sh603133,碳元科技,2020-03-16,21.1,21.14,19.19,19.31,20.69,5551900.0,112216012.0,2181236262.45,4076051350.0,-7730203.170000002,58712151.11,936175725.2700001,1670303478.89,734127753.62,9807668.190000001,3877.13,3732.27,2154.41,3634.0,4864.06,3046.71,326.0,808.63,,,,,,,基础化工,化学制品,其他化学制品,21.03,20.75,20.82
sh603133,碳元科技,2020-03-17,19.82,19.82,18.42,19.21,19.31,5762419.0,110124615.0,2169940372.95,4054942850.0,-7730203.170000002,58712151.11,936175725.2700001,1670303478.89,734127753.62,9807668.190000001,4200.65,3759.8,1773.05,3057.58,4216.1,3542.27,822.67,652.8,,,,,,,基础化工,化学制品,其他化学制品,19.3,19.08,19.05
sh603133,碳元科技,2020-03-18,19.57,20.21,19.2,19.36,19.21,5812900.0,114336951.0,2186884207.2,4086605600.0,-7730203.170000002,58712151.11,936175725.2700001,1670303478.89,734127753.62,9807668.190000001,3785.26,4039.23,3222.74,2617.11,3834.73,4577.35,590.97,200.01,,,,,,,基础化工,化学制品,其他化学制品,19.46,19.59,19.78
sh603133,碳元科技,2020-03-19,19.2,19.64,18.86,19.46,19.36,4571700.0,87947897.0,2198180096.7,4107714100.0,-7730203.170000002,58712151.11,936175725.2700001,1670303478.89,734127753.62,9807668.190000001,3047.32,2881.17,2441.82,2251.78,3305.64,3147.47,0.0,514.36,,,,,,,基础化工,化学制品,其他化学制品,19.42,19.21,19.28
sh603133,碳元科技,2020-03-20,19.6,19.89,19.14,19.71,19.46,4633375.0,90854596.0,4118956380.0,4160485350.0,-7730203.170000002,58712151.11,936175725.2700001,1670303478.89,734127753.62,9807668.190000001,2890.87,2888.23,2208.06,2755.37,3628.76,3441.86,357.78,0.0,,,,,,,基础化工,化学制品,其他化学制品,19.61,19.71,19.82
sh603133,碳元科技,2020-03-23,19.21,19.29,18.1,18.46,19.71,4496619.0,84377081.0,3857733880.0,3896629100.0,-7730203.170000002,58712151.11,936175725.2700001,1670303478.89,734127753.62,9807668.190000001,2652.47,2609.21,1235.16,2515.24,4437.76,2505.51,112.32,807.74,,,,,,,基础化工,化学制品,其他化学制品,19.2,19.19,19.12
sh603133,碳元科技,2020-03-24,18.9,18.95,17.67,18.35,18.46,4559500.0,83382049.0,3834746300.0,3873409750.0,-7730203.170000002,58712151.11,936175725.2700001,1670303478.89,734127753.62,9807668.190000001,3247.35,3897.24,1173.91,1243.84,3754.46,2926.89,162.48,270.23,,,,,,,基础化工,化学制品,其他化学制品,18.72,18.71,18.8
sh603133,碳元科技,2020-03-25,18.85,19.48,18.65,19.2,18.35,4937319.0,93653240.0,4012377600.0,4052832000.0,-7730203.170000002,58712151.11,936175725.2700001,1670303478.89,734127753.62,9807668.190000001,3136.32,3601.44,2037.27,1225.65,3586.81,4399.11,465.79,0.0,,,,,,,基础化工,化学制品,其他化学制品,18.74,18.96,18.86
sh603133,碳元科技,2020-03-26,19.23,19.23,18.7,18.77,19.2,3639519.0,68857398.0,3922517060.0,3962065450.0,-7730203.170000002,58712151.11,936175725.2700001,1670303478.89,734127753.62,9807668.190000001,2359.14,2082.93,1960.24,1565.9,2493.01,3123.21,73.34,113.7,,,,,,,基础化工,化学制品,其他化学制品,19.16,18.94,19.0
sh603133,碳元科技,2020-03-27,18.95,19.1,18.43,18.47,18.77,2599800.0,48733533.0,3859823660.0,3898739950.0,-7730203.170000002,58712151.11,936175725.2700001,1670303478.89,734127753.62,9807668.190000001,1854.48,1495.88,671.6,750.13,2347.27,2627.34,0.0,0.0,,,,,,,基础化工,化学制品,其他化学制品,19.04,18.93,18.91
sh603133,碳元科技,2020-03-30,18.02,18.02,17.15,17.74,18.47,3753500.0,66389346.0,3707269720.0,3744647900.0,-7730203.170000002,58712151.11,936175725.2700001,1670303478.89,734127753.62,9807668.190000001,2109.43,2657.36,1083.24,1546.22,3341.35,2435.36,104.92,0.0,,,,,,,基础化工,化学制品,其他化学制品,17.66,17.46,17.29
sh603133,碳元科技,2020-03-31,18.03,18.2,17.38,17.47,17.74,2880900.0,51189365.0,3650845660.0,3687654950.0,-7730203.170000002,58712151.11,936175725.2700001,1670303478.89,734127753.62,9807668.190000001,1863.73,1665.7,611.28,1268.31,2643.93,2184.93,0.0,0.0,,,,,,,基础化工,化学制品,其他化学制品,18.07,18.14,18.04
sh603133,碳元科技,2020-04-01,17.64,17.9,17.27,17.32,17.47,3429100.0,60108621.0,3619498960.0,3655992200.0,-7730203.170000002,58712151.11,936175725.2700001,1670303478.89,734127753.62,9807668.190000001,2827.85,2394.18,483.85,836.4,2699.16,2780.28,0.0,0.0,,,,,,,基础化工,化学制品,其他化学制品,17.36,17.51,17.45
sh603133,碳元科技,2020-04-02,17.2,17.89,17.11,17.87,17.32,5594600.0,98406766.0,3734436860.0,3772088950.0,-7730203.170000002,58712151.11,936175725.2700001,1670303478.89,734127753.62,9807668.190000001,3808.09,3921.82,2322.85,2024.6,3396.11,3351.88,313.62,542.37,,,,,,,基础化工,化学制品,其他化学制品,17.38,17.23,17.28
sh603133,碳元科技,2020-04-03,17.74,17.92,17.16,17.33,17.87,6244200.0,108732038.0,3621588740.0,3658103050.0,-7730203.170000002,58712151.11,936175725.2700001,1670303478.89,734127753.62,9807668.190000001,3818.48,5252.38,1793.51,2521.48,4812.01,2665.06,449.21,434.28,,,,,,,基础化工,化学制品,其他化学制品,17.86,17.73,17.76
sh603133,碳元科技,2020-04-07,17.69,18.22,17.57,18.06,17.33,5266400.0,94631839.0,3774142680.0,3812195100.0,-7730203.170000002,58712151.11,936175725.2700001,1670303478.89,734127753.62,9807668.190000001,3900.09,3987.71,1417.2,1523.28,4017.74,3798.83,128.15,153.36,,,,,,,基础化工,化学制品,其他化学制品,17.59,17.84,17.97
sh603133,碳元科技,2020-04-08,18.07,18.63,17.92,18.32,18.06,4954723.0,90984734.0,3828476960.0,3867077200.0,-7730203.170000002,58712151.11,936175725.2700001,1670303478.89,734127753.62,9807668.190000001,3332.47,3773.61,1878.11,1081.14,3555.98,4243.72,331.92,0.0,,,,,,,基础化工,化学制品,其他化学制品,18.37,18.35,18.29
sh603133,碳元科技,2020-04-09,18.45,18.65,18.32,18.38,18.32,3455700.0,63793626.0,3841015640.0,3879742300.0,-7730203.170000002,58712151.11,936175725.2700001,1670303478.89,734127753.62,9807668.190000001,2545.17,2204.34,1126.46,1607.64,2571.33,2567.38,136.41,0.0,,,,,,,基础化工,化学制品,其他化学制品,18.46,18.5,18.62
sh603133,碳元科技,2020-04-10,18.37,18.47,17.6,17.78,18.38,3459813.0,62004964.0,3715628840.0,3753091300.0,-7730203.170000002,58712151.11,936175725.2700001,1670303478.89,734127753.62,9807668.190000001,2188.45,2711.79,779.83,1333.85,3030.19,2154.85,202.03,0.0,,,,,,,基础化工,化学制品,其他化学制品,18.24,18.08,18.04
sh603133,碳元科技,2020-04-13,17.59,17.65,17.0,17.47,17.78,2352213.0,40958265.0,3650845660.0,3687654950.0,-7730203.170000002,58712151.11,936175725.2700001,1670303478.89,734127753.62,9807668.190000001,1370.48,1444.85,730.43,870.96,1994.92,1455.89,0.0,324.12,,,,,,,基础化工,化学制品,其他化学制品,17.24,17.43,17.54
sh603133,碳元科技,2020-04-14,17.57,17.98,17.55,17.98,17.47,2378700.0,42340454.0,3757424440.0,3795308300.0,-7730203.170000002,58712151.11,936175725.2700001,1670303478.89,734127753.62,9807668.190000001,1634.33,1234.09,606.66,579.77,1823.66,2175.56,169.39,244.63,,,,,,,基础化工,化学制品,其他化学制品,17.67,17.73,17.7
sh603133,碳元科技,2020-04-15,18.01,18.25,17.4,17.68,17.98,4152923.0,74316487.0,3694731040.0,3731982800.0,-7730203.170000002,58712151.11,936175725.2700001,1670303478.89,734127753.62,9807668.190000001,2313.13,1822.75,1312.16,2097.46,2915.96,2213.4,890.4,1298.04,,,,,,,基础化工,化学制品,其他化学制品,18.0,18.11,18.13
sh603133,碳元科技,2020-04-16,17.6,17.69,17.4,17.59,17.68,2020133.0,35434450.0,3675923020.0,3712985150.0,-7730203.170000002,58712151.11,936175725.2700001,1670303478.89,734127753.62,9807668.190000001,1377.42,1344.55,393.34,504.73,1663.01,1469.36,0.0,115.13,,,,,,,基础化工,化学制品,其他化学制品,17.46,17.58,17.56
sh603133,碳元科技,2020-04-17,17.79,18.15,17.66,17.7,17.59,3617000.0,64714899.0,3698910600.0,3736204500.0,-7730203.170000002,58712151.11,936175725.2700001,1670303478.89,734127753.62,9807668.190000001,2429.49,2344.42,943.21,1260.89,2754.39,2243.36,344.39,622.83,,,,,,,基础化工,化学制品,其他化学制品,17.85,17.84,17.95
sh603133,碳元科技,2020-04-20,17.7,17.79,17.43,17.64,17.7,2823300.0,49693118.0,3686371920.0,3723539400.0,-7730203.170000002,58712151.11,936175725.2700001,1670303478.89,734127753.62,9807668.190000001,2011.06,2174.23,419.56,1046.16,2362.9,1608.28,175.8,140.64,,,,,,,基础化工,化学制品,其他化学制品,17.65,17.74,17.69
sh603133,碳元科技,2020-04-21,17.52,17.56,17.15,17.37,17.64,3037900.0,52645442.0,3629947860.0,3666546450.0,-7730203.170000002,58712151.11,936175725.2700001,1670303478.89,734127753.62,9807668.190000001,2291.08,2029.42,462.81,1718.2,2406.85,1516.93,103.8,0.0,,,,,,,基础化工,化学制品,其他化学制品,17.49,17.4,17.36
sh603133,碳元科技,2020-04-22,17.21,17.49,17.15,17.45,17.37,2258200.0,39150681.0,3646666100.0,3683433250.0,-7730203.170000002,58712151.11,936175725.2700001,1670303478.89,734127753.62,9807668.190000001,1337.08,1427.12,331.34,1081.11,2143.33,1406.84,103.32,0.0,,,,,,,基础化工,化学制品,其他化学制品,17.28,17.32,17.41
sh603133,碳元科技,2020-04-23,17.45,17.49,17.08,17.09,17.45,2562900.0,44165973.0,3571434020.0,3607442650.0,-7730203.170000002,58712151.11,936175725.2700001,1670303478.89,734127753.62,9807668.190000001,1113.56,1652.88,622.6,721.67,2388.87,1773.02,291.56,269.03,,,,,,,基础化工,化学制品,其他化学制品,17.4,17.39,17.28
sh603133,碳元科技,2020-04-24,17.09,17.21,16.58,17.05,17.09,3426100.0,57948823.0,3563074900.0,3598999250.0,-7730203.170000002,58712151.11,936175725.2700001,1670303478.89,734127753.62,9807668.190000001,2268.71,2126.02,1157.75,909.39,2368.42,2655.77,0.0,103.7,,,,,,,基础化工,化学制品,其他化学制品,17.12,17.06,17.03
sh603133,碳元科技,2020-04-27,17.05,17.08,16.56,16.71,17.05,3205700.0,53633016.0,3492022380.0,3527230350.0,-7730203.170000002,58712151.11,936175725.2700001,1670303478.89,734127753.62,9807668.190000001,1808.28,1555.08,1373.78,999.33,1947.44,2448.35,233.8,360.55,,,,,,,基础化工,化学制品,其他化学制品,16.86,16.72,16.8
sh603133,碳元科技,2020-04-28,16.79,16.79,15.7,15.94,16.71,3793513.0,61136390.0,3331109320.0,3364694900.0,-7730203.170000002,58712151.11,936175725.2700001,1670303478.89,734127753.62,9807668.190000001,2176.51,1893.97,780.39,1468.07,2720.98,2271.48,435.76,480.12,,,,,,,基础化工,化学制品,其他化学制品,16.64,16.38,16.1
sh603133,碳元科技,2020-04-29,15.84,16.26,15.76,15.89,15.94,3082713.0,49163341.0,3320660420.0,3354140650.0,-46652439.76,2364143.3100000005,898763920.3299999,1706464980.77,807701060.44,-14339711.1,1778.44,2178.68,930.23,1198.55,2081.02,1426.05,126.64,113.05,,,,,,,基础化工,化学制品,其他化学制品,16.15,16.21,16.1
sh603133,碳元科技,2020-04-30,16.02,16.91,16.02,16.73,15.89,4974000.0,82160091.0,3496201940.0,3531452050.0,-46652439.76,2364143.3100000005,898763920.3299999,1706464980.77,807701060.44,-14339711.1,3008.96,2974.89,1916.48,1816.35,2822.67,2632.01,467.9,792.76,,,,,,,基础化工,化学制品,其他化学制品,16.12,16.31,16.33
sh603133,碳元科技,2020-05-06,16.63,17.33,16.62,17.3,16.73,4286200.0,73124956.0,3615319400.0,3651770500.0,-46652439.76,2364143.3100000005,898763920.3299999,1706464980.77,807701060.44,-14339711.1,2619.81,2946.13,1081.74,1123.38,3475.08,3242.99,135.87,0.0,,,,,,,基础化工,化学制品,其他化学制品,17.0,16.88,16.8
sh603133,碳元科技,2020-05-07,17.3,17.84,17.2,17.45,17.3,4754800.0,83186167.0,3646666100.0,3683433250.0,-46652439.76,2364143.3100000005,898763920.3299999,1706464980.77,807701060.44,-14339711.1,3126.75,2862.3,758.88,937.48,3372.91,3307.84,1060.08,1211.0,,,,,,,基础化工,化学制品,其他化学制品,17.6,17.46,17.48
sh603133,碳元科技,2020-05-08,17.52,18.15,17.52,18.0,17.45,5501100.0,98401101.0,3761604000.0,3799530000.0,-46652439.76,2364143.3100000005,898763920.3299999,1706464980.77,807701060.44,-14339711.1,3345.21,4048.39,1455.86,1566.88,4551.79,3918.26,487.26,306.58,,,,,,,基础化工,化学制品,其他化学制品,17.62,17.8,17.81
sh603133,碳元科技,2020-05-11,18.2,18.22,17.81,18.01,18.0,3830000.0,68968242.0,3763693780.0,3801640850.0,-46652439.76,2364143.3100000005,898763920.3299999,1706464980.77,807701060.44,-14339711.1,2174.46,2758.05,922.97,1395.19,3799.39,2743.58,0.0,0.0,,,,,,,基础化工,化学制品,其他化学制品,17.96,18.08,18.04
sh603133,碳元科技,2020-05-12,18.12,18.17,17.56,17.8,18.01,2983713.0,53109196.0,3719808400.0,3757313000.0,-46652439.76,2364143.3100000005,898763920.3299999,1706464980.77,807701060.44,-14339711.1,1613.68,1680.58,589.83,952.35,3107.41,2111.71,0.0,566.27,,,,,,,基础化工,化学制品,其他化学制品,18.05,17.8,17.9
sh603133,碳元科技,2020-05-13,17.8,18.5,17.66,18.18,17.8,5572700.0,100853081.0,3799220040.0,3837525300.0,-46652439.76,2364143.3100000005,898763920.3299999,1706464980.77,807701060.44,-14339711.1,3647.68,4070.7,2547.44,1102.39,3275.3,4391.33,423.69,329.7,,,,,,,基础化工,化学制品,其他化学制品,17.82,17.91,17.86
sh603133,碳元科技,2020-05-14,18.01,18.39,17.9,18.15,18.18,3773733.0,68448762.0,3792950700.0,3831192750.0,-46652439.76,2364143.3100000005,898763920.3299999,1706464980.77,807701060.44,-14339711.1,2453.17,2544.89,859.56,1447.69,3053.4,2631.12,478.75,221.18,,,,,,,基础化工,化学制品,其他化学制品,18.07,18.07,18.09
sh603133,碳元科技,2020-05-15,18.21,18.39,17.92,18.1,18.15,3163000.0,57367535.0,3782501800.0,3820638500.0,-46652439.76,2364143.3100000005,898763920.3299999,1706464980.77,807701060.44,-14339711.1,1846.62,2212.26,754.32,822.63,2809.91,2249.52,0.0,126.45,,,,,,,基础化工,化学制品,其他化学制品,18.14,18.09,18.07
sh603133,碳元科技,2020-05-18,17.98,18.24,17.66,17.71,18.1,3605813.0,64459504.0,3701000380.0,3738315350.0,-46652439.76,2364143.3100000005,898763920.3299999,1706464980.77,807701060.44,-14339711.1,1528.77,2069.75,1038.81,1861.71,3324.76,2093.93,553.62,420.56,,,,,,,基础化工,化学制品,其他化学制品,18.17,17.91,17.69
sh603133,碳元科技,2020-05-19,17.8,17.97,17.75,17.82,17.71,2076400.0,37022450.0,3723987960.0,3761534700.0,-46652439.76,2364143.3100000005,898763920.3299999,1706464980.77,807701060.44,-14339711.1,1222.34,1742.78,338.82,504.63,2141.08,1454.83,0.0,0.0,,,,,,,基础化工,化学制品,其他化学制品,17.8,17.83,17.8
sh603133,碳元科技,2020-05-20,17.88,18.07,17.64,17.84,17.82,2696600.0,48056213.0,3728167520.0,3765756400.0,-46652439.76,2364143.3100000005,898763920.3299999,1706464980.77,807701060.44,-14339711.1,1602.92,1596.59,811.09,975.94,2118.84,1944.13,272.77,288.97,,,,,,,基础化工,化学制品,其他化学制品,17.8,17.73,17.72
sh603133,碳元科技,2020-05-21,17.76,18.43,17.6,17.84,17.84,5039300.0,90557290.0,3728167520.0,3765756400.0,-46652439.76,2364143.3100000005,898763920.3299999,1706464980.77,807701060.44,-14339711.1,3489.37,3055.54,1861.32,2330.57,3705.04,3334.34,0.0,335.28,,,,,,,基础化工,化学制品,其他化学制品,17.88,17.9,18.16
sh603133,碳元科技,2020-05-22,17.6,17.75,16.55,17.31,17.84,2820900.0,49070556.0,3617409180.0,3653881350.0,-46652439.76,2364143.3100000005,898763920.3299999,1706464980.77,807701060.44,-14339711.1,1517.63,1642.71,549.2,832.53,2840.22,2404.61,0.0,27.21,,,,,,,基础化工,化学制品,其他化学制品,17.62,17.56,17.54
sh603133,碳元科技,2020-05-25,17.16,17.34,16.63,16.79,17.31,2176900.0,36664135.0,3508740620.0,3544117150.0,-46652439.76,2364143.3100000005,898763920.3299999,1706464980.77,807701060.44,-14339711.1,1082.24,1235.96,175.57,874.18,2408.61,1556.27,0.0,0.0,,,,,,,基础化工,化学制品,其他化学制品,17.21,16.98,16.98
sh603133,碳元科技,2020-05-26,16.81,18.23,16.81,17.94,16.79,4478256.0,79674471.0,3749065320.0,3786864900.0,-46652439.76,2364143.3100000005,898763920.3299999,1706464980.77,807701060.44,-14339711.1,3074.97,3125.99,1022.62,1212.84,3688.01,3464.12,181.85,164.5,,,,,,,基础化工,化学制品,其他化学制品,17.1,17.27,17.5
sh603133,碳元科技,2020-05-27,17.97,18.77,17.96,18.42,17.94,7119800.0,130673886.0,3849374760.0,3888185700.0,-46652439.76,2364143.3100000005,898763920.3299999,1706464980.77,807701060.44,-14339711.1,4908.9,5612.34,2624.9,2385.1,4904.87,4480.28,628.72,589.67,,,,,,,基础化工,化学制品,其他化学制品,18.19,18.38,18.07
sh603133,碳元科技,2020-05-28,18.94,19.25,17.87,18.28,18.42,7798074.0,143702180.0,3820117840.0,3858633800.0,-46652439.76,2364143.3100000005,898763920.3299999,1706464980.77,807701060.44,-14339711.1,5175.5,5211.47,2808.82,3480.73,5946.96,5113.03,438.94,564.98,,,,,,,基础化工,化学制品,其他化学制品,18.58,18.41,18.26
sh603133,碳元科技,2020-05-29,18.05,18.35,17.56,17.71,18.28,5455400.0,97049099.0,3701000380.0,3738315350.0,-46652439.76,2364143.3100000005,898763920.3299999,1706464980.77,807701060.44,-14339711.1,3562.61,3845.4,1264.27,2095.98,4878.03,3465.46,0.0,298.06,,,,,,,基础化工,化学制品,其他化学制品,17.92,17.78,17.96
sh603133,碳元科技,2020-06-01,17.72,19.15,17.72,18.8,17.71,9421612.0,175018774.0,3928786400.0,3968398000.0,-46652439.76,2364143.3100000005,898763920.3299999,1706464980.77,807701060.44,-14339711.1,6627.94,7078.05,3360.13,3444.31,7297.66,6470.9,216.15,508.61,,,,,,,基础化工,化学制品,其他化学制品,17.78,17.92,18.1
sh603133,碳元科技,2020-06-02,18.9,18.9,18.35,18.42,18.8,5619500.0,104048056.0,3849374760.0,3888185700.0,-46652439.76,2364143.3100000005,898763920.3299999,1706464980.77,807701060.44,-14339711.1,3782.22,3974.01,1397.76,2636.68,5113.58,3794.11,111.24,0.0,,,,,,,基础化工,化学制品,其他化学制品,18.51,18.7,18.68
sh603133,碳元科技,2020-06-03,18.6,18.63,18.13,18.18,18.42,5123000.0,93748365.0,3799220040.0,3837525300.0,-46652439.76,2364143.3100000005,898763920.3299999,1706464980.77,807701060.44,-14339711.1,3584.09,3838.32,1845.73,1779.61,3291.27,3610.89,653.74,146.01,,,,,,,基础化工,化学制品,其他化学制品,18.43,18.39,18.31
sh603133,碳元科技,2020-06-04,18.25,18.45,18.01,18.19,18.18,3723600.0,67964140.0,3801309820.0,3839636150.0,-46652439.76,2364143.3100000005,898763920.3299999,1706464980.77,807701060.44,-14339711.1,3071.2,2406.35,1088.57,1344.25,2636.64,3045.82,0.0,0.0,,,,,,,基础化工,化学制品,其他化学制品,18.36,18.37,18.37
sh603133,碳元科技,2020-06-05,18.19,18.22,17.73,17.9,18.19,3586073.0,64260744.0,3740706200.0,3778421500.0,-46652439.76,2364143.3100000005,898763920.3299999,1706464980.77,807701060.44,-14339711.1,2705.21,2567.55,618.22,1087.63,2983.11,2514.59,0.0,136.78,,,,,,,基础化工,化学制品,其他化学制品,18.11,18.11,18.05
sh603133,碳元科技,2020-06-08,18.0,18.5,17.9,17.96,17.9,3905700.0,70894174.0,3753244880.0,3791086600.0,-46652439.76,2364143.3100000005,898763920.3299999,1706464980.77,807701060.44,-14339711.1,2910.39,2957.32,1012.6,1375.81,3166.43,2540.86,0.0,215.43,,,,,,,基础化工,化学制品,其他化学制品,18.17,18.24,18.28
sh603133,碳元科技,2020-06-09,18.0,18.0,17.7,17.91,17.96,2450400.0,43647384.0,3742795980.0,3780532350.0,-46652439.76,2364143.3100000005,898763920.3299999,1706464980.77,807701060.44,-14339711.1,1516.18,1824.47,600.79,712.81,2247.77,1719.41,0.0,108.05,,,,,,,基础化工,化学制品,其他化学制品,17.81,17.86,17.73
sh603133,碳元科技,2020-06-10,17.88,17.88,17.58,17.62,17.91,2586000.0,45644635.0,3682192360.0,3719317700.0,-46652439.76,2364143.3100000005,898763920.3299999,1706464980.77,807701060.44,-14339711.1,1890.9,1965.02,459.94,948.96,2213.63,1650.49,0.0,0.0,,,,,,,基础化工,化学制品,其他化学制品,17.72,17.62,17.66
sh603133,碳元科技,2020-06-11,17.63,17.89,17.45,17.7,17.62,3635200.0,64213511.0,3698910600.0,3736204500.0,-46652439.76,2364143.3100000005,898763920.3299999,1706464980.77,807701060.44,-14339711.1,2740.25,2493.55,1283.39,1863.43,2132.7,1931.22,265.01,133.15,,,,,,,基础化工,化学制品,其他化学制品,17.75,17.69,17.72
sh603133,碳元科技,2020-06-12,17.3,17.57,17.2,17.51,17.7,2154300.0,37516898.0,3659204780.0,3696098350.0,-46652439.76,2364143.3100000005,898763920.3299999,1706464980.77,807701060.44,-14339711.1,1587.87,1251.32,500.95,884.26,1514.05,1455.01,148.82,161.11,,,,,,,基础化工,化学制品,其他化学制品,17.33,17.36,17.39
sh603133,碳元科技,2020-06-15,17.41,17.45,17.05,17.05,17.51,2708900.0,46707919.0,3563074900.0,3598999250.0,-46652439.76,2364143.3100000005,898763920.3299999,1706464980.77,807701060.44,-14339711.1,1835.46,1800.33,587.4,1322.61,2076.54,1283.76,171.4,264.1,,,,,,,基础化工,化学制品,其他化学制品,17.25,17.23,17.32
sh603133,碳元科技,2020-06-16,17.02,17.46,17.02,17.32,17.05,3048700.0,52748443.0,3619498960.0,3655992200.0,-46652439.76,2364143.3100000005,898763920.3299999,1706464980.77,807701060.44,-14339711.1,1989.5,2360.0,1131.29,1436.68,1732.27,1377.89,421.78,100.28,,,,,,,基础化工,化学制品,其他化学制品,17.45,17.41,17.36
sh603133,碳元科技,2020-06-17,17.34,17.34,16.91,17.0,17.32,3231987.0,55177478.0,3552626000.0,3588445000.0,-46652439.76,2364143.3100000005,898763920.3299999,1706464980.77,807701060.44,-14339711.1,2224.78,2050.91,593.92,1669.48,2558.29,1196.75,140.75,600.61,,,,,,,基础化工,化学制品,其他化学制品,17.24,17.23,17.22
sh603133,碳元科技,2020-06-18,17.03,17.45,16.92,17.33,17.0,3363087.0,57744092.0,3621588740.0,3658103050.0,-46652439.76,2364143.3100000005,898763920.3299999,1706464980.77,807701060.44,-14339711.1,1961.08,2105.01,1282.88,1724.15,1887.64,1842.41,642.81,102.84,,,,,,,基础化工,化学制品,其他化学制品,17.03,16.97,17.01
sh603133,碳元科技,2020-06-19,17.3,17.38,17.1,17.32,17.33,2694887.0,46504633.0,3619498960.0,3655992200.0,-46652439.76,2364143.3100000005,898763920.3299999,1706464980.77,807701060.44,-14339711.1,1689.7,1533.07,987.3,1493.38,1633.4,1261.43,104.1,126.61,,,,,,,基础化工,化学制品,其他化学制品,17.22,17.19,17.13
sh603133,碳元科技,2020-06-22,17.36,18.16,17.33,18.05,17.32,6616600.0,118046235.0,3772052900.0,3810084250.0,-46652439.76,2364143.3100000005,898763920.3299999,1706464980.77,807701060.44,-14339711.1,4375.16,5054.95,2754.75,1904.34,3823.83,4207.25,850.89,638.08,,,,,,,基础化工,化学制品,其他化学制品,17.48,17.78,17.84
sh603133,碳元科技,2020-06-23,17.97,18.48,17.58,18.12,18.05,6994043.0,125787063.0,3786681360.0,3824860200.0,-46652439.76,2364143.3100000005,898763920.3299999,1706464980.77,807701060.44,-14339711.1,4761.53,4991.9,2992.78,3014.64,4109.47,4207.61,714.92,364.55,,,,,,,基础化工,化学制品,其他化学制品,17.86,17.76,17.73
sh603133,碳元科技,2020-06-24,18.0,18.19,17.84,18.0,18.12,4174400.0,75025592.0,3761604000.0,3799530000.0,-46652439.76,2364143.3100000005,898763920.3299999,1706464980.77,807701060.44,-14339711.1,2879.24,2702.2,1615.08,1868.68,2689.06,2681.1,319.17,250.59,,,,,,,基础化工,化学制品,其他化学制品,18.0,17.93,17.9
sh603133,碳元科技,2020-06-29,17.87,17.87,17.19,17.2,18.0,4656400.0,81199698.0,3594421599.999999,3630662000.0,-46652439.76,2364143.3100000005,898763920.3299999,1706464980.77,807701060.44,-14339711.1,3330.45,3169.92,1110.33,2183.64,3538.83,2016.59,140.35,749.81,,,,,,,基础化工,化学制品,其他化学制品,17.69,17.67,17.64
sh603133,碳元科技,2020-06-30,17.22,17.66,17.22,17.37,17.2,3430309.0,59909371.0,3629947860.0,3666546450.0,-46652439.76,2364143.3100000005,898763920.3299999,1706464980.77,807701060.44,-14339711.1,2659.99,2269.12,878.56,1480.07,2145.68,2127.52,306.7,114.23,,,,,,,基础化工,化学制品,其他化学制品,17.38,17.38,17.43
sh603133,碳元科技,2020-07-01,17.39,18.68,17.35,17.92,17.37,6506448.0,117323838.0,3744885760.0,3782643200.0,-46652439.76,2364143.3100000005,898763920.3299999,1706464980.77,807701060.44,-14339711.1,4619.68,4782.01,2383.65,2169.66,4369.92,4379.35,359.13,401.36,,,,,,,基础化工,化学制品,其他化学制品,17.53,17.44,18.06
sh603133,碳元科技,2020-07-02,17.68,18.22,17.65,17.81,17.92,6765104.0,120810299.0,3721898180.000001,3759423850.0,-46652439.76,2364143.3100000005,898763920.3299999,1706464980.77,807701060.44,-14339711.1,4454.41,4538.22,1802.8,2254.78,4640.58,3074.64,1183.24,2213.38,,,,,,,基础化工,化学制品,其他化学制品,18.15,18.07,18.01
sh603133,碳元科技,2020-07-03,17.84,18.14,17.69,17.83,17.81,5553900.0,99148393.0,3726077740.0,3763645550.0,-46652439.76,2364143.3100000005,898763920.3299999,1706464980.77,807701060.44,-14339711.1,3944.57,3666.27,1985.97,2309.58,3877.5,2979.79,106.8,959.2,,,,,,,基础化工,化学制品,其他化学制品,17.88,18.06,18.04
sh603133,碳元科技,2020-07-06,18.2,18.84,17.87,18.53,17.83,9545830.0,175094655.0,3872362340.0,3911405050.0,-46652439.76,2364143.3100000005,898763920.3299999,1706464980.77,807701060.44,-14339711.1,7787.05,6680.23,3975.57,4358.01,5173.22,5556.11,573.63,915.12,,,,,,,基础化工,化学制品,其他化学制品,17.98,17.96,18.09
sh603133,碳元科技,2020-07-07,18.78,20.17,18.56,19.58,18.53,13055661.0,251839679.0,4091789240.0,4132672280.0,-46652439.76,2364143.3100000005,898763920.3299999,1706464980.77,807701060.44,-14339711.1,10138.39,9910.11,5588.74,6416.87,8285.75,7779.69,1171.09,1077.3,,,,,,,基础化工,化学制品,其他化学制品,18.73,18.77,18.62
sh603133,碳元科技,2020-07-08,19.33,19.71,19.2,19.61,19.58,8074288.0,157353771.0,4098058580.0,4139004260.0,-46652439.76,2364143.3100000005,898763920.3299999,1706464980.77,807701060.44,-14339711.1,6963.14,6282.34,2420.25,3957.58,6227.11,5260.92,124.87,234.54,,,,,,,基础化工,化学制品,其他化学制品,19.41,19.63,19.54
sh603133,碳元科技,2020-07-09,19.32,20.2,19.1,19.95,19.61,13651788.0,266970691.0,4169111100.0,4210766700.0,-46652439.76,2364143.3100000005,898763920.3299999,1706464980.77,807701060.44,-14339711.1,10188.52,10261.81,8098.63,7103.64,7963.75,7686.04,446.16,1645.56,,,,,,,基础化工,化学制品,其他化学制品,19.32,19.32,19.25
sh603133,碳元科技,2020-07-10,19.69,19.97,19.27,19.48,19.95,8373100.0,164014048.0,4070891440.0,4111565680.000001,-46652439.76,2364143.3100000005,898763920.3299999,1706464980.77,807701060.44,-14339711.1,6524.26,6218.41,3509.39,4710.33,5636.95,4133.68,730.8,1338.98,,,,,,,基础化工,化学制品,其他化学制品,19.86,19.76,19.9
sh603133,碳元科技,2020-07-13,19.48,20.06,19.17,20.04,19.48,10705599.0,210291096.0,4187919120.0,4229762640.000001,-46652439.76,2364143.3100000005,898763920.3299999,1706464980.77,807701060.44,-14339711.1,7782.33,8332.74,6026.37,5482.07,5640.36,5654.02,1580.04,1560.28,,,,,,,基础化工,化学制品,其他化学制品,19.35,19.23,19.31
sh603133,碳元科技,2020-07-14,19.99,20.5,19.27,19.65,20.04,7973325.0,157685457.0,4106417700.0,4147446900.0,-46652439.76,2364143.3100000005,898763920.3299999,1706464980.77,807701060.44,-14339711.1,7241.85,6504.34,2557.59,4428.16,5608.82,4215.41,360.28,620.63,,,,,,,基础化工,化学制品,其他化学制品,20.08,20.21,19.96
sh603133,碳元科技,2020-07-15,19.65,19.7,18.67,18.7,19.65,6714661.0,127966666.0,3907888600.0,3946934200.0,-46652439.76,2364143.3100000005,898763920.3299999,1706464980.77,807701060.44,-14339711.1,5028.28,5095.0,2368.21,3760.44,5272.19,2839.09,127.98,1102.13,,,,,,,基础化工,化学制品,其他化学制品,19.61,19.33,19.39
sh603133,碳元科技,2020-07-16,18.73,18.86,17.89,17.94,18.7,4689379.0,86024874.0,3749065320.0,3786524040.0,-46652439.76,2364143.3100000005,898763920.3299999,1706464980.77,807701060.44,-14339711.1,3357.08,3587.32,1325.47,2438.76,3701.91,2343.87,218.02,232.54,,,,,,,基础化工,化学制品,其他化学制品,18.55,18.74,18.61
sh603133,碳元科技,2020-07-17,17.93,18.22,17.65,17.9,17.94,2971430.0,53440472.0,3740706200.0,3778081400.0,-46652439.76,2364143.3100000005,898763920.3299999,1706464980.77,807701060.44,-14339711.1,2365.12,2421.8,660.56,937.23,2036.61,1688.28,281.75,296.74,,,,,,,基础化工,化学制品,其他化学制品,17.91,17.99,17.98
sh603133,碳元科技,2020-07-20,18.02,18.42,18.0,18.33,17.9,2615200.0,47696068.0,3830566740.0,3868839780.0,-46652439.76,2364143.3100000005,898763920.3299999,1706464980.77,807701060.44,-14339711.1,2182.34,2255.52,716.07,874.98,1871.19,1529.36,0.0,109.74,,,,,,,基础化工,化学制品,其他化学制品,18.19,18.14,18.11
sh603133,碳元科技,2020-07-21,18.39,19.4,18.15,19.27,18.33,9046525.0,171404352.0,4027006060.000001,4067241820.0,-46652439.76,2364143.3100000005,898763920.3299999,1706464980.77,807701060.44,-14339711.1,6872.76,6826.22,4185.25,3255.27,4823.39,5508.84,569.46,860.54,,,,,,,基础化工,化学制品,其他化学制品,18.39,18.46,18.44
sh603133,碳元科技,2020-07-22,18.85,21.2,18.69,21.2,19.27,10936997.0,220543754.0,4430333600.0,4474599200.0,-46652439.76,2364143.3100000005,898763920.3299999,1706464980.77,807701060.44,-14339711.1,5622.11,7968.66,4032.2,6535.2,4017.13,5992.18,8382.93,1558.33,,,,,,,基础化工,化学制品,其他化学制品,19.05,18.99,19.32
sh603133,碳元科技,2020-07-23,21.0,21.0,20.04,20.55,21.2,16365324.0,334908062.0,4294497900.0,4337406300.0,-46652439.76,2364143.3100000005,898763920.3299999,1706464980.77,807701060.44,-14339711.1,14543.94,11370.77,6745.91,11960.04,11047.44,6389.75,1153.51,3770.25,,,,,,,基础化工,化学制品,其他化学制品,20.48,20.4,20.75
sh603133,碳元科技,2020-07-24,20.23,22.0,20.08,21.19,20.55,21921223.0,463475324.0,4428243820.0,4472488540.0,-46652439.76,2364143.3100000005,898763920.3299999,1706464980.77,807701060.44,-14339711.1,19597.52,18343.54,10272.4,15412.17,14932.48,11501.8,1545.12,1090.02,,,,,,,基础化工,化学制品,其他化学制品,20.3,20.42,20.45
sh603133,碳元科技,2020-07-27,21.1,22.6,19.78,21.84,21.19,18095134.0,381996279.0,4564079520.0,4609681440.0,-46652439.76,2364143.3100000005,898763920.3299999,1706464980.77,807701060.44,-14339711.1,16043.28,15408.71,9541.57,9524.99,11833.68,12039.65,781.09,1226.27,,,,,,,基础化工,化学制品,其他化学制品,20.55,20.12,20.29
sh603133,碳元科技,2020-07-28,21.5,22.15,20.5,21.35,21.84,14994521.0,321470947.0,4461680300.0,4506259100.0,-46652439.76,2364143.3100000005,898763920.3299999,1706464980.77,807701060.44,-14339711.1,13437.57,13002.54,7103.75,8062.78,11191.6,9859.61,414.17,1222.16,,,,,,,基础化工,化学制品,其他化学制品,21.53,21.63,21.79
sh603133,碳元科技,2020-07-29,21.0,21.35,20.29,21.13,21.35,11783097.0,246206866.0,4415705140.0,4459824580.0,-46652439.76,2364143.3100000005,898763920.3299999,1706464980.77,807701060.44,-14339711.1,10217.37,10416.09,6071.51,6505.42,8107.46,6756.8,224.35,942.38,,,,,,,基础化工,化学制品,其他化学制品,20.74,20.42,20.62
sh603133,碳元科技,2020-07-30,21.0,21.97,20.78,20.78,21.13,11011750.0,234462310.0,4342562840.0,4385951480.0,-46652439.76,2364143.3100000005,898763920.3299999,1706464980.77,807701060.44,-14339711.1,10184.74,9673.59,4424.1,6577.73,7872.53,6725.24,964.86,469.67,,,,,,,基础化工,化学制品,其他化学制品,21.41,21.66,21.44
sh603133,碳元科技,2020-07-31,20.4,22.14,20.4,21.38,20.78,14224696.0,302727841.0,4467949640.0,4512591080.0,-46652439.76,2364143.3100000005,898763920.3299999,1706464980.77,807701060.44,-14339711.1,12357.09,12278.27,7832.2,8683.23,7773.54,7711.36,2309.94,1599.92,,,,,,,基础化工,化学制品,其他化学制品,20.45,20.59,20.68
sh603133,碳元科技,2020-08-03,21.5,21.89,21.18,21.88,21.38,13776349.0,297317086.0,4572438640.0,4618124080.0,-46652439.76,2364143.3100000005,898763920.3299999,1706464980.77,807701060.44,-14339711.1,13298.09,12328.19,8161.5,9583.03,7592.8,6714.17,679.32,1106.32,,,,,,,基础化工,化学制品,其他化学制品,21.34,21.45,21.46
sh603133,碳元科技,2020-08-04,21.99,22.12,20.66,20.99,21.88,12713388.0,270230879.0,4386448220.0,4430275340.0,-46652439.76,2364143.3100000005,898763920.3299999,1706464980.77,807701060.44,-14339711.1,10353.08,10599.02,4964.98,8682.43,9406.66,5224.49,2298.37,2517.15,,,,,,,基础化工,化学制品,其他化学制品,21.75,21.64,21.54
sh603133,碳元科技,2020-08-05,21.13,21.43,20.46,21.4,20.99,9244737.0,194014293.0,4472129200.0,4516812400.0,-46652439.76,2364143.3100000005,898763920.3299999,1706464980.77,807701060.44,-14339711.1,7628.35,7606.51,5256.02,4400.26,4893.9,5143.78,1165.85,1793.56,,,,,,,基础化工,化学制品,其他化学制品,20.94,20.74,20.69
sh603133,碳元科技,2020-08-06,21.2,21.4,20.71,20.96,21.4,7816050.0,164629305.0,4380178880.0,4423943360.0,-46652439.76,2364143.3100000005,898763920.3299999,1706464980.77,807701060.44,-14339711.1,7170.48,6889.82,3180.45,4533.61,4724.37,4057.89,1140.5,734.48,,,,,,,基础化工,化学制品,其他化学制品,21.2,20.96,21.07
sh603133,碳元科技,2020-08-07,20.93,21.0,19.83,20.17,20.96,7202150.0,146536061.0,4215086260.0,4257201220.0,-46652439.76,2364143.3100000005,898763920.3299999,1706464980.77,807701060.44,-14339711.1,6367.49,7185.84,2176.11,3931.04,5433.96,3195.44,676.04,341.27,,,,,,,基础化工,化学制品,其他化学制品,20.91,20.64,20.64
sh603133,碳元科技,2020-08-10,20.24,20.24,19.56,19.85,20.17,5810272.0,115561536.0,4148213300.0,4189660100.0,-46652439.76,2364143.3100000005,898763920.3299999,1706464980.77,807701060.44,-14339711.1,4632.36,5061.0,2008.79,3586.69,4558.25,2662.07,356.76,246.39,,,,,,,基础化工,化学制品,其他化学制品,20.2,19.99,19.7
sh603133,碳元科技,2020-08-11,19.81,20.21,19.58,19.59,19.85,5799000.0,115488740.0,4093879020.0,4134782940.0,-46652439.76,2364143.3100000005,898763920.3299999,1706464980.77,807701060.44,-14339711.1,4551.82,4836.76,2314.54,2157.76,4225.84,2987.31,456.68,1567.04,,,,,,,基础化工,化学制品,其他化学制品,19.89,19.94,19.94
sh603133,碳元科技,2020-08-12,19.5,19.57,18.5,18.99,19.59,6832400.0,129655406.0,3968492220.0,4008143340.0,-46652439.76,2364143.3100000005,898763920.3299999,1706464980.77,807701060.44,-14339711.1,4927.05,5036.95,1981.64,4247.96,5749.81,2888.09,307.04,792.54,,,,,,,基础化工,化学制品,其他化学制品,19.37,19.3,19.15
sh603133,碳元科技,2020-08-13,18.92,19.21,18.92,19.16,18.99,3667300.0,69987247.0,4004018480.0,4044024560.0,-46652439.76,2364143.3100000005,898763920.3299999,1706464980.77,807701060.44,-14339711.1,3003.48,3424.75,1362.26,1376.98,2632.98,2196.99,0.0,0.0,,,,,,,基础化工,化学制品,其他化学制品,19.09,19.11,18.99
sh603133,碳元科技,2020-08-14,19.16,19.17,18.73,19.11,19.16,3480461.0,66012741.0,3993569580.0,4033471260.0,-46652439.76,2364143.3100000005,898763920.3299999,1706464980.77,807701060.44,-14339711.1,2788.2,3515.0,673.25,1212.39,3139.82,1873.88,0.0,0.0,,,,,,,基础化工,化学制品,其他化学制品,19.03,19.08,19.07
sh603133,碳元科技,2020-08-17,19.26,19.59,19.06,19.56,19.11,4546800.0,88324100.0,4087609680.0,4128450960.0,-46652439.76,2364143.3100000005,898763920.3299999,1706464980.77,807701060.44,-14339711.1,3997.23,3410.92,1549.38,1860.02,3285.8,3439.54,0.0,121.93,,,,,,,基础化工,化学制品,其他化学制品,19.07,19.31,19.38
sh603133,碳元科技,2020-08-18,19.56,19.68,19.22,19.33,19.56,4960600.0,96097995.0,4039544740.0,4079905780.0,-46652439.76,2364143.3100000005,898763920.3299999,1706464980.77,807701060.44,-14339711.1,4103.6,4111.22,1558.09,2174.63,3948.11,2565.63,0.0,758.3,,,,,,,基础化工,化学制品,其他化学制品,19.59,19.51,19.44
sh603133,碳元科技,2020-08-19,19.34,19.34,18.6,18.66,19.33,5315800.0,100609564.0,3899529480.0,3938491560.0,-46652439.76,2364143.3100000005,898763920.3299999,1706464980.77,807701060.44,-14339711.1,3358.85,4643.89,1668.08,2812.9,5034.03,2455.29,0.0,148.87,,,,,,,基础化工,化学制品,其他化学制品,19.24,19.04,19.01
sh603133,碳元科技,2020-08-20,18.57,18.98,18.3,18.81,18.66,3246235.0,60396146.0,3930876180.0,3970151460.0,-46652439.76,2364143.3100000005,898763920.3299999,1706464980.77,807701060.44,-14339711.1,2886.46,2859.09,553.64,1021.29,2599.51,2159.24,0.0,0.0,,,,,,,基础化工,化学制品,其他化学制品,18.39,18.47,18.6
sh603133,碳元科技,2020-08-21,18.8,18.95,18.41,18.58,18.81,2947900.0,55124123.0,3882811240.0,3921606280.000001,-46652439.76,2364143.3100000005,898763920.3299999,1706464980.77,807701060.44,-14339711.1,2190.96,2765.36,620.3,1036.14,2701.15,1710.91,0.0,0.0,,,,,,,基础化工,化学制品,其他化学制品,18.88,18.91,18.88
sh603133,碳元科技,2020-08-24,18.53,18.57,17.83,18.31,18.58,4772435.0,86650451.0,3826387180.0,3864618460.0,-46652439.76,2364143.3100000005,898763920.3299999,1706464980.77,807701060.44,-14339711.1,3544.23,3675.77,901.54,1924.32,4032.08,2877.76,0.0,0.0,,,,,,,基础化工,化学制品,其他化学制品,18.44,18.3,17.94
sh603133,碳元科技,2020-08-25,18.35,18.52,17.85,17.86,18.31,4633049.0,83961373.0,3732347080.0,3769638760.0,-46652439.76,2364143.3100000005,898763920.3299999,1706464980.77,807701060.44,-14339711.1,3391.69,3801.1,1235.27,2500.43,3769.18,1879.09,0.0,215.5,,,,,,,基础化工,化学制品,其他化学制品,18.39,18.36,18.42
sh603133,碳元科技,2020-08-26,17.82,17.98,17.09,17.12,17.86,5484535.0,95563413.0,3577703360.0,3613449920.000001,-46652439.76,2364143.3100000005,898763920.3299999,1706464980.77,807701060.44,-14339711.1,3676.9,3788.78,1152.19,3448.27,4727.24,2212.98,0.0,106.29,,,,,,,基础化工,化学制品,其他化学制品,17.7,17.61,17.7
sh603133,碳元科技,2020-08-27,17.12,17.44,17.02,17.33,17.12,2615100.0,45122243.0,3621588740.0,3657773780.000001,-46652439.76,2364143.3100000005,898763920.3299999,1706464980.77,807701060.44,-14339711.1,1870.78,1988.21,509.88,859.76,2131.57,1664.26,0.0,0.0,,,,,,,基础化工,化学制品,其他化学制品,17.02,17.14,17.18
sh603133,碳元科技,2020-08-28,17.0,17.42,16.91,17.33,17.33,3195200.0,54961985.0,3621588740.0,3657773780.000001,-58043284.469999984,34785245.42,879170757.8299999,1618497582.78,739326824.95,-27449349.339999996,2185.71,2605.23,738.14,1030.08,2572.35,1860.89,0.0,0.0,,,,,,,基础化工,化学制品,其他化学制品,17.17,17.12,17.12
sh603133,碳元科技,2020-08-31,17.38,17.54,17.17,17.19,17.33,2881400.0,50094168.0,3592331819.999999,3628224540.000001,-58043284.469999984,34785245.42,879170757.8299999,1618497582.78,739326824.95,-27449349.339999996,2450.2,2078.79,379.47,1110.56,2179.75,1820.07,0.0,0.0,,,,,,,基础化工,化学制品,其他化学制品,17.52,17.42,17.48
sh603133,碳元科技,2020-09-01,17.18,17.62,17.06,17.52,17.19,3175200.0,55256193.0,3661294560.0,3697876320.0,-58043284.469999984,34785245.42,879170757.8299999,1618497582.78,739326824.95,-27449349.339999996,2312.16,2524.68,990.23,824.57,2122.03,2176.37,101.2,0.0,,,,,,,基础化工,化学制品,其他化学制品,17.14,17.12,17.23
sh603133,碳元科技,2020-09-02,17.6,17.62,17.24,17.43,17.52,2896150.0,50365693.0,3642486540.0,3678880380.0,-58043284.469999984,34785245.42,879170757.8299999,1618497582.78,739326824.95,-27449349.339999996,2125.29,2031.47,664.39,1075.89,2246.89,1614.2,0.0,315.01,,,,,,,基础化工,化学制品,其他化学制品,17.52,17.53,17.46
sh603133,碳元科技,2020-09-03,17.39,17.45,17.1,17.12,17.43,2705800.0,46583746.0,3577703360.0,3613449920.000001,-58043284.469999984,34785245.42,879170757.8299999,1618497582.78,739326824.95,-27449349.339999996,1252.98,1639.18,496.52,816.31,1706.19,1000.2,0.0,0.0,,,,,,,基础化工,化学制品,其他化学制品,17.36,17.38,17.27
sh603133,碳元科技,2020-09-04,16.77,17.28,16.66,17.2,17.12,2521683.0,42928215.0,3594421599.999999,3630335200.0,-58043284.469999984,34785245.42,879170757.8299999,1618497582.78,739326824.95,-27449349.339999996,1738.79,1998.89,770.63,832.08,1760.55,1439.0,0.0,0.0,,,,,,,基础化工,化学制品,其他化学制品,16.85,16.91,16.94
sh603133,碳元科技,2020-09-07,17.19,17.8,17.18,17.34,17.2,3871823.0,67535165.0,3623678520.0,3659884440.0,-58043284.469999984,34785245.42,879170757.8299999,1618497582.78,739326824.95,-27449349.339999996,2559.19,3090.77,1170.66,1105.35,2429.71,2557.39,593.95,0.0,,,,,,,基础化工,化学制品,其他化学制品,17.2,17.33,17.3
sh603133,碳元科技,2020-09-08,17.34,17.48,17.21,17.39,17.34,2716400.0,47182379.0,3634127420.000001,3670437740.0,-58043284.469999984,34785245.42,879170757.8299999,1618497582.78,739326824.95,-27449349.339999996,1963.41,1796.3,761.29,1330.92,1854.84,1484.82,138.7,106.2,,,,,,,基础化工,化学制品,其他化学制品,17.4,17.25,17.37
sh603133,碳元科技,2020-09-09,17.3,17.53,17.08,17.08,17.39,3430300.0,59423484.0,3569344240.0,3605007280.0,-58043284.469999984,34785245.42,879170757.8299999,1618497582.78,739326824.95,-27449349.339999996,2546.42,2957.32,773.97,1136.53,2621.96,1848.49,0.0,0.0,,,,,,,基础化工,化学制品,其他化学制品,17.33,17.43,17.45
sh603133,碳元科技,2020-09-10,17.22,17.29,15.88,16.06,17.08,4771600.0,78842315.0,3356186680.0,3389719960.0,-58043284.469999984,34785245.42,879170757.8299999,1618497582.78,739326824.95,-27449349.339999996,2800.54,3386.75,1283.57,2128.68,3800.13,2074.24,0.0,294.57,,,,,,,基础化工,化学制品,其他化学制品,17.16,16.91,16.93
sh603133,碳元科技,2020-09-11,16.09,16.09,15.5,15.74,16.06,3771300.0,59265209.0,3289313719.9999995,3322178840.0,-58043284.469999984,34785245.42,879170757.8299999,1618497582.78,739326824.95,-27449349.339999996,2553.28,2782.48,660.18,1181.5,2713.05,1680.63,0.0,281.92,,,,,,,基础化工,化学制品,其他化学制品,15.84,15.73,15.69
sh603133,碳元科技,2020-09-14,15.8,15.8,15.38,15.59,15.74,4493600.0,69879495.0,3257967020.0,3290518939.9999995,-58043284.469999984,34785245.42,879170757.8299999,1618497582.78,739326824.95,-27449349.339999996,3083.44,3547.52,814.81,1552.64,3089.7,1887.79,0.0,0.0,,,,,,,基础化工,化学制品,其他化学制品,15.65,15.62,15.67
sh603133,碳元科技,2020-09-15,15.58,15.58,15.23,15.39,15.59,2744349.0,42188167.0,3216171420.0,3248305740.0,-58043284.469999984,34785245.42,879170757.8299999,1618497582.78,739326824.95,-27449349.339999996,1629.65,2090.82,646.89,621.47,1942.28,1506.52,0.0,0.0,,,,,,,基础化工,化学制品,其他化学制品,15.5,15.32,15.41
sh603133,碳元科技,2020-09-16,15.47,15.63,15.33,15.47,15.39,2457700.0,37988733.0,3232889660.0,3265191020.0,-58043284.469999984,34785245.42,879170757.8299999,1618497582.78,739326824.95,-27449349.339999996,1692.39,1623.99,390.91,735.45,1604.15,1328.01,0.0,0.0,,,,,,,基础化工,化学制品,其他化学制品,15.41,15.47,15.52
sh603133,碳元科技,2020-09-17,15.47,15.86,15.25,15.79,15.47,3432900.0,53565262.0,3299762620.0,3332732140.0,-58043284.469999984,34785245.42,879170757.8299999,1618497582.78,739326824.95,-27449349.339999996,2294.35,2214.6,909.19,856.65,2152.99,2285.28,0.0,0.0,,,,,,,基础化工,化学制品,其他化学制品,15.39,15.35,15.31
sh603133,碳元科技,2020-09-18,15.78,15.83,15.59,15.81,15.79,2604100.0,40916835.0,3303942180.0,3336953460.0,-58043284.469999984,34785245.42,879170757.8299999,1618497582.78,739326824.95,-27449349.339999996,1624.05,1926.91,684.38,691.63,1783.25,1473.14,0.0,0.0,,,,,,,基础化工,化学制品,其他化学制品,15.69,15.73,15.72
sh603133,碳元科技,2020-09-21,15.83,15.85,15.7,15.72,15.81,1592200.0,25064055.0,3285134160.0000005,3317957520.0,-58043284.469999984,34785245.42,879170757.8299999,1618497582.78,739326824.95,-27449349.339999996,1093.74,1037.73,248.59,441.93,1164.07,1026.75,0.0,0.0,,,,,,,基础化工,化学制品,其他化学制品,15.71,15.75,15.72
sh603133,碳元科技,2020-09-22,15.6,15.6,15.23,15.25,15.72,2289200.0,35253350.0,3186914500.0,3218756500.0,-58043284.469999984,34785245.42,879170757.8299999,1618497582.78,739326824.95,-27449349.339999996,1204.29,1828.47,365.63,535.44,1955.41,1161.43,0.0,0.0,,,,,,,基础化工,化学制品,其他化学制品,15.48,15.43,15.41
sh603133,碳元科技,2020-09-23,15.29,15.46,15.25,15.34,15.25,1592900.0,24399047.0,3205722520.0,3237752440.0,-58043284.469999984,34785245.42,879170757.8299999,1618497582.78,739326824.95,-27449349.339999996,905.21,920.97,399.42,638.21,1135.27,880.72,0.0,0.0,,,,,,,基础化工,化学制品,其他化学制品,15.25,15.31,15.43
sh603133,碳元科技,2020-09-24,15.25,15.28,14.8,14.82,15.34,2373700.0,35496628.0,3097053960.0,3127998120.0,-58043284.469999984,34785245.42,879170757.8299999,1618497582.78,739326824.95,-27449349.339999996,1548.45,1788.17,174.77,549.55,1826.44,1211.94,0.0,0.0,,,,,,,基础化工,化学制品,其他化学制品,15.15,15.11,15.04
sh603133,碳元科技,2020-09-25,14.87,14.9,14.44,14.56,14.82,1944500.0,28380284.0,3042719680.0,3073120960.0,-58043284.469999984,34785245.42,879170757.8299999,1618497582.78,739326824.95,-27449349.339999996,1016.32,1272.75,261.76,458.74,1559.94,1106.54,0.0,0.0,,,,,,,基础化工,化学制品,其他化学制品,14.84,14.83,14.74
sh603133,碳元科技,2020-09-28,14.56,14.62,14.06,14.12,14.56,2515600.0,35799097.0,2950769360.0,2980251920.0,-58043284.469999984,34785245.42,879170757.8299999,1618497582.78,739326824.95,-27449349.339999996,1331.51,1569.8,552.76,772.89,1695.64,1237.23,0.0,0.0,,,,,,,基础化工,化学制品,其他化学制品,14.53,14.44,14.44
sh603133,碳元科技,2020-09-29,14.18,14.64,14.1,14.3,14.12,2519280.0,36214752.0,2988385400.0,3018243800.0,-58043284.469999984,34785245.42,879170757.8299999,1618497582.78,739326824.95,-27449349.339999996,1847.57,1595.32,322.1,464.75,1451.81,1561.41,0.0,0.0,,,,,,,基础化工,化学制品,其他化学制品,14.17,14.12,14.41
sh603133,碳元科技,2020-09-30,14.27,14.45,14.2,14.35,14.3,1968504.0,28189142.0,2998834300.0,3028797100.0,-58043284.469999984,34785245.42,879170757.8299999,1618497582.78,739326824.95,-27449349.339999996,1084.81,1319.87,483.69,399.45,1250.28,1099.45,0.0,0.0,,,,,,,基础化工,化学制品,其他化学制品,14.38,14.36,14.35
sh603133,碳元科技,2020-10-09,14.57,15.02,14.55,14.8,14.35,2632449.0,39031436.0,3092874400.0,3123776800.0,-58043284.469999984,34785245.42,879170757.8299999,1618497582.78,739326824.95,-27449349.339999996,1907.58,1657.63,585.86,544.64,1409.71,1700.88,0.0,0.0,,,,,,,基础化工,化学制品,其他化学制品,14.62,14.99,14.87
sh603133,碳元科技,2020-10-12,14.91,15.68,14.91,15.51,14.8,4100357.0,63096012.0,3241248780.0000005,3273633660.0,-58043284.469999984,34785245.42,879170757.8299999,1618497582.78,739326824.95,-27449349.339999996,2449.34,2372.46,867.56,468.72,1688.8,2164.53,0.0,0.0,,,,,,,基础化工,化学制品,其他化学制品,15.05,15.26,15.43
sh603133,碳元科技,2020-10-13,15.7,15.7,15.36,15.62,15.51,2395375.0,37223885.0,3264236360.0,3296850920.0,-58043284.469999984,34785245.42,879170757.8299999,1618497582.78,739326824.95,-27449349.339999996,1465.73,1938.68,520.76,188.32,1531.77,1595.39,204.14,0.0,,,,,,,基础化工,化学制品,其他化学制品,15.41,15.41,15.44
sh603133,碳元科技,2020-10-14,15.54,15.59,15.3,15.34,15.62,1780749.0,27450973.0,3205722520.0,3237752440.0,-58043284.469999984,34785245.42,879170757.8299999,1618497582.78,739326824.95,-27449349.339999996,977.65,1157.57,176.23,501.83,1541.08,1035.56,0.0,0.0,,,,,,,基础化工,化学制品,其他化学制品,15.48,15.44,15.46
sh603133,碳元科技,2020-10-15,15.34,15.44,15.01,15.2,15.34,1717100.0,26135019.0,3176465600.0,3208203200.0,-58043284.469999984,34785245.42,879170757.8299999,1618497582.78,739326824.95,-27449349.339999996,995.03,1087.62,201.45,337.59,1417.03,1188.29,0.0,0.0,,,,,,,基础化工,化学制品,其他化学制品,15.32,15.2,15.13
sh603133,碳元科技,2020-10-16,15.25,15.28,14.93,15.07,15.2,1413774.0,21299907.0,3149298460.0,3180764620.0,-58043284.469999984,34785245.42,879170757.8299999,1618497582.78,739326824.95,-27449349.339999996,727.61,986.5,153.12,217.57,1249.26,801.38,0.0,124.53,,,,,,,基础化工,化学制品,其他化学制品,15.2,15.18,15.11
sh603133,碳元科技,2020-10-19,15.1,15.56,15.08,15.27,15.07,2392241.0,36857304.0,3191094060.0,3222977820.0,-58043284.469999984,34785245.42,879170757.8299999,1618497582.78,739326824.95,-27449349.339999996,1550.17,1502.77,565.9,426.25,1569.66,1756.7,0.0,0.0,,,,,,,基础化工,化学制品,其他化学制品,15.24,15.32,15.43
sh603133,碳元科技,2020-10-20,15.27,15.34,15.01,15.21,15.27,2019396.0,30497875.0,3178555380.0,3199020435.0000005,-58043284.469999984,34785245.42,879170757.8299999,1618497582.78,739326824.95,-27449349.339999996,1037.13,1125.62,369.65,643.66,1643.01,1280.51,0.0,0.0,,,,,,,基础化工,化学制品,其他化学制品,15.14,15.12,15.18
sh603133,碳元科技,2020-10-21,15.21,15.27,14.76,14.86,15.21,1855780.0,27706398.0,3105413080.0,3125407210.0,-58043284.469999984,34785245.42,879170757.8299999,1618497582.78,739326824.95,-27449349.339999996,1027.54,1188.96,251.71,389.06,1491.39,1192.61,0.0,0.0,,,,,,,基础化工,化学制品,其他化学制品,15.18,15.12,15.11
sh603133,碳元科技,2020-10-22,14.86,14.99,14.6,14.84,14.86,1547004.0,22952419.0,3101233520.0,3121200740.0,-58043284.469999984,34785245.42,879170757.8299999,1618497582.78,739326824.95,-27449349.339999996,995.96,892.8,226.95,271.98,1072.33,1130.46,0.0,0.0,,,,,,,基础化工,化学制品,其他化学制品,14.64,14.61,14.66
sh603133,碳元科技,2020-10-23,14.86,15.04,14.5,14.59,14.84,1746600.0,25672850.0,3048989020.0,3068619865.0,-58043284.469999984,34785245.42,879170757.8299999,1618497582.78,739326824.95,-27449349.339999996,1104.64,1053.64,31.57,101.16,1245.24,1226.64,0.0,0.0,,,,,,,基础化工,化学制品,其他化学制品,14.92,14.97,14.94
sh603133,碳元科技,2020-10-26,14.59,14.8,14.32,14.79,14.59,1432700.0,21008845.0,3090784620.0,3110684564.9999995,-58043284.469999984,34785245.42,879170757.8299999,1618497582.78,739326824.95,-27449349.339999996,865.97,952.52,96.8,87.41,1004.85,927.68,0.0,0.0,,,,,,,基础化工,化学制品,其他化学制品,14.41,14.47,14.64
sh603133,碳元科技,2020-10-27,14.66,14.85,14.48,14.66,14.79,1365200.0,19976160.0,3063617480.0,3083342510.0,-58043284.469999984,34785245.42,879170757.8299999,1618497582.78,739326824.95,-27449349.339999996,734.78,919.12,149.71,129.9,968.4,803.88,0.0,0.0,,,,,,,基础化工,化学制品,其他化学制品,14.69,14.69,14.73
sh603133,碳元科技,2020-10-28,14.67,15.0,14.6,14.89,14.66,2123200.0,31507180.0,3111682420.0000005,3131716915.0,-58043284.469999984,34785245.42,879170757.8299999,1618497582.78,739326824.95,-27449349.339999996,1170.08,1011.83,379.65,162.1,1056.93,1432.74,0.0,0.0,,,,,,,基础化工,化学制品,其他化学制品,14.72,14.83,14.85
sh603133,碳元科技,2020-10-29,14.63,14.84,14.35,14.59,14.89,1718700.0,25204804.0,3048989020.0,3068619865.0,-58043284.469999984,34785245.42,879170757.8299999,1618497582.78,739326824.95,-27449349.339999996,902.66,822.83,96.98,484.33,1045.68,738.16,0.0,0.0,,,,,,,基础化工,化学制品,其他化学制品,14.57,14.63,14.79
sh603133,碳元科技,2020-10-30,14.58,14.59,13.14,13.27,14.59,6511980.0,89457608.0,2773138060.0,2790992845.0,-80941828.39000002,41323800.95,862166546.2099999,1597639246.56,735472700.35,-13090875.730000004,3458.49,4245.38,910.6,1671.97,4473.72,2897.2,102.95,131.21,,,,,,,基础化工,化学制品,其他化学制品,14.55,14.09,14.11
sh603133,碳元科技,2020-11-02,13.27,13.44,12.81,13.03,13.27,2617696.0,34130370.0,2722983339.9999995,2740515205.0,-80941828.39000002,41323800.95,862166546.2099999,1597639246.56,735472700.35,-13090875.730000004,1109.96,1412.37,176.21,490.8,2126.86,1509.87,0.0,0.0,,,,,,,基础化工,化学制品,其他化学制品,13.09,13.11,13.26
sh603133,碳元科技,2020-11-03,13.2,14.03,12.94,13.69,13.03,4263961.0,58281551.0,2860908820.0,2879328715.0,-80941828.39000002,41323800.95,862166546.2099999,1597639246.56,735472700.35,-13090875.730000004,2252.99,2038.8,813.94,842.36,2589.9,2804.15,171.32,142.84,,,,,,,基础化工,化学制品,其他化学制品,13.09,13.25,13.41
sh603133,碳元科技,2020-11-04,13.73,13.85,13.48,13.6,13.69,2011700.0,27397753.0,2842100800.0,2860399600.0,-80941828.39000002,41323800.95,862166546.2099999,1597639246.56,735472700.35,-13090875.730000004,749.59,591.71,79.96,306.77,1220.1,1151.17,0.0,0.0,,,,,,,基础化工,化学制品,其他化学制品,13.77,13.72,13.7
sh603133,碳元科技,2020-11-05,13.7,13.99,13.61,13.92,13.6,2472919.0,34198904.0,2908973760.0,2927703120.0,-80941828.39000002,41323800.95,862166546.2099999,1597639246.56,735472700.35,-13090875.730000004,1212.52,1229.67,508.58,524.71,1598.56,1543.99,100.23,121.52,,,,,,,基础化工,化学制品,其他化学制品,13.84,13.8,13.72
sh603133,碳元科技,2020-11-06,14.04,14.1,13.65,13.75,13.92,2287419.0,31499880.0,2873447500.0,2891948125.0,-80941828.39000002,41323800.95,862166546.2099999,1597639246.56,735472700.35,-13090875.730000004,1325.36,1726.51,193.49,457.54,1631.14,965.94,0.0,0.0,,,,,,,基础化工,化学制品,其他化学制品,13.9,13.92,13.88
sh603133,碳元科技,2020-11-09,13.8,14.35,13.8,14.24,13.75,3063296.0,43399018.0,2975846720.0,2995006640.0,-80941828.39000002,41323800.95,862166546.2099999,1597639246.56,735472700.35,-13090875.730000004,1672.5,1629.96,614.45,486.14,2052.95,2223.81,0.0,0.0,,,,,,,基础化工,化学制品,其他化学制品,13.92,14.06,14.03
sh603133,碳元科技,2020-11-10,14.3,14.4,14.02,14.1,14.24,1815300.0,25724306.0,2946589800.0,2965561350.0,-80941828.39000002,41323800.95,862166546.2099999,1597639246.56,735472700.35,-13090875.730000004,855.18,1048.58,141.97,333.71,1575.29,1190.14,0.0,0.0,,,,,,,基础化工,化学制品,其他化学制品,14.2,14.2,14.29
sh603133,碳元科技,2020-11-11,14.15,14.18,13.8,13.84,14.1,2153500.0,30008921.0,2892255520.0000005,2910877240.0,-80941828.39000002,41323800.95,862166546.2099999,1597639246.56,735472700.35,-13090875.730000004,1020.68,997.1,226.1,931.53,1754.11,939.72,0.0,132.54,,,,,,,基础化工,化学制品,其他化学制品,14.11,14.14,13.98
sh603133,碳元科技,2020-11-12,13.75,14.05,13.7,13.76,13.84,1179500.0,16311927.0,2875537280.0,2894051360.0,-80941828.39000002,41323800.95,862166546.2099999,1597639246.56,735472700.35,-13090875.730000004,565.54,572.48,77.22,53.74,988.43,1004.98,0.0,0.0,,,,,,,基础化工,化学制品,其他化学制品,14.01,13.87,13.96
sh603133,碳元科技,2020-11-13,13.81,13.92,13.58,13.86,13.76,1347700.0,18572442.0,2896435079.9999995,2915083710.0,-80941828.39000002,41323800.95,862166546.2099999,1597639246.56,735472700.35,-13090875.730000004,737.23,652.82,116.91,162.92,1003.1,1041.51,0.0,0.0,,,,,,,基础化工,化学制品,其他化学制品,13.63,13.73,13.75
sh603133,碳元科技,2020-11-16,13.9,14.19,13.84,14.09,13.86,2283900.0,32029598.0,2944500020.0,2963458115.0,-80941828.39000002,41323800.95,862166546.2099999,1597639246.56,735472700.35,-13090875.730000004,955.89,1238.24,702.29,616.29,1544.78,1348.43,0.0,0.0,,,,,,,基础化工,化学制品,其他化学制品,13.89,13.98,13.94
sh603133,碳元科技,2020-11-17,14.09,14.09,13.57,13.65,14.09,2146400.0,29511688.0,2852549699.9999995,2870915775.0,-80941828.39000002,41323800.95,862166546.2099999,1597639246.56,735472700.35,-13090875.730000004,846.52,1420.96,596.29,308.12,1508.36,1222.1,0.0,0.0,,,,,,,基础化工,化学制品,其他化学制品,14.02,13.85,13.87
sh603133,碳元科技,2020-11-18,13.62,14.1,13.61,13.82,13.65,2469204.0,34390042.0,2888075960.0,2906670770.0,-80941828.39000002,41323800.95,862166546.2099999,1597639246.56,735472700.35,-13090875.730000004,1242.13,1459.12,285.7,234.74,1911.17,1745.14,0.0,0.0,,,,,,,基础化工,化学制品,其他化学制品,13.86,13.92,14.01
sh603133,碳元科技,2020-11-19,13.79,13.89,13.66,13.81,13.82,1725500.0,23787291.0,2885986180.0,2904567535.0,-80941828.39000002,41323800.95,862166546.2099999,1597639246.56,735472700.35,-13090875.730000004,943.01,849.82,289.43,539.63,1146.28,989.29,0.0,0.0,,,,,,,基础化工,化学制品,其他化学制品,13.72,13.85,13.85
sh603133,碳元科技,2020-11-20,13.83,13.86,13.6,13.76,13.81,1612700.0,22082270.0,2875537280.0,2894051360.0,-80941828.39000002,41323800.95,862166546.2099999,1597639246.56,735472700.35,-13090875.730000004,948.54,756.25,126.05,589.79,1133.64,862.19,0.0,0.0,,,,,,,基础化工,化学制品,其他化学制品,13.79,13.68,13.7
sh603133,碳元科技,2020-11-23,13.76,13.78,13.47,13.51,13.76,2626500.0,35661250.0,2823292780.0,2841470484.9999995,-80941828.39000002,41323800.95,862166546.2099999,1597639246.56,735472700.35,-13090875.730000004,1073.34,1299.44,583.23,979.34,1909.55,1179.48,0.0,107.86,,,,,,,基础化工,化学制品,其他化学制品,13.66,13.59,13.61
sh603133,碳元科技,2020-11-24,13.48,13.58,13.18,13.51,13.51,2646365.0,35423543.0,2823292780.0,2841470484.9999995,-80941828.39000002,41323800.95,862166546.2099999,1597639246.56,735472700.35,-13090875.730000004,914.46,871.0,292.18,372.05,1238.47,1202.06,0.0,0.0,,,,,,,基础化工,化学制品,其他化学制品,13.45,13.38,13.35
sh603133,碳元科技,2020-11-25,13.59,13.8,13.43,13.54,13.51,2902200.0,39485121.0,2829562120.0,2847780189.9999995,-80941828.39000002,41323800.95,862166546.2099999,1597639246.56,735472700.35,-13090875.730000004,1781.81,1496.49,603.2,530.11,1563.51,1921.91,0.0,0.0,,,,,,,基础化工,化学制品,其他化学制品,13.46,13.6,13.59
sh603133,碳元科技,2020-11-26,13.45,13.52,13.22,13.22,13.54,2365750.0,31494967.0,2762689160.0000005,2780476670.0,-80941828.39000002,41323800.95,862166546.2099999,1597639246.56,735472700.35,-13090875.730000004,892.37,1169.51,391.72,565.16,1865.4,1414.83,0.0,0.0,,,,,,,基础化工,化学制品,其他化学制品,13.39,13.33,13.33
sh603133,碳元科技,2020-11-27,13.22,13.25,13.02,13.08,13.22,2153370.0,28213397.0,2733432240.0,2751031380.0,-80941828.39000002,41323800.95,862166546.2099999,1597639246.56,735472700.35,-13090875.730000004,900.8,1100.73,411.27,513.98,1509.27,1206.62,0.0,0.0,,,,,,,基础化工,化学制品,其他化学制品,13.15,13.08,13.07
sh603133,碳元科技,2020-11-30,13.09,13.19,12.8,12.84,13.08,3416000.0,44028645.0,2683277520.0,2700553740.0,-80941828.39000002,41323800.95,862166546.2099999,1597639246.56,735472700.35,-13090875.730000004,1558.65,1437.05,406.21,1011.92,2438.0,1796.76,0.0,157.13,,,,,,,基础化工,化学制品,其他化学制品,12.92,12.93,12.92
sh603133,碳元科技,2020-12-01,12.8,13.26,12.7,13.12,12.84,3326700.0,43387013.0,2741791360.0,2759444319.9999995,-80941828.39000002,41323800.95,862166546.2099999,1597639246.56,735472700.35,-13090875.730000004,1740.35,1765.3,555.41,440.06,2042.94,2133.34,0.0,0.0,,,,,,,基础化工,化学制品,其他化学制品,12.8,12.92,12.85
sh603133,碳元科技,2020-12-02,13.11,13.27,13.06,13.15,13.12,2462950.0,32452316.0,2748060700.0,2765754025.0000005,-80941828.39000002,41323800.95,862166546.2099999,1597639246.56,735472700.35,-13090875.730000004,1220.49,1312.16,458.98,562.67,1565.77,1238.7,0.0,131.7,,,,,,,基础化工,化学制品,其他化学制品,13.14,13.17,13.16
sh603133,碳元科技,2020-12-03,13.15,13.23,13.0,13.16,13.15,1981800.0,26009715.0,2750150480.0,2767857260.0000005,-80941828.39000002,41323800.95,862166546.2099999,1597639246.56,735472700.35,-13090875.730000004,1088.69,1108.66,164.4,353.19,1347.87,1139.12,0.0,0.0,,,,,,,基础化工,化学制品,其他化学制品,13.13,13.11,13.08
sh603133,碳元科技,2020-12-04,13.16,13.19,12.96,13.03,13.16,1430500.0,18666721.0,2722983339.9999995,2740515205.0,-80941828.39000002,41323800.95,862166546.2099999,1597639246.56,735472700.35,-13090875.730000004,754.63,826.04,49.38,106.05,1062.66,934.59,0.0,0.0,,,,,,,基础化工,化学制品,其他化学制品,13.07,13.11,13.06
sh603133,碳元科技,2020-12-07,13.08,13.43,13.07,13.24,13.03,3245900.0,43028876.0,2766868719.9999995,2784683140.0,-80941828.39000002,41323800.95,862166546.2099999,1597639246.56,735472700.35,-13090875.730000004,1954.15,1647.56,516.88,57.8,1831.86,2597.53,0.0,0.0,,,,,,,基础化工,化学制品,其他化学制品,13.25,13.33,13.29
sh603133,碳元科技,2020-12-08,13.14,13.41,13.08,13.27,13.24,2778200.0,36793523.0,2773138060.0,2790992845.0,-80941828.39000002,41323800.95,862166546.2099999,1597639246.56,735472700.35,-13090875.730000004,1604.3,1668.5,346.7,259.54,1378.25,1515.96,114.75,0.0,,,,,,,基础化工,化学制品,其他化学制品,13.13,13.1,13.1
sh603133,碳元科技,2020-12-09,13.25,14.6,13.15,14.6,13.27,13456411.0,190998124.0,3051078800.0,3070723100.0,-80941828.39000002,41323800.95,862166546.2099999,1597639246.56,735472700.35,-13090875.730000004,6724.97,8141.78,5664.73,3288.58,4451.72,6720.5,2258.39,948.95,,,,,,,基础化工,化学制品,其他化学制品,13.17,13.19,13.33
sh603133,碳元科技,2020-12-10,14.34,15.35,14.0,14.91,14.6,15425816.0,224991249.0,3115861979.9999995,3135923385.0,-80941828.39000002,41323800.95,862166546.2099999,1597639246.56,735472700.35,-13090875.730000004,8769.01,8586.14,3878.56,4764.41,8822.22,7465.22,346.03,1000.06,,,,,,,基础化工,化学制品,其他化学制品,14.26,14.23,14.09
sh603133,碳元科技,2020-12-11,14.55,14.86,14.35,14.56,14.91,8301951.0,120611329.0,3042719680.0,3062310160.0,-80941828.39000002,41323800.95,862166546.2099999,1597639246.56,735472700.35,-13090875.730000004,4968.32,4874.38,2417.29,2301.48,4559.36,4767.7,116.16,117.57,,,,,,,基础化工,化学制品,其他化学制品,14.45,14.44,14.5
sh603133,碳元科技,2020-12-14,14.65,14.71,14.12,14.46,14.56,5885594.0,84451132.0,3021821880.0,3041277810.0,-80941828.39000002,41323800.95,862166546.2099999,1597639246.56,735472700.35,-13090875.730000004,3673.16,4177.23,1152.44,945.42,3487.93,3190.88,0.0,0.0,,,,,,,基础化工,化学制品,其他化学制品,14.58,14.45,14.35
sh603133,碳元科技,2020-12-15,14.41,14.43,14.03,14.25,14.46,4371627.0,62070992.0,2977936500.0,2997109875.0,-80941828.39000002,41323800.95,862166546.2099999,1597639246.56,735472700.35,-13090875.730000004,2670.93,2500.16,868.81,1209.36,2490.7,2320.92,0.0,0.0,,,,,,,基础化工,化学制品,其他化学制品,14.16,14.22,14.18
sh603133,碳元科技,2020-12-16,14.2,14.58,14.11,14.34,14.25,5352796.0,76653424.0,2996744520.0,3016038989.9999995,-80941828.39000002,41323800.95,862166546.2099999,1597639246.56,735472700.35,-13090875.730000004,3299.95,3060.3,1417.64,1602.2,2770.27,2590.2,177.48,412.64,,,,,,,基础化工,化学制品,其他化学制品,14.38,14.31,14.34
sh603133,碳元科技,2020-12-17,14.35,14.38,13.16,13.51,14.34,7155803.0,97182994.0,2823292780.0,2841470484.9999995,-80941828.39000002,41323800.95,862166546.2099999,1597639246.56,735472700.35,-13090875.730000004,3953.79,4451.12,1497.46,2102.61,4151.65,3030.06,115.4,134.5,,,,,,,基础化工,化学制品,其他化学制品,13.87,13.92,13.7
sh603133,碳元科技,2020-12-18,13.25,13.51,13.12,13.44,13.51,4676039.0,62218036.0,2808664319.9999995,2826747840.0,-80941828.39000002,41323800.95,862166546.2099999,1597639246.56,735472700.35,-13090875.730000004,2723.96,2701.55,926.2,1285.98,2571.38,2115.56,0.0,118.45,,,,,,,基础化工,化学制品,其他化学制品,13.35,13.41,13.44
sh603133,碳元科技,2020-12-21,13.01,13.02,12.1,12.12,13.44,10488200.0,129475637.0,2532813360.0,2549120820.0,-80941828.39000002,41323800.95,862166546.2099999,1597639246.56,735472700.35,-13090875.730000004,4856.6,5561.41,1848.23,3676.45,5873.67,3551.54,369.06,158.17,,,,,,,基础化工,化学制品,其他化学制品,12.83,12.3,12.22
sh603133,碳元科技,2020-12-22,11.99,12.07,11.5,11.5,12.12,6820900.0,79663139.0,2403247000.0,2418720250.0,-80941828.39000002,41323800.95,862166546.2099999,1597639246.56,735472700.35,-13090875.730000004,3058.38,3307.89,1272.39,1745.75,3635.54,2511.37,0.0,401.31,,,,,,,基础化工,化学制品,其他化学制品,11.96,11.78,11.6
sh603133,碳元科技,2020-12-23,11.47,11.7,11.29,11.43,11.5,3966661.0,45471919.0,2388618540.0,2403997605.0,-80941828.39000002,41323800.95,862166546.2099999,1597639246.56,735472700.35,-13090875.730000004,1962.68,1953.43,634.37,1011.78,1950.14,1581.98,0.0,0.0,,,,,,,基础化工,化学制品,其他化学制品,11.56,11.62,11.57
sh603133,碳元科技,2020-12-24,11.43,11.5,10.85,10.87,11.43,4762150.0,52745136.0,2271590860.0,2286216445.0,-80941828.39000002,41323800.95,862166546.2099999,1597639246.56,735472700.35,-13090875.730000004,2254.73,2445.29,484.53,1108.76,2535.25,1595.25,0.0,125.22,,,,,,,基础化工,化学制品,其他化学制品,11.38,11.33,11.23
sh603133,碳元科技,2020-12-25,10.85,11.17,10.77,10.91,10.87,2610842.0,28654620.0,2279949980.0,2294629385.0,-80941828.39000002,41323800.95,862166546.2099999,1597639246.56,735472700.35,-13090875.730000004,1163.07,1424.27,322.1,337.18,1380.29,1104.02,0.0,0.0,,,,,,,基础化工,化学制品,其他化学制品,10.79,11.04,10.94
sh603133,碳元科技,2020-12-28,11.0,11.1,10.49,10.96,10.91,4048904.0,43624487.0,2290398880.0,2305145560.0,-80941828.39000002,41323800.95,862166546.2099999,1597639246.56,735472700.35,-13090875.730000004,1824.91,1973.04,564.01,665.88,1973.53,1584.5,0.0,139.03,,,,,,,基础化工,化学制品,其他化学制品,10.89,10.68,10.63
sh603133,碳元科技,2020-12-29,10.85,11.38,10.8,11.08,10.96,3274375.0,36332171.0,2315476240.0,2330384380.0,-80941828.39000002,41323800.95,862166546.2099999,1597639246.56,735472700.35,-13090875.730000004,1548.27,1468.67,577.95,451.31,1507.0,1713.23,0.0,0.0,,,,,,,基础化工,化学制品,其他化学制品,10.89,10.99,10.98
sh603133,碳元科技,2020-12-30,11.15,11.29,10.89,11.1,11.08,2443876.0,27120124.0,2319655800.0,2334590850.0,-80941828.39000002,41323800.95,862166546.2099999,1597639246.56,735472700.35,-13090875.730000004,1203.44,1260.7,289.87,386.6,1218.7,1064.71,0.0,0.0,,,,,,,基础化工,化学制品,其他化学制品,10.99,10.96,11.03
sh603133,碳元科技,2020-12-31,11.1,11.22,11.04,11.15,11.1,1929292.0,21510819.0,2330104700.0,2345107025.0,-80941828.39000002,41323800.95,862166546.2099999,1597639246.56,735472700.35,-13090875.730000004,837.78,1083.6,440.49,227.32,872.81,840.16,0.0,0.0,,,,,,,基础化工,化学制品,其他化学制品,11.1,11.12,11.15
sh603133,碳元科技,2021-01-04,11.11,11.89,11.05,11.75,11.15,5073149.0,58587844.0,2457926100.0,2471301125.0,-80941828.39000002,41323800.95,862166546.2099999,1597639246.56,735472700.35,-13090875.730000004,2619.19,2319.65,737.95,816.78,2168.71,2491.84,102.42,0.0,,,,,,,基础化工,化学制品,其他化学制品,11.07,11.19,11.21
sh603133,碳元科技,2021-01-05,11.65,11.84,11.48,11.52,11.75,3497761.0,40652443.0,2409813504.0,2422926720.0,-80941828.39000002,41323800.95,862166546.2099999,1597639246.56,735472700.35,-13090875.730000004,1528.4,1796.51,375.15,616.67,1941.7,1532.41,100.35,0.0,,,,,,,基础化工,化学制品,其他化学制品,11.71,11.69,11.67
sh603133,碳元科技,2021-01-06,11.45,11.49,11.12,11.12,11.52,2697961.0,30278355.0,2326139424.0,2338797320.0,-80941828.39000002,41323800.95,862166546.2099999,1597639246.56,735472700.35,-13090875.730000004,1256.02,1276.83,301.99,428.24,1469.82,1186.97,0.0,135.79,,,,,,,基础化工,化学制品,其他化学制品,11.44,11.34,11.28
sh603133,碳元科技,2021-01-07,11.12,11.15,10.4,10.57,11.12,3883900.0,41490472.0,2211087564.0,2223119395.0,-80941828.39000002,41323800.95,862166546.2099999,1597639246.56,735472700.35,-13090875.730000004,1463.99,1662.31,562.78,1076.19,2122.28,1289.85,0.0,120.69,,,,,,,基础化工,化学制品,其他化学制品,11.09,10.91,10.85
sh603133,碳元科技,2021-01-08,10.51,10.85,10.34,10.65,10.57,3074100.0,32704083.0,2227822380.0,2239945275.0,-80941828.39000002,41323800.95,862166546.2099999,1597639246.56,735472700.35,-13090875.730000004,1332.43,937.98,142.74,317.74,1467.77,1856.51,327.47,158.18,,,,,,,基础化工,化学制品,其他化学制品,10.54,10.39,10.65
sh603133,碳元科技,2021-01-11,10.65,10.85,10.14,10.24,10.65,3493100.0,36241565.0,2142056448.0,2153712640.0,-80941828.39000002,41323800.95,862166546.2099999,1597639246.56,735472700.35,-13090875.730000004,1438.1,1476.81,187.83,552.29,1998.23,1595.05,0.0,0.0,,,,,,,基础化工,化学制品,其他化学制品,10.65,10.66,10.73
sh603133,碳元科技,2021-01-12,10.24,10.39,10.01,10.25,10.24,2284800.0,23441427.0,2144148300.0,2155815875.0,-80941828.39000002,41323800.95,862166546.2099999,1597639246.56,735472700.35,-13090875.730000004,1050.53,909.88,183.06,332.54,1110.56,1101.73,0.0,0.0,,,,,,,基础化工,化学制品,其他化学制品,10.23,10.34,10.36
sh603133,碳元科技,2021-01-13,10.22,10.3,9.88,9.97,10.25,3456476.0,34562895.0,2085576444.0,2096925295.0,-80941828.39000002,41323800.95,862166546.2099999,1597639246.56,735472700.35,-13090875.730000004,1564.4,1284.32,220.28,814.44,1555.97,1227.85,115.65,129.68,,,,,,,基础化工,化学制品,其他化学制品,10.26,10.1,10.09
sh603133,碳元科技,2021-01-14,9.97,10.32,9.87,10.29,9.97,2840500.0,28808744.0,2152515708.0,2164228815.0,-80941828.39000002,41323800.95,862166546.2099999,1597639246.56,735472700.35,-13090875.730000004,1537.01,1265.62,307.46,212.27,976.88,1343.47,0.0,0.0,,,,,,,基础化工,化学制品,其他化学制品,10.0,9.99,10.03
sh603133,碳元科技,2021-01-15,10.23,11.32,10.14,11.32,10.29,6478400.0,70750957.0,2367976464.0,2380862020.0,-80941828.39000002,41323800.95,862166546.2099999,1597639246.56,735472700.35,-13090875.730000004,2626.18,3265.14,1052.93,623.97,2102.0,3185.98,1293.98,0.0,,,,,,,基础化工,化学制品,其他化学制品,10.24,10.37,10.44
sh603133,碳元科技,2021-01-18,11.5,12.38,11.38,12.13,11.32,11967800.0,144701660.0,2537416476.0,2551224055.0,-80941828.39000002,41323800.95,862166546.2099999,1597639246.56,735472700.35,-13090875.730000004,5156.6,5901.64,2723.48,3442.63,5771.42,4602.43,818.66,523.47,,,,,,,基础化工,化学制品,其他化学制品,12.0,12.05,12.16
sh603133,碳元科技,2021-01-19,11.52,11.93,11.41,11.67,12.13,8056049.0,94016636.0,2441191284.0,2454475245.0,-80941828.39000002,41323800.95,862166546.2099999,1597639246.56,735472700.35,-13090875.730000004,3812.79,3643.09,1478.49,2272.39,4010.11,3486.19,100.28,0.0,,,,,,,基础化工,化学制品,其他化学制品,11.58,11.74,11.69
sh603133,碳元科技,2021-01-20,11.61,11.7,11.43,11.6,11.67,4478800.0,51690178.0,2426548320.0,2439752600.0,-80941828.39000002,41323800.95,862166546.2099999,1597639246.56,735472700.35,-13090875.730000004,2178.26,2320.53,621.35,840.33,2268.38,2008.15,101.04,0.0,,,,,,,基础化工,化学制品,其他化学制品,11.59,11.48,11.52
sh603133,碳元科技,2021-01-21,11.63,11.63,11.31,11.32,11.6,4444400.0,50776097.0,2367976464.0,2380862020.0,-80941828.39000002,41323800.95,862166546.2099999,1597639246.56,735472700.35,-13090875.730000004,1931.48,1952.56,701.21,1261.21,2444.92,1759.15,0.0,104.69,,,,,,,基础化工,化学制品,其他化学制品,11.5,11.46,11.4
sh603133,碳元科技,2021-01-22,11.17,11.57,11.13,11.29,11.32,3567249.0,40510794.0,2361700908.0,2374552315.0,-80941828.39000002,41323800.95,862166546.2099999,1597639246.56,735472700.35,-13090875.730000004,1369.92,1153.07,375.97,695.65,1907.73,1971.35,397.46,231.0,,,,,,,基础化工,化学制品,其他化学制品,11.28,11.49,11.42
sh603133,碳元科技,2021-01-25,11.29,11.56,10.91,11.25,11.29,4982900.0,56090048.0,2353333500.0,2366139375.0,-80941828.39000002,41323800.95,862166546.2099999,1597639246.56,735472700.35,-13090875.730000004,2418.24,1773.81,684.78,1438.54,2235.93,2396.65,270.06,0.0,,,,,,,基础化工,化学制品,其他化学制品,11.04,10.98,10.97
sh603133,碳元科技,2021-01-26,11.28,11.9,11.05,11.59,11.25,5540089.0,63936580.0,2424456468.0,2437649365.0,-80941828.39000002,41323800.95,862166546.2099999,1597639246.56,735472700.35,-13090875.730000004,2807.15,2785.14,1042.89,807.39,2543.62,2801.13,0.0,0.0,,,,,,,基础化工,化学制品,其他化学制品,11.23,11.27,11.22
sh603133,碳元科技,2021-01-27,11.47,11.48,11.11,11.12,11.59,3724649.0,41845970.0,2326139424.0,2338797320.0,-80941828.39000002,41323800.95,862166546.2099999,1597639246.56,735472700.35,-13090875.730000004,1720.57,1875.29,459.73,297.02,1920.33,1928.32,0.0,0.0,,,,,,,基础化工,化学制品,其他化学制品,11.41,11.35,11.32
sh603133,碳元科技,2021-01-28,11.11,11.29,10.91,10.98,11.12,2625949.0,29183182.0,2296853496.0,2309352030.0,-80941828.39000002,41323800.95,862166546.2099999,1597639246.56,735472700.35,-13090875.730000004,1100.92,1258.67,394.12,466.15,1318.38,1088.61,0.0,0.0,,,,,,,基础化工,化学制品,其他化学制品,11.05,11.12,11.18
sh603133,碳元科技,2021-01-29,10.8,11.6,10.6,11.28,10.98,5637400.0,63359327.0,2359609056.0,2372449080.0,-80941828.39000002,41323800.95,862166546.2099999,1597639246.56,735472700.35,-13090875.730000004,2475.85,2610.46,1742.34,1107.24,2117.75,2505.24,0.0,113.0,,,,,,,基础化工,化学制品,其他化学制品,11.02,11.43,11.26
sh603133,碳元科技,2021-02-01,11.01,11.52,11.01,11.31,11.28,3230300.0,36500816.0,2365884612.0,2378758785.0,-80941828.39000002,41323800.95,862166546.2099999,1597639246.56,735472700.35,-13090875.730000004,1323.57,1151.98,594.93,850.07,1593.74,1398.48,137.83,249.55,,,,,,,基础化工,化学制品,其他化学制品,11.39,11.44,11.3
sh603133,碳元科技,2021-02-02,11.2,11.48,11.2,11.38,11.31,2943400.0,33416242.0,2380527576.0,2393481430.0,-80941828.39000002,41323800.95,862166546.2099999,1597639246.56,735472700.35,-13090875.730000004,1459.02,1110.0,602.43,1030.53,1280.18,1201.09,0.0,0.0,,,,,,,基础化工,化学制品,其他化学制品,11.28,11.29,11.43
sh603133,碳元科技,2021-02-03,11.32,11.73,11.32,11.48,11.38,4165200.0,48035683.0,2401446096.0,2414513780.0,-80941828.39000002,41323800.95,862166546.2099999,1597639246.56,735472700.35,-13090875.730000004,2063.39,2200.84,586.12,470.77,1893.94,2028.46,260.12,103.5,,,,,,,基础化工,化学制品,其他化学制品,11.33,11.36,11.46
sh603133,碳元科技,2021-02-04,11.42,11.75,11.42,11.73,11.48,5286600.0,61434929.0,2453742396.0,2467094655.0,-80941828.39000002,41323800.95,862166546.2099999,1597639246.56,735472700.35,-13090875.730000004,2484.99,2530.12,1367.63,1279.78,2174.92,2333.59,115.95,0.0,,,,,,,基础化工,化学制品,其他化学制品,11.46,11.72,11.52
sh603133,碳元科技,2021-02-05,11.8,11.92,11.15,11.19,11.73,5078100.0,57774574.0,2340782388.0,2353519965.0,-80941828.39000002,41323800.95,862166546.2099999,1597639246.56,735472700.35,-13090875.730000004,2634.94,2447.83,562.85,1067.61,2464.78,2046.1,114.9,215.92,,,,,,,基础化工,化学制品,其他化学制品,11.68,11.6,11.39
sh603133,碳元科技,2021-02-08,11.17,11.26,10.65,10.69,11.19,3797488.0,41432718.0,2236189788.0,2248358215.0,-80941828.39000002,41323800.95,862166546.2099999,1597639246.56,735472700.35,-13090875.730000004,2066.37,1534.8,457.48,462.28,1619.43,1814.93,0.0,331.26,,,,,,,基础化工,化学制品,其他化学制品,10.9,10.87,11.05
sh603133,碳元科技,2021-02-09,10.69,10.79,10.12,10.36,10.69,4060500.0,41982188.0,2167158672.0,2178951460.0,-80941828.39000002,41323800.95,862166546.2099999,1597639246.56,735472700.35,-13090875.730000004,1805.78,1610.73,738.53,1371.04,1653.91,1216.45,0.0,0.0,,,,,,,基础化工,化学制品,其他化学制品,10.73,10.77,10.65
sh603133,碳元科技,2021-02-10,10.37,10.62,10.13,10.18,10.36,3271100.0,33725455.0,2129505336.0,2140268650.0,-80941828.39000002,41323800.95,862166546.2099999,1597639246.56,735472700.35,-13090875.730000004,1318.4,993.72,517.35,635.32,1536.8,1368.46,0.0,375.04,,,,,,,基础化工,化学制品,其他化学制品,10.42,10.39,10.55
sh603133,碳元科技,2021-02-18,10.22,11.2,10.22,11.2,10.18,4473600.0,49155919.0,2342874240.0,2354716000.0,-80941828.39000002,41323800.95,862166546.2099999,1597639246.56,735472700.35,-13090875.730000004,1155.25,1541.66,792.78,568.44,1385.34,1896.81,1582.22,908.69,,,,,,,基础化工,化学制品,其他化学制品,10.42,10.83,11.05
sh603133,碳元科技,2021-02-19,11.35,11.64,11.01,11.46,11.2,6480120.0,73450078.0,2397262392.0,2409379050.0,-80941828.39000002,41323800.95,862166546.2099999,1597639246.56,735472700.35,-13090875.730000004,2910.21,3465.61,582.18,1343.53,3530.78,2214.03,0.0,0.0,,,,,,,基础化工,化学制品,其他化学制品,11.24,11.21,11.36
sh603133,碳元科技,2021-02-22,11.52,11.95,11.43,11.54,11.46,6235143.0,72891137.0,2413997208.0,2426198450.0,-80941828.39000002,41323800.95,862166546.2099999,1597639246.56,735472700.35,-13090875.730000004,2897.2,2646.17,1235.78,1407.68,3156.12,3235.26,0.0,0.0,,,,,,,基础化工,化学制品,其他化学制品,11.61,11.59,11.59
sh603133,碳元科技,2021-02-23,11.45,11.67,11.26,11.38,11.54,3459100.0,39593077.0,2380527576.0,2392559650.0,-80941828.39000002,41323800.95,862166546.2099999,1597639246.56,735472700.35,-13090875.730000004,1548.97,1630.27,249.72,582.96,2041.39,1746.08,119.22,0.0,,,,,,,基础化工,化学制品,其他化学制品,11.64,11.39,11.3
sh603133,碳元科技,2021-02-24,11.3,11.78,11.29,11.58,11.38,3710900.0,42807889.0,2422364616.0,2434608150.0,-80941828.39000002,41323800.95,862166546.2099999,1597639246.56,735472700.35,-13090875.730000004,1957.8,1619.8,254.14,512.29,1958.43,2043.31,110.41,105.39,,,,,,,基础化工,化学制品,其他化学制品,11.71,11.49,11.59
sh603133,碳元科技,2021-02-25,11.54,11.6,11.18,11.37,11.58,3400400.0,38461835.0,2378435724.0,2390457225.0,-80941828.39000002,41323800.95,862166546.2099999,1597639246.56,735472700.35,-13090875.730000004,1640.61,1830.47,299.07,348.53,1906.5,1667.18,0.0,0.0,,,,,,,基础化工,化学制品,其他化学制品,11.48,11.33,11.3
sh603133,碳元科技,2021-02-26,11.12,11.4,11.12,11.28,11.37,2337023.0,26314403.0,2359609056.0,2371535400.0,-80941828.39000002,41323800.95,862166546.2099999,1597639246.56,735472700.35,-13090875.730000004,1102.94,1018.53,198.76,325.7,1329.74,1287.21,0.0,0.0,,,,,,,基础化工,化学制品,其他化学制品,11.26,11.35,11.26
sh603133,碳元科技,2021-03-01,11.28,11.59,11.28,11.51,11.28,2517473.0,28871285.0,2407721652.0,2419891175.0,-80941828.39000002,41323800.95,862166546.2099999,1597639246.56,735472700.35,-13090875.730000004,1237.8,1445.52,379.22,253.75,1270.11,1187.86,0.0,0.0,,,,,,,基础化工,化学制品,其他化学制品,11.38,11.37,11.45
sh603133,碳元科技,2021-03-02,11.53,11.57,11.32,11.42,11.51,1959450.0,22327666.0,2388894984.0,2400969350.0,-80941828.39000002,41323800.95,862166546.2099999,1597639246.56,735472700.35,-13090875.730000004,950.93,911.96,131.46,323.92,1150.38,996.88,0.0,0.0,,,,,,,基础化工,化学制品,其他化学制品,11.43,11.34,11.41
sh603133,碳元科技,2021-03-03,11.49,11.68,11.33,11.65,11.42,3824600.0,44166668.0,2437007580.0,2449325125.0,-80941828.39000002,41323800.95,862166546.2099999,1597639246.56,735472700.35,-13090875.730000004,1770.99,1904.57,721.91,681.58,1864.71,1771.46,0.0,0.0,,,,,,,基础化工,化学制品,其他化学制品,11.61,11.52,11.38
sh603133,碳元科技,2021-03-04,11.77,12.82,11.76,12.82,11.65,20041203.0,253134196.0,2681754264.0,2695308850.0,-80941828.39000002,41323800.95,862166546.2099999,1597639246.56,735472700.35,-13090875.730000004,7847.8,7773.7,4972.83,4281.29,6835.57,7602.21,5657.22,5656.21,,,,,,,基础化工,化学制品,其他化学制品,12.13,11.93,12.1
sh603133,碳元科技,2021-03-05,12.82,13.28,12.39,12.48,12.82,17629662.0,224525680.0,2610631296.0,2623826400.0,-80941828.39000002,41323800.95,862166546.2099999,1597639246.56,735472700.35,-13090875.730000004,8316.02,8116.07,3016.75,6001.29,9882.57,6169.51,553.84,1482.3,,,,,,,基础化工,化学制品,其他化学制品,12.84,12.83,12.6
sh603133,碳元科技,2021-03-08,12.47,13.45,12.32,13.07,12.48,15841953.0,202231437.0,2734050564.0,2747869475.0,-80941828.39000002,41323800.95,862166546.2099999,1597639246.56,735472700.35,-13090875.730000004,8355.49,7913.31,3614.21,4150.22,7915.4,7872.02,338.05,287.58,,,,,,,基础化工,化学制品,其他化学制品,12.45,12.55,12.4
sh603133,碳元科技,2021-03-09,12.7,12.86,11.93,12.25,13.07,10276900.0,126572109.0,2562518700.0,2575470625.0,-80941828.39000002,41323800.95,862166546.2099999,1597639246.56,735472700.35,-13090875.730000004,5287.2,5503.08,1793.06,2280.06,5576.94,4874.07,0.0,0.0,,,,,,,基础化工,化学制品,其他化学制品,12.41,12.12,12.13
sh603133,碳元科技,2021-03-10,12.2,12.55,12.04,12.21,12.25,5792403.0,71157483.0,2554151292.0,2567060925.0,-80941828.39000002,41323800.95,862166546.2099999,1597639246.56,735472700.35,-13090875.730000004,3091.09,3008.69,920.51,1385.31,3104.16,2598.49,0.0,123.26,,,,,,,基础化工,化学制品,其他化学制品,12.24,12.43,12.41
sh603133,碳元科技,2021-03-11,12.16,13.03,12.16,12.67,12.21,7097626.0,89108465.0,2650376484.0,2663772475.0,-80941828.39000002,41323800.95,862166546.2099999,1597639246.56,735472700.35,-13090875.730000004,3841.35,3957.65,1436.55,1029.89,3522.33,3800.39,110.61,122.92,,,,,,,基础化工,化学制品,其他化学制品,12.29,12.25,12.32
sh603133,碳元科技,2021-03-12,12.54,12.54,12.13,12.24,12.67,5730120.0,70423450.0,2560426848.0,2573368200.0,-80941828.39000002,41323800.95,862166546.2099999,1597639246.56,735472700.35,-13090875.730000004,2565.22,3243.87,956.15,1278.91,3520.97,2400.47,0.0,119.1,,,,,,,基础化工,化学制品,其他化学制品,12.36,12.45,12.34
sh603133,碳元科技,2021-03-15,12.24,12.24,11.81,11.94,12.24,4324100.0,51605415.0,2497671288.0,2510295450.0,-80941828.39000002,41323800.95,862166546.2099999,1597639246.56,735472700.35,-13090875.730000004,1799.1,1989.97,887.08,999.3,2474.37,1951.72,0.0,219.54,,,,,,,基础化工,化学制品,其他化学制品,12.01,11.91,11.96
sh603133,碳元科技,2021-03-16,11.94,12.51,11.86,12.2,11.94,4827000.0,58670000.0,2552059440.0,2564958500.0,-80941828.39000002,41323800.95,862166546.2099999,1597639246.56,735472700.35,-13090875.730000004,2389.28,1839.85,501.58,1146.91,2716.22,2388.75,0.0,231.58,,,,,,,基础化工,化学制品,其他化学制品,12.08,12.04,12.06
sh603133,碳元科技,2021-03-17,12.17,12.63,11.95,12.58,12.2,7300582.0,90347974.0,2631549816.0,2644850650.0,-80941828.39000002,41323800.95,862166546.2099999,1597639246.56,735472700.35,-13090875.730000004,3669.43,3612.83,1275.03,1522.59,3805.37,3495.08,0.0,119.34,,,,,,,基础化工,化学制品,其他化学制品,12.02,12.04,12.08
sh603133,碳元科技,2021-03-18,12.56,12.94,12.17,12.76,12.58,8995883.0,112849865.0,2669203152.0,2682694300.0,-80941828.39000002,41323800.95,862166546.2099999,1597639246.56,735472700.35,-13090875.730000004,4633.79,4645.29,1920.7,1344.49,4629.18,5062.59,0.0,131.29,,,,,,,基础化工,化学制品,其他化学制品,12.32,12.32,12.28
sh603133,碳元科技,2021-03-19,12.48,12.79,12.38,12.4,12.76,5295399.0,66331911.0,2593896480.0,2607007000.0,-80941828.39000002,41323800.95,862166546.2099999,1597639246.56,735472700.35,-13090875.730000004,2764.21,2860.71,907.48,963.32,2752.71,2809.16,208.79,0.0,,,,,,,基础化工,化学制品,其他化学制品,12.62,12.6,12.5
sh603133,碳元科技,2021-03-22,12.46,12.47,12.2,12.4,12.4,3572500.0,44111545.0,2593896480.0,2607007000.0,-80941828.39000002,41323800.95,862166546.2099999,1597639246.56,735472700.35,-13090875.730000004,1807.41,1810.71,388.41,598.72,2215.34,1874.47,0.0,127.25,,,,,,,基础化工,化学制品,其他化学制品,12.34,12.39,12.45
sh603133,碳元科技,2021-03-23,12.45,12.46,11.84,11.91,12.4,5020508.0,60483194.0,2491395732.0,2503988175.0,-80941828.39000002,41323800.95,862166546.2099999,1597639246.56,735472700.35,-13090875.730000004,2522.58,2736.18,475.48,1168.36,3050.25,1941.9,0.0,201.88,,,,,,,基础化工,化学制品,其他化学制品,12.32,12.22,12.09
sh603133,碳元科技,2021-03-24,11.77,11.88,11.51,11.62,11.91,3577900.0,41510312.0,2430732024.0,2443017850.0,-80941828.39000002,41323800.95,862166546.2099999,1597639246.56,735472700.35,-13090875.730000004,1465.44,1700.93,673.8,917.55,2011.79,1532.56,0.0,0.0,,,,,,,基础化工,化学制品,其他化学制品,11.69,11.57,11.59
sh603133,碳元科技,2021-03-25,11.82,11.82,11.55,11.66,11.62,2224550.0,25952665.0,2439099432.0,2451427550.0,-80941828.39000002,41323800.95,862166546.2099999,1597639246.56,735472700.35,-13090875.730000004,948.65,1128.88,269.08,478.46,1169.63,987.93,207.91,0.0,,,,,,,基础化工,化学制品,其他化学制品,11.66,11.63,11.62
sh603133,碳元科技,2021-03-26,11.66,11.66,11.34,11.52,11.66,2894823.0,33187817.0,2409813504.0,2421993600.0,-80941828.39000002,41323800.95,862166546.2099999,1597639246.56,735472700.35,-13090875.730000004,1241.19,1478.13,197.88,578.32,1879.71,1262.33,0.0,0.0,,,,,,,基础化工,化学制品,其他化学制品,11.57,11.53,11.44
sh603133,碳元科技,2021-03-29,11.49,11.63,11.35,11.54,11.52,2407800.0,27678249.0,2413997208.0,2426198450.0,-80941828.39000002,41323800.95,862166546.2099999,1597639246.56,735472700.35,-13090875.730000004,1187.58,1269.25,172.89,453.46,1407.35,1045.12,0.0,0.0,,,,,,,基础化工,化学制品,其他化学制品,11.4,11.46,11.39
sh603133,碳元科技,2021-03-30,11.58,11.58,11.01,11.02,11.54,4125700.0,45925668.0,2305220904.0,2316872350.0,-80941828.39000002,41323800.95,862166546.2099999,1597639246.56,735472700.35,-13090875.730000004,1688.79,1959.27,456.96,967.06,2446.82,1566.04,0.0,100.2,,,,,,,基础化工,化学制品,其他化学制品,11.42,11.28,11.08
sh603133,碳元科技,2021-03-31,10.99,11.22,10.75,11.04,11.02,2294000.0,25191361.0,2309404608.0,2321077200.0,-80941828.39000002,41323800.95,862166546.2099999,1597639246.56,735472700.35,-13090875.730000004,945.98,893.28,275.26,580.0,1227.89,975.85,0.0,0.0,,,,,,,基础化工,化学制品,其他化学制品,10.82,10.83,10.93
sh603133,碳元科技,2021-04-01,11.07,11.09,10.91,11.04,11.04,2092300.0,23002280.0,2309404608.0,2321077200.0,-80941828.39000002,41323800.95,862166546.2099999,1597639246.56,735472700.35,-13090875.730000004,999.36,1107.53,362.46,439.74,938.41,752.95,0.0,0.0,,,,,,,基础化工,化学制品,其他化学制品,11.0,10.94,10.95
sh603133,碳元科技,2021-04-02,11.04,11.28,11.01,11.11,11.04,1832400.0,20414980.0,2324047572.0,2335794175.0,-80941828.39000002,41323800.95,862166546.2099999,1597639246.56,735472700.35,-13090875.730000004,998.35,889.62,135.12,220.49,908.03,931.39,0.0,0.0,,,,,,,基础化工,化学制品,其他化学制品,11.1,11.1,11.15
sh603133,碳元科技,2021-04-06,11.12,11.41,11.12,11.35,11.11,3010800.0,34055411.0,2374252020.0,2386252375.0,-80941828.39000002,41323800.95,862166546.2099999,1597639246.56,735472700.35,-13090875.730000004,1528.18,1245.76,557.31,785.9,1320.06,1373.87,0.0,0.0,,,,,,,基础化工,化学制品,其他化学制品,11.19,11.22,11.17
sh603133,碳元科技,2021-04-07,11.35,11.53,11.3,11.46,11.35,2154162.0,24649010.0,2397262392.0,2409379050.0,-80941828.39000002,41323800.95,862166546.2099999,1597639246.56,735472700.35,-13090875.730000004,1015.5,1010.74,270.29,306.16,1179.1,1148.0,0.0,0.0,,,,,,,基础化工,化学制品,其他化学制品,11.32,11.36,11.38
sh603133,碳元科技,2021-04-08,11.46,11.5,11.19,11.22,11.46,2567200.0,29082303.0,2347057944.0,2358920850.0,-80941828.39000002,41323800.95,862166546.2099999,1597639246.56,735472700.35,-13090875.730000004,1003.7,1257.46,323.16,528.24,1393.23,928.36,111.16,117.18,,,,,,,基础化工,化学制品,其他化学制品,11.43,11.33,11.5
sh603133,碳元科技,2021-04-09,11.23,11.35,11.1,11.3,11.22,1397700.0,15753003.0,2363792760.0,2375740250.0,-80941828.39000002,41323800.95,862166546.2099999,1597639246.56,735472700.35,-13090875.730000004,805.23,667.56,106.6,173.42,663.46,734.32,0.0,0.0,,,,,,,基础化工,化学制品,其他化学制品,11.15,11.19,11.26
sh603133,碳元科技,2021-04-12,11.3,11.41,10.93,10.98,11.3,2287800.0,25375274.0,2296853496.0,2308462650.0,-80941828.39000002,41323800.95,862166546.2099999,1597639246.56,735472700.35,-13090875.730000004,829.68,1212.04,73.83,485.66,1480.47,839.83,153.54,0.0,,,,,,,基础化工,化学制品,其他化学制品,11.29,11.18,11.17
sh603133,碳元科技,2021-04-13,10.98,11.14,10.95,10.95,10.98,1900662.0,20934457.0,2290577940.0,2300781150.0,-80941828.39000002,41323800.95,862166546.2099999,1597639246.56,735472700.35,-13090875.730000004,703.38,637.86,496.9,165.69,784.36,546.69,108.8,743.21,,,,,,,基础化工,化学制品,其他化学制品,10.99,11.09,11.09
sh603133,碳元科技,2021-04-14,10.95,11.08,10.82,11.04,10.95,1510900.0,16628409.0,2309404608.0,2319691680.0,-80941828.39000002,41323800.95,862166546.2099999,1597639246.56,735472700.35,-13090875.730000004,638.5,827.41,265.33,306.61,674.89,444.7,0.0,0.0,,,,,,,基础化工,化学制品,其他化学制品,10.85,11.0,11.0
sh603133,碳元科技,2021-04-15,11.01,11.01,10.71,10.87,11.04,1992700.0,21627001.0,2273843124.0,2283971790.0,-80941828.39000002,41323800.95,862166546.2099999,1597639246.56,735472700.35,-13090875.730000004,956.79,1119.78,183.37,287.73,1022.53,755.2,0.0,0.0,,,,,,,基础化工,化学制品,其他化学制品,10.95,10.9,10.94
sh603133,碳元科技,2021-04-16,10.85,11.15,10.75,11.12,10.87,1944700.0,21416596.0,2326139424.0,2336501040.0,-80941828.39000002,41323800.95,862166546.2099999,1597639246.56,735472700.35,-13090875.730000004,873.87,883.23,366.85,111.04,900.93,1147.38,0.0,0.0,,,,,,,基础化工,化学制品,其他化学制品,10.79,10.87,10.88
sh603133,碳元科技,2021-04-19,11.2,11.25,11.1,11.21,11.12,1942592.0,21745630.0,2344966092.0,2355411570.0,-80941828.39000002,41323800.95,862166546.2099999,1597639246.56,735472700.35,-13090875.730000004,965.94,799.28,229.89,273.39,978.73,1101.89,0.0,0.0,,,,,,,基础化工,化学制品,其他化学制品,11.15,11.19,11.12
sh603133,碳元科技,2021-04-20,11.24,11.26,11.05,11.07,11.21,2042600.0,22774820.0,2315680164.0,2325995190.0,-80941828.39000002,41323800.95,862166546.2099999,1597639246.56,735472700.35,-13090875.730000004,975.01,952.0,155.12,369.75,1147.35,955.72,0.0,0.0,,,,,,,基础化工,化学制品,其他化学制品,11.15,11.2,11.23
sh603133,碳元科技,2021-04-21,11.03,11.05,10.86,10.9,11.07,1638400.0,17879491.0,2280118680.0,2290275300.0,-80941828.39000002,41323800.95,862166546.2099999,1597639246.56,735472700.35,-13090875.730000004,819.44,661.85,80.19,137.88,888.32,988.22,0.0,0.0,,,,,,,基础化工,化学制品,其他化学制品,10.93,10.87,10.95
sh603133,碳元科技,2021-04-22,10.9,10.99,10.85,10.94,10.9,1539800.0,16788864.0,2288486088.0,2298679980.0,-80941828.39000002,41323800.95,862166546.2099999,1597639246.56,735472700.35,-13090875.730000004,659.04,692.39,301.46,348.38,718.39,638.11,0.0,0.0,,,,,,,基础化工,化学制品,其他化学制品,10.95,10.93,10.91
sh603133,碳元科技,2021-04-23,10.94,10.95,10.38,10.54,10.94,3076800.0,32489247.0,2204812008.0,2214633180.0,-80941828.39000002,41323800.95,862166546.2099999,1597639246.56,735472700.35,-13090875.730000004,1192.61,1350.67,508.26,424.3,1548.06,1473.95,0.0,0.0,,,,,,,基础化工,化学制品,其他化学制品,10.78,10.47,10.53
sh603133,碳元科技,2021-04-26,10.55,10.8,10.4,10.56,10.54,2545500.0,26913002.0,2208995712.0,2218835520.0,-80941828.39000002,41323800.95,862166546.2099999,1597639246.56,735472700.35,-13090875.730000004,1154.29,1104.25,296.72,257.61,1240.29,1228.46,0.0,100.97,,,,,,,基础化工,化学制品,其他化学制品,10.48,10.48,10.44
sh603133,碳元科技,2021-04-27,10.54,10.55,10.17,10.26,10.56,3019600.0,31073159.0,2146240152.0,2155800420.0,-80941828.39000002,41323800.95,862166546.2099999,1597639246.56,735472700.35,-13090875.730000004,1209.68,1248.44,518.02,715.29,1263.38,1143.59,116.24,0.0,,,,,,,基础化工,化学制品,其他化学制品,10.53,10.41,10.37
sh603133,碳元科技,2021-04-28,9.66,10.1,9.34,9.82,10.26,4098149.0,40337643.0,2054198664.0,2063348940.0,-112433551.23,62709696.53,897933253.91,1764875414.74,866942160.83,-39439619.2,1710.17,1819.21,318.65,605.22,2004.95,1609.34,0.0,0.0,,,,,,,基础化工,化学制品,其他化学制品,9.74,9.83,9.99
sh603133,碳元科技,2021-04-29,9.72,9.81,9.53,9.56,9.82,3267600.0,31561277.0,1999810512.0,2008718520.0,-112433551.23,62709696.53,897933253.91,1764875414.74,866942160.83,-39439619.2,1299.38,1151.38,215.1,523.11,1641.65,1374.7,0.0,106.93,,,,,,,基础化工,化学制品,其他化学制品,9.73,9.76,9.76
sh603133,碳元科技,2021-04-30,9.61,9.61,9.1,9.38,9.56,3215900.0,30075947.0,1962157176.0,1970897460.0,-112433551.23,62709696.53,897933253.91,1764875414.74,866942160.83,-39439619.2,1166.75,1153.56,326.7,493.69,1514.14,1360.35,0.0,0.0,,,,,,,基础化工,化学制品,其他化学制品,9.58,9.45,9.48
sh603133,碳元科技,2021-05-06,9.39,9.58,9.33,9.33,9.38,1907300.0,17997337.0,1951697916.0,1960391610.0,-112433551.23,62709696.53,897933253.91,1764875414.74,866942160.83,-39439619.2,621.91,633.44,211.14,237.64,966.68,928.65,0.0,0.0,,,,,,,基础化工,化学制品,其他化学制品,9.44,9.46,9.43
sh603133,碳元科技,2021-05-07,9.37,9.43,9.19,9.32,9.33,2155500.0,20116580.0,1949606064.0,1958290440.0,-112433551.23,62709696.53,897933253.91,1764875414.74,866942160.83,-39439619.2,868.84,929.62,142.79,154.2,1000.02,927.84,0.0,0.0,,,,,,,基础化工,化学制品,其他化学制品,9.35,9.22,9.25
sh603133,碳元科技,2021-05-10,9.33,9.35,8.92,9.04,9.32,3859300.0,35092041.0,1891034208.0,1899457680.0,-112433551.23,62709696.53,897933253.91,1764875414.74,866942160.83,-39439619.2,1388.52,1584.01,318.64,528.07,1802.05,1397.12,0.0,0.0,,,,,,,基础化工,化学制品,其他化学制品,9.32,9.29,9.25
sh603133,碳元科技,2021-05-11,9.05,9.26,9.02,9.18,9.04,3094800.0,28316408.0,1920320136.0,1928874060.0,-112433551.23,62709696.53,897933253.91,1764875414.74,866942160.83,-39439619.2,1225.26,998.93,178.85,177.88,1248.79,1362.99,178.75,291.84,,,,,,,基础化工,化学制品,其他化学制品,9.19,9.14,9.15
sh603133,碳元科技,2021-05-12,9.18,9.29,9.03,9.26,9.18,2688600.0,24700661.0,1937054952.0,1945683420.0,-112433551.23,62709696.53,897933253.91,1764875414.74,866942160.83,-39439619.2,1023.03,987.01,491.79,331.26,955.25,1151.8,0.0,0.0,,,,,,,基础化工,化学制品,其他化学制品,9.1,9.09,9.12
sh603133,碳元科技,2021-05-13,9.21,9.57,9.15,9.4,9.26,4979753.0,46937646.0,1966340880.0,1975099800.0,-112433551.23,62709696.53,897933253.91,1764875414.74,866942160.83,-39439619.2,1580.61,1732.45,770.9,505.11,1802.01,2193.01,540.24,263.2,,,,,,,基础化工,化学制品,其他化学制品,9.27,9.38,9.56
sh603133,碳元科技,2021-05-14,9.37,9.48,9.28,9.4,9.4,3095393.0,29100858.0,1966340880.0,1975099800.0,-112433551.23,62709696.53,897933253.91,1764875414.74,866942160.83,-39439619.2,1236.36,1024.0,302.69,445.34,1086.38,1313.8,157.71,0.0,,,,,,,基础化工,化学制品,其他化学制品,9.34,9.39,9.42
sh603133,碳元科技,2021-05-17,9.44,9.46,8.98,9.03,9.4,5710100.0,52338499.0,1888942356.0,1897356510.0,-112433551.23,62709696.53,897933253.91,1764875414.74,866942160.83,-39439619.2,1828.24,1761.2,753.94,1346.68,2279.44,1864.19,372.24,261.78,,,,,,,基础化工,化学制品,其他化学制品,9.31,9.18,9.33
sh603133,碳元科技,2021-05-18,9.0,9.03,8.82,8.97,9.03,3846822.0,34299001.0,1876391244.0,1884749490.0,-112433551.23,62709696.53,897933253.91,1764875414.74,866942160.83,-39439619.2,1281.6,1403.38,287.55,734.15,1740.38,1292.37,120.37,0.0,,,,,,,基础化工,化学制品,其他化学制品,8.93,8.94,8.88
sh603133,碳元科技,2021-05-19,8.97,9.07,8.94,9.01,8.97,3041233.0,27377890.0,1884758652.0,1893154170.0,-112433551.23,62709696.53,897933253.91,1764875414.74,866942160.83,-39439619.2,993.68,894.57,627.86,450.32,1116.25,991.47,0.0,401.44,,,,,,,基础化工,化学制品,其他化学制品,8.97,8.97,9.03
sh603133,碳元科技,2021-05-20,9.03,9.05,8.76,8.91,9.01,3226150.0,28608553.0,1863840132.0,1872142470.0,-112433551.23,62709696.53,897933253.91,1764875414.74,866942160.83,-39439619.2,1222.76,1099.1,321.93,221.2,1316.17,1540.56,0.0,0.0,,,,,,,基础化工,化学制品,其他化学制品,8.97,8.86,8.84
sh603133,碳元科技,2021-05-21,8.91,9.01,8.81,8.9,8.91,2657800.0,23722200.0,1861748280.0,1870041300.0,-112433551.23,62709696.53,897933253.91,1764875414.74,866942160.83,-39439619.2,1111.39,908.97,20.27,411.22,1240.56,1052.03,0.0,0.0,,,,,,,基础化工,化学制品,其他化学制品,8.85,8.88,8.93
sh603133,碳元科技,2021-05-24,8.91,9.15,8.81,9.06,8.9,3176224.0,28739923.0,1895217912.0,1903660020.0,-112433551.23,62709696.53,897933253.91,1764875414.74,866942160.83,-39439619.2,1271.54,1252.11,369.9,450.75,1232.55,1171.13,0.0,0.0,,,,,,,基础化工,化学制品,其他化学制品,8.9,8.94,9.03
sh603133,碳元科技,2021-05-25,9.09,9.14,8.97,9.08,9.06,2231900.0,20224901.0,1899401616.0,1907862360.0,-112433551.23,62709696.53,897933253.91,1764875414.74,866942160.83,-39439619.2,868.16,806.15,216.49,227.36,937.84,988.98,0.0,0.0,,,,,,,基础化工,化学制品,其他化学制品,9.11,9.05,9.03
sh603133,碳元科技,2021-05-26,9.1,9.28,8.98,9.2,9.08,3891900.0,35801961.0,1924503840.0,1933076400.0,-112433551.23,62709696.53,897933253.91,1764875414.74,866942160.83,-39439619.2,1544.07,1274.62,776.21,905.4,1259.92,1400.18,0.0,0.0,,,,,,,基础化工,化学制品,其他化学制品,9.06,9.22,9.19
sh603133,碳元科技,2021-05-27,9.2,9.38,9.15,9.32,9.2,3633879.0,33766494.0,1949606064.0,1958290440.0,-112433551.23,62709696.53,897933253.91,1764875414.74,866942160.83,-39439619.2,1647.37,1501.37,315.79,707.18,1413.48,1168.09,0.0,0.0,,,,,,,基础化工,化学制品,其他化学制品,9.25,9.3,9.27
sh603133,碳元科技,2021-05-28,9.28,9.43,9.22,9.27,9.32,3109371.0,28950784.0,1939146804.0,1947784590.0,-112433551.23,62709696.53,897933253.91,1764875414.74,866942160.83,-39439619.2,1174.71,1229.68,452.1,504.9,1163.37,1055.6,0.0,0.0,,,,,,,基础化工,化学制品,其他化学制品,9.33,9.36,9.38
sh603133,碳元科技,2021-05-31,9.3,9.46,9.3,9.4,9.27,3521300.0,33112937.0,1966340880.0,1975099800.0,-112433551.23,62709696.53,897933253.91,1764875414.74,866942160.83,-39439619.2,1350.16,1204.42,288.86,507.25,1672.28,1485.28,0.0,114.34,,,,,,,基础化工,化学制品,其他化学制品,9.43,9.43,9.45
sh603133,碳元科技,2021-06-01,9.4,9.78,9.3,9.72,9.4,6216000.0,59851104.0,2033280144.0,2042337240.0,-112433551.23,62709696.53,897933253.91,1764875414.74,866942160.83,-39439619.2,2349.52,2299.44,565.25,754.37,2884.35,2785.65,186.0,145.65,,,,,,,基础化工,化学制品,其他化学制品,9.35,9.6,9.51
sh603133,碳元科技,2021-06-02,9.68,10.55,9.62,10.2,9.72,11276140.0,113853726.0,2133689040.0,2143193400.0,-112433551.23,62709696.53,897933253.91,1764875414.74,866942160.83,-39439619.2,4354.05,4538.77,1807.55,1158.76,5127.29,5485.5,96.49,202.35,,,,,,,基础化工,化学制品,其他化学制品,9.77,9.8,9.79
sh603133,碳元科技,2021-06-03,10.15,10.57,10.02,10.15,10.2,8578361.0,87885630.0,2123229780.0,2132687550.0,-112433551.23,62709696.53,897933253.91,1764875414.74,866942160.83,-39439619.2,3229.89,2919.28,1110.56,1060.97,4411.37,4808.31,36.75,0.0,,,,,,,基础化工,化学制品,其他化学制品,10.21,10.31,10.55
sh603133,碳元科技,2021-06-04,10.1,10.14,9.92,9.93,10.15,4757132.0,47536643.0,2077209036.0,2086461810.0,-112433551.23,62709696.53,897933253.91,1764875414.74,866942160.83,-39439619.2,1622.72,1892.09,444.9,486.34,2467.61,2257.47,218.43,117.77,,,,,,,基础化工,化学制品,其他化学制品,10.05,10.06,10.02
sh603133,碳元科技,2021-06-07,9.98,10.23,9.98,10.1,9.93,3246871.0,32741225.0,2112770520.0,2122181700.0,-112433551.23,62709696.53,897933253.91,1764875414.74,866942160.83,-39439619.2,1103.62,1259.84,379.02,374.42,1591.65,1472.8,188.92,156.15,,,,,,,基础化工,化学制品,其他化学制品,10.19,10.07,10.08
sh603133,碳元科技,2021-06-08,10.09,10.38,10.04,10.32,10.1,4297979.0,43853688.0,2158791264.0,2168407440.0,-112433551.23,62709696.53,897933253.91,1764875414.74,866942160.83,-39439619.2,1435.34,1580.85,407.65,494.35,2392.96,2198.74,149.42,111.43,,,,,,,基础化工,化学制品,其他化学制品,10.16,10.1,10.07
sh603133,碳元科技,2021-06-09,10.27,10.42,10.17,10.27,10.32,3056300.0,31488475.0,2148332004.0,2157901590.0,-112433551.23,62709696.53,897933253.91,1764875414.74,866942160.83,-39439619.2,930.15,1143.86,556.53,458.78,1611.03,1546.2,51.14,0.0,,,,,,,基础化工,化学制品,其他化学制品,10.21,10.26,10.38
sh603133,碳元科技,2021-06-10,10.29,10.51,10.09,10.45,10.27,4210300.0,43684694.0,2185985340.0,2195722650.0,-112433551.23,62709696.53,897933253.91,1764875414.74,866942160.83,-39439619.2,1630.1,1714.85,384.79,497.53,2353.57,2156.09,0.0,0.0,,,,,,,基础化工,化学制品,其他化学制品,10.23,10.18,10.29
sh603133,碳元科技,2021-06-11,10.43,11.26,10.37,10.87,10.45,7060172.0,77115353.0,2273843124.0,2283971790.0,-112433551.23,62709696.53,897933253.91,1764875414.74,866942160.83,-39439619.2,2832.76,2696.39,992.74,729.69,3886.04,4280.23,0.0,5.23,,,,,,,基础化工,化学制品,其他化学制品,10.58,10.8,10.77
sh603133,碳元科技,2021-06-15,10.86,10.93,10.44,10.46,10.87,5097300.0,53981591.0,2188077192.0,2197823820.0,-112433551.23,62709696.53,897933253.91,1764875414.74,866942160.83,-39439619.2,1945.31,1739.78,693.62,1364.58,2759.23,2293.8,0.0,0.0,,,,,,,基础化工,化学制品,其他化学制品,10.84,10.58,10.63
sh603133,碳元科技,2021-06-16,10.45,10.9,10.32,10.39,10.46,4413467.0,46886100.0,2173434228.0,2183115630.0,-112433551.23,62709696.53,897933253.91,1764875414.74,866942160.83,-39439619.2,1512.38,1529.84,584.87,458.65,2591.36,2512.31,0.0,187.81,,,,,,,基础化工,化学制品,其他化学制品,10.8,10.79,10.72
sh603133,碳元科技,2021-06-17,10.45,10.52,10.13,10.25,10.39,3421561.0,35173818.0,2144148300.0,2153699250.0,-112433551.23,62709696.53,897933253.91,1764875414.74,866942160.83,-39439619.2,1099.8,1214.61,157.88,511.92,2259.71,1757.2,0.0,33.65,,,,,,,基础化工,化学制品,其他化学制品,10.44,10.39,10.47
sh603133,碳元科技,2021-06-18,10.25,10.54,10.12,10.44,10.25,4155300.0,42952411.0,2183893488.0,2193621480.0,-112433551.23,62709696.53,897933253.91,1764875414.74,866942160.83,-39439619.2,1076.19,1389.16,516.73,852.14,2702.32,1874.3,0.0,179.63,,,,,,,基础化工,化学制品,其他化学制品,10.31,10.15,10.26
sh603133,碳元科技,2021-06-21,10.4,10.75,10.4,10.47,10.44,2842593.0,29995640.0,2190169044.0,2199924990.0,-112433551.23,62709696.53,897933253.91,1764875414.74,866942160.83,-39439619.2,795.17,836.81,183.07,553.76,2021.33,1599.82,0.0,9.17,,,,,,,基础化工,化学制品,其他化学制品,10.56,10.61,10.6
sh603133,碳元科技,2021-06-22,10.51,10.6,10.32,10.35,10.47,2579800.0,26882789.0,2165066820.0,2174710950.0,-112433551.23,62709696.53,897933253.91,1764875414.74,866942160.83,-39439619.2,634.55,923.83,289.03,350.39,1764.7,1414.06,0.0,0.0,,,,,,,基础化工,化学制品,其他化学制品,10.54,10.52,10.48
sh603133,碳元科技,2021-06-23,10.37,10.47,10.16,10.19,10.35,2756900.0,28229648.0,2131597188.0,2141092230.0,-112433551.23,62709696.53,897933253.91,1764875414.74,866942160.83,-39439619.2,898.67,1064.72,246.74,152.55,1677.56,1605.69,0.0,0.0,,,,,,,基础化工,化学制品,其他化学制品,10.25,10.29,10.31
sh603133,碳元科技,2021-06-24,10.22,10.3,9.99,10.0,10.19,3220400.0,32594427.0,2091852000.0,2101170000.0,-112433551.23,62709696.53,897933253.91,1764875414.74,866942160.83,-39439619.2,1012.11,1154.79,303.07,566.97,1944.26,1535.98,0.0,1.7,,,,,,,基础化工,化学制品,其他化学制品,10.2,10.18,10.28
sh603133,碳元科技,2021-06-25,10.03,10.03,9.82,9.97,10.0,3012400.0,29893271.0,2085576444.0,2094866490.0,-112433551.23,62709696.53,897933253.91,1764875414.74,866942160.83,-39439619.2,1004.99,839.75,275.95,356.37,1515.28,1670.53,193.11,122.68,,,,,,,基础化工,化学制品,其他化学制品,9.89,9.93,9.97
sh603133,碳元科技,2021-06-28,9.95,10.34,9.9,10.26,9.97,2880100.0,29297185.0,2146240152.0,2155800420.0,-112433551.23,62709696.53,897933253.91,1764875414.74,866942160.83,-39439619.2,1008.5,1094.04,242.14,175.73,1679.08,1646.81,0.0,13.13,,,,,,,基础化工,化学制品,其他化学制品,9.95,10.01,10.01
sh603133,碳元科技,2021-06-29,10.25,10.26,9.98,10.02,10.26,2429700.0,24483660.0,2096035704.0,2105372340.0,-112433551.23,62709696.53,897933253.91,1764875414.74,866942160.83,-39439619.2,1064.75,699.62,167.5,152.36,1216.12,1596.39,0.0,0.0,,,,,,,基础化工,化学制品,其他化学制品,10.16,10.17,10.18
sh603133,碳元科技,2021-06-30,10.02,10.35,10.02,10.34,10.02,3440900.0,35326226.0,2162974968.0,2172609780.0,-112433551.23,62709696.53,897933253.91,1764875414.74,866942160.83,-39439619.2,1193.36,1387.59,452.7,457.01,1886.56,1688.03,0.0,0.0,,,,,,,基础化工,化学制品,其他化学制品,10.19,10.19,10.19
sh603133,碳元科技,2021-07-01,10.34,10.41,10.01,10.03,10.34,2843700.0,29021333.0,2098127556.0,2107473510.0,-112433551.23,62709696.53,897933253.91,1764875414.74,866942160.83,-39439619.2,1140.01,1040.65,166.75,286.94,1595.37,1574.54,0.0,0.0,,,,,,,基础化工,化学制品,其他化学制品,10.28,10.24,10.32
sh603133,碳元科技,2021-07-02,10.02,10.26,9.87,10.19,10.03,2284700.0,23171737.0,2131597188.0,2141092230.0,-112433551.23,62709696.53,897933253.91,1764875414.74,866942160.83,-39439619.2,730.28,746.36,282.6,272.86,1304.29,1176.01,0.0,121.95,,,,,,,基础化工,化学制品,其他化学制品,10.02,10.1,10.12
sh603133,碳元科技,2021-07-05,10.21,10.46,10.16,10.26,10.19,2332500.0,24041659.0,2146240152.0,2155800420.0,-112433551.23,62709696.53,897933253.91,1764875414.74,866942160.83,-39439619.2,887.3,869.46,133.93,260.76,1382.94,1273.95,0.0,0.0,,,,,,,基础化工,化学制品,其他化学制品,10.36,10.39,10.4
sh603133,碳元科技,2021-07-06,10.18,10.53,10.15,10.47,10.26,3381551.0,35196911.0,2190169044.0,2199924990.0,-112433551.23,62709696.53,897933253.91,1764875414.74,866942160.83,-39439619.2,1081.37,1292.91,265.87,218.84,2172.45,2007.94,0.0,0.0,,,,,,,基础化工,化学制品,其他化学制品,10.28,10.42,10.39
sh603133,碳元科技,2021-07-07,10.4,10.98,10.4,10.74,10.47,5393351.0,57977434.0,2246649048.0,2256656580.0,-112433551.23,62709696.53,897933253.91,1764875414.74,866942160.83,-39439619.2,2478.25,2385.5,573.15,502.97,2746.34,2909.27,0.0,0.0,,,,,,,基础化工,化学制品,其他化学制品,10.54,10.76,10.82
sh603133,碳元科技,2021-07-08,10.85,10.85,10.62,10.77,10.74,2922100.0,31349256.0,2252924604.0,2262960090.0,-112433551.23,62709696.53,897933253.91,1764875414.74,866942160.83,-39439619.2,1204.63,1161.65,211.16,274.43,1719.14,1698.85,0.0,0.0,,,,,,,基础化工,化学制品,其他化学制品,10.63,10.76,10.8
sh603133,碳元科技,2021-07-09,10.77,11.06,10.55,10.95,10.77,4898008.0,53517000.0,2290577940.0,2300781150.0,-112433551.23,62709696.53,897933253.91,1764875414.74,866942160.83,-39439619.2,2032.83,2115.01,903.85,511.1,2415.03,2725.59,0.0,0.0,,,,,,,基础化工,化学制品,其他化学制品,10.71,10.73,10.75
sh603133,碳元科技,2021-07-12,10.99,10.99,10.72,10.84,10.95,3791800.0,41112805.0,2267567568.0,2277668280.0,-112433551.23,62709696.53,897933253.91,1764875414.74,866942160.83,-39439619.2,1711.89,1680.17,487.2,413.88,1912.19,1882.17,0.0,135.07,,,,,,,基础化工,化学制品,其他化学制品,10.89,10.91,10.85
sh603133,碳元科技,2021-07-13,10.94,11.5,10.82,11.14,10.84,6419971.0,71633017.0,2330323128.0,2340703380.0,-112433551.23,62709696.53,897933253.91,1764875414.74,866942160.83,-39439619.2,3157.96,2583.19,1309.82,1237.0,2625.95,3184.36,69.58,158.75,,,,,,,基础化工,化学制品,其他化学制品,10.84,10.92,10.87
sh603133,碳元科技,2021-07-14,11.15,11.85,10.96,11.35,11.14,8429400.0,95782161.0,2374252020.0,2384827950.0,-112433551.23,62709696.53,897933253.91,1764875414.74,866942160.83,-39439619.2,3784.1,3651.44,1593.31,1472.1,4006.41,4454.68,194.39,0.0,,,,,,,基础化工,化学制品,其他化学制品,11.2,11.19,11.2
sh603133,碳元科技,2021-07-15,11.36,11.39,10.84,10.89,11.35,6067900.0,66895930.0,2278026828.0,2288174130.0,-112433551.23,62709696.53,897933253.91,1764875414.74,866942160.83,-39439619.2,2590.84,2450.68,962.15,696.65,3136.5,3542.27,0.11,0.0,,,,,,,基础化工,化学制品,其他化学制品,11.21,11.2,11.11
sh603133,碳元科技,2021-07-16,11.05,11.33,10.91,10.98,10.89,4917102.0,54783145.0,2296853496.0,2307084660.0,-112433551.23,62709696.53,897933253.91,1764875414.74,866942160.83,-39439619.2,2035.16,2227.29,612.52,500.09,2661.15,2522.25,169.49,228.69,,,,,,,基础化工,化学制品,其他化学制品,11.04,11.15,11.01
sh603133,碳元科技,2021-07-19,10.98,11.54,10.88,11.24,10.98,5819792.0,65529596.0,2351241648.0,2361715080.0,-112433551.23,62709696.53,897933253.91,1764875414.74,866942160.83,-39439619.2,2358.81,2577.25,1010.56,943.49,3080.18,2928.81,0.0,0.0,,,,,,,基础化工,化学制品,其他化学制品,11.07,10.95,10.94
sh603133,碳元科技,2021-07-20,11.23,11.4,11.06,11.28,11.24,3059902.0,34337254.0,2359609056.0,2370119760.0,-112433551.23,62709696.53,897933253.91,1764875414.74,866942160.83,-39439619.2,957.27,1325.16,342.93,474.84,2002.9,1531.53,130.62,102.2,,,,,,,基础化工,化学制品,其他化学制品,11.24,11.12,11.13
sh603133,碳元科技,2021-07-21,11.39,11.55,11.19,11.41,11.28,4263950.0,48531415.0,2386803132.0,2397434970.0,-112433551.23,62709696.53,897933253.91,1764875414.74,866942160.83,-39439619.2,1689.37,1558.57,636.91,1202.01,2414.15,2092.56,112.72,0.0,,,,,,,基础化工,化学制品,其他化学制品,11.26,11.22,11.23
sh603133,碳元科技,2021-07-22,11.42,11.57,11.26,11.51,11.41,4347200.0,49674825.0,2407721652.0,2418446670.0,-112433551.23,62709696.53,897933253.91,1764875414.74,866942160.83,-39439619.2,1940.12,1567.94,760.29,994.93,2267.07,1997.79,0.0,406.83,,,,,,,基础化工,化学制品,其他化学制品,11.43,11.34,11.33
sh603133,碳元科技,2021-07-23,11.6,12.12,11.52,11.54,11.51,7354100.0,86594613.0,2413997208.0,2424750180.0,-112433551.23,62709696.53,897933253.91,1764875414.74,866942160.83,-39439619.2,3099.63,2636.32,1442.33,1854.92,3874.19,4168.23,243.31,0.0,,,,,,,基础化工,化学制品,其他化学制品,11.71,11.9,11.9
sh603133,碳元科技,2021-07-26,11.71,11.84,10.98,11.1,11.54,5840750.0,65433703.0,2321955720.0,2332298700.0,-112433551.23,62709696.53,897933253.91,1764875414.74,866942160.83,-39439619.2,2233.2,2312.59,695.02,1011.06,3578.9,3219.72,36.26,0.0,,,,,,,基础化工,化学制品,其他化学制品,11.64,11.28,11.32
sh603133,碳元科技,2021-07-27,11.26,11.33,10.98,11.05,11.1,3799700.0,42337441.0,2311496460.0,2321792850.0,-112433551.23,62709696.53,897933253.91,1764875414.74,866942160.83,-39439619.2,1031.18,1396.74,429.33,765.05,2773.24,2071.96,0.0,0.0,,,,,,,基础化工,化学制品,其他化学制品,11.22,11.12,11.11
sh603133,碳元科技,2021-07-28,11.02,11.1,10.4,10.4,11.05,3994450.0,42440995.0,2175526080.0,2185216800.0,-112433551.23,62709696.53,897933253.91,1764875414.74,866942160.83,-39439619.2,1282.35,1135.07,381.14,679.76,2580.93,2429.58,0.0,0.0,,,,,,,基础化工,化学制品,其他化学制品,10.88,10.5,10.6
sh603133,碳元科技,2021-07-29,10.58,11.21,10.58,11.12,10.4,6114961.0,67416545.0,2326139424.0,2336501040.0,-112433551.23,62709696.53,897933253.91,1764875414.74,866942160.83,-39439619.2,2132.23,1819.83,949.84,1329.24,3618.6,2896.62,40.99,695.97,,,,,,,基础化工,化学制品,其他化学制品,10.79,10.99,11.02
sh603133,碳元科技,2021-07-30,11.05,11.72,11.01,11.44,11.12,8072599.0,92523822.0,2393078688.0,2403738480.0,-112433551.23,62709696.53,897933253.91,1764875414.74,866942160.83,-39439619.2,2780.9,2536.56,1663.06,2741.45,4444.44,3974.38,363.98,0.0,,,,,,,电子,消费电子,消费电子零部件及组装,11.09,11.14,11.18
sh603133,碳元科技,2021-08-02,11.47,11.67,11.34,11.6,11.44,4390100.0,50597221.0,2426548320.0,2437357200.0,-112433551.23,62709696.53,897933253.91,1764875414.74,866942160.83,-39439619.2,1550.64,1509.01,637.56,644.04,2757.84,2648.1,113.68,258.58,,,,,,,电子,消费电子,消费电子零部件及组装,11.4,11.6,11.55
sh603133,碳元科技,2021-08-03,11.58,11.72,11.37,11.42,11.6,4740900.0,54783637.0,2388894984.0,2399536140.0,-112433551.23,62709696.53,897933253.91,1764875414.74,866942160.83,-39439619.2,2117.79,1685.08,1085.75,896.01,2274.82,2607.63,0.0,289.64,,,,,,,电子,消费电子,消费电子零部件及组装,11.46,11.57,11.48
sh603133,碳元科技,2021-08-04,11.42,11.87,11.4,11.7,11.42,4620400.0,53965835.0,2447466840.0,2458368900.0,-112433551.23,62709696.53,897933253.91,1764875414.74,866942160.83,-39439619.2,1889.79,1864.54,1048.54,1169.1,2458.26,2236.67,0.0,126.28,,,,,,,电子,消费电子,消费电子零部件及组装,11.4,11.59,11.67
sh603133,碳元科技,2021-08-05,11.7,11.98,11.45,11.58,11.7,4856200.0,56928408.0,2422364616.0,2429722548.0,-112433551.23,62709696.53,897933253.91,1764875414.74,866942160.83,-39439619.2,1324.48,1521.01,1656.93,1152.62,2263.45,2206.33,447.97,812.88,,,,,,,电子,消费电子,消费电子零部件及组装,11.54,11.7,11.77
sh603133,碳元科技,2021-08-06,11.51,11.77,11.37,11.72,11.58,2837998.0,32912106.0,2451650544.0,2459097432.0,-112433551.23,62709696.53,897933253.91,1764875414.74,866942160.83,-39439619.2,973.11,1002.87,358.04,299.49,1960.06,1988.85,0.0,0.0,,,,,,,电子,消费电子,消费电子零部件及组装,11.41,11.56,11.52
sh603133,碳元科技,2021-08-09,11.73,11.93,11.3,11.74,11.72,6487601.0,75072146.0,2455834248.0,2463293844.0,-112433551.23,62709696.53,897933253.91,1764875414.74,866942160.83,-39439619.2,2693.17,2423.3,1442.83,1654.65,3371.21,3407.44,0.0,21.82,,,,,,,电子,消费电子,消费电子零部件及组装,11.68,11.42,11.46
sh603133,碳元科技,2021-08-10,11.74,12.2,11.56,11.78,11.74,5499203.0,65223855.0,2464201656.0,2471686668.0,-112433551.23,62709696.53,897933253.91,1764875414.74,866942160.83,-39439619.2,2163.24,2295.02,1046.74,1056.8,3119.66,2981.0,192.75,189.57,,,,,,,电子,消费电子,消费电子零部件及组装,11.66,11.82,12.05
sh603133,碳元科技,2021-08-11,11.72,11.85,11.54,11.76,11.78,3802400.0,44431030.0,2460017952.0,2467490256.0,-112433551.23,62709696.53,897933253.91,1764875414.74,866942160.83,-39439619.2,1123.44,1193.49,1166.26,1066.3,1914.49,1680.31,238.91,503.0,,,,,,,电子,消费电子,消费电子零部件及组装,11.62,11.68,11.72
sh603133,碳元科技,2021-08-12,11.76,11.97,11.7,11.94,11.76,4078600.0,48355662.0,2497671288.0,2505257964.0,-112433551.23,62709696.53,897933253.91,1764875414.74,866942160.83,-39439619.2,1558.3,1380.08,883.98,983.88,2393.28,2471.61,0.0,0.0,,,,,,,电子,消费电子,消费电子零部件及组装,11.7,11.83,11.78
sh603133,碳元科技,2021-08-13,12.14,13.13,12.13,13.13,11.94,22795070.0,295238474.0,2746601676.0,2754944478.0,-112433551.23,62709696.53,897933253.91,1764875414.74,866942160.83,-39439619.2,6598.96,8019.51,6638.73,4338.39,5149.97,6537.45,11136.18,10628.5,,,,,,,电子,消费电子,消费电子零部件及组装,12.39,13.13,13.13
sh603133,碳元科技,2021-08-16,13.1,13.1,12.38,12.42,13.13,27586334.0,351098690.0,2598080184.0,2605971852.0,-112433551.23,62709696.53,897933253.91,1764875414.74,866942160.83,-39439619.2,11966.07,11088.17,6889.13,7403.02,15928.44,13525.02,326.23,3093.65,,,,,,,电子,消费电子,消费电子零部件及组装,12.65,13.01,12.74
sh603133,碳元科技,2021-08-17,12.17,12.35,11.18,11.24,12.42,19122931.0,223032258.0,2351241648.0,2358383544.0,-112433551.23,62709696.53,897933253.91,1764875414.74,866942160.83,-39439619.2,7428.28,7599.51,4211.4,4378.77,10492.86,9871.84,170.69,453.11,,,,,,,电子,消费电子,消费电子零部件及组装,11.84,11.81,11.81
sh603133,碳元科技,2021-08-18,11.14,11.51,10.98,11.22,11.24,11464950.0,128890627.0,2347057944.0,2354187132.0,-112433551.23,62709696.53,897933253.91,1764875414.74,866942160.83,-39439619.2,4141.6,3937.0,2731.59,2672.45,5443.5,5975.4,572.37,304.22,,,,,,,电子,消费电子,消费电子零部件及组装,11.16,11.14,11.04
sh603133,碳元科技,2021-08-19,11.26,11.69,10.99,11.39,11.22,11047700.0,125518746.0,2382619428.0,2389856634.0,-112433551.23,62709696.53,897933253.91,1764875414.74,866942160.83,-39439619.2,5109.3,4768.97,1318.49,1495.05,5616.87,6078.87,507.22,208.99,,,,,,,电子,消费电子,消费电子零部件及组装,11.17,11.03,11.04
sh603133,碳元科技,2021-08-20,11.13,11.28,10.9,11.02,11.39,7532100.0,83317020.0,2305220904.0,2312223012.0,-112433551.23,62709696.53,897933253.91,1764875414.74,866942160.83,-39439619.2,2945.66,3290.96,736.66,955.53,4649.39,3954.73,0.0,130.49,,,,,,,电子,消费电子,消费电子零部件及组装,11.14,11.23,11.18
sh603133,碳元科技,2021-08-23,11.01,11.33,11.01,11.25,11.02,7387634.0,82781666.0,2353333500.0,2360481750.0,-112433551.23,62709696.53,897933253.91,1764875414.74,866942160.83,-39439619.2,2609.13,3481.88,1061.38,1256.47,4551.36,3539.81,56.3,0.0,,,,,,,电子,消费电子,消费电子零部件及组装,11.11,11.15,11.15
sh603133,碳元科技,2021-08-24,11.4,11.78,11.28,11.76,11.25,14338923.0,165272692.0,2460017952.0,2467490256.0,-112433551.23,62709696.53,897933253.91,1764875414.74,866942160.83,-39439619.2,5694.74,6183.86,2404.67,3424.97,7943.0,6630.89,484.86,287.54,,,,,,,电子,消费电子,消费电子零部件及组装,11.62,11.39,11.35
sh603133,碳元科技,2021-08-25,12.1,12.23,11.14,11.39,11.76,17270187.0,197889340.0,2382619428.0,2389856634.0,-112433551.23,62709696.53,897933253.91,1764875414.74,866942160.83,-39439619.2,7109.98,7167.28,2526.38,3588.95,9542.16,7824.7,610.42,1208.01,,,,,,,电子,消费电子,消费电子零部件及组装,11.52,11.4,11.46
sh603133,碳元科技,2021-08-26,11.3,12.53,11.21,12.53,11.39,26360771.0,325210090.0,2621090556.0,2629052118.0,-112433551.23,62709696.53,897933253.91,1764875414.74,866942160.83,-39439619.2,9826.1,12333.32,8082.5,5519.27,7231.53,12274.3,7380.88,2394.12,,,,,,,电子,消费电子,消费电子零部件及组装,11.55,12.53,12.53
sh603133,碳元科技,2021-08-27,12.56,13.78,12.45,13.17,12.53,45775723.0,599956679.0,2754969084.0,2763337302.0,-112433551.23,62709696.53,897933253.91,1764875414.74,866942160.83,-39439619.2,20490.09,21599.13,11996.17,12834.09,22442.76,21207.41,5066.65,4355.04,,,,,,,电子,消费电子,消费电子零部件及组装,12.9,12.77,13.28
sh603133,碳元科技,2021-08-30,11.85,11.85,11.85,11.85,13.17,5679900.0,67306815.0,2478844620.0,2486374110.0,-407526406.98,57697454.75999999,482006609.15999997,1153410496.58,671403887.42,-322542205.09000003,1915.2,2057.28,977.74,1708.18,2882.28,1472.72,955.47,1492.51,,,,,,,电子,消费电子,消费电子零部件及组装,11.85,11.85,11.85
sh603133,碳元科技,2021-08-31,10.67,11.28,10.67,10.99,11.85,32972496.0,359180001.0,2298945348.0,2298945348.0,-407526406.98,57697454.75999999,482006609.15999997,1153410496.58,671403887.42,-322542205.09000003,11012.46,12630.65,6220.93,6519.54,15861.38,15242.46,2823.24,1525.35,,,,,,,电子,消费电子,消费电子零部件及组装,10.93,10.79,10.98
sh603133,碳元科技,2021-09-01,10.71,10.79,10.03,10.14,10.99,20961739.0,216294909.0,2121137928.0,2121137928.0,-407526406.98,57697454.75999999,482006609.15999997,1153410496.58,671403887.42,-322542205.09000003,7946.58,7483.61,2806.66,3714.21,9973.26,9437.62,902.99,994.05,,,,,,,电子,消费电子,消费电子零部件及组装,10.53,10.57,10.46
sh603133,碳元科技,2021-09-02,9.99,10.65,9.81,10.44,10.14,14388620.0,148613767.0,2183893488.0,2183893488.0,-407526406.98,57697454.75999999,482006609.15999997,1153410496.58,671403887.42,-322542205.09000003,5095.13,5564.04,2130.49,2056.52,7339.66,7240.82,296.1,0.0,,,,,,,电子,消费电子,消费电子零部件及组装,9.86,10.09,10.25
sh603133,碳元科技,2021-09-03,10.44,10.46,9.99,10.25,10.44,10111622.0,103362557.0,2144148300.0,2144148300.0,-407526406.98,57697454.75999999,482006609.15999997,1153410496.58,671403887.42,-322542205.09000003,3970.55,3522.99,1277.93,1443.48,5087.78,4957.93,0.0,411.85,,,,,,,电子,消费电子,消费电子零部件及组装,10.08,10.41,10.28
sh603133,碳元科技,2021-09-06,10.35,10.35,10.05,10.23,10.25,8794191.0,89368696.0,2139964596.0,2139964596.0,-407526406.98,57697454.75999999,482006609.15999997,1153410496.58,671403887.42,-322542205.09000003,3093.84,2721.89,1266.7,1597.12,4371.1,4336.33,205.22,281.52,,,,,,,电子,消费电子,消费电子零部件及组装,10.19,10.13,10.1
sh603133,碳元科技,2021-09-07,10.26,10.33,10.13,10.25,10.23,6263305.0,64126896.0,2144148300.0,2144148300.0,-407526406.98,57697454.75999999,482006609.15999997,1153410496.58,671403887.42,-322542205.09000003,2321.09,2147.13,764.56,1282.13,3266.55,2941.85,60.49,41.59,,,,,,,电子,消费电子,消费电子零部件及组装,10.26,10.27,10.27
sh603133,碳元科技,2021-09-08,10.2,10.3,10.14,10.24,10.25,6760621.0,69051737.0,2142056448.0,2142056448.0,-407526406.98,57697454.75999999,482006609.15999997,1153410496.58,671403887.42,-322542205.09000003,2152.92,2406.22,1013.69,1395.15,3738.56,2970.51,0.0,133.3,,,,,,,电子,消费电子,消费电子零部件及组装,10.19,10.25,10.28
sh603133,碳元科技,2021-09-09,10.3,10.44,10.18,10.34,10.24,8021194.0,82710416.0,2162974968.0,2162974968.0,-407526406.98,57697454.75999999,482006609.15999997,1153410496.58,671403887.42,-322542205.09000003,3010.91,2847.68,1137.28,1402.4,3922.89,3806.23,141.5,156.27,,,,,,,电子,消费电子,消费电子零部件及组装,10.25,10.19,10.26
sh603133,碳元科技,2021-09-10,10.34,10.34,10.01,10.15,10.34,6498613.0,65857083.0,2123229780.0,2123229780.0,-407526406.98,57697454.75999999,482006609.15999997,1153410496.58,671403887.42,-322542205.09000003,2306.89,2318.1,635.78,871.27,3554.94,3285.83,88.1,110.51,,,,,,,电子,消费电子,消费电子零部件及组装,10.2,10.16,10.11
sh603133,碳元科技,2021-09-13,10.13,10.22,9.99,10.14,10.15,5846746.0,58792649.0,2121137928.0,2121137928.0,-407526406.98,57697454.75999999,482006609.15999997,1153410496.58,671403887.42,-322542205.09000003,1774.53,1869.9,710.98,873.49,3393.76,2933.67,0.0,202.2,,,,,,,电子,消费电子,消费电子零部件及组装,10.07,10.03,10.02
sh603133,碳元科技,2021-09-14,10.1,10.48,10.01,10.18,10.14,6628272.0,67911902.0,2129505336.0,2129505336.0,-407526406.98,57697454.75999999,482006609.15999997,1153410496.58,671403887.42,-322542205.09000003,2734.27,2399.4,884.47,854.14,3172.45,3537.65,0.0,0.0,,,,,,,电子,消费电子,消费电子零部件及组装,10.12,10.04,10.09
sh603133,碳元科技,2021-09-15,10.22,10.23,9.9,10.13,10.18,5480051.0,55399086.0,2119046076.0,2119046076.0,-407526406.98,57697454.75999999,482006609.15999997,1153410496.58,671403887.42,-322542205.09000003,2151.63,2017.27,709.31,895.33,2676.93,2314.57,2.03,312.74,,,,,,,电子,消费电子,消费电子零部件及组装,10.08,10.07,10.03
sh603133,碳元科技,2021-09-16,10.02,10.25,9.94,9.96,10.13,5737400.0,57675759.0,2083484592.0,2083484592.0,-407526406.98,57697454.75999999,482006609.15999997,1153410496.58,671403887.42,-322542205.09000003,1999.39,1991.38,341.44,1030.54,3426.76,2599.55,0.0,146.11,,,,,,,电子,消费电子,消费电子零部件及组装,10.11,10.17,10.17
sh603133,碳元科技,2021-09-17,9.97,9.97,9.4,9.51,9.96,7618500.0,73030861.0,1989351252.0,1989351252.0,-407526406.98,57697454.75999999,482006609.15999997,1153410496.58,671403887.42,-322542205.09000003,2526.27,2514.09,612.79,1262.58,4164.02,3526.41,0.0,0.0,,,,,,,电子,消费电子,消费电子零部件及组装,9.93,9.87,9.61
sh603133,碳元科技,2021-09-22,9.35,9.63,9.33,9.61,9.51,3381491.0,32031987.0,2010269772.0,2010269772.0,-407526406.98,57697454.75999999,482006609.15999997,1153410496.58,671403887.42,-322542205.09000003,942.46,1269.97,557.6,252.3,1703.14,1661.15,0.0,19.78,,,,,,,电子,消费电子,消费电子零部件及组装,9.4,9.4,9.44
sh603133,碳元科技,2021-09-23,9.61,9.72,9.6,9.65,9.61,2981070.0,28765915.0,2018637180.0,2018637180.0,-407526406.98,57697454.75999999,482006609.15999997,1153410496.58,671403887.42,-322542205.09000003,1089.03,899.05,367.51,498.9,1420.44,1479.03,0.0,0.0,,,,,,,电子,消费电子,消费电子零部件及组装,9.67,9.64,9.62
sh603133,碳元科技,2021-09-24,9.65,9.65,9.42,9.47,9.65,2799700.0,26554663.0,1980983844.0,1980983844.0,-407526406.98,57697454.75999999,482006609.15999997,1153410496.58,671403887.42,-322542205.09000003,1036.1,811.98,206.64,319.71,1412.74,1523.77,0.0,0.0,,,,,,,电子,消费电子,消费电子零部件及组装,9.54,9.45,9.43
sh603133,碳元科技,2021-09-27,9.48,9.59,9.16,9.3,9.47,3362700.0,31452988.0,1945422360.0,1945422360.0,-407526406.98,57697454.75999999,482006609.15999997,1153410496.58,671403887.42,-322542205.09000003,1263.89,976.35,399.04,519.71,1482.37,1649.15,0.0,0.09,,,,,,,电子,消费电子,消费电子零部件及组装,9.5,9.4,9.41
sh603133,碳元科技,2021-09-28,9.2,9.44,9.19,9.34,9.3,1825400.0,17019713.0,1953789768.0,1953789768.0,-407526406.98,57697454.75999999,482006609.15999997,1153410496.58,671403887.42,-322542205.09000003,600.67,633.9,268.56,157.31,832.74,910.75,0.0,0.0,,,,,,,电子,消费电子,消费电子零部件及组装,9.27,9.37,9.34
sh603133,碳元科技,2021-09-29,9.3,9.31,9.05,9.05,9.34,3150991.0,28951571.0,1893126060.0,1893126060.0,-407526406.98,57697454.75999999,482006609.15999997,1153410496.58,671403887.42,-322542205.09000003,1012.39,1063.32,326.46,655.29,1556.31,1176.54,0.0,0.0,,,,,,,电子,消费电子,消费电子零部件及组装,9.26,9.3,9.27
sh603133,碳元科技,2021-09-30,9.05,9.82,9.05,9.65,9.05,4966890.0,47271768.0,2018637180.0,2018637180.0,-407526406.98,57697454.75999999,482006609.15999997,1153410496.58,671403887.42,-322542205.09000003,1564.74,1648.82,759.91,355.99,1903.21,2561.39,499.32,160.97,,,,,,,电子,消费电子,消费电子零部件及组装,9.13,9.14,9.15
sh603133,碳元科技,2021-10-08,9.66,10.62,9.66,10.62,9.65,14263790.0,147848786.0,2221546824.0,2221546824.0,-407526406.98,57697454.75999999,482006609.15999997,1153410496.58,671403887.42,-322542205.09000003,3766.93,5496.1,2567.53,1979.7,6188.7,6851.92,2261.72,457.16,,,,,,,电子,消费电子,消费电子零部件及组装,9.99,10.22,10.21
sh603133,碳元科技,2021-10-13,11.0,11.0,9.57,10.23,10.62,11338100.0,115505321.0,2139964596.0,2139964596.0,-415344656.9,44224600.38999999,459419334.99,1057287964.63,597868629.64,-20909125.649999976,3851.37,3556.53,2217.05,795.93,5482.11,6983.9,0.0,214.17,,,,,,,电子,消费电子,消费电子零部件及组装,10.1,10.18,10.1
sh603133,碳元科技,2021-10-14,10.01,11.25,10.01,11.25,10.23,7449200.0,81397009.0,2353333500.0,2353333500.0,-415344656.9,44224600.38999999,459419334.99,1057287964.63,597868629.64,-20909125.649999976,2058.75,2963.84,1514.94,987.62,2026.27,4058.86,2539.74,129.38,,,,,,,电子,消费电子,消费电子零部件及组装,10.45,11.25,11.25
sh603133,碳元科技,2021-10-15,11.74,11.74,10.7,11.25,11.25,14712997.0,164956927.0,2353333500.0,2353333500.0,-415344656.9,44224600.38999999,459419334.99,1057287964.63,597868629.64,-20909125.649999976,6026.86,5961.24,3132.01,2367.58,7130.69,8089.39,206.14,77.48,,,,,,,电子,消费电子,消费电子零部件及组装,10.9,11.05,11.01
sh603133,碳元科技,2021-10-18,11.15,11.41,10.88,11.03,11.25,7702200.0,85113585.0,2307312756.0,2307312756.0,-415344656.9,44224600.38999999,459419334.99,1057287964.63,597868629.64,-20909125.649999976,3085.67,3258.12,358.86,1175.21,4954.89,3881.62,0.11,84.59,,,,,,,电子,消费电子,消费电子零部件及组装,11.13,11.08,11.08
sh603133,碳元科技,2021-10-19,11.06,11.16,10.63,10.72,11.03,6285721.0,67673983.0,2242465344.0,2242465344.0,-415344656.9,44224600.38999999,459419334.99,1057287964.63,597868629.64,-20909125.649999976,2203.65,2438.1,652.46,993.69,3911.29,3221.14,0.0,114.48,,,,,,,电子,消费电子,消费电子零部件及组装,10.93,10.83,10.81
sh603133,碳元科技,2021-10-20,10.8,10.9,10.6,10.72,10.72,4980434.0,53435837.0,2242465344.0,2242465344.0,-415344656.9,44224600.38999999,459419334.99,1057287964.63,597868629.64,-20909125.649999976,2313.87,2127.63,559.17,468.43,2470.54,2747.52,0.0,0.0,,,,,,,电子,消费电子,消费电子零部件及组装,10.62,10.82,10.77
sh603133,碳元科技,2021-10-21,10.66,11.25,10.56,10.61,10.72,6557100.0,71378520.0,2219454972.0,2219454972.0,-415344656.9,44224600.38999999,459419334.99,1057287964.63,597868629.64,-20909125.649999976,2761.98,2347.68,946.73,526.48,3272.66,4158.43,156.49,105.26,,,,,,,电子,消费电子,消费电子零部件及组装,10.9,11.04,10.99
sh603133,碳元科技,2021-10-22,10.47,10.73,10.34,10.34,10.61,4697869.0,49262468.0,2162974968.0,2162974968.0,-415344656.9,44224600.38999999,459419334.99,1057287964.63,597868629.64,-20909125.649999976,1718.57,1947.74,306.7,716.96,2900.98,2261.55,0.0,0.0,,,,,,,电子,消费电子,消费电子零部件及组装,10.5,10.56,10.7
sh603133,碳元科技,2021-10-25,10.25,10.7,10.2,10.56,10.34,3980900.0,41916990.0,2208995712.0,2208995712.0,-415344656.9,44224600.38999999,459419334.99,1057287964.63,597868629.64,-20909125.649999976,1524.29,1392.03,295.82,604.63,2267.46,2195.04,104.13,0.0,,,,,,,电子,消费电子,消费电子零部件及组装,10.55,10.63,10.55
sh603133,碳元科技,2021-10-26,10.56,11.6,10.43,10.9,10.56,8301099.0,91246694.0,2280118680.0,2280118680.0,-415344656.9,44224600.38999999,459419334.99,1057287964.63,597868629.64,-20909125.649999976,3679.79,3207.68,916.79,746.96,4528.09,5018.58,0.0,151.46,,,,,,,电子,消费电子,消费电子零部件及组装,10.58,11.19,11.03
sh603133,碳元科技,2021-10-27,10.65,10.98,10.38,10.41,10.9,5043142.0,53439513.0,2177617932.0,2177617932.0,-415344656.9,44224600.38999999,459419334.99,1057287964.63,597868629.64,-20909125.649999976,1971.48,1988.23,300.67,541.58,3039.6,2814.14,32.2,0.0,,,,,,,电子,消费电子,消费电子零部件及组装,10.73,10.73,10.68
sh603133,碳元科技,2021-10-28,10.37,10.56,9.82,9.85,10.41,4705825.0,47383097.0,2060474220.0,2060474220.0,-415344656.9,44224600.38999999,459419334.99,1057287964.63,597868629.64,-20909125.649999976,1693.01,1601.53,214.67,515.36,2830.63,2555.01,0.0,66.4,,,,,,,电子,消费电子,消费电子零部件及组装,10.51,10.34,10.17
sh603133,碳元科技,2021-10-29,9.84,10.07,9.75,10.02,9.85,3379821.0,33558246.0,2096035704.0,2096035704.0,-415344656.9,44224600.38999999,459419334.99,1057287964.63,597868629.64,-20909125.649999976,924.03,1169.06,263.6,426.47,2168.2,1760.29,0.0,0.0,,,,,,,电子,消费电子,消费电子零部件及组装,9.96,9.91,9.85
sh603133,碳元科技,2021-11-01,10.0,10.17,9.85,10.03,10.02,2634600.0,26374370.0,2098127556.0,2098127556.0,-415344656.9,44224600.38999999,459419334.99,1057287964.63,597868629.64,-20909125.649999976,860.32,915.09,59.25,80.12,1717.47,1642.22,0.4,0.0,,,,,,,电子,消费电子,消费电子零部件及组装,10.1,9.91,9.93
sh603133,碳元科技,2021-11-02,10.0,10.1,9.6,9.83,10.03,3227800.0,31863744.0,2056290516.0,2056290516.0,-415344656.9,44224600.38999999,459419334.99,1057287964.63,597868629.64,-20909125.649999976,1115.24,1165.46,282.18,200.03,1788.95,1820.88,0.0,0.0,,,,,,,电子,消费电子,消费电子零部件及组装,10.08,10.04,10.07
sh603133,碳元科技,2021-11-03,9.75,9.98,9.73,9.96,9.83,2031623.0,20041941.0,2083484592.0,2083484592.0,-415344656.9,44224600.38999999,459419334.99,1057287964.63,597868629.64,-20909125.649999976,546.08,733.84,265.72,118.45,1192.4,1151.9,0.0,0.0,,,,,,,电子,消费电子,消费电子零部件及组装,9.88,9.87,9.86
sh603133,碳元科技,2021-11-04,9.93,10.29,9.93,10.25,9.96,2838200.0,28878839.0,2144148300.0,2144148300.0,-415344656.9,44224600.38999999,459419334.99,1057287964.63,597868629.64,-20909125.649999976,1033.1,1070.25,127.34,114.11,1727.45,1703.53,0.0,0.0,,,,,,,电子,消费电子,消费电子零部件及组装,10.0,10.13,10.16
sh603133,碳元科技,2021-11-05,10.25,10.33,10.08,10.18,10.25,2462873.0,25108472.0,2129505336.0,2129505336.0,-415344656.9,44224600.38999999,459419334.99,1057287964.63,597868629.64,-20909125.649999976,838.17,793.65,224.83,300.23,1447.85,1416.96,0.0,0.0,,,,,,,电子,消费电子,消费电子零部件及组装,10.28,10.22,10.18
sh603133,碳元科技,2021-11-08,10.2,10.31,10.02,10.22,10.18,1755000.0,17783583.0,2137872744.0,2137872744.0,-415344656.9,44224600.38999999,459419334.99,1057287964.63,597868629.64,-20909125.649999976,660.26,670.91,0.0,47.44,1118.1,1060.01,0.0,0.0,,,,,,,电子,消费电子,消费电子零部件及组装,10.14,10.09,10.06
sh603133,碳元科技,2021-11-09,10.15,10.27,10.1,10.12,10.22,1692321.0,17168385.0,2116954224.0,2116954224.0,-415344656.9,44224600.38999999,459419334.99,1057287964.63,597868629.64,-20909125.649999976,561.63,609.51,48.55,139.95,1106.66,967.38,0.0,0.0,,,,,,,电子,消费电子,消费电子零部件及组装,10.22,10.14,10.16
sh603133,碳元科技,2021-11-10,10.12,10.21,9.85,10.09,10.12,2564523.0,25608460.0,2110678668.0,2110678668.0,-415344656.9,44224600.38999999,459419334.99,1057287964.63,597868629.64,-20909125.649999976,771.21,976.12,161.45,195.11,1628.18,1389.62,0.0,0.0,,,,,,,电子,消费电子,消费电子零部件及组装,10.08,10.01,10.01
sh603133,碳元科技,2021-11-11,10.13,10.25,10.0,10.16,10.09,2052800.0,20885258.0,2125321632.0,2125321632.0,-415344656.9,44224600.38999999,459419334.99,1057287964.63,597868629.64,-20909125.649999976,728.93,653.39,42.94,195.0,1316.66,1240.13,0.0,0.0,,,,,,,电子,消费电子,消费电子零部件及组装,10.11,10.14,10.14
sh603133,碳元科技,2021-11-12,10.15,10.45,10.08,10.43,10.16,3095500.0,31965562.0,2181801636.0,2181801636.0,-415344656.9,44224600.38999999,459419334.99,1057287964.63,597868629.64,-20909125.649999976,1098.64,1221.49,302.6,240.35,1694.93,1734.71,100.37,0.0,,,,,,,电子,消费电子,消费电子零部件及组装,10.11,10.11,10.28
sh603133,碳元科技,2021-11-15,10.43,11.0,10.43,10.91,10.43,6332666.0,68183928.0,2282210532.0,2282210532.0,-415344656.9,44224600.38999999,459419334.99,1057287964.63,597868629.64,-20909125.649999976,2220.52,2502.89,1053.29,510.25,3330.58,3805.25,214.0,0.0,,,,,,,电子,消费电子,消费电子零部件及组装,10.67,10.59,10.47
sh603133,碳元科技,2021-11-16,10.87,11.02,10.7,10.8,10.91,4619923.0,50298954.0,2259200160.0,2259200160.0,-415344656.9,44224600.38999999,459419334.99,1057287964.63,597868629.64,-20909125.649999976,1716.07,1454.54,697.53,869.37,2616.29,2451.88,0.0,254.11,,,,,,,电子,消费电子,消费电子零部件及组装,10.87,10.82,10.9
sh603133,碳元科技,2021-11-17,10.8,11.0,10.73,10.96,10.8,3615425.0,39439713.0,2292669792.0,2292669792.0,-415344656.9,44224600.38999999,459419334.99,1057287964.63,597868629.64,-20909125.649999976,1212.28,1384.86,364.21,361.12,2367.48,2026.54,0.0,171.45,,,,,,,电子,消费电子,消费电子零部件及组装,10.8,10.93,10.91
sh603133,碳元科技,2021-11-18,10.97,11.16,10.85,10.91,10.96,4280100.0,46988905.0,2282210532.0,2282210532.0,-415344656.9,44224600.38999999,459419334.99,1057287964.63,597868629.64,-20909125.649999976,1813.56,1515.35,469.22,472.81,2416.1,2688.09,0.0,22.64,,,,,,,电子,消费电子,消费电子零部件及组装,11.09,11.04,10.96
sh603133,碳元科技,2021-11-19,10.89,10.97,10.72,10.93,10.91,2829500.0,30762940.0,2286394236.0,2286394236.0,-415344656.9,44224600.38999999,459419334.99,1057287964.63,597868629.64,-20909125.649999976,792.31,1099.82,330.44,362.36,1953.55,1614.12,0.0,0.0,,,,,,,电子,消费电子,消费电子零部件及组装,10.88,10.89,10.85
sh603133,碳元科技,2021-11-22,10.91,11.12,10.83,11.05,10.93,2983900.0,32749247.0,2311496460.0,2311496460.0,-415344656.9,44224600.38999999,459419334.99,1057287964.63,597868629.64,-20909125.649999976,907.97,1149.81,339.44,272.81,2027.51,1852.31,0.0,0.0,,,,,,,电子,消费电子,消费电子零部件及组装,10.96,10.94,10.9
sh603133,碳元科技,2021-11-23,11.08,11.25,11.05,11.14,11.05,3574200.0,39870609.0,2330323128.0,2330323128.0,-415344656.9,44224600.38999999,459419334.99,1057287964.63,597868629.64,-20909125.649999976,1301.38,1406.41,501.3,597.62,2184.39,1983.04,0.0,0.0,,,,,,,电子,消费电子,消费电子零部件及组装,11.2,11.18,11.22
sh603133,碳元科技,2021-11-24,11.18,11.56,11.03,11.5,11.14,6044100.0,68572595.0,2405629800.0,2405629800.0,-415344656.9,44224600.38999999,459419334.99,1057287964.63,597868629.64,-20909125.649999976,2744.29,2617.37,872.56,920.24,3240.41,3104.0,0.0,215.65,,,,,,,电子,消费电子,消费电子零部件及组装,11.11,11.15,11.18
sh603133,碳元科技,2021-11-25,11.45,11.75,11.3,11.39,11.5,4820500.0,55325670.0,2382619428.0,2382619428.0,-415344656.9,44224600.38999999,459419334.99,1057287964.63,597868629.64,-20909125.649999976,1834.27,1823.41,415.35,792.92,3282.95,2912.2,0.0,4.04,,,,,,,电子,消费电子,消费电子零部件及组装,11.41,11.68,11.54
sh603133,碳元科技,2021-11-26,11.47,11.48,11.0,11.25,11.39,3662941.0,41277197.0,2353333500.0,2353333500.0,-415344656.9,44224600.38999999,459419334.99,1057287964.63,597868629.64,-20909125.649999976,1143.26,1466.22,325.07,752.9,2659.39,1908.6,0.0,0.0,,,,,,,电子,消费电子,消费电子零部件及组装,11.39,11.29,11.15
sh603133,碳元科技,2021-11-29,11.22,11.22,10.91,11.02,11.25,3255500.0,35960886.0,2305220904.0,2305220904.0,-415344656.9,44224600.38999999,459419334.99,1057287964.63,597868629.64,-20909125.649999976,1090.9,1305.84,139.15,453.36,2366.04,1836.89,0.0,0.0,,,,,,,电子,消费电子,消费电子零部件及组装,11.13,11.18,11.11
sh603133,碳元科技,2021-11-30,11.08,11.21,10.93,11.06,11.02,2182800.0,24189639.0,2313588312.0,2313588312.0,-415344656.9,44224600.38999999,459419334.99,1057287964.63,597868629.64,-20909125.649999976,699.94,591.85,111.04,122.32,1607.98,1704.79,0.0,0.0,,,,,,,电子,消费电子,消费电子零部件及组装,11.13,11.16,11.13
sh603133,碳元科技,2021-12-01,11.0,11.41,11.0,11.38,11.06,3267192.0,36858913.0,2380527576.0,2380527576.0,-415344656.9,44224600.38999999,459419334.99,1057287964.63,597868629.64,-20909125.649999976,1080.22,1205.04,307.08,262.94,2298.6,2217.91,0.0,0.0,,,,,,,电子,消费电子,消费电子零部件及组装,11.03,11.08,11.11
sh603133,碳元科技,2021-12-02,11.39,11.68,11.2,11.2,11.38,4092700.0,46748931.0,2342874240.0,2342874240.0,-415344656.9,44224600.38999999,459419334.99,1057287964.63,597868629.64,-20909125.649999976,1599.13,1477.38,455.45,288.54,2620.32,2830.09,0.0,78.88,,,,,,,电子,消费电子,消费电子零部件及组装,11.42,11.62,11.65
sh603133,碳元科技,2021-12-03,11.08,11.6,11.08,11.2,11.2,3387551.0,38210467.0,2342874240.0,2342874240.0,-415344656.9,44224600.38999999,459419334.99,1057287964.63,597868629.64,-20909125.649999976,1105.88,1185.74,399.13,428.12,2216.92,2207.19,99.12,0.0,,,,,,,电子,消费电子,消费电子零部件及组装,11.47,11.32,11.34
sh603133,碳元科技,2021-12-06,11.18,11.3,10.91,10.92,11.2,4062210.0,44984736.0,2284302384.0,2284302384.0,-415344656.9,44224600.38999999,459419334.99,1057287964.63,597868629.64,-20909125.649999976,1484.48,1414.65,576.28,648.7,2437.72,2327.9,0.0,107.24,,,,,,,电子,消费电子,消费电子零部件及组装,11.09,11.01,11.03
sh603133,碳元科技,2021-12-07,10.92,11.15,10.55,10.64,10.92,3359800.0,35974427.0,2225730528.0,2225730528.0,-415344656.9,44224600.38999999,459419334.99,1057287964.63,597868629.64,-20909125.649999976,992.05,1146.75,438.07,322.94,2167.32,2127.75,0.0,0.0,,,,,,,电子,消费电子,消费电子零部件及组装,10.99,10.9,10.78
sh603133,碳元科技,2021-12-08,10.67,10.75,10.56,10.63,10.64,2337200.0,24867539.0,2223638676.0,2223638676.0,-415344656.9,44224600.38999999,459419334.99,1057287964.63,597868629.64,-20909125.649999976,557.92,719.83,450.22,243.17,1478.61,1523.76,0.0,0.0,,,,,,,电子,消费电子,消费电子零部件及组装,10.65,10.62,10.67
sh603133,碳元科技,2021-12-09,10.63,10.91,10.57,10.8,10.63,2692200.0,28926135.0,2259200160.0,2259200160.0,-415344656.9,44224600.38999999,459419334.99,1057287964.63,597868629.64,-20909125.649999976,675.26,934.95,733.67,299.52,1387.65,1549.94,96.03,108.2,,,,,,,电子,消费电子,消费电子零部件及组装,10.66,10.69,10.72
sh603133,碳元科技,2021-12-10,10.75,10.99,10.66,10.85,10.8,2742247.0,29835844.0,2269659420.0,2269659420.0,-415344656.9,44224600.38999999,459419334.99,1057287964.63,597868629.64,-20909125.649999976,696.54,898.34,517.84,478.42,1664.07,1606.71,105.14,0.11,,,,,,,电子,消费电子,消费电子零部件及组装,10.68,10.79,10.94
sh603133,碳元科技,2021-12-13,10.86,10.91,10.51,10.54,10.85,4109000.0,43679963.0,2204812008.0,2204812008.0,-415344656.9,44224600.38999999,459419334.99,1057287964.63,597868629.64,-20909125.649999976,1425.85,1133.64,686.36,327.28,2255.79,2361.44,0.0,545.63,,,,,,,电子,消费电子,消费电子零部件及组装,10.82,10.77,10.75
sh603133,碳元科技,2021-12-14,10.55,10.76,10.31,10.68,10.54,3881000.0,40893311.0,2234097936.0,2234097936.0,-415344656.9,44224600.38999999,459419334.99,1057287964.63,597868629.64,-20909125.649999976,1210.29,1456.19,318.07,497.17,2560.96,2109.28,0.0,26.7,,,,,,,电子,消费电子,消费电子零部件及组装,10.38,10.5,10.45
sh603133,碳元科技,2021-12-15,10.67,10.74,10.52,10.61,10.68,2181377.0,23176728.0,2219454972.0,2219454972.0,-415344656.9,44224600.38999999,459419334.99,1057287964.63,597868629.64,-20909125.649999976,752.99,706.86,246.89,303.55,1317.79,1307.26,0.0,0.0,,,,,,,电子,消费电子,消费电子零部件及组装,10.67,10.59,10.61
sh603133,碳元科技,2021-12-16,10.61,10.65,10.5,10.63,10.61,1828900.0,19369188.0,2223638676.0,2223638676.0,-415344656.9,44224600.38999999,459419334.99,1057287964.63,597868629.64,-20909125.649999976,670.39,690.39,203.77,208.73,1062.76,935.2,0.0,102.6,,,,,,,电子,消费电子,消费电子零部件及组装,10.57,10.59,10.54
sh603133,碳元科技,2021-12-17,10.63,10.63,10.38,10.41,10.63,2701180.0,28235015.0,2177617932.0,2177617932.0,-415344656.9,44224600.38999999,459419334.99,1057287964.63,597868629.64,-20909125.649999976,800.84,931.18,363.7,391.94,1617.38,1500.38,41.58,0.0,,,,,,,电子,消费电子,消费电子零部件及组装,10.51,10.5,10.48
sh603133,碳元科技,2021-12-20,10.41,10.46,10.22,10.26,10.41,2085410.0,21569443.0,2146240152.0,2146240152.0,-415344656.9,44224600.38999999,459419334.99,1057287964.63,597868629.64,-20909125.649999976,733.38,654.51,82.96,252.21,1340.6,1250.22,0.0,0.0,,,,,,,电子,消费电子,消费电子零部件及组装,10.36,10.44,10.36
sh603133,碳元科技,2021-12-21,10.28,10.45,10.28,10.44,10.26,1497800.0,15544832.0,2183893488.0,2183893488.0,-415344656.9,44224600.38999999,459419334.99,1057287964.63,597868629.64,-20909125.649999976,386.84,433.05,41.58,67.06,1126.07,1054.38,0.0,0.0,,,,,,,电子,消费电子,消费电子零部件及组装,10.35,10.34,10.34
sh603133,碳元科技,2021-12-22,10.45,10.58,10.39,10.54,10.44,2121377.0,22236060.0,2204812008.0,2204812008.0,-415344656.9,44224600.38999999,459419334.99,1057287964.63,597868629.64,-20909125.649999976,666.81,665.24,283.77,202.02,1273.03,1355.19,0.0,1.16,,,,,,,电子,消费电子,消费电子零部件及组装,10.43,10.46,10.49
sh603133,碳元科技,2021-12-23,10.57,10.57,10.22,10.26,10.54,3118500.0,32131254.0,2146240152.0,2146240152.0,-415344656.9,44224600.38999999,459419334.99,1057287964.63,597868629.64,-20909125.649999976,1144.31,608.57,260.81,347.38,1707.47,2222.5,100.54,34.68,,,,,,,电子,消费电子,消费电子零部件及组装,10.46,10.39,10.34
sh603133,碳元科技,2021-12-24,10.23,10.3,9.96,9.98,10.26,3113200.0,31336035.0,2087668296.0,2087668296.0,-415344656.9,44224600.38999999,459419334.99,1057287964.63,597868629.64,-20909125.649999976,1040.25,897.08,215.84,374.83,1781.64,1861.69,95.87,0.0,,,,,,,电子,消费电子,消费电子零部件及组装,10.21,10.21,10.08
sh603133,碳元科技,2021-12-27,9.98,10.13,9.87,10.1,9.98,1781200.0,17835148.0,2112770520.0,2112770520.0,-415344656.9,44224600.38999999,459419334.99,1057287964.63,597868629.64,-20909125.649999976,599.78,471.64,118.26,187.06,1065.47,1124.82,0.0,0.0,,,,,,,电子,消费电子,消费电子零部件及组装,9.97,9.92,10.0
sh603133,碳元科技,2021-12-28,10.1,10.31,10.06,10.27,10.1,1654161.0,16891204.0,2148332004.0,2148332004.0,-415344656.9,44224600.38999999,459419334.99,1057287964.63,597868629.64,-20909125.649999976,473.15,513.97,63.68,129.61,1152.3,1045.54,0.0,0.0,,,,,,,电子,消费电子,消费电子零部件及组装,10.13,10.1,10.1
sh603133,碳元科技,2021-12-29,10.27,10.3,10.13,10.18,10.27,1793125.0,18294184.0,2129505336.0,2129505336.0,-415344656.9,44224600.38999999,459419334.99,1057287964.63,597868629.64,-20909125.649999976,496.5,520.64,80.76,151.63,1150.56,1157.15,101.6,0.0,,,,,,,电子,消费电子,消费电子零部件及组装,10.21,10.14,10.21
sh603133,碳元科技,2021-12-30,10.18,10.28,10.15,10.23,10.18,1323377.0,13519365.0,2139964596.0,2139964596.0,-415344656.9,44224600.38999999,459419334.99,1057287964.63,597868629.64,-20909125.649999976,540.76,299.07,66.44,203.94,744.74,848.93,0.0,0.0,,,,,,,电子,消费电子,消费电子零部件及组装,10.15,10.23,10.24
sh603133,碳元科技,2021-12-31,10.2,10.25,10.13,10.17,10.23,1632900.0,16637629.0,2127413484.0,2127413484.0,-415344656.9,44224600.38999999,459419334.99,1057287964.63,597868629.64,-20909125.649999976,750.34,408.78,57.43,369.99,855.99,884.99,0.0,0.0,,,,,,,电子,消费电子,消费电子零部件及组装,10.19,10.18,10.17
sh603133,碳元科技,2022-01-04,10.23,10.44,10.19,10.38,10.17,2194600.0,22672165.0,2171342376.0,2171342376.0,-415344656.9,44224600.38999999,459419334.99,1057287964.63,597868629.64,-20909125.649999976,728.11,741.64,117.47,81.36,1421.63,1444.22,0.0,0.0,,,,,,,电子,消费电子,消费电子零部件及组装,10.19,10.28,10.29
sh603133,碳元科技,2022-01-05,10.68,10.68,10.16,10.23,10.38,4016995.0,41447190.0,2139964596.0,2139964596.0,-415344656.9,44224600.38999999,459419334.99,1057287964.63,597868629.64,-20909125.649999976,1443.28,1020.4,866.38,424.03,1834.95,2592.82,0.1,107.47,,,,,,,电子,消费电子,消费电子零部件及组装,10.49,10.42,10.39
sh603133,碳元科技,2022-01-06,10.23,10.56,10.15,10.35,10.23,2535900.0,26294066.0,2165066820.0,2165066820.0,-415344656.9,44224600.38999999,459419334.99,1057287964.63,597868629.64,-20909125.649999976,943.59,888.48,397.96,251.81,1287.86,1489.12,0.0,0.0,,,,,,,电子,消费电子,消费电子零部件及组装,10.19,10.28,10.23
sh603133,碳元科技,2022-01-07,10.41,10.43,10.06,10.08,10.35,3489500.0,35593873.0,2108586816.0,2108586816.0,-415344656.9,44224600.38999999,459419334.99,1057287964.63,597868629.64,-20909125.649999976,1351.92,1005.36,484.97,682.34,1722.5,1868.76,0.0,2.93,,,,,,,电子,消费电子,消费电子零部件及组装,10.38,10.33,10.32
sh603133,碳元科技,2022-01-10,10.09,10.28,10.0,10.25,10.08,2027500.0,20618893.0,2144148300.0,2144148300.0,-415344656.9,44224600.38999999,459419334.99,1057287964.63,597868629.64,-20909125.649999976,564.4,656.4,129.73,349.53,1367.75,1000.94,0.0,55.02,,,,,,,电子,消费电子,消费电子零部件及组装,10.11,10.03,10.07
sh603133,碳元科技,2022-01-11,10.25,10.44,10.21,10.32,10.25,2080200.0,21452384.0,2158791264.0,2158791264.0,-415344656.9,44224600.38999999,459419334.99,1057287964.63,597868629.64,-20909125.649999976,753.9,703.62,54.8,154.89,1336.55,1286.73,0.0,0.0,,,,,,,电子,消费电子,消费电子零部件及组装,10.33,10.37,10.35
sh603133,碳元科技,2022-01-12,10.32,10.47,10.31,10.41,10.32,2483500.0,25849272.0,2177617932.0,2177617932.0,-415344656.9,44224600.38999999,459419334.99,1057287964.63,597868629.64,-20909125.649999976,834.57,907.33,205.13,341.9,1545.23,1127.41,0.0,208.29,,,,,,,电子,消费电子,消费电子零部件及组装,10.39,10.42,10.38
sh603133,碳元科技,2022-01-13,10.45,10.53,10.37,10.39,10.41,1912200.0,19942623.0,2173434228.0,2173434228.0,-415344656.9,44224600.38999999,459419334.99,1057287964.63,597868629.64,-20909125.649999976,681.34,877.13,223.8,85.74,1089.12,1029.08,0.0,2.31,,,,,,,电子,消费电子,消费电子零部件及组装,10.43,10.44,10.44
sh603133,碳元科技,2022-01-14,10.44,10.48,10.25,10.25,10.39,2226800.0,23090179.0,2144148300.0,2144148300.0,-415344656.9,44224600.38999999,459419334.99,1057287964.63,597868629.64,-20909125.649999976,777.76,756.35,181.67,166.35,1349.59,1386.31,0.0,0.0,,,,,,,电子,消费电子,消费电子零部件及组装,10.33,10.41,10.42
sh603133,碳元科技,2022-01-17,10.48,10.48,10.26,10.45,10.25,1791200.0,18610911.0,2185985340.0,2185985340.0,-415344656.9,44224600.38999999,459419334.99,1057287964.63,597868629.64,-20909125.649999976,650.86,795.53,122.02,198.45,1088.21,867.11,0.0,0.0,,,,,,,电子,消费电子,消费电子零部件及组装,10.3,10.32,10.34
sh603133,碳元科技,2022-01-18,10.46,10.46,10.13,10.2,10.45,2905500.0,29757500.0,2133689040.0,2133689040.0,-415344656.9,44224600.38999999,459419334.99,1057287964.63,597868629.64,-20909125.649999976,1138.09,664.78,233.23,435.13,1400.83,1857.72,203.6,18.13,,,,,,,电子,消费电子,消费电子零部件及组装,10.43,10.32,10.28
sh603133,碳元科技,2022-01-19,10.21,10.32,10.11,10.26,10.2,2109000.0,21577169.0,2146240152.0,2146240152.0,-415344656.9,44224600.38999999,459419334.99,1057287964.63,597868629.64,-20909125.649999976,648.52,622.97,288.74,373.49,1220.46,1161.25,0.0,0.0,,,,,,,电子,消费电子,消费电子零部件及组装,10.18,10.28,10.26
sh603133,碳元科技,2022-01-20,10.21,10.25,9.92,9.96,10.26,3200500.0,32076982.0,2083484592.0,2083484592.0,-415344656.9,44224600.38999999,459419334.99,1057287964.63,597868629.64,-20909125.649999976,947.59,1076.48,460.22,611.13,1799.89,1520.08,0.0,0.0,,,,,,,电子,消费电子,消费电子零部件及组装,10.15,10.08,10.1
sh603133,碳元科技,2022-01-21,9.96,10.09,9.9,10.01,9.96,1500200.0,15010337.0,2093943852.0,2093943852.0,-415344656.9,44224600.38999999,459419334.99,1057287964.63,597868629.64,-20909125.649999976,428.81,539.87,76.66,150.81,995.56,810.36,0.0,0.0,,,,,,,电子,消费电子,消费电子零部件及组装,10.02,10.02,9.99
sh603133,碳元科技,2022-01-24,9.95,10.01,9.74,9.79,10.01,2054800.0,20223891.0,2047923108.0,2047923108.0,-415344656.9,44224600.38999999,459419334.99,1057287964.63,597868629.64,-20909125.649999976,843.85,527.55,18.4,381.18,1160.14,1054.71,0.0,58.96,,,,,,,电子,消费电子,消费电子零部件及组装,10.0,9.85,9.9
sh603133,碳元科技,2022-01-25,9.79,9.88,9.32,9.34,9.79,2890600.0,27376791.0,1953789768.0,1953789768.0,-415344656.9,44224600.38999999,459419334.99,1057287964.63,597868629.64,-20909125.649999976,860.73,632.11,429.45,492.58,1447.5,1612.99,0.0,0.0,,,,,,,电子,消费电子,消费电子零部件及组装,9.77,9.68,9.5
sh603133,碳元科技,2022-01-26,9.39,9.5,9.3,9.38,9.34,1246300.0,11711352.0,1962157176.0,1962157176.0,-415344656.9,44224600.38999999,459419334.99,1057287964.63,597868629.64,-20909125.649999976,370.14,320.15,6.57,74.74,794.42,776.25,0.0,0.0,,,,,,,电子,消费电子,消费电子零部件及组装,9.47,9.44,9.45
sh603133,碳元科技,2022-01-27,9.38,9.42,9.08,9.08,9.38,1537500.0,14087606.0,1899401616.0,1899401616.0,-415344656.9,44224600.38999999,459419334.99,1057287964.63,597868629.64,-20909125.649999976,460.73,292.82,27.3,98.39,920.74,1017.55,0.0,0.0,,,,,,,电子,消费电子,消费电子零部件及组装,9.36,9.28,9.22
sh603133,碳元科技,2022-01-28,9.1,9.59,9.1,9.49,9.08,2149300.0,20180182.0,1985167548.0,1985167548.0,-415344656.9,44224600.38999999,459419334.99,1057287964.63,597868629.64,-20909125.649999976,474.93,539.21,226.82,282.38,1316.27,1016.98,0.0,179.46,,,,,,,电子,消费电子,消费电子零部件及组装,9.28,9.21,9.22
sh603133,碳元科技,2022-02-07,9.6,9.79,9.45,9.56,9.49,1583800.0,15106752.0,1999810512.0,1999810512.0,-415344656.9,44224600.38999999,459419334.99,1057287964.63,597868629.64,-20909125.649999976,577.35,314.8,100.8,139.28,832.53,1056.6,0.0,0.0,,,,,,,电子,消费电子,消费电子零部件及组装,9.61,9.49,9.62
sh603133,碳元科技,2022-02-08,9.56,9.73,9.5,9.71,9.56,1563500.0,15067963.0,2031188292.0,2031188292.0,-415344656.9,44224600.38999999,459419334.99,1057287964.63,597868629.64,-20909125.649999976,395.62,470.85,214.74,241.39,797.32,794.55,99.11,0.0,,,,,,,电子,消费电子,消费电子零部件及组装,9.62,9.63,9.63
sh603133,碳元科技,2022-02-09,9.71,9.92,9.6,9.9,9.71,1667300.0,16384214.0,2070933480.0,2070933480.0,-415344656.9,44224600.38999999,459419334.99,1057287964.63,597868629.64,-20909125.649999976,495.86,562.71,130.96,41.97,931.42,1033.74,80.19,0.0,,,,,,,电子,消费电子,消费电子零部件及组装,9.69,9.71,9.68
sh603133,碳元科技,2022-02-10,9.94,9.95,9.71,9.85,9.9,1297700.0,12735638.0,2060474220.0,2060474220.0,-415344656.9,44224600.38999999,459419334.99,1057287964.63,597868629.64,-20909125.649999976,401.13,240.4,47.01,126.87,675.7,906.3,149.72,0.0,,,,,,,电子,消费电子,消费电子零部件及组装,9.89,9.86,9.8
sh603133,碳元科技,2022-02-11,9.86,9.87,9.5,9.54,9.85,2001000.0,19222771.0,1995626808.0,1995626808.0,-415344656.9,44224600.38999999,459419334.99,1057287964.63,597868629.64,-20909125.649999976,645.26,523.75,107.93,453.87,1169.09,944.65,0.0,0.0,,,,,,,电子,消费电子,消费电子零部件及组装,9.8,9.73,9.73
sh603133,碳元科技,2022-02-14,9.52,9.85,9.43,9.59,9.54,1214100.0,11719186.0,2006086068.0,2006086068.0,-415344656.9,44224600.38999999,459419334.99,1057287964.63,597868629.64,-20909125.649999976,369.49,377.58,94.46,34.98,707.97,759.36,0.0,0.0,,,,,,,电子,消费电子,消费电子零部件及组装,9.57,9.68,9.72
sh603133,碳元科技,2022-02-15,9.53,9.67,9.43,9.53,9.59,1082700.0,10303245.0,1993534956.0,1993534956.0,-415344656.9,44224600.38999999,459419334.99,1057287964.63,597868629.64,-20909125.649999976,364.19,244.95,125.3,99.9,540.84,685.47,0.0,0.0,,,,,,,电子,消费电子,消费电子零部件及组装,9.56,9.43,9.5
sh603133,碳元科技,2022-02-16,9.78,9.79,9.55,9.78,9.53,1631600.0,15814393.0,2045831256.0,2045831256.0,-415344656.9,44224600.38999999,459419334.99,1057287964.63,597868629.64,-20909125.649999976,565.16,576.04,59.09,47.34,956.81,958.06,0.38,0.0,,,,,,,电子,消费电子,消费电子零部件及组装,9.6,9.61,9.62
sh603133,碳元科技,2022-02-17,9.81,9.88,9.69,9.71,9.78,1267800.0,12387538.0,2031188292.0,2031188292.0,-415344656.9,44224600.38999999,459419334.99,1057287964.63,597868629.64,-20909125.649999976,354.88,401.82,192.17,96.5,691.71,740.44,0.0,0.0,,,,,,,电子,消费电子,消费电子零部件及组装,9.78,9.79,9.85
sh603133,碳元科技,2022-02-18,9.61,9.74,9.6,9.71,9.71,1117000.0,10779931.0,2031188292.0,2031188292.0,-415344656.9,44224600.38999999,459419334.99,1057287964.63,597868629.64,-20909125.649999976,358.67,325.79,98.7,129.68,620.62,622.53,0.0,0.0,,,,,,,电子,消费电子,消费电子零部件及组装,9.67,9.61,9.65
sh603133,碳元科技,2022-02-21,9.75,9.97,9.66,9.92,9.71,2028200.0,20028430.0,2075117184.0,2075117184.0,-415344656.9,44224600.38999999,459419334.99,1057287964.63,597868629.64,-20909125.649999976,551.38,833.98,212.1,188.58,1183.54,980.29,55.82,0.0,,,,,,,电子,消费电子,消费电子零部件及组装,9.78,9.77,9.79
sh603133,碳元科技,2022-02-22,9.92,10.14,9.8,10.03,9.92,2734100.0,27348563.0,2098127556.0,2098127556.0,-415344656.9,44224600.38999999,459419334.99,1057287964.63,597868629.64,-20909125.649999976,1008.44,805.9,338.79,357.72,1387.62,1571.24,0.0,0.0,,,,,,,电子,消费电子,消费电子零部件及组装,9.95,9.88,9.84
sh603133,碳元科技,2022-02-23,10.35,10.35,10.01,10.09,10.03,2003200.0,20250269.0,2110678668.0,2110678668.0,-415344656.9,44224600.38999999,459419334.99,1057287964.63,597868629.64,-20909125.649999976,756.82,605.84,131.43,144.71,1034.31,1274.48,102.47,0.0,,,,,,,电子,消费电子,消费电子零部件及组装,10.12,10.06,10.04
sh603133,碳元科技,2022-02-24,10.08,10.18,9.72,9.9,10.09,2395921.0,23870885.0,2070933480.0,2070933480.0,-415344656.9,44224600.38999999,459419334.99,1057287964.63,597868629.64,-20909125.649999976,773.81,764.83,98.35,97.34,1514.92,1413.59,0.0,111.33,,,,,,,电子,消费电子,消费电子零部件及组装,10.09,10.13,10.1
sh603133,碳元科技,2022-02-25,9.9,10.06,9.83,9.89,9.9,1875500.0,18634426.0,2068841628.0,2068841628.0,-415344656.9,44224600.38999999,459419334.99,1057287964.63,597868629.64,-20909125.649999976,576.23,671.45,244.97,303.16,1042.23,871.47,0.0,17.37,,,,,,,电子,消费电子,消费电子零部件及组装,9.99,9.99,10.05
sh603133,碳元科技,2022-02-28,9.89,9.94,9.66,9.81,9.89,1972300.0,19341322.0,2052106812.0,2052106812.0,-415344656.9,44224600.38999999,459419334.99,1057287964.63,597868629.64,-20909125.649999976,576.49,576.84,291.94,240.03,885.6,1000.57,180.1,116.7,,,,,,,电子,消费电子,消费电子零部件及组装,9.82,9.75,9.82
sh603133,碳元科技,2022-03-01,9.81,9.97,9.7,9.96,9.81,1633300.0,16142690.0,2083484592.0,2083484592.0,-415344656.9,44224600.38999999,459419334.99,1057287964.63,597868629.64,-20909125.649999976,518.54,506.32,24.68,89.54,1071.05,914.68,0.0,103.73,,,,,,,电子,消费电子,消费电子零部件及组装,9.8,9.83,9.83
sh603133,碳元科技,2022-03-02,9.94,10.96,9.86,10.96,9.96,10326044.0,109557441.0,2292669792.0,2292669792.0,-415344656.9,44224600.38999999,459419334.99,1057287964.63,597868629.64,-20909125.649999976,3537.68,3773.11,2183.79,2056.81,3321.06,4601.51,1913.22,524.33,,,,,,,电子,消费电子,消费电子零部件及组装,9.92,10.04,10.02
sh603133,碳元科技,2022-03-03,11.31,11.31,10.76,11.07,10.96,14805734.0,163145692.0,2315680164.0,2315680164.0,-415344656.9,44224600.38999999,459419334.99,1057287964.63,597868629.64,-20909125.649999976,5637.39,5999.52,2725.31,2563.21,7467.16,7141.36,484.71,610.49,,,,,,,电子,消费电子,消费电子零部件及组装,10.9,11.05,10.98
sh603133,碳元科技,2022-03-04,11.05,11.44,10.8,10.82,11.07,8716900.0,96840294.0,2263383864.0,2263383864.0,-415344656.9,44224600.38999999,459419334.99,1057287964.63,597868629.64,-20909125.649999976,3201.23,3544.52,1647.44,1328.76,4811.26,4780.72,24.09,30.03,,,,,,,电子,消费电子,消费电子零部件及组装,11.25,11.25,11.17
sh603133,碳元科技,2022-03-07,10.74,11.7,10.73,11.12,10.82,11833600.0,132153608.0,2326139424.0,2326139424.0,-415344656.9,44224600.38999999,459419334.99,1057287964.63,597868629.64,-20909125.649999976,5046.55,4242.25,2150.06,1878.03,6012.08,6654.07,6.68,441.0,,,,,,,电子,消费电子,消费电子零部件及组装,10.9,10.83,10.86
sh603133,碳元科技,2022-03-08,11.16,12.23,11.16,11.46,11.12,18902608.0,223184533.0,2397262392.0,2397262392.0,-415344656.9,44224600.38999999,459419334.99,1057287964.63,597868629.64,-20909125.649999976,8025.6,8066.01,4815.08,4154.48,8260.66,9437.01,1217.11,660.95,,,,,,,电子,消费电子,消费电子零部件及组装,11.6,11.94,11.78
sh603133,碳元科技,2022-03-09,11.21,12.15,11.03,11.45,11.46,13370666.0,154748195.0,2395170540.0,2395170540.0,-415344656.9,44224600.38999999,459419334.99,1057287964.63,597868629.64,-20909125.649999976,5648.23,5269.35,2516.24,2420.88,7233.49,7394.37,76.86,390.21,,,,,,,电子,消费电子,消费电子零部件及组装,11.98,11.6,11.81
sh603133,碳元科技,2022-03-10,11.39,11.57,10.9,11.09,11.45,11599390.0,130510760.0,2319863868.0,2319863868.0,-415344656.9,44224600.38999999,459419334.99,1057287964.63,597868629.64,-20909125.649999976,3866.02,4076.46,1982.7,2245.41,6975.15,6651.63,227.2,77.57,,,,,,,电子,消费电子,消费电子零部件及组装,11.38,11.35,11.37
sh603133,碳元科技,2022-03-11,10.99,11.45,10.76,11.37,11.09,7220833.0,80613494.0,2378435724.0,2378435724.0,-415344656.9,44224600.38999999,459419334.99,1057287964.63,597868629.64,-20909125.649999976,2827.3,3052.96,562.17,1042.2,4671.88,3966.19,0.0,0.0,,,,,,,电子,消费电子,消费电子零部件及组装,10.82,11.14,10.96
sh603133,碳元科技,2022-03-14,11.13,11.3,10.9,10.99,11.37,5076833.0,56241061.0,2298945348.0,2298945348.0,-415344656.9,44224600.38999999,459419334.99,1057287964.63,597868629.64,-20909125.649999976,1893.85,2002.0,369.74,604.66,3360.51,3017.45,0.0,0.0,,,,,,,电子,消费电子,消费电子零部件及组装,11.26,11.06,10.97
sh603133,碳元科技,2022-03-15,11.18,12.0,11.12,11.46,10.99,14911351.0,173293701.0,2397262392.0,2397262392.0,-415344656.9,44224600.38999999,459419334.99,1057287964.63,597868629.64,-20909125.649999976,5883.13,5840.37,1688.78,1881.54,9757.46,9487.41,0.0,120.05,,,,,,,电子,消费电子,消费电子零部件及组装,11.4,11.37,11.66
sh603133,碳元科技,2022-03-16,11.59,11.92,11.22,11.84,11.46,13578031.0,157673310.0,2476752768.0,2476752768.0,-415344656.9,44224600.38999999,459419334.99,1057287964.63,597868629.64,-20909125.649999976,5797.06,5984.81,1702.66,1823.57,7739.12,7958.96,528.49,0.0,,,,,,,电子,消费电子,消费电子零部件及组装,11.64,11.46,11.55
sh603133,碳元科技,2022-03-17,11.64,11.74,11.3,11.39,11.84,10490100.0,120660333.0,2382619428.0,2382619428.0,-415344656.9,44224600.38999999,459419334.99,1057287964.63,597868629.64,-20909125.649999976,4579.73,4019.42,1145.47,1343.12,6225.99,6703.49,114.85,0.0,,,,,,,电子,消费电子,消费电子零部件及组装,11.56,11.62,11.54
sh603133,碳元科技,2022-03-18,11.23,12.0,10.92,11.7,11.39,10881959.0,125586027.0,2447466840.0,2447466840.0,-415344656.9,44224600.38999999,459419334.99,1057287964.63,597868629.64,-20909125.649999976,4683.88,4893.02,1211.1,1539.89,6663.62,5932.38,0.0,193.31,,,,,,,电子,消费电子,消费电子零部件及组装,10.97,11.15,11.49
sh603133,碳元科技,2022-03-21,11.7,12.04,11.51,11.67,11.7,9294050.0,108967572.0,2441191284.0,2441191284.0,-415344656.9,44224600.38999999,459419334.99,1057287964.63,597868629.64,-20909125.649999976,3771.14,4033.71,1221.21,923.66,5790.01,5939.38,114.39,0.0,,,,,,,电子,消费电子,消费电子零部件及组装,11.61,11.72,11.62
sh603133,碳元科技,2022-03-22,11.6,11.84,11.31,11.42,11.67,7374100.0,85030452.0,2388894984.0,2388894984.0,-415344656.9,44224600.38999999,459419334.99,1057287964.63,597868629.64,-20909125.649999976,3427.12,2730.78,893.3,1083.05,4182.62,4552.32,0.0,136.89,,,,,,,电子,消费电子,消费电子零部件及组装,11.53,11.46,11.45
sh603133,碳元科技,2022-03-23,11.59,12.38,11.53,11.97,11.42,9872002.0,117770152.0,2503946844.0,2503946844.0,-415344656.9,44224600.38999999,459419334.99,1057287964.63,597868629.64,-20909125.649999976,4703.38,4271.34,1601.64,1073.13,5371.84,6313.06,100.15,119.49,,,,,,,电子,消费电子,消费电子零部件及组装,11.94,11.93,11.9
sh603133,碳元科技,2022-03-24,11.7,11.9,11.37,11.5,11.97,7191541.0,82927550.0,2405629800.0,2405629800.0,-415344656.9,44224600.38999999,459419334.99,1057287964.63,597868629.64,-20909125.649999976,3224.88,2752.15,1327.26,1096.48,3740.61,4444.13,0.0,0.0,,,,,,,电子,消费电子,消费电子零部件及组装,11.6,11.46,11.44
sh603133,碳元科技,2022-03-25,11.38,11.5,11.22,11.4,11.5,3708861.0,42071111.0,2384711280.0,2384711280.0,-415344656.9,44224600.38999999,459419334.99,1057287964.63,597868629.64,-20909125.649999976,1638.52,1575.17,394.16,415.2,2174.44,2216.74,0.0,0.0,,,,,,,电子,消费电子,消费电子零部件及组装,11.47,11.3,11.27
sh603133,碳元科技,2022-03-28,11.35,11.35,10.83,11.05,11.4,3755900.0,41415443.0,2311496460.0,2311496460.0,-415344656.9,44224600.38999999,459419334.99,1057287964.63,597868629.64,-20909125.649999976,1384.81,1415.38,357.71,475.97,2399.02,2250.19,0.0,0.0,,,,,,,电子,消费电子,消费电子零部件及组装,11.17,10.9,10.97
sh603133,碳元科技,2022-03-29,11.05,11.14,10.58,10.92,11.05,4425300.0,48213919.0,2284302384.0,2284302384.0,-415344656.9,44224600.38999999,459419334.99,1057287964.63,597868629.64,-20909125.649999976,1502.45,1835.95,367.98,665.32,2950.96,2320.12,0.0,0.0,,,,,,,电子,消费电子,消费电子零部件及组装,11.08,11.04,11.06
sh603133,碳元科技,2022-03-30,10.95,11.31,10.85,11.26,10.92,4165650.0,46331877.0,2355425352.0,2355425352.0,-415344656.9,44224600.38999999,459419334.99,1057287964.63,597868629.64,-20909125.649999976,1266.62,1656.83,411.48,506.73,2955.08,2148.05,0.0,321.57,,,,,,,电子,消费电子,消费电子零部件及组装,10.9,10.99,11.06
sh603133,碳元科技,2022-03-31,11.16,11.24,10.95,11.05,11.26,2872241.0,31746629.0,2311496460.0,2311496460.0,-415344656.9,44224600.38999999,459419334.99,1057287964.63,597868629.64,-20909125.649999976,896.13,1056.31,434.41,585.44,1844.12,1532.91,0.0,0.0,,,,,,,电子,消费电子,消费电子零部件及组装,11.1,11.12,11.06
sh603133,碳元科技,2022-04-01,11.05,11.14,10.67,10.75,11.05,3446900.0,37419935.0,2248740900.0,2248740900.0,-415344656.9,44224600.38999999,459419334.99,1057287964.63,597868629.64,-20909125.649999976,1274.13,1300.93,297.6,367.86,1886.44,1931.56,283.83,141.64,,,,,,,电子,消费电子,消费电子零部件及组装,10.93,11.02,10.98
sh603133,碳元科技,2022-04-06,10.75,11.54,10.7,11.13,10.75,5710175.0,64014465.0,2328231276.0,2328231276.0,-415344656.9,44224600.38999999,459419334.99,1057287964.63,597868629.64,-20909125.649999976,2132.21,2025.96,496.73,868.33,3772.51,3283.91,0.0,223.25,,,,,,,电子,消费电子,消费电子零部件及组装,10.92,11.24,11.49
sh603133,碳元科技,2022-04-07,11.15,11.25,10.68,10.85,11.13,3810292.0,41264184.0,2269659420.0,2269659420.0,-415344656.9,44224600.38999999,459419334.99,1057287964.63,597868629.64,-20909125.649999976,1373.1,1432.5,642.28,539.41,2111.03,2147.14,0.0,7.36,,,,,,,电子,消费电子,消费电子零部件及组装,10.99,10.86,10.84
sh603133,碳元科技,2022-04-08,10.78,10.9,10.43,10.68,10.85,3371500.0,35750268.0,2234097936.0,2234097936.0,-415344656.9,44224600.38999999,459419334.99,1057287964.63,597868629.64,-20909125.649999976,1296.04,1234.76,490.54,315.93,1788.45,1917.84,0.0,106.5,,,,,,,电子,消费电子,消费电子零部件及组装,10.81,10.7,10.52
sh603133,碳元科技,2022-04-11,10.77,10.8,9.61,9.89,10.68,6952000.0,69445559.0,2068841628.0,2068841628.0,-415344656.9,44224600.38999999,459419334.99,1057287964.63,597868629.64,-20909125.649999976,2602.4,2384.35,796.24,1508.95,3412.03,2782.58,133.88,268.68,,,,,,,电子,消费电子,消费电子零部件及组装,10.46,10.34,10.28
sh603133,碳元科技,2022-04-12,9.84,9.96,9.71,9.93,9.89,3334600.0,32867949.0,2077209036.0,2077209036.0,-415344656.9,44224600.38999999,459419334.99,1057287964.63,597868629.64,-20909125.649999976,880.95,1171.06,410.57,525.57,1995.28,1484.51,0.0,105.66,,,,,,,电子,消费电子,消费电子零部件及组装,9.84,9.85,9.88
sh603133,碳元科技,2022-04-13,10.02,10.03,9.42,9.43,9.93,3461700.0,33258543.0,1972616436.0,1972616436.0,-415344656.9,44224600.38999999,459419334.99,1057287964.63,597868629.64,-20909125.649999976,1197.67,1085.81,398.41,314.39,1729.77,1925.66,0.0,0.0,,,,,,,电子,消费电子,消费电子零部件及组装,9.79,9.68,9.62
sh603133,碳元科技,2022-04-14,9.21,9.35,9.08,9.27,9.43,6159200.0,56770514.0,1939146804.0,1939146804.0,-415344656.9,44224600.38999999,459419334.99,1057287964.63,597868629.64,-20909125.649999976,1847.96,2005.23,446.52,1328.18,3199.97,2121.39,182.6,222.25,,,,,,,电子,消费电子,消费电子零部件及组装,9.28,9.35,9.29
sh603133,碳元科技,2022-04-15,9.23,9.23,9.0,9.19,9.27,4579300.0,41751713.0,1922411988.0,1922411988.0,-415344656.9,44224600.38999999,459419334.99,1057287964.63,597868629.64,-20909125.649999976,1659.97,1592.28,646.38,785.27,1868.83,1797.62,0.0,0.0,,,,,,,电子,消费电子,消费电子零部件及组装,9.1,9.05,9.1
sh603133,碳元科技,2022-04-18,9.19,9.3,9.02,9.22,9.19,2393075.0,21984314.0,1928687544.0,1928687544.0,-415344656.9,44224600.38999999,459419334.99,1057287964.63,597868629.64,-20909125.649999976,660.38,854.87,209.17,165.62,1328.89,1177.95,0.0,0.0,,,,,,,电子,消费电子,消费电子零部件及组装,9.03,9.1,9.13
sh603133,碳元科技,2022-04-19,9.25,9.34,9.1,9.18,9.22,1635700.0,15085482.0,1920320136.0,1920320136.0,-415344656.9,44224600.38999999,459419334.99,1057287964.63,597868629.64,-20909125.649999976,542.67,474.61,9.93,48.74,955.95,985.2,0.0,0.0,,,,,,,电子,消费电子,消费电子零部件及组装,9.25,9.31,9.28
sh603133,碳元科技,2022-04-20,9.18,9.27,9.06,9.1,9.18,1745100.0,15959582.0,1903585320.0,1903585320.0,-415344656.9,44224600.38999999,459419334.99,1057287964.63,597868629.64,-20909125.649999976,643.04,540.95,77.14,112.6,875.78,942.41,0.0,0.0,,,,,,,电子,消费电子,消费电子零部件及组装,9.22,9.21,9.25
sh603133,碳元科技,2022-04-21,9.12,9.12,8.81,8.86,9.1,3081400.0,27593422.0,1853380872.0,1853380872.0,-415344656.9,44224600.38999999,459419334.99,1057287964.63,597868629.64,-20909125.649999976,858.98,821.92,269.74,252.26,1630.62,1617.04,0.0,68.12,,,,,,,电子,消费电子,消费电子零部件及组装,9.04,8.99,9.08
sh603133,碳元科技,2022-04-22,8.85,8.95,8.66,8.77,8.86,2935787.0,25619019.0,1834554204.0,1834554204.0,-415344656.9,44224600.38999999,459419334.99,1057287964.63,597868629.64,-20909125.649999976,803.92,758.49,311.52,491.75,1401.01,1309.56,45.45,2.1,,,,,,,电子,消费电子,消费电子零部件及组装,8.77,8.71,8.79
sh603133,碳元科技,2022-04-25,8.7,8.75,8.08,8.31,8.77,4399700.0,36862236.0,1738329012.0,1738329012.0,-415344656.9,44224600.38999999,459419334.99,1057287964.63,597868629.64,-20909125.649999976,974.52,1112.52,258.18,422.14,2068.05,2020.03,385.47,131.54,,,,,,,电子,消费电子,消费电子零部件及组装,8.57,8.52,8.5
sh603133,碳元科技,2022-04-26,8.31,8.52,7.48,7.55,8.31,4013700.0,31530003.0,1579348260.0,1579348260.0,-415344656.9,44224600.38999999,459419334.99,1057287964.63,597868629.64,-20909125.649999976,948.99,836.23,243.39,370.66,1960.62,1599.92,0.0,346.19,,,,,,,电子,消费电子,消费电子零部件及组装,8.24,8.31,8.15
sh603133,碳元科技,2022-04-27,7.04,7.52,7.01,7.48,7.55,4016161.0,29224170.0,1564705296.0,1564705296.0,-415344656.9,44224600.38999999,459419334.99,1057287964.63,597868629.64,-20909125.649999976,564.24,876.54,122.7,344.84,2222.27,1687.83,0.0,0.0,,,,,,,电子,消费电子,消费电子零部件及组装,7.29,7.38,7.26
sh603133,碳元科技,2022-04-28,7.4,7.58,7.01,7.24,7.48,2618900.0,19006194.0,1514500848.0,1514500848.0,-415344656.9,44224600.38999999,459419334.99,1057287964.63,597868629.64,-20909125.649999976,477.15,449.14,77.39,153.89,1321.28,1272.79,0.0,0.0,,,,,,,电子,消费电子,消费电子零部件及组装,7.5,7.45,7.27
sh603133,碳元科技,2022-04-29,7.21,7.96,7.1,7.96,7.24,4245792.0,32748506.0,1665114192.0,1665114192.0,-90948081.61,-64604476.71,276720997.15,466547584.18,189826587.03,-20909125.649999976,683.56,949.15,308.53,271.44,1577.75,1918.15,568.9,0.0,,,,,,,电子,消费电子,消费电子零部件及组装,7.45,7.47,7.46
sh603133,碳元科技,2022-05-05,7.99,8.74,7.9,8.57,7.96,6337800.0,53682130.0,1792717164.0,1792717164.0,-90948081.61,-64604476.71,276720997.15,466547584.18,189826587.03,-20909125.649999976,1936.81,1429.96,723.25,550.37,2708.16,3387.89,0.0,0.0,,,,,,,电子,消费电子,消费电子零部件及组装,8.41,8.38,8.47
sh603133,碳元科技,2022-05-06,8.03,8.99,8.03,8.7,8.57,4257850.0,36605894.0,1819911240.0,1819911240.0,-90948081.61,-64604476.71,276720997.15,466547584.18,189826587.03,-20909125.649999976,1098.96,968.94,398.59,448.49,2113.97,2194.09,0.0,0.0,,,,,,,电子,消费电子,消费电子零部件及组装,8.5,8.81,8.66
sh603133,碳元科技,2022-05-09,8.54,8.92,8.53,8.74,8.7,2484992.0,21799899.0,1828278648.0,1828278648.0,-90948081.61,-64604476.71,276720997.15,466547584.18,189826587.03,-20909125.649999976,750.44,618.52,117.54,157.33,1312.01,1404.14,0.0,0.0,,,,,,,电子,消费电子,消费电子零部件及组装,8.65,8.76,8.75
sh603133,碳元科技,2022-05-10,8.62,8.88,8.55,8.68,8.74,2729100.0,23851212.0,1815727536.0,1815727536.0,-90948081.61,-64604476.71,276720997.15,466547584.18,189826587.03,-20909125.649999976,665.63,798.72,81.69,331.07,1634.89,1252.41,0.0,0.0,,,,,,,电子,消费电子,消费电子零部件及组装,8.74,8.68,8.75
sh603133,碳元科技,2022-05-11,8.84,8.84,8.57,8.58,8.68,2213100.0,19206351.0,1794809016.0000005,1794809016.0000005,-90948081.61,-64604476.71,276720997.15,466547584.18,189826587.03,-20909125.649999976,432.15,504.97,235.23,197.38,1217.29,1177.76,0.0,4.57,,,,,,,电子,消费电子,消费电子零部件及组装,8.68,8.66,8.63
sh603133,碳元科技,2022-05-12,8.55,8.77,8.49,8.72,8.58,1878500.0,16240671.0,1824094944.0,1824094944.0,-90948081.61,-64604476.71,276720997.15,466547584.18,189826587.03,-20909125.649999976,404.26,453.13,90.24,53.59,1112.13,1099.9,0.0,0.0,,,,,,,电子,消费电子,消费电子零部件及组装,8.55,8.65,8.74
sh603133,碳元科技,2022-05-13,8.75,9.09,8.72,8.99,8.72,2332100.0,20877172.0,1880574948.0,1880574948.0,-90948081.61,-64604476.71,276720997.15,466547584.18,189826587.03,-20909125.649999976,787.41,809.42,23.43,226.63,1276.88,1040.31,0.0,11.35,,,,,,,电子,消费电子,消费电子零部件及组装,8.83,8.94,8.98
sh603133,碳元科技,2022-05-16,9.01,9.33,9.0,9.07,8.99,2249800.0,20638417.0,1897309764.0,1897309764.0,-90948081.61,-64604476.71,276720997.15,466547584.18,189826587.03,-20909125.649999976,711.81,705.61,116.57,137.99,1235.19,1219.97,0.0,0.0,,,,,,,电子,消费电子,消费电子零部件及组装,9.21,9.32,9.19
sh603133,碳元科技,2022-05-17,9.03,9.06,8.85,8.89,9.07,1131000.0,10088395.0,1859656428.0,1859656428.0,-90948081.61,-64604476.71,276720997.15,466547584.18,189826587.03,-20909125.649999976,244.7,377.51,24.87,80.42,735.79,547.44,0.0,0.0,,,,,,,电子,消费电子,消费电子零部件及组装,8.98,8.89,8.93
sh603133,碳元科技,2022-05-18,8.96,9.17,8.89,8.92,8.89,1405900.0,12660414.0,1865931984.0,1865931984.0,-90948081.61,-64604476.71,276720997.15,466547584.18,189826587.03,-20909125.649999976,247.87,247.12,76.89,80.67,925.45,922.41,0.0,0.0,,,,,,,电子,消费电子,消费电子零部件及组装,8.94,9.01,9.09
sh603133,碳元科技,2022-05-19,8.8,9.08,8.75,8.84,8.92,2992916.0,26497476.0,1849197168.0,1849197168.0,-90948081.61,-64604476.71,276720997.15,466547584.18,189826587.03,-20909125.649999976,980.59,607.47,251.2,716.33,1404.72,921.48,0.0,391.25,,,,,,,电子,消费电子,消费电子零部件及组装,8.91,8.91,8.93
sh603133,碳元科技,2022-05-20,9.49,9.49,8.72,8.93,8.84,4753200.0,42306547.0,1868023836.0,1868023836.0,-90948081.61,-64604476.71,276720997.15,466547584.18,189826587.03,-20909125.649999976,1421.16,1380.88,432.72,263.75,2120.8,2330.04,0.0,0.0,,,,,,,电子,消费电子,消费电子零部件及组装,8.94,8.98,8.93
sh603133,碳元科技,2022-05-23,8.64,8.96,8.64,8.89,8.93,2731800.0,24130209.0,1859656428.0,1859656428.0,-90948081.61,-64604476.71,276720997.15,466547584.18,189826587.03,-20909125.649999976,673.65,813.1,152.88,327.67,1187.21,872.97,0.0,0.0,,,,,,,电子,消费电子,消费电子零部件及组装,8.85,8.85,8.79
sh603133,碳元科技,2022-05-24,8.89,8.93,8.25,8.26,8.89,2553000.0,21901085.0,1727869751.9999998,1727869751.9999998,-90948081.61,-64604476.71,276720997.15,466547584.18,189826587.03,-20909125.649999976,622.92,669.96,130.56,272.65,1432.89,1243.34,0.0,0.41,,,,,,,电子,消费电子,消费电子零部件及组装,8.89,8.87,8.86
sh603133,碳元科技,2022-05-25,8.26,8.57,8.2,8.46,8.26,2008500.0,16970437.0,1769706792.0000005,1769706792.0000005,-90948081.61,-64604476.71,276720997.15,466547584.18,189826587.03,-20909125.649999976,486.93,598.06,0.0,261.87,1210.11,837.11,0.0,0.0,,,,,,,电子,消费电子,消费电子零部件及组装,8.39,8.34,8.47
sh603133,碳元科技,2022-05-26,8.49,8.66,8.33,8.58,8.46,1647100.0,13996982.0,1794809016.0000005,1794809016.0000005,-90948081.61,-64604476.71,276720997.15,466547584.18,189826587.03,-20909125.649999976,402.39,463.8,105.19,0.0,892.13,935.9,0.0,0.0,,,,,,,电子,消费电子,消费电子零部件及组装,8.44,8.37,8.36
sh603133,碳元科技,2022-05-27,8.63,8.71,8.43,8.59,8.58,1573400.0,13534787.0,1796900868.0,1796900868.0,-90948081.61,-64604476.71,276720997.15,466547584.18,189826587.03,-20909125.649999976,333.58,369.85,99.18,136.68,876.88,846.95,43.84,0.0,,,,,,,电子,消费电子,消费电子零部件及组装,8.65,8.69,8.65
sh603133,碳元科技,2022-05-30,8.58,9.07,8.47,8.95,8.59,3717600.0,32789008.0,1872207540.0,1872207540.0,-90948081.61,-64604476.71,276720997.15,466547584.18,189826587.03,-20909125.649999976,1284.81,1112.79,444.38,371.63,1549.71,1777.39,0.0,17.09,,,,,,,电子,消费电子,消费电子零部件及组装,8.6,8.59,8.51
sh603133,碳元科技,2022-05-31,8.98,9.66,8.95,9.6,8.95,7913600.0,73625860.0,2008177920.0,2008177920.0,-90948081.61,-64604476.71,276720997.15,466547584.18,189826587.03,-20909125.649999976,2703.79,2560.95,1250.61,1135.53,3408.18,3290.11,0.0,376.0,,,,,,,电子,消费电子,消费电子零部件及组装,9.0,9.15,9.0
sh603133,碳元科技,2022-06-01,9.62,9.76,9.46,9.58,9.6,3737400.0,35818605.0,2003994216.0,2003994216.0,-90948081.61,-64604476.71,276720997.15,466547584.18,189826587.03,-20909125.649999976,1067.32,885.34,398.6,478.01,2115.94,2218.51,0.0,0.0,,,,,,,电子,消费电子,消费电子零部件及组装,9.6,9.71,9.6
sh603133,碳元科技,2022-06-02,9.6,9.91,9.1,9.28,9.58,9473761.0,89673566.0,1941238656.0,1941238656.0,-90948081.61,-64604476.71,276720997.15,466547584.18,189826587.03,-20909125.649999976,3174.32,3487.4,1710.18,2154.02,4013.13,3256.2,0.0,0.0,,,,,,,电子,消费电子,消费电子零部件及组装,9.82,9.76,9.69
sh603133,碳元科技,2022-06-06,9.27,10.21,9.21,10.21,9.28,11561261.0,116330646.0,2135780892.0,2135780892.0,-90948081.61,-64604476.71,276720997.15,466547584.18,189826587.03,-20909125.649999976,1819.33,2395.5,1516.71,2888.57,1802.51,2151.67,6494.52,4197.32,,,,,,,电子,消费电子,消费电子零部件及组装,10.21,10.21,10.21
sh603133,碳元科技,2022-06-07,10.34,10.51,9.85,10.02,10.21,12022500.0,120836543.0,2096035704.0,2096035704.0,-90948081.61,-64604476.71,276720997.15,466547584.18,189826587.03,-20909125.649999976,4114.96,3834.43,1621.44,1972.68,5893.87,6116.1,421.49,128.56,,,,,,,电子,消费电子,消费电子零部件及组装,9.97,10.1,10.03
sh603133,碳元科技,2022-06-08,9.97,10.02,9.66,9.92,10.02,6299500.0,61937549.0,2075117184.0,2075117184.0,-90948081.61,-64604476.71,276720997.15,466547584.18,189826587.03,-20909125.649999976,2209.0,1572.95,748.23,1052.12,2889.73,3221.9,0.0,0.0,,,,,,,电子,消费电子,消费电子零部件及组装,9.83,9.91,9.84
sh603133,碳元科技,2022-06-09,9.9,9.9,9.63,9.73,9.92,3054066.0,29652721.0,2035371996.0,2035371996.0,-90948081.61,-64604476.71,276720997.15,466547584.18,189826587.03,-20909125.649999976,1126.65,806.15,162.4,287.51,1385.21,1580.6,0.0,0.0,,,,,,,电子,消费电子,消费电子零部件及组装,9.79,9.72,9.74
sh603133,碳元科技,2022-06-10,9.69,10.15,9.61,9.82,9.73,4777700.0,47524534.0,2054198664.0,2054198664.0,-90948081.61,-64604476.71,276720997.15,466547584.18,189826587.03,-20909125.649999976,1757.12,1373.71,679.1,605.84,2223.11,2671.9,93.12,101.0,,,,,,,电子,消费电子,消费电子零部件及组装,9.83,10.13,10.05
sh603133,碳元科技,2022-06-13,9.71,9.93,9.61,9.76,9.82,3127000.0,30427488.0,2041647552.0,2041647552.0,-90948081.61,-64604476.71,276720997.15,466547584.18,189826587.03,-20909125.649999976,1001.22,1073.56,264.7,397.59,1776.83,1571.61,0.0,0.0,,,,,,,电子,消费电子,消费电子零部件及组装,9.87,9.75,9.77
sh603133,碳元科技,2022-06-14,9.67,10.0,9.5,9.82,9.76,4166877.0,40761872.0,2054198664.0,2054198664.0,-90948081.61,-64604476.71,276720997.15,466547584.18,189826587.03,-20909125.649999976,1163.24,1096.29,566.72,340.98,2346.23,2222.78,0.0,416.14,,,,,,,电子,消费电子,消费电子零部件及组装,9.66,9.65,9.78
sh603133,碳元科技,2022-06-15,9.82,9.92,9.61,9.62,9.82,3472300.0,33959451.0,2012361624.0,2012361624.0,-90948081.61,-64604476.71,276720997.15,466547584.18,189826587.03,-20909125.649999976,900.69,891.85,520.31,350.7,1974.94,2052.36,0.0,101.04,,,,,,,电子,消费电子,消费电子零部件及组装,9.92,9.86,9.76
sh603133,碳元科技,2022-06-16,9.62,9.77,9.62,9.7,9.62,2026400.0,19648860.0,2029096440.0,2029096440.0,-90948081.61,-64604476.71,276720997.15,466547584.18,189826587.03,-20909125.649999976,455.64,573.27,150.06,114.3,1346.12,1264.25,0.0,0.0,,,,,,,电子,消费电子,消费电子零部件及组装,9.72,9.75,9.66
sh603133,碳元科技,2022-06-17,9.68,9.72,9.51,9.65,9.7,3740600.0,35961157.0,2018637180.0,2018637180.0,-90948081.61,-64604476.71,276720997.15,466547584.18,189826587.03,-20909125.649999976,1074.9,849.18,612.72,562.55,1805.62,1391.63,102.88,792.75,,,,,,,电子,消费电子,消费电子零部件及组装,9.64,9.6,9.6
sh603133,碳元科技,2022-06-20,9.65,9.74,9.39,9.48,9.65,7666100.0,73031285.0,1983075696.0,1983075696.0,-90948081.61,-64604476.71,276720997.15,466547584.18,189826587.03,-20909125.649999976,1596.62,1169.53,546.63,1960.47,2232.38,1283.03,194.33,156.94,,,,,,,电子,消费电子,消费电子零部件及组装,9.7,9.7,9.61
sh603133,碳元科技,2022-06-21,9.48,9.69,9.41,9.57,9.48,4237600.0,40412730.0,2001902364.0,2001902364.0,-90948081.61,-64604476.71,276720997.15,466547584.18,189826587.03,-20909125.649999976,1558.39,1274.38,303.79,536.25,2179.09,2230.64,0.0,0.0,,,,,,,电子,消费电子,消费电子零部件及组装,9.47,9.67,9.51
sh603133,碳元科技,2022-06-22,9.52,9.74,9.3,9.64,9.57,3908300.0,37440867.0,2016545328.0,2016545328.0,-90948081.61,-64604476.71,276720997.15,466547584.18,189826587.03,-20909125.649999976,1187.78,1440.67,606.09,354.28,1934.21,1933.12,0.0,0.0,,,,,,,电子,消费电子,消费电子零部件及组装,9.38,9.37,9.43
sh603133,碳元科技,2022-06-23,9.54,9.95,9.5,9.82,9.64,4917300.0,47813168.0,2054198664.0,2054198664.0,-90948081.61,-64604476.71,276720997.15,466547584.18,189826587.03,-20909125.649999976,1375.79,1158.47,538.27,333.27,2867.25,3289.58,0.0,0.0,,,,,,,电子,消费电子,消费电子零部件及组装,9.82,9.68,9.65
sh603133,碳元科技,2022-06-24,9.82,10.41,9.82,10.32,9.82,10612000.0,108355091.0,2158791264.0,2158791264.0,-90948081.61,-64604476.71,276720997.15,466547584.18,189826587.03,-20909125.649999976,3142.48,3545.76,2649.18,2155.97,4928.92,5006.98,114.93,126.81,,,,,,,电子,消费电子,消费电子零部件及组装,10.06,10.08,10.15
sh603133,碳元科技,2022-06-27,10.5,11.11,10.48,10.85,10.32,10044930.0,107949427.0,2269659420.0,2269659420.0,-90948081.61,-64604476.71,276720997.15,466547584.18,189826587.03,-20909125.649999976,3447.61,3470.99,1374.78,2012.44,5777.82,5150.34,194.74,161.17,,,,,,,电子,消费电子,消费电子零部件及组装,10.72,10.57,10.6
sh603133,碳元科技,2022-06-28,10.66,11.14,10.64,11.13,10.85,7521440.0,81841762.0,2328231276.0,2328231276.0,-90948081.61,-64604476.71,276720997.15,466547584.18,189826587.03,-20909125.649999976,2804.96,2731.24,1038.25,1392.39,4285.04,3912.72,0.0,91.9,,,,,,,电子,消费电子,消费电子零部件及组装,10.96,10.83,10.8
sh603133,碳元科技,2022-06-29,11.06,11.37,10.9,11.29,11.13,7661700.0,85956570.0,2361700908.0,2361700908.0,-90948081.61,-64604476.71,276720997.15,466547584.18,189826587.03,-20909125.649999976,2177.66,2774.14,2025.12,821.73,4250.35,4891.6,34.34,0.0,,,,,,,电子,消费电子,消费电子零部件及组装,11.0,11.25,11.22
sh603133,碳元科技,2022-06-30,11.25,11.83,11.08,11.74,11.29,7479700.0,86677536.0,2455834248.0,2455834248.0,-90948081.61,-64604476.71,276720997.15,466547584.18,189826587.03,-20909125.649999976,2752.83,2763.42,1987.29,900.08,3517.69,4697.41,321.87,218.76,,,,,,,电子,消费电子,消费电子零部件及组装,11.16,11.25,11.5
sh603133,碳元科技,2022-07-01,11.54,11.95,11.52,11.73,11.74,5156495.0,60603336.0,2453742396.0,2453742396.0,-90948081.61,-64604476.71,276720997.15,466547584.18,189826587.03,-20909125.649999976,1695.05,1913.34,1230.7,1044.18,3078.99,3067.52,55.6,35.29,,,,,,,电子,消费电子,消费电子零部件及组装,11.71,11.62,11.56
sh603133,碳元科技,2022-07-04,11.91,11.96,11.23,11.36,11.73,5176800.0,59061338.0,2376343872.0,2376343872.0,-90948081.61,-64604476.71,276720997.15,466547584.18,189826587.03,-20909125.649999976,1791.04,1474.04,165.24,1147.66,3949.85,3284.43,0.0,0.0,,,,,,,电子,消费电子,消费电子零部件及组装,11.55,11.44,11.35
sh603133,碳元科技,2022-07-05,11.49,11.49,11.02,11.11,11.36,4009700.0,44873211.0,2324047572.0,2324047572.0,-90948081.61,-64604476.71,276720997.15,466547584.18,189826587.03,-20909125.649999976,1040.71,1402.03,283.54,982.83,3163.08,2059.97,0.0,42.49,,,,,,,电子,消费电子,消费电子零部件及组装,11.28,11.26,11.28
sh603133,碳元科技,2022-07-06,11.14,11.23,10.73,10.86,11.11,3973300.0,43318619.0,2271751272.0,2271751272.0,-90948081.61,-64604476.71,276720997.15,466547584.18,189826587.03,-20909125.649999976,1051.45,1199.47,304.81,502.18,2818.76,2482.16,156.83,148.06,,,,,,,电子,消费电子,消费电子零部件及组装,10.99,11.08,10.99
sh603133,碳元科技,2022-07-07,10.86,11.47,10.7,11.2,10.86,7029399.0,78234432.0,2342874240.0,2342874240.0,-90948081.61,-64604476.71,276720997.15,466547584.18,189826587.03,-20909125.649999976,2182.61,3145.94,1379.89,838.63,3292.39,3838.87,968.54,0.0,,,,,,,电子,消费电子,消费电子零部件及组装,10.79,11.08,10.99
sh603133,碳元科技,2022-07-08,11.19,11.28,10.96,11.03,11.2,2580000.0,28562546.0,2307312756.0,2307312756.0,-90948081.61,-64604476.71,276720997.15,466547584.18,189826587.03,-20909125.649999976,885.27,1105.41,260.95,200.89,1710.03,1549.96,0.0,0.0,,,,,,,电子,消费电子,消费电子零部件及组装,11.21,11.11,11.16
sh603133,碳元科技,2022-07-11,10.97,11.2,10.8,10.85,11.03,2519700.0,27573826.0,2269659420.0,2269659420.0,-90948081.61,-64604476.71,276720997.15,466547584.18,189826587.03,-20909125.649999976,646.92,559.01,201.83,268.47,1729.87,1730.32,178.76,199.58,,,,,,,电子,消费电子,消费电子零部件及组装,10.92,11.15,11.04
sh603133,碳元科技,2022-07-12,10.81,10.99,10.57,10.6,10.85,2836100.0,30410131.0,2217363120.0,2217363120.0,-90948081.61,-64604476.71,276720997.15,466547584.18,189826587.03,-20909125.649999976,953.51,913.13,399.65,190.61,1687.85,1763.76,0.0,173.51,,,,,,,电子,消费电子,消费电子零部件及组装,10.63,10.6,10.81
sh603133,碳元科技,2022-07-13,10.6,10.83,10.6,10.8,10.6,1816300.0,19483282.0,2259200160.0,2259200160.0,-90948081.61,-64604476.71,276720997.15,466547584.18,189826587.03,-20909125.649999976,568.4,497.49,128.43,314.18,1251.5,1136.65,0.0,0.0,,,,,,,电子,消费电子,消费电子零部件及组装,10.65,10.66,10.62
sh603133,碳元科技,2022-07-14,10.75,11.11,10.65,10.96,10.8,2318561.0,25351771.0,2292669792.0,2292669792.0,-90948081.61,-64604476.71,276720997.15,466547584.18,189826587.03,-20909125.649999976,834.75,765.02,294.82,111.47,1405.6,1601.37,0.0,57.31,,,,,,,电子,消费电子,消费电子零部件及组装,10.77,10.91,10.85
sh603133,碳元科技,2022-07-15,10.86,11.0,10.6,10.77,10.96,2604750.0,28015336.0,2252924604.0,2252924604.0,-90948081.61,-64604476.71,276720997.15,466547584.18,189826587.03,-20909125.649999976,944.32,616.45,347.44,283.33,1509.78,1839.88,0.0,61.88,,,,,,,电子,消费电子,消费电子零部件及组装,10.9,10.74,10.71
sh603133,碳元科技,2022-07-18,10.7,11.64,10.63,11.38,10.77,4381100.0,49325506.0,2380527576.0,2380527576.0,-90948081.61,-64604476.71,276720997.15,466547584.18,189826587.03,-20909125.649999976,1473.29,1655.35,814.31,619.74,2584.69,2546.26,60.26,111.2,,,,,,,电子,消费电子,消费电子零部件及组装,10.92,11.17,11.32
sh603133,碳元科技,2022-07-19,11.28,11.88,11.12,11.44,11.38,4225700.0,48667323.0,2393078688.0,2393078688.0,-90948081.61,-64604476.71,276720997.15,466547584.18,189826587.03,-20909125.649999976,1874.82,1872.56,610.13,530.45,2381.79,2377.57,0.0,86.15,,,,,,,电子,消费电子,消费电子零部件及组装,11.53,11.48,11.4
sh603133,碳元科技,2022-07-20,11.44,11.53,11.19,11.23,11.44,2949100.0,33291735.0,2349149796.0,2349149796.0,-90948081.61,-64604476.71,276720997.15,466547584.18,189826587.03,-20909125.649999976,1046.38,1060.36,523.91,507.91,1694.9,1537.33,0.0,159.59,,,,,,,电子,消费电子,消费电子零部件及组装,11.44,11.38,11.32
sh603133,碳元科技,2022-07-21,11.23,11.37,11.17,11.25,11.23,1779100.0,20059218.0,2353333500.0,2353333500.0,-90948081.61,-64604476.71,276720997.15,466547584.18,189826587.03,-20909125.649999976,688.24,635.32,195.98,335.28,1121.7,1035.32,0.0,0.0,,,,,,,电子,消费电子,消费电子零部件及组装,11.28,11.2,11.25
sh603133,碳元科技,2022-07-22,11.25,11.6,11.16,11.25,11.25,2062100.0,23262532.0,2353333500.0,2353333500.0,-90948081.61,-64604476.71,276720997.15,466547584.18,189826587.03,-20909125.649999976,767.12,571.66,172.95,327.89,1386.19,1426.7,0.0,0.0,,,,,,,电子,消费电子,消费电子零部件及组装,11.28,11.2,11.24
sh603133,碳元科技,2022-07-25,11.24,11.4,10.86,10.89,11.25,2096000.0,23069289.0,2278026828.0,2278026828.0,-90948081.61,-64604476.71,276720997.15,466547584.18,189826587.03,-20909125.649999976,704.03,683.42,227.83,135.64,1375.06,1226.52,0.0,261.34,,,,,,,电子,消费电子,消费电子零部件及组装,11.23,11.23,11.08
sh603133,碳元科技,2022-07-26,11.04,11.04,10.72,10.91,10.89,1670177.0,18145121.0,2282210532.0,2282210532.0,-90948081.61,-64604476.71,276720997.15,466547584.18,189826587.03,-20909125.649999976,430.84,564.37,59.99,337.36,1323.68,912.78,0.0,0.0,,,,,,,电子,消费电子,消费电子零部件及组装,10.82,10.87,10.78
sh603133,碳元科技,2022-07-27,10.86,11.04,10.84,10.9,10.91,1420032.0,15499686.0,2280118680.0,2280118680.0,-90948081.61,-64604476.71,276720997.15,466547584.18,189826587.03,-20909125.649999976,397.49,417.64,173.12,181.18,979.37,951.14,0.0,0.0,,,,,,,电子,消费电子,消费电子零部件及组装,11.02,10.9,10.98
sh603133,碳元科技,2022-07-28,10.9,11.05,10.8,10.87,10.9,2145600.0,23411736.0,2273843124.0,2273843124.0,-90948081.61,-64604476.71,276720997.15,466547584.18,189826587.03,-20909125.649999976,692.79,561.0,252.94,450.91,1395.45,1329.26,0.0,0.0,,,,,,,电子,消费电子,消费电子零部件及组装,10.96,11.02,10.93
sh603133,碳元科技,2022-07-29,10.94,11.12,10.86,11.03,10.87,2767456.0,30444344.0,2307312756.0,2307312756.0,-90948081.61,-64604476.71,276720997.15,466547584.18,189826587.03,-20909125.649999976,882.46,1099.59,426.95,296.15,1675.69,1648.69,59.34,0.0,,,,,,,电子,消费电子,消费电子零部件及组装,11.0,10.96,10.96
sh603133,碳元科技,2022-08-01,11.05,11.07,10.69,10.86,11.03,2834600.0,30801361.0,2271751272.0,2271751272.0,-90948081.61,-64604476.71,276720997.15,466547584.18,189826587.03,-20909125.649999976,908.52,757.26,222.87,208.52,1948.74,1930.24,0.0,184.12,,,,,,,电子,消费电子,消费电子零部件及组装,10.83,10.78,10.85
sh603133,碳元科技,2022-08-02,10.9,10.9,10.22,10.32,10.86,3798150.0,39625384.0,2158791264.0,2158791264.0,-90948081.61,-64604476.71,276720997.15,466547584.18,189826587.03,-20909125.649999976,1127.35,1065.79,485.7,360.21,2349.48,2227.28,0.0,309.26,,,,,,,电子,消费电子,消费电子零部件及组装,10.68,10.53,10.47
sh603133,碳元科技,2022-08-03,10.32,10.85,10.3,10.38,10.32,2864750.0,30482091.0,2171342376.0,2171342376.0,-90948081.61,-64604476.71,276720997.15,466547584.18,189826587.03,-20909125.649999976,695.81,880.71,206.25,262.12,2146.15,1905.38,0.0,0.0,,,,,,,电子,消费电子,消费电子零部件及组装,10.73,10.71,10.7
sh603133,碳元科技,2022-08-04,10.46,11.05,10.46,10.96,10.38,3449800.0,37400257.0,2292669792.0,2292669792.0,-90948081.61,-64604476.71,276720997.15,466547584.18,189826587.03,-20909125.649999976,1060.77,1097.49,463.64,435.81,2215.62,2206.72,0.0,0.0,,,,,,,电子,消费电子,消费电子零部件及组装,10.79,10.75,10.79
sh603133,碳元科技,2022-08-05,10.96,11.47,10.83,11.3,10.96,3819567.0,42982265.0,2363792760.0,2363792760.0,-90948081.61,-64604476.71,276720997.15,466547584.18,189826587.03,-20909125.649999976,1180.12,1485.31,831.15,429.53,1957.89,2240.79,325.12,138.65,,,,,,,电子,消费电子,消费电子零部件及组装,10.99,11.2,11.11
sh603133,碳元科技,2022-08-08,11.3,11.76,11.12,11.61,11.3,3907400.0,45008589.0,2428640172.0,2428640172.0,-90948081.61,-64604476.71,276720997.15,466547584.18,189826587.03,-20909125.649999976,1514.8,1489.18,401.07,601.07,2391.42,2210.1,193.57,200.51,,,,,,,电子,消费电子,消费电子零部件及组装,11.21,11.37,11.63
sh603133,碳元科技,2022-08-09,11.62,11.81,11.43,11.71,11.61,3548300.0,41398394.0,2449558692.0,2449558692.0,-90948081.61,-64604476.71,276720997.15,466547584.18,189826587.03,-20909125.649999976,1258.61,1475.47,221.61,546.16,2557.28,2118.21,102.35,0.0,,,,,,,电子,消费电子,消费电子零部件及组装,11.52,11.56,11.58
sh603133,碳元科技,2022-08-10,11.62,11.81,11.5,11.52,11.71,2984100.0,34649318.0,2409813504.0,2409813504.0,-90948081.61,-64604476.71,276720997.15,466547584.18,189826587.03,-20909125.649999976,902.14,795.48,545.73,583.68,2017.07,1594.35,0.0,491.43,,,,,,,电子,消费电子,消费电子零部件及组装,11.69,11.64,11.6
sh603133,碳元科技,2022-08-11,11.55,11.91,11.53,11.58,11.52,3156600.0,36855174.0,2422364616.0,2422364616.0,-90948081.61,-64604476.71,276720997.15,466547584.18,189826587.03,-20909125.649999976,1139.08,1155.35,466.69,763.87,2079.75,1766.29,0.0,0.0,,,,,,,电子,消费电子,消费电子零部件及组装,11.58,11.67,11.67
sh603133,碳元科技,2022-08-12,11.67,11.71,11.26,11.33,11.58,3123900.0,35728872.0,2370068316.0,2370068316.0,-90948081.61,-64604476.71,276720997.15,466547584.18,189826587.03,-20909125.649999976,1088.54,1072.12,355.12,649.83,2129.23,1850.93,0.0,0.0,,,,,,,电子,消费电子,消费电子零部件及组装,11.66,11.57,11.51
sh603133,碳元科技,2022-08-15,11.36,11.87,11.23,11.79,11.33,3514000.0,40690750.0,2466293508.0,2466293508.0,-90948081.61,-64604476.71,276720997.15,466547584.18,189826587.03,-20909125.649999976,1494.67,1444.62,465.03,359.2,2064.6,2265.25,44.77,0.0,,,,,,,电子,消费电子,消费电子零部件及组装,11.35,11.36,11.27
sh603133,碳元科技,2022-08-16,11.6,11.95,11.57,11.85,11.79,3518200.0,41392863.0,2478844620.0,2478844620.0,-90948081.61,-64604476.71,276720997.15,466547584.18,189826587.03,-20909125.649999976,1205.67,1459.55,544.47,359.46,2302.52,2320.27,86.63,0.0,,,,,,,电子,消费电子,消费电子零部件及组装,11.61,11.84,11.72
sh603133,碳元科技,2022-08-17,11.85,11.9,11.6,11.74,11.85,2121000.0,24827629.0,2455834248.0,2455834248.0,-90948081.61,-64604476.71,276720997.15,466547584.18,189826587.03,-20909125.649999976,760.26,678.71,259.05,158.64,1463.45,1479.64,0.0,165.77,,,,,,,电子,消费电子,消费电子零部件及组装,11.88,11.81,11.75
sh603133,碳元科技,2022-08-18,11.67,12.3,11.51,12.22,11.74,5193583.0,62203138.0,2556243144.0,2556243144.0,-90948081.61,-64604476.71,276720997.15,466547584.18,189826587.03,-20909125.649999976,2173.66,2174.55,1035.16,1099.66,3004.81,2946.11,6.68,0.0,,,,,,,电子,消费电子,消费电子零部件及组装,11.59,11.64,11.66
sh603133,碳元科技,2022-08-19,12.25,12.32,11.41,11.55,12.22,5253200.0,61828624.0,2416089060.0,2416089060.0,-90948081.61,-64604476.71,276720997.15,466547584.18,189826587.03,-20909125.649999976,2079.13,1909.84,768.76,1038.48,3334.97,3234.55,0.0,0.0,,,,,,,电子,消费电子,消费电子零部件及组装,12.13,12.1,12.0
sh603133,碳元科技,2022-08-22,11.55,11.88,11.25,11.77,11.55,3448834.0,40282504.0,2462109804.0,2462109804.0,-90948081.61,-64604476.71,276720997.15,466547584.18,189826587.03,-20909125.649999976,1129.58,1433.81,482.98,212.14,2415.69,2278.26,0.0,104.04,,,,,,,电子,消费电子,消费电子零部件及组装,11.45,11.47,11.51
sh603133,碳元科技,2022-08-23,11.89,12.22,11.62,11.72,11.77,3205100.0,38008296.0,2451650544.0,2451650544.0,-90948081.61,-64604476.71,276720997.15,466547584.18,189826587.03,-20909125.649999976,1258.75,1441.81,262.77,448.8,2279.31,1910.22,0.0,0.0,,,,,,,电子,消费电子,消费电子零部件及组装,11.78,12.13,12.0
sh603133,碳元科技,2022-08-24,11.7,11.77,11.06,11.12,11.72,4022200.0,45497357.0,2326139424.0,2326139424.0,-90948081.61,-64604476.71,276720997.15,466547584.18,189826587.03,-20909125.649999976,1287.71,1484.27,906.25,1000.88,2355.78,2064.58,0.0,0.0,,,,,,,电子,消费电子,消费电子零部件及组装,11.55,11.48,11.56
sh603133,碳元科技,2022-08-25,11.17,11.24,10.77,10.87,11.12,2879000.0,31384931.0,2273843124.0,2273843124.0,-90948081.61,-64604476.71,276720997.15,466547584.18,189826587.03,-20909125.649999976,924.82,765.86,373.72,446.8,1839.96,1925.83,0.0,0.0,,,,,,,电子,消费电子,消费电子零部件及组装,11.04,10.89,11.01
sh603133,碳元科技,2022-08-26,10.9,11.1,10.8,10.84,10.87,1890500.0,20692394.0,2267567568.0,2267567568.0,-90948081.61,-64604476.71,276720997.15,466547584.18,189826587.03,-20909125.649999976,592.45,598.5,180.48,93.97,1296.3,1376.66,0.0,0.11,,,,,,,电子,消费电子,消费电子零部件及组装,10.9,10.95,10.95
sh603133,碳元科技,2022-08-29,10.79,11.6,10.56,11.43,10.84,4686849.0,52958884.0,2390986836.0,2390986836.0,-90948081.61,-64604476.71,276720997.15,466547584.18,189826587.03,-20909125.649999976,1890.82,1560.59,635.54,611.93,2769.53,2560.14,0.0,563.23,,,,,,,电子,消费电子,消费电子零部件及组装,10.65,11.06,11.15
sh603133,碳元科技,2022-08-30,11.56,11.57,11.04,11.05,11.43,2673900.0,29936503.0,2311496460.0,2311496460.0,-90948081.61,-64604476.71,276720997.15,466547584.18,189826587.03,-20909125.649999976,823.73,723.35,219.81,297.75,1950.11,1972.44,0.0,0.11,,,,,,,电子,消费电子,消费电子零部件及组装,11.37,11.36,11.32
sh603133,碳元科技,2022-08-31,11.05,11.11,10.37,10.39,11.05,3404500.0,36198167.0,2173434228.0,2173434228.0,-90948081.61,-64604476.71,276720997.15,466547584.18,189826587.03,-20909125.649999976,1025.7,973.0,238.76,334.47,2355.36,2303.4,0.0,8.95,,,,,,,电子,消费电子,消费电子零部件及组装,10.97,10.97,10.8
sh603133,碳元科技,2022-09-01,10.42,10.82,10.2,10.25,10.39,2994418.0,31288971.0,2144148300.0,2144148300.0,-90948081.61,-64604476.71,276720997.15,466547584.18,189826587.03,-20909125.649999976,936.5,643.95,153.19,394.59,2039.21,1951.36,0.0,139.0,,,,,,,电子,消费电子,消费电子零部件及组装,10.64,10.66,10.78
sh603133,碳元科技,2022-09-02,10.27,10.56,10.23,10.41,10.25,2634100.0,27467658.0,2177617932.0,2177617932.0,-90948081.61,-64604476.71,276720997.15,466547584.18,189826587.03,-20909125.649999976,804.76,992.38,119.33,305.91,1822.67,1448.47,0.0,0.0,,,,,,,电子,消费电子,消费电子零部件及组装,10.31,10.26,10.33
sh603133,碳元科技,2022-09-05,10.47,11.15,10.39,10.71,10.41,5309277.0,57087576.0,2240373492.0,2240373492.0,-90948081.61,-64604476.71,276720997.15,466547584.18,189826587.03,-20909125.649999976,2005.6,1877.46,656.53,489.77,3046.63,3341.53,0.0,0.0,,,,,,,电子,消费电子,消费电子零部件及组装,10.62,10.6,10.54
sh603133,碳元科技,2022-09-06,10.68,10.94,10.44,10.73,10.71,2949200.0,31460497.0,2244557196.0,2244557196.0,-90948081.61,-64604476.71,276720997.15,466547584.18,189826587.03,-20909125.649999976,749.47,875.53,393.25,507.3,2003.33,1763.22,0.0,0.0,,,,,,,电子,消费电子,消费电子零部件及组装,10.68,10.63,10.66
sh603133,碳元科技,2022-09-07,10.61,10.81,10.42,10.45,10.73,2699900.0,28576072.0,2185985340.0,2185985340.0,-90948081.61,-64604476.71,276720997.15,466547584.18,189826587.03,-20909125.649999976,930.33,687.06,228.38,434.79,1698.89,1521.58,0.0,214.18,,,,,,,电子,消费电子,消费电子零部件及组装,10.7,10.71,10.73
sh603133,碳元科技,2022-09-08,10.44,10.58,10.13,10.17,10.45,2809577.0,28861596.0,2127413484.0,2127413484.0,-90948081.61,-64604476.71,276720997.15,466547584.18,189826587.03,-20909125.649999976,892.33,782.3,336.27,456.35,1657.56,1538.51,0.0,108.99,,,,,,,电子,消费电子,消费电子零部件及组装,10.43,10.44,10.31
sh603133,碳元科技,2022-09-09,10.3,10.3,9.84,10.12,10.17,2740400.0,27467927.0,2116954224.0,2116954224.0,-90948081.61,-64604476.71,276720997.15,466547584.18,189826587.03,-20909125.649999976,847.83,767.88,463.58,314.86,1435.38,1664.06,0.0,0.0,,,,,,,电子,消费电子,消费电子零部件及组装,10.07,9.9,9.86
sh603133,碳元科技,2022-09-13,10.08,10.55,10.01,10.37,10.12,3189898.0,33004958.0,2169250524.0,2169250524.0,-90948081.61,-64604476.71,276720997.15,466547584.18,189826587.03,-20909125.649999976,1158.9,842.6,293.45,338.58,1848.14,2119.32,0.0,0.0,,,,,,,电子,消费电子,消费电子零部件及组装,10.16,10.47,10.33
sh603133,碳元科技,2022-09-14,10.13,10.5,10.13,10.47,10.37,2644400.0,27315886.0,2190169044.0,2190169044.0,-90948081.61,-64604476.71,276720997.15,466547584.18,189826587.03,-20909125.649999976,808.95,897.13,339.22,314.96,1583.42,1519.5,0.0,0.0,,,,,,,电子,消费电子,消费电子零部件及组装,10.35,10.21,10.19
sh603133,碳元科技,2022-09-15,10.42,10.5,9.93,10.03,10.47,3581000.0,36109225.0,2098127556.0,2098127556.0,-90948081.61,-64604476.71,276720997.15,466547584.18,189826587.03,-20909125.649999976,1285.08,967.51,648.63,548.91,1677.22,2094.5,0.0,0.0,,,,,,,电子,消费电子,消费电子零部件及组装,10.33,10.27,10.1
sh603133,碳元科技,2022-09-16,9.95,10.13,9.9,9.93,10.03,1949050.0,19465302.0,2077209036.0,2077209036.0,-90948081.61,-64604476.71,276720997.15,466547584.18,189826587.03,-20909125.649999976,550.65,346.86,64.98,143.6,1330.9,1456.07,0.0,0.0,,,,,,,电子,消费电子,消费电子零部件及组装,10.0,10.04,10.0
sh603133,碳元科技,2022-09-19,9.88,9.88,9.33,9.46,9.93,3940300.0,37574371.0,1978891992.0,1978891992.0,-90948081.61,-64604476.71,276720997.15,466547584.18,189826587.03,-20909125.649999976,1042.39,842.79,229.58,183.46,2485.47,2731.19,0.0,0.0,,,,,,,电子,消费电子,消费电子零部件及组装,9.7,9.73,9.72
sh603133,碳元科技,2022-09-20,9.52,9.69,9.39,9.44,9.46,2847300.0,27031213.0,1974708288.0,1974708288.0,-90948081.61,-64604476.71,276720997.15,466547584.18,189826587.03,-20909125.649999976,527.52,850.18,154.17,215.35,2021.43,1637.59,0.0,0.0,,,,,,,电子,消费电子,消费电子零部件及组装,9.58,9.66,9.65
sh603133,碳元科技,2022-09-21,9.44,9.58,9.31,9.57,9.44,2285000.0,21646979.0,2001902364.0,2001902364.0,-90948081.61,-64604476.71,276720997.15,466547584.18,189826587.03,-20909125.649999976,496.32,619.02,117.16,125.99,1537.13,1405.61,0.0,0.0,,,,,,,电子,消费电子,消费电子零部件及组装,9.46,9.34,9.47
sh603133,碳元科技,2022-09-22,9.6,9.78,9.47,9.61,9.57,1430000.0,13762591.0,2010269772.0,2010269772.0,-90948081.61,-64604476.71,276720997.15,466547584.18,189826587.03,-20909125.649999976,410.77,298.17,119.14,119.78,846.35,958.31,0.0,0.0,,,,,,,电子,消费电子,消费电子零部件及组装,9.54,9.55,9.66
sh603133,碳元科技,2022-09-23,9.51,9.69,9.26,9.31,9.61,2284700.0,21483681.0,1947514212.0,1947514212.0,-90948081.61,-64604476.71,276720997.15,466547584.18,189826587.03,-20909125.649999976,729.57,573.23,92.06,103.49,1326.73,1471.65,0.0,0.0,,,,,,,电子,消费电子,消费电子零部件及组装,9.61,9.49,9.45
sh603133,碳元科技,2022-09-26,9.37,9.37,9.02,9.2,9.31,1933550.0,17776630.0,1924503840.0,1924503840.0,-90948081.61,-64604476.71,276720997.15,466547584.18,189826587.03,-20909125.649999976,544.1,331.01,56.58,158.36,1176.98,1288.29,0.0,0.0,,,,,,,电子,消费电子,消费电子零部件及组装,9.14,9.15,9.17
sh603133,碳元科技,2022-09-27,9.22,9.44,9.18,9.4,9.2,1648500.0,15383071.0,1966340880.0,1966340880.0,-90948081.61,-64604476.71,276720997.15,466547584.18,189826587.03,-20909125.649999976,358.04,319.76,73.93,123.2,1106.34,1095.35,0.0,0.0,,,,,,,电子,消费电子,消费电子零部件及组装,9.38,9.39,9.27
sh603133,碳元科技,2022-09-28,9.52,9.55,9.26,9.27,9.4,1740300.0,16351917.0,1939146804.0,1939146804.0,-90948081.61,-64604476.71,276720997.15,466547584.18,189826587.03,-20909125.649999976,585.81,494.56,29.99,23.54,1019.4,1117.09,0.0,0.0,,,,,,,电子,消费电子,消费电子零部件及组装,9.43,9.53,9.46
sh603133,碳元科技,2022-09-29,9.47,10.1,9.23,9.61,9.27,5221500.0,50540237.0,2010269772.0,2010269772.0,-90948081.61,-64604476.71,276720997.15,466547584.18,189826587.03,-20909125.649999976,1958.25,1729.27,245.59,189.95,2850.18,3134.8,0.0,0.0,,,,,,,电子,消费电子,消费电子零部件及组装,9.34,9.29,9.27
sh603133,碳元科技,2022-09-30,9.6,9.69,9.3,9.31,9.61,2710400.0,25533944.0,1947514212.0,1947514212.0,-90948081.61,-64604476.71,276720997.15,466547584.18,189826587.03,-20909125.649999976,905.58,573.14,138.19,143.57,1509.62,1836.68,0.0,0.0,,,,,,,电子,消费电子,消费电子零部件及组装,9.61,9.62,9.48
sh603133,碳元科技,2022-10-10,9.8,10.1,9.34,9.79,9.31,5294300.0,52228600.0,2047923108.0,2047923108.0,-90948081.61,-64604476.71,276720997.15,466547584.18,189826587.03,-20909125.649999976,1880.84,1719.88,425.24,436.3,2916.77,2942.11,0.0,124.57,,,,,,,电子,消费电子,消费电子零部件及组装,9.54,9.95,9.93
sh603133,碳元科技,2022-10-11,9.95,10.17,9.39,9.65,9.79,6169700.0,59988908.0,2018637180.0,2018637180.0,-90948081.61,-64604476.71,276720997.15,466547584.18,189826587.03,-20909125.649999976,2574.1,1886.24,541.78,460.01,2873.07,3652.64,9.94,0.0,,,,,,,电子,消费电子,消费电子零部件及组装,9.95,10.04,9.95
sh603133,碳元科技,2022-10-12,9.63,9.96,9.52,9.95,9.65,3398000.0,33380435.0,2081392740.0,2081392740.0,-90948081.61,-64604476.71,276720997.15,466547584.18,189826587.03,-20909125.649999976,1032.16,1113.15,303.35,197.27,2002.53,1833.01,0.0,194.62,,,,,,,电子,消费电子,消费电子零部件及组装,9.62,9.87,9.75
sh603133,碳元科技,2022-10-13,9.85,10.37,9.8,10.22,9.95,3950000.0,40132736.0,2137872744.0,2137872744.0,-90948081.61,-64604476.71,276720997.15,466547584.18,189826587.03,-20909125.649999976,1418.29,1343.59,370.36,552.63,2224.62,2117.05,0.0,0.0,,,,,,,电子,消费电子,消费电子零部件及组装,9.86,9.9,9.92
sh603133,碳元科技,2022-10-14,10.26,10.75,10.13,10.48,10.22,4033800.0,41949677.0,2192260896.0,2192260896.0,-90948081.61,-64604476.71,276720997.15,466547584.18,189826587.03,-20909125.649999976,1384.88,1524.59,789.05,502.27,2005.24,1976.86,15.8,191.25,,,,,,,电子,消费电子,消费电子零部件及组装,10.31,10.22,10.15
sh603133,碳元科技,2022-10-17,10.63,10.77,10.51,10.73,10.48,2557000.0,27328907.0,2244557196.0,2244557196.0,-90948081.61,-64604476.71,276720997.15,466547584.18,189826587.03,-20909125.649999976,856.62,1009.35,243.89,271.21,1632.38,1452.33,0.0,0.0,,,,,,,电子,消费电子,消费电子零部件及组装,10.61,10.69,10.69
sh603133,碳元科技,2022-10-18,10.8,11.01,10.62,10.84,10.73,2441000.0,26468246.0,2267567568.0,2267567568.0,-90948081.61,-64604476.71,276720997.15,466547584.18,189826587.03,-20909125.649999976,988.96,964.88,221.15,386.86,1436.72,1295.09,0.0,0.0,,,,,,,电子,消费电子,消费电子零部件及组装,10.75,10.66,10.78
sh603133,碳元科技,2022-10-19,10.85,10.97,10.65,10.74,10.84,2355217.0,25328530.0,2246649048.0,2246649048.0,-90948081.61,-64604476.71,276720997.15,466547584.18,189826587.03,-20909125.649999976,856.44,1034.25,269.21,232.63,1407.2,1265.98,0.0,0.0,,,,,,,电子,消费电子,消费电子零部件及组装,10.88,10.8,10.78
sh603133,碳元科技,2022-10-20,10.74,11.53,10.74,11.33,10.74,5713217.0,63997551.0,2370068316.0,2370068316.0,-90948081.61,-64604476.71,276720997.15,466547584.18,189826587.03,-20909125.649999976,2471.2,2562.93,721.65,780.98,3102.01,2928.17,104.89,127.68,,,,,,,电子,消费电子,消费电子零部件及组装,10.78,10.9,10.79
sh603133,碳元科技,2022-10-21,11.28,11.54,11.25,11.44,11.33,4676700.0,53301472.0,2393078688.0,2393078688.0,-90948081.61,-64604476.71,276720997.15,466547584.18,189826587.03,-20909125.649999976,1954.36,1467.89,1095.37,931.28,2250.8,2405.73,0.0,495.62,,,,,,,电子,消费电子,消费电子零部件及组装,11.39,11.36,11.36
sh603133,碳元科技,2022-10-24,11.4,11.86,11.4,11.53,11.44,5303000.0,61881403.0,2411905356.0,2411905356.0,-90948081.61,-64604476.71,276720997.15,466547584.18,189826587.03,-20909125.649999976,2501.01,2259.13,1076.82,860.84,2610.31,2986.27,0.0,81.9,,,,,,,电子,消费电子,消费电子零部件及组装,11.62,11.74,11.76
sh603133,碳元科技,2022-10-25,11.47,11.85,11.34,11.42,11.53,5519900.0,63896072.0,2388894984.0,2388894984.0,-90948081.61,-64604476.71,276720997.15,466547584.18,189826587.03,-20909125.649999976,1992.23,2257.33,1710.87,1499.85,2500.63,2551.57,185.88,80.86,,,,,,,电子,消费电子,消费电子零部件及组装,11.54,11.83,11.8
sh603133,碳元科技,2022-10-26,11.52,11.75,11.31,11.58,11.42,3945934.0,45499618.0,2422364616.0,2422364616.0,-90948081.61,-64604476.71,276720997.15,466547584.18,189826587.03,-20909125.649999976,1533.35,1819.16,619.36,678.35,2308.68,1925.43,88.57,127.02,,,,,,,电子,消费电子,消费电子零部件及组装,11.66,11.57,11.57
sh603133,碳元科技,2022-10-27,11.43,11.78,11.43,11.72,11.58,4294834.0,50163337.0,2451650544.0,2451650544.0,-90948081.61,-64604476.71,276720997.15,466547584.18,189826587.03,-20909125.649999976,1782.57,1656.82,822.93,903.61,2410.83,2172.17,0.0,283.74,,,,,,,电子,消费电子,消费电子零部件及组装,11.6,11.61,11.66
sh603133,碳元科技,2022-10-28,11.7,11.7,10.99,11.07,11.72,4575400.0,51491140.0,2315680164.0,2315680164.0,-90948081.61,-64604476.71,276720997.15,466547584.18,189826587.03,-20909125.649999976,1821.04,1767.18,864.9,1059.28,2446.6,2203.24,16.57,119.42,,,,,,,电子,消费电子,消费电子零部件及组装,11.54,11.47,11.28
sh603133,碳元科技,2022-10-31,11.24,11.3,10.83,10.96,11.07,2957817.0,32616466.0,2292669792.0,2292669792.0,-90948081.61,-64604476.71,276720997.15,466547584.18,189826587.03,-20909125.649999976,1103.83,1220.2,319.04,270.86,1838.78,1770.58,0.0,0.0,,,,,,,电子,消费电子,消费电子零部件及组装,11.16,11.04,11.17
sh603133,碳元科技,2022-11-01,11.12,11.23,10.8,11.17,10.96,2205550.0,24406898.0,2336598684.0,2336598684.0,-90948081.61,-64604476.71,276720997.15,466547584.18,189826587.03,-20909125.649999976,566.26,872.4,366.99,243.33,1507.44,1324.97,0.0,0.0,,,,,,,电子,消费电子,消费电子零部件及组装,11.0,11.08,10.97
sh603133,碳元科技,2022-11-02,11.19,11.35,11.06,11.11,11.17,2628000.0,29316037.0,2324047572.0,2324047572.0,-90948081.61,-64604476.71,276720997.15,466547584.18,189826587.03,-20909125.649999976,1112.94,896.92,222.19,239.56,1596.47,1795.13,0.0,0.0,,,,,,,电子,消费电子,消费电子零部件及组装,11.15,11.3,11.21
sh603133,碳元科技,2022-11-03,11.01,11.69,11.01,11.69,11.11,4879100.0,55647520.0,2445374988.0,2445374988.0,-90948081.61,-64604476.71,276720997.15,466547584.18,189826587.03,-20909125.649999976,2360.85,2073.67,483.25,627.79,2720.65,2863.29,0.0,0.0,,,,,,,电子,消费电子,消费电子零部件及组装,11.11,11.24,11.13
sh603133,碳元科技,2022-11-04,11.72,11.8,11.52,11.62,11.69,3722684.0,43336511.0,2430732024.0,2430732024.0,-90948081.61,-64604476.71,276720997.15,466547584.18,189826587.03,-20909125.649999976,1659.32,1421.06,611.03,463.49,2063.3,2345.83,0.0,103.27,,,,,,,电子,消费电子,消费电子零部件及组装,11.69,11.68,11.56
sh603133,碳元科技,2022-11-07,11.65,12.78,11.62,12.78,11.62,7448500.0,93734275.0,2673386856.0000005,2673386856.0000005,-90948081.61,-64604476.71,276720997.15,466547584.18,189826587.03,-20909125.649999976,1789.71,2392.89,1360.63,2105.33,1665.86,2834.75,4557.23,2040.45,,,,,,,电子,消费电子,消费电子零部件及组装,12.32,12.78,12.78
sh603133,碳元科技,2022-11-15,14.06,14.06,12.15,13.55,12.78,34579940.0,457298912.0,2834459460.0,2834459460.0,-90948081.61,-64604476.71,276720997.15,466547584.18,189826587.03,-20909125.649999976,14241.09,14418.86,9952.45,12267.05,12377.0,11933.8,9159.35,7110.18,,,,,,,电子,消费电子,消费电子零部件及组装,12.86,13.03,13.09
sh603133,碳元科技,2022-11-16,12.8,13.05,12.2,12.2,13.55,19022993.0,239901071.0,2552059440.0,2552059440.0,-90948081.61,-64604476.71,276720997.15,466547584.18,189826587.03,-20909125.649999976,8836.59,7813.87,4938.58,4144.68,9291.45,9079.85,923.49,2951.71,,,,,,,电子,消费电子,消费电子零部件及组装,12.61,12.7,12.76
sh603133,碳元科技,2022-11-17,12.37,12.68,12.21,12.42,12.2,9999329.0,123611798.0,2598080184.0,2598080184.0,-90948081.61,-64604476.71,276720997.15,466547584.18,189826587.03,-20909125.649999976,5106.9,4986.9,2169.84,1902.49,5084.45,5457.09,0.0,14.71,,,,,,,电子,消费电子,消费电子零部件及组装,12.63,12.33,12.33
sh603133,碳元科技,2022-11-18,12.31,12.52,12.03,12.3,12.42,7654062.0,93939332.0,2572977960.0,2572977960.0,-90948081.61,-64604476.71,276720997.15,466547584.18,189826587.03,-20909125.649999976,3117.68,3789.56,2212.07,1389.6,3797.21,3896.02,266.98,318.75,,,,,,,电子,消费电子,消费电子零部件及组装,12.07,12.25,12.26
sh603133,碳元科技,2022-11-21,12.31,12.88,12.12,12.52,12.3,11751932.0,147608511.0,2618998704.0,2618998704.0,-90948081.61,-64604476.71,276720997.15,466547584.18,189826587.03,-20909125.649999976,5824.07,5105.28,3078.87,4012.2,5352.73,5147.31,505.18,496.06,,,,,,,电子,消费电子,消费电子零部件及组装,12.4,12.65,12.45
sh603133,碳元科技,2022-11-22,12.36,12.49,12.12,12.4,12.52,5849604.0,71873440.0,2593896480.0,2593896480.0,-90948081.61,-64604476.71,276720997.15,466547584.18,189826587.03,-20909125.649999976,2974.78,2664.09,790.11,1019.12,3422.45,3393.95,0.0,110.18,,,,,,,电子,消费电子,消费电子零部件及组装,12.39,12.33,12.44
sh603133,碳元科技,2022-11-23,12.4,12.41,11.67,11.88,12.4,6937600.0,82767456.0,2485120176.0,2485120176.0,-90948081.61,-64604476.71,276720997.15,466547584.18,189826587.03,-20909125.649999976,2677.6,3005.26,1950.34,1025.54,3117.56,3139.16,531.25,1106.78,,,,,,,电子,消费电子,消费电子零部件及组装,12.2,12.19,12.03
sh603133,碳元科技,2022-11-24,11.8,12.26,11.8,12.12,11.88,4774100.0,57870799.0,2535324624.0,2535324624.0,-90948081.61,-64604476.71,276720997.15,466547584.18,189826587.03,-20909125.649999976,2098.45,2541.67,327.59,872.44,3361.04,2372.97,0.0,0.0,,,,,,,电子,消费电子,消费电子零部件及组装,12.16,12.1,12.15
sh603133,碳元科技,2022-11-25,12.12,12.19,11.9,12.12,12.12,3051700.0,36802895.0,2535324624.0,2535324624.0,-90948081.61,-64604476.71,276720997.15,466547584.18,189826587.03,-20909125.649999976,1117.53,1652.97,837.35,464.13,1621.04,1563.19,104.37,0.0,,,,,,,电子,消费电子,消费电子零部件及组装,11.98,12.02,12.0
sh603133,碳元科技,2022-11-28,12.17,12.99,12.02,12.36,12.12,6246100.0,77859820.0,2585529072.0,2585529072.0,-90948081.61,-64604476.71,276720997.15,466547584.18,189826587.03,-20909125.649999976,2732.22,2668.83,1448.38,1067.06,3506.59,3776.55,98.79,273.55,,,,,,,电子,消费电子,消费电子零部件及组装,12.16,12.37,12.55
sh603133,碳元科技,2022-11-29,12.49,12.5,12.21,12.49,12.36,3797100.0,47101744.0,2612723148.0,2612723148.0,-90948081.61,-64604476.71,276720997.15,466547584.18,189826587.03,-20909125.649999976,1719.64,1730.37,849.63,521.75,2121.64,2406.38,19.27,51.67,,,,,,,电子,消费电子,消费电子零部件及组装,12.38,12.4,12.4
sh603133,碳元科技,2022-11-30,12.47,12.82,12.1,12.66,12.49,6768185.0,84981375.0,2648284632.0,2648284632.0,-90948081.61,-64604476.71,276720997.15,466547584.18,189826587.03,-20909125.649999976,3275.47,3044.68,1340.68,1442.23,3882.0,3758.46,0.0,252.77,,,,,,,电子,消费电子,消费电子零部件及组装,12.49,12.14,12.21
sh603133,碳元科技,2022-12-01,12.67,12.9,12.45,12.66,12.66,4263977.0,53836159.0,2648284632.0,2648284632.0,-90948081.61,-64604476.71,276720997.15,466547584.18,189826587.03,-20909125.649999976,2101.3,2042.55,860.83,677.65,2306.64,2551.74,114.84,111.67,,,,,,,电子,消费电子,消费电子零部件及组装,12.59,12.49,12.54
sh603133,碳元科技,2022-12-02,12.56,12.89,12.43,12.6,12.66,3157205.0,39688501.0,2635733520.0,2635733520.0,-90948081.61,-64604476.71,276720997.15,466547584.18,189826587.03,-20909125.649999976,1543.41,1361.84,580.31,663.49,1845.12,1943.52,0.0,0.0,,,,,,,电子,消费电子,消费电子零部件及组装,12.87,12.66,12.64
sh603133,碳元科技,2022-12-05,12.51,12.65,12.23,12.4,12.6,4339100.0,53744447.0,2593896480.0,2593896480.0,-90948081.61,-64604476.71,276720997.15,466547584.18,189826587.03,-20909125.649999976,2044.93,2262.84,951.12,869.76,2285.1,2060.02,93.29,181.82,,,,,,,电子,消费电子,消费电子零部件及组装,12.53,12.45,12.45
sh603133,碳元科技,2022-12-06,12.3,12.46,12.26,12.37,12.4,2267125.0,28003742.0,2587620924.0,2587620924.0,-90948081.61,-64604476.71,276720997.15,466547584.18,189826587.03,-20909125.649999976,678.31,1121.67,265.89,429.96,1844.94,1237.52,0.0,0.0,,,,,,,电子,消费电子,消费电子零部件及组装,12.42,12.34,12.4
sh603133,碳元科技,2022-12-07,12.35,12.99,12.06,12.92,12.37,6981374.0,88313789.0,2702672784.0,2702672784.0,-90948081.61,-64604476.71,276720997.15,466547584.18,189826587.03,-20909125.649999976,3123.74,3249.39,1862.29,1869.79,3773.17,3513.6,72.18,198.59,,,,,,,电子,消费电子,消费电子零部件及组装,12.17,12.18,12.27
sh603133,碳元科技,2022-12-08,12.87,13.08,12.77,12.98,12.92,5040500.0,65228935.0,2715223896.0,2715223896.0,-90948081.61,-64604476.71,276720997.15,466547584.18,189826587.03,-20909125.649999976,2252.71,2335.15,882.73,773.35,3007.81,3108.92,379.65,305.48,,,,,,,电子,消费电子,消费电子零部件及组装,12.81,12.81,12.87
sh603133,碳元科技,2022-12-09,13.0,13.08,12.78,12.96,12.98,2694084.0,34785196.0,2711040192.0,2711040192.0,-90948081.61,-64604476.71,276720997.15,466547584.18,189826587.03,-20909125.649999976,1092.3,1135.46,645.89,573.57,1551.49,1685.16,188.84,84.32,,,,,,,电子,消费电子,消费电子零部件及组装,12.81,12.87,12.86
sh603133,碳元科技,2022-12-12,12.96,13.29,12.43,12.49,12.96,3590400.0,45716217.0,2612723148.0,2612723148.0,-90948081.61,-64604476.71,276720997.15,466547584.18,189826587.03,-20909125.649999976,1643.53,1727.18,297.71,560.49,2630.38,2283.95,0.0,0.0,,,,,,,电子,消费电子,消费电子零部件及组装,13.08,13.0,12.98
sh603133,碳元科技,2022-12-13,12.53,12.58,12.26,12.29,12.49,2197000.0,27224756.0,2570886108.0,2570886108.0,-90948081.61,-64604476.71,276720997.15,466547584.18,189826587.03,-20909125.649999976,1113.02,981.16,258.36,231.88,1351.09,1452.11,0.0,57.32,,,,,,,电子,消费电子,消费电子零部件及组装,12.38,12.4,12.38
sh603133,碳元科技,2022-12-14,12.38,12.41,12.18,12.29,12.29,1652300.0,20320110.0,2570886108.0,2570886108.0,-90948081.61,-64604476.71,276720997.15,466547584.18,189826587.03,-20909125.649999976,858.35,782.42,264.91,92.3,908.76,1157.29,0.0,0.0,,,,,,,电子,消费电子,消费电子零部件及组装,12.33,12.38,12.33
sh603133,碳元科技,2022-12-15,12.38,12.44,12.13,12.18,12.29,1478600.0,18144834.0,2547875736.0,2547875736.0,-90948081.61,-64604476.71,276720997.15,466547584.18,189826587.03,-20909125.649999976,649.21,626.37,270.83,246.49,894.45,940.28,0.0,1.34,,,,,,,电子,消费电子,消费电子零部件及组装,12.28,12.36,12.35
sh603133,碳元科技,2022-12-16,12.38,12.38,11.75,11.79,12.18,2829300.0,33669425.0,2466293508.0,2466293508.0,-90948081.61,-64604476.71,276720997.15,466547584.18,189826587.03,-20909125.649999976,1196.99,1130.05,432.6,449.09,1737.35,1787.8,0.0,0.0,,,,,,,电子,消费电子,消费电子零部件及组装,12.16,12.02,11.86
sh603133,碳元科技,2022-12-19,11.8,11.8,11.21,11.37,11.79,2385200.0,27364675.0,2378435724.0,2378435724.0,-90948081.61,-64604476.71,276720997.15,466547584.18,189826587.03,-20909125.649999976,976.3,1002.16,141.98,488.17,1618.19,1246.14,0.0,0.0,,,,,,,电子,消费电子,消费电子零部件及组装,11.66,11.6,11.43
sh603133,碳元科技,2022-12-20,11.39,12.3,11.31,11.88,11.37,4570900.0,54300242.0,2485120176.0,2485120176.0,-90948081.61,-64604476.71,276720997.15,466547584.18,189826587.03,-20909125.649999976,1888.43,1957.06,953.75,504.2,2485.9,2850.76,101.95,118.0,,,,,,,电子,消费电子,消费电子零部件及组装,11.42,11.41,11.41
sh603133,碳元科技,2022-12-21,11.98,12.01,11.65,11.71,11.88,2084500.0,24592744.0,2449558692.0,2449558692.0,-90948081.61,-64604476.71,276720997.15,466547584.18,189826587.03,-20909125.649999976,684.45,669.48,393.77,178.98,1381.05,1610.81,0.0,0.0,,,,,,,电子,消费电子,消费电子零部件及组装,11.77,11.71,11.68
sh603133,碳元科技,2022-12-22,11.71,11.72,11.29,11.33,11.71,2267700.0,25944192.0,2370068316.0,2370068316.0,-90948081.61,-64604476.71,276720997.15,466547584.18,189826587.03,-20909125.649999976,785.52,746.11,508.97,296.39,1299.93,1551.92,0.0,0.0,,,,,,,电子,消费电子,消费电子零部件及组装,11.63,11.49,11.39
sh603133,碳元科技,2022-12-23,11.29,11.44,11.1,11.15,11.33,1966400.0,22101181.0,2332414980.0,2332414980.0,-90948081.61,-64604476.71,276720997.15,466547584.18,189826587.03,-20909125.649999976,728.82,723.03,383.87,360.77,1097.42,1105.74,0.0,20.57,,,,,,,电子,消费电子,消费电子零部件及组装,11.3,11.29,11.34
sh603133,碳元科技,2022-12-26,11.24,11.59,11.05,11.58,11.15,2486500.0,28351217.0,2422364616.0,2422364616.0,-90948081.61,-64604476.71,276720997.15,466547584.18,189826587.03,-20909125.649999976,679.45,847.13,524.61,704.04,1512.49,1140.21,118.57,143.75,,,,,,,电子,消费电子,消费电子零部件及组装,11.14,11.14,11.18
sh603133,碳元科技,2022-12-27,11.57,12.02,11.52,11.98,11.58,1970500.0,23325127.0,2506038696.0,2506038696.0,-90948081.61,-64604476.71,276720997.15,466547584.18,189826587.03,-20909125.649999976,740.36,858.93,353.64,290.24,1238.51,1183.34,0.0,0.0,,,,,,,电子,消费电子,消费电子零部件及组装,11.64,11.62,11.58
sh603133,碳元科技,2022-12-28,11.99,12.51,11.95,12.19,11.98,5073100.0,62266589.0,2549967588.0,2549967588.0,-90948081.61,-64604476.71,276720997.15,466547584.18,189826587.03,-20909125.649999976,2069.04,1934.35,1399.0,1282.8,2648.51,2899.4,110.11,110.11,,,,,,,电子,消费电子,消费电子零部件及组装,12.09,12.03,12.15
sh603133,碳元科技,2022-12-29,12.34,12.47,12.08,12.4,12.19,2562900.0,31495194.0,2593896480.0,2593896480.0,-90948081.61,-64604476.71,276720997.15,466547584.18,189826587.03,-20909125.649999976,972.75,1095.12,380.0,445.47,1796.78,1608.92,0.0,0.0,,,,,,,电子,消费电子,消费电子零部件及组装,12.09,12.23,12.3
sh603133,碳元科技,2022-12-30,12.38,12.52,12.0,12.03,12.4,4050105.0,49490706.0,2516497956.0,2516497956.0,-90948081.61,-64604476.71,276720997.15,466547584.18,189826587.03,-20909125.649999976,1314.23,1249.78,1358.96,1109.44,1830.71,1715.04,445.18,874.8,,,,,,,电子,消费电子,消费电子零部件及组装,12.42,12.45,12.43
sh603133,碳元科技,2023-01-03,12.03,12.18,11.79,12.02,12.03,3041100.0,36429924.0,2514406104.0,2514406104.0,-90948081.61,-64604476.71,276720997.15,466547584.18,189826587.03,-20909125.649999976,1273.68,1273.81,540.08,737.98,1829.24,1631.2,0.0,0.0,,,,,,,电子,消费电子,消费电子零部件及组装,11.91,11.95,11.83
sh603133,碳元科技,2023-01-04,12.0,12.1,11.9,11.96,12.02,1761400.0,21072020.0,2501854992.0,2501854992.0,-90948081.61,-64604476.71,276720997.15,466547584.18,189826587.03,-20909125.649999976,629.86,590.03,390.84,296.88,1086.51,1220.29,0.0,0.0,,,,,,,电子,消费电子,消费电子零部件及组装,12.04,11.98,11.99
sh603133,碳元科技,2023-01-05,11.97,12.06,11.8,11.83,11.96,2183900.0,26001363.0,2474660916.0,2474660916.0,-90948081.61,-64604476.71,276720997.15,466547584.18,189826587.03,-20909125.649999976,860.26,567.69,335.45,636.7,1404.42,1395.75,0.0,0.0,,,,,,,电子,消费电子,消费电子零部件及组装,11.9,11.91,11.91
sh603133,碳元科技,2023-01-06,11.89,11.94,11.67,11.72,11.83,1725000.0,20300162.0,2451650544.0,2451650544.0,-90948081.61,-64604476.71,276720997.15,466547584.18,189826587.03,-20909125.649999976,520.85,531.48,255.54,284.8,1253.62,1204.15,0.0,9.59,,,,,,,电子,消费电子,消费电子零部件及组装,11.9,11.88,11.88
sh603133,碳元科技,2023-01-09,11.76,11.89,11.6,11.66,11.72,1415300.0,16599043.0,2439099432.0,2439099432.0,-90948081.61,-64604476.71,276720997.15,466547584.18,189826587.03,-20909125.649999976,479.64,421.83,228.0,222.55,952.27,945.6,0.0,69.94,,,,,,,电子,消费电子,消费电子零部件及组装,11.81,11.85,11.87
sh603133,碳元科技,2023-01-10,11.69,12.0,11.48,11.58,11.66,3770170.0,44207344.0,2422364616.0,2422364616.0,-90948081.61,-64604476.71,276720997.15,466547584.18,189826587.03,-20909125.649999976,1644.14,1195.48,1126.74,359.84,1649.85,2287.33,0.0,578.07,,,,,,,电子,消费电子,消费电子零部件及组装,11.52,11.58,11.89
sh603133,碳元科技,2023-01-11,11.59,11.66,11.35,11.38,11.58,2005000.0,22996938.0,2380527576.0,2380527576.0,-90948081.61,-64604476.71,276720997.15,466547584.18,189826587.03,-20909125.649999976,733.49,693.42,192.89,93.9,1373.31,1512.38,0.0,0.0,,,,,,,电子,消费电子,消费电子零部件及组装,11.47,11.54,11.48
sh603133,碳元科技,2023-01-12,11.38,11.44,11.26,11.27,11.38,1841400.0,20872772.0,2357517204.0,2357517204.0,-90948081.61,-64604476.71,276720997.15,466547584.18,189826587.03,-20909125.649999976,632.95,702.74,271.89,364.04,1182.44,1020.49,0.0,0.0,,,,,,,电子,消费电子,消费电子零部件及组装,11.41,11.4,11.42
sh603133,碳元科技,2023-01-13,11.29,11.73,11.28,11.5,11.27,2997000.0,34359293.0,2405629800.0,2405629800.0,-90948081.61,-64604476.71,276720997.15,466547584.18,189826587.03,-20909125.649999976,1332.91,1023.15,565.15,478.22,1537.87,1934.56,0.0,0.0,,,,,,,电子,消费电子,消费电子零部件及组装,11.36,11.41,11.7
sh603133,碳元科技,2023-01-16,11.5,11.98,11.38,11.94,11.5,3983001.0,46763120.0,2497671288.0,2497671288.0,-90948081.61,-64604476.71,276720997.15,466547584.18,189826587.03,-20909125.649999976,1770.61,1539.87,747.28,1036.16,2144.38,2020.92,14.03,79.36,,,,,,,电子,消费电子,消费电子零部件及组装,11.47,11.56,11.51
sh603133,碳元科技,2023-01-17,11.93,11.98,11.79,11.81,11.94,1779100.0,21134544.0,2470477212.0,2470477212.0,-90948081.61,-64604476.71,276720997.15,466547584.18,189826587.03,-20909125.649999976,701.58,578.12,303.18,415.41,1108.69,1119.93,0.0,0.0,,,,,,,电子,消费电子,消费电子零部件及组装,11.93,11.9,11.87
sh603133,碳元科技,2023-01-18,11.64,12.16,11.63,12.02,11.81,3425300.0,40910532.0,2514406104.0,2514406104.0,-90948081.61,-64604476.71,276720997.15,466547584.18,189826587.03,-20909125.649999976,1207.31,1162.18,604.61,1038.26,1760.88,1890.61,518.25,0.0,,,,,,,电子,消费电子,消费电子零部件及组装,11.68,11.74,11.88
sh603133,碳元科技,2023-01-19,12.07,12.15,11.89,11.93,12.02,2165800.0,26001337.0,2495579436.0,2495579436.0,-90948081.61,-64604476.71,276720997.15,466547584.18,189826587.03,-20909125.649999976,725.27,770.3,353.98,611.53,1520.89,1218.3,0.0,0.0,,,,,,,电子,消费电子,消费电子零部件及组装,11.96,11.97,12.04
sh603133,碳元科技,2023-01-20,12.01,12.02,11.77,11.85,11.93,2215601.0,26315229.0,2478844620.0,2478844620.0,-90948081.61,-64604476.71,276720997.15,466547584.18,189826587.03,-20909125.649999976,869.47,999.47,386.08,633.51,1375.98,998.54,0.0,0.0,,,,,,,电子,消费电子,消费电子零部件及组装,11.98,11.97,11.97
sh603133,碳元科技,2023-01-30,11.95,12.1,11.92,12.03,11.85,1831300.0,22003751.0,2516497956.0,2516497956.0,-90948081.61,-64604476.71,276720997.15,466547584.18,189826587.03,-20909125.649999976,710.42,750.21,203.53,321.52,1286.43,1070.01,0.0,58.63,,,,,,,电子,消费电子,消费电子零部件及组装,12.03,12.08,12.01
sh603133,碳元科技,2023-01-31,11.85,11.91,11.6,11.86,12.03,2220800.0,26180782.0,2480936472.0,2480936472.0,-90948081.61,-64604476.71,276720997.15,466547584.18,189826587.03,-20909125.649999976,843.1,698.77,210.45,554.59,1448.17,1005.44,116.35,359.28,,,,,,,电子,消费电子,消费电子零部件及组装,11.73,11.82,11.8
sh603133,碳元科技,2023-02-01,12.0,12.22,11.86,12.06,11.86,4652400.0,56129584.0,2522773512.0,2522773512.0,-90948081.61,-64604476.71,276720997.15,466547584.18,189826587.03,-20909125.649999976,1883.7,1695.68,956.64,2069.08,2772.62,1777.4,0.0,70.8,,,,,,,电子,消费电子,消费电子零部件及组装,11.95,12.21,12.13
sh603133,碳元科技,2023-02-02,12.12,12.24,12.0,12.15,12.06,2929000.0,35534214.0,2541600180.0,2541600180.0,-90948081.61,-64604476.71,276720997.15,466547584.18,189826587.03,-20909125.649999976,1049.58,1009.11,520.84,776.85,1803.21,1483.78,0.0,103.88,,,,,,,电子,消费电子,消费电子零部件及组装,12.18,12.15,12.07
sh603133,碳元科技,2023-02-03,12.15,12.15,11.78,12.04,12.15,2893400.0,34599931.0,2518589808.0,2518589808.0,-90948081.61,-64604476.71,276720997.15,466547584.18,189826587.03,-20909125.649999976,1252.15,1248.97,374.8,779.36,1833.05,1431.67,0.0,0.0,,,,,,,电子,消费电子,消费电子零部件及组装,12.11,12.07,11.97
sh603133,碳元科技,2023-02-06,12.07,12.54,11.78,11.86,12.04,5009200.0,60608732.0,2480936472.0,2480936472.0,-90948081.61,-64604476.71,276720997.15,466547584.18,189826587.03,-20909125.649999976,1936.94,1601.06,703.37,1437.96,2937.8,2678.73,482.76,343.12,,,,,,,电子,消费电子,消费电子零部件及组装,12.49,12.18,12.12
sh603133,碳元科技,2023-02-07,11.89,11.95,11.78,11.92,11.86,2021600.0,24002842.0,2493487584.0,2493487584.0,-90948081.61,-64604476.71,276720997.15,466547584.18,189826587.03,-20909125.649999976,767.71,786.1,480.58,487.5,1152.0,1126.68,0.0,0.0,,,,,,,电子,消费电子,消费电子零部件及组装,11.88,11.84,11.86
sh603133,碳元科技,2023-02-08,11.96,12.2,11.88,12.08,11.92,3401200.0,41153217.0,2526957216.0,2526957216.0,-90948081.61,-64604476.71,276720997.15,466547584.18,189826587.03,-20909125.649999976,1452.73,1409.65,342.37,653.51,2320.22,1908.28,0.0,143.88,,,,,,,电子,消费电子,消费电子零部件及组装,11.98,12.01,11.97
sh603133,碳元科技,2023-02-09,12.03,12.2,11.96,12.12,12.08,2338800.0,28261083.0,2535324624.0,2535324624.0,-90948081.61,-64604476.71,276720997.15,466547584.18,189826587.03,-20909125.649999976,939.15,1054.89,187.01,277.1,1699.95,1494.12,0.0,0.0,,,,,,,电子,消费电子,消费电子零部件及组装,11.98,12.0,11.99
sh603133,碳元科技,2023-02-10,12.13,12.16,11.93,12.04,12.12,2095100.0,25174252.0,2518589808.0,2518589808.0,-90948081.61,-64604476.71,276720997.15,466547584.18,189826587.03,-20909125.649999976,813.38,806.45,229.99,242.54,1474.06,1468.43,0.0,0.0,,,,,,,电子,消费电子,消费电子零部件及组装,12.1,12.06,12.07
sh603133,碳元科技,2023-02-13,12.04,12.08,11.96,11.98,12.04,2525300.0,30372910.0,2506038696.0,2506038696.0,-90948081.61,-64604476.71,276720997.15,466547584.18,189826587.03,-20909125.649999976,882.15,1022.78,281.47,247.32,1632.67,1767.19,241.0,0.0,,,,,,,电子,消费电子,消费电子零部件及组装,12.05,12.06,12.04
sh603133,碳元科技,2023-02-14,12.0,12.2,11.96,12.07,11.98,3021000.0,36462439.0,2524865364.0,2524865364.0,-90948081.61,-64604476.71,276720997.15,466547584.18,189826587.03,-20909125.649999976,1244.71,1253.08,382.04,551.5,1885.44,1841.66,134.06,0.0,,,,,,,电子,消费电子,消费电子零部件及组装,11.98,12.01,12.0
sh603133,碳元科技,2023-02-15,12.08,12.1,11.94,12.0,12.07,2462400.0,29557730.0,2510222400.0,2510222400.0,-90948081.61,-64604476.71,276720997.15,466547584.18,189826587.03,-20909125.649999976,1008.75,1071.34,298.61,447.84,1648.41,1354.93,0.0,81.66,,,,,,,电子,消费电子,消费电子零部件及组装,12.06,12.09,12.06
sh603133,碳元科技,2023-02-16,12.02,12.03,11.38,11.5,12.0,5733500.0,67452177.0,2405629800.0,2405629800.0,-90948081.61,-64604476.71,276720997.15,466547584.18,189826587.03,-20909125.649999976,2194.92,1950.86,1177.78,932.0,2998.42,3273.55,374.11,588.8,,,,,,,电子,消费电子,消费电子零部件及组装,11.92,11.94,11.91
sh603133,碳元科技,2023-02-17,11.5,11.89,11.48,11.83,11.5,4466101.0,52306287.0,2474660916.0,2474660916.0,-90948081.61,-64604476.71,276720997.15,466547584.18,189826587.03,-20909125.649999976,2050.99,2052.88,1024.19,409.05,2155.45,2768.69,0.0,0.0,,,,,,,电子,消费电子,消费电子零部件及组装,11.54,11.58,11.6
sh603133,碳元科技,2023-02-20,11.8,11.84,11.55,11.83,11.83,2737501.0,32081874.0,2474660916.0,2474660916.0,-90948081.61,-64604476.71,276720997.15,466547584.18,189826587.03,-20909125.649999976,1166.15,805.81,568.28,536.42,1473.76,1865.96,0.0,0.0,,,,,,,电子,消费电子,消费电子零部件及组装,11.61,11.58,11.61
sh603133,碳元科技,2023-02-21,11.87,11.95,11.72,11.83,11.83,2107400.0,24886355.0,2474660916.0,2474660916.0,-90948081.61,-64604476.71,276720997.15,466547584.18,189826587.03,-20909125.649999976,765.49,893.06,197.85,342.05,1313.98,1253.53,211.32,0.0,,,,,,,电子,消费电子,消费电子零部件及组装,11.89,11.94,11.9
sh603133,碳元科技,2023-02-22,11.89,11.92,11.74,11.81,11.83,1698300.0,20087560.0,2470477212.0,2470477212.0,-90948081.61,-64604476.71,276720997.15,466547584.18,189826587.03,-20909125.649999976,805.29,735.87,338.87,330.19,864.59,883.04,0.0,59.67,,,,,,,电子,消费电子,消费电子零部件及组装,11.74,11.85,11.91
sh603133,碳元科技,2023-02-23,11.88,11.88,11.56,11.61,11.81,1883400.0,21978578.0,2428640172.0,2428640172.0,-90948081.61,-64604476.71,276720997.15,466547584.18,189826587.03,-20909125.649999976,833.68,655.34,336.73,466.44,1027.45,1056.08,0.0,19.99,,,,,,,电子,消费电子,消费电子零部件及组装,11.8,11.72,11.73
sh603133,碳元科技,2023-02-24,11.64,11.69,11.47,11.53,11.61,1472500.0,17038987.0,2411905356.0,2411905356.0,-90948081.61,-64604476.71,276720997.15,466547584.18,189826587.03,-20909125.649999976,442.77,482.02,336.65,362.24,924.49,757.72,0.0,101.92,,,,,,,电子,消费电子,消费电子零部件及组装,11.64,11.65,11.65
sh603133,碳元科技,2023-02-27,11.59,11.65,11.46,11.54,11.53,1614101.0,18635408.0,2413997208.0,2413997208.0,-90948081.61,-64604476.71,276720997.15,466547584.18,189826587.03,-20909125.649999976,759.16,540.37,159.15,146.79,945.23,1176.38,0.0,0.0,,,,,,,电子,消费电子,消费电子零部件及组装,11.51,11.55,11.58
sh603133,碳元科技,2023-02-28,11.6,11.65,11.43,11.59,11.54,1359600.0,15672445.0,2424456468.0,2424456468.0,-90948081.61,-64604476.71,276720997.15,466547584.18,189826587.03,-20909125.649999976,799.32,552.62,147.23,209.23,620.7,790.21,0.0,15.19,,,,,,,电子,消费电子,消费电子零部件及组装,11.57,11.64,11.58
sh603133,碳元科技,2023-03-01,11.6,11.66,11.51,11.65,11.59,1581800.0,18320756.0,2437007580.0,2437007580.0,-90948081.61,-64604476.71,276720997.15,466547584.18,189826587.03,-20909125.649999976,653.96,698.69,113.48,193.51,938.4,939.88,126.24,0.0,,,,,,,电子,消费电子,消费电子零部件及组装,11.57,11.56,11.57
sh603133,碳元科技,2023-03-02,11.7,11.7,11.36,11.42,11.65,2689701.0,30842520.0,2388894984.0,2388894984.0,-90948081.61,-64604476.71,276720997.15,466547584.18,189826587.03,-20909125.649999976,1073.39,985.72,444.74,483.39,1335.7,1609.06,229.73,5.4,,,,,,,电子,消费电子,消费电子零部件及组装,11.63,11.66,11.63
sh603133,碳元科技,2023-03-03,11.45,11.54,11.28,11.5,11.42,3303461.0,37647187.0,2405629800.0,2405629800.0,-90948081.61,-64604476.71,276720997.15,466547584.18,189826587.03,-20909125.649999976,1580.7,1068.63,423.54,439.14,1691.21,2256.94,69.27,0.0,,,,,,,电子,消费电子,消费电子零部件及组装,11.42,11.42,11.43
sh603133,碳元科技,2023-03-06,11.5,11.54,11.35,11.43,11.5,1400500.0,15999475.0,2390986836.0,2390986836.0,-90948081.61,-64604476.71,276720997.15,466547584.18,189826587.03,-20909125.649999976,583.07,523.2,421.4,202.8,595.47,581.23,0.0,292.71,,,,,,,电子,消费电子,消费电子零部件及组装,11.47,11.48,11.45
sh603133,碳元科技,2023-03-07,11.42,11.47,11.28,11.29,11.43,1780100.0,20169101.0,2361700908.0,2361700908.0,-90948081.61,-64604476.71,276720997.15,466547584.18,189826587.03,-20909125.649999976,576.06,705.88,408.96,625.3,576.52,685.73,455.37,0.0,,,,,,,电子,消费电子,消费电子零部件及组装,11.4,11.37,11.36
sh603133,碳元科技,2023-03-08,11.29,11.36,11.23,11.26,11.29,1088700.0,12284591.0,2355425352.0,2355425352.0,-90948081.61,-64604476.71,276720997.15,466547584.18,189826587.03,-20909125.649999976,338.4,426.96,210.05,131.14,680.01,670.36,0.0,0.0,,,,,,,电子,消费电子,消费电子零部件及组装,11.31,11.33,11.3
sh603133,碳元科技,2023-03-09,11.28,11.47,11.26,11.46,11.26,1571500.0,17877236.0,2397262392.0,2397262392.0,-90948081.61,-64604476.71,276720997.15,466547584.18,189826587.03,-20909125.649999976,612.6,644.13,255.8,304.11,817.06,839.48,102.27,0.0,,,,,,,电子,消费电子,消费电子零部件及组装,11.26,11.32,11.3
sh603133,碳元科技,2023-03-10,11.4,11.4,11.11,11.12,11.46,2133300.0,23922566.0,2326139424.0,2326139424.0,-90948081.61,-64604476.71,276720997.15,466547584.18,189826587.03,-20909125.649999976,1001.58,839.2,349.62,334.46,1041.06,1129.32,0.0,89.28,,,,,,,电子,消费电子,消费电子零部件及组装,11.39,11.32,11.27
sh603133,碳元科技,2023-03-13,11.05,11.19,10.9,11.06,11.12,1780900.0,19621671.0,2313588312.0,2313588312.0,-90948081.61,-64604476.71,276720997.15,466547584.18,189826587.03,-20909125.649999976,691.73,754.29,411.48,228.71,858.95,979.17,0.0,0.0,,,,,,,电子,消费电子,消费电子零部件及组装,11.08,11.14,11.09
sh603133,碳元科技,2023-03-14,11.02,11.1,10.66,11.08,11.06,3064759.0,33424106.0,2317772016.0,2317772016.0,-90948081.61,-64604476.71,276720997.15,466547584.18,189826587.03,-20909125.649999976,1374.72,1053.14,475.38,335.12,1492.31,1709.23,0.0,244.93,,,,,,,电子,消费电子,消费电子零部件及组装,10.96,10.92,11.0
sh603133,碳元科技,2023-03-15,11.05,11.31,11.05,11.12,11.08,1730700.0,19348295.0,2326139424.0,2326139424.0,-90948081.61,-64604476.71,276720997.15,466547584.18,189826587.03,-20909125.649999976,667.3,584.45,311.25,507.2,956.28,843.18,0.0,0.0,,,,,,,电子,消费电子,消费电子零部件及组装,11.13,11.2,11.29
sh603133,碳元科技,2023-03-16,11.2,11.25,10.93,11.25,11.12,2528600.0,28132630.0,2353333500.0,2353333500.0,-90948081.61,-64604476.71,276720997.15,466547584.18,189826587.03,-20909125.649999976,988.43,973.24,767.2,627.58,1057.63,1212.45,0.0,0.0,,,,,,,电子,消费电子,消费电子零部件及组装,11.05,10.95,11.13
sh603133,碳元科技,2023-03-17,11.26,11.8,11.13,11.56,11.25,5566900.0,63871054.0,2418180912.0,2418180912.0,-90948081.61,-64604476.71,276720997.15,466547584.18,189826587.03,-20909125.649999976,2377.51,2083.98,1495.38,1029.09,2259.25,3163.06,254.97,110.98,,,,,,,电子,消费电子,消费电子零部件及组装,11.23,11.23,11.16
sh603133,碳元科技,2023-03-20,11.56,11.6,11.25,11.42,11.56,2389500.0,27201540.0,2388894984.0,2388894984.0,-90948081.61,-64604476.71,276720997.15,466547584.18,189826587.03,-20909125.649999976,906.31,822.79,541.46,342.46,1272.38,1554.91,0.0,0.0,,,,,,,电子,消费电子,消费电子零部件及组装,11.43,11.48,11.38
sh603133,碳元科技,2023-03-21,11.45,11.56,11.35,11.52,11.42,1931850.0,22158326.0,2409813504.0,2409813504.0,-90948081.61,-64604476.71,276720997.15,466547584.18,189826587.03,-20909125.649999976,859.91,812.38,490.82,318.76,865.1,823.23,0.0,261.46,,,,,,,电子,消费电子,消费电子零部件及组装,11.41,11.38,11.48
sh603133,碳元科技,2023-03-22,11.59,11.8,11.51,11.76,11.52,3809800.0,44470616.0,2460017952.0,2460017952.0,-90948081.61,-64604476.71,276720997.15,466547584.18,189826587.03,-20909125.649999976,1658.35,1601.27,556.13,695.87,2232.58,2034.22,0.0,115.7,,,,,,,电子,消费电子,消费电子零部件及组装,11.62,11.79,11.7
sh603133,碳元科技,2023-03-23,11.88,11.9,11.69,11.85,11.76,3632100.0,42890960.0,2478844620.0,2478844620.0,-90948081.61,-64604476.71,276720997.15,466547584.18,189826587.03,-20909125.649999976,1745.3,1496.61,380.94,632.98,2162.86,1920.4,0.0,239.11,,,,,,,电子,消费电子,消费电子零部件及组装,11.76,11.77,11.77
sh603133,碳元科技,2023-03-24,11.94,12.34,11.89,12.3,11.85,7692000.0,93679679.0,2572977960.0,2572977960.0,-90948081.61,-64604476.71,276720997.15,466547584.18,189826587.03,-20909125.649999976,2405.98,3269.48,2301.82,2462.03,4032.2,3636.46,627.97,0.0,,,,,,,电子,消费电子,消费电子零部件及组装,11.96,11.99,12.05
sh603133,碳元科技,2023-03-27,12.45,12.52,12.22,12.36,12.3,4963640.0,61336121.0,2585529072.0,2585529072.0,-90948081.61,-64604476.71,276720997.15,466547584.18,189826587.03,-20909125.649999976,2295.65,2655.55,1293.79,929.39,2544.17,2387.74,0.0,160.94,,,,,,,电子,消费电子,消费电子零部件及组装,12.49,12.27,12.32
sh603133,碳元科技,2023-03-28,12.53,12.75,12.34,12.55,12.36,7405501.0,92925585.0,2625274260.0,2625274260.0,-90948081.61,-64604476.71,276720997.15,466547584.18,189826587.03,-20909125.649999976,3261.19,3979.61,2035.1,1412.66,3822.95,3668.06,173.32,232.22,,,,,,,电子,消费电子,消费电子零部件及组装,12.43,12.44,12.43
sh603133,碳元科技,2023-03-29,12.55,12.7,12.45,12.47,12.55,5006300.0,62789173.0,2608539444.0,2608539444.0,-90948081.61,-64604476.71,276720997.15,466547584.18,189826587.03,-20909125.649999976,1886.86,2728.14,1487.2,928.88,2571.9,2548.77,332.95,73.13,,,,,,,电子,消费电子,消费电子零部件及组装,12.55,12.56,12.57
sh603133,碳元科技,2023-03-30,12.45,12.45,12.05,12.13,12.47,3368500.0,41076108.0,2537416476.0,2537416476.0,-90948081.61,-64604476.71,276720997.15,466547584.18,189826587.03,-20909125.649999976,1410.51,1791.38,259.76,542.64,2437.34,1773.59,0.0,0.0,,,,,,,电子,消费电子,消费电子零部件及组装,12.29,12.24,12.28
sh603133,碳元科技,2023-03-31,12.3,12.3,12.05,12.15,12.13,2112500.0,25638126.0,2541600180.0,2541600180.0,-90948081.61,-64604476.71,276720997.15,466547584.18,189826587.03,-20909125.649999976,845.58,1011.39,282.78,440.07,1435.45,1112.35,0.0,0.0,,,,,,,电子,消费电子,消费电子零部件及组装,12.16,12.2,12.18
sh603133,碳元科技,2023-04-03,12.2,12.2,11.84,11.98,12.15,5119200.0,61232213.0,2506038696.0,2506038696.0,-90948081.61,-64604476.71,276720997.15,466547584.18,189826587.03,-20909125.649999976,2041.88,2534.14,1198.36,1052.83,2882.98,2361.2,0.0,175.05,,,,,,,电子,消费电子,消费电子零部件及组装,12.06,12.04,12.01
sh603133,碳元科技,2023-04-04,12.05,12.05,11.69,11.72,11.98,3085200.0,36279664.0,2451650544.0,2451650544.0,-90948081.61,-64604476.71,276720997.15,466547584.18,189826587.03,-20909125.649999976,1282.25,1269.0,506.01,515.06,1719.55,1727.17,120.16,116.74,,,,,,,电子,消费电子,消费电子零部件及组装,11.84,11.76,11.84
sh603133,碳元科技,2023-04-06,11.75,11.8,11.0,11.53,11.72,3900900.0,45205738.0,2411905356.0,2411905356.0,-90948081.61,-64604476.71,276720997.15,466547584.18,189826587.03,-20909125.649999976,1418.04,1521.77,661.43,718.35,2441.11,2020.43,0.0,260.02,,,,,,,电子,消费电子,消费电子零部件及组装,11.69,11.72,11.65
sh603133,碳元科技,2023-04-07,11.53,11.83,11.35,11.71,11.53,3185500.0,36931857.0,2449558692.0,2449558692.0,-90948081.61,-64604476.71,276720997.15,466547584.18,189826587.03,-20909125.649999976,1322.23,1092.94,414.61,585.5,1956.35,1895.93,0.0,118.82,,,,,,,电子,消费电子,消费电子零部件及组装,11.41,11.44,11.37
sh603133,碳元科技,2023-04-10,11.76,11.82,11.51,11.57,11.71,2758300.0,32130109.0,2420272764.0,2420272764.0,-90948081.61,-64604476.71,276720997.15,466547584.18,189826587.03,-20909125.649999976,939.45,913.68,518.43,554.36,1327.43,1317.27,0.0,0.0,,,,,,,电子,消费电子,消费电子零部件及组装,11.73,11.7,11.72
sh603133,碳元科技,2023-04-11,11.63,11.63,11.38,11.4,11.57,1928600.0,22081514.0,2384711280.0,2384711280.0,-90948081.61,-64604476.71,276720997.15,466547584.18,189826587.03,-20909125.649999976,811.61,535.38,292.51,279.21,1104.03,1393.57,0.0,0.0,,,,,,,电子,消费电子,消费电子零部件及组装,11.46,11.52,11.49
sh603133,碳元科技,2023-04-12,11.42,11.52,11.23,11.23,11.4,2889800.0,32709848.0,2349149796.0,2349149796.0,-90948081.61,-64604476.71,276720997.15,466547584.18,189826587.03,-20909125.649999976,1405.29,1374.79,406.67,645.82,1459.03,1122.69,0.0,127.69,,,,,,,电子,消费电子,消费电子零部件及组装,11.41,11.41,11.37
sh603133,碳元科技,2023-04-13,11.26,11.3,10.2,10.2,11.23,11575900.0,122452080.0,2133689040.0,2133689040.0,-90948081.61,-64604476.71,276720997.15,466547584.18,189826587.03,-20909125.649999976,4058.2,4373.14,2443.93,3657.72,5358.22,3877.55,384.86,336.8,,,,,,,电子,消费电子,消费电子零部件及组装,11.11,11.1,11.11
sh603133,碳元科技,2023-04-14,10.19,10.24,9.4,9.49,10.2,13266583.0,127532580.0,1985167548.0,1985167548.0,-90948081.61,-64604476.71,276720997.15,466547584.18,189826587.03,-20909125.649999976,4998.84,4576.0,1445.4,2823.86,6309.02,5101.0,0.0,252.4,,,,,,,电子,消费电子,消费电子零部件及组装,10.23,10.08,9.76
sh603133,碳元科技,2023-04-17,9.41,9.78,9.12,9.76,9.49,9339777.0,89293891.0,2041647552.0,2041647552.0,-90948081.61,-64604476.71,276720997.15,466547584.18,189826587.03,-20909125.649999976,3857.48,3283.04,1194.51,1305.9,3798.01,4340.45,79.39,0.0,,,,,,,电子,消费电子,消费电子零部件及组装,9.37,9.34,9.39
sh603133,碳元科技,2023-04-18,9.56,10.3,9.56,9.84,9.76,9961600.0,98634632.0,2058382368.0,2058382368.0,-90948081.61,-64604476.71,276720997.15,466547584.18,189826587.03,-20909125.649999976,4324.36,4185.75,1555.29,1134.91,3881.77,4527.93,102.05,14.87,,,,,,,电子,消费电子,消费电子零部件及组装,9.64,9.7,9.93
sh603133,碳元科技,2023-04-19,8.86,8.86,8.86,8.86,9.84,2864400.0,25378584.0,1853380872.0,1853380872.0,-90948081.61,-64604476.71,276720997.15,466547584.18,189826587.03,-20909125.649999976,940.0,686.25,286.8,1137.89,1311.06,240.33,0.0,473.39,,,,,,,电子,消费电子,消费电子零部件及组装,8.86,8.86,8.86
sh603133,碳元科技,2023-04-20,7.97,7.97,7.97,7.97,8.86,1399300.0,11152421.0,1667206044.0,1667206044.0,-90948081.61,-64604476.71,276720997.15,466547584.18,189826587.03,-20909125.649999976,351.32,220.69,136.69,369.73,627.24,94.76,0.0,430.06,,,,,,,电子,消费电子,消费电子零部件及组装,7.97,7.97,7.97
sh603133,碳元科技,2023-04-21,7.17,7.17,7.17,7.17,7.97,1980000.0,14196600.0,1499857884.0,1499857884.0,-90948081.61,-64604476.71,276720997.15,466547584.18,189826587.03,-20909125.649999976,302.22,441.6,267.66,398.72,643.29,157.31,206.5,422.03,,,,,,,电子,消费电子,消费电子零部件及组装,7.17,7.17,7.17
sh603133,碳元科技,2023-04-24,6.81,7.42,6.8,7.05,7.17,27902797.0,194785119.0,1474755660.0,1474755660.0,-90948081.61,-64604476.71,276720997.15,466547584.18,189826587.03,-20909125.649999976,5470.69,6578.43,3997.83,3944.88,6388.86,6842.44,3621.13,2112.77,,,,,,,电子,消费电子,消费电子零部件及组装,6.81,7.02,7.1
sh603133,碳元科技,2023-04-25,6.92,7.32,6.61,6.66,7.05,21019055.0,145850299.0,1393173432.0,1393173432.0,-90948081.61,-64604476.71,276720997.15,466547584.18,189826587.03,-20909125.649999976,4679.05,4686.83,1283.67,3273.14,8622.31,6023.78,0.0,601.27,,,,,,,电子,消费电子,消费电子零部件及组装,7.2,7.21,7.14
sh603133,碳元科技,2023-04-26,6.66,7.33,6.66,7.33,6.66,13815601.0,97376941.0,1533327516.0,1533327516.0,-90948081.61,-64604476.71,276720997.15,466547584.18,189826587.03,-20909125.649999976,2442.76,3607.48,1263.28,1359.75,4840.3,4517.48,1191.35,252.99,,,,,,,电子,消费电子,消费电子零部件及组装,6.83,6.92,6.92
sh603133,*ST碳元,2023-04-28,7.7,7.7,6.97,7.45,7.33,22270315.0,165427121.0,1558429739.9999998,1558429739.9999998,-66707903.21,-26014142.16,207147360.63,425834863.58,218687502.95,-20909125.649999976,5148.0,5975.79,4455.96,3510.69,2670.64,5480.7,4268.11,1575.54,,,,,,,电子,消费电子,消费电子零部件及组装,7.7,7.7,7.7
sh603133,*ST碳元,2023-05-04,7.82,7.82,7.71,7.82,7.45,10786200.0,84315016.0,1635828264.0,1635828264.0,-66707903.21,-26014142.16,207147360.63,425834863.58,218687502.95,-20909125.649999976,1969.05,2051.5,3150.83,2357.04,755.18,1321.23,2556.44,2701.73,,,,,,,电子,消费电子,消费电子零部件及组装,7.82,7.82,7.82
sh603133,*ST碳元,2023-05-05,7.96,8.21,7.74,7.87,7.82,18003700.0,143058596.0,1646287524.0,1646287524.0,-66707903.21,-26014142.16,207147360.63,425834863.58,218687502.95,-20909125.649999976,5644.08,4342.39,3172.82,3323.21,4706.21,5310.12,781.96,1329.35,,,,,,,电子,消费电子,消费电子零部件及组装,8.14,7.99,7.91
sh603133,*ST碳元,2023-05-08,7.96,8.26,7.96,8.18,7.87,14671349.0,119466861.0,1711134935.9999998,1711134935.9999998,-66707903.21,-26014142.16,207147360.63,425834863.58,218687502.95,-20909125.649999976,4520.55,4892.24,2894.96,3179.54,3656.57,3476.11,874.6,398.81,,,,,,,电子,消费电子,消费电子零部件及组装,8.26,8.26,8.26
sh603133,*ST碳元,2023-05-09,7.9,7.95,7.77,7.77,8.18,7147700.0,55807015.0,1625369004.0000002,1625369004.0000002,-66707903.21,-26014142.16,207147360.63,425834863.58,218687502.95,-20909125.649999976,1891.15,1821.47,1452.44,2042.13,1442.55,831.9,794.56,885.2,,,,,,,电子,消费电子,消费电子零部件及组装,7.78,7.77,7.77
sh603133,*ST碳元,2023-05-10,7.52,7.84,7.38,7.73,7.77,8195014.0,62075524.0,1617001596.0000002,1617001596.0000002,-66707903.21,-26014142.16,207147360.63,425834863.58,218687502.95,-20909125.649999976,2403.95,2428.36,1282.48,1026.34,2199.08,2511.54,322.05,241.32,,,,,,,电子,消费电子,消费电子零部件及组装,7.47,7.56,7.77
sh603133,*ST碳元,2023-05-11,7.77,8.09,7.74,7.86,7.73,5548220.0,43790663.0,1644195672.0,1644195672.0,-66707903.21,-26014142.16,207147360.63,425834863.58,218687502.95,-20909125.649999976,1935.8,1732.75,450.53,594.08,1992.74,2052.23,0.0,0.0,,,,,,,电子,消费电子,消费电子零部件及组装,7.8,7.85,7.81
sh603133,*ST碳元,2023-05-12,7.9,8.07,7.73,8.04,7.86,4639900.0,36505581.0,1681849008.0,1681849008.0,-66707903.21,-26014142.16,207147360.63,425834863.58,218687502.95,-20909125.649999976,1555.68,1476.74,462.48,610.71,1632.4,1563.11,0.0,0.0,,,,,,,电子,消费电子,消费电子零部件及组装,7.87,7.85,7.79
sh603133,*ST碳元,2023-05-15,8.11,8.18,7.9,8.02,8.04,4329200.0,34666678.0,1677665304.0,1677665304.0,-66707903.21,-26014142.16,207147360.63,425834863.58,218687502.95,-20909125.649999976,1581.88,1473.26,494.04,403.77,1390.75,1589.63,0.0,0.0,,,,,,,电子,消费电子,消费电子零部件及组装,8.17,8.02,7.95
sh603133,*ST碳元,2023-05-16,7.96,8.02,7.62,7.62,8.02,4739400.0,36833452.0,1593991224.0,1593991224.0,-66707903.21,-26014142.16,207147360.63,425834863.58,218687502.95,-20909125.649999976,1317.61,1370.87,635.97,649.33,1729.77,1651.12,0.0,12.02,,,,,,,电子,消费电子,消费电子零部件及组装,7.93,7.93,7.9
sh603133,*ST碳元,2023-05-17,7.55,7.8,7.5,7.68,7.62,2890700.0,22150807.0,1606542336.0,1606542336.0,-66707903.21,-26014142.16,207147360.63,425834863.58,218687502.95,-20909125.649999976,736.76,719.63,198.25,264.72,1157.7,1108.98,122.37,121.75,,,,,,,电子,消费电子,消费电子零部件及组装,7.64,7.57,7.61
sh603133,*ST碳元,2023-05-18,7.9,8.01,7.69,7.75,7.68,5303839.0,41523526.0,1621185300.0,1621185300.0,-66707903.21,-26014142.16,207147360.63,425834863.58,218687502.95,-20909125.649999976,1712.7,1661.95,644.06,697.78,1673.23,1550.52,122.37,242.1,,,,,,,电子,消费电子,消费电子零部件及组装,7.96,7.88,7.87
sh603133,*ST碳元,2023-05-19,7.66,7.71,7.45,7.65,7.75,4726400.0,35741741.0,1600266780.0000002,1600266780.0000002,-66707903.21,-26014142.16,207147360.63,425834863.58,218687502.95,-20909125.649999976,1285.63,1034.14,738.8,661.43,1403.53,1269.21,146.21,609.4,,,,,,,电子,消费电子,消费电子零部件及组装,7.52,7.52,7.52
sh603133,*ST碳元,2023-05-22,7.66,7.79,7.54,7.71,7.65,4216900.0,32249214.0,1612817892.0,1612817892.0,-66707903.21,-26014142.16,207147360.63,425834863.58,218687502.95,-20909125.649999976,1093.37,1191.84,545.6,467.48,1004.99,963.74,106.55,127.46,,,,,,,电子,消费电子,消费电子零部件及组装,7.63,7.58,7.57
sh603133,*ST碳元,2023-05-23,7.7,7.96,7.63,7.89,7.71,4713582.0,36910883.0,1650471228.0,1650471228.0,-66707903.21,-26014142.16,207147360.63,425834863.58,218687502.95,-20909125.649999976,1474.58,1370.99,490.06,744.51,1454.66,1575.59,271.79,0.0,,,,,,,电子,消费电子,消费电子零部件及组装,7.67,7.66,7.71
sh603133,*ST碳元,2023-05-24,7.89,7.98,7.59,7.59,7.89,5551100.0,43386902.0,1587715668.0,1587715668.0,-66707903.21,-26014142.16,207147360.63,425834863.58,218687502.95,-20909125.649999976,1654.19,1644.98,1067.49,698.29,1498.7,1725.4,118.31,270.01,,,,,,,电子,消费电子,消费电子零部件及组装,7.87,7.89,7.85
sh603133,*ST碳元,2023-05-25,7.55,7.65,7.3,7.41,7.59,3381852.0,25194461.0,1550062331.9999998,1550062331.9999998,-66707903.21,-26014142.16,207147360.63,425834863.58,218687502.95,-20909125.649999976,882.47,874.41,502.07,457.7,1134.9,1112.88,0.0,74.46,,,,,,,电子,消费电子,消费电子零部件及组装,7.61,7.58,7.46
sh603133,*ST碳元,2023-05-26,7.41,7.47,7.13,7.25,7.41,2914931.0,21212976.0,1516592700.0,1516592700.0,-66707903.21,-26014142.16,207147360.63,425834863.58,218687502.95,-20909125.649999976,849.17,892.81,397.78,303.72,874.35,924.77,0.0,0.0,,,,,,,电子,消费电子,消费电子零部件及组装,7.42,7.34,7.23
sh603133,*ST碳元,2023-05-29,7.17,7.2,6.89,6.89,7.25,3991000.0,27696077.0,1441286028.0,1441286028.0,-66707903.21,-26014142.16,207147360.63,425834863.58,218687502.95,-20909125.649999976,1096.45,1268.67,606.64,713.45,1066.52,787.49,0.0,0.0,,,,,,,电子,消费电子,消费电子零部件及组装,7.12,7.09,7.03
sh603133,*ST碳元,2023-05-30,6.9,7.0,6.6,6.96,6.89,3375600.0,22904925.0,1455928992.0000002,1455928992.0000002,-66707903.21,-26014142.16,207147360.63,425834863.58,218687502.95,-20909125.649999976,1045.51,1056.4,235.84,250.21,1009.14,979.87,0.0,4.01,,,,,,,电子,消费电子,消费电子零部件及组装,6.77,6.73,6.82
sh603133,*ST碳元,2023-05-31,7.08,7.24,7.01,7.07,6.96,2728500.0,19418225.0,1478939364.0,1478939364.0,-66707903.21,-26014142.16,207147360.63,425834863.58,218687502.95,-20909125.649999976,736.38,745.12,368.68,231.61,836.77,965.09,0.0,0.0,,,,,,,电子,消费电子,消费电子零部件及组装,7.11,7.17,7.18
sh603133,*ST碳元,2023-06-01,7.03,7.21,7.03,7.11,7.07,1822039.0,12954620.0,1487306772.0,1487306772.0,-66707903.21,-26014142.16,207147360.63,425834863.58,218687502.95,-20909125.649999976,489.41,534.78,278.66,177.75,527.39,582.93,0.0,0.0,,,,,,,电子,消费电子,消费电子零部件及组装,7.09,7.06,7.2
sh603133,*ST碳元,2023-06-02,7.16,7.43,7.14,7.41,7.11,2299828.0,16743421.0,1550062331.9999998,1550062331.9999998,-66707903.21,-26014142.16,207147360.63,425834863.58,218687502.95,-20909125.649999976,775.12,714.85,155.32,42.44,743.9,917.05,0.0,0.0,,,,,,,电子,消费电子,消费电子零部件及组装,7.24,7.2,7.22
sh603133,*ST碳元,2023-06-05,7.31,7.69,7.31,7.58,7.41,3080131.0,23156985.0,1585623816.0,1585623816.0,-66707903.21,-26014142.16,207147360.63,425834863.58,218687502.95,-20909125.649999976,944.15,881.97,221.37,223.37,1019.61,1079.78,130.58,130.58,,,,,,,电子,消费电子,消费电子零部件及组装,7.44,7.47,7.47
sh603133,*ST碳元,2023-06-06,7.61,7.73,7.4,7.44,7.58,2534700.0,19044462.0,1556337888.0,1556337888.0,-66707903.21,-26014142.16,207147360.63,425834863.58,218687502.95,-20909125.649999976,723.98,657.16,185.78,183.1,994.69,1064.19,0.0,0.0,,,,,,,电子,消费电子,消费电子零部件及组装,7.66,7.57,7.56
sh603133,*ST碳元,2023-06-07,7.42,7.69,7.38,7.63,7.44,2352047.0,17798479.0,1596083076.0,1596083076.0,-66707903.21,-26014142.16,207147360.63,425834863.58,218687502.95,-20909125.649999976,765.55,775.03,132.83,77.05,881.47,927.77,0.0,0.0,,,,,,,电子,消费电子,消费电子零部件及组装,7.4,7.5,7.51
sh603133,*ST碳元,2023-06-08,7.65,7.66,7.41,7.42,7.63,1918000.0,14402855.0,1552154184.0,1552154184.0,-66707903.21,-26014142.16,207147360.63,425834863.58,218687502.95,-20909125.649999976,444.34,540.74,218.5,73.0,777.45,826.54,0.0,0.0,,,,,,,电子,消费电子,消费电子零部件及组装,7.62,7.57,7.57
sh603133,*ST碳元,2023-06-09,7.34,7.5,7.31,7.39,7.42,1429200.0,10592243.0,1545878628.0,1545878628.0,-66707903.21,-26014142.16,207147360.63,425834863.58,218687502.95,-20909125.649999976,436.24,459.66,101.08,36.31,521.9,563.26,0.0,0.0,,,,,,,电子,消费电子,消费电子零部件及组装,7.37,7.45,7.45
sh603133,*ST碳元,2023-06-12,7.33,7.38,7.14,7.2,7.39,1520000.0,10972576.0,1506133440.0,1506133440.0,-66707903.21,-26014142.16,207147360.63,425834863.58,218687502.95,-20909125.649999976,316.7,393.65,56.82,69.6,723.73,634.01,0.0,0.0,,,,,,,电子,消费电子,消费电子零部件及组装,7.3,7.23,7.2
sh603133,*ST碳元,2023-06-13,7.2,7.32,7.17,7.22,7.2,1339500.0,9690500.0,1510317144.0,1510317144.0,-66707903.21,-26014142.16,207147360.63,425834863.58,218687502.95,-20909125.649999976,327.72,383.48,86.64,93.65,554.69,491.92,0.0,0.0,,,,,,,电子,消费电子,消费电子零部件及组装,7.2,7.21,7.21
sh603133,*ST碳元,2023-06-14,7.21,7.58,7.17,7.57,7.22,3238200.0,23958133.0,1583531963.9999998,1583531963.9999998,-66707903.21,-26014142.16,207147360.63,425834863.58,218687502.95,-20909125.649999976,1006.41,1032.77,244.84,116.13,1144.56,1246.91,0.0,0.0,,,,,,,电子,消费电子,消费电子零部件及组装,7.19,7.19,7.2
sh603133,*ST碳元,2023-06-15,7.52,7.59,7.36,7.47,7.57,1620500.0,12116340.0,1562613444.0,1562613444.0,-66707903.21,-26014142.16,207147360.63,425834863.58,218687502.95,-20909125.649999976,447.77,475.37,132.16,27.04,631.71,709.22,0.0,0.0,,,,,,,电子,消费电子,消费电子零部件及组装,7.41,7.42,7.44
sh603133,*ST碳元,2023-06-16,7.44,7.71,7.44,7.61,7.47,1846347.0,14034935.0,1591899371.9999998,1591899371.9999998,-66707903.21,-26014142.16,207147360.63,425834863.58,218687502.95,-20909125.649999976,577.61,646.48,84.58,58.15,741.3,698.86,0.0,0.0,,,,,,,电子,消费电子,消费电子零部件及组装,7.52,7.56,7.57
sh603133,*ST碳元,2023-06-19,7.53,7.65,7.42,7.49,7.61,1860500.0,14013969.0,1566797147.9999998,1566797147.9999998,-66707903.21,-26014142.16,207147360.63,425834863.58,218687502.95,-20909125.649999976,559.54,653.96,154.15,0.75,687.7,746.68,0.0,0.0,,,,,,,电子,消费电子,消费电子零部件及组装,7.58,7.63,7.58
sh603133,*ST碳元,2023-06-20,7.45,7.46,7.3,7.33,7.49,1911200.0,14056323.0,1533327516.0,1533327516.0,-66707903.21,-26014142.16,207147360.63,425834863.58,218687502.95,-20909125.649999976,504.14,551.33,179.98,83.51,721.51,770.79,0.0,0.0,,,,,,,电子,消费电子,消费电子零部件及组装,7.4,7.39,7.37
sh603133,*ST碳元,2023-06-21,7.33,7.43,7.21,7.25,7.33,1469800.0,10719986.0,1516592700.0,1516592700.0,-66707903.21,-26014142.16,207147360.63,425834863.58,218687502.95,-20909125.649999976,450.56,357.31,77.19,74.5,544.25,640.2,0.0,0.0,,,,,,,电子,消费电子,消费电子零部件及组装,7.41,7.39,7.35
sh603133,*ST碳元,2023-06-26,7.2,7.37,7.14,7.3,7.25,1477000.0,10760788.0,1527051960.0,1527051960.0,-66707903.21,-26014142.16,207147360.63,425834863.58,218687502.95,-20909125.649999976,378.13,335.52,124.94,181.62,573.01,558.95,0.0,0.0,,,,,,,电子,消费电子,消费电子零部件及组装,7.31,7.35,7.3
sh603133,*ST碳元,2023-06-27,7.3,7.65,7.3,7.65,7.3,2467100.0,18526238.0,1600266780.0000002,1600266780.0000002,-66707903.21,-26014142.16,207147360.63,425834863.58,218687502.95,-20909125.649999976,559.13,668.22,368.68,266.09,924.81,918.31,0.0,0.0,,,,,,,电子,消费电子,消费电子零部件及组装,7.39,7.44,7.47
sh603133,*ST碳元,2023-06-28,7.53,7.6,7.43,7.56,7.65,1572800.0,11817697.0,1581440112.0,1581440112.0,-66707903.21,-26014142.16,207147360.63,425834863.58,218687502.95,-20909125.649999976,462.98,474.09,95.66,67.81,623.13,639.88,0.0,0.0,,,,,,,电子,消费电子,消费电子零部件及组装,7.57,7.47,7.49
sh603133,*ST碳元,2023-06-29,7.53,7.71,7.52,7.58,7.56,1600461.0,12223396.0,1585623816.0,1585623816.0,-66707903.21,-26014142.16,207147360.63,425834863.58,218687502.95,-20909125.649999976,484.82,540.81,70.62,52.46,666.91,629.07,0.0,0.0,,,,,,,电子,消费电子,消费电子零部件及组装,7.63,7.6,7.63
sh603133,*ST碳元,2023-06-30,7.54,7.69,7.53,7.58,7.58,1698700.0,12917962.0,1585623816.0,1585623816.0,-66707903.21,-26014142.16,207147360.63,425834863.58,218687502.95,-20909125.649999976,529.55,514.25,116.77,109.95,645.47,667.6,0.0,0.0,,,,,,,电子,消费电子,消费电子零部件及组装,7.59,7.59,7.66
sh603133,*ST碳元,2023-07-03,7.55,7.71,7.53,7.7,7.58,2666900.0,20400257.0,1610726040.0,1610726040.0,-66707903.21,-26014142.16,207147360.63,425834863.58,218687502.95,-20909125.649999976,837.27,723.97,331.04,504.09,871.71,658.96,0.0,153.0,,,,,,,电子,消费电子,消费电子零部件及组装,7.62,7.62,7.63
sh603133,*ST碳元,2023-07-04,7.72,7.88,7.71,7.76,7.7,2199000.0,17146421.0,1623277152.0,1623277152.0,-66707903.21,-26014142.16,207147360.63,425834863.58,218687502.95,-20909125.649999976,678.66,678.75,106.54,135.98,826.84,773.19,102.6,126.72,,,,,,,电子,消费电子,消费电子零部件及组装,7.73,7.87,7.83
sh603133,*ST碳元,2023-07-05,7.73,7.73,7.56,7.68,7.76,2040400.0,15612612.0,1606542336.0,1606542336.0,-66707903.21,-26014142.16,207147360.63,425834863.58,218687502.95,-20909125.649999976,631.87,668.66,306.78,336.21,622.62,556.39,0.0,0.0,,,,,,,电子,消费电子,消费电子零部件及组装,7.61,7.65,7.68
sh603133,*ST碳元,2023-07-06,7.69,7.73,7.6,7.65,7.68,1334500.0,10213571.0,1600266780.0000002,1600266780.0000002,-66707903.21,-26014142.16,207147360.63,425834863.58,218687502.95,-20909125.649999976,349.78,362.8,142.34,93.16,529.23,565.39,0.0,0.0,,,,,,,电子,消费电子,消费电子零部件及组装,7.62,7.7,7.69
sh603133,*ST碳元,2023-07-07,7.7,7.7,7.62,7.68,7.65,1130500.0,8648826.0,1606542336.0,1606542336.0,-66707903.21,-26014142.16,207147360.63,425834863.58,218687502.95,-20909125.649999976,438.85,321.01,59.59,47.79,366.44,496.08,0.0,0.0,,,,,,,电子,消费电子,消费电子零部件及组装,7.64,7.65,7.64
sh603133,*ST碳元,2023-07-10,7.71,7.71,7.51,7.52,7.68,1365900.0,10339401.0,1573072704.0,1573072704.0,-66707903.21,-26014142.16,207147360.63,425834863.58,218687502.95,-20909125.649999976,363.03,258.72,76.32,123.7,594.59,651.51,0.0,0.0,,,,,,,电子,消费电子,消费电子零部件及组装,7.66,7.59,7.61
sh603133,*ST碳元,2023-07-11,7.46,7.64,7.46,7.63,7.52,1184700.0,8965658.0,1596083076.0,1596083076.0,-66707903.21,-26014142.16,207147360.63,425834863.58,218687502.95,-20909125.649999976,312.49,337.94,129.16,133.11,454.91,425.52,0.0,0.0,,,,,,,电子,消费电子,消费电子零部件及组装,7.55,7.51,7.51
sh603133,*ST碳元,2023-07-12,7.75,7.94,7.6,7.63,7.63,2423800.0,18780400.0,1596083076.0,1596083076.0,-66707903.21,-26014142.16,207147360.63,425834863.58,218687502.95,-20909125.649999976,707.3,590.96,274.44,257.21,896.3,1029.87,0.0,0.0,,,,,,,电子,消费电子,消费电子零部件及组装,7.91,7.81,7.75
sh603133,*ST碳元,2023-07-13,7.55,7.63,7.5,7.54,7.63,1699600.0,12824238.0,1577256408.0,1577256408.0,-66707903.21,-26014142.16,207147360.63,425834863.58,218687502.95,-20909125.649999976,490.54,503.81,231.81,172.81,560.07,605.81,0.0,0.0,,,,,,,电子,消费电子,消费电子零部件及组装,7.56,7.58,7.59
sh603133,*ST碳元,2023-07-14,7.57,7.63,7.48,7.58,7.54,1167700.0,8807827.0,1585623816.0,1585623816.0,-66707903.21,-26014142.16,207147360.63,425834863.58,218687502.95,-20909125.649999976,415.04,351.11,104.54,141.35,361.2,388.32,0.0,0.0,,,,,,,电子,消费电子,消费电子零部件及组装,7.53,7.53,7.51
sh603133,*ST碳元,2023-07-17,7.47,7.8,7.33,7.67,7.58,3442700.0,26228929.0,1604450484.0,1604450484.0,-66707903.21,-26014142.16,207147360.63,425834863.58,218687502.95,-20909125.649999976,922.45,1145.91,318.64,329.48,1381.8,1147.5,0.0,0.0,,,,,,,电子,消费电子,消费电子零部件及组装,7.38,7.49,7.53
sh603133,*ST碳元,2023-07-18,7.67,7.77,7.62,7.7,7.67,1433900.0,10995495.0,1610726040.0,1610726040.0,-66707903.21,-26014142.16,207147360.63,425834863.58,218687502.95,-20909125.649999976,464.77,414.32,84.34,167.6,550.43,517.63,0.0,0.0,,,,,,,电子,消费电子,消费电子零部件及组装,7.63,7.7,7.71
sh603133,*ST碳元,2023-07-19,7.68,7.74,7.62,7.65,7.7,1196300.0,9181843.0,1600266780.0000002,1600266780.0000002,-66707903.21,-26014142.16,207147360.63,425834863.58,218687502.95,-20909125.649999976,389.13,392.54,69.03,0.85,460.02,524.8,0.0,0.0,,,,,,,电子,消费电子,消费电子零部件及组装,7.7,7.69,7.72
sh603133,*ST碳元,2023-07-20,7.65,7.66,7.54,7.57,7.65,961100.0,7315359.0,1583531963.9999998,1583531963.9999998,-66707903.21,-26014142.16,207147360.63,425834863.58,218687502.95,-20909125.649999976,308.32,274.51,0.0,40.08,412.01,405.73,0.0,0.0,,,,,,,电子,消费电子,消费电子零部件及组装,7.64,7.64,7.62
sh603133,*ST碳元,2023-07-21,7.55,7.58,7.45,7.49,7.57,1057400.0,7928902.0,1566797147.9999998,1566797147.9999998,-66707903.21,-26014142.16,207147360.63,425834863.58,218687502.95,-20909125.649999976,341.6,231.29,26.15,39.69,425.15,521.91,0.0,0.0,,,,,,,电子,消费电子,消费电子零部件及组装,7.55,7.53,7.57
sh603133,*ST碳元,2023-07-24,7.42,7.5,7.41,7.46,7.49,615900.0,4593671.0,1560521592.0,1560521592.0,-66707903.21,-26014142.16,207147360.63,425834863.58,218687502.95,-20909125.649999976,228.59,172.84,6.24,0.0,224.53,286.53,0.0,0.0,,,,,,,电子,消费电子,消费电子零部件及组装,7.43,7.49,7.46
sh603133,*ST碳元,2023-07-25,7.48,7.53,7.46,7.47,7.46,1121400.0,8400021.0,1562613444.0,1562613444.0,-66707903.21,-26014142.16,207147360.63,425834863.58,218687502.95,-20909125.649999976,366.4,340.22,127.83,49.66,345.78,339.79,0.0,110.33,,,,,,,电子,消费电子,消费电子零部件及组装,7.5,7.47,7.49
sh603133,*ST碳元,2023-07-26,7.47,7.48,7.26,7.37,7.47,1967266.0,14460723.0,1541694924.0,1541694924.0,-66707903.21,-26014142.16,207147360.63,425834863.58,218687502.95,-20909125.649999976,528.35,623.4,232.75,131.23,684.97,691.44,0.0,0.0,,,,,,,电子,消费电子,消费电子零部件及组装,7.45,7.42,7.4
sh603133,*ST碳元,2023-07-27,7.39,7.39,7.18,7.2,7.37,1346500.0,9800680.0,1506133440.0,1506133440.0,-66707903.21,-26014142.16,207147360.63,425834863.58,218687502.95,-20909125.649999976,429.32,408.61,50.07,43.88,500.68,527.58,0.0,0.0,,,,,,,电子,消费电子,消费电子零部件及组装,7.35,7.36,7.35
sh603133,*ST碳元,2023-07-28,7.15,7.3,7.1,7.28,7.2,1086800.0,7844301.0,1522868256.0,1522868256.0,-66707903.21,-26014142.16,207147360.63,425834863.58,218687502.95,-20909125.649999976,347.78,345.96,48.64,40.26,388.01,398.21,0.0,0.0,,,,,,,电子,消费电子,消费电子零部件及组装,7.19,7.15,7.16
sh603133,*ST碳元,2023-07-31,7.25,7.28,7.2,7.22,7.28,1623628.0,11732380.0,1510317144.0,1510317144.0,-66707903.21,-26014142.16,207147360.63,425834863.58,218687502.95,-20909125.649999976,448.48,430.49,267.16,284.96,457.59,457.79,0.0,0.0,,,,,,,电子,消费电子,消费电子零部件及组装,7.23,7.24,7.24
sh603133,*ST碳元,2023-08-01,7.22,7.36,7.16,7.28,7.22,1306300.0,9490980.0,1522868256.0,1522868256.0,-66707903.21,-26014142.16,207147360.63,425834863.58,218687502.95,-20909125.649999976,311.01,330.09,50.7,127.81,587.39,491.19,0.0,0.0,,,,,,,电子,消费电子,消费电子零部件及组装,7.21,7.22,7.2
sh603133,*ST碳元,2023-08-02,7.46,7.52,7.34,7.36,7.28,2392028.0,17746360.0,1539603072.0,1539603072.0,-66707903.21,-26014142.16,207147360.63,425834863.58,218687502.95,-20909125.649999976,786.04,728.18,159.08,140.82,829.52,905.63,0.0,0.0,,,,,,,电子,消费电子,消费电子零部件及组装,7.47,7.42,7.39
sh603133,*ST碳元,2023-08-03,7.31,7.33,7.21,7.24,7.36,1528328.0,11095062.0,1514500848.0,1514500848.0,-66707903.21,-26014142.16,207147360.63,425834863.58,218687502.95,-20909125.649999976,418.87,388.38,88.05,157.45,602.59,563.68,0.0,0.0,,,,,,,电子,消费电子,消费电子零部件及组装,7.3,7.27,7.26
sh603133,*ST碳元,2023-08-04,7.23,7.27,7.19,7.22,7.24,1055500.0,7624556.0,1510317144.0,1510317144.0,-66707903.21,-26014142.16,207147360.63,425834863.58,218687502.95,-20909125.649999976,210.43,313.68,89.39,0.72,462.64,448.06,0.0,0.0,,,,,,,电子,消费电子,消费电子零部件及组装,7.23,7.26,7.24
sh603133,*ST碳元,2023-08-07,7.21,7.21,7.09,7.12,7.22,1343600.0,9595563.0,1489398624.0000002,1489398624.0000002,-66707903.21,-26014142.16,207147360.63,425834863.58,218687502.95,-20909125.649999976,382.19,425.97,47.21,57.43,530.16,470.37,0.0,5.78,,,,,,,电子,消费电子,消费电子零部件及组装,7.2,7.19,7.17
sh603133,*ST碳元,2023-08-08,7.1,7.16,7.09,7.14,7.12,745900.0,5313921.0,1493582328.0,1493582328.0,-66707903.21,-26014142.16,207147360.63,425834863.58,218687502.95,-20909125.649999976,239.47,220.08,49.04,92.38,242.88,218.93,0.0,0.0,,,,,,,电子,消费电子,消费电子零部件及组装,7.12,7.14,7.12
sh603133,*ST碳元,2023-08-09,7.14,7.29,7.09,7.29,7.14,1472600.0,10597968.0,1524960108.0,1524960108.0,-66707903.21,-26014142.16,207147360.63,425834863.58,218687502.95,-20909125.649999976,453.91,386.02,180.59,128.53,425.29,545.25,0.0,0.0,,,,,,,电子,消费电子,消费电子零部件及组装,7.11,7.12,7.17
sh603133,*ST碳元,2023-08-10,7.33,7.47,7.31,7.39,7.29,2559600.0,18954656.0,1545878628.0,1545878628.0,-66707903.21,-26014142.16,207147360.63,425834863.58,218687502.95,-20909125.649999976,858.1,849.45,110.0,118.17,927.37,927.85,0.0,0.0,,,,,,,电子,消费电子,消费电子零部件及组装,7.41,7.45,7.41
sh603133,*ST碳元,2023-08-11,7.4,7.4,7.19,7.2,7.39,1955200.0,14175189.0,1506133440.0,1506133440.0,-66707903.21,-26014142.16,207147360.63,425834863.58,218687502.95,-20909125.649999976,435.6,431.93,205.62,194.85,776.3,790.74,0.0,0.0,,,,,,,电子,消费电子,消费电子零部件及组装,7.3,7.27,7.27
sh603133,*ST碳元,2023-08-14,7.18,7.24,7.1,7.24,7.2,1122300.0,8035944.0,1514500848.0,1514500848.0,-66707903.21,-26014142.16,207147360.63,425834863.58,218687502.95,-20909125.649999976,284.05,324.72,49.64,96.82,469.91,382.05,0.0,0.0,,,,,,,电子,消费电子,消费电子零部件及组装,7.14,7.12,7.17
sh603133,*ST碳元,2023-08-15,7.25,7.29,7.17,7.26,7.24,1044700.0,7561902.0,1518684552.0,1518684552.0,-66707903.21,-26014142.16,207147360.63,425834863.58,218687502.95,-20909125.649999976,341.02,213.56,49.88,74.62,365.29,468.02,0.0,0.0,,,,,,,电子,消费电子,消费电子零部件及组装,7.22,7.23,7.23
sh603133,*ST碳元,2023-08-16,7.22,7.27,7.18,7.19,7.26,861000.0,6213135.0,1504041588.0,1504041588.0,-66707903.21,-26014142.16,207147360.63,425834863.58,218687502.95,-20909125.649999976,255.49,216.52,55.24,50.47,310.58,354.32,0.0,0.0,,,,,,,电子,消费电子,消费电子零部件及组装,7.22,7.21,7.23
sh603133,*ST碳元,2023-08-17,7.19,7.23,7.09,7.22,7.19,1389000.0,9944992.0,1510317144.0,1510317144.0,-66707903.21,-26014142.16,207147360.63,425834863.58,218687502.95,-20909125.649999976,409.15,347.53,69.64,124.58,515.71,522.39,0.0,0.0,,,,,,,电子,消费电子,消费电子零部件及组装,7.12,7.12,7.11
sh603133,*ST碳元,2023-08-18,7.16,7.4,7.16,7.3,7.22,2474700.0,18108154.0,1527051960.0,1527051960.0,-66707903.21,-26014142.16,207147360.63,425834863.58,218687502.95,-20909125.649999976,595.1,766.88,342.45,99.99,873.27,943.95,0.0,0.0,,,,,,,电子,消费电子,消费电子零部件及组装,7.18,7.22,7.29
sh603133,*ST碳元,2023-08-21,7.36,7.46,7.26,7.32,7.3,1530300.0,11286703.0,1531235664.0,1531235664.0,-66707903.21,-26014142.16,207147360.63,425834863.58,218687502.95,-20909125.649999976,448.21,386.25,99.85,108.62,580.61,633.81,0.0,0.0,,,,,,,电子,消费电子,消费电子零部件及组装,7.3,7.34,7.33
sh603133,*ST碳元,2023-08-22,7.34,7.37,7.06,7.16,7.32,1674500.0,12012872.0,1497766032.0000002,1497766032.0000002,-66707903.21,-26014142.16,207147360.63,425834863.58,218687502.95,-20909125.649999976,462.04,335.92,64.8,101.17,674.46,764.2,0.0,0.0,,,,,,,电子,消费电子,消费电子零部件及组装,7.3,7.25,7.18
sh603133,*ST碳元,2023-08-23,7.13,7.13,6.81,6.86,7.16,1513500.0,10526099.0,1435010472.0,1435010472.0,-66707903.21,-26014142.16,207147360.63,425834863.58,218687502.95,-20909125.649999976,338.8,385.09,30.03,40.16,683.78,627.36,0.0,0.0,,,,,,,电子,消费电子,消费电子零部件及组装,7.1,7.07,7.03
sh603133,*ST碳元,2023-08-24,6.86,6.88,6.6,6.8,6.86,1239600.0,8372797.0,1422459359.9999998,1422459359.9999998,-66707903.21,-26014142.16,207147360.63,425834863.58,218687502.95,-20909125.649999976,257.33,320.96,10.51,20.74,569.44,495.58,0.0,0.0,,,,,,,电子,消费电子,消费电子零部件及组装,6.87,6.72,6.66
sh603133,*ST碳元,2023-08-25,6.78,6.85,6.67,6.72,6.8,1027700.0,6936516.0,1405724543.9999998,1405724543.9999998,-66707903.21,-26014142.16,207147360.63,425834863.58,218687502.95,-20909125.649999976,326.61,308.98,117.17,33.43,249.87,351.24,0.0,0.0,,,,,,,电子,消费电子,消费电子零部件及组装,6.69,6.76,6.74
sh603133,*ST碳元,2023-08-28,6.97,6.99,6.74,6.77,6.72,1295400.0,8852392.0,1416183804.0,1416183804.0,-66707903.21,-26014142.16,207147360.63,425834863.58,218687502.95,-20909125.649999976,297.58,360.28,333.0,182.96,253.5,341.99,1.15,0.0,,,,,,,电子,消费电子,消费电子零部件及组装,6.82,6.77,6.77
sh603133,*ST碳元,2023-08-29,6.75,6.89,6.67,6.82,6.77,1627500.0,11073825.0,1426643064.0,1426643064.0,-66707903.21,-26014142.16,207147360.63,425834863.58,218687502.95,-20909125.649999976,379.77,320.6,213.77,378.86,513.84,407.92,0.0,0.0,,,,,,,电子,消费电子,消费电子零部件及组装,6.72,6.75,6.79
sh603133,*ST碳元,2023-08-30,6.86,6.99,6.75,6.95,6.82,1877800.0,12905366.0,1453837140.0,1453837140.0,-66707903.21,-26014142.16,207147360.63,425834863.58,218687502.95,-20909125.649999976,482.08,446.96,146.82,248.68,661.65,594.89,0.0,0.0,,,,,,,电子,消费电子,消费电子零部件及组装,6.78,6.87,6.92
sh603133,*ST碳元,2023-08-31,6.95,6.96,6.83,6.86,6.95,1128000.0,7762743.0,1435010472.0,1435010472.0,-66707903.21,-26014142.16,207147360.63,425834863.58,218687502.95,-20909125.649999976,351.24,368.91,74.78,66.91,350.25,340.45,0.0,0.0,,,,,,,电子,消费电子,消费电子零部件及组装,6.91,6.87,6.87
sh603133,*ST碳元,2023-09-01,6.86,6.94,6.8,6.91,6.86,1097300.0,7528429.0,1445469732.0,1445469732.0,-66707903.21,-26014142.16,207147360.63,425834863.58,218687502.95,-20909125.649999976,359.09,337.41,29.11,41.39,364.64,374.04,0.0,0.0,,,,,,,电子,消费电子,消费电子零部件及组装,6.82,6.83,6.82
sh603133,*ST碳元,2023-09-04,6.9,7.07,6.9,7.04,6.91,1397600.0,9818446.0,1472663808.0000002,1472663808.0000002,-66707903.21,-26014142.16,207147360.63,425834863.58,218687502.95,-20909125.649999976,302.49,440.86,0.0,53.84,679.35,487.15,0.0,0.0,,,,,,,电子,消费电子,消费电子零部件及组装,6.94,7.0,7.03
sh603133,*ST碳元,2023-09-05,7.03,7.12,6.96,6.99,7.04,854900.0,6002953.0,1462204548.0,1462204548.0,-66707903.21,-26014142.16,207147360.63,425834863.58,218687502.95,-20909125.649999976,255.89,159.41,68.19,62.0,276.22,378.88,0.0,0.0,,,,,,,电子,消费电子,消费电子零部件及组装,7.04,7.04,7.05
sh603133,*ST碳元,2023-09-06,6.98,7.06,6.96,7.02,6.99,861000.0,6038887.0,1468480104.0,1468480104.0,-66707903.21,-26014142.16,207147360.63,425834863.58,218687502.95,-20909125.649999976,312.51,253.95,35.93,98.38,252.85,248.96,0.0,0.0,,,,,,,电子,消费电子,消费电子零部件及组装,6.99,6.99,7.01
sh603133,*ST碳元,2023-09-07,7.02,7.02,6.85,6.85,7.02,1043000.0,7217061.0,1432918620.0,1432918620.0,-66707903.21,-26014142.16,207147360.63,425834863.58,218687502.95,-20909125.649999976,276.77,225.45,22.34,26.71,416.85,463.79,0.0,0.0,,,,,,,电子,消费电子,消费电子零部件及组装,6.98,6.98,6.99
sh603133,*ST碳元,2023-09-08,6.85,6.92,6.84,6.88,6.85,666800.0,4588374.0,1439194175.9999998,1439194175.9999998,-66707903.21,-26014142.16,207147360.63,425834863.58,218687502.95,-20909125.649999976,214.75,269.33,72.25,37.15,171.84,152.36,0.0,0.0,,,,,,,电子,消费电子,消费电子零部件及组装,6.85,6.87,6.85
sh603133,*ST碳元,2023-09-11,6.87,6.87,6.71,6.84,6.88,1767200.0,12009582.0,1430826767.9999998,1430826767.9999998,-66707903.21,-26014142.16,207147360.63,425834863.58,218687502.95,-20909125.649999976,392.64,333.24,291.78,402.21,512.36,461.35,0.0,0.0,,,,,,,电子,消费电子,消费电子零部件及组装,6.84,6.78,6.78
sh603133,*ST碳元,2023-09-12,6.81,6.88,6.78,6.81,6.84,1063500.0,7245407.0,1424551212.0,1424551212.0,-66707903.21,-26014142.16,207147360.63,425834863.58,218687502.95,-20909125.649999976,308.08,248.03,46.69,76.62,369.77,399.89,0.0,0.0,,,,,,,电子,消费电子,消费电子零部件及组装,6.82,6.82,6.81
sh603133,*ST碳元,2023-09-13,6.81,6.87,6.72,6.78,6.81,722100.0,4902477.0,1418275656.0,1418275656.0,-66707903.21,-26014142.16,207147360.63,425834863.58,218687502.95,-20909125.649999976,190.02,156.95,22.71,8.38,277.52,324.92,0.0,0.0,,,,,,,电子,消费电子,消费电子零部件及组装,6.8,6.83,6.83
sh603133,*ST碳元,2023-09-14,6.72,6.87,6.72,6.78,6.78,783417.0,5324257.0,1418275656.0,1418275656.0,-66707903.21,-26014142.16,207147360.63,425834863.58,218687502.95,-20909125.649999976,212.32,163.06,35.59,41.84,284.52,327.52,0.0,0.0,,,,,,,电子,消费电子,消费电子零部件及组装,6.75,6.74,6.74
sh603133,*ST碳元,2023-09-15,6.78,6.96,6.78,6.88,6.78,1112317.0,7640788.0,1439194175.9999998,1439194175.9999998,-66707903.21,-26014142.16,207147360.63,425834863.58,218687502.95,-20909125.649999976,368.67,252.5,62.43,86.81,332.57,424.35,0.0,0.0,,,,,,,电子,消费电子,消费电子零部件及组装,6.8,6.81,6.82
sh603133,*ST碳元,2023-09-18,6.87,7.22,6.84,7.13,6.88,3105400.0,22186646.0,1491490476.0,1491490476.0,-66707903.21,-26014142.16,207147360.63,425834863.58,218687502.95,-20909125.649999976,736.5,934.7,478.81,223.56,872.44,1056.48,127.0,0.0,,,,,,,电子,消费电子,消费电子零部件及组装,6.89,6.95,7.04
sh603133,*ST碳元,2023-09-19,7.09,7.16,7.02,7.14,7.13,1451949.0,10283686.0,1493582328.0,1493582328.0,-66707903.21,-26014142.16,207147360.63,425834863.58,218687502.95,-20909125.649999976,342.66,430.11,61.42,93.0,618.0,498.97,0.0,0.0,,,,,,,电子,消费电子,消费电子零部件及组装,7.07,7.06,7.1
sh603133,*ST碳元,2023-09-20,7.16,7.48,7.15,7.24,7.14,2770600.0,20263547.0,1514500848.0,1514500848.0,-66707903.21,-26014142.16,207147360.63,425834863.58,218687502.95,-20909125.649999976,688.41,670.48,478.55,307.8,858.59,1048.0,0.73,0.0,,,,,,,电子,消费电子,消费电子零部件及组装,7.33,7.36,7.33
sh603133,*ST碳元,2023-09-21,7.26,7.41,7.09,7.18,7.24,1853100.0,13343639.0,1501949736.0,1501949736.0,-66707903.21,-26014142.16,207147360.63,425834863.58,218687502.95,-20909125.649999976,395.43,443.22,310.19,273.26,626.24,615.36,0.0,0.0,,,,,,,电子,消费电子,消费电子零部件及组装,7.34,7.29,7.22
sh603133,*ST碳元,2023-09-22,7.22,7.25,7.04,7.09,7.18,2430730.0,17327215.0,1483123068.0,1483123068.0,-66707903.21,-26014142.16,207147360.63,425834863.58,218687502.95,-20909125.649999976,710.34,762.42,238.24,250.79,784.15,719.51,0.0,0.0,,,,,,,电子,消费电子,消费电子零部件及组装,7.18,7.16,7.24
sh603133,*ST碳元,2023-09-25,7.06,7.07,6.94,6.99,7.09,1804300.0,12606420.0,1462204548.0,1462204548.0,-66707903.21,-26014142.16,207147360.63,425834863.58,218687502.95,-20909125.649999976,603.84,495.74,195.49,276.09,461.32,488.81,0.0,0.0,,,,,,,电子,消费电子,消费电子零部件及组装,7.0,7.01,7.0
sh603133,*ST碳元,2023-09-26,6.95,7.03,6.87,6.93,6.99,931800.0,6460361.0,1449653436.0,1449653436.0,-66707903.21,-26014142.16,207147360.63,425834863.58,218687502.95,-20909125.649999976,311.1,292.42,0.0,17.97,327.18,327.89,0.0,0.0,,,,,,,电子,消费电子,消费电子零部件及组装,6.93,6.98,6.96
sh603133,*ST碳元,2023-09-27,6.88,6.99,6.86,6.87,6.93,971400.0,6731623.0,1437102324.0,1437102324.0,-66707903.21,-26014142.16,207147360.63,425834863.58,218687502.95,-20909125.649999976,259.48,316.75,109.47,46.47,292.12,297.85,0.0,0.0,,,,,,,电子,消费电子,消费电子零部件及组装,6.95,6.92,6.95
sh603133,*ST碳元,2023-09-28,7.02,7.09,6.97,6.99,6.87,1052000.0,7386384.0,1462204548.0,1462204548.0,-66707903.21,-26014142.16,207147360.63,425834863.58,218687502.95,-20909125.649999976,277.22,297.16,48.74,45.84,412.68,395.64,0.0,0.0,,,,,,,电子,消费电子,消费电子零部件及组装,6.99,6.99,7.01
sh603133,*ST碳元,2023-10-09,6.99,7.06,6.96,7.04,6.99,733000.0,5138095.0,1472663808.0000002,1472663808.0000002,-66707903.21,-26014142.16,207147360.63,425834863.58,218687502.95,-20909125.649999976,218.99,204.98,85.45,41.02,209.36,267.8,0.0,0.0,,,,,,,电子,消费电子,消费电子零部件及组装,6.97,6.98,6.98
sh603133,*ST碳元,2023-10-10,7.0,7.1,6.96,7.08,7.04,491200.0,3458995.0,1481031216.0000002,1481031216.0000002,-66707903.21,-26014142.16,207147360.63,425834863.58,218687502.95,-20909125.649999976,140.42,140.41,8.49,32.36,196.98,173.13,0.0,0.0,,,,,,,电子,消费电子,消费电子零部件及组装,7.03,7.02,7.04
sh603133,*ST碳元,2023-10-11,7.1,7.1,6.99,7.06,7.08,642100.0,4524350.0,1476847512.0,1476847512.0,-66707903.21,-26014142.16,207147360.63,425834863.58,218687502.95,-20909125.649999976,148.96,150.2,47.88,48.86,255.6,253.37,0.0,0.0,,,,,,,电子,消费电子,消费电子零部件及组装,7.04,7.1,7.04
sh603133,*ST碳元,2023-10-12,7.06,7.06,6.94,6.98,7.06,1142700.0,7968721.0,1460112696.0,1460112696.0,-66707903.21,-26014142.16,207147360.63,425834863.58,218687502.95,-20909125.649999976,405.94,338.62,51.67,62.44,339.26,395.81,0.0,0.0,,,,,,,电子,消费电子,消费电子零部件及组装,7.02,7.04,7.01
sh603133,*ST碳元,2023-10-13,6.92,6.99,6.91,6.96,6.98,657600.0,4559883.0,1455928992.0000002,1455928992.0000002,-66707903.21,-26014142.16,207147360.63,425834863.58,218687502.95,-20909125.649999976,181.75,198.37,93.45,34.65,180.79,222.97,0.0,0.0,,,,,,,电子,消费电子,消费电子零部件及组装,6.92,6.94,6.92
sh603133,*ST碳元,2023-10-16,6.95,6.96,6.87,6.93,6.96,937649.0,6477893.0,1449653436.0,1449653436.0,-66707903.21,-26014142.16,207147360.63,425834863.58,218687502.95,-20909125.649999976,344.76,303.68,59.57,39.4,243.46,304.71,0.0,0.0,,,,,,,电子,消费电子,消费电子零部件及组装,6.95,6.93,6.92
sh603133,*ST碳元,2023-10-17,6.93,6.93,6.83,6.84,6.93,766800.0,5260688.0,1430826767.9999998,1430826767.9999998,-66707903.21,-26014142.16,207147360.63,425834863.58,218687502.95,-20909125.649999976,208.4,216.45,0.0,36.63,317.67,272.99,0.0,0.0,,,,,,,电子,消费电子,消费电子零部件及组装,6.88,6.88,6.9
sh603133,*ST碳元,2023-10-18,6.83,6.83,6.66,6.67,6.84,1430700.0,9584318.0,1395265284.0,1395265284.0,-66707903.21,-26014142.16,207147360.63,425834863.58,218687502.95,-20909125.649999976,358.24,348.91,202.34,180.92,397.85,428.6,0.0,0.0,,,,,,,电子,消费电子,消费电子零部件及组装,6.69,6.7,6.71
sh603133,*ST碳元,2023-10-19,6.64,6.74,6.61,6.67,6.67,731900.0,4885565.0,1395265284.0,1395265284.0,-66707903.21,-26014142.16,207147360.63,425834863.58,218687502.95,-20909125.649999976,181.81,207.85,90.31,60.43,216.44,220.28,0.0,0.0,,,,,,,电子,消费电子,消费电子零部件及组装,6.62,6.65,6.66
sh603133,*ST碳元,2023-10-20,6.62,6.77,6.62,6.71,6.67,712000.0,4767017.0,1403632692.0,1403632692.0,-66707903.21,-26014142.16,207147360.63,425834863.58,218687502.95,-20909125.649999976,280.08,202.73,24.12,27.31,170.15,244.32,0.0,0.0,,,,,,,电子,消费电子,消费电子零部件及组装,6.66,6.7,6.66
sh603133,*ST碳元,2023-10-23,6.7,6.7,6.37,6.39,6.71,1450500.0,9371822.0,1336693428.0000002,1336693428.0000002,-66707903.21,-26014142.16,207147360.63,425834863.58,218687502.95,-20909125.649999976,338.34,361.77,41.5,37.9,557.34,537.51,0.0,0.0,,,,,,,电子,消费电子,消费电子零部件及组装,6.67,6.64,6.58
sh603133,*ST碳元,2023-10-24,6.39,6.59,6.38,6.51,6.39,839500.0,5448582.0,1361795652.0,1361795652.0,-66707903.21,-26014142.16,207147360.63,425834863.58,218687502.95,-20909125.649999976,189.96,211.92,0.0,30.22,354.9,302.72,0.0,0.0,,,,,,,电子,消费电子,消费电子零部件及组装,6.42,6.45,6.4
sh603133,*ST碳元,2023-10-25,6.55,6.74,6.5,6.62,6.51,946500.0,6301488.0,1384806024.0,1384806024.0,-66707903.21,-26014142.16,207147360.63,425834863.58,218687502.95,-20909125.649999976,219.64,227.06,92.25,88.85,318.26,314.23,0.0,0.0,,,,,,,电子,消费电子,消费电子零部件及组装,6.58,6.62,6.73
sh603133,*ST碳元,2023-10-26,6.61,6.73,6.58,6.7,6.62,633300.0,4219269.0,1401540840.0,1401540840.0,-66707903.21,-26014142.16,207147360.63,425834863.58,218687502.95,-20909125.649999976,122.83,115.84,99.07,86.02,200.03,220.06,0.0,0.0,,,,,,,电子,消费电子,消费电子零部件及组装,6.59,6.64,6.64
sh603133,*ST碳元,2023-10-27,6.7,6.82,6.65,6.82,6.7,756900.0,5115009.0,1426643064.0,1426643064.0,-66707903.21,-26014142.16,207147360.63,425834863.58,218687502.95,-20909125.649999976,193.67,169.94,40.73,58.83,277.11,282.74,0.0,0.0,,,,,,,电子,消费电子,消费电子零部件及组装,6.69,6.67,6.7
sh603133,*ST碳元,2023-10-30,7.06,7.06,6.82,6.94,6.82,1591827.0,11037617.0,1451745288.0,1451745288.0,-66707903.21,-26014142.16,207147360.63,425834863.58,218687502.95,-20909125.649999976,475.31,422.58,158.58,158.85,469.87,522.33,0.0,0.0,,,,,,,电子,消费电子,消费电子零部件及组装,6.94,6.95,6.92
sh603133,*ST碳元,2023-10-31,6.88,6.97,6.88,6.95,6.94,861900.0,5974288.0,1453837140.0,1453837140.0,-66707903.21,-26014142.16,207147360.63,425834863.58,218687502.95,-20909125.649999976,226.53,205.99,157.43,143.99,213.48,247.45,0.0,0.0,,,,,,,电子,消费电子,消费电子零部件及组装,6.9,6.97,6.96
sh603133,*ST碳元,2023-11-01,6.95,7.18,6.9,7.16,6.95,1458361.0,10276085.0,1497766032.0000002,1497766032.0000002,-66707903.21,-26014142.16,207147360.63,425834863.58,218687502.95,-20909125.649999976,318.17,469.05,133.32,33.75,519.8,468.5,0.0,0.0,,,,,,,电子,消费电子,消费电子零部件及组装,6.93,6.92,6.94
sh603133,*ST碳元,2023-11-02,7.17,7.45,7.13,7.23,7.16,2290800.0,16623786.0,1512408996.0,1512408996.0,-66707903.21,-26014142.16,207147360.63,425834863.58,218687502.95,-20909125.649999976,720.16,685.0,144.39,107.61,797.83,869.76,0.0,0.0,,,,,,,电子,消费电子,消费电子零部件及组装,7.22,7.18,7.17
sh603133,*ST碳元,2023-11-03,7.16,7.27,7.16,7.22,7.23,855300.0,6172031.0,1510317144.0,1510317144.0,-66707903.21,-26014142.16,207147360.63,425834863.58,218687502.95,-20909125.649999976,274.67,221.54,0.0,67.68,274.85,327.98,67.68,0.0,,,,,,,电子,消费电子,消费电子零部件及组装,7.19,7.21,7.19
sh603133,*ST碳元,2023-11-06,7.22,7.28,7.19,7.22,7.22,836500.0,6037562.0,1510317144.0,1510317144.0,-66707903.21,-26014142.16,207147360.63,425834863.58,218687502.95,-20909125.649999976,264.93,201.23,114.59,59.92,224.23,342.61,0.0,0.0,,,,,,,电子,消费电子,消费电子零部件及组装,7.24,7.2,7.21
sh603133,*ST碳元,2023-11-07,7.22,7.26,7.17,7.25,7.22,1501600.0,10812679.0,1516592700.0,1516592700.0,-66707903.21,-26014142.16,207147360.63,425834863.58,218687502.95,-20909125.649999976,320.27,343.29,447.21,460.86,313.78,277.12,0.0,0.0,,,,,,,电子,消费电子,消费电子零部件及组装,7.19,7.21,7.25
sh603133,*ST碳元,2023-11-08,7.23,7.29,7.13,7.13,7.25,1032400.0,7421253.0,1491490476.0,1491490476.0,-66707903.21,-26014142.16,207147360.63,425834863.58,218687502.95,-20909125.649999976,311.48,287.49,77.91,83.33,334.77,353.34,0.0,0.0,,,,,,,电子,消费电子,消费电子零部件及组装,7.21,7.21,7.26
sh603133,*ST碳元,2023-11-09,7.16,7.18,7.08,7.12,7.13,614100.0,4373289.0,1489398624.0000002,1489398624.0000002,-66707903.21,-26014142.16,207147360.63,425834863.58,218687502.95,-20909125.649999976,191.26,188.62,28.62,0.0,217.44,248.71,0.0,0.0,,,,,,,电子,消费电子,消费电子零部件及组装,7.13,7.14,7.14
sh603133,*ST碳元,2023-11-10,7.11,7.18,7.08,7.15,7.12,633900.0,4512485.0,1495674180.0,1495674180.0,-66707903.21,-26014142.16,207147360.63,425834863.58,218687502.95,-20909125.649999976,185.83,250.12,40.63,57.57,224.8,143.56,0.0,0.0,,,,,,,电子,消费电子,消费电子零部件及组装,7.11,7.1,7.1
sh603133,*ST碳元,2023-11-13,7.21,7.3,7.19,7.22,7.15,878600.0,6350521.0,1510317144.0,1510317144.0,-66707903.21,-26014142.16,207147360.63,425834863.58,218687502.95,-20909125.649999976,341.9,349.71,23.71,15.26,269.44,270.09,0.0,0.0,,,,,,,电子,消费电子,消费电子零部件及组装,7.26,7.2,7.26
sh603133,*ST碳元,2023-11-14,7.2,7.23,7.1,7.13,7.22,1592800.0,11374825.0,1491490476.0,1491490476.0,-66707903.21,-26014142.16,207147360.63,425834863.58,218687502.95,-20909125.649999976,585.28,694.29,42.55,44.25,509.65,398.94,0.0,0.0,,,,,,,电子,消费电子,消费电子零部件及组装,7.19,7.17,7.18
sh603133,*ST碳元,2023-11-15,7.12,7.14,7.04,7.14,7.13,1055461.0,7491667.0,1493582328.0,1493582328.0,-66707903.21,-26014142.16,207147360.63,425834863.58,218687502.95,-20909125.649999976,269.82,322.29,85.5,87.58,391.27,336.73,0.0,0.0,,,,,,,电子,消费电子,消费电子零部件及组装,7.13,7.12,7.1
sh603133,*ST碳元,2023-11-16,7.17,7.36,7.13,7.23,7.14,2373700.0,17175320.0,1512408996.0,1512408996.0,-66707903.21,-26014142.16,207147360.63,425834863.58,218687502.95,-20909125.649999976,728.92,757.29,236.64,238.43,751.97,721.81,0.0,0.0,,,,,,,电子,消费电子,消费电子零部件及组装,7.13,7.18,7.3
sh603133,*ST碳元,2023-11-17,7.18,7.4,7.18,7.4,7.23,1910100.0,13987994.0,1547970480.0,1547970480.0,-66707903.21,-26014142.16,207147360.63,425834863.58,218687502.95,-20909125.649999976,452.05,540.66,204.08,196.76,742.68,661.37,0.0,0.0,,,,,,,电子,消费电子,消费电子零部件及组装,7.27,7.26,7.26
sh603133,*ST碳元,2023-11-20,7.43,7.44,7.28,7.35,7.4,1802300.0,13268662.0,1537511220.0,1537511220.0,-66707903.21,-26014142.16,207147360.63,425834863.58,218687502.95,-20909125.649999976,556.47,562.38,258.64,230.57,511.76,533.91,0.0,0.0,,,,,,,电子,消费电子,消费电子零部件及组装,7.37,7.32,7.3
sh603133,*ST碳元,2023-11-21,7.33,7.47,7.32,7.41,7.35,1295800.0,9585005.0,1550062331.9999998,1550062331.9999998,-66707903.21,-26014142.16,207147360.63,425834863.58,218687502.95,-20909125.649999976,327.09,333.96,214.87,159.31,416.54,461.71,0.0,3.52,,,,,,,电子,消费电子,消费电子零部件及组装,7.36,7.36,7.33
sh603133,*ST碳元,2023-11-22,7.4,7.54,7.36,7.42,7.41,1832500.0,13631228.0,1552154184.0,1552154184.0,-66707903.21,-26014142.16,207147360.63,425834863.58,218687502.95,-20909125.649999976,462.84,484.74,334.1,296.11,566.18,582.27,0.0,0.0,,,,,,,电子,消费电子,消费电子零部件及组装,7.39,7.38,7.39
sh603133,*ST碳元,2023-11-23,7.4,7.45,7.35,7.39,7.42,1179600.0,8719979.0,1545878628.0,1545878628.0,-66707903.21,-26014142.16,207147360.63,425834863.58,218687502.95,-20909125.649999976,263.91,295.26,187.23,59.92,420.85,516.83,0.0,0.0,,,,,,,电子,消费电子,消费电子零部件及组装,7.43,7.41,7.41
sh603133,*ST碳元,2023-11-24,7.48,7.76,7.48,7.68,7.39,5178000.0,39782462.0,1606542336.0,1606542336.0,-66707903.21,-26014142.16,207147360.63,425834863.58,218687502.95,-20909125.649999976,1631.68,1301.77,923.67,1049.56,1325.93,1515.79,96.97,111.12,,,,,,,电子,消费电子,消费电子零部件及组装,7.6,7.63,7.62
sh603133,*ST碳元,2023-11-27,7.58,7.66,7.36,7.4,7.68,2676800.0,20103146.0,1547970480.0,1547970480.0,-66707903.21,-26014142.16,207147360.63,425834863.58,218687502.95,-20909125.649999976,835.08,879.1,193.6,211.08,981.63,920.14,0.0,0.0,,,,,,,电子,消费电子,消费电子零部件及组装,7.54,7.55,7.55
sh603133,*ST碳元,2023-11-28,7.4,7.4,7.26,7.35,7.4,1303100.0,9540098.0,1537511220.0,1537511220.0,-66707903.21,-26014142.16,207147360.63,425834863.58,218687502.95,-20909125.649999976,269.99,337.88,186.41,123.32,497.61,492.81,0.0,0.0,,,,,,,电子,消费电子,消费电子零部件及组装,7.29,7.3,7.33
sh603133,*ST碳元,2023-11-29,7.35,7.41,7.26,7.27,7.35,1584300.0,11630149.0,1520776404.0,1520776404.0,-66707903.21,-26014142.16,207147360.63,425834863.58,218687502.95,-20909125.649999976,463.66,459.51,161.05,196.19,538.31,507.31,0.0,0.0,,,,,,,电子,消费电子,消费电子零部件及组装,7.36,7.36,7.33
sh603133,*ST碳元,2023-11-30,7.22,7.38,7.19,7.31,7.27,1039700.0,7579524.0,1529143812.0,1529143812.0,-66707903.21,-26014142.16,207147360.63,425834863.58,218687502.95,-20909125.649999976,285.29,251.89,107.66,121.48,365.01,384.58,0.0,0.0,,,,,,,电子,消费电子,消费电子零部件及组装,7.26,7.24,7.22
sh603133,*ST碳元,2023-12-01,7.28,7.43,7.26,7.43,7.31,1663200.0,12258818.0,1554246036.0,1554246036.0,-66707903.21,-26014142.16,207147360.63,425834863.58,218687502.95,-20909125.649999976,506.59,550.62,210.35,168.08,508.94,507.19,0.0,0.0,,,,,,,电子,消费电子,消费电子零部件及组装,7.31,7.31,7.42
sh603133,*ST碳元,2023-12-04,7.46,7.56,7.41,7.49,7.43,1384200.0,10343239.0,1566797147.9999998,1566797147.9999998,-66707903.21,-26014142.16,207147360.63,425834863.58,218687502.95,-20909125.649999976,547.26,538.57,84.34,42.59,402.73,453.17,0.0,0.0,,,,,,,电子,消费电子,消费电子零部件及组装,7.45,7.41,7.5
sh603133,*ST碳元,2023-12-05,7.46,7.79,7.46,7.72,7.49,6659400.0,51186159.0,1614909744.0,1614909744.0,-66707903.21,-26014142.16,207147360.63,425834863.58,218687502.95,-20909125.649999976,2014.12,2190.28,861.13,809.34,2183.18,1898.09,60.2,220.9,,,,,,,电子,消费电子,消费电子零部件及组装,7.53,7.5,7.47
sh603133,*ST碳元,2023-12-06,7.69,7.73,7.61,7.62,7.72,2777900.0,21298914.0,1593991224.0,1593991224.0,-66707903.21,-26014142.16,207147360.63,425834863.58,218687502.95,-20909125.649999976,778.59,820.01,126.72,298.05,1224.58,1011.83,0.0,0.0,,,,,,,电子,消费电子,消费电子零部件及组装,7.71,7.69,7.69
sh603133,*ST碳元,2023-12-07,7.6,7.71,7.49,7.51,7.62,2100900.0,15933743.0,1570980852.0,1570980852.0,-66707903.21,-26014142.16,207147360.63,425834863.58,218687502.95,-20909125.649999976,641.32,549.28,80.47,164.85,871.59,828.47,0.0,50.78,,,,,,,电子,消费电子,消费电子零部件及组装,7.65,7.67,7.66
sh603133,*ST碳元,2023-12-08,7.51,7.55,7.42,7.48,7.51,1400400.0,10489807.0,1564705296.0,1564705296.0,-66707903.21,-26014142.16,207147360.63,425834863.58,218687502.95,-20909125.649999976,407.33,440.6,60.79,39.2,580.87,569.18,0.0,0.0,,,,,,,电子,消费电子,消费电子零部件及组装,7.54,7.53,7.53
sh603133,*ST碳元,2023-12-11,7.41,7.51,7.38,7.5,7.48,1512100.0,11267446.0,1568889000.0,1568889000.0,-66707903.21,-26014142.16,207147360.63,425834863.58,218687502.95,-20909125.649999976,390.61,453.79,159.91,136.81,576.23,536.15,0.0,0.0,,,,,,,电子,消费电子,消费电子零部件及组装,7.4,7.47,7.48
sh603133,*ST碳元,2023-12-12,7.49,7.51,7.39,7.43,7.5,1651300.0,12283813.0,1554246036.0,1554246036.0,-66707903.21,-26014142.16,207147360.63,425834863.58,218687502.95,-20909125.649999976,560.56,552.84,81.66,198.56,586.16,476.98,0.0,0.0,,,,,,,电子,消费电子,消费电子零部件及组装,7.46,7.44,7.46
sh603133,*ST碳元,2023-12-13,7.46,7.46,7.35,7.35,7.43,1508100.0,11136610.0,1537511220.0,1537511220.0,-66707903.21,-26014142.16,207147360.63,425834863.58,218687502.95,-20909125.649999976,528.19,493.5,36.33,114.25,441.84,505.91,107.3,0.0,,,,,,,电子,消费电子,消费电子零部件及组装,7.4,7.37,7.42
sh603133,*ST碳元,2023-12-14,7.35,7.38,7.31,7.34,7.35,937000.0,6879876.0,1535419368.0,1535419368.0,-66707903.21,-26014142.16,207147360.63,425834863.58,218687502.95,-20909125.649999976,296.33,289.49,30.12,0.0,361.53,398.5,0.0,0.0,,,,,,,电子,消费电子,消费电子零部件及组装,7.36,7.35,7.36
sh603133,*ST碳元,2023-12-15,7.31,7.34,7.14,7.21,7.34,1825800.0,13189931.0,1508225292.0,1508225292.0,-66707903.21,-26014142.16,207147360.63,425834863.58,218687502.95,-20909125.649999976,477.97,437.74,135.58,170.69,705.44,609.77,0.0,100.8,,,,,,,电子,消费电子,消费电子零部件及组装,7.32,7.3,7.21
sh603133,*ST碳元,2023-12-18,7.16,7.2,6.96,6.96,7.21,2175500.0,15380109.0,1455928992.0000002,1455928992.0000002,-66707903.21,-26014142.16,207147360.63,425834863.58,218687502.95,-20909125.649999976,671.72,452.09,72.44,190.8,679.93,722.02,113.92,173.1,,,,,,,电子,消费电子,消费电子零部件及组装,7.17,7.1,7.14
sh603133,*ST碳元,2023-12-19,6.95,7.14,6.88,7.0,6.96,1993700.0,13948083.0,1464296400.0000002,1464296400.0000002,-66707903.21,-26014142.16,207147360.63,425834863.58,218687502.95,-20909125.649999976,594.05,544.15,126.02,260.06,674.74,590.6,0.0,0.0,,,,,,,电子,消费电子,消费电子零部件及组装,6.89,7.0,7.0
sh603133,*ST碳元,2023-12-20,7.04,7.07,6.97,6.98,7.0,759100.0,5317545.0,1460112696.0,1460112696.0,-66707903.21,-26014142.16,207147360.63,425834863.58,218687502.95,-20909125.649999976,230.78,248.58,21.06,0.0,279.91,283.17,0.0,0.0,,,,,,,电子,消费电子,消费电子零部件及组装,7.03,7.04,7.01
sh603133,*ST碳元,2023-12-21,6.98,7.05,6.83,7.02,6.98,1471400.0,10215344.0,1468480104.0,1468480104.0,-66707903.21,-26014142.16,207147360.63,425834863.58,218687502.95,-20909125.649999976,327.75,399.14,69.95,87.64,623.84,534.76,0.0,0.0,,,,,,,电子,消费电子,消费电子零部件及组装,6.96,6.95,6.95
sh603133,*ST碳元,2023-12-22,7.06,7.06,6.92,6.95,7.02,1357400.0,9442480.0,1453837140.0,1453837140.0,-66707903.21,-26014142.16,207147360.63,425834863.58,218687502.95,-20909125.649999976,411.8,316.12,150.53,137.02,381.92,491.12,0.0,0.0,,,,,,,电子,消费电子,消费电子零部件及组装,6.98,6.97,6.98
sh603133,*ST碳元,2023-12-25,6.96,6.98,6.91,6.92,6.95,900700.0,6252604.0,1447561583.9999998,1447561583.9999998,-66707903.21,-26014142.16,207147360.63,425834863.58,218687502.95,-20909125.649999976,325.18,297.32,112.78,20.79,187.3,307.15,0.0,0.0,,,,,,,电子,消费电子,消费电子零部件及组装,6.96,6.95,6.94
sh603133,*ST碳元,2023-12-26,6.92,6.93,6.79,6.8,6.92,1227500.0,8403885.0,1422459359.9999998,1422459359.9999998,-66707903.21,-26014142.16,207147360.63,425834863.58,218687502.95,-20909125.649999976,327.51,307.94,155.64,81.38,357.23,408.78,0.0,42.3,,,,,,,电子,消费电子,消费电子零部件及组装,6.92,6.93,6.9
sh603133,*ST碳元,2023-12-27,6.84,7.14,6.8,7.14,6.8,2315000.0,16285692.0,1493582328.0,1493582328.0,-66707903.21,-26014142.16,207147360.63,425834863.58,218687502.95,-20909125.649999976,498.6,530.13,499.09,404.25,630.87,694.19,0.0,0.0,,,,,,,电子,消费电子,消费电子零部件及组装,6.82,6.83,6.83
sh603133,*ST碳元,2023-12-28,7.03,7.43,7.03,7.34,7.14,3259800.0,23691954.0,1535419368.0,1535419368.0,-66707903.21,-26014142.16,207147360.63,425834863.58,218687502.95,-20909125.649999976,983.91,1064.77,287.09,345.92,1098.19,958.51,0.0,0.0,,,,,,,电子,消费电子,消费电子零部件及组装,7.15,7.19,7.14
sh603133,*ST碳元,2023-12-29,7.32,7.34,7.22,7.27,7.34,2536800.0,18437694.0,1520776404.0,1520776404.0,-66707903.21,-26014142.16,207147360.63,425834863.58,218687502.95,-20909125.649999976,626.15,736.56,123.37,328.39,1094.25,778.83,0.0,0.0,,,,,,,电子,消费电子,消费电子零部件及组装,7.26,7.25,7.26
sh603133,*ST碳元,2024-01-02,7.27,7.27,7.14,7.15,7.27,1507247.0,10842589.0,1495674180.0,1495674180.0,-66707903.21,-26014142.16,207147360.63,425834863.58,218687502.95,-20909125.649999976,295.71,489.32,24.11,137.67,764.44,457.27,0.0,0.0,,,,,,,电子,消费电子,消费电子零部件及组装,7.18,7.23,7.23
sh603133,*ST碳元,2024-01-03,7.16,7.16,7.01,7.06,7.15,1423500.0,10077105.0,1476847512.0,1476847512.0,-66707903.21,-26014142.16,207147360.63,425834863.58,218687502.95,-20909125.649999976,340.19,422.89,48.65,49.29,618.87,535.54,0.0,0.0,,,,,,,电子,消费电子,消费电子零部件及组装,7.14,7.1,7.11
sh603133,*ST碳元,2024-01-04,7.04,7.11,7.03,7.1,7.06,786000.0,5571217.0,1485214920.0,1485214920.0,-66707903.21,-26014142.16,207147360.63,425834863.58,218687502.95,-20909125.649999976,248.03,272.67,20.52,20.52,288.58,263.94,0.0,0.0,,,,,,,电子,消费电子,消费电子零部件及组装,7.06,7.08,7.07
sh603133,*ST碳元,2024-01-05,7.07,7.12,6.9,6.96,7.1,1555400.0,10927760.0,1455928992.0000002,1455928992.0000002,-66707903.21,-26014142.16,207147360.63,425834863.58,218687502.95,-20909125.649999976,590.38,469.3,34.8,24.29,467.59,599.19,0.0,0.0,,,,,,,电子,消费电子,消费电子零部件及组装,7.06,7.09,7.08
sh603133,*ST碳元,2024-01-08,6.89,6.97,6.76,6.76,6.96,1662600.0,11385855.0,1414091951.9999998,1414091951.9999998,-66707903.21,-26014142.16,207147360.63,425834863.58,218687502.95,-20909125.649999976,342.01,352.75,360.37,305.33,436.21,480.5,0.0,0.0,,,,,,,电子,消费电子,消费电子零部件及组装,6.91,6.89,6.95
sh603133,*ST碳元,2024-01-09,6.77,6.87,6.74,6.8,6.76,875300.0,5958706.0,1422459359.9999998,1422459359.9999998,-66707903.21,-26014142.16,207147360.63,425834863.58,218687502.95,-20909125.649999976,247.46,195.72,0.0,82.96,348.41,317.19,0.0,0.0,,,,,,,电子,消费电子,消费电子零部件及组装,6.78,6.83,6.82
sh603133,*ST碳元,2024-01-10,6.8,6.85,6.69,6.78,6.8,662300.0,4496896.0,1418275656.0,1418275656.0,-66707903.21,-26014142.16,207147360.63,425834863.58,218687502.95,-20909125.649999976,130.96,132.52,71.31,54.37,247.42,262.81,0.0,0.0,,,,,,,电子,消费电子,消费电子零部件及组装,6.77,6.71,6.7
sh603133,*ST碳元,2024-01-11,6.75,6.91,6.73,6.9,6.78,1054100.0,7182049.0,1443377880.0,1443377880.0,-66707903.21,-26014142.16,207147360.63,425834863.58,218687502.95,-20909125.649999976,309.57,254.14,22.44,87.04,386.19,377.02,0.0,0.0,,,,,,,电子,消费电子,消费电子零部件及组装,6.78,6.75,6.77
sh603133,*ST碳元,2024-01-12,6.85,7.0,6.85,6.9,6.9,1428100.0,9876016.0,1443377880.0,1443377880.0,-66707903.21,-26014142.16,207147360.63,425834863.58,218687502.95,-20909125.649999976,458.04,476.58,162.97,122.21,366.6,388.81,0.0,0.0,,,,,,,电子,消费电子,消费电子零部件及组装,6.91,6.9,6.91
sh603133,*ST碳元,2024-01-15,6.89,7.08,6.85,7.02,6.9,1582800.0,11030383.0,1468480104.0,1468480104.0,-66707903.21,-26014142.16,207147360.63,425834863.58,218687502.95,-20909125.649999976,427.62,467.69,218.47,152.94,456.95,482.41,0.0,0.0,,,,,,,电子,消费电子,消费电子零部件及组装,6.87,6.86,6.91
sh603133,*ST碳元,2024-01-16,7.01,7.06,6.9,7.01,7.02,1133600.0,7913883.0,1466388252.0,1466388252.0,-66707903.21,-26014142.16,207147360.63,425834863.58,218687502.95,-20909125.649999976,274.67,252.14,196.56,105.13,320.16,434.11,0.0,0.0,,,,,,,电子,消费电子,消费电子零部件及组装,7.02,7.03,7.03
sh603133,*ST碳元,2024-01-17,7.05,7.05,6.91,6.91,7.01,1007400.0,7010941.0,1445469732.0,1445469732.0,-66707903.21,-26014142.16,207147360.63,425834863.58,218687502.95,-20909125.649999976,222.4,277.13,189.43,0.0,289.26,423.96,0.0,0.0,,,,,,,电子,消费电子,消费电子零部件及组装,6.98,6.97,6.98
sh603133,*ST碳元,2024-01-18,6.89,6.92,6.69,6.83,6.91,1643800.0,11180248.0,1428734916.0,1428734916.0,-66707903.21,-26014142.16,207147360.63,425834863.58,218687502.95,-20909125.649999976,433.65,403.42,304.27,236.49,380.1,478.12,0.0,0.0,,,,,,,电子,消费电子,消费电子零部件及组装,6.84,6.87,6.9
sh603133,*ST碳元,2024-01-19,6.81,6.9,6.77,6.77,6.83,1078100.0,7365165.0,1416183804.0,1416183804.0,-66707903.21,-26014142.16,207147360.63,425834863.58,218687502.95,-20909125.649999976,263.02,293.99,272.32,147.37,201.18,295.16,0.0,0.0,,,,,,,电子,消费电子,消费电子零部件及组装,6.87,6.85,6.89
sh603133,*ST碳元,2024-01-22,6.78,6.79,6.43,6.43,6.77,2591400.0,16816187.0,1345060836.0000002,1345060836.0000002,-66707903.21,-26014142.16,207147360.63,425834863.58,218687502.95,-20909125.649999976,564.2,751.66,373.51,151.75,743.91,775.38,0.0,2.83,,,,,,,电子,消费电子,消费电子零部件及组装,6.73,6.75,6.65
sh603133,*ST碳元,2024-01-23,6.41,6.66,6.14,6.51,6.43,1476600.0,9480215.0,1361795652.0,1361795652.0,-66707903.21,-26014142.16,207147360.63,425834863.58,218687502.95,-20909125.649999976,400.78,499.22,137.02,48.48,410.22,400.32,0.0,0.0,,,,,,,电子,消费电子,消费电子零部件及组装,6.22,6.33,6.42
sh603133,*ST碳元,2024-01-24,6.58,6.62,6.44,6.6,6.51,1536800.0,10033296.0,1380622320.0,1380622320.0,-66707903.21,-26014142.16,207147360.63,425834863.58,218687502.95,-20909125.649999976,449.67,396.69,162.59,254.77,391.07,351.87,0.0,0.0,,,,,,,电子,消费电子,消费电子零部件及组装,6.54,6.5,6.56
sh603133,*ST碳元,2024-01-25,6.61,6.78,6.55,6.75,6.6,1620600.0,10765137.0,1412000100.0,1412000100.0,-66707903.21,-26014142.16,207147360.63,425834863.58,218687502.95,-20909125.649999976,377.96,357.78,271.66,309.07,426.9,409.67,0.0,0.0,,,,,,,电子,消费电子,消费电子零部件及组装,6.6,6.63,6.6
sh603133,*ST碳元,2024-01-26,6.71,6.88,6.71,6.85,6.75,1895400.0,12920887.0,1432918620.0,1432918620.0,-66707903.21,-26014142.16,207147360.63,425834863.58,218687502.95,-20909125.649999976,484.62,451.13,440.14,526.67,367.33,306.01,0.0,8.29,,,,,,,电子,消费电子,消费电子零部件及组装,6.81,6.83,6.84
sh603133,*ST碳元,2024-01-29,6.9,6.92,6.65,6.7,6.85,1972900.0,13300357.0,1401540840.0,1401540840.0,-66707903.21,-26014142.16,207147360.63,425834863.58,218687502.95,-20909125.649999976,534.17,512.14,441.33,347.42,354.54,406.62,0.0,63.86,,,,,,,电子,消费电子,消费电子零部件及组装,6.88,6.81,6.79
sh603133,*ST碳元,2024-01-30,6.69,6.69,6.37,6.5,6.7,1708100.0,11046735.0,1359703800.0,1359703800.0,-66707903.21,-26014142.16,207147360.63,425834863.58,218687502.95,-20909125.649999976,491.91,459.68,114.53,140.71,498.24,504.28,0.0,0.0,,,,,,,电子,消费电子,消费电子零部件及组装,6.61,6.53,6.53
sh603133,*ST碳元,2024-01-31,6.52,6.59,6.18,6.18,6.5,4270500.0,26647725.0,1292764536.0,1292764536.0,-66707903.21,-26014142.16,207147360.63,425834863.58,218687502.95,-20909125.649999976,998.18,710.5,637.41,872.87,779.58,524.83,249.61,556.57,,,,,,,电子,消费电子,消费电子零部件及组装,6.5,6.46,6.19
sh603133,*ST碳元,2024-02-01,5.89,6.0,5.87,5.87,6.18,3811747.0,22436356.0,1227917124.0,1227917124.0,-66707903.21,-26014142.16,207147360.63,425834863.58,218687502.95,-20909125.649999976,844.08,809.99,580.4,946.65,732.11,486.99,87.05,0.0,,,,,,,电子,消费电子,消费电子零部件及组装,5.87,5.87,5.87
sh603133,*ST碳元,2024-02-02,5.71,5.9,5.58,5.58,5.87,2870847.0,16287306.0,1167253416.0,1167253416.0,-66707903.21,-26014142.16,207147360.63,425834863.58,218687502.95,-20909125.649999976,825.1,569.37,225.16,497.31,425.76,406.76,152.72,155.29,,,,,,,电子,消费电子,消费电子零部件及组装,5.82,5.83,5.73
sh603133,*ST碳元,2024-02-05,5.3,5.37,5.3,5.3,5.58,425800.0,2263469.0,1108681560.0,1108681560.0,-66707903.21,-26014142.16,207147360.63,425834863.58,218687502.95,-20909125.649999976,72.71,158.61,38.05,0.35,115.59,67.39,0.0,0.0,,,,,,,电子,消费电子,消费电子零部件及组装,5.3,5.3,5.3
sh603133,*ST碳元,2024-02-06,5.04,5.1,5.04,5.04,5.3,3985000.0,20100523.0,1054293408.0,1054293408.0,-66707903.21,-26014142.16,207147360.63,425834863.58,218687502.95,-20909125.649999976,372.89,489.73,657.35,841.51,520.11,317.9,459.7,360.91,,,,,,,电子,消费电子,消费电子零部件及组装,5.04,5.04,5.04
sh603133,*ST碳元,2024-02-07,5.0,5.04,4.79,4.79,5.04,2289000.0,11008627.0,1001997108.0,1001997108.0,-66707903.21,-26014142.16,207147360.63,425834863.58,218687502.95,-20909125.649999976,570.57,324.05,118.0,432.93,412.29,236.2,0.0,107.68,,,,,,,电子,消费电子,消费电子零部件及组装,4.83,4.79,4.79
sh603133,*ST碳元,2024-02-08,4.55,4.77,4.55,4.66,4.79,4524400.0,20805146.0,974803032.0,974803032.0,-66707903.21,-26014142.16,207147360.63,425834863.58,218687502.95,-20909125.649999976,874.4,862.42,312.19,451.89,893.93,766.21,0.0,0.0,,,,,,,电子,消费电子,消费电子零部件及组装,4.55,4.55,4.55
sh603133,*ST碳元,2024-02-19,4.66,4.69,4.43,4.49,4.66,9242048.0,41134950.0,939241548.0,939241548.0,-66707903.21,-26014142.16,207147360.63,425834863.58,218687502.95,-20909125.649999976,1976.74,1502.77,663.81,1291.9,1472.94,1002.6,0.0,316.22,,,,,,,电子,消费电子,消费电子零部件及组装,4.44,4.45,4.51
sh603133,*ST碳元,2024-02-20,4.44,4.71,4.38,4.71,4.49,5813900.0,26493078.0,985262292.0,985262292.0,-66707903.21,-26014142.16,207147360.63,425834863.58,218687502.95,-20909125.649999976,1062.8,1045.17,436.08,545.41,1009.13,1058.72,141.3,0.0,,,,,,,电子,消费电子,消费电子零部件及组装,4.39,4.49,4.6
sh603133,*ST碳元,2024-02-21,4.8,4.95,4.73,4.82,4.71,6617700.0,32105206.0,1008272664.0,1008272664.0,-66707903.21,-26014142.16,207147360.63,425834863.58,218687502.95,-20909125.649999976,1468.56,1551.32,288.98,391.87,1294.33,1267.33,158.65,0.0,,,,,,,电子,消费电子,消费电子零部件及组装,4.76,4.81,4.82
sh603133,*ST碳元,2024-02-22,4.71,4.79,4.64,4.79,4.82,5967100.0,28143824.0,1001997108.0,1001997108.0,-66707903.21,-26014142.16,207147360.63,425834863.58,218687502.95,-20909125.649999976,1177.23,1181.42,207.92,216.65,1429.24,1416.31,0.0,0.0,,,,,,,电子,消费电子,消费电子零部件及组装,4.65,4.71,4.73
sh603133,*ST碳元,2024-02-23,5.03,5.03,4.9,5.03,4.79,4359600.0,21840185.0,1052201556.0,1052201556.0,-66707903.21,-26014142.16,207147360.63,425834863.58,218687502.95,-20909125.649999976,1004.38,675.54,818.88,490.72,360.77,652.83,0.0,364.93,,,,,,,电子,消费电子,消费电子零部件及组装,4.98,5.03,5.03
sh603133,*ST碳元,2024-02-26,5.28,5.28,5.03,5.1,5.03,9172147.0,47528528.0,1066844520.0,1066844520.0,-66707903.21,-26014142.16,207147360.63,425834863.58,218687502.95,-20909125.649999976,1836.33,1825.9,1134.46,1072.26,1671.13,1594.07,110.93,260.62,,,,,,,电子,消费电子,消费电子零部件及组装,5.25,5.18,5.2
sh603133,*ST碳元,2024-02-27,5.08,5.21,5.06,5.21,5.1,5790600.0,29744861.0,1089854892.0,1089854892.0,-66707903.21,-26014142.16,207147360.63,425834863.58,218687502.95,-20909125.649999976,1246.96,1399.52,244.05,291.77,1483.48,1283.2,0.0,0.0,,,,,,,电子,消费电子,消费电子零部件及组装,5.12,5.12,5.12
sh603133,*ST碳元,2024-02-28,5.18,5.3,4.95,4.95,5.21,7164300.0,36357946.0,1035466740.0,1035466740.0,-66707903.21,-26014142.16,207147360.63,425834863.58,218687502.95,-20909125.649999976,1646.79,1518.77,404.14,676.78,1584.86,1393.71,0.0,46.53,,,,,,,电子,消费电子,消费电子零部件及组装,5.16,5.2,5.22
sh603133,*ST碳元,2024-02-29,4.71,4.93,4.71,4.89,4.95,4685248.0,22602745.0,1022915628.0,1022915628.0,-66707903.21,-26014142.16,207147360.63,425834863.58,218687502.95,-20909125.649999976,949.83,1138.42,383.32,162.45,927.13,959.41,0.0,0.0,,,,,,,电子,消费电子,消费电子零部件及组装,4.79,4.84,4.82
sh603133,*ST碳元,2024-03-01,4.87,4.89,4.65,4.7,4.89,5053900.0,23927827.0,983170440.0,983170440.0,-66707903.21,-26014142.16,207147360.63,425834863.58,218687502.95,-20909125.649999976,1053.56,1026.31,290.57,258.83,909.15,897.78,139.5,209.86,,,,,,,电子,消费电子,消费电子零部件及组装,4.85,4.81,4.76
sh603133,*ST碳元,2024-03-04,4.7,4.88,4.49,4.87,4.7,5365100.0,25004205.0,1018731924.0,1018731924.0,-66707903.21,-26014142.16,207147360.63,425834863.58,218687502.95,-20909125.649999976,1083.47,1117.63,214.16,285.96,1202.79,1096.82,0.0,0.0,,,,,,,电子,消费电子,消费电子零部件及组装,4.62,4.71,4.61
sh603133,*ST碳元,2024-03-05,4.88,5.09,4.81,5.07,4.87,5267600.0,26024952.0,1060568964.0,1060568964.0,-66707903.21,-26014142.16,207147360.63,425834863.58,218687502.95,-20909125.649999976,1267.98,1183.81,308.25,231.69,1026.26,1186.99,0.0,0.0,,,,,,,电子,消费电子,消费电子零部件及组装,4.89,4.91,4.86
sh603133,*ST碳元,2024-03-06,5.2,5.3,5.08,5.22,5.07,5667700.0,29412629.0,1091946744.0,1091946744.0,-66707903.21,-26014142.16,207147360.63,425834863.58,218687502.95,-20909125.649999976,1429.78,1290.85,479.24,676.68,1032.25,954.91,0.0,18.83,,,,,,,电子,消费电子,消费电子零部件及组装,5.22,5.19,5.2
sh603133,*ST碳元,2024-03-07,5.12,5.17,5.03,5.13,5.22,4193700.0,21432049.0,1073120076.0,1073120076.0,-66707903.21,-26014142.16,207147360.63,425834863.58,218687502.95,-20909125.649999976,1062.38,1009.27,267.63,294.21,813.19,839.73,0.0,0.0,,,,,,,电子,消费电子,消费电子零部件及组装,5.13,5.06,5.11
sh603133,*ST碳元,2024-03-08,5.15,5.29,5.05,5.26,5.13,3825800.0,19829450.0,1100314152.0,1100314152.0,-66707903.21,-26014142.16,207147360.63,425834863.58,218687502.95,-20909125.649999976,1076.01,799.79,297.75,516.31,609.18,666.85,0.0,0.0,,,,,,,电子,消费电子,消费电子零部件及组装,5.08,5.11,5.19
sh603133,*ST碳元,2024-03-11,5.24,5.52,5.24,5.52,5.26,2841500.0,15603569.0,1154702304.0,1154702304.0,-66707903.21,-26014142.16,207147360.63,425834863.58,218687502.95,-20909125.649999976,666.84,570.63,455.98,390.39,437.53,582.23,0.0,17.11,,,,,,,电子,消费电子,消费电子零部件及组装,5.31,5.52,5.52
sh603133,*ST碳元,2024-03-12,5.57,5.8,5.57,5.8,5.52,5266700.0,30312748.0,1213274160.0,1213274160.0,-66707903.21,-26014142.16,207147360.63,425834863.58,218687502.95,-20909125.649999976,1464.47,1197.02,745.86,948.24,729.29,880.27,91.66,5.75,,,,,,,电子,消费电子,消费电子零部件及组装,5.7,5.77,5.8
sh603133,*ST碳元,2024-03-13,5.8,6.06,5.71,5.77,5.8,6445841.0,37810845.0,1206998604.0,1206998604.0,-66707903.21,-26014142.16,207147360.63,425834863.58,218687502.95,-20909125.649999976,1788.19,1928.15,412.3,375.96,1580.6,1458.95,0.0,18.01,,,,,,,电子,消费电子,消费电子零部件及组装,5.72,5.8,5.93
sh603133,*ST碳元,2024-03-14,5.78,5.91,5.7,5.88,5.77,4888000.0,28629267.0,1230008976.0,1230008976.0,-66707903.21,-26014142.16,207147360.63,425834863.58,218687502.95,-20909125.649999976,1487.51,1473.59,359.92,273.7,1015.5,1015.62,0.0,100.02,,,,,,,电子,消费电子,消费电子零部件及组装,5.81,5.81,5.86
sh603133,*ST碳元,2024-03-15,5.86,5.97,5.79,5.95,5.88,2826900.0,16725747.0,1244651940.0,1244651940.0,-66707903.21,-26014142.16,207147360.63,425834863.58,218687502.95,-20909125.649999976,860.31,837.47,210.52,291.71,601.74,543.39,0.0,0.0,,,,,,,电子,消费电子,消费电子零部件及组装,5.83,5.86,5.88
sh603133,*ST碳元,2024-03-18,5.96,5.99,5.87,5.94,5.95,3027000.0,17943956.0,1242560088.0,1242560088.0,-66707903.21,-26014142.16,207147360.63,425834863.58,218687502.95,-20909125.649999976,978.83,845.55,318.26,396.12,497.3,552.72,0.0,0.0,,,,,,,电子,消费电子,消费电子零部件及组装,5.93,5.96,5.92
sh603133,*ST碳元,2024-03-19,5.9,5.93,5.65,5.86,5.94,4770400.0,27720705.0,1225825272.0,1225825272.0,-66707903.21,-26014142.16,207147360.63,425834863.58,218687502.95,-20909125.649999976,1159.83,1242.61,388.25,485.94,952.59,896.02,271.4,147.5,,,,,,,电子,消费电子,消费电子零部件及组装,5.84,5.85,5.71
sh603133,*ST碳元,2024-03-20,5.78,5.89,5.68,5.8,5.86,3948400.0,22842066.0,1213274160.0,1213274160.0,-66707903.21,-26014142.16,207147360.63,425834863.58,218687502.95,-20909125.649999976,1152.95,1008.08,200.14,555.44,713.67,616.47,217.45,104.22,,,,,,,电子,消费电子,消费电子零部件及组装,5.76,5.75,5.81
sh603133,*ST碳元,2024-03-21,5.83,5.9,5.69,5.81,5.8,4407500.0,25517897.0,1215366012.0,1215366012.0,-66707903.21,-26014142.16,207147360.63,425834863.58,218687502.95,-20909125.649999976,1371.06,1253.95,181.1,406.76,999.63,891.08,0.0,0.0,,,,,,,电子,消费电子,消费电子零部件及组装,5.82,5.88,5.89
sh603133,*ST碳元,2024-03-22,5.85,5.87,5.71,5.83,5.81,1970500.0,11392824.0,1219549716.0,1219549716.0,-66707903.21,-26014142.16,207147360.63,425834863.58,218687502.95,-20909125.649999976,529.14,469.42,111.91,146.48,498.23,523.32,0.0,0.06,,,,,,,电子,消费电子,消费电子零部件及组装,5.71,5.75,5.76
sh603133,*ST碳元,2024-03-25,5.91,6.0,5.7,5.81,5.83,3654600.0,21273310.0,1215366012.0,1215366012.0,-66707903.21,-26014142.16,207147360.63,425834863.58,218687502.95,-20909125.649999976,949.17,969.08,368.87,412.43,809.28,745.82,0.0,0.0,,,,,,,电子,消费电子,消费电子零部件及组装,5.94,5.85,5.85
sh603133,*ST碳元,2024-03-26,5.76,5.8,5.53,5.59,5.81,2470787.0,14027304.0,1169345268.0,1169345268.0,-66707903.21,-26014142.16,207147360.63,425834863.58,218687502.95,-20909125.649999976,725.78,610.06,36.5,153.63,640.45,639.04,0.0,0.0,,,,,,,电子,消费电子,消费电子零部件及组装,5.8,5.78,5.69
sh603133,*ST碳元,2024-03-27,5.51,5.55,5.31,5.31,5.59,2281041.0,12181996.0,1110773412.0,1110773412.0,-66707903.21,-26014142.16,207147360.63,425834863.58,218687502.95,-20909125.649999976,497.79,549.65,177.58,367.45,542.83,301.11,0.0,0.0,,,,,,,电子,消费电子,消费电子零部件及组装,5.5,5.31,5.31
sh603133,*ST碳元,2024-03-28,5.04,5.04,5.04,5.04,5.31,828100.0,4173624.0,1054293408.0,1054293408.0,-66707903.21,-26014142.16,207147360.63,425834863.58,218687502.95,-20909125.649999976,112.59,23.64,181.44,79.43,123.33,7.01,0.0,307.29,,,,,,,电子,消费电子,消费电子零部件及组装,5.04,5.04,5.04
sh603133,*ST碳元,2024-03-29,4.79,5.0,4.79,4.79,5.04,9001600.0,43287537.0,1001997108.0,1001997108.0,-66707903.21,-26014142.16,207147360.63,425834863.58,218687502.95,-20909125.649999976,1368.03,1203.34,844.41,1416.89,1261.24,604.71,855.06,1103.81,,,,,,,电子,消费电子,消费电子零部件及组装,4.85,4.95,4.79
sh603133,*ST碳元,2024-04-01,4.8,4.86,4.66,4.79,4.79,5823700.0,27696387.0,1001997108.0,1001997108.0,-66707903.21,-26014142.16,207147360.63,425834863.58,218687502.95,-20909125.649999976,1133.18,1116.36,342.56,487.01,1060.3,1046.76,233.6,119.5,,,,,,,电子,消费电子,消费电子零部件及组装,4.8,4.74,4.79
sh603133,*ST碳元,2024-04-02,4.8,4.85,4.66,4.72,4.79,5525234.0,26281228.0,987354144.0,987354144.0,-66707903.21,-26014142.16,207147360.63,425834863.58,218687502.95,-20909125.649999976,1135.43,1123.09,474.32,294.94,1018.37,1210.09,0.0,0.0,,,,,,,电子,消费电子,消费电子零部件及组装,4.76,4.8,4.79
sh603133,*ST碳元,2024-04-03,4.71,4.73,4.48,4.48,4.72,6750800.0,30591658.0,937149696.0,937149696.0,-66707903.21,-26014142.16,207147360.63,425834863.58,218687502.95,-20909125.649999976,1125.52,1110.43,719.27,1205.02,1214.37,645.11,0.0,98.61,,,,,,,电子,消费电子,消费电子零部件及组装,4.67,4.55,4.48
sh603133,*ST碳元,2024-04-08,4.27,4.35,4.26,4.26,4.48,2598600.0,11084763.0,891128952.0,891128952.0,-66707903.21,-26014142.16,207147360.63,425834863.58,218687502.95,-20909125.649999976,525.92,300.41,92.64,415.48,329.71,218.06,160.21,174.53,,,,,,,电子,消费电子,消费电子零部件及组装,4.26,4.26,4.26
sh603133,*ST碳元,2024-04-09,4.05,4.05,4.05,4.05,4.26,364800.0,1477440.0,847200059.9999999,847200059.9999999,-66707903.21,-26014142.16,207147360.63,425834863.58,218687502.95,-20909125.649999976,19.72,8.18,60.51,137.94,67.51,1.62,0.0,0.0,,,,,,,电子,消费电子,消费电子零部件及组装,4.05,4.05,4.05
sh603133,*ST碳元,2024-04-10,3.85,3.85,3.85,3.85,4.05,415000.0,1597750.0,805363020.0,805363020.0,-66707903.21,-26014142.16,207147360.63,425834863.58,218687502.95,-20909125.649999976,77.89,53.3,0.0,93.09,81.89,13.38,0.0,0.0,,,,,,,电子,消费电子,消费电子零部件及组装,3.85,3.85,3.85
sh603133,*ST碳元,2024-04-11,3.66,3.66,3.66,3.66,3.85,473900.0,1734474.0,765617832.0,765617832.0,-66707903.21,-26014142.16,207147360.63,425834863.58,218687502.95,-20909125.649999976,69.03,95.82,20.86,61.49,83.56,16.14,0.0,0.0,,,,,,,电子,消费电子,消费电子零部件及组装,3.66,3.66,3.66
sh603133,*ST碳元,2024-04-12,3.48,3.48,3.48,3.48,3.66,190300.0,662244.0,727964496.0000001,727964496.0000001,-66707903.21,-26014142.16,207147360.63,425834863.58,218687502.95,-20909125.649999976,17.4,27.25,0.0,38.98,48.82,0.0,0.0,0.0,,,,,,,电子,消费电子,消费电子零部件及组装,3.48,3.48,3.48
sh603133,*ST碳元,2024-04-15,3.31,3.31,3.31,3.31,3.48,537300.0,1778463.0,692403012.0,692403012.0,-66707903.21,-26014142.16,207147360.63,425834863.58,218687502.95,-20909125.649999976,18.37,81.57,73.68,74.41,85.8,21.86,0.0,0.0,,,,,,,电子,消费电子,消费电子零部件及组装,3.31,3.31,3.31
sh603133,*ST碳元,2024-04-16,3.14,3.14,3.14,3.14,3.31,33800.0,106132.0,656841528.0,656841528.0,-66707903.21,-26014142.16,207147360.63,425834863.58,218687502.95,-20909125.649999976,0.0,10.61,0.0,0.0,10.61,0.0,0.0,0.0,,,,,,,电子,消费电子,消费电子零部件及组装,3.14,3.14,3.14
sh603133,*ST碳元,2024-04-17,2.98,2.98,2.98,2.98,3.14,330400.0,984592.0,623371896.0,623371896.0,-66707903.21,-26014142.16,207147360.63,425834863.58,218687502.95,-20909125.649999976,31.68,48.77,32.96,39.68,33.82,10.01,0.0,0.0,,,,,,,电子,消费电子,消费电子零部件及组装,2.98,2.98,2.98
sh603133,*ST碳元,2024-04-18,2.83,2.83,2.83,2.83,2.98,135300.0,382899.0,591994116.0,591994116.0,-66707903.21,-26014142.16,207147360.63,425834863.58,218687502.95,-20909125.649999976,19.61,11.29,0.0,25.55,18.68,1.44,0.0,0.0,,,,,,,电子,消费电子,消费电子零部件及组装,2.83,2.83,2.83
sh603133,*ST碳元,2024-04-19,2.69,2.69,2.69,2.69,2.83,59900.0,161131.0,562708188.0,562708188.0,-66707903.21,-26014142.16,207147360.63,425834863.58,218687502.95,-20909125.649999976,0.0,0.0,0.0,16.11,16.11,0.0,0.0,0.0,,,,,,,电子,消费电子,消费电子零部件及组装,2.69,2.69,2.69
sh603133,*ST碳元,2024-04-22,2.56,2.56,2.56,2.56,2.69,48900.0,125184.0,535514112.0,535514112.0,-66707903.21,-26014142.16,207147360.63,425834863.58,218687502.95,-20909125.649999976,0.0,0.0,0.0,12.49,12.52,0.03,0.0,0.0,,,,,,,电子,消费电子,消费电子零部件及组装,2.56,2.56,2.56
sh603133,*ST碳元,2024-04-23,2.43,2.43,2.43,2.43,2.56,255400.0,620622.0,508320036.0,508320036.0,-66707903.21,-26014142.16,207147360.63,425834863.58,218687502.95,-20909125.649999976,26.51,21.8,0.0,38.22,35.55,2.04,0.0,0.0,,,,,,,电子,消费电子,消费电子零部件及组装,2.43,2.43,2.43
sh603133,*ST碳元,2024-04-24,2.31,2.31,2.31,2.31,2.43,124500.0,287595.0,483217812.0,483217812.0,-66707903.21,-26014142.16,207147360.63,425834863.58,218687502.95,-20909125.649999976,4.62,0.0,0.0,27.67,24.14,1.09,0.0,0.0,,,,,,,电子,消费电子,消费电子零部件及组装,2.31,2.31,2.31
sh603133,*ST碳元,2024-04-25,2.19,2.21,2.19,2.19,2.31,18621000.0,40781353.0,458115588.0,458115588.0,-66707903.21,-26014142.16,207147360.63,425834863.58,218687502.95,-20909125.649999976,1565.26,1023.89,470.52,1884.08,1385.48,574.33,656.87,595.83,,,,,,,电子,消费电子,消费电子零部件及组装,2.19,2.19,2.19
sh603133,*ST碳元,2024-04-26,2.08,2.08,2.08,2.08,2.19,456800.0,950144.0,435105216.0,435105216.0,-66707903.21,-26014142.16,207147360.63,425834863.58,218687502.95,-20909125.649999976,48.76,35.3,0.0,35.11,46.26,24.61,0.0,0.0,,,,,,,电子,消费电子,消费电子零部件及组装,2.08,2.08,2.08
sh603133,*ST碳元,2024-04-29,1.98,1.98,1.98,1.98,2.08,1343600.0,2660328.0,414186696.0,414186696.0,-66707903.21,-26014142.16,207147360.63,425834863.58,218687502.95,-20909125.649999976,112.72,141.29,21.5,82.67,131.81,42.08,0.0,0.0,,,,,,,电子,消费电子,消费电子零部件及组装,1.98,1.98,1.98
sh603133,退市碳元,2024-06-05,0.99,0.99,0.25,0.33,1.98,53219270.0,17029933.0,69031116.0,69031116.0,-65080368.68,-38189789.910000004,195895734.41000003,409269631.61,213373897.2,-8464598.09,907.36,555.58,60.03,1.27,735.6,1146.15,0.0,0.0,,,,,,,电子,消费电子,消费电子零部件及组装,0.41,0.39,0.29
sh603133,退市碳元,2024-06-06,0.3,0.34,0.3,0.33,0.33,25534776.0,8026108.0,69031116.0,69031116.0,-65080368.68,-38189789.910000004,195895734.41000003,409269631.61,213373897.2,-8464598.09,329.34,330.97,59.65,115.66,413.62,355.98,0.0,0.0,,,,,,,电子,消费电子,消费电子零部件及组装,0.32,0.32,0.32
sh603133,退市碳元,2024-06-07,0.32,0.34,0.3,0.32,0.33,20117810.0,6341036.0,66939264.0,66939264.0,-65080368.68,-38189789.910000004,195895734.41000003,409269631.61,213373897.2,-8464598.09,279.62,354.71,0.0,0.0,354.48,279.39,0.0,0.0,,,,,,,电子,消费电子,消费电子零部件及组装,0.31,0.31,0.3
sh603133,退市碳元,2024-06-11,0.32,0.33,0.31,0.32,0.32,14280240.0,4521231.0,66939264.0,66939264.0,-65080368.68,-38189789.910000004,195895734.41000003,409269631.61,213373897.2,-8464598.09,218.0,263.75,22.34,0.0,211.78,188.38,0.0,0.0,,,,,,,电子,消费电子,消费电子零部件及组装,0.31,0.31,0.32
sh603133,退市碳元,2024-06-12,0.32,0.32,0.3,0.3,0.32,12652900.0,3883317.0,62755559.99999999,62755559.99999999,-65080368.68,-38189789.910000004,195895734.41000003,409269631.61,213373897.2,-8464598.09,189.66,245.36,30.0,0.0,168.67,142.97,0.0,0.0,,,,,,,电子,消费电子,消费电子零部件及组装,0.31,0.31,0.31
sh603133,退市碳元,2024-06-13,0.3,0.31,0.29,0.3,0.3,6181300.0,1840155.0,62755559.99999999,62755559.99999999,-65080368.68,-38189789.910000004,195895734.41000003,409269631.61,213373897.2,-8464598.09,50.37,83.09,34.56,23.79,99.08,77.14,0.0,0.0,,,,,,,电子,消费电子,消费电子零部件及组装,0.3,0.3,0.3
sh603133,退市碳元,2024-06-14,0.3,0.31,0.29,0.31,0.3,10442200.0,3156840.0,64847412.00000001,64847412.00000001,-65080368.68,-38189789.910000004,195895734.41000003,409269631.61,213373897.2,-8464598.09,142.28,185.55,53.35,0.0,120.05,130.14,0.0,0.0,,,,,,,电子,消费电子,消费电子零部件及组装,0.3,0.3,0.3
sh603133,退市碳元,2024-06-17,0.31,0.34,0.3,0.32,0.31,15978839.0,5013076.0,66939264.0,66939264.0,-65080368.68,-38189789.910000004,195895734.41000003,409269631.61,213373897.2,-8464598.09,307.16,255.88,84.56,97.54,109.59,147.89,0.0,0.0,,,,,,,电子,消费电子,消费电子零部件及组装,0.3,0.31,0.3
sh603133,退市碳元,2024-06-18,0.32,0.32,0.3,0.32,0.32,9141700.0,2841155.0,66939264.0,66939264.0,-65080368.68,-38189789.910000004,195895734.41000003,409269631.61,213373897.2,-8464598.09,156.89,155.15,0.0,20.56,127.23,108.4,0.0,0.0,,,,,,,电子,消费电子,消费电子零部件及组装,0.32,0.3,0.31
sh603133,退市碳元,2024-06-19,0.31,0.32,0.3,0.31,0.32,5741500.0,1778365.0,64847412.00000001,64847412.00000001,-65080368.68,-38189789.910000004,195895734.41000003,409269631.61,213373897.2,-8464598.09,122.97,107.96,0.0,0.0,54.87,69.88,0.0,0.0,,,,,,,电子,消费电子,消费电子零部件及组装,0.31,0.31,0.31
sh603133,退市碳元,2024-06-20,0.31,0.31,0.3,0.31,0.31,3635700.0,1117907.0,64847412.00000001,64847412.00000001,-65080368.68,-38189789.910000004,195895734.41000003,409269631.61,213373897.2,-8464598.09,23.1,61.44,0.0,0.0,88.69,50.35,0.0,0.0,,,,,,,电子,消费电子,消费电子零部件及组装,0.3,0.3,0.31
sh603133,退市碳元,2024-06-21,0.31,0.32,0.3,0.31,0.31,4394807.0,1354615.0,64847412.00000001,64847412.00000001,-65080368.68,-38189789.910000004,195895734.41000003,409269631.61,213373897.2,-8464598.09,57.05,50.73,0.0,0.0,78.41,84.74,0.0,0.0,,,,,,,电子,消费电子,消费电子零部件及组装,0.3,0.31,0.3
sh603133,退市碳元,2024-06-24,0.31,0.32,0.3,0.31,0.31,9785306.0,3006231.0,64847412.00000001,64847412.00000001,-65080368.68,-38189789.910000004,195895734.41000003,409269631.61,213373897.2,-8464598.09,148.08,161.41,0.0,33.3,152.55,105.91,0.0,0.0,,,,,,,电子,消费电子,消费电子零部件及组装,0.31,0.31,0.31
sh603133,退市碳元,2024-06-25,0.3,0.31,0.28,0.29,0.31,16591400.0,4825152.0,60663708.0,60663708.0,-65080368.68,-38189789.910000004,195895734.41000003,409269631.61,213373897.2,-8464598.09,251.76,238.07,0.0,124.37,230.75,120.08,0.0,0.0,,,,,,,电子,消费电子,消费电子零部件及组装,0.3,0.31,0.3
sh603133,退市碳元,2024-06-26,0.29,0.3,0.27,0.29,0.29,10028700.0,2870849.0,60663708.0,60663708.0,-65080368.68,-38189789.910000004,195895734.41000003,409269631.61,213373897.2,-8464598.09,88.13,95.94,21.72,0.0,177.24,191.15,0.0,0.0,,,,,,,电子,消费电子,消费电子零部件及组装,0.29,0.29,0.29
