本数据策略分享会专用，由邢不行整理，微信：xbx6660
股票代码,股票名称,交易日期,开盘价,最高价,最低价,收盘价,前收盘价,成交量,成交额,流通市值,总市值,净利润TTM,现金流TTM,净资产,总资产,总负债,净利润(当季),中户资金买入额,中户资金卖出额,大户资金买入额,大户资金卖出额,散户资金买入额,散户资金卖出额,机构资金买入额,机构资金卖出额,沪深300成分股,上证50成分股,中证500成分股,中证1000成分股,中证2000成分股,创业板指成分股,新版申万一级行业名称,新版申万二级行业名称,新版申万三级行业名称,09:35收盘价,09:45收盘价,09:55收盘价
sh603313,N恒康,2016-10-13,22.19,22.19,22.19,22.19,15.41,30415.0,674909.0,1331400000.0,5325600000.0,,,682576925.74,1072459406.74,389882481.0,,,,,,,,,,,,,,,,轻工制造,家用轻工,家具,22.19,22.19,22.19
sh603313,恒康家居,2016-10-14,24.41,24.41,24.41,24.41,22.19,15871.0,387411.0,1464600000.0,5858400000.0,,,682576925.74,1072459406.74,389882481.0,,,,,,,,,,,,,,,,轻工制造,家用轻工,家具,24.41,24.41,24.41
sh603313,恒康家居,2016-10-17,26.85,26.85,26.85,26.85,24.41,16481.0,442515.0,1611000000.0,6444000000.0,,,682576925.74,1072459406.74,389882481.0,,,,,,,,,,,,,,,,轻工制造,家用轻工,家具,26.85,26.85,26.85
sh603313,恒康家居,2016-10-18,29.54,29.54,29.54,29.54,26.85,22300.0,658742.0,1772400000.0,7089600000.0,,,682576925.74,1072459406.74,389882481.0,,,,,,,,,,,,,,,,轻工制造,家用轻工,家具,29.54,29.54,29.54
sh603313,恒康家居,2016-10-19,32.49,32.49,32.49,32.49,29.54,57852.0,1879611.0,1949400000.0,7797600000.0,,,682576925.74,1072459406.74,389882481.0,,,,,,,,,,,,,,,,轻工制造,家用轻工,家具,32.49,32.49,32.49
sh603313,恒康家居,2016-10-20,35.74,35.74,35.74,35.74,32.49,301398.0,10771965.0,2144400000.0,8577600000.0,,,682576925.74,1072459406.74,389882481.0,,0.0,0.0,0.0,0.0,0.0,1061.82,1060.4,0.0,,,,,,,轻工制造,家用轻工,家具,35.74,35.74,35.74
sh603313,恒康家居,2016-10-21,39.3,39.31,36.61,39.31,35.74,32271219.0,1227099362.0,2358600000.0,9434400000.0,,,682576925.74,1072459406.74,389882481.0,,36944.18,5999.96,29797.51,708.18,39701.65,114154.11,14556.87,1623.92,,,,,,,轻工制造,家用轻工,家具,36.85,37.3,37.27
sh603313,恒康家居,2016-10-24,38.2,43.12,37.6,41.23,39.31,28354845.0,1121678981.0,2473800000.0,9895200000.0,,,682576925.74,1072459406.74,389882481.0,,39453.2,39296.42,26782.8,24606.16,33811.88,43552.55,12549.54,6157.41,,,,,,,轻工制造,家用轻工,家具,38.54,38.5,37.99
sh603313,恒康家居,2016-10-25,40.31,43.0,40.02,40.7,41.23,24719867.0,1025872229.0,2442000000.0,9768000000.0,,,682576925.74,1072459406.74,389882481.0,,38735.82,40795.94,28063.75,27789.95,28362.97,24719.57,9907.86,10446.43,,,,,,,轻工制造,家用轻工,家具,40.3,40.65,41.58
sh603313,恒康家居,2016-10-26,40.0,42.47,39.81,41.3,40.7,18091820.0,746496670.0,2478000000.0,9912000000.0,,,682576925.74,1072459406.74,389882481.0,,27456.87,29293.2,22378.87,20469.7,18247.53,19986.08,7841.44,6512.95,,,,,,,轻工制造,家用轻工,家具,40.1,40.78,41.0
sh603313,恒康家居,2016-10-27,41.19,45.18,40.78,44.47,41.3,24535722.0,1062876084.0,2668200000.0,10672800000.0,,,682576925.74,1072459406.74,389882481.0,,38890.93,40312.51,32869.64,27973.71,25338.44,28031.42,11422.95,12117.35,,,,,,,轻工制造,家用轻工,家具,41.72,42.14,42.4
sh603313,恒康家居,2016-10-28,43.87,46.7,43.08,44.7,44.47,25032178.0,1120716744.0,2682000000.0,10728000000.0,,,682576925.74,1072459406.74,389882481.0,,43118.87,42230.27,33027.67,34606.82,31125.1,26239.51,8019.8,10764.8,,,,,,,轻工制造,家用轻工,家具,44.31,45.23,43.65
sh603313,恒康家居,2016-10-31,44.2,44.2,41.36,41.75,44.7,14935948.0,634903697.0,2505000000.0,10020000000.0,,,1613326805.7,2041817331.17,428490525.47,61230203.42999999,24969.3,26682.94,16120.24,15651.36,20963.19,15317.45,2876.38,6692.62,,,,,,,轻工制造,家用轻工,家具,43.5,43.22,42.68
sh603313,恒康家居,2016-11-01,41.75,45.93,41.75,45.93,41.75,20488056.0,922853581.0,2755800000.0,11023200000.0,,,1613326805.7,2041817331.17,428490525.47,61230203.42999999,18041.8,34719.78,23446.9,24640.72,10706.84,22843.45,40540.18,11092.97,,,,,,,轻工制造,家用轻工,家具,42.57,43.52,44.05
sh603313,恒康家居,2016-11-02,47.2,50.52,45.5,50.52,45.93,15616305.0,754631304.0,3031200000.0,12124800000.0,,,1613326805.7,2041817331.17,428490525.47,61230203.42999999,19254.14,21618.42,19718.52,23020.53,12840.39,13070.55,25411.63,18095.27,,,,,,,轻工制造,家用轻工,家具,46.47,48.4,47.8
sh603313,恒康家居,2016-11-03,54.9,55.57,51.5,51.98,50.52,23242286.0,1255034580.0,3118800000.0,12475200000.0,,,1613326805.7,2041817331.17,428490525.47,61230203.42999999,26450.95,31671.11,30241.95,29467.89,16334.96,17076.81,55215.81,49912.58,,,,,,,轻工制造,家用轻工,家具,55.57,55.57,55.57
sh603313,恒康家居,2016-11-04,55.24,57.18,53.0,53.96,51.98,34010185.0,1893583621.0,3237600000.0,12950400000.0,,,1613326805.7,2041817331.17,428490525.47,61230203.42999999,41737.3,49630.56,45211.48,53254.99,28816.29,27694.43,78744.67,63397.02,,,,,,,轻工制造,家用轻工,家具,55.24,54.01,54.19
sh603313,恒康家居,2016-11-07,54.3,55.95,51.0,52.68,53.96,24443161.0,1292595599.0,3160800000.0,12643200000.0,,,1613326805.7,2041817331.17,428490525.47,61230203.42999999,45213.46,32682.67,38489.59,39979.01,32653.79,14891.86,17747.63,45206.5,,,,,,,轻工制造,家用轻工,家具,55.0,52.02,52.51
sh603313,恒康家居,2016-11-08,52.05,53.76,50.88,52.69,52.68,19230475.0,1010162289.0,3161400000.0,12645600000.0,,,1613326805.7,2041817331.17,428490525.47,61230203.42999999,34888.12,32695.06,30596.88,34610.12,21880.04,18058.03,17825.5,18986.85,,,,,,,轻工制造,家用轻工,家具,51.3,52.5,53.69
sh603313,恒康家居,2016-11-09,52.08,55.9,51.0,54.98,52.69,27446302.0,1465482127.0,3298800000.0,13195200000.0,,,1613326805.7,2041817331.17,428490525.47,61230203.42999999,54123.49,45046.23,45411.91,47560.39,32323.41,27009.41,18952.43,29954.68,,,,,,,轻工制造,家用轻工,家具,51.89,51.74,52.18
sh603313,恒康家居,2016-11-10,54.61,60.48,53.78,58.97,54.98,30259989.0,1743993439.0,3538200000.0,14152800000.0,,,1613326805.7,2041817331.17,428490525.47,61230203.42999999,59559.87,61444.72,47971.31,57521.41,36755.42,34564.79,35019.57,25065.5,,,,,,,轻工制造,家用轻工,家具,54.68,54.5,54.38
sh603313,恒康家居,2016-11-11,58.0,60.25,55.5,55.87,58.97,27136449.0,1566379241.0,3352200000.0,13408800000.0,,,1613326805.7,2041817331.17,428490525.47,61230203.42999999,60073.77,50345.43,40793.93,50681.73,50005.66,25102.7,9000.85,30408.95,,,,,,,轻工制造,家用轻工,家具,58.8,58.2,59.34
sh603313,恒康家居,2016-11-14,54.18,54.81,51.68,52.5,55.87,15492235.0,824292522.0,3150000000.0,12600000000.0,,,1613326805.7,2041817331.17,428490525.47,61230203.42999999,29475.79,32672.72,21496.05,24402.79,28720.33,16986.76,4248.66,9186.98,,,,,,,轻工制造,家用轻工,家具,54.41,53.81,53.67
sh603313,恒康家居,2016-11-15,52.52,53.6,52.11,52.82,52.5,8838471.0,466089094.0,3169200000.0,12676800000.0,,,1613326805.7,2041817331.17,428490525.47,61230203.42999999,20076.11,17351.57,12333.95,14361.21,13951.43,10247.55,1064.07,4958.97,,,,,,,轻工制造,家用轻工,家具,53.3,53.16,52.34
sh603313,恒康家居,2016-11-16,52.7,52.76,50.0,50.18,52.82,11848739.0,602218869.0,3010800000.0,12043200000.0,,,1613326805.7,2041817331.17,428490525.47,61230203.42999999,22424.13,23336.66,14719.47,18743.88,21097.14,11071.51,2898.17,7538.41,,,,,,,轻工制造,家用轻工,家具,52.2,51.71,51.2
sh603313,恒康家居,2016-11-17,50.04,51.18,49.36,50.36,50.18,7415440.0,375031780.0,3021600000.0,12086400000.0,,,1613326805.7,2041817331.17,428490525.47,61230203.42999999,15834.42,14363.15,10048.87,10884.12,10269.74,9464.82,1788.86,3071.12,,,,,,,轻工制造,家用轻工,家具,49.9,50.56,51.0
sh603313,恒康家居,2016-11-18,50.28,52.69,50.0,51.16,50.36,9447731.0,486221977.0,3069600000.0,12278400000.0,,,1613326805.7,2041817331.17,428490525.47,61230203.42999999,19940.48,19611.42,12094.94,13449.91,14091.73,13511.63,2811.79,2028.26,,,,,,,轻工制造,家用轻工,家具,50.41,50.82,51.32
sh603313,恒康家居,2016-11-21,50.8,51.98,49.51,51.59,51.16,9948352.0,504887679.0,3095400000.0,12381600000.0,,,1613326805.7,2041817331.17,428490525.47,61230203.42999999,20915.84,20169.32,12586.66,14090.05,16219.76,13862.5,1822.57,3119.9,,,,,,,轻工制造,家用轻工,家具,50.8,50.26,50.08
sh603313,恒康家居,2016-11-22,51.49,52.48,51.12,51.7,51.59,8990361.0,465420250.0,3102000000.0,12408000000.0,,,1613326805.7,2041817331.17,428490525.47,61230203.42999999,19151.12,18875.2,12475.03,14985.21,13724.9,11083.47,2042.47,2317.2,,,,,,,轻工制造,家用轻工,家具,51.58,51.88,52.12
sh603313,恒康家居,2016-11-23,51.5,52.5,50.01,50.26,51.7,8529507.0,438198538.0,3015600000.0,12062400000.0,,,1613326805.7,2041817331.17,428490525.47,61230203.42999999,17614.29,17803.91,9612.42,14823.11,14785.3,9833.4,2440.66,1621.88,,,,,,,轻工制造,家用轻工,家具,51.13,51.81,51.83
sh603313,恒康家居,2016-11-24,49.82,50.24,47.46,47.94,50.26,9603485.0,468463596.0,2876400000.0,11505600000.0,,,1613326805.7,2041817331.17,428490525.47,61230203.42999999,18515.26,19397.5,7793.19,13796.64,19722.43,9648.74,1145.45,3630.88,,,,,,,轻工制造,家用轻工,家具,49.93,49.94,50.0
sh603313,恒康家居,2016-11-25,47.5,48.68,46.33,48.45,47.94,7057205.0,336790013.0,2907000000.0,11628000000.0,,,1613326805.7,2041817331.17,428490525.47,61230203.42999999,13885.52,14855.03,8626.06,7462.77,10282.14,9548.42,774.53,1803.07,,,,,,,轻工制造,家用轻工,家具,48.27,47.92,47.8
sh603313,恒康家居,2016-11-28,48.4,48.43,46.8,47.0,48.45,5101448.0,242972228.0,2820000000.0,11280000000.0,,,1613326805.7,2041817331.17,428490525.47,61230203.42999999,9582.23,10132.56,4867.61,7953.13,9306.67,5183.88,593.17,762.57,,,,,,,轻工制造,家用轻工,家具,48.08,47.78,47.84
sh603313,恒康家居,2016-11-29,47.0,47.79,45.55,45.65,47.0,5631911.0,261793829.0,2739000000.0,10956000000.0,,,1613326805.7,2041817331.17,428490525.47,61230203.42999999,10159.23,10707.85,5213.63,8264.17,10138.96,6022.07,389.17,497.9,,,,,,,轻工制造,家用轻工,家具,47.4,47.53,47.4
sh603313,恒康家居,2016-11-30,45.5,45.9,45.02,45.38,45.65,4268516.0,193556458.0,2722800000.0,10891200000.0,,,1613326805.7,2041817331.17,428490525.47,61230203.42999999,7971.32,8522.59,5249.07,5276.86,6208.48,4716.83,107.14,748.19,,,,,,,轻工制造,家用轻工,家具,45.65,45.28,45.5
sh603313,恒康家居,2016-12-01,45.72,48.48,45.36,48.22,45.38,9064085.0,424284191.0,2893200000.0,11572800000.0,,,1613326805.7,2041817331.17,428490525.47,61230203.42999999,17315.85,16010.11,13125.9,11992.45,10636.23,13866.07,1352.83,801.27,,,,,,,轻工制造,家用轻工,家具,45.41,45.67,45.62
sh603313,恒康家居,2016-12-02,47.63,48.92,47.06,47.35,48.22,9232712.0,443213487.0,2841000000.0,11364000000.0,,,1613326805.7,2041817331.17,428490525.47,61230203.42999999,17660.21,18955.31,11648.49,13151.02,14270.98,12210.65,1900.56,611.04,,,,,,,轻工制造,家用轻工,家具,48.1,47.99,47.57
sh603313,恒康家居,2016-12-05,46.07,47.0,45.11,46.19,47.35,4810077.0,222286306.0,2771400000.0,11085600000.0,,,1613326805.7,2041817331.17,428490525.47,61230203.42999999,9777.25,10043.35,4743.66,6589.86,7540.88,5842.38,440.46,0.0,,,,,,,轻工制造,家用轻工,家具,45.7,46.27,46.72
sh603313,恒康家居,2016-12-06,46.48,47.96,46.48,47.4,46.19,6022458.0,285238557.0,2844000000.0,11376000000.0,,,1613326805.7,2041817331.17,428490525.47,61230203.42999999,10745.77,11357.41,8769.61,7546.16,6930.7,8726.09,2392.73,1377.85,,,,,,,轻工制造,家用轻工,家具,47.1,47.41,47.5
sh603313,恒康家居,2016-12-07,47.4,48.1,46.46,47.8,47.4,5691848.0,269145910.0,2868000000.0,11472000000.0,,,1613326805.7,2041817331.17,428490525.47,61230203.42999999,11222.0,10687.38,6151.77,8399.59,7994.93,7163.86,2000.33,1018.64,,,,,,,轻工制造,家用轻工,家具,47.2,46.68,46.81
sh603313,恒康家居,2016-12-08,47.63,47.83,46.0,46.07,47.8,5599036.0,262030718.0,2764200000.0,11056800000.0,,,1613326805.7,2041817331.17,428490525.47,61230203.42999999,10619.17,10451.57,4413.52,7297.48,10638.97,5068.78,404.25,3113.27,,,,,,,轻工制造,家用轻工,家具,47.6,47.49,47.32
sh603313,恒康家居,2016-12-09,45.9,46.58,45.51,45.83,46.07,3675999.0,168484859.0,2749800000.0,10999200000.0,,,1613326805.7,2041817331.17,428490525.47,61230203.42999999,7068.69,7401.92,4264.02,4864.2,5414.79,4415.27,212.4,128.84,,,,,,,轻工制造,家用轻工,家具,46.25,46.43,45.89
sh603313,恒康家居,2016-12-12,45.8,46.18,41.25,41.29,45.83,6853715.0,296350267.0,2477400000.0,9909600000.0,,,1613326805.7,2041817331.17,428490525.47,61230203.42999999,12090.23,12021.18,6215.38,9824.5,10586.49,5936.93,462.64,1200.94,,,,,,,轻工制造,家用轻工,家具,45.65,46.07,45.58
sh603313,恒康家居,2016-12-13,40.5,41.98,40.18,41.57,41.29,5148672.0,211489855.0,2494200000.0,9976800000.0,,,1613326805.7,2041817331.17,428490525.47,61230203.42999999,8560.24,9058.15,5337.7,5028.6,6091.38,5965.2,1052.08,1104.39,,,,,,,轻工制造,家用轻工,家具,40.93,40.61,40.93
sh603313,恒康家居,2016-12-14,41.28,41.7,39.85,40.27,41.57,5061153.0,205457100.0,2416200000.0,9664800000.0,,,1613326805.7,2041817331.17,428490525.47,61230203.42999999,8543.28,8201.07,4824.23,7213.8,6490.16,4697.67,940.14,369.18,,,,,,,轻工制造,家用轻工,家具,41.37,41.38,41.15
sh603313,恒康家居,2016-12-15,40.0,41.45,39.81,40.77,40.27,4352291.0,177498279.0,2446200000.0,9784800000.0,,,1613326805.7,2041817331.17,428490525.47,61230203.42999999,7503.26,7957.33,4804.3,4685.42,4956.38,5252.05,499.36,0.0,,,,,,,轻工制造,家用轻工,家具,40.51,40.53,40.54
sh603313,恒康家居,2016-12-16,40.79,42.59,40.45,41.96,40.77,6132463.0,255152191.0,2517600000.0,10070400000.0,,,1613326805.7,2041817331.17,428490525.47,61230203.42999999,10387.57,9632.24,7425.66,6739.95,6816.13,7112.49,678.73,1731.87,,,,,,,轻工制造,家用轻工,家具,40.78,40.81,40.97
sh603313,恒康家居,2016-12-19,41.8,41.89,40.7,41.08,41.96,3820268.0,157087436.0,2464800000.0,9859200000.0,,,1613326805.7,2041817331.17,428490525.47,61230203.42999999,6828.36,6885.12,3192.06,5063.73,5805.69,3560.94,101.69,252.03,,,,,,,轻工制造,家用轻工,家具,41.56,41.22,41.2
sh603313,恒康家居,2016-12-20,40.7,41.75,40.66,41.24,41.08,3512037.0,144838433.0,2474400000.0,9897600000.0,,,1613326805.7,2041817331.17,428490525.47,61230203.42999999,6018.87,6311.06,3534.12,3465.63,4043.72,4334.22,999.29,572.07,,,,,,,轻工制造,家用轻工,家具,41.05,40.79,41.28
sh603313,恒康家居,2016-12-21,41.17,41.88,40.85,41.69,41.24,4165912.0,172269994.0,2501400000.0,10005600000.0,,,1613326805.7,2041817331.17,428490525.47,61230203.42999999,6644.6,7586.14,5567.95,4196.4,4695.38,5168.14,248.94,448.72,,,,,,,轻工制造,家用轻工,家具,41.39,41.44,41.45
sh603313,恒康家居,2016-12-22,41.72,43.4,41.3,42.61,41.69,7451506.0,316033386.0,2556600000.0,10226400000.0,,,1613326805.7,2041817331.17,428490525.47,61230203.42999999,14280.0,12359.85,8057.97,8113.75,8524.46,9711.0,646.51,1356.68,,,,,,,轻工制造,家用轻工,家具,41.53,41.76,41.66
sh603313,恒康家居,2016-12-23,42.2,42.5,40.5,40.63,42.61,5141322.0,212935381.0,2437800000.0,9751200000.0,,,1613326805.7,2041817331.17,428490525.47,61230203.42999999,8731.54,8366.13,3715.34,7318.05,8543.24,4628.39,607.4,814.56,,,,,,,轻工制造,家用轻工,家具,42.25,41.95,41.86
sh603313,恒康家居,2016-12-26,39.91,41.2,38.2,40.99,40.63,4547153.0,180928228.0,2459400000.0,9837600000.0,,,1613326805.7,2041817331.17,428490525.47,61230203.42999999,7235.28,7410.6,4057.72,4715.76,6318.28,5869.23,343.56,0.0,,,,,,,轻工制造,家用轻工,家具,39.66,38.97,39.17
sh603313,恒康家居,2016-12-27,40.88,41.3,40.17,40.22,40.99,2997705.0,121890826.0,2413200000.0,9652800000.0,,,1613326805.7,2041817331.17,428490525.47,61230203.42999999,4814.71,5678.14,2950.68,3235.71,4461.57,3222.6,0.0,121.5,,,,,,,轻工制造,家用轻工,家具,40.97,41.13,40.88
sh603313,恒康家居,2016-12-28,40.25,40.6,39.66,39.79,40.22,2211811.0,88864283.0,2387400000.0,9549600000.0,,,1613326805.7,2041817331.17,428490525.47,61230203.42999999,3639.5,3955.76,1925.42,2029.53,3096.41,2511.64,306.88,383.88,,,,,,,轻工制造,家用轻工,家具,40.34,40.4,40.5
sh603313,恒康家居,2016-12-29,39.8,40.2,39.25,39.31,39.79,2560033.0,101777855.0,2358600000.0,9434400000.0,,,1613326805.7,2041817331.17,428490525.47,61230203.42999999,2798.65,3741.49,1832.65,2921.16,3602.88,3071.9,1980.38,539.07,,,,,,,轻工制造,家用轻工,家具,39.74,39.62,39.79
sh603313,恒康家居,2016-12-30,39.23,39.65,38.1,38.39,39.31,3499917.0,135680198.0,2303400000.0,9213600000.0,,,1613326805.7,2041817331.17,428490525.47,61230203.42999999,4807.28,4885.82,2140.91,4410.09,6531.11,3257.4,116.34,856.38,,,,,,,轻工制造,家用轻工,家具,39.5,39.63,39.31
sh603313,恒康家居,2017-01-03,38.49,39.12,38.44,38.99,38.39,2959636.0,114871085.0,2339400000.0,9357600000.0,,,1613326805.7,2041817331.17,428490525.47,61230203.42999999,4391.21,4571.99,3277.53,1897.81,3641.22,4500.3,332.05,703.75,,,,,,,轻工制造,家用轻工,家具,38.56,38.61,38.91
sh603313,恒康家居,2017-01-04,39.13,39.45,38.54,39.14,38.99,3460609.0,135059149.0,2348400000.0,9393600000.0,,,1613326805.7,2041817331.17,428490525.47,61230203.42999999,5329.76,5367.2,2843.38,3795.27,4999.55,4122.44,288.47,244.55,,,,,,,轻工制造,家用轻工,家具,38.91,38.85,38.69
sh603313,恒康家居,2017-01-05,39.8,40.97,39.3,39.38,39.14,4972114.0,199207371.0,2362800000.0,9451200000.0,,,1613326805.7,2041817331.17,428490525.47,61230203.42999999,7573.56,7823.77,4621.14,5037.57,7237.71,6113.14,653.24,873.04,,,,,,,轻工制造,家用轻工,家具,40.19,40.46,40.22
sh603313,恒康家居,2017-01-06,39.01,39.31,36.8,37.17,39.38,5246136.0,199504975.0,2230200000.0,8920800000.0,,,1613326805.7,2041817331.17,428490525.47,61230203.42999999,7380.41,8382.26,1896.3,5504.03,10331.11,4712.17,232.17,980.79,,,,,,,轻工制造,家用轻工,家具,38.92,38.65,38.55
sh603313,恒康家居,2017-01-09,36.81,37.38,36.6,36.97,37.17,2465551.0,91143142.0,2218200000.0,8872800000.0,,,1613326805.7,2041817331.17,428490525.47,61230203.42999999,4357.94,4240.39,1086.2,1930.04,3723.18,2871.9,0.0,0.0,,,,,,,轻工制造,家用轻工,家具,36.97,37.0,36.98
sh603313,恒康家居,2017-01-10,37.0,37.58,36.81,36.97,36.97,2523447.0,93927605.0,2218200000.0,8872800000.0,,,1613326805.7,2041817331.17,428490525.47,61230203.42999999,3462.34,4006.41,2318.51,1663.44,3457.61,3263.81,256.6,405.62,,,,,,,轻工制造,家用轻工,家具,37.2,37.27,37.24
sh603313,恒康家居,2017-01-11,37.0,37.29,36.5,36.56,36.97,2186097.0,80523029.0,2193600000.0,8774400000.0,,,1613326805.7,2041817331.17,428490525.47,61230203.42999999,2833.97,3522.84,1323.29,1556.3,3634.73,2730.06,258.04,107.65,,,,,,,轻工制造,家用轻工,家具,37.11,36.8,37.05
sh603313,恒康家居,2017-01-12,36.76,37.75,36.56,37.04,36.56,3694555.0,137067017.0,2222400000.0,8889600000.0,,,1613326805.7,2041817331.17,428490525.47,61230203.42999999,4644.0,4609.33,4193.05,2641.76,4319.22,4839.24,622.65,1445.68,,,,,,,轻工制造,家用轻工,家具,36.75,36.9,37.6
sh603313,梦百合,2017-01-13,36.94,36.94,33.85,34.37,37.04,4711218.0,166389152.0,2062200000.0,8248800000.0,,,1613326805.7,2041817331.17,428490525.47,61230203.42999999,5978.72,7237.56,2734.44,3612.65,7556.5,4916.91,429.05,482.7,,,,,,,轻工制造,家用轻工,家具,36.71,36.21,36.21
sh603313,梦百合,2017-01-16,33.38,33.9,30.93,31.55,34.37,4718052.0,152521396.0,1893000000.0,7572000000.0,,,1613326805.7,2041817331.17,428490525.47,61230203.42999999,6149.62,6244.43,2741.23,3386.99,5914.63,4737.32,376.42,654.85,,,,,,,轻工制造,家用轻工,家具,33.55,32.97,33.38
sh603313,梦百合,2017-01-17,31.2,33.46,30.85,32.9,31.55,4940708.0,158601157.0,1974000000.0,7896000000.0,,,1613326805.7,2041817331.17,428490525.47,61230203.42999999,5634.88,5686.26,5014.46,3307.44,4602.54,6013.42,341.81,563.5,,,,,,,轻工制造,家用轻工,家具,31.56,31.6,31.34
sh603313,梦百合,2017-01-18,32.5,32.5,31.6,31.74,32.9,2862015.0,91869084.0,1904400000.0,7617600000.0,,,1613326805.7,2041817331.17,428490525.47,61230203.42999999,2932.05,3415.37,1158.7,2150.45,3883.95,2171.57,0.0,220.97,,,,,,,轻工制造,家用轻工,家具,32.3,32.38,32.3
sh603313,梦百合,2017-01-19,31.5,32.95,30.98,32.14,31.74,3795101.0,121935371.0,1928400000.0,7713600000.0,,,1613326805.7,2041817331.17,428490525.47,61230203.42999999,4684.45,4586.83,3006.04,2579.77,3682.63,4652.13,667.48,326.18,,,,,,,轻工制造,家用轻工,家具,31.32,31.22,31.28
sh603313,梦百合,2017-01-20,31.99,33.13,31.8,32.88,32.14,3471893.0,113837264.0,1972800000.0,7891200000.0,,,1613326805.7,2041817331.17,428490525.47,61230203.42999999,4810.61,4340.58,3094.79,2319.97,2845.08,4472.5,637.27,120.23,,,,,,,轻工制造,家用轻工,家具,32.18,32.4,32.4
sh603313,梦百合,2017-01-23,32.88,33.49,32.77,32.98,32.88,2624574.0,87094796.0,1978800000.0,7915200000.0,,,1613326805.7,2041817331.17,428490525.47,61230203.42999999,3410.92,3252.18,2265.07,2395.67,2891.42,2565.41,102.41,379.17,,,,,,,轻工制造,家用轻工,家具,32.82,33.14,33.25
sh603313,梦百合,2017-01-24,32.98,33.29,32.05,32.2,32.98,2066312.0,67050455.0,1932000000.0,7728000000.0,,,1613326805.7,2041817331.17,428490525.47,61230203.42999999,2183.71,2210.82,810.78,2025.51,2806.82,1660.23,197.68,120.94,,,,,,,轻工制造,家用轻工,家具,32.9,32.73,32.52
sh603313,梦百合,2017-01-25,32.01,32.88,32.01,32.85,32.2,2165506.0,70688203.0,1971000000.0,7884000000.0,,,1613326805.7,2041817331.17,428490525.47,61230203.42999999,2577.17,2503.37,2120.72,1387.91,1682.47,2645.87,105.74,0.0,,,,,,,轻工制造,家用轻工,家具,32.22,32.46,32.63
sh603313,梦百合,2017-01-26,32.99,33.33,32.75,33.19,32.85,1693702.0,55977796.0,1991400000.0,7965600000.0,,,1613326805.7,2041817331.17,428490525.47,61230203.42999999,2022.04,2310.29,1520.86,848.92,2039.98,2237.87,0.0,247.8,,,,,,,轻工制造,家用轻工,家具,33.1,33.25,33.21
sh603313,梦百合,2017-02-03,33.37,33.37,32.65,32.86,33.19,1270498.0,41792830.0,1971600000.0,7886400000.0,,,1613326805.7,2041817331.17,428490525.47,61230203.42999999,1490.21,1624.86,639.11,1002.28,1961.56,1393.76,0.0,0.0,,,,,,,轻工制造,家用轻工,家具,33.07,32.88,32.99
sh603313,梦百合,2017-02-06,32.98,34.17,32.98,34.1,32.86,4062968.0,136640513.0,2046000000.0,8184000000.0,,,1613326805.7,2041817331.17,428490525.47,61230203.42999999,5362.24,4881.18,3624.83,2430.69,3676.72,5504.56,782.56,869.93,,,,,,,轻工制造,家用轻工,家具,33.1,33.29,33.36
sh603313,梦百合,2017-02-07,33.99,33.99,33.3,33.68,34.1,2704230.0,90966201.0,2020800000.0,8083200000.0,,,1613326805.7,2041817331.17,428490525.47,61230203.42999999,3534.98,3935.5,1122.65,2709.67,3879.29,2387.06,503.29,0.0,,,,,,,轻工制造,家用轻工,家具,33.87,33.82,33.78
sh603313,梦百合,2017-02-08,33.68,34.24,33.31,34.09,33.68,3234262.0,109543704.0,2045400000.0,8181600000.0,,,1613326805.7,2041817331.17,428490525.47,61230203.42999999,4378.39,4668.79,2705.57,1921.42,3415.29,4104.11,203.67,128.44,,,,,,,轻工制造,家用轻工,家具,33.39,33.54,33.62
sh603313,梦百合,2017-02-09,34.01,34.85,33.91,34.23,34.09,3530600.0,121458641.0,2053800000.0,8215200000.0,,,1613326805.7,2041817331.17,428490525.47,61230203.42999999,5531.34,4764.56,2736.33,2385.24,3619.2,3912.82,432.44,1195.04,,,,,,,轻工制造,家用轻工,家具,33.98,34.39,34.28
sh603313,梦百合,2017-02-10,34.05,34.4,33.7,33.74,34.23,2556525.0,86754546.0,2024400000.0,8097600000.0,,,1613326805.7,2041817331.17,428490525.47,61230203.42999999,3091.6,3478.77,1807.75,2444.81,3754.98,2385.03,101.64,258.01,,,,,,,轻工制造,家用轻工,家具,34.17,34.27,34.15
sh603313,梦百合,2017-02-13,33.43,35.15,33.4,34.92,33.74,4717557.0,162957316.0,2095200000.0,8380800000.0,,,1613326805.7,2041817331.17,428490525.47,61230203.42999999,5235.16,6119.61,5097.74,2984.41,4068.31,6356.59,1494.02,695.37,,,,,,,轻工制造,家用轻工,家具,33.5,33.61,33.94
sh603313,梦百合,2017-02-14,35.0,35.0,34.42,34.6,34.92,2483440.0,85963831.0,2076000000.0,8304000000.0,,,1613326805.7,2041817331.17,428490525.47,61230203.42999999,3765.58,3332.18,1102.99,2078.23,3742.16,2645.57,0.0,476.19,,,,,,,轻工制造,家用轻工,家具,34.8,34.61,34.6
sh603313,梦百合,2017-02-15,34.61,35.3,34.36,34.39,34.6,3930815.0,137056636.0,2063400000.0,8253600000.0,,,1613326805.7,2041817331.17,428490525.47,61230203.42999999,5619.66,5999.15,2847.53,2909.09,5036.79,4406.22,336.68,543.42,,,,,,,轻工制造,家用轻工,家具,34.52,34.68,34.87
sh603313,梦百合,2017-02-16,34.18,34.38,33.68,34.06,34.39,3014655.0,102463371.0,2043600000.0,8174400000.0,,,1613326805.7,2041817331.17,428490525.47,61230203.42999999,3701.63,4370.74,1919.21,2883.26,4692.5,2559.09,0.0,520.41,,,,,,,轻工制造,家用轻工,家具,34.23,34.07,34.09
sh603313,梦百合,2017-02-17,34.07,35.2,34.02,34.24,34.06,3951324.0,136775497.0,2054400000.0,8217600000.0,,,1613326805.7,2041817331.17,428490525.47,61230203.42999999,5458.1,5538.85,2523.87,2221.42,4851.94,5473.88,800.86,205.26,,,,,,,轻工制造,家用轻工,家具,34.08,34.51,34.75
sh603313,梦百合,2017-02-20,33.94,34.0,32.77,33.42,34.24,4095831.0,136316162.0,2005200000.0,8020800000.0,,,1613326805.7,2041817331.17,428490525.47,61230203.42999999,4447.2,4439.57,2277.18,4872.78,6573.17,3221.05,505.2,971.2,,,,,,,轻工制造,家用轻工,家具,33.92,33.99,33.83
sh603313,梦百合,2017-02-21,33.6,35.25,33.6,34.92,33.42,5808699.0,200747286.0,2095200000.0,8380800000.0,,,1613326805.7,2041817331.17,428490525.47,61230203.42999999,7108.46,6819.31,5198.11,3159.81,5541.89,7924.88,1320.96,1196.33,,,,,,,轻工制造,家用轻工,家具,33.65,33.82,33.98
sh603313,梦百合,2017-02-22,34.9,35.08,34.2,34.65,34.92,3823901.0,132189231.0,2079000000.0,8316000000.0,,,1613326805.7,2041817331.17,428490525.47,61230203.42999999,4635.29,4471.11,2140.59,3710.63,5165.8,3226.0,516.17,998.04,,,,,,,轻工制造,家用轻工,家具,34.7,34.82,34.61
sh603313,梦百合,2017-02-23,34.5,35.2,34.1,34.85,34.65,4453252.0,154584132.0,2091000000.0,8364000000.0,,,1613326805.7,2041817331.17,428490525.47,61230203.42999999,6991.11,5796.89,2665.47,3510.34,5504.89,5182.73,241.67,806.15,,,,,,,轻工制造,家用轻工,家具,34.53,34.59,34.33
sh603313,梦百合,2017-02-24,34.8,36.5,34.58,35.87,34.85,7245666.0,258583396.0,2152200000.0,8608800000.0,,,1613326805.7,2041817331.17,428490525.47,61230203.42999999,9696.44,9450.37,6845.78,4735.1,7863.49,10415.52,1117.8,981.61,,,,,,,轻工制造,家用轻工,家具,34.67,35.07,35.01
sh603313,梦百合,2017-02-27,35.88,36.3,35.23,35.64,35.87,4918793.0,176007932.0,2138400000.0,8553600000.0,,,1613326805.7,2041817331.17,428490525.47,61230203.42999999,7085.65,6317.46,3416.28,4950.71,7449.84,5575.65,0.0,912.69,,,,,,,轻工制造,家用轻工,家具,35.62,35.67,35.99
sh603313,梦百合,2017-02-28,35.5,35.8,35.03,35.73,35.64,3232375.0,114488217.0,2143800000.0,8575200000.0,,,1613326805.7,2041817331.17,428490525.47,61230203.42999999,4635.32,3930.35,1813.29,2950.22,4812.18,3398.69,207.97,1146.71,,,,,,,轻工制造,家用轻工,家具,35.7,35.56,35.61
sh603313,梦百合,2017-03-01,35.7,36.45,35.46,35.6,35.73,3787009.0,136103187.0,2136000000.0,8544000000.0,,,1613326805.7,2041817331.17,428490525.47,61230203.42999999,4862.86,5662.17,3331.08,2762.25,5278.62,4833.82,364.78,353.41,,,,,,,轻工制造,家用轻工,家具,35.57,35.82,35.7
sh603313,梦百合,2017-03-02,35.62,35.86,35.05,35.72,35.6,3671819.0,130169490.0,2143200000.0,8572800000.0,,,1613326805.7,2041817331.17,428490525.47,61230203.42999999,4655.27,5190.42,2827.79,3163.24,5139.62,4192.95,344.48,653.93,,,,,,,轻工制造,家用轻工,家具,35.43,35.51,35.39
sh603313,梦百合,2017-03-03,35.6,36.19,35.23,35.99,35.72,3642951.0,130180297.0,2159400000.0,8637600000.0,,,1613326805.7,2041817331.17,428490525.47,61230203.42999999,5617.58,5187.42,2719.11,2810.11,4501.45,4772.01,0.0,145.08,,,,,,,轻工制造,家用轻工,家具,35.45,35.4,35.4
sh603313,梦百合,2017-03-06,35.83,36.98,35.83,36.96,35.99,5440977.0,199396476.0,2217600000.0,8870400000.0,,,1613326805.7,2041817331.17,428490525.47,61230203.42999999,7593.96,7596.27,5103.98,3998.24,5888.57,7618.11,919.0,505.91,,,,,,,轻工制造,家用轻工,家具,36.13,36.23,36.11
sh603313,梦百合,2017-03-07,37.05,37.34,36.34,37.29,36.96,5262811.0,193571892.0,2237400000.0,8949600000.0,,,1613326805.7,2041817331.17,428490525.47,61230203.42999999,7349.59,7594.84,3854.04,4902.08,7538.82,5685.55,279.03,847.9,,,,,,,轻工制造,家用轻工,家具,36.82,36.85,36.61
sh603313,梦百合,2017-03-08,37.15,38.4,37.0,38.13,37.29,7050590.0,267187765.0,2287800000.0,9151200000.0,,,1613326805.7,2041817331.17,428490525.47,61230203.42999999,10878.54,10434.24,5213.56,5195.19,8735.52,9488.57,1175.28,1291.2,,,,,,,轻工制造,家用轻工,家具,37.25,37.68,38.15
sh603313,梦百合,2017-03-09,37.86,38.39,37.2,37.58,38.13,5001544.0,188403242.0,2254800000.0,9019200000.0,,,1613326805.7,2041817331.17,428490525.47,61230203.42999999,7653.41,7547.03,3380.47,5193.07,7930.74,5525.54,116.8,671.48,,,,,,,轻工制造,家用轻工,家具,38.06,38.1,37.95
sh603313,梦百合,2017-03-10,37.8,37.8,36.81,37.26,37.58,4410389.0,163969728.0,2235600000.0,8942400000.0,,,1613326805.7,2041817331.17,428490525.47,61230203.42999999,6071.02,6975.89,3182.25,3472.24,6800.7,3919.46,336.08,1967.22,,,,,,,轻工制造,家用轻工,家具,37.68,37.58,37.56
sh603313,梦百合,2017-03-13,37.06,37.57,36.5,37.43,37.26,3977888.0,147702625.0,2245800000.0,8983200000.0,,,1613326805.7,2041817331.17,428490525.47,61230203.42999999,6184.47,5829.54,3249.49,4218.77,5053.4,4589.85,216.98,212.06,,,,,,,轻工制造,家用轻工,家具,36.76,36.58,36.68
sh603313,梦百合,2017-03-14,37.45,38.1,37.24,37.28,37.43,3997694.0,150395004.0,2236800000.0,8947200000.0,,,1613326805.7,2041817331.17,428490525.47,61230203.42999999,5795.01,6283.97,3185.91,3933.74,5849.1,4651.07,349.24,112.11,,,,,,,轻工制造,家用轻工,家具,37.4,37.63,37.59
sh603313,梦百合,2017-03-15,37.09,37.19,36.63,36.98,37.28,3406533.0,125744682.0,2218800000.0,8875200000.0,,,1613326805.7,2041817331.17,428490525.47,61230203.42999999,5113.95,4481.79,2974.18,3800.72,4499.0,3629.86,110.33,577.93,,,,,,,轻工制造,家用轻工,家具,36.91,36.74,36.92
sh603313,梦百合,2017-03-16,37.05,38.05,37.05,37.81,36.98,5721306.0,215561236.0,2268600000.0,9074400000.0,,,1613326805.7,2041817331.17,428490525.47,61230203.42999999,8007.42,7965.78,5413.5,5606.0,6241.88,7113.81,1997.06,1021.73,,,,,,,轻工制造,家用轻工,家具,37.27,37.44,37.28
sh603313,梦百合,2017-03-17,37.83,38.2,36.48,36.65,37.81,6273067.0,234646272.0,2199000000.0,8796000000.0,,,1613326805.7,2041817331.17,428490525.47,61230203.42999999,9192.71,8753.31,4020.74,7390.69,9635.87,4956.89,361.09,1803.17,,,,,,,轻工制造,家用轻工,家具,37.82,37.8,37.94
sh603313,梦百合,2017-03-20,36.6,37.05,36.19,37.02,36.65,3387637.0,124109588.0,2221200000.0,8884800000.0,,,1613326805.7,2041817331.17,428490525.47,61230203.42999999,5317.65,4699.53,2325.48,3447.59,4409.56,3776.41,109.86,274.89,,,,,,,轻工制造,家用轻工,家具,36.37,36.37,36.26
sh603313,梦百合,2017-03-21,37.01,37.37,36.81,37.35,37.02,3529015.0,131179025.0,2241000000.0,8964000000.0,,,1613326805.7,2041817331.17,428490525.47,61230203.42999999,5501.96,5501.71,3329.31,2893.96,3896.87,4595.33,263.05,105.59,,,,,,,轻工制造,家用轻工,家具,37.02,37.25,37.21
sh603313,梦百合,2017-03-22,37.05,38.45,37.05,38.28,37.35,7850581.0,297009843.0,2296800000.0,9187200000.0,,,1613326805.7,2041817331.17,428490525.47,61230203.42999999,10809.17,11414.54,8340.51,6733.53,7989.01,9888.39,2137.47,1530.74,,,,,,,轻工制造,家用轻工,家具,37.22,37.31,37.3
sh603313,梦百合,2017-03-23,38.36,39.49,37.0,39.09,38.28,10552099.0,405228091.0,2345400000.0,9381600000.0,,,1613326805.7,2041817331.17,428490525.47,61230203.42999999,16876.48,14765.16,8883.76,10960.01,14182.75,12162.3,800.98,2700.41,,,,,,,轻工制造,家用轻工,家具,38.21,37.99,37.99
sh603313,梦百合,2017-03-24,38.6,39.19,38.41,38.51,39.09,6061040.0,234785831.0,2310600000.0,9242400000.0,,,1613326805.7,2041817331.17,428490525.47,61230203.42999999,9953.26,9292.93,3980.23,6086.45,9531.19,6864.12,239.43,1243.08,,,,,,,轻工制造,家用轻工,家具,38.79,38.69,38.8
sh603313,梦百合,2017-03-27,38.47,38.77,37.8,37.99,38.51,3333849.0,127128238.0,2279400000.0,9117600000.0,,,1613326805.7,2041817331.17,428490525.47,61230203.42999999,4993.75,5165.98,2082.59,2971.89,5418.51,3770.67,227.7,772.07,,,,,,,轻工制造,家用轻工,家具,38.56,38.52,38.47
sh603313,梦百合,2017-03-28,37.99,38.27,37.5,37.51,37.99,2904637.0,109866776.0,2250600000.0,9002400000.0,,,1613326805.7,2041817331.17,428490525.47,61230203.42999999,4513.73,4715.75,1547.33,3014.63,4803.15,2810.49,0.0,235.12,,,,,,,轻工制造,家用轻工,家具,38.0,37.94,38.17
sh603313,梦百合,2017-03-29,37.53,37.77,35.7,35.71,37.51,4725054.0,172164573.0,2142600000.0,8570400000.0,,,1613326805.7,2041817331.17,428490525.47,61230203.42999999,6547.24,7507.25,2328.85,4121.93,7421.06,5018.23,455.19,109.05,,,,,,,轻工制造,家用轻工,家具,37.58,37.09,37.15
sh603313,梦百合,2017-03-30,35.49,35.49,33.68,33.74,35.71,4442311.0,152609085.0,2024400000.0,8097600000.0,,,1613326805.7,2041817331.17,428490525.47,61230203.42999999,5522.32,5914.65,2471.47,4057.91,6874.53,4231.81,344.3,881.95,,,,,,,轻工制造,家用轻工,家具,34.96,34.43,34.54
sh603313,梦百合,2017-03-31,33.7,34.42,33.41,33.94,33.74,2478186.0,84272338.0,2036400000.0,8145600000.0,,,1613326805.7,2041817331.17,428490525.47,61230203.42999999,3454.59,3689.0,1498.56,1741.0,3203.51,2621.53,244.29,256.28,,,,,,,轻工制造,家用轻工,家具,34.14,34.26,34.38
sh603313,梦百合,2017-04-05,33.8,34.57,33.48,34.55,33.94,2431201.0,83099825.0,2073000000.0,8292000000.0,,,1613326805.7,2041817331.17,428490525.47,61230203.42999999,2859.08,3080.16,1732.27,1259.49,2604.47,2962.24,905.91,935.33,,,,,,,轻工制造,家用轻工,家具,33.92,33.82,33.55
sh603313,梦百合,2017-04-06,34.52,34.8,34.18,34.21,34.55,2308779.0,79594978.0,2052600000.0,8210400000.0,,,1613326805.7,2041817331.17,428490525.47,61230203.42999999,3243.27,3082.8,1516.62,1903.56,3162.78,2057.44,102.9,937.38,,,,,,,轻工制造,家用轻工,家具,34.3,34.57,34.53
sh603313,梦百合,2017-04-07,34.35,34.35,33.57,33.64,34.21,2331204.0,78954845.0,2018400000.0,8073600000.0,,,1613326805.7,2041817331.17,428490525.47,61230203.42999999,2640.85,2831.78,1023.97,2573.52,3806.8,1911.11,438.9,506.16,,,,,,,轻工制造,家用轻工,家具,34.13,34.21,34.14
sh603313,梦百合,2017-04-10,33.35,33.5,32.01,32.03,33.64,3477066.0,112837987.0,1921800000.0,7687200000.0,,,1613326805.7,2041817331.17,428490525.47,61230203.42999999,4242.84,4234.55,1748.47,2725.64,5106.76,3064.16,166.75,918.4,,,,,,,轻工制造,家用轻工,家具,33.45,32.96,32.68
sh603313,梦百合,2017-04-11,32.1,32.67,31.91,32.65,32.03,2243494.0,72373405.0,1959000000.0,7836000000.0,,,1613326805.7,2041817331.17,428490525.47,61230203.42999999,3101.66,2879.29,1227.17,1621.95,2780.49,2747.11,0.0,0.0,,,,,,,轻工制造,家用轻工,家具,32.12,32.36,32.28
sh603313,梦百合,2017-04-12,32.77,32.84,32.12,32.21,32.65,1690114.0,54856708.0,1932600000.0,7730400000.0,,,1613326805.7,2041817331.17,428490525.47,61230203.42999999,2154.95,2447.75,1133.27,1227.17,2178.94,1721.18,0.0,0.0,,,,,,,轻工制造,家用轻工,家具,32.75,32.67,32.64
sh603313,梦百合,2017-04-13,32.21,32.61,32.12,32.38,32.21,1784542.0,57825065.0,1942800000.0,7771200000.0,,,1613326805.7,2041817331.17,428490525.47,61230203.42999999,2224.81,2608.58,1983.26,1452.12,1688.65,1695.04,0.0,0.0,,,,,,,轻工制造,家用轻工,家具,32.3,32.37,32.32
sh603313,梦百合,2017-04-14,32.29,32.35,31.88,31.9,32.38,1577812.0,50695348.0,1914000000.0,7656000000.0,,,1613326805.7,2041817331.17,428490525.47,61230203.42999999,965.79,1009.97,539.39,722.44,1163.03,596.55,250.19,224.35,,,,,,,轻工制造,家用轻工,家具,32.21,32.16,32.17
sh603313,梦百合,2017-04-17,31.21,31.57,30.02,30.51,31.9,2393184.0,73230214.0,1830600000.0,7322400000.0,,,1613326805.7,2041817331.17,428490525.47,61230203.42999999,2476.66,3390.38,1159.16,1716.88,3268.3,1763.58,152.0,197.6,,,,,,,轻工制造,家用轻工,家具,31.3,30.81,30.85
sh603313,梦百合,2017-04-18,30.66,31.33,30.56,30.68,30.51,1612026.0,49832002.0,1840800000.0,7363200000.0,,,1613326805.7,2041817331.17,428490525.47,61230203.42999999,1923.73,1905.82,1210.81,888.66,1753.65,2087.11,0.0,0.0,,,,,,,轻工制造,家用轻工,家具,30.8,30.81,30.82
sh603313,梦百合,2017-04-19,30.79,31.33,30.48,31.19,30.68,1736273.0,53782221.0,1871400000.0,7485600000.0,,,1613326805.7,2041817331.17,428490525.47,61230203.42999999,2235.19,2035.07,1142.06,1099.96,1881.89,2029.29,110.28,123.2,,,,,,,轻工制造,家用轻工,家具,30.89,30.69,30.86
sh603313,梦百合,2017-04-20,31.33,31.68,30.7,31.31,31.19,1732598.0,54188734.0,1878600000.0,7514400000.0,,,1613326805.7,2041817331.17,428490525.47,61230203.42999999,1931.77,2057.18,1259.24,1337.36,2174.77,1900.95,0.0,0.0,,,,,,,轻工制造,家用轻工,家具,31.5,31.64,31.55
sh603313,梦百合,2017-04-21,31.24,31.56,31.09,31.4,31.31,1127171.0,35307110.0,1884000000.0,7536000000.0,,,1613326805.7,2041817331.17,428490525.47,61230203.42999999,1568.32,1301.74,476.09,869.03,1411.5,1355.95,100.45,0.0,,,,,,,轻工制造,家用轻工,家具,31.39,31.45,31.43
sh603313,梦百合,2017-04-24,32.61,33.65,31.78,32.36,31.4,4779425.0,156285078.0,1941600000.0,7766400000.0,200395514.71,149698733.41,1665344831.58,1988290494.04,322945662.46,58497833.80000001,5548.26,6005.66,3249.75,3141.46,5755.13,5576.31,490.85,165.0,,,,,,,轻工制造,家用轻工,家具,32.38,32.01,32.3
sh603313,梦百合,2017-04-25,32.65,33.37,32.39,32.92,32.36,2928573.0,96373464.0,1975200000.0,7900800000.0,200395514.71,149698733.41,1665344831.58,1988290494.04,322945662.46,58497833.80000001,3960.93,3796.7,1495.54,1879.71,3957.85,3830.48,219.78,127.38,,,,,,,轻工制造,家用轻工,家具,32.42,33.0,33.34
sh603313,梦百合,2017-04-26,32.95,33.2,32.52,32.8,32.92,2155813.0,70694661.0,1968000000.0,7872000000.0,200395514.71,149698733.41,1665344831.58,1988290494.04,322945662.46,58497833.80000001,3100.2,3184.46,916.29,1129.46,3107.72,2767.72,0.0,106.86,,,,,,,轻工制造,家用轻工,家具,32.9,32.7,32.58
sh603313,梦百合,2017-04-27,32.71,33.19,31.86,33.15,32.8,3010391.0,98348091.0,1989000000.0,7956000000.0,200395514.71,149698733.41,1665344831.58,1988290494.04,322945662.46,58497833.80000001,3939.64,3893.04,1422.53,1726.63,4066.84,4032.35,0.0,0.0,,,,,,,轻工制造,家用轻工,家具,32.45,32.39,32.25
sh603313,梦百合,2017-04-28,32.95,33.4,32.9,33.14,33.15,2323800.0,76904558.0,1988400000.0,7953600000.0,200395514.71,149698733.41,1665344831.58,1988290494.04,322945662.46,58497833.80000001,3155.96,2810.84,1143.09,2346.13,3200.67,2274.17,121.11,246.39,,,,,,,轻工制造,家用轻工,家具,33.28,33.11,33.19
sh603313,梦百合,2017-05-02,33.14,33.34,32.49,32.57,33.14,1867270.0,61176104.0,1954200000.0,7816800000.0,200395514.71,149698733.41,1730598123.15,2219778003.71,489179880.56,67354852.37,2236.38,2713.95,579.53,1409.14,3210.32,1651.76,0.0,126.2,,,,,,,轻工制造,家用轻工,家具,33.22,33.15,32.8
sh603313,梦百合,2017-05-03,32.42,33.3,32.38,33.2,32.57,2599156.0,85779500.0,1992000000.0,7968000000.0,200395514.71,149698733.41,1730598123.15,2219778003.71,489179880.56,67354852.37,3886.41,3630.15,1869.16,1242.21,2651.75,3386.34,0.0,114.54,,,,,,,轻工制造,家用轻工,家具,32.59,32.88,32.85
sh603313,梦百合,2017-05-04,33.15,33.29,32.63,32.88,33.2,1645800.0,54282281.0,1972800000.0,7891200000.0,200395514.71,149698733.41,1730598123.15,2219778003.71,489179880.56,67354852.37,2015.2,2470.42,940.8,935.88,2397.81,1886.77,0.0,0.0,,,,,,,轻工制造,家用轻工,家具,33.02,32.82,32.92
sh603313,梦百合,2017-05-05,32.7,33.16,32.51,32.65,32.88,1696831.0,55676686.0,1959000000.0,7836000000.0,200395514.71,149698733.41,1730598123.15,2219778003.71,489179880.56,67354852.37,1940.29,2261.35,1186.02,1287.98,2178.18,1830.07,104.3,0.0,,,,,,,轻工制造,家用轻工,家具,32.76,32.86,32.63
sh603313,梦百合,2017-05-08,32.5,32.85,31.01,31.41,32.65,1569600.0,50593138.0,1884600000.0,7538400000.0,200395514.71,149698733.41,1730598123.15,2219778003.71,489179880.56,67354852.37,1773.46,2374.34,501.31,743.46,2601.71,1699.76,0.0,0.0,,,,,,,轻工制造,家用轻工,家具,32.65,32.43,32.5
sh603313,梦百合,2017-05-09,31.34,31.88,31.13,31.67,31.41,1582447.0,49917538.0,1900200000.0,7600800000.0,200395514.71,149698733.41,1730598123.15,2219778003.71,489179880.56,67354852.37,2286.4,2113.92,726.99,1280.8,2028.85,1619.15,0.0,0.0,,,,,,,轻工制造,家用轻工,家具,31.52,31.45,31.45
sh603313,梦百合,2017-05-10,31.67,32.09,31.26,31.3,31.67,1591811.0,50552681.0,1878000000.0,7512000000.0,200395514.71,149698733.41,1730598123.15,2219778003.71,489179880.56,67354852.37,2389.31,2462.5,733.6,573.97,1932.88,1926.3,0.0,0.0,,,,,,,轻工制造,家用轻工,家具,31.85,31.81,31.83
sh603313,梦百合,2017-05-11,31.3,31.96,30.8,31.92,31.3,1858970.0,58380880.0,1915200000.0,7660800000.0,200395514.71,149698733.41,1730598123.15,2219778003.71,489179880.56,67354852.37,2299.18,2476.49,1004.48,905.03,2264.95,2423.55,156.5,0.0,,,,,,,轻工制造,家用轻工,家具,31.35,31.49,31.54
sh603313,梦百合,2017-05-12,31.92,32.9,31.8,32.86,31.92,2586518.0,83915436.0,1971600000.0,7886400000.0,200395514.71,149698733.41,1730598123.15,2219778003.71,489179880.56,67354852.37,3352.71,3290.51,1989.41,1315.95,2665.94,3703.23,149.67,0.0,,,,,,,轻工制造,家用轻工,家具,31.96,32.08,32.14
sh603313,梦百合,2017-05-15,33.01,33.28,32.7,32.81,32.86,1910421.0,62931982.0,1968600000.0,7874400000.0,200395514.71,149698733.41,1730598123.15,2219778003.71,489179880.56,67354852.37,2449.89,2472.59,817.94,1482.9,3056.13,2098.72,0.0,131.33,,,,,,,轻工制造,家用轻工,家具,33.07,33.06,32.95
sh603313,梦百合,2017-05-16,33.07,33.9,32.7,33.8,32.81,3298124.0,110015751.0,2028000000.0,8112000000.0,200395514.71,149698733.41,1730598123.15,2219778003.71,489179880.56,67354852.37,4633.53,4236.82,2190.85,1999.22,3531.52,4531.58,478.63,219.86,,,,,,,轻工制造,家用轻工,家具,32.86,33.09,32.87
sh603313,梦百合,2017-05-17,33.8,33.92,33.28,33.42,33.8,2690021.0,90388291.0,2005200000.0,8020800000.0,200395514.71,149698733.41,1730598123.15,2219778003.71,489179880.56,67354852.37,3404.58,3991.05,1220.3,2221.78,4136.17,2563.58,260.36,333.74,,,,,,,轻工制造,家用轻工,家具,33.89,33.87,33.78
sh603313,梦百合,2017-05-18,33.0,33.41,32.69,32.75,33.42,2087400.0,68935087.0,1965000000.0,7860000000.0,200395514.71,149698733.41,1730598123.15,2219778003.71,489179880.56,67354852.37,2531.69,3083.02,872.42,1426.65,3499.72,2000.55,0.0,319.43,,,,,,,轻工制造,家用轻工,家具,33.21,33.21,33.38
sh603313,梦百合,2017-05-19,32.65,33.02,32.61,32.85,32.75,1282464.0,42104972.0,1971000000.0,7884000000.0,200395514.71,149698733.41,1730598123.15,2219778003.71,489179880.56,67354852.37,1564.94,2098.96,353.75,531.72,2279.58,1560.1,0.0,0.0,,,,,,,轻工制造,家用轻工,家具,32.88,32.84,32.77
sh603313,梦百合,2017-05-22,32.61,32.99,31.0,31.28,32.85,2189605.0,70049059.0,1876800000.0,7507200000.0,200395514.71,149698733.41,1730598123.15,2219778003.71,489179880.56,67354852.37,2477.08,3114.61,321.27,1401.3,3794.49,1957.46,0.0,0.0,,,,,,,轻工制造,家用轻工,家具,32.81,32.79,32.88
sh603313,梦百合,2017-05-23,31.29,31.91,30.82,31.08,31.28,1821788.0,57218916.0,1864800000.0,7459200000.0,200395514.71,149698733.41,1730598123.15,2219778003.71,489179880.56,67354852.37,2621.73,2508.18,676.65,979.07,2395.16,2099.96,0.0,0.0,,,,,,,轻工制造,家用轻工,家具,31.88,31.71,31.74
sh603313,梦百合,2017-05-24,30.9,32.3,30.7,32.09,31.08,1728471.0,54217043.0,1925400000.0,7701600000.0,200395514.71,149698733.41,1730598123.15,2219778003.71,489179880.56,67354852.37,2110.38,2401.82,1072.46,956.43,1828.57,1833.65,109.43,0.0,,,,,,,轻工制造,家用轻工,家具,31.05,30.9,31.14
sh603313,梦百合,2017-05-25,32.21,32.48,31.4,32.3,32.09,1741961.0,55740879.0,1938000000.0,7752000000.0,200395514.71,149698733.41,1730598123.15,2219778003.71,489179880.56,67354852.37,2182.47,2311.58,874.6,647.93,2378.22,2153.13,0.0,246.8,,,,,,,轻工制造,家用轻工,家具,32.12,32.08,32.0
sh603313,梦百合,2017-05-26,32.48,33.28,32.31,32.92,32.3,2666461.0,87529669.0,1975200000.0,7900800000.0,200395514.71,149698733.41,1730598123.15,2219778003.71,489179880.56,67354852.37,3744.97,3948.97,1121.14,1033.29,3516.72,3572.51,167.97,0.0,,,,,,,轻工制造,家用轻工,家具,32.5,32.74,32.63
sh603313,XD梦百合,2017-05-31,32.13,32.52,30.75,30.79,31.72,3147217.0,99014415.0,1847400000.0,7389600000.0,200395514.71,149698733.41,1730598123.15,2219778003.71,489179880.56,67354852.37,3810.76,4347.77,1701.82,2259.09,4088.94,2845.41,0.0,0.0,,,,,,,轻工制造,家用轻工,家具,31.55,31.87,31.84
sh603313,梦百合,2017-06-01,30.26,30.32,27.71,27.97,30.79,3805071.0,110994825.0,1678200000.0,6712800000.0,200395514.71,149698733.41,1730598123.15,2219778003.71,489179880.56,67354852.37,4125.42,4498.38,1127.08,2547.65,5308.54,2790.73,0.0,513.09,,,,,,,轻工制造,家用轻工,家具,30.12,30.23,30.14
sh603313,梦百合,2017-06-02,27.8,28.68,26.85,28.21,27.97,2436162.0,67626191.0,1692600000.0,6770400000.0,200395514.71,149698733.41,1730598123.15,2219778003.71,489179880.56,67354852.37,2813.03,2829.59,957.94,967.6,2654.39,2665.69,0.0,0.0,,,,,,,轻工制造,家用轻工,家具,27.63,27.03,27.6
sh603313,梦百合,2017-06-05,28.41,28.8,28.28,28.35,28.21,1271600.0,36225645.0,1701000000.0,6804000000.0,200395514.71,149698733.41,1730598123.15,2219778003.71,489179880.56,67354852.37,1663.44,1572.97,429.91,552.46,1517.44,1468.2,0.0,0.0,,,,,,,轻工制造,家用轻工,家具,28.39,28.36,28.5
sh603313,梦百合,2017-06-06,28.45,28.59,28.07,28.45,28.35,799920.0,22695362.0,1707000000.0,6828000000.0,200395514.71,149698733.41,1730598123.15,2219778003.71,489179880.56,67354852.37,1029.84,1013.19,232.52,242.88,974.39,989.46,0.0,0.0,,,,,,,轻工制造,家用轻工,家具,28.24,28.3,28.43
sh603313,梦百合,2017-06-07,28.48,29.5,28.48,29.32,28.45,2497207.0,72739906.0,1759200000.0,7036800000.0,200395514.71,149698733.41,1730598123.15,2219778003.71,489179880.56,67354852.37,3066.42,2810.76,2025.4,1341.75,1591.44,2722.31,421.01,332.11,,,,,,,轻工制造,家用轻工,家具,28.58,28.67,28.77
sh603313,梦百合,2017-06-08,29.59,29.6,29.18,29.41,29.32,2035150.0,59872948.0,1764600000.0,7058400000.0,200395514.71,149698733.41,1730598123.15,2219778003.71,489179880.56,67354852.37,2868.94,3034.17,1010.03,1212.89,1791.79,1715.35,246.56,0.0,,,,,,,轻工制造,家用轻工,家具,29.55,29.52,29.4
sh603313,梦百合,2017-06-09,29.5,29.5,28.93,29.16,29.41,1404068.0,40832322.0,1749600000.0,6998400000.0,200395514.71,149698733.41,1730598123.15,2219778003.71,489179880.56,67354852.37,1515.2,2063.25,457.47,533.98,1948.78,1237.09,0.0,113.1,,,,,,,轻工制造,家用轻工,家具,29.37,29.23,29.11
sh603313,梦百合,2017-06-12,28.92,28.92,28.17,28.2,29.16,1461540.0,41635750.0,1692000000.0,6768000000.0,200395514.71,149698733.41,1730598123.15,2219778003.71,489179880.56,67354852.37,1471.99,2015.73,338.32,799.81,1993.99,1270.81,281.31,0.0,,,,Y,,,轻工制造,家用轻工,家具,28.8,28.57,28.69
sh603313,梦百合,2017-06-13,28.21,28.95,28.21,28.81,28.2,1718435.0,49241891.0,1728600000.0,6914400000.0,200395514.71,149698733.41,1730598123.15,2219778003.71,489179880.56,67354852.37,1808.3,1887.97,1516.75,1106.58,1521.44,1796.14,0.0,0.0,,,,Y,,,轻工制造,家用轻工,家具,28.38,28.48,28.5
sh603313,梦百合,2017-06-14,28.79,29.12,28.4,28.95,28.81,1652108.0,47595461.0,1737000000.0,6948000000.0,200395514.71,149698733.41,1730598123.15,2219778003.71,489179880.56,67354852.37,1776.7,1885.95,1051.42,1125.28,1943.8,1674.79,0.0,114.48,,,,Y,,,轻工制造,家用轻工,家具,28.74,28.88,28.73
sh603313,梦百合,2017-06-15,28.95,29.67,28.81,29.47,28.95,2141183.0,63023668.0,1768200000.0,7072800000.0,200395514.71,149698733.41,1730598123.15,2219778003.71,489179880.56,67354852.37,2027.14,2676.59,1901.2,1139.57,1929.64,2475.02,290.82,0.0,,,,Y,,,轻工制造,家用轻工,家具,29.04,29.22,29.24
sh603313,梦百合,2017-06-16,29.37,29.52,29.08,29.22,29.47,1219145.0,35636062.0,1753200000.0,7012800000.0,200395514.71,149698733.41,1730598123.15,2219778003.71,489179880.56,67354852.37,1419.71,1647.69,380.29,674.28,1561.94,951.17,0.0,124.51,,,,Y,,,轻工制造,家用轻工,家具,29.49,29.18,29.3
sh603313,梦百合,2017-06-19,29.06,29.34,29.06,29.25,29.22,799795.0,23367010.0,1755000000.0,7020000000.0,200395514.71,149698733.41,1730598123.15,2219778003.71,489179880.56,67354852.37,996.24,1134.32,319.51,477.47,1003.35,711.87,0.0,0.0,,,,Y,,,轻工制造,家用轻工,家具,29.22,29.31,29.28
sh603313,梦百合,2017-06-20,29.35,29.64,29.21,29.27,29.25,1110506.0,32636212.0,1756200000.0,7024800000.0,200395514.71,149698733.41,1730598123.15,2219778003.71,489179880.56,67354852.37,1204.19,1526.54,666.85,373.87,1377.09,1313.64,0.0,0.0,,,,Y,,,轻工制造,家用轻工,家具,29.25,29.22,29.25
sh603313,梦百合,2017-06-21,29.2,29.75,28.73,29.69,29.27,2121923.0,62156288.0,1781400000.0,7125600000.0,200395514.71,149698733.41,1730598123.15,2219778003.71,489179880.56,67354852.37,2020.09,2493.25,796.94,871.61,1986.2,2369.32,963.09,115.24,,,,Y,,,轻工制造,家用轻工,家具,29.24,29.06,29.11
sh603313,梦百合,2017-06-22,30.17,32.23,30.17,30.8,29.69,5354721.0,166305569.0,1848000000.0,7392000000.0,200395514.71,149698733.41,1730598123.15,2219778003.71,489179880.56,67354852.37,6139.54,6751.52,4270.12,3447.34,5200.05,6184.21,903.48,174.93,,,,Y,,,轻工制造,家用轻工,家具,30.7,31.38,31.64
sh603313,梦百合,2017-06-23,31.29,31.89,30.81,31.54,30.8,4765128.0,149762572.0,1892400000.0,7569600000.0,200395514.71,149698733.41,1730598123.15,2219778003.71,489179880.56,67354852.37,5656.78,5993.09,4842.14,2872.72,4321.09,5511.85,370.05,651.11,,,,Y,,,轻工制造,家用轻工,家具,31.0,31.04,30.99
sh603313,梦百合,2017-06-26,31.1,31.74,30.65,31.61,31.54,3536529.0,110886497.0,1896600000.0,7586400000.0,200395514.71,149698733.41,1730598123.15,2219778003.71,489179880.56,67354852.37,3503.16,3979.09,2340.77,3461.78,3405.8,3179.89,1788.79,689.63,,,,Y,,,轻工制造,家用轻工,家具,31.2,31.2,30.92
sh603313,梦百合,2017-06-27,31.55,32.06,31.23,31.86,31.61,2403730.0,76045270.0,1911600000.0,7646400000.0,200395514.71,149698733.41,1730598123.15,2219778003.71,489179880.56,67354852.37,2990.9,3186.09,1687.2,1520.57,2299.05,2917.33,348.59,0.0,,,,Y,,,轻工制造,家用轻工,家具,31.44,31.33,31.4
sh603313,梦百合,2017-06-28,31.81,32.09,31.35,31.92,31.86,2295019.0,72962056.0,1915200000.0,7660800000.0,200395514.71,149698733.41,1730598123.15,2219778003.71,489179880.56,67354852.37,2619.01,2838.63,1596.12,1278.27,2536.4,2709.75,283.58,207.06,,,,Y,,,轻工制造,家用轻工,家具,31.61,31.6,31.6
sh603313,梦百合,2017-06-29,31.9,32.19,31.7,32.13,31.92,2026777.0,64888336.0,1927800000.0,7711200000.0,200395514.71,149698733.41,1730598123.15,2219778003.71,489179880.56,67354852.37,2429.76,2674.18,1386.52,1083.74,2291.77,2710.66,240.53,0.0,,,,Y,,,轻工制造,家用轻工,家具,31.81,31.89,32.06
sh603313,梦百合,2017-06-30,31.94,32.7,31.71,32.08,32.13,2412001.0,77789949.0,1924800000.0,7699200000.0,200395514.71,149698733.41,1730598123.15,2219778003.71,489179880.56,67354852.37,2749.13,3336.79,2130.28,1461.78,2761.68,3083.73,192.24,0.0,,,,Y,,,轻工制造,家用轻工,家具,32.08,31.94,32.13
sh603313,梦百合,2017-07-03,32.0,32.99,31.65,32.88,32.08,3068213.0,99420470.0,1972800000.0,7891200000.0,200395514.71,149698733.41,1730598123.15,2219778003.71,489179880.56,67354852.37,3250.95,3863.76,2386.29,1725.16,2649.82,3684.78,915.59,141.55,,,,Y,,,轻工制造,家用轻工,家具,31.87,31.96,31.97
sh603313,梦百合,2017-07-04,33.1,33.1,32.48,32.64,32.88,2556910.0,83811997.0,1958400000.0,7833600000.0,200395514.71,149698733.41,1730598123.15,2219778003.71,489179880.56,67354852.37,3409.77,3606.26,1501.59,2189.71,3426.84,2595.51,133.99,0.0,,,,Y,,,轻工制造,家用轻工,家具,33.02,32.86,32.92
sh603313,梦百合,2017-07-05,32.7,32.82,32.35,32.51,32.64,1632392.0,53172388.0,1950600000.0,7802400000.0,200395514.71,149698733.41,1730598123.15,2219778003.71,489179880.56,67354852.37,1952.58,2425.16,938.85,1064.76,2256.85,1624.56,0.0,103.9,,,,Y,,,轻工制造,家用轻工,家具,32.6,32.66,32.69
sh603313,梦百合,2017-07-06,32.6,32.9,32.36,32.81,32.51,2228626.0,72855409.0,1968600000.0,7874400000.0,200395514.71,149698733.41,1730598123.15,2219778003.71,489179880.56,67354852.37,3139.33,3137.82,2035.92,1565.62,2193.06,2457.3,0.0,130.2,,,,Y,,,轻工制造,家用轻工,家具,32.56,32.63,32.57
sh603313,梦百合,2017-07-07,32.55,33.55,32.45,33.35,32.81,3125031.0,104000026.0,2001000000.0,8004000000.0,200395514.71,149698733.41,1730598123.15,2219778003.71,489179880.56,67354852.37,4347.29,4177.99,2841.82,2296.58,3097.64,3642.43,116.9,313.41,,,,Y,,,轻工制造,家用轻工,家具,32.63,32.77,33.4
sh603313,梦百合,2017-07-10,33.0,33.74,32.8,33.03,33.35,2456499.0,81857580.0,1981800000.0,7927200000.0,200395514.71,149698733.41,1730598123.15,2219778003.71,489179880.56,67354852.37,3573.34,3416.3,1673.14,1707.95,2421.07,2447.41,0.0,0.0,,,,Y,,,轻工制造,家用轻工,家具,33.0,33.03,33.24
sh603313,梦百合,2017-07-11,33.03,33.6,32.18,33.49,33.03,3123036.0,102926413.0,2009400000.0,8037600000.0,200395514.71,149698733.41,1730598123.15,2219778003.71,489179880.56,67354852.37,2634.62,3706.6,1049.22,1959.12,2578.15,3334.04,2922.36,436.26,,,,Y,,,轻工制造,家用轻工,家具,33.03,33.05,32.85
sh603313,梦百合,2017-07-12,34.2,34.5,33.41,33.81,33.49,2835153.0,95929697.0,2028600000.0,8114400000.0,200395514.71,149698733.41,1730598123.15,2219778003.71,489179880.56,67354852.37,3613.52,4089.36,1673.5,2367.24,4186.04,2920.72,0.0,0.0,,,,Y,,,轻工制造,家用轻工,家具,34.08,33.83,33.92
sh603313,梦百合,2017-07-13,33.55,34.1,33.45,33.81,33.81,1602683.0,54154257.0,2028600000.0,8114400000.0,200395514.71,149698733.41,1730598123.15,2219778003.71,489179880.56,67354852.37,1961.25,2457.75,1205.66,856.77,1958.49,2054.92,223.82,0.0,,,,Y,,,轻工制造,家用轻工,家具,33.7,33.62,33.66
sh603313,梦百合,2017-07-14,33.9,33.92,33.28,33.75,33.81,1500096.0,50458499.0,2025000000.0,8100000000.0,200395514.71,149698733.41,1730598123.15,2219778003.71,489179880.56,67354852.37,1488.14,2043.49,1131.12,1473.2,1860.54,1737.6,573.06,0.0,,,,Y,,,轻工制造,家用轻工,家具,33.8,33.68,33.69
sh603313,梦百合,2017-07-17,33.6,33.68,31.0,32.6,33.75,3007060.0,98270077.0,1956000000.0,7824000000.0,200395514.71,149698733.41,1730598123.15,2219778003.71,489179880.56,67354852.37,2382.38,3570.41,1899.47,2240.15,2636.62,2679.18,2027.34,642.44,,,,Y,,,轻工制造,家用轻工,家具,33.49,32.3,32.4
sh603313,梦百合,2017-07-18,32.5,32.87,31.83,32.16,32.6,1647715.0,53126993.0,1929600000.0,7718400000.0,200395514.71,149698733.41,1730598123.15,2219778003.71,489179880.56,67354852.37,1763.01,2508.39,721.89,1141.3,2400.3,1411.55,267.72,136.0,,,,Y,,,轻工制造,家用轻工,家具,32.87,32.6,32.5
sh603313,梦百合,2017-07-19,31.99,32.37,31.99,32.35,32.16,1385559.0,44558212.0,1941000000.0,7764000000.0,200395514.71,149698733.41,1730598123.15,2219778003.71,489179880.56,67354852.37,1817.85,1935.43,534.52,769.38,1868.42,1574.13,144.24,160.3,,,,Y,,,轻工制造,家用轻工,家具,32.2,32.21,32.01
sh603313,梦百合,2017-07-20,32.24,32.63,32.12,32.21,32.35,1172591.0,37956444.0,1932600000.0,7730400000.0,200395514.71,149698733.41,1730598123.15,2219778003.71,489179880.56,67354852.37,1706.95,1832.11,421.43,575.3,1675.66,1402.32,0.0,0.0,,,,Y,,,轻工制造,家用轻工,家具,32.24,32.35,32.56
sh603313,梦百合,2017-07-21,32.02,32.35,31.53,31.64,32.21,1273472.0,40566685.0,1898400000.0,7593600000.0,200395514.71,149698733.41,1730598123.15,2219778003.71,489179880.56,67354852.37,1476.07,1842.22,632.34,929.7,2008.15,1211.39,0.0,0.0,,,,Y,,,轻工制造,家用轻工,家具,31.98,32.1,32.21
sh603313,梦百合,2017-07-24,31.5,31.6,30.0,31.06,31.64,2423668.0,74594557.0,1863600000.0,7454400000.0,200395514.71,149698733.41,1730598123.15,2219778003.71,489179880.56,67354852.37,2870.08,2334.34,1156.07,1572.43,2996.09,1775.72,152.0,1563.48,,,,Y,,,轻工制造,家用轻工,家具,31.5,31.32,31.22
sh603313,梦百合,2017-07-25,30.89,30.96,30.61,30.79,31.06,1139247.0,35060781.0,1847400000.0,7389600000.0,200395514.71,149698733.41,1730598123.15,2219778003.71,489179880.56,67354852.37,932.52,1424.92,459.87,482.19,1126.2,789.71,113.9,0.0,,,,Y,,,轻工制造,家用轻工,家具,30.73,30.77,30.7
sh603313,梦百合,2017-07-26,30.94,33.49,30.94,32.45,30.79,3424899.0,110850043.0,1947000000.0,7788000000.0,200395514.71,149698733.41,1730598123.15,2219778003.71,489179880.56,67354852.37,4348.7,4045.32,2049.82,2315.12,4567.53,4472.2,0.0,124.34,,,,Y,,,轻工制造,家用轻工,家具,31.39,32.09,32.32
sh603313,梦百合,2017-07-27,31.68,33.11,31.68,33.05,32.45,3167338.0,103213908.0,1983000000.0,7932000000.0,200395514.71,149698733.41,1730598123.15,2219778003.71,489179880.56,67354852.37,3702.66,3607.84,1499.68,1392.01,3121.66,3369.29,101.33,164.54,,,,Y,,,轻工制造,家用轻工,家具,31.96,31.84,31.82
sh603313,梦百合,2017-07-28,33.07,33.45,32.4,32.47,33.05,1795520.0,58985859.0,1948200000.0,7792800000.0,200395514.71,149698733.41,1730598123.15,2219778003.71,489179880.56,67354852.37,1569.41,2102.18,469.99,1046.54,2583.51,1377.3,0.0,0.0,,,,Y,,,轻工制造,家用轻工,家具,32.98,33.32,33.05
sh603313,梦百合,2017-07-31,32.3,33.16,32.08,33.01,32.47,1764286.0,57850171.0,1980600000.0,7922400000.0,200395514.71,149698733.41,1730598123.15,2219778003.71,489179880.56,67354852.37,2355.79,2415.15,1131.83,698.43,2095.63,2563.2,104.28,0.0,,,,Y,,,轻工制造,家用轻工,家具,32.3,32.17,32.21
sh603313,梦百合,2017-08-01,32.9,33.1,32.03,32.42,33.01,1545113.0,50185209.0,1945200000.0,7780800000.0,200395514.71,149698733.41,1730598123.15,2219778003.71,489179880.56,67354852.37,2055.39,2625.25,278.77,983.41,2566.73,1246.31,0.0,0.0,,,,Y,,,轻工制造,家用轻工,家具,32.88,32.99,32.81
sh603313,梦百合,2017-08-02,32.26,32.48,31.53,31.63,32.42,1431399.0,45672999.0,1897800000.0,7591200000.0,200395514.71,149698733.41,1730598123.15,2219778003.71,489179880.56,67354852.37,1383.16,1958.02,661.84,1260.2,2041.33,1274.17,422.09,0.0,,,,Y,,,轻工制造,家用轻工,家具,32.42,32.36,32.02
sh603313,梦百合,2017-08-03,31.45,32.0,31.45,31.54,31.63,1104515.0,35068022.0,1892400000.0,7569600000.0,200395514.71,149698733.41,1730598123.15,2219778003.71,489179880.56,67354852.37,1367.96,1308.11,522.98,961.16,1294.47,1026.4,307.55,104.49,,,,Y,,,轻工制造,家用轻工,家具,31.66,31.57,31.61
sh603313,梦百合,2017-08-04,31.29,31.68,31.0,31.0,31.54,965157.0,30207571.0,1860000000.0,7440000000.0,200395514.71,149698733.41,1730598123.15,2219778003.71,489179880.56,67354852.37,1132.34,1384.33,178.73,682.45,1479.55,821.76,156.65,0.0,,,,Y,,,轻工制造,家用轻工,家具,31.58,31.44,31.38
sh603313,梦百合,2017-08-07,30.92,31.52,30.91,30.99,31.0,914700.0,28452341.0,1859400000.0,7437600000.0,200395514.71,149698733.41,1730598123.15,2219778003.71,489179880.56,67354852.37,1126.65,899.33,519.52,504.46,1145.87,781.79,0.0,515.42,,,,Y,,,轻工制造,家用轻工,家具,31.21,31.12,31.32
sh603313,梦百合,2017-08-08,31.0,31.2,30.6,30.81,30.99,1288386.0,39676230.0,1848600000.0,7394400000.0,200395514.71,149698733.41,1730598123.15,2219778003.71,489179880.56,67354852.37,1466.17,1402.43,492.31,1315.12,1825.49,1135.82,0.0,0.0,,,,Y,,,轻工制造,家用轻工,家具,31.06,30.81,30.7
sh603313,梦百合,2017-08-09,30.75,30.78,30.3,30.38,30.81,1567275.0,47846779.0,1822800000.0,7291200000.0,200395514.71,149698733.41,1730598123.15,2219778003.71,489179880.56,67354852.37,1666.11,1835.02,798.83,1108.63,1952.01,1757.42,306.2,113.61,,,,Y,,,轻工制造,家用轻工,家具,30.7,30.66,30.54
sh603313,梦百合,2017-08-10,30.48,30.48,29.88,29.9,30.38,1359500.0,40877709.0,1794000000.0,7176000000.0,200395514.71,149698733.41,1730598123.15,2219778003.71,489179880.56,67354852.37,1419.98,1859.46,482.66,889.7,2054.01,1102.82,0.0,0.0,,,,Y,,,轻工制造,家用轻工,家具,30.34,30.27,30.33
sh603313,梦百合,2017-08-11,29.8,30.42,29.52,29.97,29.9,1042200.0,31346016.0,1798200000.0,7192800000.0,200395514.71,149698733.41,1730598123.15,2219778003.71,489179880.56,67354852.37,1517.66,1363.46,286.88,416.8,1273.98,1271.66,0.0,0.0,,,,Y,,,轻工制造,家用轻工,家具,29.64,29.74,29.77
sh603313,梦百合,2017-08-14,29.91,30.44,29.91,30.32,29.97,768842.0,23299393.0,1819200000.0,7276800000.0,200395514.71,149698733.41,1730598123.15,2219778003.71,489179880.56,67354852.37,1136.05,1105.68,258.52,248.43,926.63,957.93,0.0,0.0,,,,Y,,,轻工制造,家用轻工,家具,30.07,30.07,30.13
sh603313,梦百合,2017-08-15,30.32,30.88,30.32,30.51,30.32,830647.0,25388606.0,1830600000.0,7322400000.0,200395514.71,149698733.41,1730598123.15,2219778003.71,489179880.56,67354852.37,888.05,1278.33,556.05,143.39,1022.17,1030.43,0.0,0.0,,,,Y,,,轻工制造,家用轻工,家具,30.48,30.49,30.47
sh603313,梦百合,2017-08-16,30.44,30.85,30.27,30.51,30.51,1361700.0,41582061.0,1830600000.0,7322400000.0,200395514.71,149698733.41,1730598123.15,2219778003.71,489179880.56,67354852.37,2115.88,1525.16,379.99,1113.4,1600.96,1374.01,0.0,0.0,,,,Y,,,轻工制造,家用轻工,家具,30.36,30.33,30.42
sh603313,梦百合,2017-08-17,30.54,30.67,30.38,30.57,30.51,935793.0,28516965.0,1834200000.0,7336800000.0,200395514.71,149698733.41,1730598123.15,2219778003.71,489179880.56,67354852.37,1311.14,1290.91,388.4,665.44,1146.01,858.51,0.0,0.0,,,,Y,,,轻工制造,家用轻工,家具,30.43,30.6,30.47
sh603313,梦百合,2017-08-18,30.59,30.59,30.06,30.1,30.57,1037304.0,31432709.0,1806000000.0,7224000000.0,200395514.71,149698733.41,1730598123.15,2219778003.71,489179880.56,67354852.37,1468.57,1372.07,397.35,772.03,1232.21,945.3,0.0,0.0,,,,Y,,,轻工制造,家用轻工,家具,30.39,30.54,30.5
sh603313,梦百合,2017-08-21,30.1,30.43,29.92,30.33,30.1,805928.0,24337298.0,1819800000.0,7279200000.0,200395514.71,149698733.41,1730598123.15,2219778003.71,489179880.56,67354852.37,1106.37,1099.96,290.71,97.44,938.86,1166.16,0.0,0.0,,,,Y,,,轻工制造,家用轻工,家具,30.07,30.16,30.16
sh603313,梦百合,2017-08-22,30.45,30.8,30.26,30.45,30.33,1093200.0,33402956.0,1827000000.0,7308000000.0,200395514.71,149698733.41,1730598123.15,2219778003.71,489179880.56,67354852.37,1406.37,1375.44,458.8,449.21,1432.51,1450.8,0.0,0.0,,,,Y,,,轻工制造,家用轻工,家具,30.27,30.58,30.62
sh603313,梦百合,2017-08-23,30.49,30.78,30.03,30.49,30.45,745300.0,22627760.0,1829400000.0,7317600000.0,200395514.71,149698733.41,1730598123.15,2219778003.71,489179880.56,67354852.37,1072.51,1052.52,91.15,338.83,1023.95,797.86,0.0,0.0,,,,Y,,,轻工制造,家用轻工,家具,30.55,30.45,30.33
sh603313,梦百合,2017-08-24,30.49,30.65,30.2,30.31,30.49,793356.0,24082979.0,1818600000.0,7274400000.0,200395514.71,149698733.41,1730598123.15,2219778003.71,489179880.56,67354852.37,983.64,1167.25,266.31,297.01,883.26,948.52,209.07,0.0,,,,Y,,,轻工制造,家用轻工,家具,30.49,30.44,30.31
sh603313,梦百合,2017-08-25,30.33,30.65,30.2,30.61,30.31,1395986.0,42520569.0,1836600000.0,7346400000.0,200395514.71,149698733.41,1730598123.15,2219778003.71,489179880.56,67354852.37,1843.67,1963.6,634.01,863.34,1716.26,1423.61,0.0,0.0,,,,Y,,,轻工制造,家用轻工,家具,30.46,30.42,30.4
sh603313,梦百合,2017-08-28,30.82,31.16,30.51,31.11,30.61,2561501.0,79046404.0,1866600000.0,7466400000.0,232887344.69,70285033.80999999,1487646176.9499998,2082352949.55,594706772.6,45804455.08999999,3502.44,3712.32,1652.2,1534.92,2389.77,2519.34,124.0,0.0,,,,Y,,,轻工制造,家用轻工,家具,30.71,30.76,30.63
sh603313,梦百合,2017-08-29,31.13,31.39,30.81,31.22,31.11,2279573.0,70844530.0,1873200000.0,7492800000.0,232887344.69,70285033.80999999,1487646176.9499998,2082352949.55,594706772.6,45804455.08999999,3389.72,3411.54,1378.2,1180.96,2324.44,2590.73,0.0,0.0,,,,Y,,,轻工制造,家用轻工,家具,31.07,31.06,30.99
sh603313,梦百合,2017-08-30,31.1,31.12,30.7,30.77,31.22,1555862.0,47989650.0,1846200000.0,7384800000.0,232887344.69,70285033.80999999,1487646176.9499998,2082352949.55,594706772.6,45804455.08999999,2030.68,1827.03,559.56,1669.56,1959.21,979.42,104.72,154.0,,,,Y,,,轻工制造,家用轻工,家具,31.1,30.88,30.82
sh603313,梦百合,2017-08-31,30.7,31.37,30.67,31.34,30.77,1938885.0,60355619.0,1880400000.0,7521600000.0,232887344.69,70285033.80999999,1487646176.9499998,2082352949.55,594706772.6,45804455.08999999,2306.2,2406.5,1873.24,997.41,1399.72,2509.27,309.8,154.9,,,,Y,,,轻工制造,家用轻工,家具,30.85,30.9,30.87
sh603313,梦百合,2017-09-01,31.37,31.37,30.71,30.96,31.34,2009625.0,62159255.0,1857600000.0,7430400000.0,232887344.69,70285033.80999999,1487646176.9499998,2082352949.55,594706772.6,45804455.08999999,2505.82,3386.67,988.52,1532.19,2546.48,1168.08,0.0,0.0,,,,Y,,,轻工制造,家用轻工,家具,31.25,31.2,30.9
sh603313,梦百合,2017-09-04,30.81,31.09,30.31,30.41,30.96,2024640.0,62094061.0,1824600000.0,7298400000.0,232887344.69,70285033.80999999,1487646176.9499998,2082352949.55,594706772.6,45804455.08999999,2882.32,2698.53,349.75,1938.29,2904.69,1109.68,0.0,245.24,,,,Y,,,轻工制造,家用轻工,家具,30.85,30.94,30.86
sh603313,梦百合,2017-09-05,30.41,30.76,30.27,30.46,30.41,1361501.0,41503848.0,1827600000.0,7310400000.0,232887344.69,70285033.80999999,1487646176.9499998,2082352949.55,594706772.6,45804455.08999999,1764.17,1737.03,499.92,693.75,1668.61,1228.52,119.87,470.92,,,,Y,,,轻工制造,家用轻工,家具,30.57,30.74,30.71
sh603313,梦百合,2017-09-06,30.59,30.65,30.12,30.33,30.46,1140150.0,34558145.0,1819800000.0,7279200000.0,232887344.69,70285033.80999999,1487646176.9499998,2082352949.55,594706772.6,45804455.08999999,1490.81,1338.76,419.42,1032.52,1455.97,826.88,0.0,125.58,,,,Y,,,轻工制造,家用轻工,家具,30.56,30.44,30.34
sh603313,梦百合,2017-09-07,30.45,30.65,30.02,30.27,30.33,1096900.0,33356779.0,1816200000.0,7264800000.0,232887344.69,70285033.80999999,1487646176.9499998,2082352949.55,594706772.6,45804455.08999999,1325.74,1417.19,574.85,560.6,1347.36,1227.57,0.0,0.0,,,,Y,,,轻工制造,家用轻工,家具,30.26,30.3,30.34
sh603313,梦百合,2017-09-08,30.2,30.42,30.02,30.23,30.27,1165100.0,35146420.0,1813800000.0,7255200000.0,232887344.69,70285033.80999999,1487646176.9499998,2082352949.55,594706772.6,45804455.08999999,1374.56,1443.29,293.01,900.88,1822.46,1088.67,0.0,0.0,,,,Y,,,轻工制造,家用轻工,家具,30.3,30.33,30.32
sh603313,梦百合,2017-09-11,30.23,30.58,30.03,30.56,30.23,1296462.0,39285129.0,1833600000.0,7334400000.0,232887344.69,70285033.80999999,1487646176.9499998,2082352949.55,594706772.6,45804455.08999999,1499.92,1751.58,950.54,617.89,1326.53,1535.73,0.0,0.0,,,,Y,,,轻工制造,家用轻工,家具,30.12,30.04,30.22
sh603313,梦百合,2017-09-12,30.56,30.57,29.92,30.04,30.56,1808897.0,54532543.0,1802400000.0,7209600000.0,232887344.69,70285033.80999999,1487646176.9499998,2082352949.55,594706772.6,45804455.08999999,1864.88,2500.12,1070.42,1626.94,2554.54,1276.27,0.0,0.0,,,,Y,,,轻工制造,家用轻工,家具,30.43,30.4,30.3
sh603313,梦百合,2017-09-13,30.0,30.13,29.61,29.87,30.04,1415741.0,42184758.0,1792200000.0,7168800000.0,232887344.69,70285033.80999999,1487646176.9499998,2082352949.55,594706772.6,45804455.08999999,1302.82,2254.63,622.88,578.35,2232.99,1324.25,0.0,0.0,,,,Y,,,轻工制造,家用轻工,家具,30.08,29.98,29.94
sh603313,梦百合,2017-09-14,29.87,29.92,29.42,29.58,29.87,1485639.0,44006516.0,1774800000.0,7099200000.0,232887344.69,70285033.80999999,1487646176.9499998,2082352949.55,594706772.6,45804455.08999999,1507.36,1941.29,360.08,921.78,2034.18,1097.68,414.74,609.22,,,,Y,,,轻工制造,家用轻工,家具,29.81,29.77,29.8
sh603313,梦百合,2017-09-15,29.58,29.58,29.34,29.42,29.58,845765.0,24895700.0,1765200000.0,7060800000.0,232887344.69,70285033.80999999,1487646176.9499998,2082352949.55,594706772.6,45804455.08999999,1070.84,1229.48,411.21,534.91,1029.69,692.53,0.0,0.0,,,,Y,,,轻工制造,家用轻工,家具,29.4,29.5,29.42
sh603313,梦百合,2017-09-18,29.39,29.84,29.27,29.8,29.42,960972.0,28478892.0,1788000000.0,7152000000.0,232887344.69,70285033.80999999,1487646176.9499998,2082352949.55,594706772.6,45804455.08999999,1075.92,1051.13,373.3,324.36,850.0,955.45,0.0,0.0,,,,Y,,,轻工制造,家用轻工,家具,29.37,29.6,29.59
sh603313,梦百合,2017-09-19,29.86,29.98,29.73,29.91,29.8,974210.0,29078220.0,1794600000.0,7178400000.0,232887344.69,70285033.80999999,1487646176.9499998,2082352949.55,594706772.6,45804455.08999999,1192.33,1231.74,770.55,583.04,914.47,1111.09,0.0,0.0,,,,Y,,,轻工制造,家用轻工,家具,29.91,29.85,29.85
sh603313,梦百合,2017-09-20,29.75,29.92,29.58,29.84,29.91,841069.0,25014514.0,1790400000.0,7161600000.0,232887344.69,70285033.80999999,1487646176.9499998,2082352949.55,594706772.6,45804455.08999999,1007.23,936.26,403.88,634.75,1068.14,721.23,0.0,136.26,,,,Y,,,轻工制造,家用轻工,家具,29.85,29.81,29.78
sh603313,梦百合,2017-09-21,29.85,29.85,29.29,29.31,29.84,838662.0,24824082.0,1758600000.0,7034400000.0,232887344.69,70285033.80999999,1487646176.9499998,2082352949.55,594706772.6,45804455.08999999,797.14,1103.57,350.38,629.53,1263.81,617.97,0.0,0.0,,,,Y,,,轻工制造,家用轻工,家具,29.75,29.68,29.7
sh603313,梦百合,2017-09-22,29.3,29.37,28.8,28.86,29.31,1252577.0,36302053.0,1731600000.0,6926400000.0,232887344.69,70285033.80999999,1487646176.9499998,2082352949.55,594706772.6,45804455.08999999,1323.42,1428.39,301.46,1259.86,1941.1,836.55,0.0,0.0,,,,Y,,,轻工制造,家用轻工,家具,29.17,29.24,29.0
sh603313,梦百合,2017-09-25,28.75,28.99,28.53,28.58,28.86,931754.0,26812387.0,1714800000.0,6859200000.0,232887344.69,70285033.80999999,1487646176.9499998,2082352949.55,594706772.6,45804455.08999999,935.37,1405.57,468.35,465.39,1200.56,589.19,0.0,114.74,,,,Y,,,轻工制造,家用轻工,家具,28.95,28.88,28.84
sh603313,梦百合,2017-09-26,28.54,28.7,27.86,28.01,28.58,1597968.0,45135248.0,1680600000.0,6722400000.0,232887344.69,70285033.80999999,1487646176.9499998,2082352949.55,594706772.6,45804455.08999999,1673.85,2215.3,835.65,837.69,1851.38,1177.54,0.0,0.0,,,,Y,,,轻工制造,家用轻工,家具,28.56,28.63,28.58
sh603313,梦百合,2017-09-27,28.11,28.59,28.03,28.34,28.01,932977.0,26473553.0,1700400000.0,6801600000.0,232887344.69,70285033.80999999,1487646176.9499998,2082352949.55,594706772.6,45804455.08999999,1025.04,1374.08,334.08,233.86,1232.13,999.17,0.0,0.0,,,,Y,,,轻工制造,家用轻工,家具,28.13,28.31,28.28
sh603313,梦百合,2017-09-28,28.34,28.47,28.05,28.1,28.34,816131.0,22998926.0,1686000000.0,6744000000.0,232887344.69,70285033.80999999,1487646176.9499998,2082352949.55,594706772.6,45804455.08999999,973.65,1001.04,207.42,457.11,1058.17,757.38,0.0,0.0,,,,Y,,,轻工制造,家用轻工,家具,28.38,28.28,28.08
sh603313,梦百合,2017-09-29,28.2,29.17,28.17,28.93,28.1,1893492.0,54704936.0,1735800000.0,6943200000.0,232887344.69,70285033.80999999,1487646176.9499998,2082352949.55,594706772.6,45804455.08999999,2011.31,2226.31,1236.69,735.37,2065.35,2313.34,0.0,0.0,,,,Y,,,轻工制造,家用轻工,家具,28.2,28.35,28.36
sh603313,梦百合,2017-10-09,29.3,29.49,28.88,28.99,28.93,1289340.0,37644472.0,1739400000.0,6957600000.0,232887344.69,70285033.80999999,1487646176.9499998,2082352949.55,594706772.6,45804455.08999999,1421.93,1583.12,866.56,914.75,1441.45,1186.8,0.0,0.0,,,,Y,,,轻工制造,家用轻工,家具,29.42,29.45,29.22
sh603313,梦百合,2017-10-10,28.91,29.28,28.81,29.26,28.99,954238.0,27686524.0,1755600000.0,7022400000.0,232887344.69,70285033.80999999,1487646176.9499998,2082352949.55,594706772.6,45804455.08999999,961.01,1016.69,548.66,446.81,940.88,938.63,252.88,260.1,,,,Y,,,轻工制造,家用轻工,家具,28.93,29.05,29.13
sh603313,梦百合,2017-10-11,29.26,29.3,29.02,29.2,29.26,1017372.0,29683986.0,1752000000.0,7008000000.0,232887344.69,70285033.80999999,1487646176.9499998,2082352949.55,594706772.6,45804455.08999999,1364.42,1386.93,318.33,592.01,1159.66,851.21,0.0,0.0,,,,Y,,,轻工制造,家用轻工,家具,29.3,29.23,29.2
sh603313,梦百合,2017-10-12,29.22,29.33,28.9,29.03,29.2,735093.0,21388892.0,1741800000.0,6967200000.0,232887344.69,70285033.80999999,1487646176.9499998,2082352949.55,594706772.6,45804455.08999999,856.32,921.92,233.66,331.76,952.82,667.38,0.0,101.71,,,,Y,,,轻工制造,家用轻工,家具,29.2,29.25,29.13
sh603313,梦百合,2017-10-13,29.13,29.45,29.02,29.29,29.03,1250600.0,36631087.0,2411944860.18,7029600000.0,232887344.69,70285033.80999999,1487646176.9499998,2082352949.55,594706772.6,45804455.08999999,1721.58,2102.85,415.02,470.84,1348.08,1040.37,137.56,0.0,,,,Y,,,轻工制造,家用轻工,家具,29.11,29.05,29.06
sh603313,梦百合,2017-10-16,29.2,29.33,28.45,28.48,29.29,1561198.0,44942412.0,2345243756.16,6835200000.0,232887344.69,70285033.80999999,1487646176.9499998,2082352949.55,594706772.6,45804455.08999999,1572.41,2030.31,824.63,1445.77,1933.98,929.01,172.59,0.0,,,,Y,,,轻工制造,家用轻工,家具,29.32,29.23,29.19
sh603313,梦百合,2017-10-17,28.45,29.0,28.45,28.67,28.48,1046201.0,30095078.0,2360889694.14,6880800000.0,232887344.69,70285033.80999999,1487646176.9499998,2082352949.55,594706772.6,45804455.08999999,1117.65,1531.3,582.84,361.48,1120.16,923.95,0.0,0.0,,,,Y,,,轻工制造,家用轻工,家具,28.55,28.65,28.52
sh603313,梦百合,2017-10-18,28.8,29.32,28.71,28.97,28.67,1955637.0,56874607.0,2385593806.74,6952800000.0,232887344.69,70285033.80999999,1487646176.9499998,2082352949.55,594706772.6,45804455.08999999,2153.61,2511.51,1372.57,1506.24,1807.7,1652.3,345.94,0.0,,,,Y,,,轻工制造,家用轻工,家具,28.82,28.84,28.88
sh603313,梦百合,2017-10-19,28.1,28.48,27.8,28.18,28.97,1955277.0,55047742.0,2320539643.56,6763200000.0,203478755.27,49287055.45999998,1518521888.64,2197754360.59,679232471.95,31821614.010000005,1990.21,2161.79,1076.5,1178.28,2311.92,1551.9,140.5,650.87,,,,Y,,,轻工制造,家用轻工,家具,28.0,28.12,28.24
sh603313,梦百合,2017-10-20,28.14,28.58,27.94,28.51,28.18,1195460.0,33707309.0,2347714167.42,6842400000.0,203478755.27,49287055.45999998,1518521888.64,2197754360.59,679232471.95,31821614.010000005,1276.45,1443.74,891.95,441.29,1136.88,1303.7,0.0,105.04,,,,Y,,,轻工制造,家用轻工,家具,28.06,28.01,28.11
sh603313,梦百合,2017-10-23,28.7,28.84,28.53,28.81,28.51,1309504.0,37572084.0,2372418280.02,6914400000.0,203478755.27,49287055.45999998,1518521888.64,2197754360.59,679232471.95,31821614.010000005,1156.56,1282.01,471.03,715.38,1011.49,866.3,144.0,0.0,,,,Y,,,轻工制造,家用轻工,家具,28.7,28.68,28.6
sh603313,梦百合,2017-10-24,28.66,28.8,28.29,28.49,28.81,871238.0,24785717.0,2346067226.58,6837600000.0,203478755.27,49287055.45999998,1518521888.64,2197754360.59,679232471.95,31821614.010000005,995.67,1011.08,304.25,627.42,1115.55,796.56,0.0,0.0,,,,Y,,,轻工制造,家用轻工,家具,28.6,28.64,28.6
sh603313,梦百合,2017-10-25,28.49,29.2,28.17,29.18,28.49,2591071.0,74768658.0,2402886685.56,7003200000.0,203478755.27,49287055.45999998,1518521888.64,2197754360.59,679232471.95,31821614.010000005,3107.03,2577.48,1828.82,2454.2,1487.78,1984.48,890.54,238.21,,,,Y,,,轻工制造,家用轻工,家具,28.18,28.42,28.51
sh603313,梦百合,2017-10-26,29.13,29.64,29.01,29.41,29.18,2891474.0,84877507.0,2421826505.22,7058400000.0,203478755.27,49287055.45999998,1518521888.64,2197754360.59,679232471.95,31821614.010000005,3067.0,3528.54,1995.6,1719.99,2165.97,2890.22,1265.0,496.54,,,,Y,,,轻工制造,家用轻工,家具,29.23,29.16,29.42
sh603313,梦百合,2017-10-27,29.5,29.75,29.18,29.4,29.41,1783957.0,52460523.0,2421003034.8,7056000000.0,203478755.27,49287055.45999998,1518521888.64,2197754360.59,679232471.95,31821614.010000005,1964.47,2025.69,1090.69,1193.94,2107.43,1546.88,0.0,267.46,,,,Y,,,轻工制造,家用轻工,家具,29.69,29.57,29.57
sh603313,梦百合,2017-10-30,29.3,29.62,28.86,29.01,29.4,1470015.0,42817522.0,2388887688.42,6962400000.0,203478755.27,49287055.45999998,1518521888.64,2197754360.59,679232471.95,31821614.010000005,1662.75,2160.85,805.92,823.69,1849.41,1322.66,0.0,0.0,,,,Y,,,轻工制造,家用轻工,家具,29.2,29.26,29.41
sh603313,梦百合,2017-10-31,29.01,29.69,28.81,29.6,29.01,1804198.0,53089841.0,2437472443.2,7104000000.0,203478755.27,49287055.45999998,1518521888.64,2197754360.59,679232471.95,31821614.010000005,2135.7,2292.78,1352.58,757.29,1609.22,2132.22,0.0,0.0,,,,Y,,,轻工制造,家用轻工,家具,29.09,29.0,29.04
sh603313,梦百合,2017-11-01,29.69,29.78,29.15,29.26,29.6,1490116.0,43864894.0,2409474448.92,7022400000.0,203478755.27,49287055.45999998,1518521888.64,2197754360.59,679232471.95,31821614.010000005,1956.63,2121.61,566.63,856.29,1853.01,1377.39,0.0,0.0,,,,Y,,,轻工制造,家用轻工,家具,29.64,29.56,29.45
sh603313,梦百合,2017-11-02,29.26,29.47,28.76,28.83,29.26,1527501.0,44425484.0,2374065220.86,6919200000.0,203478755.27,49287055.45999998,1518521888.64,2197754360.59,679232471.95,31821614.010000005,1925.41,1951.47,669.59,1182.4,1837.1,1074.67,0.0,114.92,,,,Y,,,轻工制造,家用轻工,家具,29.3,29.44,29.23
sh603313,梦百合,2017-11-03,28.93,29.06,27.96,28.11,28.83,2066200.0,58502010.0,2314775350.62,6746400000.0,203478755.27,49287055.45999998,1518521888.64,2197754360.59,679232471.95,31821614.010000005,2237.54,2206.15,696.7,1398.19,2749.85,1961.3,0.0,0.0,,,,Y,,,轻工制造,家用轻工,家具,28.73,28.82,28.95
sh603313,梦百合,2017-11-06,28.0,28.2,27.2,28.16,28.11,2363360.0,65513832.0,2318892702.72,6758400000.0,203478755.27,49287055.45999998,1518521888.64,2197754360.59,679232471.95,31821614.010000005,2078.85,2515.31,1467.54,1007.7,2352.39,2944.66,524.19,0.0,,,,Y,,,轻工制造,家用轻工,家具,27.96,27.65,27.54
sh603313,梦百合,2017-11-07,27.97,28.2,27.8,28.04,28.16,1001700.0,28028039.0,2309011057.68,6729600000.0,203478755.27,49287055.45999998,1518521888.64,2197754360.59,679232471.95,31821614.010000005,947.28,1352.21,411.3,354.65,1241.72,1140.43,190.08,0.0,,,,Y,,,轻工制造,家用轻工,家具,27.93,28.05,28.01
sh603313,梦百合,2017-11-08,28.26,28.68,28.25,28.45,28.04,1631639.0,46541168.0,2342773344.9,6828000000.0,203478755.27,49287055.45999998,1518521888.64,2197754360.59,679232471.95,31821614.010000005,1986.97,2025.53,840.61,607.4,1545.35,1781.25,275.94,289.92,,,,Y,,,轻工制造,家用轻工,家具,28.49,28.48,28.63
sh603313,梦百合,2017-11-09,28.25,29.5,28.1,29.26,28.45,2487661.0,72038240.0,2409474448.92,7022400000.0,203478755.27,49287055.45999998,1518521888.64,2197754360.59,679232471.95,31821614.010000005,2463.75,2631.2,2174.02,1654.18,1604.23,2573.27,664.24,165.86,,,,Y,,,轻工制造,家用轻工,家具,28.3,28.33,28.3
sh603313,梦百合,2017-11-10,29.19,29.46,28.68,29.05,29.26,2297144.0,66905793.0,2392181570.1,6972000000.0,203478755.27,49287055.45999998,1518521888.64,2197754360.59,679232471.95,31821614.010000005,3046.28,2538.57,1575.87,1813.09,2087.72,1843.83,146.3,488.3,,,,Y,,,轻工制造,家用轻工,家具,29.2,29.43,29.22
sh603313,梦百合,2017-11-13,28.9,29.4,28.68,29.28,29.05,1566100.0,45639977.0,2411121389.76,7027200000.0,203478755.27,49287055.45999998,1518521888.64,2197754360.59,679232471.95,31821614.010000005,1820.38,1836.46,1281.18,854.64,1068.84,1418.51,0.0,211.6,,,,Y,,,轻工制造,家用轻工,家具,29.12,28.97,28.75
sh603313,梦百合,2017-11-14,29.28,29.35,28.55,28.9,29.28,1279720.0,36880793.0,2379829513.8,6936000000.0,203478755.27,49287055.45999998,1518521888.64,2197754360.59,679232471.95,31821614.010000005,1178.65,1643.57,600.94,1074.03,1596.01,908.29,230.53,0.0,,,,Y,,,轻工制造,家用轻工,家具,29.26,29.09,29.11
sh603313,梦百合,2017-11-15,29.54,30.45,29.25,29.31,28.9,4407154.0,130610569.0,2413591801.02,7034400000.0,203478755.27,49287055.45999998,1518521888.64,2197754360.59,679232471.95,31821614.010000005,4819.69,4342.45,3431.29,2895.18,4180.19,3128.12,739.58,2598.92,,,,Y,,,轻工制造,家用轻工,家具,29.65,30.1,29.8
sh603313,梦百合,2017-11-16,28.9,29.99,28.4,29.93,29.31,3514710.0,104013548.0,2464646967.06,7183200000.0,203478755.27,49287055.45999998,1518521888.64,2197754360.59,679232471.95,31821614.010000005,4154.1,4008.34,3172.84,2050.44,2689.08,4237.58,239.09,105.16,,,,Y,,,轻工制造,家用轻工,家具,28.98,28.81,29.39
sh603313,梦百合,2017-11-17,29.92,30.45,29.5,29.89,29.93,4612629.0,138710170.0,2461353085.38,7173600000.0,203478755.27,49287055.45999998,1518521888.64,2197754360.59,679232471.95,31821614.010000005,5397.95,6253.94,3931.34,2482.31,4297.96,5215.38,267.41,0.0,,,,Y,,,轻工制造,家用轻工,家具,29.97,29.9,29.74
sh603313,梦百合,2017-11-20,29.64,30.32,29.02,30.27,29.89,2547185.0,75395312.0,2492644961.34,7264800000.0,203478755.27,49287055.45999998,1518521888.64,2197754360.59,679232471.95,31821614.010000005,3282.92,3101.86,1473.1,1381.56,2531.41,2459.42,0.0,339.87,,,,Y,,,轻工制造,家用轻工,家具,29.37,29.29,29.4
sh603313,梦百合,2017-11-21,30.28,31.16,30.0,30.89,30.27,3860252.0,118802693.0,2543700127.38,7413600000.0,203478755.27,49287055.45999998,1518521888.64,2197754360.59,679232471.95,31821614.010000005,4925.75,5006.43,3313.35,2067.87,3049.02,3965.34,641.13,837.51,,,,Y,,,轻工制造,家用轻工,家具,30.11,30.68,31.08
sh603313,梦百合,2017-11-22,30.9,30.95,30.46,30.81,30.89,2141939.0,65645918.0,2537112364.02,7394400000.0,203478755.27,49287055.45999998,1518521888.64,2197754360.59,679232471.95,31821614.010000005,2760.1,2766.98,1074.21,1320.6,2715.31,2019.25,0.0,408.9,,,,Y,,,轻工制造,家用轻工,家具,30.64,30.64,30.85
sh603313,梦百合,2017-11-23,30.68,30.75,29.9,29.91,30.81,2286239.0,69432131.0,2463000026.22,7178400000.0,203478755.27,49287055.45999998,1518521888.64,2197754360.59,679232471.95,31821614.010000005,2492.55,2954.85,1182.72,1218.21,2972.31,2204.37,0.0,115.75,,,,Y,,,轻工制造,家用轻工,家具,30.51,30.34,30.35
sh603313,梦百合,2017-11-24,29.81,30.3,29.61,30.01,29.91,1156420.0,34705441.0,2471234730.42,7202400000.0,203478755.27,49287055.45999998,1518521888.64,2197754360.59,679232471.95,31821614.010000005,1541.58,1338.1,522.05,720.17,1171.14,1103.36,0.0,120.14,,,,Y,,,轻工制造,家用轻工,家具,30.05,30.17,29.92
sh603313,梦百合,2017-11-27,29.9,30.01,29.4,29.7,30.01,1078883.0,32037929.0,2445707147.4,7128000000.0,203478755.27,49287055.45999998,1518521888.64,2197754360.59,679232471.95,31821614.010000005,892.64,1467.46,593.79,358.62,1043.77,1011.62,564.48,262.59,,,,Y,,,轻工制造,家用轻工,家具,30.0,29.64,29.5
sh603313,梦百合,2017-11-28,29.69,30.72,29.5,30.7,29.7,1590178.0,48320325.0,2528054189.4,7368000000.0,203478755.27,49287055.45999998,1518521888.64,2197754360.59,679232471.95,31821614.010000005,2019.59,1711.42,1276.05,665.46,1164.99,2228.86,0.0,0.0,,,,Y,,,轻工制造,家用轻工,家具,29.71,29.89,29.98
sh603313,梦百合,2017-11-29,30.62,30.7,30.14,30.54,30.7,1182278.0,35901806.0,2514878662.68,7329600000.0,203478755.27,49287055.45999998,1518521888.64,2197754360.59,679232471.95,31821614.010000005,1133.85,1470.73,921.38,896.7,1311.23,1133.91,234.13,129.16,,,,Y,,,轻工制造,家用轻工,家具,30.55,30.4,30.38
sh603313,梦百合,2017-11-30,30.38,30.8,30.29,30.44,30.54,1071082.0,32645419.0,2506643958.48,7305600000.0,203478755.27,49287055.45999998,1518521888.64,2197754360.59,679232471.95,31821614.010000005,1080.52,1337.62,1045.68,792.67,1081.67,902.15,278.96,244.03,,,,Y,,,轻工制造,家用轻工,家具,30.42,30.57,30.64
sh603313,梦百合,2017-12-01,30.36,30.93,30.05,30.91,30.44,1611843.0,49502305.0,2545347068.22,7418400000.0,203478755.27,49287055.45999998,1518521888.64,2197754360.59,679232471.95,31821614.010000005,2309.58,1945.9,1087.88,678.91,1363.95,2160.16,0.0,0.0,,,,Y,,,轻工制造,家用轻工,家具,30.26,30.14,30.17
sh603313,梦百合,2017-12-04,30.98,30.98,30.02,30.2,30.91,1313490.0,39852264.0,2486880668.4,7248000000.0,203478755.27,49287055.45999998,1518521888.64,2197754360.59,679232471.95,31821614.010000005,797.62,1219.95,412.99,556.09,1364.33,774.46,0.0,0.0,,,,Y,,,轻工制造,家用轻工,家具,30.89,30.65,30.5
sh603313,梦百合,2017-12-05,30.2,30.26,28.74,29.29,30.2,1548371.0,45628805.0,2411944860.18,7029600000.0,203478755.27,49287055.45999998,1518521888.64,2197754360.59,679232471.95,31821614.010000005,1676.83,1914.37,790.37,975.65,1824.98,1472.57,112.69,0.0,,,,Y,,,轻工制造,家用轻工,家具,29.9,30.17,30.07
sh603313,梦百合,2017-12-06,29.06,29.38,28.01,29.18,29.29,923590.0,26618796.0,2402886685.56,7003200000.0,203478755.27,49287055.45999998,1518521888.64,2197754360.59,679232471.95,31821614.010000005,919.69,1208.12,489.46,510.86,1204.44,897.84,0.0,0.0,,,,Y,,,轻工制造,家用轻工,家具,29.28,29.36,29.2
sh603313,梦百合,2017-12-07,29.01,29.22,28.53,28.86,29.18,472091.0,13686933.0,2376535632.12,6926400000.0,203478755.27,49287055.45999998,1518521888.64,2197754360.59,679232471.95,31821614.010000005,373.84,508.54,242.7,384.76,673.86,519.76,115.8,0.0,,,,Y,,,轻工制造,家用轻工,家具,29.17,29.03,29.03
sh603313,梦百合,2017-12-08,29.0,29.29,28.88,29.09,28.86,578300.0,16847308.0,2395475451.78,6981600000.0,203478755.27,49287055.45999998,1518521888.64,2197754360.59,679232471.95,31821614.010000005,624.81,698.75,249.93,164.95,541.55,518.61,145.45,337.56,,,,Y,,,轻工制造,家用轻工,家具,28.88,29.05,29.12
sh603313,梦百合,2017-12-11,28.95,29.19,28.9,29.07,29.09,439120.0,12759617.0,2393828510.94,6976800000.0,203478755.27,49287055.45999998,1518521888.64,2197754360.59,679232471.95,31821614.010000005,446.28,503.15,186.08,266.64,559.56,398.81,0.0,0.0,,,,Y,,,轻工制造,家用轻工,家具,29.14,29.03,29.01
sh603313,梦百合,2017-12-12,29.0,29.14,28.2,28.21,29.07,677998.0,19428337.0,2323010054.82,6770400000.0,203478755.27,49287055.45999998,1518521888.64,2197754360.59,679232471.95,31821614.010000005,657.47,836.1,117.69,288.59,1013.53,580.83,0.0,0.0,,,,Y,,,轻工制造,家用轻工,家具,28.99,29.07,29.01
sh603313,梦百合,2017-12-13,28.07,28.46,28.07,28.35,28.21,524100.0,14843755.0,2334538640.7,6804000000.0,203478755.27,49287055.45999998,1518521888.64,2197754360.59,679232471.95,31821614.010000005,513.58,935.7,272.06,20.14,670.56,464.09,0.0,0.0,,,,Y,,,轻工制造,家用轻工,家具,28.28,28.2,28.42
sh603313,梦百合,2017-12-14,28.42,28.53,28.18,28.28,28.35,462600.0,13114424.0,2328774347.76,6787200000.0,203478755.27,49287055.45999998,1518521888.64,2197754360.59,679232471.95,31821614.010000005,415.6,446.51,220.3,367.85,599.57,453.17,0.0,0.0,,,,Y,,,轻工制造,家用轻工,家具,28.41,28.51,28.46
sh603313,梦百合,2017-12-15,28.11,28.3,27.9,28.04,28.28,674600.0,18941181.0,2309011057.68,6729600000.0,203478755.27,49287055.45999998,1518521888.64,2197754360.59,679232471.95,31821614.010000005,715.34,1042.95,186.82,271.03,916.91,496.85,0.0,0.0,,,,Y,,,轻工制造,家用轻工,家具,28.15,28.11,28.14
sh603313,梦百合,2017-12-18,28.1,28.2,27.71,27.97,28.04,607570.0,16916971.0,2303246764.74,6712800000.0,203478755.27,49287055.45999998,1518521888.64,2197754360.59,679232471.95,31821614.010000005,526.65,979.69,385.02,190.2,740.34,503.62,0.0,0.0,,,,Y,,,轻工制造,家用轻工,家具,28.13,27.93,28.01
sh603313,梦百合,2017-12-19,27.88,28.1,27.88,28.08,27.97,516120.0,14449632.0,2312304939.36,6739200000.0,203478755.27,49287055.45999998,1518521888.64,2197754360.59,679232471.95,31821614.010000005,695.48,545.31,227.54,253.34,476.78,483.62,0.0,139.8,,,,Y,,,轻工制造,家用轻工,家具,28.03,28.0,28.07
sh603313,梦百合,2017-12-20,28.15,28.15,27.33,27.38,28.08,694299.0,19246829.0,2254662009.96,6571200000.0,203478755.27,49287055.45999998,1518521888.64,2197754360.59,679232471.95,31821614.010000005,688.12,863.5,207.55,347.45,870.15,472.79,0.0,0.0,,,,Y,,,轻工制造,家用轻工,家具,28.1,28.06,27.97
sh603313,梦百合,2017-12-21,27.4,27.44,26.66,27.29,27.38,1096168.0,29633868.0,2247250776.18,6549600000.0,203478755.27,49287055.45999998,1518521888.64,2197754360.59,679232471.95,31821614.010000005,910.71,1366.52,792.11,911.29,1115.77,701.17,100.43,0.0,,,,Y,,,轻工制造,家用轻工,家具,27.37,27.35,27.09
sh603313,梦百合,2017-12-22,27.1,27.37,26.9,26.94,27.29,440420.0,11925628.0,2218429311.48,6465600000.0,203478755.27,49287055.45999998,1518521888.64,2197754360.59,679232471.95,31821614.010000005,376.3,628.11,102.57,126.75,672.44,386.32,0.0,0.0,,,,Y,,,轻工制造,家用轻工,家具,27.19,27.19,27.15
sh603313,梦百合,2017-12-25,26.75,26.94,25.85,26.35,26.94,1357937.0,35586544.0,2169844556.7,6324000000.0,203478755.27,49287055.45999998,1518521888.64,2197754360.59,679232471.95,31821614.010000005,905.54,1243.03,915.81,972.46,1295.93,957.88,222.36,0.0,,,,Y,,,轻工制造,家用轻工,家具,26.92,26.91,26.85
sh603313,梦百合,2017-12-26,26.49,26.87,26.2,26.67,26.35,566530.0,15051512.0,2196195610.14,6400800000.0,203478755.27,49287055.45999998,1518521888.64,2197754360.59,679232471.95,31821614.010000005,646.13,583.45,53.32,78.22,711.97,752.99,0.0,0.0,,,,Y,,,轻工制造,家用轻工,家具,26.34,26.23,26.36
sh603313,梦百合,2017-12-27,26.68,26.96,26.24,26.7,26.67,591939.0,15769957.0,2198666021.4,6408000000.0,203478755.27,49287055.45999998,1518521888.64,2197754360.59,679232471.95,31821614.010000005,768.67,691.56,210.27,204.58,573.14,583.54,0.0,0.0,,,,Y,,,轻工制造,家用轻工,家具,26.45,26.35,26.42
sh603313,梦百合,2017-12-28,26.63,27.02,26.5,26.66,26.7,524900.0,14063729.0,2195372139.72,6398400000.0,203478755.27,49287055.45999998,1518521888.64,2197754360.59,679232471.95,31821614.010000005,560.79,667.92,309.83,135.05,457.86,527.94,0.0,0.0,,,,Y,,,轻工制造,家用轻工,家具,26.53,26.5,26.58
sh603313,梦百合,2017-12-29,26.69,27.0,26.66,26.83,26.66,329820.0,8835583.0,2209371136.86,6439200000.0,203478755.27,49287055.45999998,1518521888.64,2197754360.59,679232471.95,31821614.010000005,471.65,401.94,0.0,99.92,389.42,335.54,0.0,0.0,,,,Y,,,轻工制造,家用轻工,家具,26.8,26.87,26.7
sh603313,梦百合,2018-01-02,26.96,27.15,26.8,27.09,26.83,563315.0,15178342.0,2230781367.78,6501600000.0,203478755.27,49287055.45999998,1518521888.64,2197754360.59,679232471.95,31821614.010000005,653.54,593.2,387.32,357.97,452.92,506.92,0.0,0.0,,,,Y,,,轻工制造,家用轻工,家具,26.9,26.83,26.86
sh603313,梦百合,2018-01-03,27.21,27.21,26.9,27.02,27.09,655593.0,17706923.0,2225017074.84,6484800000.0,203478755.27,49287055.45999998,1518521888.64,2197754360.59,679232471.95,31821614.010000005,675.97,681.87,465.08,570.13,609.46,439.57,0.0,0.0,,,,Y,,,轻工制造,家用轻工,家具,27.0,27.0,26.95
sh603313,梦百合,2018-01-04,27.18,27.18,26.82,26.86,27.02,525880.0,14161315.0,2211841548.12,6446400000.0,203478755.27,49287055.45999998,1518521888.64,2197754360.59,679232471.95,31821614.010000005,461.6,535.05,256.97,409.71,671.16,392.51,0.0,0.0,,,,Y,,,轻工制造,家用轻工,家具,26.93,27.0,26.95
sh603313,梦百合,2018-01-05,26.86,27.38,26.8,26.98,26.86,700400.0,18974654.0,2221723193.16,6475200000.0,203478755.27,49287055.45999998,1518521888.64,2197754360.59,679232471.95,31821614.010000005,695.62,610.99,528.27,536.82,588.82,599.74,0.0,0.0,,,,Y,,,轻工制造,家用轻工,家具,27.0,27.27,27.12
sh603313,梦百合,2018-01-08,26.98,26.98,26.35,26.66,26.98,893405.0,23718719.0,2195372139.72,6398400000.0,203478755.27,49287055.45999998,1518521888.64,2197754360.59,679232471.95,31821614.010000005,866.21,650.44,293.78,637.78,1002.12,938.07,133.0,0.0,,,,Y,,,轻工制造,家用轻工,家具,26.58,26.7,26.52
sh603313,梦百合,2018-01-09,26.72,26.72,25.8,26.38,26.66,1458460.0,38186421.0,2172314967.96,6331200000.0,203478755.27,49287055.45999998,1518521888.64,2197754360.59,679232471.95,31821614.010000005,1250.78,1177.52,369.25,1485.82,1514.66,740.64,457.71,239.89,,,,Y,,,轻工制造,家用轻工,家具,26.5,26.43,26.23
sh603313,梦百合,2018-01-10,26.26,26.72,25.91,26.65,26.38,1196500.0,31439551.0,2194548669.3,6396000000.0,203478755.27,49287055.45999998,1518521888.64,2197754360.59,679232471.95,31821614.010000005,1028.53,1188.65,1140.41,821.99,893.24,1081.12,0.0,0.0,,,,Y,,,轻工制造,家用轻工,家具,26.2,26.07,25.97
sh603313,梦百合,2018-01-11,26.49,28.3,26.16,27.64,26.65,3988658.0,108988675.0,2276072240.88,6633600000.0,203478755.27,49287055.45999998,1518521888.64,2197754360.59,679232471.95,31821614.010000005,3856.1,2807.44,4037.6,4812.92,2392.47,2696.63,523.36,343.72,,,,Y,,,轻工制造,家用轻工,家具,26.3,26.66,27.12
sh603313,梦百合,2018-01-12,27.62,27.66,26.6,26.63,27.64,2744858.0,74239710.0,2192901728.46,6391200000.0,203478755.27,49287055.45999998,1518521888.64,2197754360.59,679232471.95,31821614.010000005,2744.06,2549.05,1369.73,2801.64,3138.32,1260.04,133.46,610.01,,,,Y,,,轻工制造,家用轻工,家具,27.15,27.18,27.14
sh603313,梦百合,2018-01-15,26.52,26.71,26.03,26.28,26.63,1324739.0,34722695.0,2164080263.76,6307200000.0,203478755.27,49287055.45999998,1518521888.64,2197754360.59,679232471.95,31821614.010000005,1002.16,1604.31,877.58,779.6,1389.56,964.68,104.04,152.98,,,,Y,,,轻工制造,家用轻工,家具,26.65,26.21,26.3
sh603313,梦百合,2018-01-16,26.36,26.49,26.0,26.4,26.28,868169.0,22834016.0,2173961908.8,6336000000.0,203478755.27,49287055.45999998,1518521888.64,2197754360.59,679232471.95,31821614.010000005,757.18,803.89,400.44,723.8,817.34,675.51,103.95,0.0,,,,Y,,,轻工制造,家用轻工,家具,26.28,26.02,26.19
sh603313,梦百合,2018-01-17,26.4,26.4,25.9,26.1,26.4,805169.0,21036141.0,2149257796.2,6264000000.0,203478755.27,49287055.45999998,1518521888.64,2197754360.59,679232471.95,31821614.010000005,694.36,896.8,179.23,393.66,1067.69,639.96,0.0,0.0,,,,Y,,,轻工制造,家用轻工,家具,26.26,26.18,25.93
sh603313,梦百合,2018-01-18,26.1,26.24,25.99,26.03,26.1,692347.0,18060133.0,2143493503.26,6247200000.0,203478755.27,49287055.45999998,1518521888.64,2197754360.59,679232471.95,31821614.010000005,627.1,742.83,223.89,328.9,927.67,552.65,0.0,106.6,,,,Y,,,轻工制造,家用轻工,家具,26.08,26.16,26.1
sh603313,梦百合,2018-01-19,26.03,26.18,25.8,25.86,26.03,806747.0,20924973.0,2129494506.12,6206400000.0,203478755.27,49287055.45999998,1518521888.64,2197754360.59,679232471.95,31821614.010000005,743.06,922.28,207.23,270.93,1061.46,529.8,0.0,258.8,,,,Y,,,轻工制造,家用轻工,家具,26.03,25.95,25.99
sh603313,梦百合,2018-01-22,25.85,25.85,25.31,25.64,25.86,974620.0,24932828.0,2111378156.88,6153600000.0,203478755.27,49287055.45999998,1518521888.64,2197754360.59,679232471.95,31821614.010000005,829.12,1086.54,430.91,697.16,1021.23,711.38,101.55,0.0,,,,Y,,,轻工制造,家用轻工,家具,25.72,25.48,25.42
sh603313,梦百合,2018-01-23,25.74,25.98,25.36,25.94,25.64,763946.0,19661476.0,2136082269.48,6225600000.0,203478755.27,49287055.45999998,1518521888.64,2197754360.59,679232471.95,31821614.010000005,445.94,793.25,384.99,284.46,694.95,624.02,384.2,250.57,,,,Y,,,轻工制造,家用轻工,家具,25.69,25.67,25.71
sh603313,梦百合,2018-01-24,25.87,26.12,25.76,26.07,25.94,838020.0,21780396.0,2146787384.94,6256800000.0,203478755.27,49287055.45999998,1518521888.64,2197754360.59,679232471.95,31821614.010000005,777.99,981.26,291.03,242.57,926.89,745.02,0.0,129.43,,,,Y,,,轻工制造,家用轻工,家具,25.77,25.81,25.91
sh603313,梦百合,2018-01-25,26.08,26.2,25.89,25.91,26.07,687400.0,17858971.0,2133611858.22,6218400000.0,203478755.27,49287055.45999998,1518521888.64,2197754360.59,679232471.95,31821614.010000005,579.87,724.77,210.99,371.14,931.54,614.46,0.0,0.0,,,,Y,,,轻工制造,家用轻工,家具,26.14,26.1,26.07
sh603313,梦百合,2018-01-26,25.81,26.65,25.69,26.4,25.91,1552431.0,40845025.0,2173961908.8,6336000000.0,203478755.27,49287055.45999998,1518521888.64,2197754360.59,679232471.95,31821614.010000005,857.92,1463.22,1609.03,553.64,869.03,1827.23,454.64,106.05,,,,Y,,,轻工制造,家用轻工,家具,25.81,25.76,25.74
sh603313,梦百合,2018-01-29,26.53,26.81,26.26,26.39,26.4,1057500.0,28101381.0,2173138438.38,6333600000.0,203478755.27,49287055.45999998,1518521888.64,2197754360.59,679232471.95,31821614.010000005,920.48,1007.01,1122.31,518.27,747.35,1251.37,0.0,0.0,,,,Y,,,轻工制造,家用轻工,家具,26.37,26.53,26.51
sh603313,梦百合,2018-01-30,26.33,26.5,26.2,26.4,26.39,408369.0,10776698.0,2173961908.8,6336000000.0,203478755.27,49287055.45999998,1518521888.64,2197754360.59,679232471.95,31821614.010000005,468.39,458.09,100.6,76.22,483.58,509.81,0.0,0.0,,,,Y,,,轻工制造,家用轻工,家具,26.38,26.27,26.38
sh603313,梦百合,2018-01-31,26.28,26.71,25.87,26.47,26.4,984320.0,25896678.0,2179726201.74,6352800000.0,203478755.27,49287055.45999998,1518521888.64,2197754360.59,679232471.95,31821614.010000005,905.37,1020.66,620.28,436.11,938.77,984.97,0.0,0.0,,,,Y,,,轻工制造,家用轻工,家具,26.23,26.08,25.95
sh603313,梦百合,2018-02-01,26.47,26.62,25.52,25.74,26.47,972600.0,25344250.0,2119612861.08,6177600000.0,203478755.27,49287055.45999998,1518521888.64,2197754360.59,679232471.95,31821614.010000005,553.74,1009.18,658.28,514.51,997.65,903.92,258.65,0.0,,,,Y,,,轻工制造,家用轻工,家具,26.33,26.52,26.54
sh603313,梦百合,2018-02-02,25.52,25.82,24.52,24.92,25.74,836300.0,21169579.0,2052088286.64,5980800000.0,203478755.27,49287055.45999998,1518521888.64,2197754360.59,679232471.95,31821614.010000005,576.96,765.23,100.05,522.04,994.39,557.29,249.93,128.25,,,,Y,,,轻工制造,家用轻工,家具,25.54,25.55,25.49
sh603313,梦百合,2018-02-05,24.74,24.99,24.55,24.87,24.92,447300.0,11058522.0,2047970934.54,5968800000.0,203478755.27,49287055.45999998,1518521888.64,2197754360.59,679232471.95,31821614.010000005,510.0,607.15,61.83,123.48,475.1,331.9,0.0,0.0,,,,Y,,,轻工制造,家用轻工,家具,24.7,24.62,24.56
sh603313,梦百合,2018-02-06,24.7,24.7,22.6,23.13,24.87,1816700.0,42432571.0,1904687081.46,5551200000.0,203478755.27,49287055.45999998,1518521888.64,2197754360.59,679232471.95,31821614.010000005,1369.85,1490.46,790.89,1292.87,1506.76,803.14,590.44,658.82,,,,Y,,,轻工制造,家用轻工,家具,24.56,24.24,24.2
sh603313,梦百合,2018-02-07,23.29,23.42,22.52,22.91,23.13,909000.0,20955544.0,1886570732.22,5498400000.0,203478755.27,49287055.45999998,1518521888.64,2197754360.59,679232471.95,31821614.010000005,730.46,953.4,244.65,460.56,799.86,563.42,231.55,0.0,,,,Y,,,轻工制造,家用轻工,家具,23.3,23.23,23.24
sh603313,梦百合,2018-02-08,22.69,23.45,22.55,23.22,22.91,497400.0,11522246.0,1912098315.24,5572800000.0,203478755.27,49287055.45999998,1518521888.64,2197754360.59,679232471.95,31821614.010000005,592.82,527.72,67.35,32.42,393.39,529.64,0.0,0.0,,,,Y,,,轻工制造,家用轻工,家具,22.7,23.15,23.23
sh603313,梦百合,2018-02-09,22.82,22.83,21.72,22.26,23.22,1348900.0,30003547.0,1833045154.92,5342400000.0,203478755.27,49287055.45999998,1518521888.64,2197754360.59,679232471.95,31821614.010000005,1130.05,997.16,579.3,986.24,962.41,702.79,212.28,320.6,,,,Y,,,轻工制造,家用轻工,家具,22.7,22.63,22.71
sh603313,梦百合,2018-02-12,22.32,22.84,22.32,22.67,22.26,447400.0,10164699.0,1866807442.14,5440800000.0,203478755.27,49287055.45999998,1518521888.64,2197754360.59,679232471.95,31821614.010000005,507.4,417.45,67.7,155.67,420.65,390.87,0.0,0.0,,,,Y,,,轻工制造,家用轻工,家具,22.69,22.77,22.65
sh603313,梦百合,2018-02-13,22.8,22.94,22.6,22.75,22.67,429276.0,9769908.0,1873395205.5,5460000000.0,203478755.27,49287055.45999998,1518521888.64,2197754360.59,679232471.95,31821614.010000005,443.94,513.18,156.42,87.84,365.4,344.58,0.0,0.0,,,,Y,,,轻工制造,家用轻工,家具,22.65,22.65,22.7
sh603313,梦百合,2018-02-14,22.8,23.0,22.6,22.94,22.75,421736.0,9626222.0,1889041143.48,5505600000.0,203478755.27,49287055.45999998,1518521888.64,2197754360.59,679232471.95,31821614.010000005,234.06,485.5,413.5,66.06,225.9,339.36,0.0,0.0,,,,Y,,,轻工制造,家用轻工,家具,22.61,22.7,22.62
sh603313,梦百合,2018-02-22,23.01,23.13,22.85,23.07,22.94,321900.0,7419800.0,1899746258.94,5536800000.0,203478755.27,49287055.45999998,1518521888.64,2197754360.59,679232471.95,31821614.010000005,287.49,291.34,72.41,67.87,337.16,334.95,0.0,0.0,,,,Y,,,轻工制造,家用轻工,家具,23.08,23.05,23.04
sh603313,梦百合,2018-02-23,23.25,23.25,22.92,23.09,23.07,314000.0,7224693.0,1901393199.78,5541600000.0,203478755.27,49287055.45999998,1518521888.64,2197754360.59,679232471.95,31821614.010000005,243.19,272.0,84.59,111.96,355.79,305.32,0.0,0.0,,,,Y,,,轻工制造,家用轻工,家具,23.09,23.07,23.07
sh603313,梦百合,2018-02-26,23.13,23.5,23.05,23.47,23.09,520334.0,12137987.0,1932685075.74,5632800000.0,203478755.27,49287055.45999998,1518521888.64,2197754360.59,679232471.95,31821614.010000005,538.37,405.8,27.71,112.52,394.5,460.86,0.0,0.0,,,,Y,,,轻工制造,家用轻工,家具,23.16,23.1,23.1
sh603313,梦百合,2018-02-27,23.45,24.34,23.28,24.28,23.47,1455900.0,34739895.0,1999386179.76,5827200000.0,203478755.27,49287055.45999998,1518521888.64,2197754360.59,679232471.95,31821614.010000005,623.2,1290.23,1965.59,1024.39,545.75,1202.19,221.12,0.0,,,,Y,,,轻工制造,家用轻工,家具,23.32,23.4,23.31
sh603313,梦百合,2018-02-28,23.99,24.08,23.76,23.82,24.28,521200.0,12455220.0,1961506540.44,5716800000.0,203478755.27,49287055.45999998,1518521888.64,2197754360.59,679232471.95,31821614.010000005,415.72,612.14,20.87,61.25,792.01,540.76,0.0,0.0,,,,Y,,,轻工制造,家用轻工,家具,23.9,23.99,23.98
sh603313,梦百合,2018-03-01,23.67,23.94,23.67,23.87,23.82,366300.0,8724498.0,1965623892.54,5728800000.0,203478755.27,49287055.45999998,1518521888.64,2197754360.59,679232471.95,31821614.010000005,336.08,474.05,45.83,107.17,458.16,271.38,0.0,0.0,,,,Y,,,轻工制造,家用轻工,家具,23.8,23.9,23.82
sh603313,梦百合,2018-03-02,24.3,24.45,23.86,23.93,23.87,601100.0,14501461.0,1970564715.06,5743200000.0,203478755.27,49287055.45999998,1518521888.64,2197754360.59,679232471.95,31821614.010000005,467.8,559.84,290.98,263.68,655.18,530.17,0.0,0.0,,,,Y,,,轻工制造,家用轻工,家具,24.26,24.2,24.2
sh603313,梦百合,2018-03-05,23.97,24.77,23.9,24.5,23.93,1117276.0,27298152.0,2017502529.0,5880000000.0,203478755.27,49287055.45999998,1518521888.64,2197754360.59,679232471.95,31821614.010000005,1046.52,1035.31,787.16,495.25,635.4,1004.8,455.84,189.79,,,,Y,,,轻工制造,家用轻工,家具,24.11,24.06,24.12
sh603313,梦百合,2018-03-06,24.2,24.44,23.87,24.21,24.5,1011700.0,24345148.0,1993621886.82,5810400000.0,203478755.27,49287055.45999998,1518521888.64,2197754360.59,679232471.95,31821614.010000005,1075.27,890.25,67.01,829.34,1135.75,516.54,0.0,0.0,,,,Y,,,轻工制造,家用轻工,家具,24.23,24.22,24.17
sh603313,梦百合,2018-03-07,24.28,24.28,23.8,23.86,24.21,461200.0,11055831.0,1964800422.12,5726400000.0,203478755.27,49287055.45999998,1518521888.64,2197754360.59,679232471.95,31821614.010000005,444.02,567.31,177.6,138.41,442.99,315.62,0.0,0.0,,,,Y,,,轻工制造,家用轻工,家具,24.18,24.07,24.06
sh603313,梦百合,2018-03-08,23.86,23.99,23.79,23.93,23.86,419500.0,10019353.0,1970564715.06,5743200000.0,203478755.27,49287055.45999998,1518521888.64,2197754360.59,679232471.95,31821614.010000005,391.31,523.21,169.37,110.48,405.46,351.55,0.0,0.0,,,,Y,,,轻工制造,家用轻工,家具,23.81,23.92,23.83
sh603313,梦百合,2018-03-09,23.85,24.34,23.85,24.14,23.93,576100.0,13875597.0,1987857593.88,5793600000.0,203478755.27,49287055.45999998,1518521888.64,2197754360.59,679232471.95,31821614.010000005,626.39,633.33,117.36,123.61,586.66,559.51,0.0,0.0,,,,Y,,,轻工制造,家用轻工,家具,23.9,23.94,24.01
sh603313,梦百合,2018-03-12,24.17,24.49,24.15,24.43,24.14,1155400.0,28099752.0,2011738236.06,5863200000.0,203478755.27,49287055.45999998,1518521888.64,2197754360.59,679232471.95,31821614.010000005,1307.49,1014.43,386.63,993.07,1086.05,743.01,0.0,0.0,,,,Y,,,轻工制造,家用轻工,家具,24.25,24.19,24.23
sh603313,梦百合,2018-03-13,24.49,24.75,24.31,24.31,24.43,660220.0,16176823.0,2001856591.02,5834400000.0,203478755.27,49287055.45999998,1518521888.64,2197754360.59,679232471.95,31821614.010000005,689.69,627.67,201.23,217.59,645.93,648.41,0.0,0.0,,,,Y,,,轻工制造,家用轻工,家具,24.44,24.71,24.61
sh603313,梦百合,2018-03-14,24.23,24.23,23.73,23.83,24.31,746800.0,17887582.0,1962330010.86,5719200000.0,203478755.27,49287055.45999998,1518521888.64,2197754360.59,679232471.95,31821614.010000005,668.31,601.74,307.08,440.31,803.1,657.37,0.0,0.0,,,,Y,,,轻工制造,家用轻工,家具,24.13,24.08,24.05
sh603313,梦百合,2018-03-15,23.79,24.28,22.89,24.2,23.83,1228253.0,28925496.0,1992798416.4,5808000000.0,203478755.27,49287055.45999998,1518521888.64,2197754360.59,679232471.95,31821614.010000005,1059.61,1153.52,490.99,414.98,1036.85,1063.35,0.0,0.0,,,,Y,,,轻工制造,家用轻工,家具,23.62,23.6,23.59
sh603313,梦百合,2018-03-16,24.2,25.96,24.2,25.01,24.2,3713676.0,93840169.0,2059499520.42,6002400000.0,203478755.27,49287055.45999998,1518521888.64,2197754360.59,679232471.95,31821614.010000005,3527.25,4398.32,2616.89,1579.79,2812.46,3391.81,497.7,0.0,,,,Y,,,轻工制造,家用轻工,家具,24.96,25.0,25.3
sh603313,梦百合,2018-03-19,24.69,24.99,24.3,24.79,25.01,2006720.0,49233307.0,2041383171.18,5949600000.0,203478755.27,49287055.45999998,1518521888.64,2197754360.59,679232471.95,31821614.010000005,1808.16,1721.71,1123.13,1668.43,1890.13,1198.23,0.0,270.52,,,,Y,,,轻工制造,家用轻工,家具,24.72,24.56,24.37
sh603313,梦百合,2018-03-20,24.42,24.98,24.22,24.93,24.79,1432061.0,35251538.0,2052911757.06,5983200000.0,203478755.27,49287055.45999998,1518521888.64,2197754360.59,679232471.95,31821614.010000005,1352.79,1451.72,1037.63,522.53,1043.59,1217.65,0.0,121.5,,,,Y,,,轻工制造,家用轻工,家具,24.38,24.45,24.35
sh603313,梦百合,2018-03-21,27.42,27.42,25.54,25.63,24.93,7002118.0,187339318.0,2110554686.46,6151200000.0,203478755.27,49287055.45999998,1518521888.64,2197754360.59,679232471.95,31821614.010000005,5266.91,6508.4,3676.89,4328.96,4532.07,3764.88,5147.56,3720.85,,,,Y,,,轻工制造,家用轻工,家具,26.82,26.58,26.54
sh603313,梦百合,2018-03-22,25.25,26.66,25.19,25.81,25.63,4983236.0,129269064.0,2125377154.02,6194400000.0,203478755.27,49287055.45999998,1518521888.64,2197754360.59,679232471.95,31821614.010000005,5524.19,5398.07,2862.44,4457.63,4243.24,3089.83,254.65,129.0,,,,Y,,,轻工制造,家用轻工,家具,25.87,25.69,25.89
sh603313,梦百合,2018-03-23,24.2,24.21,23.23,23.23,25.81,4365300.0,103110273.0,1912921785.66,5575200000.0,203478755.27,49287055.45999998,1518521888.64,2197754360.59,679232471.95,31821614.010000005,4250.88,3811.31,1833.38,2865.68,4368.07,2169.83,0.0,1277.35,,,,Y,,,轻工制造,家用轻工,家具,23.75,23.73,23.98
sh603313,梦百合,2018-03-26,22.22,22.87,21.22,22.2,23.23,2443057.0,53921887.0,1828104332.4,5328000000.0,203478755.27,49287055.45999998,1518521888.64,2197754360.59,679232471.95,31821614.010000005,2215.78,2249.21,659.06,1077.5,2313.15,1948.24,0.0,0.0,,,,Y,,,轻工制造,家用轻工,家具,22.13,21.84,22.18
sh603313,梦百合,2018-03-27,22.69,23.68,22.69,23.06,22.2,2215693.0,51359748.0,1898922788.52,5534400000.0,203478755.27,49287055.45999998,1518521888.64,2197754360.59,679232471.95,31821614.010000005,2284.38,2254.46,991.19,812.61,1799.66,2005.92,0.0,0.0,,,,Y,,,轻工制造,家用轻工,家具,22.83,23.47,23.43
sh603313,梦百合,2018-03-28,22.54,23.2,22.54,22.84,23.06,1399845.0,31947917.0,1880806439.28,5481600000.0,203478755.27,49287055.45999998,1518521888.64,2197754360.59,679232471.95,31821614.010000005,1422.18,1184.97,289.99,696.27,1304.12,1168.02,126.93,105.55,,,,Y,,,轻工制造,家用轻工,家具,22.62,22.68,22.87
sh603313,梦百合,2018-03-29,23.18,23.59,23.02,23.3,22.84,1431793.0,33359927.0,1918686078.6,5592000000.0,203478755.27,49287055.45999998,1518521888.64,2197754360.59,679232471.95,31821614.010000005,1438.22,1378.26,509.21,498.71,1389.92,1281.93,0.0,116.5,,,,Y,,,轻工制造,家用轻工,家具,23.45,23.31,23.29
sh603313,梦百合,2018-03-30,23.64,23.77,23.15,23.51,23.3,1971855.0,46248192.0,1935978957.42,5642400000.0,203478755.27,49287055.45999998,1518521888.64,2197754360.59,679232471.95,31821614.010000005,2148.52,2060.43,840.31,809.13,1514.72,1529.23,0.0,116.6,,,,Y,,,轻工制造,家用轻工,家具,23.31,23.31,23.42
sh603313,梦百合,2018-04-02,22.71,23.18,22.58,22.9,23.51,2752988.0,62891989.0,1885747261.8,5496000000.0,155848577.42,58817413.57,1544857995.17,2308676862.42,763818867.25,10867655.949999988,2529.22,2239.04,1137.49,2671.16,2570.15,1397.88,0.0,0.0,,,,Y,,,轻工制造,家用轻工,家具,23.0,22.81,22.75
sh603313,梦百合,2018-04-03,22.48,22.55,22.15,22.29,22.9,1486700.0,33201649.0,1835515566.18,5349600000.0,155848577.42,58817413.57,1544857995.17,2308676862.42,763818867.25,10867655.949999988,1436.76,1839.91,247.88,469.82,1617.94,992.7,0.0,0.0,,,,Y,,,轻工制造,家用轻工,家具,22.47,22.52,22.42
sh603313,梦百合,2018-04-04,22.59,22.75,22.42,22.45,22.29,1413652.0,31926144.0,1848691092.9,5388000000.0,155848577.42,58817413.57,1544857995.17,2308676862.42,763818867.25,10867655.949999988,1261.35,1280.33,942.24,667.62,872.49,1072.11,113.05,113.05,,,,Y,,,轻工制造,家用轻工,家具,22.6,22.45,22.48
sh603313,梦百合,2018-04-09,22.21,22.67,22.1,22.45,22.45,970400.0,21744695.0,1848691092.9,5388000000.0,155848577.42,58817413.57,1544857995.17,2308676862.42,763818867.25,10867655.949999988,813.88,1097.92,516.14,267.72,771.64,822.43,0.0,0.0,,,,Y,,,轻工制造,家用轻工,家具,22.51,22.16,22.33
sh603313,梦百合,2018-04-10,22.52,22.97,22.45,22.94,22.45,1654095.0,37760955.0,1889041143.48,5505600000.0,155848577.42,58817413.57,1544857995.17,2308676862.42,763818867.25,10867655.949999988,1747.74,1891.96,653.43,705.44,1327.86,1282.34,0.0,0.0,,,,Y,,,轻工制造,家用轻工,家具,22.68,22.87,22.84
sh603313,梦百合,2018-04-11,22.95,23.17,22.71,23.0,22.94,1281395.0,29467103.0,1893981966.0,5520000000.0,155848577.42,58817413.57,1544857995.17,2308676862.42,763818867.25,10867655.949999988,1489.93,1193.66,330.49,661.84,1126.87,1084.5,0.0,0.0,,,,Y,,,轻工制造,家用轻工,家具,22.86,22.75,23.0
sh603313,梦百合,2018-04-12,23.0,23.57,23.0,23.42,23.0,2018420.0,47263940.0,1928567723.64,5620800000.0,155848577.42,58817413.57,1544857995.17,2308676862.42,763818867.25,10867655.949999988,2436.15,2185.79,823.43,645.03,1382.54,1814.69,0.0,0.0,,,,Y,,,轻工制造,家用轻工,家具,23.23,23.36,23.35
sh603313,梦百合,2018-04-13,23.88,23.88,23.15,23.19,23.42,1186500.0,27748788.0,1909627903.98,5565600000.0,155848577.42,58817413.57,1544857995.17,2308676862.42,763818867.25,10867655.949999988,1368.34,1406.12,151.38,199.32,1245.22,888.11,0.0,161.82,,,,Y,,,轻工制造,家用轻工,家具,23.58,23.46,23.51
sh603313,梦百合,2018-04-16,23.16,23.4,22.82,23.35,23.19,1150016.0,26606566.0,1922803430.7,5604000000.0,155848577.42,58817413.57,1544857995.17,2308676862.42,763818867.25,10867655.949999988,1101.11,1253.07,462.08,375.91,1082.43,969.04,0.0,0.0,,,,Y,,,轻工制造,家用轻工,家具,23.03,22.93,23.06
sh603313,梦百合,2018-04-17,23.4,23.48,22.49,22.65,23.35,1046331.0,24013292.0,1865160501.3,5436000000.0,155848577.42,58817413.57,1544857995.17,2308676862.42,763818867.25,10867655.949999988,1038.39,1045.25,195.1,417.63,1079.87,764.18,0.0,0.0,,,,Y,,,轻工制造,家用轻工,家具,23.39,23.25,23.24
sh603313,梦百合,2018-04-18,22.75,22.8,21.95,22.44,22.65,1136278.0,25287686.0,1847867622.48,5385600000.0,155848577.42,58817413.57,1544857995.17,2308676862.42,763818867.25,10867655.949999988,1002.09,1159.48,275.27,473.58,1193.34,842.75,0.0,0.0,,,,Y,,,轻工制造,家用轻工,家具,22.7,22.4,22.08
sh603313,梦百合,2018-04-19,22.48,22.65,22.28,22.44,22.44,766513.0,17239396.0,1847867622.48,5385600000.0,155848577.42,58817413.57,1544857995.17,2308676862.42,763818867.25,10867655.949999988,688.59,775.33,125.56,95.77,545.51,478.14,0.0,0.0,,,,Y,,,轻工制造,家用轻工,家具,22.43,22.53,22.52
sh603313,梦百合,2018-04-20,22.21,22.4,21.81,21.82,22.44,979493.0,21653141.0,1796812456.44,5236800000.0,155848577.42,58817413.57,1544857995.17,2308676862.42,763818867.25,10867655.949999988,846.58,913.3,231.88,482.21,1013.77,640.47,0.0,0.0,,,,Y,,,轻工制造,家用轻工,家具,22.38,22.3,22.37
sh603313,梦百合,2018-04-23,21.88,22.17,21.82,21.93,21.82,552900.0,12145911.0,1805870631.06,5263200000.0,155848577.42,58817413.57,1544857995.17,2308676862.42,763818867.25,10867655.949999988,507.79,604.35,138.63,139.83,545.86,460.87,0.0,0.0,,,,Y,,,轻工制造,家用轻工,家具,21.94,22.06,21.97
sh603313,梦百合,2018-04-24,21.9,22.46,21.9,22.41,21.93,664700.0,14816825.0,1845397211.22,5378400000.0,155848577.42,58817413.57,1544857995.17,2308676862.42,763818867.25,10867655.949999988,613.42,804.49,189.36,93.63,607.44,547.14,0.0,0.0,,,,Y,,,轻工制造,家用轻工,家具,22.09,22.38,22.25
sh603313,梦百合,2018-04-25,22.41,22.53,22.05,22.3,22.41,748300.0,16704528.0,1836339036.6,5352000000.0,155848577.42,58817413.57,1544857995.17,2308676862.42,763818867.25,10867655.949999988,774.5,509.36,148.86,574.74,721.27,502.79,0.0,0.0,,,,Y,,,轻工制造,家用轻工,家具,22.45,22.45,22.47
sh603313,梦百合,2018-04-26,22.31,22.36,21.53,21.63,22.3,849369.0,18658089.0,1781166518.46,5191200000.0,155848577.42,58817413.57,1544857995.17,2308676862.42,763818867.25,10867655.949999988,724.38,765.97,276.24,378.95,782.19,624.37,0.0,0.0,,,,Y,,,轻工制造,家用轻工,家具,22.31,22.12,22.11
sh603313,梦百合,2018-04-27,21.7,21.85,21.45,21.5,21.63,559200.0,12079038.0,1770461403.0,5160000000.0,155848577.42,58817413.57,1544857995.17,2308676862.42,763818867.25,10867655.949999988,476.52,611.31,70.95,62.29,621.69,470.62,0.0,0.0,,,,Y,,,轻工制造,家用轻工,家具,21.75,21.68,21.55
sh603313,梦百合,2018-05-02,20.85,21.71,19.91,21.5,21.5,2908594.0,59537250.0,1770461403.0,5160000000.0,93068065.24999997,25345228.180000003,1549341685.37,2261087349.75,711745664.38,4574340.2,2204.78,2505.21,1536.02,1340.23,1653.56,1611.09,396.41,241.7,,,,Y,,,轻工制造,家用轻工,家具,20.13,20.44,20.39
sh603313,梦百合,2018-05-03,21.08,21.6,20.6,21.31,21.5,1128200.0,23862185.0,1754815465.02,5114400000.0,93068065.24999997,25345228.180000003,1549341685.37,2261087349.75,711745664.38,4574340.2,914.35,1005.77,557.23,405.9,855.23,925.1,131.73,107.45,,,,Y,,,轻工制造,家用轻工,家具,21.07,21.08,20.63
sh603313,梦百合,2018-05-04,21.08,21.45,20.9,20.91,21.31,581400.0,12295906.0,1721876648.22,5018400000.0,93068065.24999997,25345228.180000003,1549341685.37,2261087349.75,711745664.38,4574340.2,599.57,544.64,59.85,174.2,537.5,406.16,0.0,0.0,,,,Y,,,轻工制造,家用轻工,家具,21.19,21.19,21.32
sh603313,梦百合,2018-05-07,20.92,21.4,20.9,21.3,20.91,923500.0,19648734.0,1753991994.6,5112000000.0,93068065.24999997,25345228.180000003,1549341685.37,2261087349.75,711745664.38,4574340.2,588.3,661.19,253.84,383.04,935.12,641.54,138.26,213.08,,,,Y,,,轻工制造,家用轻工,家具,21.02,21.23,21.27
sh603313,梦百合,2018-05-08,21.33,21.48,21.07,21.37,21.3,692378.0,14723579.0,1759756287.54,5128800000.0,93068065.24999997,25345228.180000003,1549341685.37,2261087349.75,711745664.38,4574340.2,602.53,630.87,202.85,373.85,594.23,412.64,0.0,0.0,,,,Y,,,轻工制造,家用轻工,家具,21.47,21.39,21.3
sh603313,梦百合,2018-05-09,21.4,21.4,21.08,21.13,21.37,559400.0,11845890.0,1739992997.46,5071200000.0,93068065.24999997,25345228.180000003,1549341685.37,2261087349.75,711745664.38,4574340.2,515.61,583.45,100.88,193.13,485.16,317.68,0.0,0.0,,,,Y,,,轻工制造,家用轻工,家具,21.26,21.25,21.25
sh603313,梦百合,2018-05-10,21.27,21.5,21.15,21.49,21.13,800120.0,17030016.0,1769637932.58,5157600000.0,93068065.24999997,25345228.180000003,1549341685.37,2261087349.75,711745664.38,4574340.2,777.33,713.35,158.46,412.69,634.29,511.94,0.0,0.0,,,,Y,,,轻工制造,家用轻工,家具,21.25,21.21,21.18
sh603313,梦百合,2018-05-11,21.5,21.97,21.45,21.74,21.49,1365894.0,29764770.0,1790224693.08,5217600000.0,93068065.24999997,25345228.180000003,1549341685.37,2261087349.75,711745664.38,4574340.2,1394.5,1290.0,607.91,412.27,917.01,1266.57,0.0,0.0,,,,Y,,,轻工制造,家用轻工,家具,21.53,21.6,21.89
sh603313,梦百合,2018-05-14,21.93,21.96,21.41,21.48,21.74,688255.0,14950175.0,1768814462.16,5155200000.0,93068065.24999997,25345228.180000003,1549341685.37,2261087349.75,711745664.38,4574340.2,604.14,602.89,172.71,279.21,550.82,419.23,0.0,0.0,,,,Y,,,轻工制造,家用轻工,家具,21.77,21.64,21.67
sh603313,梦百合,2018-05-15,21.41,21.68,21.41,21.65,21.48,519500.0,11203617.0,1782813459.3,5196000000.0,93068065.24999997,25345228.180000003,1549341685.37,2261087349.75,711745664.38,4574340.2,563.79,541.37,125.39,171.48,378.68,401.15,0.0,0.0,,,,Y,,,轻工制造,家用轻工,家具,21.62,21.58,21.68
sh603313,梦百合,2018-05-16,21.87,22.45,21.6,22.18,21.65,1273424.0,28030613.0,1826457391.56,5323200000.0,93068065.24999997,25345228.180000003,1549341685.37,2261087349.75,711745664.38,4574340.2,1201.4,1214.23,611.67,404.11,794.0,1029.98,0.0,0.0,,,,Y,,,轻工制造,家用轻工,家具,21.67,21.69,21.68
sh603313,梦百合,2018-05-17,22.18,22.38,22.03,22.35,22.18,1073947.0,23916764.0,1840456388.7,5364000000.0,93068065.24999997,25345228.180000003,1549341685.37,2261087349.75,711745664.38,4574340.2,1028.35,1251.29,368.08,332.28,983.08,805.1,0.0,0.0,,,,Y,,,轻工制造,家用轻工,家具,22.25,22.27,22.26
sh603313,梦百合,2018-05-18,22.35,22.92,22.15,22.62,22.35,1456298.0,32985056.0,1862690090.04,5428800000.0,93068065.24999997,25345228.180000003,1549341685.37,2261087349.75,711745664.38,4574340.2,1367.99,1315.36,526.05,567.61,1325.6,1338.05,0.0,0.0,,,,Y,,,轻工制造,家用轻工,家具,22.3,22.37,22.39
sh603313,梦百合,2018-05-21,22.86,22.92,22.44,22.57,22.62,1086000.0,24606920.0,1858572737.94,5416800000.0,93068065.24999997,25345228.180000003,1549341685.37,2261087349.75,711745664.38,4574340.2,1138.34,1124.87,216.96,420.88,1016.14,795.53,0.0,0.0,,,,Y,,,轻工制造,家用轻工,家具,22.65,22.84,22.65
sh603313,梦百合,2018-05-22,22.63,22.65,22.38,22.57,22.57,872671.0,19634174.0,1858572737.94,5416800000.0,93068065.24999997,25345228.180000003,1549341685.37,2261087349.75,711745664.38,4574340.2,951.04,991.0,252.13,410.71,724.52,567.91,0.0,0.0,,,,Y,,,轻工制造,家用轻工,家具,22.59,22.48,22.5
sh603313,梦百合,2018-05-23,22.39,22.88,22.22,22.5,22.57,1235262.0,27796597.0,1852808445.0,5400000000.0,93068065.24999997,25345228.180000003,1549341685.37,2261087349.75,711745664.38,4574340.2,1116.22,1076.68,534.01,778.98,961.99,855.11,101.47,0.0,,,,Y,,,轻工制造,家用轻工,家具,22.48,22.45,22.48
sh603313,梦百合,2018-05-24,22.58,22.75,22.41,22.56,22.5,608900.0,13764520.0,1857749267.52,5414400000.0,93068065.24999997,25345228.180000003,1549341685.37,2261087349.75,711745664.38,4574340.2,610.16,624.95,199.21,192.4,515.22,479.18,0.0,0.0,,,,Y,,,轻工制造,家用轻工,家具,22.55,22.7,22.66
sh603313,梦百合,2018-05-25,22.6,22.64,22.07,22.33,22.56,714200.0,15945896.0,1838809447.86,5359200000.0,93068065.24999997,25345228.180000003,1549341685.37,2261087349.75,711745664.38,4574340.2,628.16,673.18,109.44,339.86,694.26,442.33,0.0,0.0,,,,Y,,,轻工制造,家用轻工,家具,22.49,22.45,22.47
sh603313,梦百合,2018-05-28,22.34,22.34,21.51,21.82,22.33,783899.0,17210119.0,1796812456.44,5236800000.0,93068065.24999997,25345228.180000003,1549341685.37,2261087349.75,711745664.38,4574340.2,656.67,722.82,365.44,497.23,623.3,484.8,0.0,0.0,,,,Y,,,轻工制造,家用轻工,家具,22.26,21.9,21.91
sh603313,梦百合,2018-05-29,21.82,23.98,21.66,22.85,21.82,3188100.0,73236683.0,1881629909.7,5484000000.0,93068065.24999997,25345228.180000003,1549341685.37,2261087349.75,711745664.38,4574340.2,3007.06,3105.25,1820.18,1081.98,2242.46,2703.27,0.0,0.0,,,,Y,,,轻工制造,家用轻工,家具,21.89,21.96,21.93
sh603313,梦百合,2018-05-30,22.2,23.5,22.1,22.99,22.85,2739120.0,62693687.0,1893158495.58,5517600000.0,93068065.24999997,25345228.180000003,1549341685.37,2261087349.75,711745664.38,4574340.2,2487.09,2748.85,1185.19,1065.18,2431.27,2431.7,0.0,0.0,,,,Y,,,轻工制造,家用轻工,家具,22.4,22.54,22.47
sh603313,梦百合,2018-05-31,22.79,24.45,22.79,24.05,22.99,4494427.0,106679419.0,1980446360.1,5772000000.0,93068065.24999997,25345228.180000003,1549341685.37,2261087349.75,711745664.38,4574340.2,4711.22,5448.69,1987.92,2159.56,3636.75,3110.79,238.1,0.0,,,,Y,,,轻工制造,家用轻工,家具,23.19,23.2,23.41
sh603313,梦百合,2018-06-01,23.7,23.88,23.28,23.56,24.05,2207248.0,51859078.0,1940096309.52,5654400000.0,93068065.24999997,25345228.180000003,1549341685.37,2261087349.75,711745664.38,4574340.2,2027.56,2386.81,1106.14,1096.83,2122.98,1440.62,0.0,210.2,,,,Y,,,轻工制造,家用轻工,家具,23.74,23.44,23.6
sh603313,梦百合,2018-06-04,23.65,23.74,23.25,23.49,23.56,1137115.0,26668125.0,1934332016.58,5637600000.0,93068065.24999997,25345228.180000003,1549341685.37,2261087349.75,711745664.38,4574340.2,1262.35,1303.12,295.59,377.73,1098.8,937.54,0.0,0.0,,,,Y,,,轻工制造,家用轻工,家具,23.46,23.5,23.47
sh603313,梦百合,2018-06-05,23.74,23.96,22.96,23.2,23.49,2881361.0,67431314.0,1910451374.4,5568000000.0,93068065.24999997,25345228.180000003,1549341685.37,2261087349.75,711745664.38,4574340.2,2661.7,2504.82,1410.93,2281.51,2474.36,1667.03,119.8,0.0,,,,Y,,,轻工制造,家用轻工,家具,23.59,23.52,23.61
sh603313,梦百合,2018-06-06,23.15,23.19,22.7,22.87,23.2,1926200.0,43988840.0,1883276850.54,5488800000.0,93068065.24999997,25345228.180000003,1549341685.37,2261087349.75,711745664.38,4574340.2,1840.22,2247.87,594.09,798.35,1573.83,955.26,0.0,0.0,,,,Y,,,轻工制造,家用轻工,家具,22.9,22.84,22.81
sh603313,梦百合,2018-06-07,22.8,23.32,22.43,22.46,22.87,2008176.0,45863537.0,1849514563.32,5390400000.0,93068065.24999997,25345228.180000003,1549341685.37,2261087349.75,711745664.38,4574340.2,1780.7,2522.83,938.81,698.64,1752.33,1200.34,0.0,0.0,,,,Y,,,轻工制造,家用轻工,家具,23.14,23.23,23.13
sh603313,梦百合,2018-06-08,22.42,22.54,21.46,21.77,22.46,1751476.0,38358702.0,1792695104.34,5224800000.0,93068065.24999997,25345228.180000003,1549341685.37,2261087349.75,711745664.38,4574340.2,1606.24,1688.21,325.81,856.19,1866.77,1177.81,0.0,0.0,,,,Y,,,轻工制造,家用轻工,家具,22.3,22.39,22.34
sh603313,梦百合,2018-06-11,21.62,21.87,21.24,21.4,21.77,960816.0,20719901.0,1762226698.8,5136000000.0,93068065.24999997,25345228.180000003,1549341685.37,2261087349.75,711745664.38,4574340.2,717.1,803.48,331.36,714.39,807.57,479.98,220.96,0.0,,,,Y,,,轻工制造,家用轻工,家具,21.67,21.67,21.75
sh603313,梦百合,2018-06-12,21.41,22.1,21.21,21.92,21.4,840689.0,18251103.0,1805047160.64,5260800000.0,93068065.24999997,25345228.180000003,1549341685.37,2261087349.75,711745664.38,4574340.2,713.02,761.68,264.85,154.67,736.6,851.51,0.0,0.0,,,,Y,,,轻工制造,家用轻工,家具,21.56,21.53,21.46
sh603313,梦百合,2018-06-13,21.92,21.92,21.3,21.33,21.92,646600.0,13962703.0,1756462405.86,5119200000.0,93068065.24999997,25345228.180000003,1549341685.37,2261087349.75,711745664.38,4574340.2,598.19,620.28,143.06,192.49,546.99,458.68,0.0,0.0,,,,Y,,,轻工制造,家用轻工,家具,21.88,21.81,21.76
sh603313,梦百合,2018-06-14,21.33,21.78,21.3,21.43,21.33,474115.0,10199529.0,1764697110.06,5143200000.0,93068065.24999997,25345228.180000003,1549341685.37,2261087349.75,711745664.38,4574340.2,484.29,513.17,126.53,71.6,396.04,412.62,0.0,0.0,,,,Y,,,轻工制造,家用轻工,家具,21.33,21.39,21.74
sh603313,梦百合,2018-06-15,21.38,21.7,20.66,21.1,21.43,862008.0,18144834.0,1737522586.2,5064000000.0,93068065.24999997,25345228.180000003,1549341685.37,2261087349.75,711745664.38,4574340.2,983.27,936.14,138.58,287.74,671.1,487.26,0.0,0.0,,,,Y,,,轻工制造,家用轻工,家具,21.44,21.59,21.51
sh603313,梦百合,2018-06-19,20.83,20.96,18.99,19.25,21.1,1356900.0,26848963.0,1585180558.5,4620000000.0,93068065.24999997,25345228.180000003,1549341685.37,2261087349.75,711745664.38,4574340.2,1034.67,953.62,174.85,547.2,1219.16,736.37,0.0,113.18,,,,Y,,,轻工制造,家用轻工,家具,20.79,20.9,20.7
sh603313,梦百合,2018-06-20,19.32,19.68,18.6,19.32,19.25,800160.0,15452871.0,1590944851.44,4636800000.0,93068065.24999997,25345228.180000003,1549341685.37,2261087349.75,711745664.38,4574340.2,644.06,621.99,38.7,187.56,772.52,630.57,0.0,0.0,,,,Y,,,轻工制造,家用轻工,家具,19.31,19.26,19.18
sh603313,梦百合,2018-06-21,19.4,19.76,18.9,18.91,19.32,748250.0,14368397.0,1557182564.22,4538400000.0,93068065.24999997,25345228.180000003,1549341685.37,2261087349.75,711745664.38,4574340.2,711.33,503.3,124.26,188.29,546.89,584.28,0.0,0.0,,,,Y,,,轻工制造,家用轻工,家具,19.33,19.4,19.4
sh603313,梦百合,2018-06-22,18.86,19.43,18.7,19.39,18.91,558498.0,10720373.0,1596709144.38,4653600000.0,93068065.24999997,25345228.180000003,1549341685.37,2261087349.75,711745664.38,4574340.2,448.09,538.01,114.11,26.59,443.92,459.24,0.0,0.0,,,,Y,,,轻工制造,家用轻工,家具,18.9,19.01,19.03
sh603313,梦百合,2018-06-25,19.52,19.9,19.33,19.36,19.39,520300.0,10198925.0,1594238733.12,4646400000.0,93068065.24999997,25345228.180000003,1549341685.37,2261087349.75,711745664.38,4574340.2,392.62,482.97,50.96,23.04,466.42,389.54,0.0,0.0,,,,Y,,,轻工制造,家用轻工,家具,19.89,19.73,19.66
sh603313,梦百合,2018-06-26,19.03,19.65,18.8,19.49,19.36,449367.0,8696150.0,1604943848.58,4677600000.0,93068065.24999997,25345228.180000003,1549341685.37,2261087349.75,711745664.38,4574340.2,454.29,415.48,75.4,94.55,265.67,311.62,0.0,0.0,,,,Y,,,轻工制造,家用轻工,家具,19.27,19.36,19.42
sh603313,梦百合,2018-06-27,19.51,19.78,19.34,19.4,19.49,555570.0,10892803.0,1597532614.8,4656000000.0,93068065.24999997,25345228.180000003,1549341685.37,2261087349.75,711745664.38,4574340.2,452.5,337.18,223.85,102.3,400.21,470.02,0.0,117.72,,,,Y,,,轻工制造,家用轻工,家具,19.63,19.56,19.53
sh603313,梦百合,2018-06-28,19.43,19.88,19.01,19.11,19.4,618528.0,12002166.0,1573651972.62,4586400000.0,93068065.24999997,25345228.180000003,1549341685.37,2261087349.75,711745664.38,4574340.2,450.69,527.01,166.92,239.98,479.88,310.36,0.0,0.0,,,,Y,,,轻工制造,家用轻工,家具,19.43,19.62,19.6
sh603313,梦百合,2018-06-29,19.18,19.59,19.1,19.45,19.11,514600.0,9994364.0,1601649966.9,4668000000.0,93068065.24999997,25345228.180000003,1549341685.37,2261087349.75,711745664.38,4574340.2,510.88,468.32,55.08,105.15,382.36,374.1,0.0,0.0,,,,Y,,,轻工制造,家用轻工,家具,19.34,19.26,19.12
sh603313,梦百合,2018-07-02,19.49,19.75,19.07,19.16,19.45,486600.0,9399380.0,1577769324.72,4598400000.0,93068065.24999997,25345228.180000003,1549341685.37,2261087349.75,711745664.38,4574340.2,318.13,468.97,21.02,71.14,574.09,358.9,0.0,0.0,,,,Y,,,轻工制造,家用轻工,家具,19.49,19.62,19.69
sh603313,梦百合,2018-07-03,19.27,19.9,19.27,19.61,19.16,1089450.0,21412314.0,1614825493.62,4706400000.0,93068065.24999997,25345228.180000003,1549341685.37,2261087349.75,711745664.38,4574340.2,892.39,1111.98,380.16,186.78,833.68,810.53,0.0,0.0,,,,Y,,,轻工制造,家用轻工,家具,19.65,19.52,19.69
sh603313,梦百合,2018-07-04,19.43,19.67,19.09,19.13,19.61,605000.0,11697393.0,1575298913.46,4591200000.0,93068065.24999997,25345228.180000003,1549341685.37,2261087349.75,711745664.38,4574340.2,436.68,600.75,20.32,79.53,549.24,321.53,134.0,100.45,,,,Y,,,轻工制造,家用轻工,家具,19.55,19.57,19.53
sh603313,梦百合,2018-07-05,19.11,19.32,18.22,18.24,19.13,629790.0,11819486.0,1502010046.08,4377600000.0,93068065.24999997,25345228.180000003,1549341685.37,2261087349.75,711745664.38,4574340.2,399.58,584.11,155.0,93.25,564.19,366.15,0.0,0.0,,,,Y,,,轻工制造,家用轻工,家具,19.32,19.05,19.07
sh603313,梦百合,2018-07-06,18.55,18.65,18.05,18.24,18.24,558978.0,10267535.0,1502010046.08,4377600000.0,93068065.24999997,25345228.180000003,1549341685.37,2261087349.75,711745664.38,4574340.2,500.71,411.77,31.43,100.23,477.79,486.89,0.0,0.0,,,,Y,,,轻工制造,家用轻工,家具,18.1,18.42,18.3
sh603313,梦百合,2018-07-09,18.18,18.52,18.18,18.44,18.24,613900.0,11256309.0,1518479454.48,4425600000.0,93068065.24999997,25345228.180000003,1549341685.37,2261087349.75,711745664.38,4574340.2,445.29,525.33,24.75,115.61,577.01,458.41,0.0,0.0,,,,Y,,,轻工制造,家用轻工,家具,18.32,18.31,18.4
sh603313,梦百合,2018-07-10,18.23,18.5,18.23,18.41,18.44,440200.0,8079218.0,1516009043.22,4418400000.0,93068065.24999997,25345228.180000003,1549341685.37,2261087349.75,711745664.38,4574340.2,419.28,280.83,23.97,156.65,363.98,361.8,0.0,0.0,,,,Y,,,轻工制造,家用轻工,家具,18.39,18.36,18.33
sh603313,梦百合,2018-07-11,18.2,18.2,16.68,17.54,18.41,1970500.0,34357501.0,1444367116.68,4209600000.0,93068065.24999997,25345228.180000003,1549341685.37,2261087349.75,711745664.38,4574340.2,1629.15,1623.49,394.16,704.21,1244.46,882.12,0.0,0.0,,,,Y,,,轻工制造,家用轻工,家具,18.05,18.15,18.03
sh603313,梦百合,2018-07-12,17.5,17.75,17.4,17.67,17.54,697942.0,12304598.0,1455072232.14,4240800000.0,93068065.24999997,25345228.180000003,1549341685.37,2261087349.75,711745664.38,4574340.2,540.05,559.86,42.86,110.12,597.62,509.14,0.0,0.0,,,,Y,,,轻工制造,家用轻工,家具,17.6,17.53,17.5
sh603313,梦百合,2018-07-13,17.66,17.79,17.45,17.66,17.67,671300.0,11844217.0,1454248761.72,4238400000.0,93068065.24999997,25345228.180000003,1549341685.37,2261087349.75,711745664.38,4574340.2,419.92,618.67,166.47,98.47,517.3,379.8,0.0,0.0,,,,Y,,,轻工制造,家用轻工,家具,17.68,17.7,17.73
sh603313,梦百合,2018-07-16,17.72,19.0,17.13,18.38,17.66,1480500.0,26746656.0,1513538631.96,4411200000.0,93068065.24999997,25345228.180000003,1549341685.37,2261087349.75,711745664.38,4574340.2,1055.46,979.28,110.54,384.02,1220.44,1128.05,0.0,0.0,,,,Y,,,轻工制造,家用轻工,家具,17.62,17.41,17.4
sh603313,梦百合,2018-07-17,18.04,18.27,17.76,17.95,18.38,794942.0,14230953.0,1478129403.9,4308000000.0,93068065.24999997,25345228.180000003,1549341685.37,2261087349.75,711745664.38,4574340.2,503.36,607.75,48.93,103.62,849.27,705.49,0.0,0.0,,,,Y,,,轻工制造,家用轻工,家具,18.02,17.93,17.91
sh603313,梦百合,2018-07-18,17.95,18.05,17.85,17.88,17.95,485000.0,8708543.0,1472365110.96,4291200000.0,93068065.24999997,25345228.180000003,1549341685.37,2261087349.75,711745664.38,4574340.2,414.4,312.25,0.0,58.71,436.42,475.26,0.0,0.0,,,,Y,,,轻工制造,家用轻工,家具,17.96,17.99,17.98
sh603313,梦百合,2018-07-19,17.95,18.2,17.79,18.01,17.88,649378.0,11702558.0,1483070226.42,4322400000.0,93068065.24999997,25345228.180000003,1549341685.37,2261087349.75,711745664.38,4574340.2,338.89,498.14,332.65,103.15,471.73,548.26,0.0,0.0,,,,Y,,,轻工制造,家用轻工,家具,17.81,17.9,17.98
sh603313,梦百合,2018-07-20,17.99,18.25,17.8,17.93,18.01,491700.0,8843732.0,1476482463.06,4303200000.0,93068065.24999997,25345228.180000003,1549341685.37,2261087349.75,711745664.38,4574340.2,330.49,386.08,88.22,86.24,446.3,378.67,0.0,0.0,,,,Y,,,轻工制造,家用轻工,家具,17.94,17.96,17.85
sh603313,梦百合,2018-07-23,17.85,17.99,17.61,17.82,17.93,522900.0,9306752.0,1467424288.44,4276800000.0,93068065.24999997,25345228.180000003,1549341685.37,2261087349.75,711745664.38,4574340.2,381.55,378.75,23.11,178.38,522.35,322.96,0.0,0.0,,,,Y,,,轻工制造,家用轻工,家具,17.87,17.86,17.87
sh603313,梦百合,2018-07-24,17.82,18.17,17.8,18.07,17.82,774600.0,13943290.0,1488011048.94,4336800000.0,93068065.24999997,25345228.180000003,1549341685.37,2261087349.75,711745664.38,4574340.2,596.41,618.63,140.64,179.94,563.96,571.84,0.0,0.0,,,,Y,,,轻工制造,家用轻工,家具,17.87,17.83,17.86
sh603313,梦百合,2018-07-25,18.07,18.55,18.07,18.53,18.07,1102500.0,20288529.0,1525890688.26,4447200000.0,93068065.24999997,25345228.180000003,1549341685.37,2261087349.75,711745664.38,4574340.2,851.45,673.96,543.87,272.51,546.99,974.37,0.0,0.0,,,,Y,,,轻工制造,家用轻工,家具,18.15,18.31,18.3
sh603313,梦百合,2018-07-26,18.46,18.46,18.02,18.29,18.53,1038409.0,18893955.0,1506127398.18,4389600000.0,80795796.92,23849080.02,1585675352.1299999,2323851878.62,738176526.49,33532186.76,868.94,965.74,20.1,379.57,915.63,497.97,0.0,0.0,,,,Y,,,轻工制造,家用轻工,家具,18.21,18.14,18.21
sh603313,梦百合,2018-07-27,18.28,18.46,18.0,18.01,18.29,759200.0,13822950.0,1483070226.42,4322400000.0,80795796.92,23849080.02,1585675352.1299999,2323851878.62,738176526.49,33532186.76,337.7,645.22,68.41,92.68,949.38,624.08,0.0,0.0,,,,Y,,,轻工制造,家用轻工,家具,18.14,18.13,18.27
sh603313,梦百合,2018-07-30,18.14,18.14,17.65,17.8,18.01,578700.0,10353865.0,1465777347.6,4272000000.0,80795796.92,23849080.02,1585675352.1299999,2323851878.62,738176526.49,33532186.76,376.57,461.68,24.11,132.75,615.27,402.97,0.0,0.0,,,,Y,,,轻工制造,家用轻工,家具,18.02,18.1,18.08
sh603313,梦百合,2018-07-31,17.93,17.93,17.61,17.64,17.8,391200.0,6929209.0,1452601820.88,4233600000.0,80795796.92,23849080.02,1585675352.1299999,2323851878.62,738176526.49,33532186.76,244.59,246.47,44.51,53.14,403.92,371.2,0.0,0.0,,,,Y,,,轻工制造,家用轻工,家具,17.76,17.84,17.75
sh603313,梦百合,2018-08-01,17.64,17.8,17.06,17.09,17.64,673200.0,11776961.0,1407310947.78,4101600000.0,80795796.92,23849080.02,1585675352.1299999,2323851878.62,738176526.49,33532186.76,494.14,318.84,20.17,181.05,612.19,573.81,0.0,0.0,,,,Y,,,轻工制造,家用轻工,家具,17.74,17.73,17.68
sh603313,梦百合,2018-08-02,17.1,17.16,16.0,16.58,17.09,976605.0,16088417.0,1365313956.36,3979200000.0,80795796.92,23849080.02,1585675352.1299999,2323851878.62,738176526.49,33532186.76,466.03,768.07,89.98,108.09,996.41,681.71,0.0,0.0,,,,Y,,,轻工制造,家用轻工,家具,17.08,17.01,16.82
sh603313,梦百合,2018-08-03,16.51,16.75,16.1,16.54,16.58,555221.0,9135117.0,1362020074.68,3969600000.0,80795796.92,23849080.02,1585675352.1299999,2323851878.62,738176526.49,33532186.76,309.41,303.24,166.01,124.42,437.82,441.51,0.0,0.0,,,,Y,,,轻工制造,家用轻工,家具,16.31,16.32,16.4
sh603313,梦百合,2018-08-06,16.52,16.9,15.9,16.79,16.54,646685.0,10519464.0,1382606835.18,4029600000.0,80795796.92,23849080.02,1585675352.1299999,2323851878.62,738176526.49,33532186.76,413.83,480.98,162.77,24.36,439.64,521.48,0.0,0.0,,,,Y,,,轻工制造,家用轻工,家具,16.27,16.28,16.25
sh603313,梦百合,2018-08-07,16.67,16.98,16.42,16.94,16.79,665522.0,11144486.0,1394958891.48,4065600000.0,80795796.92,23849080.02,1585675352.1299999,2323851878.62,738176526.49,33532186.76,484.28,444.61,49.57,179.68,465.68,418.2,0.0,0.0,,,,Y,,,轻工制造,家用轻工,家具,16.49,16.5,16.6
sh603313,梦百合,2018-08-08,16.73,17.28,16.52,16.59,16.94,516283.0,8741384.0,1366137426.78,3981600000.0,80795796.92,23849080.02,1585675352.1299999,2323851878.62,738176526.49,33532186.76,283.37,274.32,50.84,43.56,492.24,482.27,0.0,0.0,,,,Y,,,轻工制造,家用轻工,家具,16.97,17.28,17.14
sh603313,梦百合,2018-08-09,16.51,17.0,16.28,16.91,16.59,605202.0,10166534.0,1392488480.22,4058400000.0,80795796.92,23849080.02,1585675352.1299999,2323851878.62,738176526.49,33532186.76,365.4,322.88,184.85,214.92,327.53,362.31,0.0,0.0,,,,Y,,,轻工制造,家用轻工,家具,16.31,16.56,16.66
sh603313,梦百合,2018-08-10,16.9,16.94,16.72,16.9,16.91,279302.0,4704416.0,1391665009.8,4056000000.0,80795796.92,23849080.02,1585675352.1299999,2323851878.62,738176526.49,33532186.76,184.94,194.31,20.28,44.04,229.02,197.99,0.0,0.0,,,,Y,,,轻工制造,家用轻工,家具,16.79,16.81,16.81
sh603313,梦百合,2018-08-13,16.87,16.88,16.57,16.82,16.9,316708.0,5290847.0,1385077246.44,4036800000.0,80795796.92,23849080.02,1585675352.1299999,2323851878.62,738176526.49,33532186.76,223.51,272.72,0.0,0.0,278.24,226.87,0.0,0.0,,,,Y,,,轻工制造,家用轻工,家具,16.71,16.7,16.65
sh603313,梦百合,2018-08-14,16.71,16.85,16.7,16.77,16.82,191588.0,3212014.0,1380959894.34,4024800000.0,80795796.92,23849080.02,1585675352.1299999,2323851878.62,738176526.49,33532186.76,117.9,137.94,0.0,0.0,201.29,177.21,0.0,0.0,,,,Y,,,轻工制造,家用轻工,家具,16.8,16.77,16.75
sh603313,梦百合,2018-08-15,16.77,16.77,16.29,16.7,16.77,505100.0,8328689.0,1375195601.4,4008000000.0,80795796.92,23849080.02,1585675352.1299999,2323851878.62,738176526.49,33532186.76,402.81,392.24,49.5,107.14,362.85,318.88,0.0,0.0,,,,Y,,,轻工制造,家用轻工,家具,16.7,16.73,16.72
sh603313,梦百合,2018-08-16,16.32,16.53,16.2,16.21,16.7,417687.0,6822834.0,1334845550.82,3890400000.0,80795796.92,23849080.02,1585675352.1299999,2323851878.62,738176526.49,33532186.76,229.58,356.31,0.0,35.21,407.57,228.22,0.0,0.0,,,,Y,,,轻工制造,家用轻工,家具,16.33,16.35,16.33
sh603313,梦百合,2018-08-17,16.25,16.47,16.0,16.02,16.21,278900.0,4498871.0,1319199612.84,3844800000.0,80795796.92,23849080.02,1585675352.1299999,2323851878.62,738176526.49,33532186.76,165.71,208.65,0.0,0.0,252.04,200.0,0.0,0.0,,,,Y,,,轻工制造,家用轻工,家具,16.31,16.32,16.3
sh603313,梦百合,2018-08-20,15.85,16.27,15.58,16.07,16.02,369813.0,5864833.0,1323316964.94,3856800000.0,80795796.92,23849080.02,1585675352.1299999,2323851878.62,738176526.49,33532186.76,243.53,267.75,0.0,23.05,295.27,244.22,0.0,0.0,,,,Y,,,轻工制造,家用轻工,家具,16.0,16.12,16.07
sh603313,梦百合,2018-08-21,15.8,16.22,15.7,16.05,16.07,274320.0,4400008.0,1321670024.1,3852000000.0,80795796.92,23849080.02,1585675352.1299999,2323851878.62,738176526.49,33532186.76,165.15,171.17,20.45,47.8,237.49,192.36,0.0,0.0,,,,Y,,,轻工制造,家用轻工,家具,16.0,15.91,16.0
sh603313,梦百合,2018-08-22,16.03,16.15,15.8,15.93,16.05,244120.0,3895419.0,1311788379.06,3823200000.0,80795796.92,23849080.02,1585675352.1299999,2323851878.62,738176526.49,33532186.76,160.71,147.16,23.46,31.7,215.39,200.08,0.0,0.0,,,,Y,,,轻工制造,家用轻工,家具,16.03,15.95,15.94
sh603313,梦百合,2018-08-23,15.94,16.04,15.73,15.83,15.93,221900.0,3525532.0,1303553674.86,3799200000.0,80795796.92,23849080.02,1585675352.1299999,2323851878.62,738176526.49,33532186.76,53.46,111.9,0.0,0.0,276.87,202.3,0.0,0.0,,,,Y,,,轻工制造,家用轻工,家具,16.0,16.0,15.92
sh603313,梦百合,2018-08-24,15.85,15.92,15.71,15.71,15.83,219300.0,3471316.0,1293672029.82,3770400000.0,80795796.92,23849080.02,1585675352.1299999,2323851878.62,738176526.49,33532186.76,91.13,133.11,0.0,0.0,237.81,181.53,0.0,0.0,,,,Y,,,轻工制造,家用轻工,家具,15.92,15.78,15.81
sh603313,梦百合,2018-08-27,15.73,16.04,15.73,16.0,15.71,352000.0,5596900.0,1317552672.0,3840000000.0,80795796.92,23849080.02,1585675352.1299999,2323851878.62,738176526.49,33532186.76,244.98,209.78,22.43,45.26,246.36,288.56,0.0,0.0,,,,Y,,,轻工制造,家用轻工,家具,15.83,15.77,15.79
sh603313,梦百合,2018-08-28,16.06,16.22,15.93,15.99,16.0,469922.0,7547012.0,1316729201.58,3837600000.0,80795796.92,23849080.02,1585675352.1299999,2323851878.62,738176526.49,33532186.76,289.98,339.67,22.21,112.11,335.98,276.33,100.6,0.0,,,,Y,,,轻工制造,家用轻工,家具,16.0,15.93,16.02
sh603313,梦百合,2018-08-29,16.07,16.15,15.89,16.07,15.99,494805.0,7943682.0,1323316964.94,3856800000.0,80795796.92,23849080.02,1585675352.1299999,2323851878.62,738176526.49,33532186.76,341.93,285.61,113.76,165.34,309.36,324.45,0.0,0.0,,,,Y,,,轻工制造,家用轻工,家具,16.07,16.06,15.97
sh603313,梦百合,2018-08-30,16.18,16.18,15.62,15.82,16.07,554641.0,8774591.0,1302730204.44,3796800000.0,80795796.92,23849080.02,1585675352.1299999,2323851878.62,738176526.49,33532186.76,391.71,321.3,52.0,86.37,404.25,408.09,0.0,0.0,,,,Y,,,轻工制造,家用轻工,家具,16.07,16.01,16.0
sh603313,梦百合,2018-08-31,15.7,15.73,15.45,15.53,15.82,277400.0,4320066.0,1278849562.26,3727200000.0,80795796.92,23849080.02,1585675352.1299999,2323851878.62,738176526.49,33532186.76,144.7,171.94,26.57,56.18,226.61,150.99,0.0,0.0,,,,Y,,,轻工制造,家用轻工,家具,15.69,15.66,15.65
sh603313,梦百合,2018-09-03,15.55,15.55,15.03,15.3,15.53,284218.0,4343055.0,1259909742.6,3672000000.0,80795796.92,23849080.02,1585675352.1299999,2323851878.62,738176526.49,33532186.76,104.64,148.02,46.63,110.34,245.06,152.61,0.0,0.0,,,,Y,,,轻工制造,家用轻工,家具,15.48,15.31,15.33
sh603313,梦百合,2018-09-04,15.32,15.46,15.18,15.43,15.3,537500.0,8222227.0,1270614858.06,3703200000.0,80795796.92,23849080.02,1585675352.1299999,2323851878.62,738176526.49,33532186.76,278.45,314.42,105.62,239.18,324.48,210.82,0.0,0.0,,,,Y,,,轻工制造,家用轻工,家具,15.3,15.32,15.35
sh603313,梦百合,2018-09-05,15.43,15.43,15.03,15.07,15.43,372600.0,5667932.0,1240969922.94,3616800000.0,80795796.92,23849080.02,1585675352.1299999,2323851878.62,738176526.49,33532186.76,241.29,270.78,30.3,43.38,279.82,233.38,0.0,0.0,,,,Y,,,轻工制造,家用轻工,家具,15.35,15.34,15.27
sh603313,梦百合,2018-09-06,15.02,15.6,15.02,15.5,15.07,1032500.0,15784302.0,1276379151.0,3720000000.0,80795796.92,23849080.02,1585675352.1299999,2323851878.62,738176526.49,33532186.76,495.96,936.3,196.7,149.7,885.49,486.04,0.0,0.0,,,,Y,,,轻工制造,家用轻工,家具,15.12,15.08,15.17
sh603313,梦百合,2018-09-07,15.63,15.63,15.14,15.29,15.5,573015.0,8779895.0,1259086272.18,3669600000.0,80795796.92,23849080.02,1585675352.1299999,2323851878.62,738176526.49,33532186.76,446.19,501.61,26.28,0.0,348.52,320.78,0.0,0.0,,,,Y,,,轻工制造,家用轻工,家具,15.42,15.45,15.49
sh603313,梦百合,2018-09-10,15.17,15.4,14.8,14.8,15.29,629900.0,9511908.0,1218736221.6,3552000000.0,80795796.92,23849080.02,1585675352.1299999,2323851878.62,738176526.49,33532186.76,453.77,459.01,62.52,212.51,397.46,221.22,0.0,0.0,,,,Y,,,轻工制造,家用轻工,家具,15.31,15.23,15.31
sh603313,梦百合,2018-09-11,14.8,14.99,14.69,14.99,14.8,809415.0,12033800.0,1234382159.58,3597600000.0,80795796.92,23849080.02,1585675352.1299999,2323851878.62,738176526.49,33532186.76,430.82,506.26,326.6,304.78,204.49,267.13,0.0,0.0,,,,Y,,,轻工制造,家用轻工,家具,14.8,14.82,14.83
sh603313,梦百合,2018-09-12,15.08,15.3,14.92,15.15,14.99,822415.0,12490970.0,1247557686.3,3636000000.0,80795796.92,23849080.02,1585675352.1299999,2323851878.62,738176526.49,33532186.76,449.05,617.19,259.41,212.79,433.5,310.57,0.0,0.0,,,,Y,,,轻工制造,家用轻工,家具,14.97,14.98,15.16
sh603313,梦百合,2018-09-13,15.2,15.44,15.02,15.19,15.15,589689.0,8968731.0,1250851567.98,3645600000.0,80795796.92,23849080.02,1585675352.1299999,2323851878.62,738176526.49,33532186.76,454.53,543.09,87.28,93.05,295.5,224.3,0.0,0.0,,,,Y,,,轻工制造,家用轻工,家具,15.33,15.35,15.32
sh603313,梦百合,2018-09-14,15.13,15.41,15.03,15.16,15.19,469100.0,7105510.0,1248381156.72,3638400000.0,80795796.92,23849080.02,1585675352.1299999,2323851878.62,738176526.49,33532186.76,324.85,239.47,81.61,178.24,269.48,254.77,0.0,0.0,,,,Y,,,轻工制造,家用轻工,家具,15.35,15.26,15.25
sh603313,梦百合,2018-09-17,15.05,15.23,14.5,15.06,15.16,808895.0,12031342.0,1240146452.52,3614400000.0,80795796.92,23849080.02,1585675352.1299999,2323851878.62,738176526.49,33532186.76,419.67,315.43,327.46,406.35,328.13,356.78,0.0,0.0,,,,Y,,,轻工制造,家用轻工,家具,14.82,15.06,15.08
sh603313,梦百合,2018-09-18,15.05,15.18,14.86,15.13,15.06,366381.0,5523465.0,1245910745.46,3631200000.0,80795796.92,23849080.02,1585675352.1299999,2323851878.62,738176526.49,33532186.76,282.65,299.09,20.78,0.0,242.95,225.77,0.0,0.0,,,,Y,,,轻工制造,家用轻工,家具,14.95,14.98,14.98
sh603313,梦百合,2018-09-19,15.11,15.63,15.03,15.47,15.13,887081.0,13676314.0,1273908739.74,3712800000.0,80795796.92,23849080.02,1585675352.1299999,2323851878.62,738176526.49,33532186.76,647.56,626.31,203.69,74.41,523.32,655.93,0.0,0.0,,,,Y,,,轻工制造,家用轻工,家具,15.19,15.22,15.2
sh603313,梦百合,2018-09-20,15.48,15.65,15.37,15.55,15.47,605281.0,9409620.0,1280496503.1,3732000000.0,80795796.92,23849080.02,1585675352.1299999,2323851878.62,738176526.49,33532186.76,321.42,385.41,260.76,167.4,332.37,375.65,0.0,0.0,,,,Y,,,轻工制造,家用轻工,家具,15.48,15.41,15.47
sh603313,梦百合,2018-09-21,15.64,17.11,15.64,17.11,15.55,2708632.0,44968708.0,1408957888.62,4106400000.0,80795796.92,23849080.02,1585675352.1299999,2323851878.62,738176526.49,33532186.76,1098.73,1522.7,1247.07,605.94,868.1,1940.19,782.73,0.0,,,,Y,,,轻工制造,家用轻工,家具,15.81,15.78,16.0
sh603313,梦百合,2018-09-25,17.17,17.86,17.04,17.11,17.11,3093788.0,53818364.0,1408957888.62,4106400000.0,80795796.92,23849080.02,1585675352.1299999,2323851878.62,738176526.49,33532186.76,2162.81,2182.83,946.66,1308.54,2252.65,1698.49,169.81,305.03,,,,Y,,,轻工制造,家用轻工,家具,17.46,17.29,17.4
sh603313,梦百合,2018-09-26,17.09,18.25,17.02,17.78,17.11,3541517.0,62488264.0,1464130406.76,4267200000.0,80795796.92,23849080.02,1585675352.1299999,2323851878.62,738176526.49,33532186.76,2561.01,2569.94,1336.01,1304.33,2243.1,2510.61,0.0,0.0,,,,Y,,,轻工制造,家用轻工,家具,17.43,17.18,17.21
sh603313,梦百合,2018-09-27,17.53,18.45,17.53,17.96,17.78,2496887.0,44973278.0,1478952874.32,4310400000.0,80795796.92,23849080.02,1585675352.1299999,2323851878.62,738176526.49,33532186.76,1533.39,1480.53,878.18,616.3,2063.25,2327.21,0.0,0.0,,,,Y,,,轻工制造,家用轻工,家具,17.86,17.82,17.78
sh603313,梦百合,2018-09-28,17.85,18.07,17.55,17.84,17.96,1255902.0,22286369.0,1469071229.28,4281600000.0,80795796.92,23849080.02,1585675352.1299999,2323851878.62,738176526.49,33532186.76,921.07,778.93,323.08,362.86,912.39,1002.01,0.0,0.0,,,,Y,,,轻工制造,家用轻工,家具,17.72,17.76,17.73
sh603313,梦百合,2018-10-08,17.69,18.08,17.34,17.46,17.84,1186870.0,20968695.0,1437779353.32,4190400000.0,80795796.92,23849080.02,1585675352.1299999,2323851878.62,738176526.49,33532186.76,871.12,945.49,74.22,292.09,1115.41,778.06,0.0,0.0,,,,Y,,,轻工制造,家用轻工,家具,17.58,17.56,17.65
sh603313,梦百合,2018-10-09,17.79,18.04,17.35,17.83,17.46,1537233.0,27287178.0,1468247758.86,4279200000.0,80795796.92,23849080.02,1585675352.1299999,2323851878.62,738176526.49,33532186.76,789.89,773.98,578.06,506.24,1164.98,1535.07,214.2,0.0,,,,Y,,,轻工制造,家用轻工,家具,17.61,17.7,17.7
sh603313,梦百合,2018-10-10,18.0,18.04,17.16,17.29,17.83,1663427.0,29024432.0,1423780356.18,4149600000.0,80795796.92,23849080.02,1585675352.1299999,2323851878.62,738176526.49,33532186.76,1288.11,1044.25,373.95,577.66,1194.22,1185.23,0.0,0.0,,,,Y,,,轻工制造,家用轻工,家具,17.88,17.79,17.79
sh603313,梦百合,2018-10-11,16.8,17.48,16.4,16.81,17.29,1892338.0,32110160.0,1384253776.02,4034400000.0,80795796.92,23849080.02,1585675352.1299999,2323851878.62,738176526.49,33532186.76,1233.43,1633.4,272.61,345.08,1638.96,1147.26,0.0,0.0,,,,Y,,,轻工制造,家用轻工,家具,16.88,17.08,17.18
sh603313,梦百合,2018-10-12,16.9,17.79,16.61,17.57,16.81,2233070.0,38906306.0,1446837527.94,4216800000.0,80795796.92,23849080.02,1585675352.1299999,2323851878.62,738176526.49,33532186.76,1444.35,1461.83,562.75,395.57,1686.03,1942.82,105.02,0.0,,,,Y,,,轻工制造,家用轻工,家具,16.74,17.39,17.44
sh603313,梦百合,2018-10-15,17.96,17.98,16.7,16.77,17.57,2264694.0,39394405.0,1380959894.34,4024800000.0,80795796.92,23849080.02,1585675352.1299999,2323851878.62,738176526.49,33532186.76,1561.68,1347.21,770.16,796.0,1521.68,1620.74,0.0,0.0,,,,Y,,,轻工制造,家用轻工,家具,17.73,17.89,17.65
sh603313,梦百合,2018-10-16,16.91,16.95,15.68,15.93,16.77,1624900.0,26195232.0,1311788379.06,3823200000.0,80795796.92,23849080.02,1585675352.1299999,2323851878.62,738176526.49,33532186.76,948.42,1151.4,415.5,227.89,1205.08,1118.87,0.0,0.0,,,,Y,,,轻工制造,家用轻工,家具,16.9,16.21,16.25
sh603313,梦百合,2018-10-17,15.82,16.23,15.73,16.01,15.93,708200.0,11323117.0,1318376142.42,3842400000.0,80795796.92,23849080.02,1585675352.1299999,2323851878.62,738176526.49,33532186.76,302.61,535.19,133.58,99.91,675.87,482.54,0.0,0.0,,,,Y,,,轻工制造,家用轻工,家具,16.13,15.99,16.0
sh603313,梦百合,2018-10-18,16.01,16.45,15.81,15.94,16.01,996032.0,16097708.0,1312611849.48,3825600000.0,80795796.92,23849080.02,1585675352.1299999,2323851878.62,738176526.49,33532186.76,548.01,567.91,152.21,319.16,712.37,725.82,228.85,0.0,,,,Y,,,轻工制造,家用轻工,家具,15.88,15.99,15.96
sh603313,梦百合,2018-10-19,15.73,16.45,15.38,16.06,15.94,736182.0,11814399.0,1322493494.52,3854400000.0,80795796.92,23849080.02,1585675352.1299999,2323851878.62,738176526.49,33532186.76,441.1,483.13,104.61,65.45,585.16,581.74,0.0,0.0,,,,Y,,,轻工制造,家用轻工,家具,15.56,15.94,15.82
sh603313,梦百合,2018-10-22,16.19,17.67,16.19,17.4,16.06,2030000.0,35024300.0,1432838530.8,4176000000.0,80795796.92,23849080.02,1585675352.1299999,2323851878.62,738176526.49,33532186.76,1356.39,1510.71,836.43,312.07,997.49,1670.63,240.45,0.0,,,,Y,,,轻工制造,家用轻工,家具,16.58,16.78,17.14
sh603313,梦百合,2018-10-23,17.25,17.88,17.25,17.37,17.4,1958000.0,34411768.0,1430368119.54,4168800000.0,80795796.92,23849080.02,1585675352.1299999,2323851878.62,738176526.49,33532186.76,1649.55,1141.11,566.47,464.4,919.35,1595.42,507.15,223.22,,,,Y,,,轻工制造,家用轻工,家具,17.36,17.72,17.78
sh603313,梦百合,2018-10-24,17.21,18.68,17.21,18.58,17.37,3192758.0,58007669.0,1530008040.36,4459200000.0,80795796.92,23849080.02,1585675352.1299999,2323851878.62,738176526.49,33532186.76,2261.04,2418.59,1096.11,433.91,2333.44,2661.18,0.0,198.16,,,,Y,,,轻工制造,家用轻工,家具,17.38,17.72,17.66
sh603313,梦百合,2018-10-25,18.0,19.49,17.7,19.47,18.58,4398738.0,83130828.0,1603296907.74,4672800000.0,121288119.59,42951660.11,1664645175.53,2823864511.92,1159219336.39,72313936.68,3409.47,3681.52,1865.87,1113.17,2938.41,3404.7,0.0,0.0,,,,Y,,,轻工制造,家用轻工,家具,17.78,18.29,18.3
sh603313,梦百合,2018-10-26,19.73,19.96,18.7,19.0,19.47,2561315.0,49016195.0,1564593798.0,4560000000.0,121288119.59,42951660.11,1664645175.53,2823864511.92,1159219336.39,72313936.68,1908.2,1695.56,928.89,767.85,2106.54,2457.8,0.0,0.0,,,,Y,,,轻工制造,家用轻工,家具,19.46,19.07,19.27
sh603313,梦百合,2018-10-29,19.26,19.6,18.71,18.96,19.0,1996343.0,38297064.0,1561299916.32,4550400000.0,121288119.59,42951660.11,1664645175.53,2823864511.92,1159219336.39,72313936.68,1836.64,1318.54,502.73,584.68,1503.96,1840.77,0.0,0.0,,,,Y,,,轻工制造,家用轻工,家具,18.88,18.98,19.09
sh603313,梦百合,2018-10-30,18.73,19.3,18.46,18.84,18.96,1519868.0,28748347.0,1551418271.28,4521600000.0,121288119.59,42951660.11,1664645175.53,2823864511.92,1159219336.39,72313936.68,1003.38,1161.2,213.98,330.39,1584.22,1322.52,0.0,0.0,,,,Y,,,轻工制造,家用轻工,家具,19.0,18.93,18.49
sh603313,梦百合,2018-10-31,18.88,19.48,18.39,18.88,18.84,1949734.0,36863228.0,1554712152.96,4531200000.0,121288119.59,42951660.11,1664645175.53,2823864511.92,1159219336.39,72313936.68,1411.51,1464.52,225.89,785.02,1913.7,1376.3,0.0,0.0,,,,Y,,,轻工制造,家用轻工,家具,19.15,19.36,19.3
sh603313,梦百合,2018-11-01,18.81,19.48,18.71,18.96,18.88,2032505.0,38958242.0,1561299916.32,4550400000.0,121288119.59,42951660.11,1664645175.53,2823864511.92,1159219336.39,72313936.68,1457.94,1406.41,726.28,158.27,1550.61,1902.74,193.0,386.0,,,,Y,,,轻工制造,家用轻工,家具,18.72,19.22,19.24
sh603313,梦百合,2018-11-02,19.55,19.79,18.38,19.0,18.96,2716890.0,51597208.0,1564593798.0,4560000000.0,121288119.59,42951660.11,1664645175.53,2823864511.92,1159219336.39,72313936.68,1945.13,1851.68,1016.0,1230.25,2261.58,1897.7,0.0,147.2,,,,Y,,,轻工制造,家用轻工,家具,19.35,19.35,19.25
sh603313,梦百合,2018-11-05,19.0,19.3,18.62,19.06,19.0,1294918.0,24640199.0,1569534620.52,4574400000.0,121288119.59,42951660.11,1664645175.53,2823864511.92,1159219336.39,72313936.68,998.05,968.67,135.86,420.63,1100.17,997.34,140.6,0.0,,,,Y,,,轻工制造,家用轻工,家具,18.91,18.9,19.2
sh603313,梦百合,2018-11-06,18.92,20.79,18.81,20.45,19.06,4305155.0,85872945.0,1683997008.9,4908000000.0,121288119.59,42951660.11,1664645175.53,2823864511.92,1159219336.39,72313936.68,3283.23,3176.07,1777.54,1731.34,2921.1,3315.57,405.75,303.85,,,,Y,,,轻工制造,家用轻工,家具,19.08,19.24,19.38
sh603313,梦百合,2018-11-07,20.01,20.64,19.68,19.75,20.45,3408753.0,68525550.0,1626354079.5,4740000000.0,121288119.59,42951660.11,1664645175.53,2823864511.92,1159219336.39,72313936.68,2400.8,2840.02,1666.75,1381.54,2387.81,1999.9,417.03,612.11,,,,Y,,,轻工制造,家用轻工,家具,20.02,20.34,20.49
sh603313,梦百合,2018-11-08,19.75,20.4,19.52,20.01,19.75,2829838.0,56664372.0,1647764310.42,4802400000.0,121288119.59,42951660.11,1664645175.53,2823864511.92,1159219336.39,72313936.68,1125.84,2050.44,2887.65,1392.47,1352.98,1929.46,377.48,322.7,,,,Y,,,轻工制造,家用轻工,家具,19.87,19.72,19.71
sh603313,梦百合,2018-11-09,19.76,20.25,19.54,19.54,20.01,1071769.0,21160525.0,1609061200.68,4689600000.0,121288119.59,42951660.11,1664645175.53,2823864511.92,1159219336.39,72313936.68,801.95,778.61,275.55,571.29,950.25,651.93,0.0,0.0,,,,Y,,,轻工制造,家用轻工,家具,19.82,20.0,19.84
sh603313,梦百合,2018-11-12,19.31,20.28,19.31,19.87,19.54,1627466.0,32635612.0,1636235724.54,4768800000.0,121288119.59,42951660.11,1664645175.53,2823864511.92,1159219336.39,72313936.68,1847.51,1177.77,474.96,677.22,966.49,1309.05,0.0,0.0,,,,Y,,,轻工制造,家用轻工,家具,19.67,19.98,19.98
sh603313,梦百合,2018-11-13,19.72,20.75,19.63,20.42,19.87,2028189.0,41330696.0,1681526597.64,4900800000.0,121288119.59,42951660.11,1664645175.53,2823864511.92,1159219336.39,72313936.68,792.33,1700.15,1163.16,648.28,2117.97,1769.25,0.0,0.0,,,,Y,,,轻工制造,家用轻工,家具,19.84,19.94,19.87
sh603313,梦百合,2018-11-14,20.25,20.74,20.2,20.27,20.42,933307.0,19077378.0,1669174541.34,4864800000.0,121288119.59,42951660.11,1664645175.53,2823864511.92,1159219336.39,72313936.68,465.5,785.45,445.64,326.71,943.37,761.78,0.0,0.0,,,,Y,,,轻工制造,家用轻工,家具,20.46,20.42,20.48
sh603313,梦百合,2018-11-15,20.55,21.13,20.32,20.85,20.27,1282960.0,26725822.0,1716935825.7,5004000000.0,121288119.59,42951660.11,1664645175.53,2823864511.92,1159219336.39,72313936.68,1093.4,1028.94,596.84,528.75,932.39,1081.94,0.0,0.0,,,,Y,,,轻工制造,家用轻工,家具,20.4,20.59,20.65
sh603313,梦百合,2018-11-16,20.85,21.38,20.1,21.32,20.85,2816030.0,58597189.0,1755638935.44,5116800000.0,121288119.59,42951660.11,1664645175.53,2823864511.92,1159219336.39,72313936.68,2107.86,2089.79,796.53,1702.36,2813.29,1743.87,0.0,236.02,,,,Y,,,轻工制造,家用轻工,家具,20.98,21.05,21.0
sh603313,梦百合,2018-11-19,20.98,21.3,20.7,21.06,21.32,1402473.0,29410029.0,1734228704.52,5054400000.0,121288119.59,42951660.11,1664645175.53,2823864511.92,1159219336.39,72313936.68,1167.78,1091.61,658.5,562.79,1116.6,1317.5,0.0,0.0,,,,Y,,,轻工制造,家用轻工,家具,21.11,20.98,20.86
sh603313,梦百合,2018-11-20,20.87,20.95,20.46,20.51,21.06,994800.0,20554121.0,1688937831.42,4922400000.0,121288119.59,42951660.11,1664645175.53,2823864511.92,1159219336.39,72313936.68,976.71,774.93,155.6,396.14,895.64,727.65,0.0,103.4,,,,Y,,,轻工制造,家用轻工,家具,20.87,20.79,20.79
sh603313,梦百合,2018-11-21,20.36,20.41,19.95,20.32,20.51,677106.0,13711506.0,1673291893.44,4876800000.0,121288119.59,42951660.11,1664645175.53,2823864511.92,1159219336.39,72313936.68,592.61,521.32,171.75,253.63,560.51,460.18,0.0,100.0,,,,Y,,,轻工制造,家用轻工,家具,20.18,20.22,20.1
sh603313,梦百合,2018-11-22,20.25,20.76,19.89,20.08,20.32,843745.0,17125009.0,1653528603.36,4819200000.0,121288119.59,42951660.11,1664645175.53,2823864511.92,1159219336.39,72313936.68,687.41,667.13,90.66,345.52,894.41,601.61,0.0,0.0,,,,Y,,,轻工制造,家用轻工,家具,20.5,20.7,20.68
sh603313,梦百合,2018-11-23,19.66,20.28,19.3,19.74,20.08,1111908.0,21955402.0,1625530609.08,4737600000.0,121288119.59,42951660.11,1664645175.53,2823864511.92,1159219336.39,72313936.68,548.89,971.32,223.32,245.9,1304.31,850.59,0.0,0.0,,,,Y,,,轻工制造,家用轻工,家具,19.97,20.04,20.23
sh603313,梦百合,2018-11-26,19.63,19.78,19.12,19.12,19.74,737100.0,14329838.0,1574475443.04,4588800000.0,121288119.59,42951660.11,1664645175.53,2823864511.92,1159219336.39,72313936.68,467.67,483.12,173.98,313.32,776.73,588.73,0.0,0.0,,,,Y,,,轻工制造,家用轻工,家具,19.48,19.62,19.74
sh603313,梦百合,2018-11-27,19.19,19.66,19.19,19.63,19.12,1025805.0,19999431.0,1616472434.46,4711200000.0,121288119.59,42951660.11,1664645175.53,2823864511.92,1159219336.39,72313936.68,505.19,1016.79,543.05,318.59,990.0,682.83,0.0,0.0,,,,Y,,,轻工制造,家用轻工,家具,19.41,19.45,19.5
sh603313,梦百合,2018-11-28,19.2,20.15,19.2,20.1,19.63,1605211.0,31538362.0,1655175544.2,4824000000.0,121288119.59,42951660.11,1664645175.53,2823864511.92,1159219336.39,72313936.68,954.44,1030.04,799.6,997.78,1180.9,1024.3,245.02,153.6,,,,Y,,,轻工制造,家用轻工,家具,19.4,19.6,19.63
sh603313,梦百合,2018-11-29,20.0,20.55,19.68,19.73,20.1,1040900.0,21007667.0,1624707138.66,4735200000.0,121288119.59,42951660.11,1664645175.53,2823864511.92,1159219336.39,72313936.68,844.87,720.6,344.37,451.06,859.26,814.33,0.0,0.0,,,,Y,,,轻工制造,家用轻工,家具,20.0,20.2,20.46
sh603313,梦百合,2018-11-30,19.65,20.18,19.55,19.98,19.73,906736.0,18108060.0,1645293899.16,4795200000.0,121288119.59,42951660.11,1664645175.53,2823864511.92,1159219336.39,72313936.68,712.9,680.1,216.84,252.25,830.91,667.63,0.0,100.6,,,,Y,,,轻工制造,家用轻工,家具,19.82,19.71,19.95
sh603313,梦百合,2018-12-03,20.58,20.86,20.06,20.15,19.98,2465590.0,50336869.0,1659292896.3,4836000000.0,121288119.59,42951660.11,1664645175.53,2823864511.92,1159219336.39,72313936.68,1684.17,2286.87,1077.42,1261.77,2283.05,1627.48,102.15,0.0,,,,Y,,,轻工制造,家用轻工,家具,20.74,20.15,20.25
sh603313,梦百合,2018-12-04,20.15,20.47,20.02,20.22,20.15,799312.0,16180799.0,1665057189.24,4852800000.0,121288119.59,42951660.11,1664645175.53,2823864511.92,1159219336.39,72313936.68,445.48,444.22,190.32,160.91,963.22,1011.35,0.0,0.0,,,,Y,,,轻工制造,家用轻工,家具,20.15,20.32,20.29
sh603313,梦百合,2018-12-05,19.91,20.17,19.65,19.91,20.22,956552.0,19027342.0,1639529606.22,4778400000.0,121288119.59,42951660.11,1664645175.53,2823864511.92,1159219336.39,72313936.68,755.99,861.59,40.3,337.77,1131.41,661.53,0.0,0.0,,,,Y,,,轻工制造,家用轻工,家具,19.69,19.96,20.04
sh603313,梦百合,2018-12-06,19.71,20.13,19.51,19.57,19.91,562200.0,11093092.0,1611531611.94,4696800000.0,121288119.59,42951660.11,1664645175.53,2823864511.92,1159219336.39,72313936.68,252.83,495.51,43.66,79.91,747.86,445.62,0.0,0.0,,,,Y,,,轻工制造,家用轻工,家具,19.78,19.75,19.73
sh603313,梦百合,2018-12-07,19.51,19.94,19.51,19.75,19.57,529906.0,10490485.0,1626354079.5,4740000000.0,121288119.59,42951660.11,1664645175.53,2823864511.92,1159219336.39,72313936.68,237.62,403.66,29.82,46.02,718.1,526.7,0.0,0.0,,,,Y,,,轻工制造,家用轻工,家具,19.66,19.73,19.8
sh603313,梦百合,2018-12-10,19.7,20.09,19.53,20.05,19.75,733700.0,14573669.0,1651058192.1,4812000000.0,121288119.59,42951660.11,1664645175.53,2823864511.92,1159219336.39,72313936.68,387.49,702.26,205.06,90.13,799.05,607.78,0.0,0.0,,,,Y,,,轻工制造,家用轻工,家具,19.79,19.84,19.93
sh603313,梦百合,2018-12-11,20.18,20.45,19.56,19.58,20.05,800200.0,15754364.0,1612355082.36,4699200000.0,121288119.59,42951660.11,1664645175.53,2823864511.92,1159219336.39,72313936.68,605.55,433.05,30.58,45.28,910.79,1036.44,0.0,0.0,,,,Y,,,轻工制造,家用轻工,家具,19.93,19.8,19.7
sh603313,梦百合,2018-12-12,19.61,19.77,19.03,19.12,19.58,913923.0,17578243.0,1574475443.04,4588800000.0,121288119.59,42951660.11,1664645175.53,2823864511.92,1159219336.39,72313936.68,618.2,509.09,27.7,352.42,1056.89,820.98,0.0,0.0,,,,Y,,,轻工制造,家用轻工,家具,19.7,19.63,19.63
sh603313,梦百合,2018-12-13,19.2,19.68,19.15,19.53,19.12,824100.0,16036245.0,1608237730.26,4687200000.0,121288119.59,42951660.11,1664645175.53,2823864511.92,1159219336.39,72313936.68,468.13,522.21,129.94,214.47,933.58,840.21,0.0,0.0,,,,Y,,,轻工制造,家用轻工,家具,19.21,19.29,19.25
sh603313,梦百合,2018-12-14,19.5,19.7,19.22,19.25,19.53,600723.0,11723798.0,1585180558.5,4620000000.0,121288119.59,42951660.11,1664645175.53,2823864511.92,1159219336.39,72313936.68,336.92,475.15,0.0,57.48,791.99,586.62,0.0,0.0,,,,Y,,,轻工制造,家用轻工,家具,19.55,19.65,19.57
sh603313,梦百合,2018-12-17,19.25,19.59,19.15,19.39,19.25,532880.0,10339101.0,1596709144.38,4653600000.0,121288119.59,42951660.11,1664645175.53,2823864511.92,1159219336.39,72313936.68,260.97,431.86,25.01,0.0,683.84,567.15,0.0,0.0,,,,Y,,,轻工制造,家用轻工,家具,19.45,19.42,19.2
sh603313,梦百合,2018-12-18,19.67,19.67,18.53,18.82,19.39,1053524.0,20111353.0,1549771330.44,4516800000.0,121288119.59,42951660.11,1664645175.53,2823864511.92,1159219336.39,72313936.68,666.79,748.11,105.95,182.02,1222.52,1024.19,0.0,0.0,,,,Y,,,轻工制造,家用轻工,家具,19.5,19.49,19.42
sh603313,梦百合,2018-12-19,19.03,19.5,18.84,19.19,18.82,933500.0,18026344.0,1580239735.98,4605600000.0,121288119.59,42951660.11,1664645175.53,2823864511.92,1159219336.39,72313936.68,583.27,705.13,84.46,59.25,1087.01,998.49,0.0,0.0,,,,Y,,,轻工制造,家用轻工,家具,19.08,19.37,19.36
sh603313,梦百合,2018-12-20,19.02,19.35,18.9,19.02,19.19,721282.0,13775233.0,1566240738.84,4564800000.0,121288119.59,42951660.11,1664645175.53,2823864511.92,1159219336.39,72313936.68,465.4,415.75,71.22,69.35,817.31,883.26,0.0,0.0,,,,Y,,,轻工制造,家用轻工,家具,19.13,19.2,19.05
sh603313,梦百合,2018-12-21,19.63,20.29,19.51,19.71,19.02,2017473.0,40017607.0,1623060197.82,4730400000.0,121288119.59,42951660.11,1664645175.53,2823864511.92,1159219336.39,72313936.68,1683.98,1629.05,460.98,701.0,1541.04,1717.53,289.52,0.0,,,,Y,,,轻工制造,家用轻工,家具,19.66,19.56,19.62
sh603313,梦百合,2018-12-24,19.72,20.88,19.72,20.71,19.71,2826996.0,57568247.0,1705407239.82,4970400000.0,121288119.59,42951660.11,1664645175.53,2823864511.92,1159219336.39,72313936.68,2654.21,2945.96,1007.57,675.0,1717.9,2111.85,117.2,0.0,,,,Y,,,轻工制造,家用轻工,家具,19.98,20.01,20.02
sh603313,梦百合,2018-12-25,20.4,21.2,20.4,21.07,20.71,2573003.0,53611737.0,1735052174.94,5056800000.0,121288119.59,42951660.11,1664645175.53,2823864511.92,1159219336.39,72313936.68,2594.03,2160.87,699.67,740.39,2067.74,2485.03,0.0,0.0,,,,Y,,,轻工制造,家用轻工,家具,20.48,20.73,20.79
sh603313,梦百合,2018-12-26,20.99,21.42,20.8,21.11,21.07,1409850.0,29725344.0,1738346056.62,5066400000.0,121288119.59,42951660.11,1664645175.53,2823864511.92,1159219336.39,72313936.68,930.98,1131.86,135.72,352.25,1909.58,1406.22,0.0,0.0,,,,Y,,,轻工制造,家用轻工,家具,21.0,21.21,21.14
sh603313,梦百合,2018-12-27,21.47,21.48,20.63,20.7,21.11,1489422.0,31184034.0,1704583769.4,4968000000.0,121288119.59,42951660.11,1664645175.53,2823864511.92,1159219336.39,72313936.68,1182.45,1103.39,62.47,590.25,1857.49,1353.12,0.0,0.0,,,,Y,,,轻工制造,家用轻工,家具,20.98,21.17,21.08
sh603313,梦百合,2018-12-28,20.75,21.4,20.55,21.01,20.7,1426780.0,30060988.0,1730111352.42,5042400000.0,121288119.59,42951660.11,1664645175.53,2823864511.92,1159219336.39,72313936.68,1285.16,1264.92,207.22,232.76,1440.46,1413.33,0.0,0.0,,,,Y,,,轻工制造,家用轻工,家具,21.15,20.86,20.74
sh603313,梦百合,2019-01-02,21.15,22.14,20.9,22.0,21.01,2101304.0,45642791.0,1811634924.0,5280000000.0,121288119.59,42951660.11,1664645175.53,2823864511.92,1159219336.39,72313936.68,1857.1,1724.92,513.23,531.09,1987.04,2092.14,0.0,0.0,,,,Y,,,轻工制造,家用轻工,家具,21.11,21.47,21.3
sh603313,梦百合,2019-01-03,21.99,22.0,21.33,21.8,22.0,1873595.0,40464550.0,1795165515.6,5232000000.0,121288119.59,42951660.11,1664645175.53,2823864511.92,1159219336.39,72313936.68,1336.21,980.89,574.61,395.81,2114.61,2579.93,0.0,0.0,,,,Y,,,轻工制造,家用轻工,家具,21.76,21.63,21.8
sh603313,梦百合,2019-01-04,21.49,22.1,21.36,21.81,21.8,1588208.0,34481810.0,1795988986.02,5234400000.0,121288119.59,42951660.11,1664645175.53,2823864511.92,1159219336.39,72313936.68,1742.02,806.0,259.54,275.77,1443.55,2336.18,0.0,0.0,,,,Y,,,轻工制造,家用轻工,家具,21.42,21.51,21.44
sh603313,梦百合,2019-01-07,21.89,22.06,21.6,22.04,21.81,1468006.0,32162923.0,1814928805.68,5289600000.0,121288119.59,42951660.11,1664645175.53,2823864511.92,1159219336.39,72313936.68,1101.2,1199.35,376.51,324.8,1623.8,1631.29,0.0,0.0,,,,Y,,,轻工制造,家用轻工,家具,21.78,21.61,21.69
sh603313,梦百合,2019-01-08,21.86,22.24,21.73,21.95,22.04,1122081.0,24641708.0,1807517571.9,5268000000.0,121288119.59,42951660.11,1664645175.53,2823864511.92,1159219336.39,72313936.68,949.08,903.43,186.46,158.24,1055.64,1337.58,208.38,0.0,,,,Y,,,轻工制造,家用轻工,家具,21.86,21.76,21.92
sh603313,梦百合,2019-01-09,21.73,22.77,21.73,22.2,21.95,1517680.0,33961047.0,1828104332.4,5328000000.0,121288119.59,42951660.11,1664645175.53,2823864511.92,1159219336.39,72313936.68,1165.11,1541.57,455.32,439.81,1550.15,1351.7,112.95,0.0,,,,Y,,,轻工制造,家用轻工,家具,21.89,21.89,22.19
sh603313,梦百合,2019-01-10,22.28,22.7,22.19,22.36,22.2,808300.0,18114172.0,1841279859.12,5366400000.0,121288119.59,42951660.11,1664645175.53,2823864511.92,1159219336.39,72313936.68,668.53,832.15,119.36,145.92,1005.69,826.03,0.0,0.0,,,,Y,,,轻工制造,家用轻工,家具,22.44,22.52,22.34
sh603313,梦百合,2019-01-11,22.12,22.36,21.8,22.06,22.36,746716.0,16441680.0,1816575746.52,5294400000.0,121288119.59,42951660.11,1664645175.53,2823864511.92,1159219336.39,72313936.68,462.73,698.83,198.07,127.96,983.37,817.38,0.0,0.0,,,,Y,,,轻工制造,家用轻工,家具,21.96,22.11,22.06
sh603313,梦百合,2019-01-14,22.2,22.65,21.9,22.0,22.06,871058.0,19344033.0,1811634924.0,5280000000.0,121288119.59,42951660.11,1664645175.53,2823864511.92,1159219336.39,72313936.68,647.32,825.96,139.95,373.96,1147.13,734.49,0.0,0.0,,,,Y,,,轻工制造,家用轻工,家具,22.12,22.2,22.39
sh603313,梦百合,2019-01-15,22.07,22.25,21.55,22.02,22.0,921941.0,20121600.0,1813281864.84,5284800000.0,121288119.59,42951660.11,1664645175.53,2823864511.92,1159219336.39,72313936.68,418.66,932.41,289.34,293.48,1304.17,786.28,0.0,0.0,,,,Y,,,轻工制造,家用轻工,家具,22.07,21.81,21.57
sh603313,梦百合,2019-01-16,22.24,22.24,21.63,21.74,22.02,814941.0,17738409.0,1790224693.08,5217600000.0,121288119.59,42951660.11,1664645175.53,2823864511.92,1159219336.39,72313936.68,456.31,588.65,143.94,273.06,1065.09,912.13,108.5,0.0,,,,Y,,,轻工制造,家用轻工,家具,21.86,21.75,21.89
sh603313,梦百合,2019-01-17,21.66,21.98,21.41,21.88,21.74,1009400.0,21878977.0,1801753278.96,5251200000.0,121288119.59,42951660.11,1664645175.53,2823864511.92,1159219336.39,72313936.68,565.26,726.6,256.24,598.46,1366.4,862.84,0.0,0.0,,,,Y,,,轻工制造,家用轻工,家具,21.78,21.84,21.82
sh603313,梦百合,2019-01-18,21.5,21.85,21.44,21.67,21.88,970944.0,20965984.0,1784460400.14,5200800000.0,121288119.59,42951660.11,1664645175.53,2823864511.92,1159219336.39,72313936.68,656.05,411.48,470.03,182.53,970.52,1502.58,0.0,0.0,,,,Y,,,轻工制造,家用轻工,家具,21.64,21.54,21.6
sh603313,梦百合,2019-01-21,21.56,22.0,21.01,21.85,21.67,1061717.0,22985551.0,1799282867.7,5244000000.0,121288119.59,42951660.11,1664645175.53,2823864511.92,1159219336.39,72313936.68,655.97,657.1,262.79,321.74,1286.98,1122.5,0.0,104.4,,,,Y,,,轻工制造,家用轻工,家具,21.34,21.36,21.5
sh603313,梦百合,2019-01-22,21.8,22.0,21.2,21.22,21.85,838278.0,18073839.0,1747404231.24,5092800000.0,121288119.59,42951660.11,1664645175.53,2823864511.92,1159219336.39,72313936.68,470.98,605.53,167.51,154.7,956.8,835.05,0.0,0.0,,,,Y,,,轻工制造,家用轻工,家具,21.91,21.91,21.86
sh603313,梦百合,2019-01-23,21.2,22.33,21.06,22.15,21.22,1519978.0,33327949.0,1823986980.3,5316000000.0,121288119.59,42951660.11,1664645175.53,2823864511.92,1159219336.39,72313936.68,1295.97,1348.41,350.38,422.37,1572.31,1447.89,0.0,0.0,,,,Y,,,轻工制造,家用轻工,家具,21.51,21.62,21.55
sh603313,梦百合,2019-01-24,22.11,22.25,21.7,21.84,22.15,827562.0,18138406.0,1798459397.28,5241600000.0,121288119.59,42951660.11,1664645175.53,2823864511.92,1159219336.39,72313936.68,716.4,445.5,26.29,147.4,1024.59,1174.38,0.0,0.0,,,,Y,,,轻工制造,家用轻工,家具,22.11,22.1,22.01
sh603313,梦百合,2019-01-25,21.83,22.08,21.62,21.95,21.84,973500.0,21247902.0,1807517571.9,5268000000.0,121288119.59,42951660.11,1664645175.53,2823864511.92,1159219336.39,72313936.68,646.94,728.72,219.35,388.64,1183.36,932.29,0.0,0.0,,,,Y,,,轻工制造,家用轻工,家具,21.72,21.79,21.95
sh603313,梦百合,2019-01-28,22.15,22.15,21.31,21.7,21.95,1163475.0,25187828.0,1786930811.4,5208000000.0,121288119.59,42951660.11,1664645175.53,2823864511.92,1159219336.39,72313936.68,909.19,576.22,213.35,213.85,1268.5,1600.97,0.0,0.0,,,,Y,,,轻工制造,家用轻工,家具,21.95,21.87,21.71
sh603313,梦百合,2019-01-29,21.27,21.71,20.74,21.45,21.7,1103418.0,23481065.0,1766344050.9,5148000000.0,121288119.59,42951660.11,1664645175.53,2823864511.92,1159219336.39,72313936.68,652.94,572.01,345.47,243.22,1285.9,1469.07,0.0,0.0,,,,Y,,,轻工制造,家用轻工,家具,21.32,21.48,21.38
sh603313,梦百合,2019-01-30,21.3,21.4,20.76,21.13,21.45,936000.0,19729396.0,1739992997.46,5071200000.0,121288119.59,42951660.11,1664645175.53,2823864511.92,1159219336.39,72313936.68,683.92,493.42,105.11,367.43,1127.37,1055.55,0.0,0.0,,,,Y,,,轻工制造,家用轻工,家具,21.27,21.16,21.34
sh603313,梦百合,2019-01-31,20.92,21.39,20.78,21.07,21.13,905073.0,19093513.0,1735052174.94,5056800000.0,121288119.59,42951660.11,1664645175.53,2823864511.92,1159219336.39,72313936.68,609.65,624.06,362.31,332.16,892.2,907.94,0.0,0.0,,,,Y,,,轻工制造,家用轻工,家具,21.26,21.05,21.25
sh603313,梦百合,2019-02-01,21.14,21.8,21.0,21.71,21.07,992156.0,21363387.0,1787754281.82,5210400000.0,121288119.59,42951660.11,1664645175.53,2823864511.92,1159219336.39,72313936.68,675.2,550.48,417.13,239.69,787.62,1062.69,0.0,27.09,,,,Y,,,轻工制造,家用轻工,家具,21.2,21.22,21.12
sh603313,梦百合,2019-02-11,21.72,22.28,21.46,22.14,21.71,855716.0,18846029.0,1823163509.88,5313600000.0,121288119.59,42951660.11,1664645175.53,2823864511.92,1159219336.39,72313936.68,820.29,943.54,168.7,132.88,798.36,710.93,0.0,0.0,,,,Y,,,轻工制造,家用轻工,家具,21.6,21.72,21.8
sh603313,梦百合,2019-02-12,21.91,22.85,21.91,22.51,22.14,1863620.0,41841165.0,1853631915.42,5402400000.0,121288119.59,42951660.11,1664645175.53,2823864511.92,1159219336.39,72313936.68,1257.64,1399.88,1609.11,1275.04,1121.71,1057.72,0.0,255.84,,,,Y,,,轻工制造,家用轻工,家具,22.22,22.3,22.44
sh603313,梦百合,2019-02-13,22.55,22.82,22.29,22.52,22.51,1430825.0,32202032.0,1854455385.84,5404800000.0,121288119.59,42951660.11,1664645175.53,2823864511.92,1159219336.39,72313936.68,1123.8,1150.78,568.24,687.73,1412.0,1151.35,0.0,114.18,,,,Y,,,轻工制造,家用轻工,家具,22.78,22.67,22.65
sh603313,梦百合,2019-02-14,22.53,22.65,22.33,22.51,22.52,759360.0,17096505.0,1853631915.42,5402400000.0,121288119.59,42951660.11,1664645175.53,2823864511.92,1159219336.39,72313936.68,544.5,815.23,134.93,212.85,988.3,639.65,0.0,0.0,,,,Y,,,轻工制造,家用轻工,家具,22.36,22.48,22.4
sh603313,梦百合,2019-02-15,22.51,22.59,22.08,22.23,22.51,905199.0,20158236.0,1830574743.66,5335200000.0,121288119.59,42951660.11,1664645175.53,2823864511.92,1159219336.39,72313936.68,719.6,777.88,370.75,443.2,861.19,730.46,0.0,0.0,,,,Y,,,轻工制造,家用轻工,家具,22.4,22.55,22.41
sh603313,梦百合,2019-02-18,22.23,22.51,21.9,22.51,22.23,1740585.0,38720250.0,1853631915.42,5402400000.0,121288119.59,42951660.11,1664645175.53,2823864511.92,1159219336.39,72313936.68,1588.81,1356.73,669.86,866.51,1563.12,1159.36,0.0,439.19,,,,Y,,,轻工制造,家用轻工,家具,22.33,22.29,22.04
sh603313,梦百合,2019-02-19,22.35,22.84,21.94,22.43,22.51,1601585.0,35771413.0,1847044152.06,5383200000.0,121288119.59,42951660.11,1664645175.53,2823864511.92,1159219336.39,72313936.68,1384.5,1096.53,714.9,607.64,1352.68,1747.9,0.0,0.0,,,,Y,,,轻工制造,家用轻工,家具,22.51,22.67,22.74
sh603313,梦百合,2019-02-20,22.28,22.48,22.05,22.43,22.43,1079420.0,24051961.0,1847044152.06,5383200000.0,121288119.59,42951660.11,1664645175.53,2823864511.92,1159219336.39,72313936.68,960.93,698.18,740.34,491.6,603.67,1115.16,0.0,0.0,,,,Y,,,轻工制造,家用轻工,家具,22.15,22.15,22.33
sh603313,梦百合,2019-02-21,22.46,22.77,22.13,22.46,22.43,1246960.0,27921160.0,1849514563.32,5390400000.0,121288119.59,42951660.11,1664645175.53,2823864511.92,1159219336.39,72313936.68,1270.67,1128.3,389.4,346.31,904.51,1201.18,111.2,0.0,,,,Y,,,轻工制造,家用轻工,家具,22.25,22.39,22.31
sh603313,梦百合,2019-02-22,22.6,23.48,22.22,23.19,22.46,2291608.0,52679105.0,1909627903.98,5604907050.0,121288119.59,42951660.11,1664645175.53,2823864511.92,1159219336.39,72313936.68,2068.53,2152.85,1676.22,1010.68,988.95,1764.85,194.69,0.0,,,,Y,,,轻工制造,家用轻工,家具,22.35,22.29,22.32
sh603313,梦百合,2019-02-25,23.55,24.46,23.2,24.26,23.19,3333347.0,79990940.0,1997739238.92,5863520700.0,121288119.59,42951660.11,1664645175.53,2823864511.92,1159219336.39,72313936.68,2698.28,3054.29,3238.19,2279.11,1287.0,2159.82,619.87,350.13,,,,Y,,,轻工制造,家用轻工,家具,23.5,23.74,23.6
sh603313,梦百合,2019-02-26,24.21,24.39,23.8,23.95,24.26,2175205.0,52465065.0,1972211655.9,5788595250.0,121288119.59,42951660.11,1664645175.53,2823864511.92,1159219336.39,72313936.68,1803.37,2190.44,1577.47,1327.27,1424.5,1517.7,351.13,121.05,,,,Y,,,轻工制造,家用轻工,家具,24.03,23.98,24.0
sh603313,梦百合,2019-02-27,23.94,24.25,23.33,23.65,23.95,1315186.0,31343566.0,1947507543.3,5716086750.0,121288119.59,42951660.11,1664645175.53,2823864511.92,1159219336.39,72313936.68,1035.91,1308.56,655.39,554.93,1280.7,1108.5,0.0,0.0,,,,Y,,,轻工制造,家用轻工,家具,24.07,24.22,24.0
sh603313,梦百合,2019-02-28,23.2,23.8,23.07,23.26,23.65,1525000.0,35529936.0,1915392196.92,5621825700.0,121288119.59,42951660.11,1664645175.53,2823864511.92,1159219336.39,72313936.68,1172.01,1105.56,766.76,1245.62,1474.15,961.38,0.0,100.35,,,,Y,,,轻工制造,家用轻工,家具,23.4,23.19,23.29
sh603313,梦百合,2019-03-01,23.33,23.79,23.33,23.77,23.26,1539855.0,36330974.0,1957389188.34,5745090150.0,121288119.59,42951660.11,1664645175.53,2823864511.92,1159219336.39,72313936.68,910.11,1259.84,1480.28,398.99,1109.7,1606.06,0.0,235.2,,,,Y,,,轻工制造,家用轻工,家具,23.51,23.64,23.51
sh603313,梦百合,2019-03-04,23.78,24.06,22.6,22.98,23.77,3900171.0,91375786.0,1892335025.16,5554151100.0,121288119.59,42951660.11,1664645175.53,2823864511.92,1159219336.39,72313936.68,3538.96,2660.42,1548.52,3514.18,3507.05,2354.75,189.79,254.97,,,,Y,,,轻工制造,家用轻工,家具,23.65,23.71,23.9
sh603313,梦百合,2019-03-05,23.1,23.65,22.86,23.2,22.98,3915862.0,91014653.0,1910451374.4,5607324000.0,121288119.59,42951660.11,1664645175.53,2823864511.92,1159219336.39,72313936.68,2933.16,4315.89,1796.38,1837.68,4171.53,2534.75,0.0,212.75,,,,Y,,,轻工制造,家用轻工,家具,23.15,23.14,23.21
sh603313,梦百合,2019-03-06,23.43,23.45,22.69,23.12,23.2,2926516.0,67225343.0,1903863611.04,5587988400.0,121288119.59,42951660.11,1664645175.53,2823864511.92,1159219336.39,72313936.68,2532.68,2402.08,1019.6,1870.34,3018.03,2297.89,0.0,0.0,,,,Y,,,轻工制造,家用轻工,家具,23.28,22.98,22.92
sh603313,梦百合,2019-03-07,23.13,23.7,23.06,23.5,23.12,2724526.0,63706193.0,1935155487.0,5679832500.0,121288119.59,42951660.11,1664645175.53,2823864511.92,1159219336.39,72313936.68,2173.63,2385.29,1354.51,1238.91,2694.1,2598.05,0.0,0.0,,,,Y,,,轻工制造,家用轻工,家具,23.34,23.68,23.56
sh603313,梦百合,2019-03-08,23.28,23.45,22.1,22.2,23.5,2771972.0,63726462.0,1828104332.4,5365629000.0,121288119.59,42951660.11,1664645175.53,2823864511.92,1159219336.39,72313936.68,2536.67,2675.41,1417.21,824.23,2197.48,2651.71,0.0,0.0,,,,Y,,,轻工制造,家用轻工,家具,23.05,23.05,23.04
sh603313,梦百合,2019-03-11,22.35,23.95,22.35,23.85,22.2,2558539.0,59837087.0,1963976951.7,5764425750.0,121288119.59,42951660.11,1664645175.53,2823864511.92,1159219336.39,72313936.68,2169.42,2685.49,1461.23,619.24,1958.39,2284.31,0.0,0.0,,,,Y,,,轻工制造,家用轻工,家具,22.75,22.75,23.05
sh603313,梦百合,2019-03-12,23.96,24.81,23.67,24.22,23.85,2792738.0,67970073.0,1994445357.24,5853852900.0,121288119.59,42951660.11,1664645175.53,2823864511.92,1159219336.39,72313936.68,2600.14,2457.37,1403.85,1308.08,2071.18,2623.64,313.91,0.0,,,,Y,,,轻工制造,家用轻工,家具,24.17,24.47,24.56
sh603313,梦百合,2019-03-13,24.29,26.05,23.85,25.25,24.22,4285824.0,107916472.0,2079262810.5,6102798750.0,121288119.59,42951660.11,1664645175.53,2823864511.92,1159219336.39,72313936.68,4503.78,4347.02,2511.59,1737.23,2788.94,3730.04,500.24,490.26,,,,Y,,,轻工制造,家用轻工,家具,24.09,24.11,24.47
sh603313,梦百合,2019-03-14,25.0,26.05,24.03,25.85,25.25,3180139.0,79976526.0,2128671035.7,6247815750.0,121288119.59,42951660.11,1664645175.53,2823864511.92,1159219336.39,72313936.68,3217.23,2730.99,2192.81,1528.04,2106.98,3103.81,0.0,154.18,,,,Y,,,轻工制造,家用轻工,家具,25.01,24.89,24.69
sh603313,梦百合,2019-03-15,25.5,26.38,25.2,26.14,25.85,2748530.0,70955919.0,2152551677.88,6317907300.0,121288119.59,42951660.11,1664645175.53,2823864511.92,1159219336.39,72313936.68,3089.6,3074.95,1942.37,996.03,1774.06,2852.48,117.44,0.0,,,,Y,,,轻工制造,家用轻工,家具,25.7,25.45,25.2
sh603313,梦百合,2019-03-18,26.01,28.0,25.73,27.07,26.14,3290701.0,89536801.0,2229134426.94,6542683650.0,121288119.59,42951660.11,1664645175.53,2823864511.92,1159219336.39,72313936.68,3867.16,3092.81,2343.77,2618.92,1825.56,2497.31,306.53,133.97,,,,Y,,,轻工制造,家用轻工,家具,26.22,26.16,26.55
sh603313,梦百合,2019-03-19,27.51,27.51,26.63,27.18,27.07,2106514.0,57083409.0,2238192601.56,6569270100.0,121288119.59,42951660.11,1664645175.53,2823864511.92,1159219336.39,72313936.68,1821.83,2435.97,1713.31,1694.13,1730.67,1370.17,234.46,0.0,,,,Y,,,轻工制造,家用轻工,家具,27.29,27.04,27.36
sh603313,梦百合,2019-03-20,27.18,27.21,26.36,27.2,27.18,2063853.0,55466921.0,2239839542.4,6574104000.0,121288119.59,42951660.11,1664645175.53,2823864511.92,1159219336.39,72313936.68,1355.3,2401.07,2030.68,688.24,1725.95,2253.27,230.66,0.0,,,,Y,,,轻工制造,家用轻工,家具,26.72,26.97,27.03
sh603313,梦百合,2019-03-21,26.8,28.25,26.8,27.81,27.2,1842551.0,51188444.0,2290071238.02,6721537950.0,121288119.59,42951660.11,1664645175.53,2823864511.92,1159219336.39,72313936.68,1448.34,1802.3,1182.96,1156.14,1833.7,1953.83,447.27,0.0,,,,Y,,,轻工制造,家用轻工,家具,27.31,27.9,28.03
sh603313,梦百合,2019-03-22,27.43,28.08,27.34,28.08,27.81,1259518.0,34950210.0,2312304939.36,6786795600.0,121288119.59,42951660.11,1664645175.53,2823864511.92,1159219336.39,72313936.68,1237.05,1335.11,861.82,508.87,1283.97,1538.86,0.0,0.0,,,,Y,,,轻工制造,家用轻工,家具,27.69,27.6,27.5
sh603313,梦百合,2019-03-25,27.63,29.15,27.61,28.92,28.08,2472762.0,71113324.0,2381476454.64,6989819400.0,121288119.59,42951660.11,1664645175.53,2823864511.92,1159219336.39,72313936.68,1654.14,2374.54,2401.51,1873.04,1490.89,1730.25,1233.01,801.72,,,,Y,,,轻工制造,家用轻工,家具,28.06,28.44,28.8
sh603313,梦百合,2019-03-26,28.7,29.61,28.1,28.58,28.92,2173297.0,63081829.0,2353478460.36,6907643100.0,121288119.59,42951660.11,1664645175.53,2823864511.92,1159219336.39,72313936.68,2402.29,2557.57,1431.93,1100.66,1702.9,2191.95,538.56,225.5,,,,Y,,,轻工制造,家用轻工,家具,28.79,28.86,29.18
sh603313,梦百合,2019-03-27,28.6,28.6,26.95,27.8,28.58,3270061.0,90190463.0,2289247767.6,6719121000.0,121288119.59,42951660.11,1664645175.53,2823864511.92,1159219336.39,72313936.68,3227.85,3439.03,2078.79,2930.73,3204.24,1807.89,196.38,529.62,,,,Y,,,轻工制造,家用轻工,家具,28.03,27.87,28.12
sh603313,梦百合,2019-03-28,28.09,28.59,27.58,28.23,27.8,2016168.0,56643183.0,2324656995.66,6823049850.0,121288119.59,42951660.11,1664645175.53,2823864511.92,1159219336.39,72313936.68,2286.7,2229.33,502.31,1185.9,2671.1,1936.49,140.4,248.8,,,,Y,,,轻工制造,家用轻工,家具,28.45,28.15,27.99
sh603313,梦百合,2019-03-29,28.49,29.23,27.91,29.2,28.23,2137756.0,61380107.0,2404533626.4,7057494000.0,121288119.59,42951660.11,1664645175.53,2823864511.92,1159219336.39,72313936.68,1841.17,2000.63,1889.27,1521.86,1951.07,2304.01,291.0,146.0,,,,Y,,,轻工制造,家用轻工,家具,28.28,28.12,28.05
sh603313,梦百合,2019-04-01,31.0,32.12,31.0,32.12,29.2,6730493.0,215328814.0,2644986989.04,7763243400.0,186073457.17,175035816.8,1885131613.7800002,3375853349.34,1490721735.56,75652993.52999999,7762.59,5754.97,6420.52,7096.7,4799.56,3566.06,2425.95,4990.89,,,,Y,,,轻工制造,家用轻工,家具,31.81,32.11,32.12
sh603313,梦百合,2019-04-02,32.8,32.97,31.26,32.11,32.12,5553467.0,176743345.0,2644163518.62,7760826450.0,186073457.17,175035816.8,1885131613.7800002,3375853349.34,1490721735.56,75652993.52999999,7442.52,6231.79,2660.69,5158.71,6405.06,4383.05,720.56,1455.29,,,,Y,,,轻工制造,家用轻工,家具,31.99,31.98,32.39
sh603313,梦百合,2019-04-03,31.7,32.62,31.32,31.8,32.11,3242939.0,103279981.0,2618635935.6,7685901000.0,186073457.17,175035816.8,1885131613.7800002,3375853349.34,1490721735.56,75652993.52999999,3998.23,3910.58,1759.1,2788.09,4405.05,3463.7,0.0,0.0,,,,Y,,,轻工制造,家用轻工,家具,32.0,32.42,32.17
sh603313,梦百合,2019-04-04,31.99,32.11,31.36,31.82,31.8,2175938.0,68994989.0,2620282876.44,7690734900.0,186073457.17,175035816.8,1885131613.7800002,3375853349.34,1490721735.56,75652993.52999999,2421.53,2490.55,1001.49,1656.18,2821.35,1992.29,655.12,760.47,,,,Y,,,轻工制造,家用轻工,家具,31.79,31.6,31.42
sh603313,梦百合,2019-04-08,31.85,31.85,28.64,28.64,31.82,7214866.0,211909130.0,2358419282.88,6922144800.0,186073457.17,175035816.8,1885131613.7800002,3375853349.34,1490721735.56,75652993.52999999,7738.64,8376.67,4528.0,7788.34,8527.0,3767.86,397.27,1258.05,,,,Y,,,轻工制造,家用轻工,家具,30.5,30.41,30.65
sh603313,梦百合,2019-04-09,27.74,29.27,27.61,28.9,28.64,3784299.0,108996485.0,2379829513.8,6984985500.0,186073457.17,175035816.8,1885131613.7800002,3375853349.34,1490721735.56,75652993.52999999,4953.5,4697.99,1320.84,2153.66,4485.65,3721.74,139.66,326.26,,,,Y,,,轻工制造,家用轻工,家具,28.17,28.67,28.89
sh603313,梦百合,2019-04-10,28.85,29.7,28.01,29.32,28.9,3169326.0,91605112.0,2414415271.44,7086497400.0,186073457.17,175035816.8,1885131613.7800002,3375853349.34,1490721735.56,75652993.52999999,2690.23,4117.49,2858.56,1891.16,3465.22,2949.27,146.5,202.6,,,,Y,,,轻工制造,家用轻工,家具,28.2,28.12,28.38
sh603313,梦百合,2019-04-11,29.45,29.63,27.2,27.65,29.32,3028343.0,85213651.0,2276895711.3,6682866750.0,186073457.17,175035816.8,1885131613.7800002,3375853349.34,1490721735.56,75652993.52999999,2524.67,2722.21,1260.26,2737.55,4625.11,2692.08,111.32,369.52,,,,Y,,,轻工制造,家用轻工,家具,29.3,28.52,28.66
sh603313,梦百合,2019-04-12,27.34,28.2,27.34,28.04,27.65,1691085.0,47324922.0,2309011057.68,6777127800.0,186073457.17,175035816.8,1885131613.7800002,3375853349.34,1490721735.56,75652993.52999999,1509.49,1968.44,1194.97,858.52,1809.27,1905.53,218.75,0.0,,,,Y,,,轻工制造,家用轻工,家具,27.91,28.15,27.87
sh603313,梦百合,2019-04-15,28.13,28.57,27.5,28.05,28.04,2739050.0,76733702.0,2309834528.1,6779544750.0,186073457.17,175035816.8,1885131613.7800002,3375853349.34,1490721735.56,75652993.52999999,2689.65,3511.76,2549.37,1215.65,2294.39,2945.95,139.96,0.0,,,,Y,,,轻工制造,家用轻工,家具,28.13,27.77,27.88
sh603313,梦百合,2019-04-16,28.0,28.18,26.87,27.83,28.05,1785698.0,49038488.0,2291718178.86,6726371850.0,186073457.17,175035816.8,1885131613.7800002,3375853349.34,1490721735.56,75652993.52999999,1672.39,2177.42,597.52,522.61,2521.66,2203.82,112.28,0.0,,,,Y,,,轻工制造,家用轻工,家具,27.5,27.41,27.08
sh603313,梦百合,2019-04-17,27.83,28.38,27.58,27.9,27.83,1377994.0,38582970.0,2297482471.8,6743290500.0,186073457.17,175035816.8,1885131613.7800002,3375853349.34,1490721735.56,75652993.52999999,1404.06,1496.86,247.41,585.83,2048.02,1510.48,0.0,106.33,,,,Y,,,轻工制造,家用轻工,家具,28.13,27.95,27.9
sh603313,梦百合,2019-04-18,27.8,28.18,27.33,27.35,27.9,1117158.0,30891369.0,2252191598.7,6610358250.0,186073457.17,175035816.8,1885131613.7800002,3375853349.34,1490721735.56,75652993.52999999,999.85,1218.09,395.18,303.11,1694.11,1567.94,0.0,0.0,,,,Y,,,轻工制造,家用轻工,家具,27.96,28.09,27.89
sh603313,梦百合,2019-04-19,27.48,28.35,27.47,28.16,27.35,1598000.0,44834882.0,2318892702.72,6806131200.0,186073457.17,175035816.8,1885131613.7800002,3375853349.34,1490721735.56,75652993.52999999,1482.18,1797.47,505.25,674.36,2410.53,1926.12,0.0,0.0,,,,Y,,,轻工制造,家用轻工,家具,27.74,28.04,28.22
sh603313,梦百合,2019-04-22,28.21,28.6,27.21,27.67,28.16,1582381.0,43857202.0,2278542652.14,6687700650.0,186073457.17,175035816.8,1885131613.7800002,3375853349.34,1490721735.56,75652993.52999999,1309.99,1160.28,425.21,617.97,2650.52,2607.48,0.0,0.0,,,,Y,,,轻工制造,家用轻工,家具,28.0,27.83,27.67
sh603313,梦百合,2019-04-23,27.66,27.66,24.9,24.95,27.67,4996028.0,127815530.0,2054558697.9,6030290250.0,186073457.17,175035816.8,1885131613.7800002,3375853349.34,1490721735.56,75652993.52999999,3970.0,4846.84,2875.8,2776.36,5735.85,3788.24,199.9,1370.1,,,,Y,,,轻工制造,家用轻工,家具,27.08,26.93,26.81
sh603313,梦百合,2019-04-24,25.3,26.61,23.8,26.06,24.95,4983353.0,124698939.0,2145963914.52,6298571700.0,186073457.17,175035816.8,1885131613.7800002,3375853349.34,1490721735.56,75652993.52999999,3830.52,6118.51,1811.93,1896.85,6654.68,4338.58,172.76,115.95,,,,Y,,,轻工制造,家用轻工,家具,25.34,24.8,24.03
sh603313,梦百合,2019-04-25,26.02,26.74,25.5,25.76,26.06,2804881.0,73898203.0,2121259801.92,6226063200.0,186073457.17,175035816.8,1885131613.7800002,3375853349.34,1490721735.56,75652993.52999999,2748.49,2788.81,666.2,665.55,3975.12,3829.66,0.0,105.81,,,,Y,,,轻工制造,家用轻工,家具,26.06,26.46,26.53
sh603313,梦百合,2019-04-26,26.04,26.58,25.01,25.44,25.76,2128096.0,55465077.0,2094908748.48,6148720800.0,186073457.17,175035816.8,1885131613.7800002,3375853349.34,1490721735.56,75652993.52999999,1453.65,1505.2,594.63,347.11,3498.22,3694.2,0.0,0.0,,,,Y,,,轻工制造,家用轻工,家具,26.29,26.26,26.34
sh603313,梦百合,2019-04-29,25.75,27.15,25.58,26.66,25.44,2910629.0,77642440.0,2195372139.72,6443588700.0,186073457.17,175035816.8,1885131613.7800002,3375853349.34,1490721735.56,75652993.52999999,3630.19,3084.86,657.32,929.07,3476.73,3750.31,0.0,0.0,,,,Y,,,轻工制造,家用轻工,家具,26.11,26.21,26.55
sh603313,梦百合,2019-04-30,26.07,26.11,24.13,24.29,26.66,4772298.0,118653116.0,2000209650.18,5870771550.0,256852118.47,305334747.21,1965192569.68,3366477468.25,1401284898.57,75353001.5,3972.63,3880.02,2390.56,4448.11,4941.03,3408.5,561.09,128.69,,,,Y,,,轻工制造,家用轻工,家具,25.86,25.54,25.42
sh603313,梦百合,2019-05-06,23.5,25.18,22.89,23.59,24.29,3731548.0,89267834.0,1942566720.78,5701585050.0,256852118.47,305334747.21,1965192569.68,3366477468.25,1401284898.57,75353001.5,2828.59,3214.43,810.55,1433.3,5287.63,4049.81,0.0,229.24,,,,Y,,,轻工制造,家用轻工,家具,23.93,24.54,24.48
sh603313,梦百合,2019-05-07,23.8,24.5,23.0,23.31,23.59,2376500.0,55962876.0,1919509549.02,5633910450.0,256852118.47,305334747.21,1965192569.68,3366477468.25,1401284898.57,75353001.5,1898.03,1722.17,501.96,452.3,3196.3,3421.81,0.0,0.0,,,,Y,,,轻工制造,家用轻工,家具,23.48,23.85,23.8
sh603313,梦百合,2019-05-08,22.72,23.82,22.69,23.6,23.31,1825382.0,43006104.0,1943390191.2,5704002000.0,256852118.47,305334747.21,1965192569.68,3366477468.25,1401284898.57,75353001.5,1011.89,1484.36,183.06,555.44,3105.66,2260.81,0.0,0.0,,,,Y,,,轻工制造,家用轻工,家具,23.15,23.28,23.49
sh603313,梦百合,2019-05-09,23.66,24.05,23.3,23.61,23.6,1446288.0,34288798.0,1944213661.62,5706418950.0,256852118.47,305334747.21,1965192569.68,3366477468.25,1401284898.57,75353001.5,1308.15,1126.9,302.29,227.08,1818.44,2074.9,0.0,0.0,,,,Y,,,轻工制造,家用轻工,家具,23.73,23.69,23.6
sh603313,梦百合,2019-05-10,23.69,24.4,23.31,24.14,23.61,2033310.0,48830459.0,1987857593.88,5834517300.0,256852118.47,305334747.21,1965192569.68,3366477468.25,1401284898.57,75353001.5,1916.95,1935.84,801.9,868.42,2164.19,2078.79,0.0,0.0,,,,Y,,,轻工制造,家用轻工,家具,23.98,24.13,24.2
sh603313,梦百合,2019-05-13,24.2,24.38,23.6,23.93,24.14,1240467.0,29842774.0,1970564715.06,5783761350.0,256852118.47,305334747.21,1965192569.68,3366477468.25,1401284898.57,75353001.5,1207.55,1067.02,295.93,208.88,1480.8,1565.27,0.0,143.11,,,,Y,,,轻工制造,家用轻工,家具,23.6,24.11,23.98
sh603313,梦百合,2019-05-14,23.88,24.24,23.67,23.88,23.93,1296649.0,31083200.0,1966447362.96,5771676600.0,256852118.47,305334747.21,1965192569.68,3366477468.25,1401284898.57,75353001.5,963.49,1276.07,533.5,744.66,1611.33,1087.59,0.0,0.0,,,,Y,,,轻工制造,家用轻工,家具,23.89,24.16,24.07
sh603313,梦百合,2019-05-15,23.76,23.89,23.45,23.78,23.88,2097037.0,49653709.0,1958212658.76,5747507100.0,256852118.47,305334747.21,1965192569.68,3366477468.25,1401284898.57,75353001.5,2337.62,1704.92,478.88,1570.59,2148.85,1580.29,0.0,109.55,,,,Y,,,轻工制造,家用轻工,家具,23.62,23.53,23.62
sh603313,梦百合,2019-05-16,23.77,24.09,23.1,23.9,23.78,1524645.0,36429417.0,1968094303.8,5776510500.0,256852118.47,305334747.21,1965192569.68,3366477468.25,1401284898.57,75353001.5,1304.55,1692.71,301.82,353.39,2036.56,1470.22,0.0,126.61,,,,Y,,,轻工制造,家用轻工,家具,23.87,24.04,23.9
sh603313,梦百合,2019-05-17,23.88,23.88,22.22,22.71,23.9,2083738.0,47938839.0,1870101323.82,5488893450.0,256852118.47,305334747.21,1965192569.68,3366477468.25,1401284898.57,75353001.5,1563.72,1843.68,556.7,642.36,2673.44,2191.1,0.0,116.74,,,,Y,,,轻工制造,家用轻工,家具,23.72,23.71,23.7
sh603313,梦百合,2019-05-20,22.49,22.97,22.32,22.85,22.71,1416935.0,32235529.0,1881629909.7,5522730750.0,256852118.47,305334747.21,1965192569.68,3366477468.25,1401284898.57,75353001.5,774.84,1144.04,141.34,430.8,2307.37,1648.71,0.0,0.0,,,,Y,,,轻工制造,家用轻工,家具,22.81,22.67,22.69
sh603313,梦百合,2019-05-21,22.68,23.31,22.48,23.0,22.85,1268391.0,29109113.0,1893981966.0,5558985000.0,256852118.47,305334747.21,1965192569.68,3366477468.25,1401284898.57,75353001.5,1055.32,716.57,208.97,209.86,1646.61,1984.48,0.0,0.0,,,,Y,,,轻工制造,家用轻工,家具,22.78,22.95,22.84
sh603313,梦百合,2019-05-22,23.09,25.14,23.01,25.08,23.0,3951369.0,95884705.0,2065263813.36,6061710600.0,256852118.47,305334747.21,1965192569.68,3366477468.25,1401284898.57,75353001.5,3515.88,3507.23,1607.85,1356.22,4464.72,4397.41,0.0,327.59,,,,Y,,,轻工制造,家用轻工,家具,23.18,23.18,23.22
sh603313,梦百合,2019-05-23,24.75,24.75,23.51,24.14,25.08,2990496.0,71227180.0,1987857593.88,5834517300.0,256852118.47,305334747.21,1965192569.68,3366477468.25,1401284898.57,75353001.5,3113.07,1881.99,753.52,781.1,3256.12,4184.89,0.0,274.73,,,,Y,,,轻工制造,家用轻工,家具,24.04,23.86,23.6
sh603313,梦百合,2019-05-24,23.8,24.0,23.08,23.3,24.14,1717850.0,40209220.0,1918686078.6,5631493500.0,256852118.47,305334747.21,1965192569.68,3366477468.25,1401284898.57,75353001.5,1298.1,1207.67,886.64,333.5,1836.18,2479.75,0.0,0.0,,,,Y,,,轻工制造,家用轻工,家具,23.75,23.81,23.69
sh603313,梦百合,2019-05-27,23.3,23.49,22.06,22.85,23.3,3326231.0,75236596.0,1881629909.7,5522730750.0,256852118.47,305334747.21,1965192569.68,3366477468.25,1401284898.57,75353001.5,2877.43,2810.81,1025.95,1260.61,3507.27,3327.93,113.0,124.3,,,,Y,,,轻工制造,家用轻工,家具,23.09,23.34,23.23
sh603313,梦百合,2019-05-28,22.75,22.92,22.45,22.7,22.85,1762655.0,40026579.0,1956400203.7,5573598850.3,256852118.47,305334747.21,1965192569.68,3366477468.25,1401284898.57,75353001.5,1591.66,1526.21,657.78,777.53,1753.21,1698.91,0.0,0.0,,,,Y,,,轻工制造,家用轻工,家具,22.51,22.59,22.63
sh603313,梦百合,2019-05-29,22.48,22.74,22.4,22.55,22.7,1305313.0,29429878.0,1943472449.05,5536768901.95,256852118.47,305334747.21,1965192569.68,3366477468.25,1401284898.57,75353001.5,1075.99,1223.63,516.66,298.44,1350.34,1420.91,0.0,0.0,,,,Y,,,轻工制造,家用轻工,家具,22.51,22.57,22.54
sh603313,梦百合,2019-05-30,22.75,22.86,22.22,22.48,22.55,1593138.0,35805553.0,1937439496.88,5519581592.72,256852118.47,305334747.21,1965192569.68,3366477468.25,1401284898.57,75353001.5,1418.19,1336.46,724.64,766.41,1437.72,1477.68,0.0,0.0,,,,Y,,,轻工制造,家用轻工,家具,22.63,22.49,22.48
sh603313,梦百合,2019-05-31,22.4,22.86,22.3,22.47,22.48,1619435.0,36526858.0,1936577646.57,5517126262.83,256852118.47,305334747.21,1965192569.68,3366477468.25,1401284898.57,75353001.5,1578.71,1707.87,517.08,891.05,1556.9,951.84,0.0,101.92,,,,Y,,,轻工制造,家用轻工,家具,22.51,22.61,22.69
sh603313,DR梦百合,2019-06-03,16.86,17.34,16.71,16.98,16.98,1383629.0,23530987.0,1902448369.2,5419895187.3,256852118.47,305334747.21,1965192569.68,3366477468.25,1401284898.57,75353001.5,857.6,1013.87,423.64,272.51,1071.86,1066.72,0.0,0.0,,,,Y,,,轻工制造,家用轻工,家具,17.05,17.24,17.15
sh603313,梦百合,2019-06-04,16.8,16.86,15.83,16.34,16.98,3420019.0,55188406.0,1830742423.6,5215611740.9,256852118.47,305334747.21,1965192569.68,3366477468.25,1401284898.57,75353001.5,1982.57,1898.02,904.41,1164.97,2086.77,1961.01,545.04,494.8,,,,Y,,,轻工制造,家用轻工,家具,16.62,16.52,16.35
sh603313,梦百合,2019-06-05,16.17,16.45,16.13,16.3,16.34,1475211.0,24020694.0,1826260802.0,5202844025.5,256852118.47,305334747.21,1965192569.68,3366477468.25,1401284898.57,75353001.5,819.12,1251.54,59.36,320.59,1523.57,829.91,0.0,0.0,,,,Y,,,轻工制造,家用轻工,家具,16.26,16.19,16.23
sh603313,梦百合,2019-06-06,16.3,16.5,16.07,16.3,16.3,1106478.0,18036709.0,1826260802.0,5202844025.5,256852118.47,305334747.21,1965192569.68,3366477468.25,1401284898.57,75353001.5,717.34,703.26,257.87,49.59,828.45,1050.8,0.0,0.0,,,,Y,,,轻工制造,家用轻工,家具,16.14,16.39,16.43
sh603313,梦百合,2019-06-10,16.38,16.56,15.9,16.5,16.3,1353885.0,22168074.0,1848668910.0,5266682602.5,256852118.47,305334747.21,1965192569.68,3366477468.25,1401284898.57,75353001.5,1132.33,853.6,92.14,147.12,992.32,1216.06,0.0,0.0,,,,Y,,,轻工制造,家用轻工,家具,16.3,16.06,16.18
sh603313,梦百合,2019-06-11,16.5,16.88,16.5,16.81,16.5,1433173.0,24008205.0,1883401477.4,5365632396.85,256852118.47,305334747.21,1965192569.68,3366477468.25,1401284898.57,75353001.5,883.3,855.41,287.32,281.24,1230.18,1264.15,0.0,0.0,,,,Y,,,轻工制造,家用轻工,家具,16.54,16.6,16.56
sh603313,梦百合,2019-06-12,16.87,17.08,16.69,16.76,16.81,1171849.0,19755279.0,1877799450.4,5349672752.6,256852118.47,305334747.21,1965192569.68,3366477468.25,1401284898.57,75353001.5,925.11,803.36,80.83,255.36,969.57,916.79,0.0,0.0,,,,Y,,,轻工制造,家用轻工,家具,16.83,16.98,17.0
sh603313,梦百合,2019-06-13,16.76,16.85,16.35,16.79,16.76,1106780.0,18428849.0,1881160666.6,5359248539.15,256852118.47,305334747.21,1965192569.68,3366477468.25,1401284898.57,75353001.5,515.59,593.55,183.28,315.83,1144.0,933.49,0.0,0.0,,,,Y,,,轻工制造,家用轻工,家具,16.57,16.55,16.59
sh603313,梦百合,2019-06-14,16.82,16.88,16.47,16.64,16.79,973390.0,16201485.0,1864354585.6,5311369606.4,256852118.47,305334747.21,1965192569.68,3366477468.25,1401284898.57,75353001.5,488.52,754.73,93.48,97.36,1038.14,768.05,0.0,0.0,,,,Y,,,轻工制造,家用轻工,家具,16.75,16.71,16.64
sh603313,梦百合,2019-06-17,16.67,16.67,15.73,16.12,16.64,2805214.0,45087960.0,1806093504.8,5145389306.2,256852118.47,305334747.21,1965192569.68,3366477468.25,1401284898.57,75353001.5,1517.36,2724.51,369.87,48.99,2621.55,1735.29,0.0,0.0,,,,Y,,,轻工制造,家用轻工,家具,16.41,16.42,16.49
sh603313,梦百合,2019-06-18,16.08,16.64,16.08,16.49,16.12,2089168.0,34404145.0,1847548504.6,5263490673.65,256852118.47,305334747.21,1965192569.68,3366477468.25,1401284898.57,75353001.5,1141.89,1436.36,217.33,302.84,2081.17,1701.19,0.0,0.0,,,,Y,,,轻工制造,家用轻工,家具,16.22,16.21,16.21
sh603313,梦百合,2019-06-19,16.98,17.16,16.58,16.59,16.49,1927493.0,32461836.0,1858752558.6,5295409962.15,256852118.47,305334747.21,1965192569.68,3366477468.25,1401284898.57,75353001.5,974.56,1125.93,408.28,492.22,1863.33,1628.02,0.0,0.0,,,,Y,,,轻工制造,家用轻工,家具,16.94,16.99,16.75
sh603313,梦百合,2019-06-20,16.59,16.98,16.34,16.9,16.59,1734721.0,29080432.0,1893485126.0,5394359756.5,256852118.47,305334747.21,1965192569.68,3366477468.25,1401284898.57,75353001.5,898.73,1004.65,216.93,332.44,1792.36,1570.94,0.0,0.0,,,,Y,,,轻工制造,家用轻工,家具,16.61,16.34,16.4
sh603313,梦百合,2019-06-21,17.02,17.33,16.72,16.81,16.9,2812541.0,47915170.0,1883401477.4,5365632396.85,256852118.47,305334747.21,1965192569.68,3366477468.25,1401284898.57,75353001.5,1534.75,2090.41,759.38,908.07,2497.35,1793.01,0.0,0.0,,,,Y,,,轻工制造,家用轻工,家具,17.13,17.04,17.11
sh603313,梦百合,2019-06-24,17.01,17.33,16.68,16.75,16.81,2862134.0,48448759.0,1876679045.0,5346480823.75,256852118.47,305334747.21,1965192569.68,3366477468.25,1401284898.57,75353001.5,1391.04,2079.8,557.19,724.46,2896.63,2040.59,0.0,0.0,,,,Y,,,轻工制造,家用轻工,家具,17.16,17.13,17.12
sh603313,梦百合,2019-06-25,16.69,17.15,16.42,16.68,16.75,2689298.0,45162617.0,1868836207.2,5324137321.8,256852118.47,305334747.21,1965192569.68,3366477468.25,1401284898.57,75353001.5,1444.27,1763.43,752.12,854.2,2319.86,1898.62,0.0,0.0,,,,Y,,,轻工制造,家用轻工,家具,16.81,16.96,17.06
sh603313,梦百合,2019-06-26,16.66,17.1,16.48,16.96,16.68,2242890.0,37799185.0,1900207558.4,5413511329.6,256852118.47,305334747.21,1965192569.68,3366477468.25,1401284898.57,75353001.5,1059.65,1431.58,178.36,654.67,2541.89,1693.65,0.0,0.0,,,,Y,,,轻工制造,家用轻工,家具,16.7,16.85,16.86
sh603313,梦百合,2019-06-27,17.07,17.78,16.78,17.75,16.96,3916398.0,68024022.0,1988719585.0,5665673708.75,256852118.47,305334747.21,1965192569.68,3366477468.25,1401284898.57,75353001.5,2865.07,2658.95,861.77,632.87,3075.53,3510.54,0.0,0.0,,,,Y,,,轻工制造,家用轻工,家具,16.84,17.06,17.16
sh603313,梦百合,2019-06-28,17.67,17.7,17.1,17.29,17.75,3634325.0,62797464.0,1937180936.6,5518844981.65,256852118.47,305334747.21,1965192569.68,3366477468.25,1401284898.57,75353001.5,3527.52,2026.89,287.55,823.23,2464.66,3256.6,0.0,173.02,,,,Y,,,轻工制造,家用轻工,家具,17.34,17.42,17.41
sh603313,梦百合,2019-07-01,17.51,17.94,17.42,17.78,17.29,3988460.0,70899948.0,1992080801.2,5675249495.3,256852118.47,305334747.21,1965192569.68,3366477468.25,1401284898.57,75353001.5,2424.17,2417.48,2408.86,1458.46,2256.94,3214.03,0.0,0.0,,,,Y,,,轻工制造,家用轻工,家具,17.52,17.8,17.9
sh603313,梦百合,2019-07-02,17.78,18.08,17.55,17.6,17.78,2641350.0,46876206.0,1971913504.0,5617794776.0,256852118.47,305334747.21,1965192569.68,3366477468.25,1401284898.57,75353001.5,1892.89,1556.95,999.76,1322.87,1794.96,1701.28,0.0,106.51,,,,Y,,,轻工制造,家用轻工,家具,17.7,18.05,17.99
sh603313,梦百合,2019-07-03,17.48,17.83,17.02,17.5,17.6,3367658.0,58486928.0,1960709450.0,5585875487.5,256852118.47,305334747.21,1965192569.68,3366477468.25,1401284898.57,75353001.5,2492.56,2485.13,908.26,1182.7,2447.85,2049.02,0.0,131.83,,,,Y,,,轻工制造,家用轻工,家具,17.53,17.06,17.08
sh603313,梦百合,2019-07-04,17.52,18.15,17.25,17.9,17.5,3575099.0,63577323.0,2022722786.7,5730749762.2,256852118.47,305334747.21,1965192569.68,3366477468.25,1401284898.57,75353001.5,3653.43,2874.8,420.22,679.95,2284.06,2802.97,0.0,0.0,,,,Y,,,轻工制造,家用轻工,家具,17.61,17.56,17.45
sh603313,梦百合,2019-07-05,17.78,18.48,17.6,18.33,17.9,3695640.0,66987539.0,2071313334.09,5868415817.94,256852118.47,305334747.21,1965192569.68,3366477468.25,1401284898.57,75353001.5,3594.83,2639.91,636.48,653.08,2467.41,3218.52,0.0,187.21,,,,Y,,,轻工制造,家用轻工,家具,17.7,17.62,17.7
sh603313,梦百合,2019-07-08,18.32,18.51,17.85,18.07,18.33,2724530.0,49376822.0,2041933003.11,5785175877.26,256852118.47,305334747.21,1965192569.68,3366477468.25,1401284898.57,75353001.5,2171.09,1666.58,397.67,843.05,2368.9,2428.03,0.0,0.0,,,,Y,,,轻工制造,家用轻工,家具,18.09,18.21,18.38
sh603313,梦百合,2019-07-09,17.81,18.27,17.65,17.73,18.07,1815842.0,32356552.0,2003512570.29,5676323647.14,256852118.47,305334747.21,1965192569.68,3366477468.25,1401284898.57,75353001.5,1276.26,1285.55,510.33,163.25,1449.05,1786.84,0.0,0.0,,,,Y,,,轻工制造,家用轻工,家具,17.95,17.89,17.96
sh603313,梦百合,2019-07-10,17.77,18.08,17.56,17.74,17.73,1638752.0,29194760.0,2004642583.02,5679525183.32,256852118.47,305334747.21,1965192569.68,3366477468.25,1401284898.57,75353001.5,866.3,1192.02,274.51,257.78,1778.65,1469.66,0.0,0.0,,,,Y,,,轻工制造,家用轻工,家具,17.72,17.64,17.72
sh603313,梦百合,2019-07-11,17.8,18.08,17.6,17.83,17.74,1172794.0,20935346.0,2014812697.59,5708339008.94,256852118.47,305334747.21,1965192569.68,3366477468.25,1401284898.57,75353001.5,542.71,798.7,101.55,206.82,1449.27,1088.01,0.0,0.0,,,,Y,,,轻工制造,家用轻工,家具,17.93,17.89,17.99
sh603313,梦百合,2019-07-12,17.83,18.05,17.57,17.85,17.83,1696241.0,30279339.0,2017072723.05,5714742081.3,256852118.47,305334747.21,1965192569.68,3366477468.25,1401284898.57,75353001.5,857.61,1511.64,386.47,285.09,1783.85,1231.19,0.0,0.0,,,,Y,,,轻工制造,家用轻工,家具,17.92,17.85,17.98
sh603313,梦百合,2019-07-15,17.75,17.85,17.22,17.68,17.85,1925423.0,33822168.0,1997862506.64,5660315966.24,256852118.47,305334747.21,1965192569.68,3366477468.25,1401284898.57,75353001.5,1247.0,1670.95,224.14,335.36,1911.07,1375.89,0.0,0.0,,,,Y,,,轻工制造,家用轻工,家具,17.49,17.46,17.41
sh603313,梦百合,2019-07-16,17.69,17.69,17.01,17.3,17.68,2843141.0,49098496.0,1954922022.9,5538657591.4,256852118.47,305334747.21,1965192569.68,3366477468.25,1401284898.57,75353001.5,1494.69,2400.17,861.49,794.4,2553.66,1612.53,0.0,102.74,,,,Y,,,轻工制造,家用轻工,家具,17.61,17.58,17.52
sh603313,梦百合,2019-07-17,17.24,17.96,17.08,17.74,17.3,2755444.0,48561665.0,2004642583.02,5679525183.32,256852118.47,305334747.21,1965192569.68,3366477468.25,1401284898.57,75353001.5,1440.09,1678.69,808.0,401.85,2608.06,2775.61,0.0,0.0,,,,Y,,,轻工制造,家用轻工,家具,17.28,17.31,17.39
sh603313,梦百合,2019-07-18,17.6,17.6,17.1,17.2,17.74,2030416.0,35076892.0,1943621895.6,5506642229.6,256852118.47,305334747.21,1965192569.68,3366477468.25,1401284898.57,75353001.5,1234.34,1165.85,171.1,593.99,2102.24,1747.84,0.0,0.0,,,,Y,,,轻工制造,家用轻工,家具,17.46,17.36,17.31
sh603313,梦百合,2019-07-19,17.15,17.55,17.15,17.39,17.2,1244641.0,21611841.0,1965092137.47,5567471417.02,256852118.47,305334747.21,1965192569.68,3366477468.25,1401284898.57,75353001.5,735.1,654.68,48.84,231.18,1377.24,1275.32,0.0,0.0,,,,Y,,,轻工制造,家用轻工,家具,17.26,17.24,17.26
sh603313,梦百合,2019-07-22,17.39,17.64,16.56,17.43,17.39,1622741.0,28075568.0,1969612188.39,5580277561.74,256852118.47,305334747.21,1965192569.68,3366477468.25,1401284898.57,75353001.5,745.85,902.76,171.93,204.83,1710.71,1520.88,0.0,0.0,,,,Y,,,轻工制造,家用轻工,家具,17.22,16.71,16.9
sh603313,梦百合,2019-07-23,17.29,17.42,16.93,17.39,17.43,1869180.0,32142844.0,1965092137.47,5567471417.02,256852118.47,305334747.21,1965192569.68,3366477468.25,1401284898.57,75353001.5,1174.87,882.23,260.64,190.74,1778.77,2141.3,0.0,0.0,,,,Y,,,轻工制造,家用轻工,家具,17.15,17.12,17.17
sh603313,梦百合,2019-07-24,17.3,17.6,17.12,17.55,17.39,1331470.0,23307114.0,1983172341.15,5618695995.9,256852118.47,305334747.21,1965192569.68,3366477468.25,1401284898.57,75353001.5,904.71,832.11,255.08,403.61,1170.91,1094.99,0.0,0.0,,,,Y,,,轻工制造,家用轻工,家具,17.38,17.5,17.47
sh603313,梦百合,2019-07-25,17.45,17.67,17.45,17.53,17.55,963254.0,16905383.0,1980912315.69,5612292923.54,256852118.47,305334747.21,1965192569.68,3366477468.25,1401284898.57,75353001.5,555.17,643.85,169.35,246.58,966.02,800.1,0.0,0.0,,,,Y,,,轻工制造,家用轻工,家具,17.54,17.56,17.58
sh603313,梦百合,2019-07-26,17.59,17.99,17.48,17.95,17.53,1867462.0,33362062.0,2028372850.35,5746757443.1,256852118.47,305334747.21,1965192569.68,3366477468.25,1401284898.57,75353001.5,1202.92,1591.54,204.33,456.85,1928.95,1287.81,0.0,0.0,,,,Y,,,轻工制造,家用轻工,家具,17.48,17.69,17.77
sh603313,梦百合,2019-07-29,17.8,18.22,17.65,17.84,17.95,1227361.0,21877404.0,2015942710.32,5711540545.12,256852118.47,305334747.21,1965192569.68,3366477468.25,1401284898.57,75353001.5,883.34,889.95,169.56,273.97,1134.83,1023.82,0.0,0.0,,,,Y,,,轻工制造,家用轻工,家具,18.02,17.97,17.87
sh603313,梦百合,2019-07-30,17.86,18.02,17.66,17.99,17.84,1198655.0,21512781.0,2032892901.27,5759563587.82,256852118.47,305334747.21,1965192569.68,3366477468.25,1401284898.57,75353001.5,940.04,845.64,182.47,233.48,1028.77,1072.15,0.0,0.0,,,,Y,,,轻工制造,家用轻工,家具,17.9,17.97,17.86
sh603313,梦百合,2019-07-31,17.8,17.94,17.62,17.82,17.99,1147431.0,20387825.0,2013682684.86,5705137472.76,256852118.47,305334747.21,1965192569.68,3366477468.25,1401284898.57,75353001.5,787.58,832.77,141.17,140.42,1110.02,1065.59,0.0,0.0,,,,Y,,,轻工制造,家用轻工,家具,17.8,17.7,17.72
sh603313,梦百合,2019-08-01,17.66,17.78,17.44,17.67,17.82,917169.0,16142961.0,1996732493.91,5657114430.06,256852118.47,305334747.21,1965192569.68,3366477468.25,1401284898.57,75353001.5,573.79,747.5,215.28,196.94,825.22,669.85,0.0,0.0,,,,Y,,,轻工制造,家用轻工,家具,17.77,17.76,17.68
sh603313,梦百合,2019-08-02,17.12,17.55,17.11,17.45,17.67,1077376.0,18686896.0,1971872213.85,5586680634.1,256852118.47,305334747.21,1965192569.68,3366477468.25,1401284898.57,75353001.5,640.36,673.88,249.84,247.11,978.48,843.23,0.0,104.46,,,,Y,,,轻工制造,家用轻工,家具,17.38,17.44,17.39
sh603313,梦百合,2019-08-05,17.51,17.51,16.91,16.99,17.45,1084188.0,18609848.0,1919891628.27,5439409969.82,256852118.47,305334747.21,1965192569.68,3366477468.25,1401284898.57,75353001.5,483.03,856.94,179.97,117.72,1197.97,886.32,0.0,0.0,,,,Y,,,轻工制造,家用轻工,家具,17.33,17.37,17.34
sh603313,梦百合,2019-08-06,16.35,16.85,16.23,16.45,16.99,1238356.0,20455580.0,1858870940.85,5266527016.1,256852118.47,305334747.21,1965192569.68,3366477468.25,1401284898.57,75353001.5,647.14,988.04,21.81,227.49,1376.59,830.02,0.0,0.0,,,,Y,,,轻工制造,家用轻工,家具,16.59,16.65,16.66
sh603313,梦百合,2019-08-07,16.47,16.77,16.26,16.5,16.45,934350.0,15401439.0,1864521004.5,5282534697.0,256852118.47,305334747.21,1965192569.68,3366477468.25,1401284898.57,75353001.5,320.77,422.81,44.55,124.46,1174.82,992.87,0.0,0.0,,,,Y,,,轻工制造,家用轻工,家具,16.63,16.55,16.47
sh603313,梦百合,2019-08-08,16.55,16.73,16.31,16.36,16.5,800088.0,13200249.0,1848700826.28,5237713190.48,256852118.47,305334747.21,1965192569.68,3366477468.25,1401284898.57,75353001.5,428.18,349.82,77.73,181.18,814.12,789.03,0.0,0.0,,,,Y,,,轻工制造,家用轻工,家具,16.62,16.48,16.46
sh603313,梦百合,2019-08-09,16.47,16.63,15.76,15.83,16.36,1377905.0,22183878.0,1788810151.59,5068031772.94,256852118.47,305334747.21,1965192569.68,3366477468.25,1401284898.57,75353001.5,528.01,838.31,216.43,396.16,1473.94,983.92,0.0,0.0,,,,Y,,,轻工制造,家用轻工,家具,16.38,16.4,16.36
sh603313,梦百合,2019-08-12,15.9,17.1,15.7,16.84,15.83,2234503.0,37178283.0,1902941437.32,5391386927.12,256852118.47,305334747.21,1965192569.68,3366477468.25,1401284898.57,75353001.5,992.07,1569.97,243.84,143.88,2481.91,2003.97,0.0,0.0,,,,Y,,,轻工制造,家用轻工,家具,16.0,16.19,16.24
sh603313,梦百合,2019-08-13,16.84,17.0,16.52,16.84,16.84,1282555.0,21445764.0,1902941437.32,5391386927.12,256852118.47,305334747.21,1965192569.68,3366477468.25,1401284898.57,75353001.5,663.74,741.19,25.62,97.86,1455.21,1305.52,0.0,0.0,,,,Y,,,轻工制造,家用轻工,家具,16.62,16.55,16.62
sh603313,梦百合,2019-08-14,16.95,17.32,16.91,17.21,16.84,1417062.0,24298627.0,1944751908.33,5509843765.78,256852118.47,305334747.21,1965192569.68,3366477468.25,1401284898.57,75353001.5,789.79,912.53,582.83,259.59,1057.23,1257.73,0.0,0.0,,,,Y,,,轻工制造,家用轻工,家具,17.09,17.15,17.16
sh603313,梦百合,2019-08-15,16.97,17.68,16.8,17.53,17.21,1895360.0,32681860.0,1980912315.69,5612292923.54,256852118.47,305334747.21,1965192569.68,3366477468.25,1401284898.57,75353001.5,1177.99,918.38,411.91,331.58,1505.23,2018.22,173.06,0.0,,,,Y,,,轻工制造,家用轻工,家具,17.05,17.04,16.98
sh603313,梦百合,2019-08-16,17.93,18.06,17.14,17.18,17.53,3088505.0,54017933.0,1941361870.14,5500239157.24,298401690.7,350829090.94,2015491188.4299998,3862692325.08,1847201136.65,75081758.99000001,1865.98,2288.14,1002.7,1022.35,2533.11,2091.29,0.0,0.0,,,,Y,,,轻工制造,家用轻工,家具,17.69,17.56,17.4
sh603313,梦百合,2019-08-19,17.01,17.61,17.01,17.48,17.18,3366683.0,58460735.0,1975262252.04,5596285242.64,298401690.7,350829090.94,2015491188.4299998,3862692325.08,1847201136.65,75081758.99000001,2106.17,1621.08,1522.72,808.45,2107.95,3416.54,109.22,0.0,,,,Y,,,轻工制造,家用轻工,家具,17.1,17.07,17.44
sh603313,梦百合,2019-08-20,17.47,17.47,17.09,17.13,17.48,2581853.0,44359092.0,1935711806.49,5484231476.34,298401690.7,350829090.94,2015491188.4299998,3862692325.08,1847201136.65,75081758.99000001,1367.77,1091.44,702.86,456.54,2365.26,2785.07,0.0,102.86,,,,Y,,,轻工制造,家用轻工,家具,17.39,17.31,17.21
sh603313,梦百合,2019-08-21,17.13,17.38,16.91,16.94,17.13,2109580.0,35944397.0,1914241564.62,5423402288.92,298401690.7,350829090.94,2015491188.4299998,3862692325.08,1847201136.65,75081758.99000001,1234.63,1349.15,394.08,346.14,1965.73,1899.15,0.0,0.0,,,,Y,,,轻工制造,家用轻工,家具,17.17,17.2,17.19
sh603313,梦百合,2019-08-22,17.0,17.1,16.54,16.69,16.94,2383550.0,39775311.0,1885991246.37,5343363884.42,298401690.7,350829090.94,2015491188.4299998,3862692325.08,1847201136.65,75081758.99000001,1308.06,908.34,300.63,742.23,2253.25,2326.95,115.59,0.0,,,,Y,,,轻工制造,家用轻工,家具,16.96,16.84,16.72
sh603313,梦百合,2019-08-23,16.59,16.71,16.15,16.23,16.69,3047150.0,49600885.0,1834010660.79,5196093220.14,298401690.7,350829090.94,2015491188.4299998,3862692325.08,1847201136.65,75081758.99000001,1808.17,2031.08,543.42,452.72,2608.49,2476.28,0.0,0.0,,,,Y,,,轻工制造,家用轻工,家具,16.41,16.43,16.38
sh603313,梦百合,2019-08-26,15.87,16.23,15.81,16.09,16.23,1611913.0,25863825.0,1818190482.57,5151271713.62,298401690.7,350829090.94,2015491188.4299998,3862692325.08,1847201136.65,75081758.99000001,873.49,1047.09,285.09,234.23,1427.8,1305.06,0.0,0.0,,,,Y,,,轻工制造,家用轻工,家具,15.95,16.03,16.11
sh603313,梦百合,2019-08-27,16.12,16.47,16.12,16.38,16.09,1872725.0,30592274.0,1850960851.74,5244116262.84,298401690.7,350829090.94,2015491188.4299998,3862692325.08,1847201136.65,75081758.99000001,1238.68,999.44,461.91,416.61,1358.64,1643.18,0.0,0.0,,,,Y,,,轻工制造,家用轻工,家具,16.26,16.22,16.27
sh603313,梦百合,2019-08-28,16.26,16.39,16.01,16.14,16.38,2294307.0,37036315.0,1823840546.22,5167279394.52,298401690.7,350829090.94,2015491188.4299998,3862692325.08,1847201136.65,75081758.99000001,1200.2,1731.12,809.81,447.37,1597.14,1428.64,0.0,0.0,,,,Y,,,轻工制造,家用轻工,家具,16.31,16.32,16.24
sh603313,梦百合,2019-08-29,16.11,16.28,16.06,16.11,16.14,1426470.0,23026596.0,1820450508.03,5157674785.98,298401690.7,350829090.94,2015491188.4299998,3862692325.08,1847201136.65,75081758.99000001,966.63,861.41,223.25,106.22,1112.76,1335.02,0.0,0.0,,,,Y,,,轻工制造,家用轻工,家具,16.26,16.19,16.21
sh603313,梦百合,2019-08-30,16.15,16.28,15.9,15.93,16.11,1514572.0,24277046.0,1800110278.89,5100047134.74,298401690.7,350829090.94,2015491188.4299998,3862692325.08,1847201136.65,75081758.99000001,961.18,1032.56,266.39,238.01,1200.12,1157.12,0.0,0.0,,,,Y,,,轻工制造,家用轻工,家具,16.18,16.16,16.16
sh603313,梦百合,2019-09-02,16.0,16.11,15.75,16.08,15.93,1462103.0,23402017.0,1817060469.84,5148070177.44,298401690.7,350829090.94,2015491188.4299998,3862692325.08,1847201136.65,75081758.99000001,926.21,825.63,216.37,146.77,1197.62,1367.8,0.0,0.0,,,,Y,,,轻工制造,家用轻工,家具,15.87,15.87,15.94
sh603313,梦百合,2019-09-03,16.1,16.18,15.95,16.03,16.08,1462862.0,23471862.0,1811410406.19,5132062496.54,298401690.7,350829090.94,2015491188.4299998,3862692325.08,1847201136.65,75081758.99000001,780.95,858.85,446.12,509.07,1120.1,819.2,0.0,160.06,,,,Y,,,轻工制造,家用轻工,家具,16.15,16.09,16.1
sh603313,梦百合,2019-09-04,16.04,16.13,15.88,16.13,16.03,2136310.0,34137982.0,1822710533.49,5164077858.34,298401690.7,350829090.94,2015491188.4299998,3862692325.08,1847201136.65,75081758.99000001,1245.67,1597.93,341.9,293.55,1676.9,1420.38,149.31,101.92,,,,Y,,,轻工制造,家用轻工,家具,16.0,15.98,16.02
sh603313,梦百合,2019-09-05,16.21,16.51,16.14,16.36,16.13,3421494.0,55966703.0,1848700826.28,5237713190.48,298401690.7,350829090.94,2015491188.4299998,3862692325.08,1847201136.65,75081758.99000001,2424.39,2026.52,1204.16,868.05,1968.1,2702.08,0.0,0.0,,,,Y,,,轻工制造,家用轻工,家具,16.22,16.16,16.24
sh603313,梦百合,2019-09-06,16.45,16.64,16.22,16.35,16.36,2976262.0,48876909.0,1847570813.55,5234511654.3,298401690.7,350829090.94,2015491188.4299998,3862692325.08,1847201136.65,75081758.99000001,1970.57,2465.83,884.78,576.52,2032.33,1845.33,0.0,0.0,,,,Y,,,轻工制造,家用轻工,家具,16.4,16.42,16.39
sh603313,梦百合,2019-09-09,16.42,16.5,16.23,16.38,16.35,3081565.0,50277862.0,1850960851.74,5244116262.84,298401690.7,350829090.94,2015491188.4299998,3862692325.08,1847201136.65,75081758.99000001,2287.38,2313.81,529.15,799.59,2211.24,1914.37,0.0,0.0,,,,Y,,,轻工制造,家用轻工,家具,16.39,16.35,16.29
sh603313,梦百合,2019-09-10,16.39,16.39,16.08,16.18,16.38,3103192.0,50277100.0,1828360597.14,5180085539.24,298401690.7,350829090.94,2015491188.4299998,3862692325.08,1847201136.65,75081758.99000001,1932.25,1838.97,603.93,936.76,2138.12,1930.92,145.53,113.19,,,,Y,,,轻工制造,家用轻工,家具,16.35,16.32,16.31
sh603313,梦百合,2019-09-11,16.31,16.31,16.07,16.23,16.18,3020415.0,48887070.0,1834010660.79,5196093220.14,298401690.7,350829090.94,2015491188.4299998,3862692325.08,1847201136.65,75081758.99000001,1843.34,1790.36,968.96,900.17,1968.43,2198.17,107.97,0.0,,,,Y,,,轻工制造,家用轻工,家具,16.25,16.21,16.25
sh603313,梦百合,2019-09-12,16.25,16.26,16.14,16.22,16.23,1912871.0,30978626.0,1832880648.06,5192891683.96,298401690.7,350829090.94,2015491188.4299998,3862692325.08,1847201136.65,75081758.99000001,1277.68,1059.95,743.36,554.84,1076.82,1483.06,0.0,0.0,,,,Y,,,轻工制造,家用轻工,家具,16.17,16.21,16.21
sh603313,梦百合,2019-09-16,16.28,16.98,16.22,16.85,16.22,6775585.0,112636117.0,1904071450.05,5394588463.3,298401690.7,350829090.94,2015491188.4299998,3862692325.08,1847201136.65,75081758.99000001,4289.4,4803.09,2589.86,1377.02,3921.53,4896.08,462.8,187.4,,,,Y,,,轻工制造,家用轻工,家具,16.29,16.23,16.33
sh603313,梦百合,2019-09-17,16.88,17.35,16.65,17.24,16.85,9218986.0,156929934.0,1948141946.52,5519448374.32,298401690.7,350829090.94,2015491188.4299998,3862692325.08,1847201136.65,75081758.99000001,7284.55,6224.71,2607.15,3028.23,5502.71,5924.23,298.55,515.79,,,,Y,,,轻工制造,家用轻工,家具,17.0,16.69,16.87
sh603313,梦百合,2019-09-18,17.2,17.52,16.89,17.02,17.24,6483176.0,111934402.0,1923281666.46,5449014578.36,298401690.7,350829090.94,2015491188.4299998,3862692325.08,1847201136.65,75081758.99000001,4989.72,4643.03,1544.19,1997.28,4490.02,4383.62,0.0,0.0,,,,Y,,,轻工制造,家用轻工,家具,17.19,17.32,17.43
sh603313,梦百合,2019-09-19,17.3,18.2,17.03,17.79,17.02,7449944.0,130164792.0,2010292646.67,5695532864.22,298401690.7,350829090.94,2015491188.4299998,3862692325.08,1847201136.65,75081758.99000001,4262.0,5664.54,3245.15,2066.72,3080.1,5285.2,2429.21,0.0,,,,Y,,,轻工制造,家用轻工,家具,17.22,17.45,17.28
sh603313,梦百合,2019-09-20,17.74,18.75,17.63,18.48,17.79,12820227.0,236240832.0,2088263525.04,5916438860.64,298401690.7,350829090.94,2015491188.4299998,3862692325.08,1847201136.65,75081758.99000001,8224.69,12930.98,4380.24,4913.7,6048.91,5456.18,4970.2,323.18,,,,Y,,,轻工制造,家用轻工,家具,17.97,18.25,18.54
sh603313,梦百合,2019-09-23,18.52,19.2,17.74,18.57,18.48,13072979.0,242382937.0,2098433639.61,5945252686.26,298401690.7,350829090.94,2015491188.4299998,3862692325.08,1847201136.65,75081758.99000001,8219.03,11890.38,5364.83,5782.23,6968.61,5822.85,3685.78,742.79,,,,Y,,,轻工制造,家用轻工,家具,18.08,18.02,17.96
sh603313,梦百合,2019-09-24,18.36,18.9,18.05,18.07,18.57,8008472.0,147304811.0,2041933003.11,5785175877.26,298401690.7,350829090.94,2015491188.4299998,3862692325.08,1847201136.65,75081758.99000001,5165.44,6503.54,2350.39,3987.58,5449.06,3427.35,1765.56,811.99,,,,Y,,,轻工制造,家用轻工,家具,18.34,18.58,18.61
sh603313,梦百合,2019-09-25,18.22,18.61,17.81,17.94,18.07,5880946.0,106949278.0,2027242837.62,5743555906.92,298401690.7,350829090.94,2015491188.4299998,3862692325.08,1847201136.65,75081758.99000001,3576.07,5567.3,1862.3,2358.74,3664.52,2660.84,1592.02,108.03,,,,Y,,,轻工制造,家用轻工,家具,18.4,18.36,18.32
sh603313,梦百合,2019-09-26,18.02,18.08,17.23,17.3,17.94,5903550.0,103978086.0,1954922022.9,5538657591.4,298401690.7,350829090.94,2015491188.4299998,3862692325.08,1847201136.65,75081758.99000001,4068.68,4832.69,1097.32,2660.56,3535.54,2803.92,1696.26,100.63,,,,Y,,,轻工制造,家用轻工,家具,17.76,17.62,17.49
sh603313,梦百合,2019-09-27,17.51,17.55,17.11,17.17,17.3,3162065.0,54757809.0,1940231857.41,5497037621.06,298401690.7,350829090.94,2015491188.4299998,3862692325.08,1847201136.65,75081758.99000001,2402.25,2428.68,877.2,1291.97,2085.55,1478.86,110.77,276.27,,,,Y,,,轻工制造,家用轻工,家具,17.32,17.36,17.42
sh603313,梦百合,2019-09-30,17.14,17.14,16.33,16.46,17.17,4241935.0,70698494.0,1860000953.58,5269728552.28,298401690.7,350829090.94,2015491188.4299998,3862692325.08,1847201136.65,75081758.99000001,2617.64,3404.36,1069.98,1808.91,3382.22,1725.88,0.0,130.68,,,,Y,,,轻工制造,家用轻工,家具,17.09,16.95,16.68
sh603313,梦百合,2019-10-08,16.26,16.78,16.25,16.5,16.46,2881141.0,47832135.0,1864521004.5,5282534697.0,298401690.7,350829090.94,2015491188.4299998,3862692325.08,1847201136.65,75081758.99000001,2260.71,2250.99,900.54,996.55,1621.96,1434.52,0.0,101.15,,,,Y,,,轻工制造,家用轻工,家具,16.48,16.44,16.67
sh603313,梦百合,2019-10-09,16.52,17.2,16.52,17.2,16.5,3148918.0,53127736.0,1979786684.4,5542807018.4,298401690.7,350829090.94,2015491188.4299998,3862692325.08,1847201136.65,75081758.99000001,2710.18,2123.53,889.01,836.69,1595.36,2352.54,118.2,0.0,,,,Y,,,轻工制造,家用轻工,家具,16.58,16.68,16.7
sh603313,梦百合,2019-10-10,17.11,18.0,16.89,17.68,17.2,6565240.0,114397553.0,2035036545.36,5697490004.96,298401690.7,350829090.94,2015491188.4299998,3862692325.08,1847201136.65,75081758.99000001,4194.08,6057.36,1823.51,2388.85,2646.21,2993.53,2775.95,0.0,,,,Y,,,轻工制造,家用轻工,家具,17.19,17.14,17.17
sh603313,梦百合,2019-10-11,17.7,18.1,17.1,17.16,17.68,7762114.0,136446649.0,1975182529.32,5529916769.52,298401690.7,350829090.94,2015491188.4299998,3862692325.08,1847201136.65,75081758.99000001,4701.95,7895.77,1388.39,2597.01,4218.7,2910.25,3335.61,241.63,,,,Y,,,轻工制造,家用轻工,家具,17.43,17.39,17.6
sh603313,梦百合,2019-10-14,17.3,17.8,16.94,17.47,17.16,7560315.0,132069021.0,2010864731.19,5629816198.34,298401690.7,350829090.94,2015491188.4299998,3862692325.08,1847201136.65,75081758.99000001,5088.58,7698.83,2507.6,2672.7,3399.72,2561.44,2210.99,273.93,,,,Y,,,轻工制造,家用轻工,家具,17.05,17.15,17.35
sh603313,梦百合,2019-10-15,17.38,17.97,17.15,17.97,17.47,8933079.0,157927254.0,2068416669.69,5790944309.34,298401690.7,350829090.94,2015491188.4299998,3862692325.08,1847201136.65,75081758.99000001,6039.57,8559.02,2921.04,2822.94,4410.27,4170.25,2421.82,240.5,,,,Y,,,轻工制造,家用轻工,家具,17.25,17.19,17.39
sh603313,梦百合,2019-10-16,17.88,18.16,17.5,17.76,17.97,6846789.0,122025866.0,2044244855.52,5723270502.72,298401690.7,350829090.94,2015491188.4299998,3862692325.08,1847201136.65,75081758.99000001,4814.58,5756.4,1757.41,2687.92,4141.81,3387.99,1258.63,140.11,,,,Y,,,轻工制造,家用轻工,家具,18.04,17.88,17.7
sh603313,梦百合,2019-10-17,17.7,18.0,17.32,17.42,17.76,4096876.0,72175076.0,2005109537.34,5613703387.24,298401690.7,350829090.94,2015491188.4299998,3862692325.08,1847201136.65,75081758.99000001,3078.15,3638.51,743.1,1334.91,2855.18,2102.45,541.07,141.62,,,,Y,,,轻工制造,家用轻工,家具,17.76,17.69,17.77
sh603313,梦百合,2019-10-18,17.42,17.42,16.65,16.73,17.42,4183800.0,71030712.0,1925687862.21,5391346594.06,298401690.7,350829090.94,2015491188.4299998,3862692325.08,1847201136.65,75081758.99000001,3230.84,3217.13,858.3,1483.64,3013.92,2014.72,0.0,387.57,,,,Y,,,轻工制造,家用轻工,家具,17.35,17.08,17.18
sh603313,梦百合,2019-10-21,16.57,16.59,16.08,16.2,16.73,3528474.0,57357641.0,1864682807.4,5220550796.4,298401690.7,350829090.94,2015491188.4299998,3862692325.08,1847201136.65,75081758.99000001,2699.58,3651.33,440.29,685.26,2466.29,1282.22,129.6,116.95,,,,Y,,,轻工制造,家用轻工,家具,16.3,16.21,16.17
sh603313,梦百合,2019-10-22,16.28,16.33,16.04,16.22,16.2,2481262.0,40076563.0,1866984884.94,5226995920.84,298401690.7,350829090.94,2015491188.4299998,3862692325.08,1847201136.65,75081758.99000001,1674.27,2471.76,360.75,548.01,1972.63,987.88,0.0,0.0,,,,Y,,,轻工制造,家用轻工,家具,16.24,16.23,16.23
sh603313,梦百合,2019-10-23,16.25,16.47,16.04,16.35,16.22,2621237.0,42599373.0,1881948388.95,5268889229.7,298401690.7,350829090.94,2015491188.4299998,3862692325.08,1847201136.65,75081758.99000001,1720.24,1966.2,1010.93,537.61,1528.76,1756.12,0.0,0.0,,,,Y,,,轻工制造,家用轻工,家具,16.2,16.06,16.12
sh603313,梦百合,2019-10-24,16.26,16.4,16.07,16.16,16.35,1524564.0,24732123.0,2196437271.68,5207660547.52,298401690.7,350829090.94,2015491188.4299998,3862692325.08,1847201136.65,75081758.99000001,1054.79,1051.24,220.12,404.74,1198.29,1017.23,0.0,0.0,,,,Y,,,轻工制造,家用轻工,家具,16.28,16.32,16.28
sh603313,梦百合,2019-10-25,16.12,16.16,15.75,15.99,16.16,2517540.0,40095760.0,2173331186.52,5152876989.78,298401690.7,350829090.94,2015491188.4299998,3862692325.08,1847201136.65,75081758.99000001,1902.0,1924.37,289.96,767.08,1817.6,1209.63,0.0,108.49,,,,Y,,,轻工制造,家用轻工,家具,16.12,16.06,16.03
sh603313,梦百合,2019-10-28,16.01,16.75,16.01,16.66,15.99,3832359.0,62885522.0,2264396345.68,5368788658.52,298401690.7,350829090.94,2015491188.4299998,3862692325.08,1847201136.65,75081758.99000001,2469.74,2864.02,2047.64,1330.57,1771.16,2093.96,0.0,0.0,,,,Y,,,轻工制造,家用轻工,家具,16.16,16.3,16.29
sh603313,梦百合,2019-10-29,16.56,16.94,16.33,16.77,16.66,3771831.0,62962131.0,2279347341.96,5404236842.94,298401690.7,350829090.94,2015491188.4299998,3862692325.08,1847201136.65,75081758.99000001,2715.73,2776.65,1355.89,957.27,2224.58,2412.6,0.0,149.69,,,,Y,,,轻工制造,家用轻工,家具,16.47,16.51,16.46
sh603313,梦百合,2019-10-30,17.3,17.41,16.85,17.23,16.77,6169053.0,105654331.0,2341869690.04,5552474705.06,336129249.03,278541291.20000005,2156377943.51,4072376847.88,1915998904.37,110041495.00999999,3913.16,4769.95,2627.31,2163.21,3611.67,3428.53,413.28,203.73,,,,Y,,,轻工制造,家用轻工,家具,17.1,17.09,17.14
sh603313,梦百合,2019-10-31,17.1,17.36,16.8,17.07,17.23,4578380.0,78414671.0,2320122786.36,5500913709.54,336129249.03,278541291.20000005,2156377943.51,4072376847.88,1915998904.37,110041495.00999999,2738.77,3244.67,1718.83,2308.51,3383.85,2089.4,0.0,198.87,,,,Y,,,轻工制造,家用轻工,家具,17.24,17.18,17.31
sh603313,梦百合,2019-11-01,17.07,17.14,16.72,16.92,17.07,2553443.0,43140657.0,2299735064.16,5452575276.24,336129249.03,278541291.20000005,2156377943.51,4072376847.88,1915998904.37,110041495.00999999,1461.58,1755.0,844.38,909.37,2008.11,1649.69,0.0,0.0,,,,Y,,,轻工制造,家用轻工,家具,16.82,16.75,16.76
sh603313,梦百合,2019-11-04,16.96,17.3,16.84,17.1,16.92,2324440.0,39748581.0,2324200330.8,5510581396.2,336129249.03,278541291.20000005,2156377943.51,4072376847.88,1915998904.37,110041495.00999999,1813.04,1816.79,676.29,581.4,1485.52,1473.64,0.0,103.02,,,,Y,,,轻工制造,家用轻工,家具,16.94,16.91,16.89
sh603313,梦百合,2019-11-05,17.1,17.45,16.91,17.3,17.1,4199815.0,72400943.0,2351383960.4,5575032640.6,336129249.03,278541291.20000005,2156377943.51,4072376847.88,1915998904.37,110041495.00999999,2827.66,2804.27,1835.83,1523.42,2576.59,2812.06,0.0,100.34,,,,Y,,,轻工制造,家用轻工,家具,17.18,17.12,17.08
sh603313,梦百合,2019-11-06,17.29,17.64,17.23,17.45,17.3,3956374.0,68900055.0,2371771682.6,5623371073.9,336129249.03,278541291.20000005,2156377943.51,4072376847.88,1915998904.37,110041495.00999999,2653.4,2936.52,1585.63,1409.05,2512.33,2414.18,138.64,130.25,,,,Y,,,轻工制造,家用轻工,家具,17.4,17.5,17.59
sh603313,梦百合,2019-11-07,17.21,17.68,17.03,17.46,17.45,3779627.0,65402341.0,2373130864.08,5626593636.12,336129249.03,278541291.20000005,2156377943.51,4072376847.88,1915998904.37,110041495.00999999,2550.18,2876.35,959.4,1695.21,3030.65,1968.66,0.0,0.0,,,,Y,,,轻工制造,家用轻工,家具,17.18,17.07,17.1
sh603313,梦百合,2019-11-08,17.44,17.51,17.22,17.36,17.46,3052950.0,52935538.0,2359539049.28,5594368013.92,336129249.03,278541291.20000005,2156377943.51,4072376847.88,1915998904.37,110041495.00999999,2203.73,1566.56,726.51,685.75,1229.48,1710.17,0.0,197.24,,,,Y,,,轻工制造,家用轻工,家具,17.39,17.3,17.28
sh603313,梦百合,2019-11-11,17.1,17.5,16.87,17.14,17.36,2301536.0,39435385.0,2329637056.72,5523471645.08,336129249.03,278541291.20000005,2156377943.51,4072376847.88,1915998904.37,110041495.00999999,1435.8,1749.16,650.64,502.61,1857.09,1691.76,0.0,0.0,,,,Y,,,轻工制造,家用轻工,家具,17.3,17.36,17.34
sh603313,梦百合,2019-11-12,17.04,17.5,17.04,17.3,17.14,2931641.0,50735145.0,2351383960.4,5575032640.6,336129249.03,278541291.20000005,2156377943.51,4072376847.88,1915998904.37,110041495.00999999,2068.15,2198.94,876.45,797.48,2128.9,2077.09,0.0,0.0,,,,Y,,,轻工制造,家用轻工,家具,17.25,17.36,17.39
sh603313,梦百合,2019-11-13,17.3,17.45,17.1,17.45,17.3,3251600.0,56340248.0,2371771682.6,5623371073.9,336129249.03,278541291.20000005,2156377943.51,4072376847.88,1915998904.37,110041495.00999999,1952.85,2468.36,1509.48,968.55,1999.09,1795.4,172.6,401.72,,,,Y,,,轻工制造,家用轻工,家具,17.39,17.38,17.43
sh603313,梦百合,2019-11-14,17.43,17.51,17.15,17.17,17.45,2318430.0,40043106.0,2333714601.16,5533139331.74,336129249.03,278541291.20000005,2156377943.51,4072376847.88,1915998904.37,110041495.00999999,1619.55,1304.98,634.21,1282.38,1750.55,1416.95,0.0,0.0,,,,Y,,,轻工制造,家用轻工,家具,17.4,17.32,17.25
sh603313,梦百合,2019-11-15,17.28,17.39,17.04,17.37,17.17,3162531.0,54554728.0,2360898230.76,5597590576.14,336129249.03,278541291.20000005,2156377943.51,4072376847.88,1915998904.37,110041495.00999999,1291.13,1996.55,1053.01,1607.5,2559.05,1851.41,552.28,0.0,,,,Y,,,轻工制造,家用轻工,家具,17.18,17.07,17.08
sh603313,梦百合,2019-11-18,17.37,17.57,17.11,17.47,17.37,3452508.0,60059679.0,2374490045.56,5629816198.34,336129249.03,278541291.20000005,2156377943.51,4072376847.88,1915998904.37,110041495.00999999,2900.57,2824.33,690.82,830.0,2414.58,2351.62,0.0,0.0,,,,Y,,,轻工制造,家用轻工,家具,17.22,17.2,17.32
sh603313,梦百合,2019-11-19,17.51,17.95,17.41,17.9,17.47,5229132.0,92973064.0,2432934849.2,5768386373.8,336129249.03,278541291.20000005,2156377943.51,4072376847.88,1915998904.37,110041495.00999999,4213.6,4218.85,1219.6,1453.03,3306.47,3625.42,557.62,0.0,,,,Y,,,轻工制造,家用轻工,家具,17.45,17.43,17.62
sh603313,梦百合,2019-11-20,17.89,18.08,17.63,18.0,17.9,4194677.0,74888198.0,2446526664.0,5800611996.0,336129249.03,278541291.20000005,2156377943.51,4072376847.88,1915998904.37,110041495.00999999,2683.57,3373.89,1235.97,1521.56,3361.6,2593.36,207.67,0.0,,,,Y,,,轻工制造,家用轻工,家具,17.87,17.77,17.73
sh603313,梦百合,2019-11-21,17.85,18.67,17.8,18.39,18.0,6318010.0,116185050.0,2499534741.72,5926291922.58,336129249.03,278541291.20000005,2156377943.51,4072376847.88,1915998904.37,110041495.00999999,3624.24,5277.9,1970.28,1412.41,5057.56,3961.78,0.0,0.0,,,,Y,,,轻工制造,家用轻工,家具,17.85,18.18,18.18
sh603313,梦百合,2019-11-22,18.46,18.46,17.96,18.25,18.39,4194513.0,76265478.0,2480506201.0,5881176051.5,336129249.03,278541291.20000005,2156377943.51,4072376847.88,1915998904.37,110041495.00999999,2908.58,3698.79,934.56,1219.67,3592.28,2565.55,191.1,142.51,,,,Y,,,轻工制造,家用轻工,家具,18.34,18.33,18.28
sh603313,梦百合,2019-11-25,18.22,18.68,17.82,18.23,18.25,4003829.0,72880131.0,2477787838.04,5874730927.06,336129249.03,278541291.20000005,2156377943.51,4072376847.88,1915998904.37,110041495.00999999,2656.79,3096.71,1435.83,1435.65,2792.7,2476.47,123.51,0.0,,,,Y,,,轻工制造,家用轻工,家具,18.22,18.57,18.3
sh603313,梦百合,2019-11-26,18.22,18.67,18.07,18.57,18.23,4669952.0,86306776.0,2524000008.36,5984298042.54,336129249.03,278541291.20000005,2156377943.51,4072376847.88,1915998904.37,110041495.00999999,3158.67,4102.01,1029.33,1303.35,4108.47,2891.11,0.0,0.0,,,,Y,,,轻工制造,家用轻工,家具,18.19,18.26,18.19
sh603313,梦百合,2019-11-27,18.43,18.75,18.39,18.67,18.57,3830264.0,71182751.0,2537591823.16,6016523664.74,336129249.03,278541291.20000005,2156377943.51,4072376847.88,1915998904.37,110041495.00999999,3157.93,3298.04,763.11,1284.03,3197.22,2290.16,0.0,246.03,,,,Y,,,轻工制造,家用轻工,家具,18.6,18.53,18.51
sh603313,梦百合,2019-11-28,18.69,18.81,18.37,18.66,18.67,2803941.0,52248046.0,2536232641.68,6013301102.52,336129249.03,278541291.20000005,2156377943.51,4072376847.88,1915998904.37,110041495.00999999,1866.95,2215.71,953.04,718.1,2283.9,1995.35,120.89,295.63,,,,Y,,,轻工制造,家用轻工,家具,18.6,18.72,18.73
sh603313,梦百合,2019-11-29,18.64,18.64,18.05,18.18,18.66,4019963.0,73389475.0,2470991930.64,5858618115.96,336129249.03,278541291.20000005,2156377943.51,4072376847.88,1915998904.37,110041495.00999999,3059.9,3061.69,880.21,1906.17,3090.74,1902.58,113.89,274.3,,,,Y,,,轻工制造,家用轻工,家具,18.51,18.4,18.34
sh603313,梦百合,2019-12-02,17.86,18.08,17.36,17.92,18.18,4288786.0,76092045.0,2435653212.16,5774831498.24,336129249.03,278541291.20000005,2156377943.51,4072376847.88,1915998904.37,110041495.00999999,2932.29,3724.94,1171.37,1119.71,3505.52,2608.88,0.0,155.66,,,,Y,,,轻工制造,家用轻工,家具,17.63,17.55,17.65
sh603313,梦百合,2019-12-03,18.0,18.07,17.63,18.03,17.92,2035916.0,36359855.0,2450604208.44,5810279682.66,336129249.03,278541291.20000005,2156377943.51,4072376847.88,1915998904.37,110041495.00999999,1246.79,1674.7,969.91,655.58,1419.28,1305.69,0.0,0.0,,,,Y,,,轻工制造,家用轻工,家具,17.68,17.71,17.76
sh603313,梦百合,2019-12-04,17.88,18.98,17.81,18.85,18.03,5444798.0,101681745.0,2562057089.8,6074529784.7,336129249.03,278541291.20000005,2156377943.51,4072376847.88,1915998904.37,110041495.00999999,4080.39,5212.36,1199.21,1235.23,4888.54,3720.55,0.0,0.0,,,,Y,,,轻工制造,家用轻工,家具,18.23,18.38,18.33
sh603313,梦百合,2019-12-05,18.78,19.24,18.66,19.13,18.85,4999308.0,95254422.0,6122608571.86,6164761526.86,336129249.03,278541291.20000005,2156377943.51,4072376847.88,1915998904.37,110041495.00999999,3952.38,4353.79,1689.81,1322.39,3778.65,3849.23,104.56,0.0,,,,Y,,,轻工制造,家用轻工,家具,18.78,18.76,18.99
sh603313,梦百合,2019-12-06,18.79,19.78,18.79,19.74,19.13,5440879.0,105449544.0,6317840732.28,6361337822.28,336129249.03,278541291.20000005,2156377943.51,4072376847.88,1915998904.37,110041495.00999999,3716.15,4737.18,2251.69,2325.32,4296.1,3278.92,280.97,203.49,,,,Y,,,轻工制造,家用轻工,家具,19.18,19.07,18.99
sh603313,梦百合,2019-12-09,19.61,20.04,19.45,19.8,19.74,5022165.0,99224795.0,6337043895.6,6380673195.6,336129249.03,278541291.20000005,2156377943.51,4072376847.88,1915998904.37,110041495.00999999,3499.32,3934.56,2433.15,1644.9,3692.22,4214.16,297.75,128.83,,,,Y,,,轻工制造,家用轻工,家具,19.78,19.74,19.7
sh603313,梦百合,2019-12-10,19.9,20.82,19.65,20.49,19.8,8258188.0,166775136.0,6557880273.78,6603029988.78,336129249.03,278541291.20000005,2156377943.51,4072376847.88,1915998904.37,110041495.00999999,5562.93,6649.12,3384.22,4555.97,6592.74,4862.75,1137.58,609.64,,,,Y,,,轻工制造,家用轻工,家具,19.78,19.73,19.8
sh603313,梦百合,2019-12-11,20.86,20.86,19.9,20.0,20.49,5413726.0,109531892.0,6401054440.0,6445124440.0,336129249.03,278541291.20000005,2156377943.51,4072376847.88,1915998904.37,110041495.00999999,3930.3,4900.83,2008.74,2346.66,4703.12,3353.28,311.01,352.4,,,,Y,,,轻工制造,家用轻工,家具,20.67,20.32,20.35
sh603313,梦百合,2019-12-12,20.01,20.06,19.34,19.41,20.0,5303290.0,103828320.0,6212223334.02,6254993269.02,336129249.03,278541291.20000005,2156377943.51,4072376847.88,1915998904.37,110041495.00999999,3730.65,3184.11,1791.27,2299.68,4860.88,4564.04,0.0,334.97,,,,Y,,,轻工制造,家用轻工,家具,19.73,19.52,19.55
sh603313,梦百合,2019-12-13,19.5,20.49,19.5,20.07,19.41,6277644.0,126101538.0,6423458130.54,6467682375.54,336129249.03,278541291.20000005,2156377943.51,4072376847.88,1915998904.37,110041495.00999999,5196.17,4879.07,2393.57,3222.25,4757.19,4348.39,263.19,160.4,,,,Y,,,轻工制造,家用轻工,家具,19.75,20.12,20.29
sh603313,梦百合,2019-12-16,20.18,20.23,19.77,20.0,20.07,4596884.0,92070098.0,6401054440.0,6445124440.0,336129249.03,278541291.20000005,2156377943.51,4072376847.88,1915998904.37,110041495.00999999,3562.16,3613.03,1875.48,2278.63,3668.79,3315.32,100.55,0.0,,,,Y,,,轻工制造,家用轻工,家具,19.9,20.05,20.08
sh603313,梦百合,2019-12-17,19.88,20.16,19.76,19.91,20.0,4508540.0,89802731.0,6372249695.02,6416121380.02,336129249.03,278541291.20000005,2156377943.51,4072376847.88,1915998904.37,110041495.00999999,3182.2,4000.56,2527.9,2032.38,3015.31,2845.01,254.85,102.3,,,,Y,,,轻工制造,家用轻工,家具,19.87,19.85,19.77
sh603313,梦百合,2019-12-18,20.0,20.04,19.37,19.61,19.91,6595076.0,129165772.0,6276233878.42,6319444513.42,336129249.03,278541291.20000005,2156377943.51,4072376847.88,1915998904.37,110041495.00999999,4757.4,2983.14,2774.41,3588.26,5384.73,6046.13,0.0,299.03,,,,Y,,,轻工制造,家用轻工,家具,19.97,19.87,19.89
sh603313,梦百合,2019-12-19,19.57,19.79,19.31,19.79,19.61,4461631.0,87137472.0,6333843368.38,6377450633.38,336129249.03,278541291.20000005,2156377943.51,4072376847.88,1915998904.37,110041495.00999999,3186.78,3354.33,1505.89,2367.67,3905.06,2991.73,116.01,0.0,,,,Y,,,轻工制造,家用轻工,家具,19.46,19.6,19.6
sh603313,梦百合,2019-12-20,19.73,20.4,19.58,19.83,19.79,6268291.0,125810111.0,6346645477.26,6390340882.26,336129249.03,278541291.20000005,2156377943.51,4072376847.88,1915998904.37,110041495.00999999,4975.11,5338.43,2055.7,2010.51,5449.05,5232.03,101.11,0.0,,,,Y,,,轻工制造,家用轻工,家具,19.7,20.31,20.24
sh603313,梦百合,2019-12-23,19.83,20.22,19.33,20.04,19.83,5763613.0,114476316.0,6413856548.88,6458014688.88,336129249.03,278541291.20000005,2156377943.51,4072376847.88,1915998904.37,110041495.00999999,4538.83,4987.05,2362.27,2453.07,4405.72,3751.32,140.78,256.16,,,,Y,,,轻工制造,家用轻工,家具,19.45,19.6,19.53
sh603313,梦百合,2019-12-24,20.1,21.19,19.8,21.08,20.04,9457402.0,195644197.0,6746711379.76,6793161159.76,336129249.03,278541291.20000005,2156377943.51,4072376847.88,1915998904.37,110041495.00999999,5731.23,7894.1,6373.99,5018.64,6231.53,6421.52,1227.64,230.12,,,,Y,,,轻工制造,家用轻工,家具,19.9,19.91,20.2
sh603313,梦百合,2019-12-25,21.19,21.21,20.7,20.77,21.08,4565250.0,95304375.0,6647495035.94,6693261730.94,336129249.03,278541291.20000005,2156377943.51,4072376847.88,1915998904.37,110041495.00999999,3430.61,3885.85,2006.23,1585.32,3990.47,3820.16,103.1,239.07,,,,Y,,,轻工制造,家用轻工,家具,20.79,20.94,20.89
sh603313,梦百合,2019-12-26,20.72,21.32,20.49,21.27,20.77,5311628.0,111050997.0,6807521396.94,6854389841.94,336129249.03,278541291.20000005,2156377943.51,4072376847.88,1915998904.37,110041495.00999999,4377.96,3770.96,2544.84,3191.01,3751.01,3355.2,431.27,787.92,,,,Y,,,轻工制造,家用轻工,家具,20.8,20.73,20.8
sh603313,梦百合,2019-12-27,21.18,21.67,20.36,20.52,21.27,5975910.0,124596761.0,6567481855.44,6612697675.44,336129249.03,278541291.20000005,2156377943.51,4072376847.88,1915998904.37,110041495.00999999,4986.11,4011.73,3435.33,3769.18,3923.77,3593.44,102.15,1073.01,,,,Y,,,轻工制造,家用轻工,家具,21.3,20.95,20.97
sh603313,梦百合,2019-12-30,20.36,21.09,20.2,20.9,20.52,3146918.0,65364889.0,6689101889.8,6735155039.8,336129249.03,278541291.20000005,2156377943.51,4072376847.88,1915998904.37,110041495.00999999,2382.28,2485.32,1377.44,1602.78,2600.7,2448.37,176.05,0.0,,,,Y,,,轻工制造,家用轻工,家具,20.31,20.28,20.49
sh603313,梦百合,2019-12-31,20.76,21.25,20.71,21.11,20.9,2712081.0,56919079.0,6756312961.42,6802828846.42,336129249.03,278541291.20000005,2156377943.51,4072376847.88,1915998904.37,110041495.00999999,2813.01,2310.85,622.34,1630.75,2256.55,1750.29,0.0,0.0,,,,Y,,,轻工制造,家用轻工,家具,21.01,21.12,21.0
sh603313,梦百合,2020-01-02,21.11,22.47,21.11,22.1,21.11,5340885.0,117641872.0,7073165156.2,7121862506.2,336129249.03,278541291.20000005,2156377943.51,4072376847.88,1915998904.37,110041495.00999999,3642.25,4145.84,2674.24,2679.39,5090.49,4938.93,357.18,0.0,,,,Y,,,轻工制造,家用轻工,家具,21.39,21.53,21.86
sh603313,梦百合,2020-01-03,22.12,22.45,21.88,22.39,22.1,3088003.0,68518285.0,7419641927.67,7468978292.67,336129249.03,278541291.20000005,2156377943.51,4072376847.88,1915998904.37,110041495.00999999,2964.08,2506.51,1162.76,1854.6,2527.0,2183.05,197.98,307.65,,,,Y,,,轻工制造,家用轻工,家具,22.16,22.11,22.12
sh603313,梦百合,2020-01-06,22.36,22.9,22.2,22.42,22.39,3830195.0,86375169.0,7429583386.26,7478985856.26,336129249.03,278541291.20000005,2156377943.51,4072376847.88,1915998904.37,110041495.00999999,2798.79,3517.19,2427.57,1948.23,3298.09,2923.12,113.05,248.95,,,,Y,,,轻工制造,家用轻工,家具,22.67,22.43,22.55
sh603313,梦百合,2020-01-07,22.57,23.98,22.3,23.43,22.42,5123664.0,120019406.0,7764279158.79,7815907163.79,336129249.03,278541291.20000005,2156377943.51,4072376847.88,1915998904.37,110041495.00999999,4796.65,5369.39,2931.43,2468.23,4273.82,4164.29,0.0,0.0,,,,Y,,,轻工制造,家用轻工,家具,22.49,22.95,23.7
sh603313,梦百合,2020-01-08,23.25,23.71,23.05,23.33,23.43,4231104.0,98999578.0,7731140963.49,7782548618.49,336129249.03,278541291.20000005,2156377943.51,4072376847.88,1915998904.37,110041495.00999999,4533.27,3843.66,1827.15,3146.46,3021.98,2325.35,517.54,584.46,,,,Y,,,轻工制造,家用轻工,家具,23.59,23.45,23.5
sh603313,梦百合,2020-01-09,23.17,23.85,23.05,23.79,23.33,4362590.0,102414650.0,7883576661.87,7935997926.87,336129249.03,278541291.20000005,2156377943.51,4072376847.88,1915998904.37,110041495.00999999,3563.21,3723.96,2576.5,3347.29,3764.3,2623.44,337.43,546.75,,,,Y,,,轻工制造,家用轻工,家具,23.39,23.37,23.42
sh603313,梦百合,2020-01-10,23.8,23.8,22.67,23.38,23.79,4945017.0,114667662.0,7747710061.14,7799227891.14,336129249.03,278541291.20000005,2156377943.51,4072376847.88,1915998904.37,110041495.00999999,3738.72,3248.05,1943.24,2403.57,5554.13,5815.12,230.65,0.0,,,,Y,,,轻工制造,家用轻工,家具,23.41,23.24,23.49
sh603313,梦百合,2020-01-13,23.0,23.8,22.81,23.56,23.38,3347227.0,78402845.0,7807358812.68,7859273272.68,336129249.03,278541291.20000005,2156377943.51,4072376847.88,1915998904.37,110041495.00999999,2369.44,2771.1,1999.36,1690.36,3471.47,3168.59,0.0,210.22,,,,Y,,,轻工制造,家用轻工,家具,23.31,23.26,23.09
sh603313,梦百合,2020-01-14,23.7,24.91,23.47,24.35,23.56,5766181.0,140659700.0,8069150555.55,8122805780.55,336129249.03,278541291.20000005,2156377943.51,4072376847.88,1915998904.37,110041495.00999999,4856.9,4180.06,3895.7,4598.02,4500.41,4529.42,812.94,758.45,,,,Y,,,轻工制造,家用轻工,家具,23.62,23.68,23.61
sh603313,梦百合,2020-01-15,24.35,24.6,23.47,24.35,24.35,5413984.0,129760940.0,8069150555.55,8122805780.55,336129249.03,278541291.20000005,2156377943.51,4072376847.88,1915998904.37,110041495.00999999,5863.48,3960.02,2868.68,4790.05,3867.74,4122.77,376.18,103.25,,,,Y,,,轻工制造,家用轻工,家具,24.4,24.3,24.02
sh603313,梦百合,2020-01-16,24.21,24.8,23.79,24.13,24.35,4902196.0,118580562.0,7996246525.89,8049416980.89,336129249.03,278541291.20000005,2156377943.51,4072376847.88,1915998904.37,110041495.00999999,4511.95,2533.85,2880.03,3031.74,4187.87,5402.43,278.19,890.01,,,,Y,,,轻工制造,家用轻工,家具,24.53,24.37,24.36
sh603313,梦百合,2020-01-17,24.15,25.59,24.15,25.0,24.13,5300969.0,132775729.0,8284548825.0,8339636325.0,336129249.03,278541291.20000005,2156377943.51,4072376847.88,1915998904.37,110041495.00999999,5121.5,5351.9,2925.73,2900.38,4594.93,4912.36,635.39,112.9,,,,Y,,,轻工制造,家用轻工,家具,24.64,24.64,24.98
sh603313,梦百合,2020-01-20,24.96,25.55,24.53,25.4,25.0,3736160.0,93581992.0,8417101606.2,8473070506.2,336129249.03,278541291.20000005,2156377943.51,4072376847.88,1915998904.37,110041495.00999999,3925.23,2813.48,2081.67,1986.76,2835.44,4280.65,515.84,277.29,,,,Y,,,轻工制造,家用轻工,家具,24.69,24.73,24.75
sh603313,梦百合,2020-01-21,25.05,25.18,24.33,24.55,25.4,3552972.0,87721806.0,8135426946.15,8189522871.15,336129249.03,278541291.20000005,2156377943.51,4072376847.88,1915998904.37,110041495.00999999,3424.04,3371.35,1232.39,3010.72,4115.74,2266.29,0.0,123.8,,,,Y,,,轻工制造,家用轻工,家具,25.06,24.88,25.0
sh603313,梦百合,2020-01-22,24.47,24.67,23.35,24.14,24.55,5674023.0,136762537.0,7999560345.42,8052752835.42,336129249.03,278541291.20000005,2156377943.51,4072376847.88,1915998904.37,110041495.00999999,4841.32,5232.16,2050.34,2691.77,6784.58,5229.53,0.0,522.77,,,,Y,,,轻工制造,家用轻工,家具,24.45,24.25,24.19
sh603313,梦百合,2020-01-23,23.73,24.22,22.72,23.42,24.14,6334654.0,148556979.0,7760965339.26,7812571309.26,336129249.03,278541291.20000005,2156377943.51,4072376847.88,1915998904.37,110041495.00999999,3917.27,4580.86,2339.59,3495.38,8481.32,6651.43,117.5,128.01,,,,Y,,,轻工制造,家用轻工,家具,24.14,24.09,24.02
sh603313,梦百合,2020-02-03,21.08,21.39,21.08,21.08,23.42,4572615.0,96435663.0,6985531569.24,7031981349.24,336129249.03,278541291.20000005,2156377943.51,4072376847.88,1915998904.37,110041495.00999999,1461.55,2664.72,2507.08,3824.52,1078.27,1184.02,4466.82,1840.46,,,,Y,,,轻工制造,家用轻工,家具,21.08,21.08,21.08
sh603313,梦百合,2020-02-04,20.9,22.49,20.9,21.75,21.08,6144468.0,133115972.0,7207557477.75,7255483602.75,336129249.03,278541291.20000005,2156377943.51,4072376847.88,1915998904.37,110041495.00999999,4967.3,4574.22,3023.62,3223.52,5106.76,4594.95,213.9,918.89,,,,Y,,,轻工制造,家用轻工,家具,21.23,21.53,21.87
sh603313,梦百合,2020-02-05,21.78,22.87,21.78,22.25,21.75,6665779.0,148611184.0,7373248454.25,7422276329.25,336129249.03,278541291.20000005,2156377943.51,4072376847.88,1915998904.37,110041495.00999999,5229.31,3957.05,3067.59,2169.53,5648.85,8104.02,915.35,630.5,,,,Y,,,轻工制造,家用轻工,家具,22.35,22.25,22.15
sh603313,梦百合,2020-02-06,22.34,22.66,21.82,22.61,22.25,5704346.0,126951175.0,7492545957.33,7542367092.33,336129249.03,278541291.20000005,2156377943.51,4072376847.88,1915998904.37,110041495.00999999,4823.88,3913.14,3424.08,3447.09,4109.3,4496.63,155.11,655.51,,,,Y,,,轻工制造,家用轻工,家具,21.91,22.1,21.94
sh603313,梦百合,2020-02-07,22.51,22.51,21.65,22.2,22.61,5549932.0,122185223.0,7485349135.8,7541592835.8,336129249.03,278541291.20000005,2156377943.51,4072376847.88,1915998904.37,110041495.00999999,3773.76,3488.44,4358.68,3738.78,3741.75,4215.25,344.32,776.04,,,,Y,,,轻工制造,家用轻工,家具,22.21,22.23,22.08
sh603313,梦百合,2020-02-10,22.2,23.42,21.88,23.31,22.2,5848518.0,132061474.0,7859616592.59,7918672477.59,336129249.03,278541291.20000005,2156377943.51,4072376847.88,1915998904.37,110041495.00999999,4972.39,3794.3,3822.07,4298.39,3483.92,4880.94,927.77,232.5,,,,Y,,,轻工制造,家用轻工,家具,22.13,22.04,22.19
sh603313,梦百合,2020-02-11,23.02,24.1,22.8,23.66,23.31,4334360.0,101902986.0,7977628853.74,8037571463.74,336129249.03,278541291.20000005,2156377943.51,4072376847.88,1915998904.37,110041495.00999999,3380.59,4177.21,3092.3,1910.35,3597.4,3876.42,120.0,226.31,,,,Y,,,轻工制造,家用轻工,家具,23.06,23.13,23.0
sh603313,梦百合,2020-02-12,23.55,23.84,23.17,23.52,23.66,3085418.0,72436846.0,7930423949.28,7990011869.28,336129249.03,278541291.20000005,2156377943.51,4072376847.88,1915998904.37,110041495.00999999,2565.71,2520.95,1697.59,1659.48,2980.37,2803.01,0.0,260.23,,,,Y,,,轻工制造,家用轻工,家具,23.64,23.6,23.53
sh603313,梦百合,2020-02-13,23.5,23.84,22.39,22.74,23.52,4484522.0,103087688.0,7667425195.86,7725036985.86,336129249.03,278541291.20000005,2156377943.51,4072376847.88,1915998904.37,110041495.00999999,4720.49,3599.93,1511.76,1458.03,3944.05,4576.75,132.47,674.05,,,,Y,,,轻工制造,家用轻工,家具,23.66,23.62,23.37
sh603313,梦百合,2020-02-14,22.86,23.49,22.51,23.17,22.74,3176427.0,73310967.0,7812411688.13,7871112883.13,336129249.03,278541291.20000005,2156377943.51,4072376847.88,1915998904.37,110041495.00999999,1783.17,2186.54,1511.94,805.7,2104.84,2481.15,73.43,0.0,,,,Y,,,轻工制造,家用轻工,家具,22.8,23.01,23.39
sh603313,梦百合,2020-02-17,23.24,24.62,23.06,24.43,23.17,4788127.0,115774279.0,8237255828.27,8299149233.27,336129249.03,278541291.20000005,2156377943.51,4072376847.88,1915998904.37,110041495.00999999,3682.21,4200.35,3642.27,2219.53,3284.19,4695.42,968.74,462.11,,,,Y,,,轻工制造,家用轻工,家具,23.46,23.69,23.7
sh603313,梦百合,2020-02-18,24.55,26.87,24.45,26.87,24.43,7254766.0,188157076.0,9059969877.43,9128045022.43,336129249.03,278541291.20000005,2156377943.51,4072376847.88,1915998904.37,110041495.00999999,5474.57,6500.65,8185.09,4874.13,3732.05,6758.04,1423.94,682.83,,,,Y,,,轻工制造,家用轻工,家具,24.87,25.15,25.04
sh603313,梦百合,2020-02-19,27.2,27.37,26.27,26.78,26.87,5544256.0,149319097.0,9029623867.42,9097470997.42,336129249.03,278541291.20000005,2156377943.51,4072376847.88,1915998904.37,110041495.00999999,4531.54,4442.42,5673.53,5242.6,4320.31,4749.93,406.51,496.94,,,,Y,,,轻工制造,家用轻工,家具,26.7,26.6,26.97
sh603313,梦百合,2020-02-20,26.57,28.0,26.57,27.81,26.78,4445049.0,122368422.0,9376917093.09,9447373728.09,336129249.03,278541291.20000005,2156377943.51,4072376847.88,1915998904.37,110041495.00999999,3580.04,4170.01,3548.54,2344.31,4515.25,5430.93,592.99,291.57,,,,Y,,,轻工制造,家用轻工,家具,26.8,27.4,27.31
sh603313,梦百合,2020-02-21,27.52,28.17,27.0,27.5,27.81,5198741.0,142794266.0,9272391947.5,9342063197.5,336129249.03,278541291.20000005,2156377943.51,4072376847.88,1915998904.37,110041495.00999999,6668.55,6335.79,2112.07,3025.03,5362.61,4591.66,136.18,326.92,,,,Y,,,轻工制造,家用轻工,家具,27.52,27.37,27.63
sh603313,梦百合,2020-02-24,27.5,30.11,27.15,29.63,27.5,6615043.0,191470751.0,9990580851.07,10065648456.1,336129249.03,278541291.20000005,2156377943.51,4072376847.88,1915998904.37,110041495.00999999,8609.72,6811.73,5779.47,4773.03,4476.64,6638.99,281.21,923.3,,,,Y,,,轻工制造,家用轻工,家具,27.63,27.88,27.91
sh603313,梦百合,2020-02-25,28.68,31.45,28.55,31.1,29.63,8761768.0,266197544.0,10486232347.9,10565024197.9,336129249.03,278541291.20000005,2156377943.51,4072376847.88,1915998904.37,110041495.00999999,11777.79,9583.44,8400.17,7510.44,5447.62,8642.76,994.13,883.07,,,,Y,,,轻工制造,家用轻工,家具,29.61,30.2,30.35
sh603313,梦百合,2020-02-26,30.26,31.2,29.02,29.95,31.1,6294628.0,188628301.0,10107047339.1,10182925664.1,336129249.03,278541291.20000005,2156377943.51,4072376847.88,1915998904.37,110041495.00999999,3855.56,3342.08,3085.6,2677.33,3073.08,3704.31,335.6,626.12,,,,Y,,,轻工制造,家用轻工,家具,30.2,30.15,30.0
sh603313,梦百合,2020-02-27,30.03,30.55,27.6,29.56,29.95,6738615.0,196771296.0,9975436372.08,10050326632.1,336129249.03,278541291.20000005,2156377943.51,4072376847.88,1915998904.37,110041495.00999999,7424.08,8966.27,5635.58,4131.72,5976.23,5621.55,641.23,957.58,,,,Y,,,轻工制造,家用轻工,家具,30.42,29.68,29.52
sh603313,梦百合,2020-02-28,27.96,28.7,26.6,26.6,29.56,7827464.0,215129443.0,8976542878.8,9043933978.8,336129249.03,278541291.20000005,2156377943.51,4072376847.88,1915998904.37,110041495.00999999,7402.85,6330.32,4728.58,8418.29,9054.02,5232.66,327.48,1531.65,,,,Y,,,轻工制造,家用轻工,家具,28.13,28.3,28.23
sh603313,梦百合,2020-03-02,26.48,27.78,25.18,27.3,26.6,11130638.0,294572421.0,9212767691.4,9281932241.4,336129249.03,278541291.20000005,2156377943.51,4072376847.88,1915998904.37,110041495.00999999,11567.52,12868.59,7609.26,5997.98,8709.16,9478.04,1571.28,1112.62,,,,Y,,,轻工制造,家用轻工,家具,26.44,25.88,25.83
sh603313,梦百合,2020-03-03,27.79,28.36,26.59,27.4,27.3,6963289.0,192901254.0,9246514093.2,9313438593.2,336129249.03,278541291.20000005,2156377943.51,4072376847.88,1915998904.37,110041495.00999999,6607.17,6888.65,6193.6,4728.96,5855.21,6855.63,634.13,816.87,,,,Y,,,轻工制造,家用轻工,家具,26.86,27.66,28.0
sh603313,梦百合,2020-03-04,26.5,27.55,26.11,26.56,27.4,7068897.0,188790922.0,8963044318.08,9027917118.08,336129249.03,278541291.20000005,2156377943.51,4072376847.88,1915998904.37,110041495.00999999,5953.71,5805.76,3910.74,4819.7,8745.18,6561.88,269.45,1691.74,,,,Y,,,轻工制造,家用轻工,家具,26.96,27.28,27.01
sh603313,梦百合,2020-03-05,26.91,28.0,26.38,27.73,26.56,6874513.0,188462683.0,9357877219.14,9425607744.14,336129249.03,278541291.20000005,2156377943.51,4072376847.88,1915998904.37,110041495.00999999,6378.26,6991.47,5063.34,3552.47,6092.92,6409.83,1311.73,1892.49,,,,Y,,,轻工制造,家用轻工,家具,26.61,26.96,27.01
sh603313,梦百合,2020-03-06,27.29,28.2,27.05,27.2,27.73,4194042.0,115031856.0,9179021289.6,9245457289.6,336129249.03,278541291.20000005,2156377943.51,4072376847.88,1915998904.37,110041495.00999999,4483.44,4458.97,2050.58,2288.02,4614.95,4347.42,354.21,408.77,,,,Y,,,轻工制造,家用轻工,家具,27.96,27.9,27.73
sh603313,梦百合,2020-03-09,26.16,27.0,24.48,24.87,27.2,7928907.0,201273036.0,8392730127.66,8453475102.66,336129249.03,278541291.20000005,2156377943.51,4072376847.88,1915998904.37,110041495.00999999,7635.8,7903.02,4309.99,6376.76,7523.67,4767.91,657.84,1079.61,,,,Y,,,轻工制造,家用轻工,家具,26.5,25.82,25.6
sh603313,梦百合,2020-03-10,24.43,25.79,23.7,25.48,24.87,6231258.0,155093185.0,8598583178.64,8660818078.64,336129249.03,278541291.20000005,2156377943.51,4072376847.88,1915998904.37,110041495.00999999,4877.49,5371.56,3691.21,4288.67,6179.22,5581.54,761.39,267.53,,,,Y,,,轻工制造,家用轻工,家具,24.6,23.99,24.4
sh603313,梦百合,2020-03-11,25.62,25.96,24.73,24.74,25.48,4777684.0,120577258.0,8348859805.32,8409287255.32,336129249.03,278541291.20000005,2156377943.51,4072376847.88,1915998904.37,110041495.00999999,4008.27,4236.35,1551.38,2774.48,5928.76,4225.5,0.0,252.1,,,,Y,,,轻工制造,家用轻工,家具,25.7,25.5,25.24
sh603313,梦百合,2020-03-12,24.48,25.28,23.79,24.89,24.74,6047837.0,147316948.0,8399479408.02,8460273233.02,336129249.03,278541291.20000005,2156377943.51,4072376847.88,1915998904.37,110041495.00999999,4777.45,4901.16,2862.69,3773.84,6160.4,5830.4,931.15,226.29,,,,Y,,,轻工制造,家用轻工,家具,24.96,24.54,24.42
sh603313,梦百合,2020-03-13,23.5,23.5,22.4,22.77,24.89,9651198.0,218638120.0,7684055689.86,7739671414.86,336129249.03,278541291.20000005,2156377943.51,4072376847.88,1915998904.37,110041495.00999999,8150.59,8655.23,6621.55,4760.17,6337.45,7577.85,754.22,870.55,,,,Y,,,轻工制造,家用轻工,家具,22.41,22.6,22.45
sh603313,梦百合,2020-03-16,22.84,23.0,20.49,20.49,22.77,7384103.0,160393663.0,6914637728.82,6964684553.82,336129249.03,278541291.20000005,2156377943.51,4072376847.88,1915998904.37,110041495.00999999,5531.38,6393.69,2082.45,4434.33,7985.51,4039.79,440.01,1171.55,,,,Y,,,轻工制造,家用轻工,家具,22.81,22.69,22.2
sh603313,梦百合,2020-03-17,20.69,21.19,19.61,20.18,20.49,6540820.0,132416863.0,6810023883.24,6859313533.24,336129249.03,278541291.20000005,2156377943.51,4072376847.88,1915998904.37,110041495.00999999,4278.54,4157.11,1593.05,2552.22,7370.1,6380.74,0.0,151.61,,,,Y,,,轻工制造,家用轻工,家具,20.55,20.63,20.06
sh603313,梦百合,2020-03-18,20.56,21.18,19.87,20.02,20.18,6617916.0,136485275.0,6756029640.36,6804928490.36,336129249.03,278541291.20000005,2156377943.51,4072376847.88,1915998904.37,110041495.00999999,4993.97,5278.74,2070.89,1919.38,6342.33,6250.39,241.34,200.01,,,,Y,,,轻工制造,家用轻工,家具,20.49,20.62,20.95
sh603313,梦百合,2020-03-19,20.0,20.31,19.21,20.01,20.02,6790660.0,134527093.0,6752655000.18,6801529425.18,336129249.03,278541291.20000005,2156377943.51,4072376847.88,1915998904.37,110041495.00999999,4741.5,4800.33,1845.23,1832.24,6744.56,6701.66,121.41,118.48,,,,Y,,,轻工制造,家用轻工,家具,20.25,19.74,19.92
sh603313,梦百合,2020-03-20,20.32,20.61,19.5,19.9,20.01,4967730.0,99019041.0,6715533958.2,6764139708.2,336129249.03,278541291.20000005,2156377943.51,4072376847.88,1915998904.37,110041495.00999999,3684.97,2639.17,1444.08,1845.31,4723.25,5259.03,49.6,158.38,,,,Y,,,轻工制造,家用轻工,家具,20.24,20.14,20.33
sh603313,梦百合,2020-03-23,19.11,19.15,18.25,18.36,19.9,5783117.0,108147055.0,6195839370.48,6240683670.48,336129249.03,278541291.20000005,2156377943.51,4072376847.88,1915998904.37,110041495.00999999,3311.93,4256.79,1094.68,2596.98,6408.09,3960.92,0.0,0.0,,,,Y,,,轻工制造,家用轻工,家具,18.95,18.65,18.74
sh603313,梦百合,2020-03-24,18.91,18.91,17.7,18.31,18.36,4936180.0,90170729.0,6178966169.58,6223688344.58,336129249.03,278541291.20000005,2156377943.51,4072376847.88,1915998904.37,110041495.00999999,3205.96,3422.2,785.02,1534.25,5026.09,4060.62,0.0,0.0,,,,Y,,,轻工制造,家用轻工,家具,18.73,18.64,18.77
sh603313,梦百合,2020-03-25,18.78,19.8,18.66,19.15,18.31,7465526.0,144355343.0,6462435944.7,6509209819.7,336129249.03,278541291.20000005,2156377943.51,4072376847.88,1915998904.37,110041495.00999999,4297.13,4676.67,4715.68,2655.68,4739.19,6692.2,396.87,124.32,,,,Y,,,轻工制造,家用轻工,家具,19.07,19.41,19.6
sh603313,梦百合,2020-03-26,19.4,19.4,18.6,18.77,19.15,4322571.0,81908951.0,6334199617.86,6380045342.86,336129249.03,278541291.20000005,2156377943.51,4072376847.88,1915998904.37,110041495.00999999,2432.11,2512.91,810.31,1047.67,4948.48,4495.49,0.0,134.81,,,,Y,,,轻工制造,家用轻工,家具,18.9,18.87,19.1
sh603313,梦百合,2020-03-27,19.33,19.7,18.42,18.64,18.77,6239513.0,118184429.0,6290329295.52,6335857495.52,336129249.03,278541291.20000005,2156377943.51,4072376847.88,1915998904.37,110041495.00999999,3939.75,3702.52,2534.46,1783.67,5238.88,6085.52,105.36,246.74,,,,Y,,,轻工制造,家用轻工,家具,19.25,19.07,18.81
sh603313,梦百合,2020-03-30,18.5,18.5,17.29,18.0,18.64,6587331.0,117389957.0,6074352324.0,6118317324.0,336129249.03,278541291.20000005,2156377943.51,4072376847.88,1915998904.37,110041495.00999999,4243.24,4222.76,1357.57,1931.91,5803.89,5475.61,334.3,108.72,,,,Y,,,轻工制造,家用轻工,家具,17.99,17.58,17.45
sh603313,梦百合,2020-03-31,18.15,18.43,17.57,17.83,18.0,4007898.0,72098279.0,6016983440.94,6060533215.94,336129249.03,278541291.20000005,2156377943.51,4072376847.88,1915998904.37,110041495.00999999,2141.72,2677.76,896.66,723.99,4171.44,3808.06,0.0,0.0,,,,Y,,,轻工制造,家用轻工,家具,18.39,18.18,18.35
sh603313,梦百合,2020-04-01,17.82,18.17,16.88,17.09,17.83,12576833.0,218489679.0,5767260067.62,5809002392.62,336129249.03,278541291.20000005,2156377943.51,4072376847.88,1915998904.37,110041495.00999999,8282.51,6481.46,4867.42,9180.04,8594.0,5608.15,105.03,579.3,,,,Y,,,轻工制造,家用轻工,家具,17.7,18.0,17.98
sh603313,梦百合,2020-04-02,17.27,17.79,17.12,17.75,17.09,11402258.0,198766536.0,6012783159.25,6056137534.25,336129249.03,278541291.20000005,2156377943.51,4072376847.88,1915998904.37,110041495.00999999,6882.35,6131.52,2320.69,5273.92,10444.39,8471.2,229.21,0.0,,,,Y,,,轻工制造,家用轻工,家具,17.43,17.27,17.33
sh603313,梦百合,2020-04-03,17.91,17.92,17.1,17.25,17.75,7249862.0,126001712.0,5843408985.75,5885542110.75,336129249.03,278541291.20000005,2156377943.51,4072376847.88,1915998904.37,110041495.00999999,4789.51,3876.35,1884.6,1526.73,5926.05,6973.37,0.0,223.71,,,,Y,,,轻工制造,家用轻工,家具,17.75,17.51,17.52
sh603313,梦百合,2020-04-07,17.57,18.49,17.57,18.31,17.25,11596313.0,210174626.0,6202482233.57,6247204408.57,336129249.03,278541291.20000005,2156377943.51,4072376847.88,1915998904.37,110041495.00999999,7972.93,7345.48,3863.69,6707.67,8015.7,6964.29,1165.13,0.0,,,,Y,,,轻工制造,家用轻工,家具,17.76,17.82,17.99
sh603313,梦百合,2020-04-08,18.18,18.25,17.68,17.83,18.31,8373049.0,149274244.0,6039883027.01,6083432802.01,336129249.03,278541291.20000005,2156377943.51,4072376847.88,1915998904.37,110041495.00999999,6084.32,4242.1,3226.71,2619.88,5616.38,7299.78,0.0,765.65,,,,Y,,,轻工制造,家用轻工,家具,18.0,17.91,17.8
sh603313,梦百合,2020-04-09,18.01,18.18,17.68,17.84,17.83,7112970.0,126834176.0,6043270510.48,6086844710.48,336129249.03,278541291.20000005,2156377943.51,4072376847.88,1915998904.37,110041495.00999999,4726.95,3477.12,2657.65,4699.44,5298.81,4506.85,0.0,0.0,,,,Y,,,轻工制造,家用轻工,家具,17.92,17.82,17.82
sh603313,梦百合,2020-04-10,17.84,17.96,17.2,17.27,17.84,6878536.0,120167893.0,5850183952.69,5892365927.69,336129249.03,278541291.20000005,2156377943.51,4072376847.88,1915998904.37,110041495.00999999,4366.01,4868.18,1436.74,2404.79,5988.35,4536.65,225.68,207.16,,,,Y,,,轻工制造,家用轻工,家具,17.9,17.66,17.55
sh603313,梦百合,2020-04-13,17.21,17.54,16.76,17.32,17.27,5733366.0,98809393.0,5867121370.04,5909425470.04,336129249.03,278541291.20000005,2156377943.51,4072376847.88,1915998904.37,110041495.00999999,4504.16,4255.78,1096.84,1651.26,4279.93,3973.9,0.0,0.0,,,,Y,,,轻工制造,家用轻工,家具,16.95,16.99,17.0
sh603313,梦百合,2020-04-14,17.32,17.68,17.15,17.62,17.32,4676564.0,81508039.0,5968745874.14,6011782724.14,336129249.03,278541291.20000005,2156377943.51,4072376847.88,1915998904.37,110041495.00999999,3087.26,2684.28,1255.36,1395.43,3597.63,4071.09,210.56,0.0,,,,Y,,,轻工制造,家用轻工,家具,17.43,17.29,17.3
sh603313,梦百合,2020-04-15,17.77,19.25,17.77,18.9,17.62,14905416.0,278214155.0,6402343758.3,6448507008.3,336129249.03,278541291.20000005,2156377943.51,4072376847.88,1915998904.37,110041495.00999999,9127.57,11045.73,6471.14,5304.64,11114.03,10961.56,1108.66,509.47,,,,Y,,,轻工制造,家用轻工,家具,18.0,18.15,18.49
sh603313,梦百合,2020-04-16,18.68,18.85,18.35,18.41,18.9,7457815.0,138264620.0,6236357068.27,6281323493.27,336129249.03,278541291.20000005,2156377943.51,4072376847.88,1915998904.37,110041495.00999999,5480.25,4309.06,2270.52,1533.37,5312.72,7442.64,221.58,0.0,,,,Y,,,轻工制造,家用轻工,家具,18.48,18.78,18.67
sh603313,梦百合,2020-04-17,18.9,19.75,18.61,19.69,18.41,12491527.0,242890117.0,6669954952.43,6718047777.43,336129249.03,278541291.20000005,2156377943.51,4072376847.88,1915998904.37,110041495.00999999,7927.75,8413.33,6594.45,6154.62,8989.49,9148.61,777.31,572.44,,,,Y,,,轻工制造,家用轻工,家具,19.2,19.53,19.57
sh603313,梦百合,2020-04-20,19.38,21.03,19.38,20.38,19.69,10788653.0,219875795.0,6903691311.86,6953469461.86,336129249.03,278541291.20000005,2156377943.51,4072376847.88,1915998904.37,110041495.00999999,7197.98,7087.03,5871.81,5121.43,7495.56,8803.82,1422.22,975.28,,,,Y,,,轻工制造,家用轻工,家具,20.0,20.02,20.35
sh603313,梦百合,2020-04-21,20.25,20.34,19.7,19.97,20.38,6688696.0,133845781.0,6764804489.59,6813581214.59,336129249.03,278541291.20000005,2156377943.51,4072376847.88,1915998904.37,110041495.00999999,4608.66,5434.15,2365.31,2258.53,5722.4,4740.86,688.2,951.02,,,,Y,,,轻工制造,家用轻工,家具,20.03,20.05,20.06
sh603313,梦百合,2020-04-22,19.96,20.27,19.62,20.14,19.97,4771717.0,95076956.0,6822391708.58,6871583658.58,336129249.03,278541291.20000005,2156377943.51,4072376847.88,1915998904.37,110041495.00999999,3544.61,4273.23,2120.89,932.38,3539.94,4192.75,302.25,109.33,,,,Y,,,轻工制造,家用轻工,家具,19.76,19.64,19.76
sh603313,梦百合,2020-04-23,20.04,20.4,19.65,19.71,20.14,4772909.0,94452315.0,6676729919.37,6724871594.37,336129249.03,278541291.20000005,2156377943.51,4072376847.88,1915998904.37,110041495.00999999,3041.01,4333.35,2835.22,1331.88,3568.99,3400.0,0.0,380.0,,,,Y,,,轻工制造,家用轻工,家具,20.22,19.9,19.81
sh603313,梦百合,2020-04-24,19.7,19.72,19.16,19.3,19.71,3514590.0,68116643.0,6537843097.1,6584983347.1,336129249.03,278541291.20000005,2156377943.51,4072376847.88,1915998904.37,110041495.00999999,2237.42,2564.44,1629.83,1897.95,2834.29,2164.97,110.12,184.3,,,,Y,,,轻工制造,家用轻工,家具,19.62,19.57,19.49
sh603313,梦百合,2020-04-27,19.3,20.2,19.02,19.72,19.3,4318629.0,85424646.0,6680117402.84,6728283502.84,336129249.03,278541291.20000005,2156377943.51,4072376847.88,1915998904.37,110041495.00999999,3610.6,3159.99,1595.58,1252.8,3188.89,4129.66,147.4,0.0,,,,Y,,,轻工制造,家用轻工,家具,19.25,19.11,19.67
sh603313,梦百合,2020-04-28,19.8,20.14,19.01,19.74,19.72,4214870.0,82857849.0,6686892369.78,6735107319.78,373677311.95,129794963.26,2403836528.1900005,4619775351.1,2215938822.91,113201056.44999999,2885.68,2940.6,1502.01,1309.79,3804.49,3932.28,93.6,103.1,,,,Y,,,轻工制造,家用轻工,家具,19.88,19.95,19.52
sh603313,梦百合,2020-04-29,20.38,20.77,19.45,20.6,19.74,9677045.0,196111058.0,6978215948.2,7028531448.2,378605143.39,91279002.63000001,2575342616.8599997,5472360023.4,2897017406.54,80280832.94,7129.9,7473.53,4757.84,4150.34,6810.44,7100.95,912.91,886.28,,,,Y,,,轻工制造,家用轻工,家具,19.86,19.77,19.48
sh603313,梦百合,2020-04-30,20.84,22.66,20.62,22.66,20.6,8469543.0,186880129.0,7676037543.02,7731384593.02,378605143.39,91279002.63000001,2575342616.8599997,5472360023.4,2897017406.54,80280832.94,5697.57,6218.86,5272.09,4929.22,3810.61,6141.93,3907.73,1397.98,,,,Y,,,轻工制造,家用轻工,家具,21.55,21.83,21.89
sh603313,梦百合,2020-05-06,21.88,23.5,21.84,22.89,22.66,8367960.0,190682764.0,7753949662.83,7809858487.83,378605143.39,91279002.63000001,2575342616.8599997,5472360023.4,2897017406.54,80280832.94,6097.77,6973.55,3175.79,5464.83,9556.78,5938.13,237.92,691.75,,,,Y,,,轻工制造,家用轻工,家具,22.72,22.85,23.03
sh603313,梦百合,2020-05-07,22.7,22.94,21.7,21.77,22.89,7762605.0,172097728.0,7374551514.19,7427724739.19,378605143.39,91279002.63000001,2575342616.8599997,5472360023.4,2897017406.54,80280832.94,6985.5,5560.39,2616.61,4374.87,7443.24,5184.58,164.41,2089.92,,,,Y,,,轻工制造,家用轻工,家具,22.65,22.45,22.35
sh603313,梦百合,2020-05-08,21.84,22.45,21.75,22.24,21.77,4793562.0,105919190.0,7533763237.28,7588084437.28,378605143.39,91279002.63000001,2575342616.8599997,5472360023.4,2897017406.54,80280832.94,3759.46,3345.13,1164.82,1322.47,5457.29,5823.37,210.33,100.93,,,,Y,,,轻工制造,家用轻工,家具,22.1,21.9,22.01
sh603313,梦百合,2020-05-11,22.51,22.98,22.24,22.61,22.24,4460893.0,100572368.0,7659100125.67,7714325050.67,378605143.39,91279002.63000001,2575342616.8599997,5472360023.4,2897017406.54,80280832.94,3722.13,3803.6,1858.34,1982.12,3940.4,4271.51,536.36,0.0,,,,Y,,,轻工制造,家用轻工,家具,22.33,22.53,22.35
sh603313,梦百合,2020-05-12,22.62,24.49,22.4,24.11,22.61,9887313.0,235754414.0,8167222646.17,8226111321.17,378605143.39,91279002.63000001,2575342616.8599997,5472360023.4,2897017406.54,80280832.94,7335.1,8437.34,7461.88,6688.21,7620.1,6911.07,1158.35,1538.81,,,,Y,,,轻工制造,家用轻工,家具,22.76,22.66,23.11
sh603313,梦百合,2020-05-13,24.08,24.61,23.64,24.3,24.11,5253730.0,127115506.0,8231584832.1,8290937582.1,378605143.39,91279002.63000001,2575342616.8599997,5472360023.4,2897017406.54,80280832.94,4828.52,4529.92,2623.87,1832.59,4119.55,5713.43,840.98,336.97,,,,Y,,,轻工制造,家用轻工,家具,24.08,23.79,24.11
sh603313,梦百合,2020-05-14,24.2,24.2,23.2,23.25,24.3,5997860.0,141125141.0,7875899067.75,7932687192.75,378605143.39,91279002.63000001,2575342616.8599997,5472360023.4,2897017406.54,80280832.94,4416.85,5760.56,3641.48,2953.64,5423.11,4254.9,631.06,1143.39,,,,Y,,,轻工制造,家用轻工,家具,23.83,23.8,23.9
sh603313,梦百合,2020-05-15,23.29,23.53,22.83,23.37,23.25,4452304.0,102848150.0,7916548869.39,7973630094.39,378605143.39,91279002.63000001,2575342616.8599997,5472360023.4,2897017406.54,80280832.94,3392.45,4326.14,2173.59,2081.52,4434.87,3582.66,116.85,127.44,,,,Y,,,轻工制造,家用轻工,家具,23.28,22.97,22.94
sh603313,梦百合,2020-05-18,23.45,23.48,22.72,22.82,23.37,3277308.0,75609173.0,7730237278.54,7785975128.54,378605143.39,91279002.63000001,2575342616.8599997,5472360023.4,2897017406.54,80280832.94,2463.19,2845.99,1130.44,1639.28,3967.28,2959.01,0.0,116.63,,,,Y,,,轻工制造,家用轻工,家具,22.98,23.0,22.88
sh603313,梦百合,2020-05-19,23.27,24.5,23.01,24.32,22.82,7333747.0,176069002.0,8253658781.44,8297761399.04,378605143.39,91279002.63000001,2575342616.8599997,5472360023.4,2897017406.54,80280832.94,5277.12,6820.99,6282.34,4364.38,5925.89,5870.98,121.54,550.52,,,,Y,,,轻工制造,家用轻工,家具,23.37,23.14,23.38
sh603313,梦百合,2020-05-20,24.3,24.88,24.08,24.39,24.32,5098394.0,125017979.0,8277415200.63,8321644758.33,378605143.39,91279002.63000001,2575342616.8599997,5472360023.4,2897017406.54,80280832.94,3757.27,5793.72,3206.12,2177.37,4289.74,4012.79,1248.66,517.89,,,,Y,,,轻工制造,家用轻工,家具,24.37,24.29,24.31
sh603313,梦百合,2020-05-21,24.37,24.76,23.77,24.15,24.39,4869476.0,117673617.0,8195964620.55,8239758955.05,378605143.39,91279002.63000001,2575342616.8599997,5472360023.4,2897017406.54,80280832.94,4056.15,3798.82,3473.85,3125.07,3977.3,4364.58,260.05,478.87,,,,Y,,,轻工制造,家用轻工,家具,24.51,23.81,24.3
sh603313,梦百合,2020-05-22,24.62,24.7,22.99,23.25,24.15,4794353.0,112640026.0,7890524945.25,7932687192.75,378605143.39,91279002.63000001,2575342616.8599997,5472360023.4,2897017406.54,80280832.94,3659.85,3491.3,1669.62,2582.05,5824.5,4354.83,110.02,835.81,,,,Y,,,轻工制造,家用轻工,家具,23.95,23.59,23.71
sh603313,梦百合,2020-05-25,23.4,24.12,23.06,23.62,23.25,4131923.0,98200667.0,8016094589.54,8058927806.14,378605143.39,91279002.63000001,2575342616.8599997,5472360023.4,2897017406.54,80280832.94,3201.01,3102.61,1278.66,1667.97,5340.39,4625.13,0.0,424.36,,,,Y,,,轻工制造,家用轻工,家具,23.31,23.91,23.87
sh603313,梦百合,2020-05-26,23.95,24.98,23.66,24.35,23.62,5512438.0,134298825.0,8263840103.95,8307997124.45,378605143.39,91279002.63000001,2575342616.8599997,5472360023.4,2897017406.54,80280832.94,4745.69,4403.33,1622.99,2570.16,6845.47,5996.86,215.71,459.5,,,,Y,,,轻工制造,家用轻工,家具,24.39,23.78,23.76
sh603313,梦百合,2020-05-27,24.95,26.09,24.66,25.19,24.35,7096125.0,180168190.0,8548917134.23,8594597435.93,378605143.39,91279002.63000001,2575342616.8599997,5472360023.4,2897017406.54,80280832.94,7214.65,7654.92,3219.54,3116.53,7052.34,6991.6,530.27,253.75,,,,Y,,,轻工制造,家用轻工,家具,25.16,25.27,25.39
sh603313,梦百合,2020-05-28,25.55,25.99,24.5,25.06,25.19,5664678.0,142471215.0,8504798070.02,8550242625.82,378605143.39,91279002.63000001,2575342616.8599997,5472360023.4,2897017406.54,80280832.94,3659.11,4272.56,1418.25,1834.5,8267.62,7718.24,902.14,421.81,,,,Y,,,轻工制造,家用轻工,家具,24.98,25.55,25.66
sh603313,梦百合,2020-05-29,24.95,25.38,24.7,25.18,25.06,3305572.0,82722556.0,8545523360.06,8591185527.46,378605143.39,91279002.63000001,2575342616.8599997,5472360023.4,2897017406.54,80280832.94,3161.08,2618.11,1189.0,1488.08,3650.66,3792.96,271.5,373.11,,,,Y,,,轻工制造,家用轻工,家具,24.77,25.12,25.05
sh603313,梦百合,2020-06-01,25.26,25.94,25.14,25.71,25.18,4338885.0,110821229.0,8725393391.07,8772016676.37,378605143.39,91279002.63000001,2575342616.8599997,5472360023.4,2897017406.54,80280832.94,4349.89,3479.18,1681.63,2465.63,4919.01,4376.73,131.58,760.57,,,,Y,,,轻工制造,家用轻工,家具,25.61,25.3,25.41
sh603313,梦百合,2020-06-02,25.71,25.75,24.5,24.99,25.71,4727170.0,118395690.0,8481041650.83,8526359266.53,378605143.39,91279002.63000001,2575342616.8599997,5472360023.4,2897017406.54,80280832.94,4680.8,4705.99,1301.61,1830.06,5857.14,4731.73,0.0,571.77,,,,Y,,,轻工制造,家用轻工,家具,25.39,25.55,25.23
sh603313,梦百合,2020-06-03,25.11,25.35,24.65,24.98,24.99,3149967.0,79108040.0,8477647876.66,8522947358.06,378605143.39,91279002.63000001,2575342616.8599997,5472360023.4,2897017406.54,80280832.94,3959.98,3045.27,971.72,1179.06,2979.1,3400.95,0.0,285.52,,,,Y,,,轻工制造,家用轻工,家具,24.81,25.16,24.97
sh603313,梦百合,2020-06-04,25.16,25.42,24.68,25.04,24.98,2306826.0,57659045.0,8498010521.68,8543418808.88,378605143.39,91279002.63000001,2575342616.8599997,5472360023.4,2897017406.54,80280832.94,1759.46,1930.13,777.6,1318.06,3228.83,2517.71,0.0,0.0,,,,Y,,,轻工制造,家用轻工,家具,25.33,24.95,24.76
sh603313,梦百合,2020-06-05,24.95,25.12,24.39,24.99,25.04,3773576.0,93652587.0,8481041650.83,8526359266.53,378605143.39,91279002.63000001,2575342616.8599997,5472360023.4,2897017406.54,80280832.94,3037.31,2696.17,924.0,1123.36,4224.62,4332.94,879.83,913.28,,,,Y,,,轻工制造,家用轻工,家具,24.64,24.44,24.68
sh603313,梦百合,2020-06-08,25.0,25.5,24.51,25.38,24.99,3201801.0,80519806.0,8613398843.46,8659423696.86,378605143.39,91279002.63000001,2575342616.8599997,5472360023.4,2897017406.54,80280832.94,3835.43,2662.43,844.36,1276.59,3255.45,3701.31,116.73,411.65,,,,Y,,,轻工制造,家用轻工,家具,25.09,24.83,24.77
sh603313,梦百合,2020-06-09,25.58,27.29,25.19,26.56,25.38,6742086.0,178822001.0,9013864195.52,9062028896.32,378605143.39,91279002.63000001,2575342616.8599997,5472360023.4,2897017406.54,80280832.94,7409.93,6561.86,3456.35,2689.32,6376.25,6898.55,639.66,1732.46,,,,Y,,,轻工制造,家用轻工,家具,25.41,26.55,26.76
sh603313,梦百合,2020-06-10,26.5,26.75,26.15,26.5,26.56,3067194.0,80989547.0,8993501550.5,9041557445.5,378605143.39,91279002.63000001,2575342616.8599997,5472360023.4,2897017406.54,80280832.94,2530.52,3269.85,1452.83,1460.65,3984.07,3149.21,131.54,219.25,,,,Y,,,轻工制造,家用轻工,家具,26.58,26.35,26.34
sh603313,梦百合,2020-06-11,26.3,26.55,25.27,25.58,26.5,4769915.0,123054233.0,8681274326.86,8727661866.26,378605143.39,91279002.63000001,2575342616.8599997,5472360023.4,2897017406.54,80280832.94,3882.87,4825.28,1822.55,2826.11,5099.24,4262.08,1500.76,391.94,,,,Y,,,轻工制造,家用轻工,家具,26.24,26.2,26.26
sh603313,梦百合,2020-06-12,24.22,25.28,24.16,25.05,25.58,6228899.0,153898363.0,8501404295.85,8546830717.35,378605143.39,91279002.63000001,2575342616.8599997,5472360023.4,2897017406.54,80280832.94,4806.38,4855.22,2797.08,4465.46,6479.12,4681.3,1307.26,1387.86,,,,Y,,,轻工制造,家用轻工,家具,24.76,24.77,24.99
sh603313,梦百合,2020-06-15,24.73,24.81,23.4,23.54,25.05,7855471.0,188128133.0,7988944396.179998,8031632538.38,378605143.39,91279002.63000001,2575342616.8599997,5472360023.4,2897017406.54,80280832.94,7014.0,6568.34,3894.32,4272.39,7798.63,6998.38,105.84,973.69,,,,Y,,,轻工制造,家用轻工,家具,24.51,24.15,24.04
sh603313,梦百合,2020-06-16,24.02,25.66,24.02,25.35,23.54,9133323.0,227532480.0,8603217520.95,8649187971.449999,378605143.39,91279002.63000001,2575342616.8599997,5472360023.4,2897017406.54,80280832.94,9183.69,8088.66,3573.95,4439.43,9371.99,8991.57,623.6,1233.56,,,,Y,,,轻工制造,家用轻工,家具,24.39,24.54,24.8
sh603313,梦百合,2020-06-17,25.35,25.5,24.37,24.83,25.35,5516550.0,136173963.0,8426741264.110002,8471768731.01,378605143.39,91279002.63000001,2575342616.8599997,5472360023.4,2897017406.54,80280832.94,4677.27,3459.68,2825.85,2170.63,5736.79,7039.82,377.47,947.25,,,,Y,,,轻工制造,家用轻工,家具,25.1,25.03,24.75
sh603313,梦百合,2020-06-18,25.0,25.0,23.88,24.16,24.83,4586726.0,110971032.0,8199358394.72,8243170863.52,378605143.39,91279002.63000001,2575342616.8599997,5472360023.4,2897017406.54,80280832.94,3502.45,3216.56,1955.63,3347.15,5409.13,3338.81,229.89,1194.57,,,,Y,,,轻工制造,家用轻工,家具,24.59,24.67,24.46
sh603313,梦百合,2020-06-19,24.19,24.85,23.91,24.16,24.16,4804470.0,116420617.0,8199358394.72,8243170863.52,378605143.39,91279002.63000001,2575342616.8599997,5472360023.4,2897017406.54,80280832.94,3647.44,4683.85,2509.49,2081.42,5032.17,4665.69,241.85,0.0,,,,Y,,,轻工制造,家用轻工,家具,24.47,24.4,24.69
sh603313,梦百合,2020-06-22,24.22,24.6,23.91,24.43,24.16,3514810.0,85566909.0,8290990297.3099985,8335292392.21,378605143.39,91279002.63000001,2575342616.8599997,5472360023.4,2897017406.54,80280832.94,3632.6,2842.58,1527.06,1212.07,3213.08,4107.8,183.95,394.23,,,,Y,,,轻工制造,家用轻工,家具,24.01,24.44,24.24
sh603313,梦百合,2020-06-23,24.7,24.7,24.02,24.57,24.43,3198227.0,78046385.0,8338503135.69,8383059110.79,378605143.39,91279002.63000001,2575342616.8599997,5472360023.4,2897017406.54,80280832.94,2390.75,2356.3,2092.41,1721.46,3098.74,3607.97,222.73,118.9,,,,Y,,,轻工制造,家用轻工,家具,24.3,24.31,24.2
sh603313,梦百合,2020-06-24,24.5,25.56,23.91,24.56,24.57,7012221.0,171953663.0,8335109361.519999,8379647202.32,378605143.39,91279002.63000001,2575342616.8599997,5472360023.4,2897017406.54,80280832.94,5704.8,5466.0,3947.33,3650.23,6168.57,7354.49,1374.65,724.63,,,,Y,,,轻工制造,家用轻工,家具,25.52,24.88,24.6
sh603313,梦百合,2020-06-29,24.07,24.49,23.0,23.42,24.56,7447656.0,173986886.0,7948219106.14,7990689636.74,378605143.39,91279002.63000001,2575342616.8599997,5472360023.4,2897017406.54,80280832.94,4968.63,4404.35,4756.46,4093.72,5780.09,6851.16,1893.5,2049.44,,,,Y,,,轻工制造,家用轻工,家具,23.57,23.75,23.48
sh603313,梦百合,2020-06-30,23.6,23.99,23.27,23.53,23.42,4423450.0,104320348.0,7985550622.01,8028220629.91,378605143.39,91279002.63000001,2575342616.8599997,5472360023.4,2897017406.54,80280832.94,2467.63,3396.16,2609.92,2354.62,4069.16,3976.0,1285.31,705.24,,,,Y,,,轻工制造,家用轻工,家具,23.52,23.88,23.72
sh603313,梦百合,2020-07-01,23.66,24.08,23.5,23.75,23.53,5432998.0,129208010.0,8060213653.750002,8103282616.25,378605143.39,91279002.63000001,2575342616.8599997,5472360023.4,2897017406.54,80280832.94,3722.38,3581.02,2563.44,3683.89,5421.41,3912.74,1213.56,1743.14,,,,Y,,,轻工制造,家用轻工,家具,23.57,23.8,23.67
sh603313,梦百合,2020-07-02,23.76,24.78,23.41,24.31,23.75,6359753.0,154777830.0,8322669497.999998,8366753981.3,378605143.39,91279002.63000001,2575342616.8599997,5472360023.4,2897017406.54,80280832.94,4121.09,5329.62,3664.11,3264.24,5760.27,5661.83,1932.3,1222.09,,,,Y,,,轻工制造,家用轻工,家具,23.74,23.97,24.13
sh603313,梦百合,2020-07-03,24.45,24.47,23.67,24.27,24.31,5296736.0,127295330.0,8308975266.0,8352987212.099998,378605143.39,91279002.63000001,2575342616.8599997,5472360023.4,2897017406.54,80280832.94,4028.28,3669.83,2819.62,2850.68,4395.65,5509.99,1485.98,699.03,,,,Y,,,轻工制造,家用轻工,家具,24.16,24.2,24.04
sh603313,梦百合,2020-07-06,24.58,24.89,24.15,24.4,24.27,10280491.0,251138907.0,8353481520.0,8397729212.0,378605143.39,91279002.63000001,2575342616.8599997,5472360023.4,2897017406.54,80280832.94,8733.54,8757.95,7176.21,6820.35,7601.83,6672.52,1602.3,2863.05,,,,Y,,,轻工制造,家用轻工,家具,24.45,24.17,24.39
sh603313,梦百合,2020-07-07,24.64,26.41,24.3,25.6,24.4,11845673.0,298259637.0,8764308480.0,8810732288.0,378605143.39,91279002.63000001,2575342616.8599997,5472360023.4,2897017406.54,80280832.94,10245.47,11242.86,9036.02,6179.11,8344.0,9684.57,2200.44,2719.41,,,,Y,,,轻工制造,家用轻工,家具,24.38,24.46,24.37
sh603313,梦百合,2020-07-08,25.5,25.84,25.28,25.61,25.6,8575098.0,219277275.0,8767732038.0,8814173980.300001,378605143.39,91279002.63000001,2575342616.8599997,5472360023.4,2897017406.54,80280832.94,7726.46,8072.65,5355.54,5237.43,7365.74,6538.6,1479.96,2079.01,,,,Y,,,轻工制造,家用轻工,家具,25.62,25.67,25.69
sh603313,梦百合,2020-07-09,25.62,26.2,25.3,26.2,25.61,8736755.0,225617014.0,8969721960.0,9017233826.0,378605143.39,91279002.63000001,2575342616.8599997,5472360023.4,2897017406.54,80280832.94,7062.17,6968.41,6341.74,6564.6,6435.13,6404.86,2722.64,2623.82,,,,Y,,,轻工制造,家用轻工,家具,25.5,25.44,25.58
sh603313,梦百合,2020-07-10,26.1,26.18,25.0,25.0,26.2,6830636.0,174850475.0,8558895000.0,8604230750.0,378605143.39,91279002.63000001,2575342616.8599997,5472360023.4,2897017406.54,80280832.94,7141.17,5621.89,3903.6,4774.47,5918.0,4322.74,522.26,2765.95,,,,Y,,,轻工制造,家用轻工,家具,25.91,25.78,25.91
sh603313,梦百合,2020-07-13,25.0,25.88,24.8,25.86,25.0,8366174.0,213013109.0,8853320988.0,8900216287.800001,378605143.39,91279002.63000001,2575342616.8599997,5472360023.4,2897017406.54,80280832.94,6411.55,9403.34,6209.53,4868.91,7812.87,5843.39,867.34,1185.65,,,,Y,,,轻工制造,家用轻工,家具,25.28,25.06,25.02
sh603313,梦百合,2020-07-14,26.06,26.36,25.15,25.81,25.86,8122034.0,209340008.0,8836203198.0,8882887035.5,378605143.39,91279002.63000001,2575342616.8599997,5472360023.4,2897017406.54,80280832.94,7422.26,8271.65,4119.16,5633.78,9060.8,5606.92,331.76,1421.64,,,,Y,,,轻工制造,家用轻工,家具,25.99,26.33,26.12
sh603313,梦百合,2020-07-15,25.86,26.5,25.6,26.32,25.81,10197947.0,266371054.0,9010804656.0,9058410956.0,378605143.39,91279002.63000001,2575342616.8599997,5472360023.4,2897017406.54,80280832.94,10221.17,9990.67,6075.77,4967.23,8475.08,9212.16,1865.06,2467.01,,,,Y,,,轻工制造,家用轻工,家具,26.1,25.9,26.12
sh603313,梦百合,2020-07-16,26.37,26.37,23.69,24.0,26.32,11443125.0,285439241.0,8216539200.0,8259949200.0,378605143.39,91279002.63000001,2575342616.8599997,5472360023.4,2897017406.54,80280832.94,11569.23,11125.32,4929.08,6041.53,10851.67,9422.13,1193.92,1954.91,,,,Y,,,轻工制造,家用轻工,家具,25.58,25.52,25.28
sh603313,梦百合,2020-07-17,23.8,23.88,22.7,23.7,24.0,6018336.0,139562449.0,8113832460.0,8156699835.0,378605143.39,91279002.63000001,2575342616.8599997,5472360023.4,2897017406.54,80280832.94,4430.0,4782.06,3391.83,4018.3,5047.78,4941.85,1086.62,214.02,,,,Y,,,轻工制造,家用轻工,家具,23.07,23.39,22.86
sh603313,梦百合,2020-07-20,23.75,24.08,23.31,24.07,23.7,4387420.0,104674396.0,8240504105.999998,8284040718.499998,378605143.39,91279002.63000001,2575342616.8599997,5472360023.4,2897017406.54,80280832.94,3500.91,3298.06,3442.64,1915.66,3162.39,3846.26,361.5,1407.46,,,,Y,,,轻工制造,家用轻工,家具,23.97,23.96,23.72
sh603313,梦百合,2020-07-21,24.01,26.48,24.0,26.2,24.07,17542668.0,452023420.0,8969721960.0,9017111210.0,378605143.39,91279002.63000001,2575342616.8599997,5472360023.4,2897017406.54,80280832.94,13108.37,13638.11,12211.0,11887.79,12006.36,11206.62,7274.82,7868.04,,,,Y,,,轻工制造,家用轻工,家具,24.2,24.45,24.98
sh603313,梦百合,2020-07-22,25.98,27.47,25.81,26.48,26.2,14605168.0,389736547.0,9065581584.0,9113477284.0,378605143.39,91279002.63000001,2575342616.8599997,5472360023.4,2897017406.54,80280832.94,14012.72,12201.53,9743.05,11942.99,12652.42,11329.73,2565.45,3499.38,,,,Y,,,轻工制造,家用轻工,家具,26.08,26.74,26.71
sh603313,梦百合,2020-07-23,26.56,27.27,26.16,26.83,26.48,10642212.0,284401060.0,9185406114.0,9233934876.5,378605143.39,91279002.63000001,2575342616.8599997,5472360023.4,2897017406.54,80280832.94,11048.6,10170.01,6514.92,6992.39,8808.13,9863.77,2068.45,1413.92,,,,Y,,,轻工制造,家用轻工,家具,26.89,26.9,27.25
sh603313,梦百合,2020-07-24,26.94,26.98,24.18,24.25,26.83,10645417.0,270048014.0,8302128149.999998,8345990337.499998,378605143.39,91279002.63000001,2575342616.8599997,5472360023.4,2897017406.54,80280832.94,9526.68,9758.02,6141.0,5698.0,10363.72,10345.63,973.39,1203.13,,,,Y,,,轻工制造,家用轻工,家具,26.45,26.21,26.24
sh603313,梦百合,2020-07-27,23.9,24.99,22.47,22.64,24.25,10450090.0,243180631.0,7750935312.0,7791885412.0,378605143.39,91279002.63000001,2575342616.8599997,5472360023.4,2897017406.54,80280832.94,8386.51,7657.83,5791.9,7658.54,7997.38,6511.97,2142.26,2489.71,,,,Y,,,轻工制造,家用轻工,家具,24.06,23.75,23.85
sh603313,梦百合,2020-07-28,22.79,23.42,22.7,23.03,22.64,4827274.0,111142896.0,7884454074.0,7926109586.5,378605143.39,91279002.63000001,2575342616.8599997,5472360023.4,2897017406.54,80280832.94,3322.89,4154.05,2180.57,2080.46,5078.09,4640.81,532.73,238.96,,,,Y,,,轻工制造,家用轻工,家具,22.96,22.93,23.1
sh603313,梦百合,2020-07-29,22.91,24.49,22.91,24.41,23.03,6322873.0,150756897.0,8356905078.0,8401056665.5,378605143.39,91279002.63000001,2575342616.8599997,5472360023.4,2897017406.54,80280832.94,5052.49,5527.34,3340.19,3376.25,6330.08,5013.87,352.93,1158.23,,,,Y,,,轻工制造,家用轻工,家具,22.99,23.12,23.29
sh603313,梦百合,2020-07-30,24.8,24.86,23.5,23.68,24.41,6425123.0,153765821.0,8106985344.0,8149816544.0,378605143.39,91279002.63000001,2575342616.8599997,5472360023.4,2897017406.54,80280832.94,4391.77,6029.41,4168.46,3437.23,6351.58,5367.41,464.77,542.53,,,,Y,,,轻工制造,家用轻工,家具,24.2,24.55,24.35
sh603313,梦百合,2020-07-31,23.57,24.33,23.36,24.26,23.68,5610935.0,134545434.0,8305551708.0,8349431983.0,378605143.39,91279002.63000001,2575342616.8599997,5472360023.4,2897017406.54,80280832.94,4486.92,3950.86,2968.23,3229.13,5582.23,5239.94,417.15,1034.61,,,,Y,,,轻工制造,家用轻工,家具,23.71,23.82,23.87
sh603313,梦百合,2020-08-03,24.65,24.66,24.0,24.43,24.26,6058134.0,147222479.0,8363752193.999998,8407939956.500002,378605143.39,91279002.63000001,2575342616.8599997,5472360023.4,2897017406.54,80280832.94,5102.24,4190.18,3175.02,5039.15,4868.34,4530.35,1576.63,962.55,,,,Y,,,轻工制造,家用轻工,家具,24.38,24.2,24.2
sh603313,梦百合,2020-08-04,24.43,25.09,24.15,24.46,24.43,4553415.0,111978034.0,8374022868.0,8418264893.0,378605143.39,91279002.63000001,2575342616.8599997,5472360023.4,2897017406.54,80280832.94,3833.26,4178.77,3127.65,2683.18,3689.46,4018.41,547.42,317.43,,,,Y,,,轻工制造,家用轻工,家具,24.8,24.8,25.01
sh603313,梦百合,2020-08-05,24.58,25.55,24.23,25.25,24.46,5959658.0,149131538.0,8644483950.0,8690154887.5,378605143.39,91279002.63000001,2575342616.8599997,5472360023.4,2897017406.54,80280832.94,4426.04,5074.81,3254.45,3357.7,4770.74,4725.67,2176.48,1469.53,,,,Y,,,轻工制造,家用轻工,家具,24.31,24.63,24.54
sh603313,梦百合,2020-08-06,25.33,25.48,24.5,25.2,25.25,5916428.0,148674633.0,8627366160.0,8672946660.0,378605143.39,91279002.63000001,2575342616.8599997,5472360023.4,2897017406.54,80280832.94,4306.01,4749.6,2756.85,2782.16,4578.21,4784.83,2789.8,2114.28,,,,Y,,,轻工制造,家用轻工,家具,25.11,25.16,25.01
sh603313,梦百合,2020-08-07,25.09,25.75,24.38,24.8,25.2,5179298.0,129839877.0,8490423840.0,8535280840.0,378605143.39,91279002.63000001,2575342616.8599997,5472360023.4,2897017406.54,80280832.94,4248.0,4048.96,2445.88,2630.76,4742.47,3948.43,1547.62,2355.83,,,,Y,,,轻工制造,家用轻工,家具,25.28,25.74,25.46
sh603313,梦百合,2020-08-10,24.7,26.93,24.61,26.56,24.8,11152341.0,290620395.0,9092970048.0,9141010448.0,378605143.39,91279002.63000001,2575342616.8599997,5472360023.4,2897017406.54,80280832.94,8439.32,8941.69,10250.56,7188.87,7742.8,8028.52,2629.35,4902.95,,,,Y,,,轻工制造,家用轻工,家具,25.13,25.02,24.64
sh603313,梦百合,2020-08-11,26.99,26.99,25.34,25.43,26.56,7528827.0,197093120.0,8706107994.0,8752104506.5,378605143.39,91279002.63000001,2575342616.8599997,5472360023.4,2897017406.54,80280832.94,5489.47,6905.24,4445.57,5092.99,8452.03,6213.65,1322.23,1497.43,,,,Y,,,轻工制造,家用轻工,家具,26.34,26.45,26.6
sh603313,梦百合,2020-08-12,25.2,26.11,24.11,24.66,25.43,6466965.0,160558148.0,8442494028.0,8487097803.0,378605143.39,91279002.63000001,2575342616.8599997,5472360023.4,2897017406.54,80280832.94,5120.66,5292.04,3184.3,3852.38,6304.29,5714.6,1446.56,1196.79,,,,Y,,,轻工制造,家用轻工,家具,25.5,25.18,25.25
sh603313,梦百合,2020-08-13,25.01,25.25,24.62,24.86,24.66,3829305.0,95318504.0,8510965188.0,8555930713.0,378605143.39,91279002.63000001,2575342616.8599997,5472360023.4,2897017406.54,80280832.94,3284.06,3626.22,2173.35,1611.45,3068.28,3778.73,1006.15,515.45,,,,Y,,,轻工制造,家用轻工,家具,24.62,24.95,24.8
sh603313,梦百合,2020-08-14,24.78,26.41,24.59,25.95,24.86,6365074.0,162893078.0,8884133010.0,8931070072.5,378605143.39,91279002.63000001,2575342616.8599997,5472360023.4,2897017406.54,80280832.94,6829.78,5294.45,3353.65,3926.54,5878.06,5886.97,227.8,1181.32,,,,Y,,,轻工制造,家用轻工,家具,24.99,25.08,25.14
sh603313,梦百合,2020-08-17,25.91,28.55,25.88,28.55,25.95,13709664.0,382516096.0,9774258090.0,9825897902.5,378605143.39,91279002.63000001,2575342616.8599997,5472360023.4,2897017406.54,80280832.94,11964.1,13982.66,10214.91,9336.8,8294.7,10195.8,7777.85,4736.3,,,,Y,,,轻工制造,家用轻工,家具,26.39,27.29,27.4
sh603313,梦百合,2020-08-18,28.55,29.79,28.55,29.33,28.55,14471904.0,422131646.0,10041295614.0,10094346251.5,378605143.39,91279002.63000001,2575342616.8599997,5472360023.4,2897017406.54,80280832.94,14830.57,13490.21,11348.74,12264.11,12741.65,10545.71,3292.18,5913.11,,,,Y,,,轻工制造,家用轻工,家具,29.26,29.27,28.96
sh603313,梦百合,2020-08-19,30.06,31.31,29.53,30.0,29.33,12840990.0,390977621.0,10270674000.0,10324936500.0,378028150.52,308310562.48,2720214603.42,5795691674.29,3075477070.87,74504766.12,15148.3,13673.19,9951.93,10783.12,10863.13,12088.89,3134.36,2552.52,,,,Y,,,轻工制造,家用轻工,家具,30.25,30.17,30.53
sh603313,梦百合,2020-08-20,30.81,31.88,30.0,30.65,30.0,9413315.0,290674347.0,10493205270.0,10548643457.5,378028150.52,308310562.48,2720214603.42,5795691674.29,3075477070.87,74504766.12,9253.51,10673.62,5439.82,7330.05,11472.64,9300.43,2901.45,1763.3,,,,Y,,,轻工制造,家用轻工,家具,30.49,30.68,31.0
sh603313,梦百合,2020-08-21,30.47,31.58,30.22,30.87,30.65,6253894.0,192931134.0,10568523546.0,10624359658.5,378028150.52,308310562.48,2720214603.42,5795691674.29,3075477070.87,74504766.12,6774.85,6854.27,4061.96,3703.16,7887.32,8124.41,568.95,611.24,,,,Y,,,轻工制造,家用轻工,家具,30.54,30.42,30.59
sh603313,梦百合,2020-08-24,31.05,33.86,31.05,33.19,30.87,9853630.0,322074610.0,11362789002.0,11422821414.5,378028150.52,308310562.48,2720214603.42,5795691674.29,3075477070.87,74504766.12,9761.33,9335.41,10328.73,7275.32,8617.42,9326.4,3036.37,5806.73,,,,Y,,,轻工制造,家用轻工,家具,32.42,32.59,32.22
sh603313,梦百合,2020-08-25,33.98,34.26,32.4,33.04,33.19,5862965.0,195028852.0,11311435632.0,11371196732.0,378028150.52,308310562.48,2720214603.42,5795691674.29,3075477070.87,74504766.12,6258.05,6824.98,3707.45,4175.87,9397.71,7750.09,139.66,751.93,,,,Y,,,轻工制造,家用轻工,家具,33.95,33.6,33.55
sh603313,梦百合,2020-08-26,33.15,35.18,33.08,34.1,33.04,7064485.0,242286788.0,11674332780.0,11736011155.0,378028150.52,308310562.48,2720214603.42,5795691674.29,3075477070.87,74504766.12,8532.97,8463.97,6604.75,5184.29,8125.14,9614.98,965.79,965.41,,,,Y,,,轻工制造,家用轻工,家具,33.8,34.56,34.8
sh603313,梦百合,2020-08-27,34.1,34.27,32.4,33.24,34.1,6746782.0,224113764.0,11379906791.999998,11440029642.0,378028150.52,308310562.48,2720214603.42,5795691674.29,3075477070.87,74504766.12,9006.09,7105.99,2102.35,4213.38,10751.16,10388.84,551.76,703.15,,,,Y,,,轻工制造,家用轻工,家具,32.92,32.96,33.18
sh603313,梦百合,2020-08-28,33.27,33.62,32.0,33.34,33.24,6017998.0,198163995.0,11414142372.0,11474446097.0,378028150.52,308310562.48,2720214603.42,5795691674.29,3075477070.87,74504766.12,6706.43,5329.54,2470.1,3613.28,10143.01,9809.64,496.85,1063.92,,,,Y,,,轻工制造,家用轻工,家具,32.51,32.94,32.89
sh603313,梦百合,2020-08-31,33.56,35.39,33.0,34.1,33.34,7377132.0,254099936.0,11674332780.0,11736011155.0,378028150.52,308310562.48,2720214603.42,5795691674.29,3075477070.87,74504766.12,9179.78,8870.52,5521.39,5114.13,9617.86,10921.35,1090.94,503.97,,,,Y,,,轻工制造,家用轻工,家具,33.41,33.87,33.37
sh603313,梦百合,2020-09-01,34.1,34.71,32.8,34.01,34.1,5766465.0,192996475.0,11643520758.0,11705036345.5,378028150.52,308310562.48,2720214603.42,5795691674.29,3075477070.87,74504766.12,7282.25,7736.75,2417.53,2089.3,9595.83,9344.42,0.0,125.14,,,,Y,,,轻工制造,家用轻工,家具,34.15,34.0,33.63
sh603313,梦百合,2020-09-02,34.0,34.8,32.48,32.7,34.01,6778210.0,225903201.0,11195034660.0,11254180785.0,378028150.52,308310562.48,2720214603.42,5795691674.29,3075477070.87,74504766.12,7671.53,8046.37,4037.08,4264.86,10266.77,9852.37,614.93,426.72,,,,Y,,,轻工制造,家用轻工,家具,33.87,34.21,34.06
sh603313,梦百合,2020-09-03,32.8,33.12,31.42,31.84,32.7,6862296.0,219987440.0,10900608672.0,10958199272.0,378028150.52,308310562.48,2720214603.42,5795691674.29,3075477070.87,74504766.12,6132.21,5405.09,1686.22,3965.82,7548.26,5898.9,536.4,633.27,,,,Y,,,轻工制造,家用轻工,家具,33.03,32.8,32.32
sh603313,梦百合,2020-09-04,31.22,31.73,30.5,31.5,31.84,5280258.0,164274828.0,10784207700.0,10841183325.0,378028150.52,308310562.48,2720214603.42,5795691674.29,3075477070.87,74504766.12,5585.6,4356.44,2176.41,3255.77,8139.75,8025.41,522.56,786.7,,,,Y,,,轻工制造,家用轻工,家具,31.2,31.09,31.7
sh603313,梦百合,2020-09-07,31.5,31.5,29.5,29.53,31.5,6239035.0,189196192.0,10109766774.0,10163179161.5,378028150.52,308310562.48,2720214603.42,5795691674.29,3075477070.87,74504766.12,5514.74,6487.83,3711.57,3127.02,9114.27,8116.65,579.03,1188.1,,,,Y,,,轻工制造,家用轻工,家具,30.77,31.18,31.18
sh603313,梦百合,2020-09-08,30.0,30.08,28.82,29.0,29.53,5786895.0,169166711.0,9928318200.0,9980771950.0,378028150.52,308310562.48,2720214603.42,5795691674.29,3075477070.87,74504766.12,5275.99,5759.28,3509.76,3047.97,7784.04,6542.25,346.88,1567.17,,,,Y,,,轻工制造,家用轻工,家具,29.49,29.38,29.47
sh603313,梦百合,2020-09-09,28.71,29.0,27.0,27.35,29.0,5409177.0,151751334.0,9363431130.0,9412900442.5,378028150.52,308310562.48,2720214603.42,5795691674.29,3075477070.87,74504766.12,5319.1,5614.88,3001.06,3921.5,6103.7,5177.38,751.28,461.36,,,,Y,,,轻工制造,家用轻工,家具,28.9,28.62,28.43
sh603313,梦百合,2020-09-10,27.89,28.65,27.51,27.57,27.35,6253730.0,175251966.0,9438749406.0,9488616643.5,378028150.52,308310562.48,2720214603.42,5795691674.29,3075477070.87,74504766.12,5087.63,4747.39,3321.86,3278.73,7496.42,7842.36,1619.29,1656.72,,,,Y,,,轻工制造,家用轻工,家具,27.97,27.87,27.8
sh603313,梦百合,2020-09-11,27.98,28.83,27.6,28.42,27.57,4542735.0,128900253.0,9729751836.0,9781156511.0,378028150.52,308310562.48,2720214603.42,5795691674.29,3075477070.87,74504766.12,4207.33,3560.32,2463.12,1925.53,5254.89,6911.36,964.68,492.8,,,,Y,,,轻工制造,家用轻工,家具,27.99,28.16,28.24
sh603313,梦百合,2020-09-14,28.8,30.2,28.43,29.03,28.42,8081035.0,233789789.0,9938588874.0,9991096886.5,378028150.52,308310562.48,2720214603.42,5795691674.29,3075477070.87,74504766.12,8511.29,7662.09,6196.48,3715.35,8201.1,11120.29,470.1,881.25,,,,Y,,,轻工制造,家用轻工,家具,29.47,29.69,29.4
sh603313,梦百合,2020-09-15,29.18,30.34,28.7,29.88,29.03,5751033.0,170117607.0,10229591304.0,10283636754.0,378028150.52,308310562.48,2720214603.42,5795691674.29,3075477070.87,74504766.12,5567.34,5911.74,4607.12,2450.21,4733.73,7763.76,2103.56,886.05,,,,Y,,,轻工制造,家用轻工,家具,28.81,29.27,28.88
sh603313,梦百合,2020-09-16,29.8,30.4,29.6,30.26,29.88,3170360.0,95238796.0,10359686508.0,10414419283.0,378028150.52,308310562.48,2720214603.42,5795691674.29,3075477070.87,74504766.12,2680.12,3145.25,2304.2,1991.14,3574.54,4138.82,864.91,148.55,,,,Y,,,轻工制造,家用轻工,家具,30.35,30.1,30.1
sh603313,梦百合,2020-09-17,30.23,30.23,29.16,29.76,30.26,3964522.0,117563287.0,10188508608.0,10242337008.0,378028150.52,308310562.48,2720214603.42,5795691674.29,3075477070.87,74504766.12,3227.17,3336.93,2787.55,2793.75,4905.05,4609.69,836.55,1015.96,,,,Y,,,轻工制造,家用轻工,家具,29.6,29.3,29.25
sh603313,梦百合,2020-09-18,29.98,30.47,29.6,30.19,29.76,5687571.0,171211846.0,10335721602.0,10390327764.5,378028150.52,308310562.48,2720214603.42,5795691674.29,3075477070.87,74504766.12,5707.55,5367.18,2377.97,3717.88,8627.59,7001.51,408.06,1034.61,,,,Y,,,轻工制造,家用轻工,家具,29.8,29.99,30.4
sh603313,梦百合,2020-09-21,30.37,30.76,29.33,30.27,30.19,4969236.0,149784580.0,10363110066.0,10417860928.5,378028150.52,308310562.48,2720214603.42,5795691674.29,3075477070.87,74504766.12,6881.68,5078.38,2249.9,2246.56,5745.67,6598.73,101.21,1054.79,,,,Y,,,轻工制造,家用轻工,家具,29.72,29.55,30.2
sh603313,梦百合,2020-09-22,29.82,30.19,29.26,29.53,30.27,3623759.0,107661231.0,10109766774.0,10163179161.5,378028150.52,308310562.48,2720214603.42,5795691674.29,3075477070.87,74504766.12,3205.11,2797.38,1325.2,3207.47,5770.55,3238.34,465.26,1522.93,,,,Y,,,轻工制造,家用轻工,家具,30.01,30.0,29.82
sh603313,梦百合,2020-09-23,29.5,29.97,29.21,29.56,29.53,2684190.0,79430702.0,10120037448.0,10173504098.0,378028150.52,308310562.48,2720214603.42,5795691674.29,3075477070.87,74504766.12,3393.7,2916.27,607.2,1386.43,3942.17,3537.88,0.0,102.49,,,,Y,,,轻工制造,家用轻工,家具,29.5,29.7,29.78
sh603313,梦百合,2020-09-24,29.56,29.56,28.0,28.3,29.56,5541114.0,157887370.0,9688669140.0,9739856765.0,378028150.52,308310562.48,2720214603.42,5795691674.29,3075477070.87,74504766.12,6174.16,7146.7,1590.74,2175.13,8023.84,6046.46,0.0,420.45,,,,Y,,,轻工制造,家用轻工,家具,29.22,29.12,29.05
sh603313,梦百合,2020-09-25,28.6,29.08,28.07,28.41,28.3,4245520.0,120633285.0,9726328278.0,9777714865.5,378028150.52,308310562.48,2720214603.42,5795691674.29,3075477070.87,74504766.12,3359.15,4604.04,1174.74,1059.88,7215.83,6284.83,313.61,114.57,,,,Y,,,轻工制造,家用轻工,家具,28.27,28.44,28.58
sh603313,梦百合,2020-09-28,28.5,28.68,27.7,28.0,28.41,2784058.0,78429556.0,9585962400.0,9636607400.0,378028150.52,308310562.48,2720214603.42,5795691674.29,3075477070.87,74504766.12,1749.71,1813.62,338.84,297.86,5754.4,5731.48,0.0,0.0,,,,Y,,,轻工制造,家用轻工,家具,28.44,28.64,28.28
sh603313,梦百合,2020-09-29,28.3,28.33,27.44,27.64,28.0,2543850.0,70782569.0,9462714312.0,9512708162.0,378028150.52,308310562.48,2720214603.42,5795691674.29,3075477070.87,74504766.12,1579.01,1826.14,825.53,985.02,4673.71,3948.26,0.0,318.84,,,,Y,,,轻工制造,家用轻工,家具,28.04,27.87,27.91
sh603313,梦百合,2020-09-30,27.72,27.86,27.03,27.19,27.64,2465440.0,67503794.0,9308654202.0,9357834114.5,378028150.52,308310562.48,2720214603.42,5795691674.29,3075477070.87,74504766.12,1891.12,2253.39,606.17,958.71,3950.31,3418.42,301.94,119.03,,,,Y,,,轻工制造,家用轻工,家具,27.61,27.7,27.64
sh603313,梦百合,2020-10-09,27.79,29.01,27.5,28.78,27.19,3157578.0,89629559.0,9891686489.26,9943742314.26,378028150.52,308310562.48,2720214603.42,5795691674.29,3075477070.87,74504766.12,2799.18,3194.93,1687.07,1209.43,4084.09,4415.09,392.61,143.5,,,,Y,,,轻工制造,家用轻工,家具,27.79,27.72,27.9
sh603313,梦百合,2020-10-12,29.06,30.03,28.24,28.68,28.78,6373427.0,183884912.0,9857316487.56,9909191437.56,378028150.52,308310562.48,2720214603.42,5795691674.29,3075477070.87,74504766.12,4688.06,4942.05,2811.96,1650.51,5509.34,6028.51,846.84,1235.13,,,,Y,,,轻工制造,家用轻工,家具,29.43,29.43,29.16
sh603313,梦百合,2020-10-13,28.65,28.68,27.85,28.47,28.68,3261251.0,91645956.0,9785139483.99,9836634596.49,378028150.52,308310562.48,2720214603.42,5795691674.29,3075477070.87,74504766.12,3105.56,3259.46,1419.27,1616.15,4146.21,3335.12,493.54,953.85,,,,Y,,,轻工制造,家用轻工,家具,28.28,28.45,28.2
sh603313,梦百合,2020-10-14,28.36,28.5,27.5,28.12,28.47,4089590.0,114444472.0,9664844478.04,9715706528.04,378028150.52,308310562.48,2720214603.42,5795691674.29,3075477070.87,74504766.12,3574.85,4517.69,1296.2,1923.52,5560.84,4165.11,870.96,696.54,,,,Y,,,轻工制造,家用轻工,家具,28.15,28.04,28.03
sh603313,梦百合,2020-10-15,28.0,28.91,27.98,28.47,28.12,3559921.0,101452167.0,9785139483.99,9836634596.49,378028150.52,308310562.48,2720214603.42,5795691674.29,3075477070.87,74504766.12,4122.2,3967.43,2127.97,1335.08,3895.04,4493.49,0.0,349.22,,,,Y,,,轻工制造,家用轻工,家具,28.07,28.2,28.4
sh603313,梦百合,2020-10-16,28.26,29.35,28.0,28.92,28.47,4355150.0,125612544.0,9939804491.64,9992113541.64,378028150.52,308310562.48,2720214603.42,5795691674.29,3075477070.87,74504766.12,4482.53,4740.41,2947.2,1952.25,4844.98,5619.12,286.54,249.47,,,,Y,,,轻工制造,家用轻工,家具,28.1,28.44,28.55
sh603313,梦百合,2020-10-19,29.38,30.49,28.83,29.59,28.92,7652626.0,228345449.0,10170083503.03,10223604415.53,378028150.52,308310562.48,2720214603.42,5795691674.29,3075477070.87,74504766.12,9890.23,7603.42,3927.92,3379.0,8450.0,11180.66,566.38,671.45,,,,Y,,,轻工制造,家用轻工,家具,29.22,30.07,30.23
sh603313,梦百合,2020-10-20,29.75,32.28,29.31,31.6,29.59,9624959.0,300107458.0,10860920537.2,10918077037.2,378028150.52,308310562.48,2720214603.42,5795691674.29,3075477070.87,74504766.12,10212.61,8174.34,4421.8,4923.54,6496.54,8800.46,1049.74,282.35,,,,Y,,,轻工制造,家用轻工,家具,29.95,31.59,31.39
sh603313,梦百合,2020-10-21,32.1,32.6,31.49,31.79,31.6,5475660.0,174896949.0,10926223540.429998,10983723702.93,378028150.52,308310562.48,2720214603.42,5795691674.29,3075477070.87,74504766.12,4880.9,5502.42,3493.12,3240.33,4917.77,5244.86,1052.52,356.69,,,,Y,,,轻工制造,家用轻工,家具,32.0,32.12,31.83
sh603313,梦百合,2020-10-22,32.13,32.27,30.49,31.9,31.79,6862138.0,216414969.0,10964030542.3,11021729667.3,378028150.52,308310562.48,2720214603.42,5795691674.29,3075477070.87,74504766.12,6855.73,6506.16,2775.63,3249.0,4819.93,5109.46,534.93,121.6,,,,Y,,,轻工制造,家用轻工,家具,31.43,30.92,31.0
sh603313,梦百合,2020-10-23,31.9,32.05,30.8,31.31,31.9,5276858.0,165667603.0,10761247532.27,10817879494.77,378028150.52,308310562.48,2720214603.42,5795691674.29,3075477070.87,74504766.12,2954.62,4504.32,2157.8,1256.51,3681.83,3076.37,632.27,589.32,,,,Y,,,轻工制造,家用轻工,家具,31.81,31.65,31.67
sh603313,梦百合,2020-10-26,30.88,30.88,29.5,30.3,31.31,6104827.0,184141983.0,10414110515.1,10468915640.1,378028150.52,308310562.48,2720214603.42,5795691674.29,3075477070.87,74504766.12,4764.74,5557.2,4650.85,4853.3,6882.13,4963.79,590.69,1514.12,,,,Y,,,轻工制造,家用轻工,家具,30.62,30.19,30.08
sh603313,梦百合,2020-10-27,31.79,32.18,30.26,31.05,30.3,11736861.0,365414112.0,10671885527.85,10728047215.35,458758993.61,569374297.79,2927355216.9599996,6459969710.61,3532614493.65,190772338.10000002,8804.22,11636.88,9971.94,11478.06,13119.74,8379.26,3784.96,4186.66,,,,Y,,,轻工制造,家用轻工,家具,31.29,31.4,31.43
sh603313,梦百合,2020-10-28,31.58,31.8,29.4,30.47,31.05,10041843.0,304266479.0,10472539517.99,10527652130.49,458758993.61,569374297.79,2927355216.9599996,6459969710.61,3532614493.65,190772338.10000002,7816.01,10298.96,8212.55,8053.14,12528.6,8733.07,377.88,1849.87,,,,Y,,,轻工制造,家用轻工,家具,30.9,30.85,30.6
sh603313,梦百合,2020-10-29,29.95,32.4,29.7,31.83,30.47,6961874.0,215685649.0,10939971541.11,10997544053.61,458758993.61,569374297.79,2927355216.9599996,6459969710.61,3532614493.65,190772338.10000002,6862.53,7396.18,6225.57,5152.34,7542.71,7604.26,937.75,1415.78,,,,Y,,,轻工制造,家用轻工,家具,29.99,30.28,30.27
sh603313,梦百合,2020-10-30,31.89,33.88,31.52,32.6,31.83,7949610.0,259896537.0,11204620554.2,11263585804.2,458758993.61,569374297.79,2927355216.9599996,6459969710.61,3532614493.65,190772338.10000002,10536.82,8138.12,5749.7,6672.9,8510.89,9971.34,1192.23,1207.28,,,,Y,,,轻工制造,家用轻工,家具,32.01,31.8,31.63
sh603313,梦百合,2020-11-02,33.05,34.39,32.7,33.46,32.6,8093994.0,272514913.0,11500202568.82,11560723343.82,458758993.61,569374297.79,2927355216.9599996,6459969710.61,3532614493.65,190772338.10000002,10449.34,9107.14,7977.56,6861.08,7200.38,9482.82,1624.19,1800.43,,,,Y,,,轻工制造,家用轻工,家具,33.28,34.05,33.89
sh603313,梦百合,2020-11-03,34.12,34.12,32.8,33.73,33.46,4366823.0,145927238.0,11593001573.41,11654010710.91,458758993.61,569374297.79,2927355216.9599996,6459969710.61,3532614493.65,190772338.10000002,5552.5,5242.65,3138.63,3351.58,5792.36,5457.86,109.23,540.63,,,,Y,,,轻工制造,家用轻工,家具,33.41,33.26,32.8
sh603313,梦百合,2020-11-04,33.76,34.0,32.77,33.76,33.73,4898568.0,163452451.0,11603312573.92,11664375973.92,458758993.61,569374297.79,2927355216.9599996,6459969710.61,3532614493.65,190772338.10000002,5357.27,4677.97,2719.35,2782.1,5771.11,6150.76,652.14,889.06,,,,Y,,,轻工制造,家用轻工,家具,33.46,33.2,33.15
sh603313,梦百合,2020-11-05,34.41,37.14,34.12,36.87,33.76,8376160.0,300543566.0,12672219626.79,12738908239.29,458758993.61,569374297.79,2927355216.9599996,6459969710.61,3532614493.65,190772338.10000002,8523.54,10351.72,11369.23,7010.08,7713.43,10405.81,2448.11,2286.71,,,,Y,,,轻工制造,家用轻工,家具,34.38,34.94,34.55
sh603313,梦百合,2020-11-06,36.72,37.4,35.5,36.25,36.87,4407426.0,159321323.0,12459125616.25,12524692803.75,458758993.61,569374297.79,2927355216.9599996,6459969710.61,3532614493.65,190772338.10000002,5579.51,5269.11,4186.67,3480.35,5512.83,5823.76,653.12,1358.9,,,,Y,,,轻工制造,家用轻工,家具,36.43,36.42,36.36
sh603313,梦百合,2020-11-09,36.91,39.27,36.0,37.83,36.25,6977932.0,262425167.0,13002171643.11,13070596655.61,458758993.61,569374297.79,2927355216.9599996,6459969710.61,3532614493.65,190772338.10000002,9687.12,8909.78,7044.71,6361.48,7504.39,8396.37,2006.28,2574.86,,,,Y,,,轻工制造,家用轻工,家具,37.28,36.44,36.68
sh603313,梦百合,2020-11-10,37.8,37.8,34.14,36.26,37.83,9966669.0,352946749.0,12462562616.42,12528147891.42,458758993.61,569374297.79,2927355216.9599996,6459969710.61,3532614493.65,190772338.10000002,11822.06,12161.46,10757.18,11822.95,9302.72,7710.59,3412.68,3599.64,,,,Y,,,轻工制造,家用轻工,家具,36.53,35.79,35.0
sh603313,梦百合,2020-11-11,35.7,36.88,35.36,35.7,36.26,4764388.0,172081032.0,12270090606.9,12334662981.9,458758993.61,569374297.79,2927355216.9599996,6459969710.61,3532614493.65,190772338.10000002,6218.66,6892.55,4153.67,3884.73,6609.26,5646.35,226.49,784.46,,,,Y,,,轻工制造,家用轻工,家具,35.99,36.21,36.25
sh603313,梦百合,2020-11-12,35.82,38.2,35.82,38.2,35.7,6062710.0,225913518.0,13129340649.4,13198434899.4,458758993.61,569374297.79,2927355216.9599996,6459969710.61,3532614493.65,190772338.10000002,7041.06,8071.27,7178.68,5214.67,6652.14,7847.23,1719.45,1458.15,,,,Y,,,轻工制造,家用轻工,家具,36.13,37.18,37.46
sh603313,梦百合,2020-11-13,38.25,38.95,37.2,38.5,38.2,4359362.0,166836453.0,13232450654.500002,13302087529.500002,458758993.61,569374297.79,2927355216.9599996,6459969710.61,3532614493.65,190772338.10000002,5930.86,5125.49,4035.28,3241.37,5754.95,7721.95,962.54,594.82,,,,Y,,,轻工制造,家用轻工,家具,37.88,37.55,38.15
sh603313,梦百合,2020-11-16,38.35,38.76,35.9,36.06,38.5,6543121.0,240746345.0,12393822613.02,12459046138.02,458758993.61,569374297.79,2927355216.9599996,6459969710.61,3532614493.65,190772338.10000002,8942.3,8726.46,4849.46,7345.53,9811.52,6064.0,471.34,1938.63,,,,Y,,,轻工制造,家用轻工,家具,38.36,37.8,37.48
sh603313,梦百合,2020-11-17,36.0,36.0,32.83,34.74,36.06,12401606.0,419722125.0,11940138590.58,12002974565.58,458758993.61,569374297.79,2927355216.9599996,6459969710.61,3532614493.65,190772338.10000002,15279.57,12808.08,12620.96,16238.26,12196.25,9423.53,1875.39,3502.29,,,,Y,,,轻工制造,家用轻工,家具,34.9,34.26,33.09
sh603313,梦百合,2020-11-18,34.1,34.88,33.56,34.29,34.74,5218772.0,178931821.0,11785473582.929998,11847495620.43,458758993.61,569374297.79,2927355216.9599996,6459969710.61,3532614493.65,190772338.10000002,6170.24,5576.04,2931.16,4573.47,7932.75,7103.67,859.02,640.0,,,,Y,,,轻工制造,家用轻工,家具,34.68,34.17,34.11
sh603313,梦百合,2020-11-19,34.35,35.52,34.28,34.62,34.29,4554943.0,158693319.0,11898894588.54,11961513513.54,458758993.61,569374297.79,2927355216.9599996,6459969710.61,3532614493.65,190772338.10000002,4968.25,5644.91,4761.72,3011.31,6139.36,6194.07,0.0,1019.04,,,,Y,,,轻工制造,家用轻工,家具,34.6,35.02,35.39
sh603313,梦百合,2020-11-20,34.99,35.17,33.68,35.0,34.62,5009874.0,172261104.0,12029500595.0,12092806845.0,458758993.61,569374297.79,2927355216.9599996,6459969710.61,3532614493.65,190772338.10000002,4789.05,5485.61,5017.4,4513.12,6460.72,5621.1,958.94,1606.27,,,,Y,,,轻工制造,家用轻工,家具,34.83,35.1,34.99
sh603313,梦百合,2020-11-23,35.0,35.08,33.81,34.7,35.0,5066002.0,174411958.0,11926390589.9,11989154214.900002,458758993.61,569374297.79,2927355216.9599996,6459969710.61,3532614493.65,190772338.10000002,6605.15,4900.61,2772.01,3973.9,7613.92,7346.23,450.12,1220.45,,,,Y,,,轻工制造,家用轻工,家具,33.98,34.43,34.33
sh603313,梦百合,2020-11-24,34.56,35.1,34.01,35.02,34.7,3921100.0,135300689.0,12036374595.339998,12099717020.34,458758993.61,569374297.79,2927355216.9599996,6459969710.61,3532614493.65,190772338.10000002,3932.73,3778.77,2010.98,2437.83,5066.71,4689.74,384.97,489.06,,,,Y,,,轻工制造,家用轻工,家具,34.57,34.7,34.46
sh603313,梦百合,2020-11-25,34.8,34.9,33.47,33.63,35.02,3979645.0,135326286.0,11558631571.71,11619459834.21,458758993.61,569374297.79,2927355216.9599996,6459969710.61,3532614493.65,190772338.10000002,4459.34,3877.01,2336.59,2457.98,6399.04,6371.01,337.65,826.62,,,,Y,,,轻工制造,家用轻工,家具,34.66,34.63,34.65
sh603313,梦百合,2020-11-26,34.0,34.18,32.66,33.12,33.63,3137896.0,104188272.0,11383344563.04,11443250363.04,458758993.61,569374297.79,2927355216.9599996,6459969710.61,3532614493.65,190772338.10000002,3898.56,3916.39,1301.01,3047.43,5219.26,3338.29,0.0,116.71,,,,Y,,,轻工制造,家用轻工,家具,33.74,33.62,33.33
sh603313,梦百合,2020-11-27,33.12,33.45,32.6,33.15,33.12,2341466.0,77009890.0,11393655563.55,11453615626.05,458758993.61,569374297.79,2927355216.9599996,6459969710.61,3532614493.65,190772338.10000002,2296.94,2056.86,1251.39,992.06,4152.65,4140.05,0.0,512.01,,,,Y,,,轻工制造,家用轻工,家具,32.84,32.76,32.77
sh603313,梦百合,2020-11-30,33.39,33.68,32.25,33.23,33.15,3472033.0,114705625.0,11421151564.91,11481256327.41,458758993.61,569374297.79,2927355216.9599996,6459969710.61,3532614493.65,190772338.10000002,3723.4,3634.07,2233.92,1330.99,5513.24,6505.5,0.0,0.0,,,,Y,,,轻工制造,家用轻工,家具,32.51,33.05,32.78
sh603313,梦百合,2020-12-01,33.06,34.73,33.0,33.87,33.23,4658476.0,157853688.0,11641119575.79,11702381938.29,458758993.61,569374297.79,2927355216.9599996,6459969710.61,3532614493.65,190772338.10000002,6089.02,5755.93,2725.71,2883.02,6020.31,6973.9,950.32,172.51,,,,Y,,,轻工制造,家用轻工,家具,33.65,34.51,34.25
sh603313,梦百合,2020-12-02,34.36,35.05,33.75,34.31,33.87,3820652.0,130861826.0,11814647436.39,12755044153.52,458758993.61,569374297.79,2927355216.9599996,6459969710.61,3532614493.65,190772338.10000002,5189.38,3919.51,2672.38,1982.45,4736.47,6109.88,487.94,1074.34,,,,Y,,,轻工制造,家用轻工,家具,34.79,34.57,34.38
sh603313,梦百合,2020-12-03,34.0,34.03,32.78,32.9,34.31,4964690.0,165040532.0,11329113980.099998,12230864256.8,458758993.61,569374297.79,2927355216.9599996,6459969710.61,3532614493.65,190772338.10000002,5938.45,5989.57,4016.66,5916.84,6174.6,3443.61,374.33,1154.02,,,,Y,,,轻工制造,家用轻工,家具,33.88,33.64,33.69
sh603313,梦百合,2020-12-04,33.47,33.71,32.9,33.65,32.9,2489223.0,83095142.0,11587376456.85,12509683350.8,458758993.61,569374297.79,2927355216.9599996,6459969710.61,3532614493.65,190772338.10000002,2381.56,3142.01,1151.82,1402.52,4776.13,3548.37,0.0,216.6,,,,Y,,,轻工制造,家用轻工,家具,33.11,33.24,33.24
sh603313,梦百合,2020-12-07,33.87,34.23,33.36,33.55,33.65,3197740.0,107961047.0,11552941459.95,12472507471.6,458758993.61,569374297.79,2927355216.9599996,6459969710.61,3532614493.65,190772338.10000002,4015.67,3706.91,1670.71,2678.9,5109.72,4286.6,0.0,123.69,,,,Y,,,轻工制造,家用轻工,家具,33.8,33.55,33.95
sh603313,梦百合,2020-12-08,33.37,34.05,33.07,33.12,33.55,3085623.0,103106776.0,11404870973.28,12312651191.04,458758993.61,569374297.79,2927355216.9599996,6459969710.61,3532614493.65,190772338.10000002,3352.6,3703.49,1311.33,2405.05,5062.57,3596.94,129.2,150.22,,,,Y,,,轻工制造,家用轻工,家具,33.99,33.98,33.78
sh603313,梦百合,2020-12-09,33.21,33.71,32.56,32.58,33.12,3855935.0,127718036.0,11218921990.02,12111901443.36,458758993.61,569374297.79,2927355216.9599996,6459969710.61,3532614493.65,190772338.10000002,4486.21,2957.13,2893.37,4509.47,5392.22,4856.74,0.0,448.47,,,,Y,,,轻工制造,家用轻工,家具,33.1,33.13,33.34
sh603313,梦百合,2020-12-10,32.42,32.97,32.16,32.61,32.58,2206461.0,71899144.0,11229252489.09,12123054207.12,458758993.61,569374297.79,2927355216.9599996,6459969710.61,3532614493.65,190772338.10000002,2309.21,2543.23,1350.03,1763.17,3054.82,2626.14,218.49,0.0,,,,Y,,,轻工制造,家用轻工,家具,32.44,32.55,32.37
sh603313,梦百合,2020-12-11,32.45,32.89,31.5,31.7,32.61,3631140.0,116475902.0,10915894017.3,11784753706.400002,458758993.61,569374297.79,2927355216.9599996,6459969710.61,3532614493.65,190772338.10000002,3906.89,3875.25,2835.47,3189.6,4344.03,3432.68,561.2,1150.06,,,,Y,,,轻工制造,家用轻工,家具,32.51,32.56,32.64
sh603313,梦百合,2020-12-14,31.76,33.25,31.4,33.18,31.7,3710507.0,120885179.0,11425531971.42,12334956718.56,458758993.61,569374297.79,2927355216.9599996,6459969710.61,3532614493.65,190772338.10000002,4822.2,4477.16,1920.56,2115.22,4858.97,4907.35,0.0,102.0,,,,Y,,,轻工制造,家用轻工,家具,31.81,31.93,32.23
sh603313,梦百合,2020-12-15,33.18,33.58,32.43,33.4,33.18,3265770.0,107719549.0,11501288964.6,12416743652.8,458758993.61,569374297.79,2927355216.9599996,6459969710.61,3532614493.65,190772338.10000002,3212.17,2713.35,1907.07,1599.9,4791.67,5817.65,367.61,147.63,,,,Y,,,轻工制造,家用轻工,家具,32.85,33.01,32.58
sh603313,梦百合,2020-12-16,33.11,33.83,33.01,33.21,33.4,2858829.0,95638310.0,11435862470.490002,12346109482.32,458758993.61,569374297.79,2927355216.9599996,6459969710.61,3532614493.65,190772338.10000002,3916.17,3239.01,1785.24,1187.71,3862.42,4915.42,0.0,221.69,,,,Y,,,轻工制造,家用轻工,家具,33.58,33.36,33.74
sh603313,梦百合,2020-12-17,32.99,33.27,32.21,32.5,33.21,3946217.0,128442889.0,11191373992.5,12082160740.0,458758993.61,569374297.79,2927355216.9599996,6459969710.61,3532614493.65,190772338.10000002,4453.63,5464.23,2022.17,2680.93,5570.2,4585.08,798.29,114.04,,,,Y,,,轻工制造,家用轻工,家具,33.06,32.94,32.88
sh603313,梦百合,2020-12-18,32.06,32.4,31.52,31.61,32.5,4198490.0,133851292.0,10884902520.09,11751295415.12,458758993.61,569374297.79,2927355216.9599996,6459969710.61,3532614493.65,190772338.10000002,3963.82,6058.21,2897.62,2761.9,5740.33,3959.99,780.83,602.5,,,,Y,,,轻工制造,家用轻工,家具,32.13,31.83,32.1
sh603313,梦百合,2020-12-21,31.6,32.68,30.75,32.4,31.61,5437915.0,173011429.0,11156938995.6,12044984860.8,458758993.61,569374297.79,2927355216.9599996,6459969710.61,3532614493.65,190772338.10000002,5810.85,6872.33,2199.91,4689.98,8189.46,5580.95,1100.92,157.88,,,,Y,,,轻工制造,家用轻工,家具,31.6,31.18,31.05
sh603313,梦百合,2020-12-22,32.29,32.7,30.48,30.67,32.4,5738335.0,179640540.0,10561213549.23,11401842150.64,458758993.61,569374297.79,2927355216.9599996,6459969710.61,3532614493.65,190772338.10000002,6202.26,5033.1,3344.29,4836.62,8127.2,7494.07,290.3,600.27,,,,Y,,,轻工制造,家用轻工,家具,32.52,32.11,31.93
sh603313,梦百合,2020-12-23,30.9,30.97,29.57,30.62,30.67,5862611.0,177078170.0,10543996050.78,11383254211.04,458758993.61,569374297.79,2927355216.9599996,6459969710.61,3532614493.65,190772338.10000002,6677.79,6697.5,2262.81,4824.09,8087.0,5627.23,680.21,559.0,,,,Y,,,轻工制造,家用轻工,家具,30.91,30.82,30.66
sh603313,梦百合,2020-12-24,30.68,31.66,30.52,30.97,30.62,4117198.0,128069084.0,10664518539.93,11513369788.240002,458758993.61,569374297.79,2927355216.9599996,6459969710.61,3532614493.65,190772338.10000002,3752.93,3654.19,1623.39,1790.34,6442.18,6804.91,988.41,557.46,,,,Y,,,轻工制造,家用轻工,家具,30.87,31.41,31.1
sh603313,梦百合,2020-12-25,31.0,32.2,30.11,31.66,30.97,3815753.0,119108355.0,10902120018.54,11769883354.72,458758993.61,569374297.79,2927355216.9599996,6459969710.61,3532614493.65,190772338.10000002,3875.49,3949.19,2241.39,1706.52,5793.95,6007.3,0.0,247.83,,,,Y,,,轻工制造,家用轻工,家具,31.08,30.76,30.62
sh603313,梦百合,2020-12-28,31.55,33.31,31.49,33.2,31.66,7200927.0,236070402.0,11432418970.8,12342391894.400002,458758993.61,569374297.79,2927355216.9599996,6459969710.61,3532614493.65,190772338.10000002,7144.88,7743.67,5872.55,3059.68,8481.68,10321.77,2107.94,2481.92,,,,Y,,,轻工制造,家用轻工,家具,32.44,32.54,32.01
sh603313,梦百合,2020-12-29,33.47,34.2,32.08,32.72,33.2,7253888.0,240334383.0,11267130985.679998,12163947674.24,458758993.61,569374297.79,2927355216.9599996,6459969710.61,3532614493.65,190772338.10000002,7965.22,11252.01,4498.65,2660.1,9835.88,9672.99,1733.68,448.33,,,,Y,,,轻工制造,家用轻工,家具,34.06,33.88,33.33
sh603313,梦百合,2020-12-30,32.8,33.98,32.6,33.3,32.72,7176920.0,239240279.0,11466853967.7,12379567773.6,458758993.61,569374297.79,2927355216.9599996,6459969710.61,3532614493.65,190772338.10000002,7018.31,9380.88,6304.31,4030.01,9028.22,9292.17,1573.18,1220.96,,,,Y,,,轻工制造,家用轻工,家具,33.56,33.67,33.64
sh603313,梦百合,2020-12-31,33.45,33.93,31.88,32.42,33.3,8237498.0,268609670.0,11163825994.98,12052420036.64,458758993.61,569374297.79,2927355216.9599996,6459969710.61,3532614493.65,190772338.10000002,9537.57,10990.26,6115.53,5932.12,11102.49,9070.82,105.38,867.76,,,,Y,,,轻工制造,家用轻工,家具,33.5,33.78,33.63
sh603313,梦百合,2021-01-04,32.3,34.5,32.28,34.45,32.42,10852220.0,366926792.0,11862856432.05,12807090384.4,458758993.61,569374297.79,2927355216.9599996,6459969710.61,3532614493.65,190772338.10000002,13171.49,12276.39,7759.99,8167.36,12794.97,14953.01,2450.43,780.12,,,,Y,,,轻工制造,家用轻工,家具,32.87,34.08,33.34
sh603313,梦百合,2021-01-05,34.6,37.9,34.17,37.55,34.45,12628131.0,458136117.0,13029546520.9,14058747824.55,458758993.61,569374297.79,2927355216.9599996,6459969710.61,3532614493.65,190772338.10000002,14860.49,16422.69,14016.52,10095.83,12927.68,16052.18,3574.71,2808.71,,,,Y,,,轻工制造,家用轻工,家具,34.5,34.91,35.15
sh603313,梦百合,2021-01-06,37.5,37.5,35.93,36.03,37.55,7691329.0,280246945.0,12502118805.54,13489658698.23,458758993.61,569374297.79,2927355216.9599996,6459969710.61,3532614493.65,190772338.10000002,9083.94,8820.97,6726.47,6597.87,10533.54,11427.66,1680.75,1178.19,,,,Y,,,轻工制造,家用轻工,家具,36.43,36.83,36.6
sh603313,梦百合,2021-01-07,35.67,36.0,34.22,34.96,36.03,7048218.0,246457175.0,12130837453.28,13089049905.36,458758993.61,569374297.79,2927355216.9599996,6459969710.61,3532614493.65,190772338.10000002,8020.1,8935.45,5349.63,5580.61,9218.29,8422.26,2057.7,1707.41,,,,Y,,,轻工制造,家用轻工,家具,35.87,35.22,35.0
sh603313,梦百合,2021-01-08,35.3,35.5,34.06,35.34,34.96,7161039.0,249170224.0,12287961139.2,13256588944.02,458758993.61,569374297.79,2927355216.9599996,6459969710.61,3532614493.65,190772338.10000002,8986.68,7870.45,5880.2,5573.33,9740.78,9960.98,309.36,1512.26,,,,Y,,,轻工制造,家用轻工,家具,35.05,34.8,34.4
sh603313,梦百合,2021-01-11,35.43,35.6,33.8,34.03,35.34,6105159.0,210239819.0,11832465126.400002,12765187373.09,458758993.61,569374297.79,2927355216.9599996,6459969710.61,3532614493.65,190772338.10000002,6355.25,6091.93,6525.75,5446.38,7381.82,7902.1,761.16,1583.57,,,,Y,,,轻工制造,家用轻工,家具,34.94,34.39,34.6
sh603313,梦百合,2021-01-12,33.54,35.08,33.5,34.64,34.03,4582846.0,157483861.0,12044566323.2,12994007951.92,458758993.61,569374297.79,2927355216.9599996,6459969710.61,3532614493.65,190772338.10000002,5651.45,5779.3,2738.51,4238.11,6966.25,5379.95,392.18,351.03,,,,Y,,,轻工制造,家用轻工,家具,34.05,33.82,34.28
sh603313,梦百合,2021-01-13,34.57,36.09,33.59,36.05,34.64,7288966.0,254959938.0,12534833024.0,13522921093.15,458758993.61,569374297.79,2927355216.9599996,6459969710.61,3532614493.65,190772338.10000002,8566.05,9049.79,5578.23,5589.82,10043.63,9872.36,1308.08,984.02,,,,Y,,,轻工制造,家用轻工,家具,33.61,34.19,34.45
sh603313,梦百合,2021-01-14,35.64,37.2,35.2,35.98,36.05,6447465.0,233439074.0,12510493542.4,13496662993.94,458758993.61,569374297.79,2927355216.9599996,6459969710.61,3532614493.65,190772338.10000002,8022.88,7749.45,6267.0,5170.69,6043.27,8752.99,2724.15,1384.16,,,,Y,,,轻工制造,家用轻工,家具,35.51,35.35,35.29
sh603313,梦百合,2021-01-15,35.91,37.07,35.48,36.4,35.98,4317974.0,156925479.0,12656530432.0,13654211589.2,458758993.61,569374297.79,2927355216.9599996,6459969710.61,3532614493.65,190772338.10000002,7161.84,5815.15,3184.21,3500.47,5103.78,6167.8,242.72,209.12,,,,Y,,,轻工制造,家用轻工,家具,35.64,35.9,35.75
sh603313,梦百合,2021-01-18,36.5,40.0,36.27,39.17,36.4,8301750.0,321483792.0,13619678489.6,14693282086.51,458758993.61,569374297.79,2927355216.9599996,6459969710.61,3532614493.65,190772338.10000002,13596.35,10983.3,7654.61,8862.99,6830.37,9976.68,4067.05,2325.41,,,,Y,,,轻工制造,家用轻工,家具,36.7,37.56,38.13
sh603313,梦百合,2021-01-19,39.0,40.9,38.58,40.15,39.17,6907385.0,275467239.0,13960431232.0,15060895475.45,458758993.61,569374297.79,2927355216.9599996,6459969710.61,3532614493.65,190772338.10000002,8734.89,9820.58,9015.67,8538.17,7935.33,8097.25,1860.83,1090.72,,,,Y,,,轻工制造,家用轻工,家具,38.9,38.82,39.49
sh603313,梦百合,2021-01-20,39.88,40.51,39.3,40.16,40.15,5329290.0,213225821.0,13963908300.8,15064646632.48,458758993.61,569374297.79,2927355216.9599996,6459969710.61,3532614493.65,190772338.10000002,9485.57,7267.07,5143.4,6840.68,5395.91,5685.61,1297.7,1529.22,,,,Y,,,轻工制造,家用轻工,家具,40.22,40.0,40.01
sh603313,梦百合,2021-01-21,39.99,41.6,39.68,41.01,40.16,4329238.0,177158090.0,14259459148.8,15383494980.03,458758993.61,569374297.79,2927355216.9599996,6459969710.61,3532614493.65,190772338.10000002,6785.81,6874.31,4881.19,5144.73,5420.34,4968.39,628.47,728.38,,,,Y,,,轻工制造,家用轻工,家具,39.9,40.0,40.42
sh603313,梦百合,2021-01-22,41.0,41.39,39.98,41.07,41.01,4326109.0,175796957.0,14280321561.6,15406001922.21,458758993.61,569374297.79,2927355216.9599996,6459969710.61,3532614493.65,190772338.10000002,6315.39,7346.43,4197.63,4181.26,6422.7,5071.39,643.97,980.62,,,,Y,,,轻工制造,家用轻工,家具,40.81,40.93,40.4
sh603313,梦百合,2021-01-25,41.17,41.5,39.88,41.08,41.07,5421725.0,220071730.0,14283798630.4,15409753079.240004,458758993.61,569374297.79,2927355216.9599996,6459969710.61,3532614493.65,190772338.10000002,7433.75,10365.75,5336.69,5219.96,8319.96,5672.86,916.78,748.6,,,,Y,,,轻工制造,家用轻工,家具,40.79,41.03,40.6
sh603313,梦百合,2021-01-26,40.64,42.19,40.35,41.91,41.08,4534118.0,188379291.0,14572395340.8,15721099112.73,458758993.61,569374297.79,2927355216.9599996,6459969710.61,3532614493.65,190772338.10000002,6255.13,6155.88,6271.23,4696.24,5686.03,6251.51,625.55,1734.3,,,,Y,,,轻工制造,家用轻工,家具,41.04,40.88,41.83
sh603313,梦百合,2021-01-27,41.9,44.5,41.24,41.91,41.91,6950538.0,295565706.0,14572395340.8,15721099112.73,458758993.61,569374297.79,2927355216.9599996,6459969710.61,3532614493.65,190772338.10000002,10250.91,8459.5,8994.23,7322.17,8962.82,11523.3,774.08,1677.06,,,,Y,,,轻工制造,家用轻工,家具,42.18,43.84,42.29
sh603313,梦百合,2021-01-28,41.0,41.49,39.2,39.7,41.91,8897849.0,358842363.0,13803963136.0,14892093409.1,458758993.61,569374297.79,2927355216.9599996,6459969710.61,3532614493.65,190772338.10000002,10305.42,13829.6,10322.88,13039.0,13151.89,6871.97,1455.19,1494.81,,,,Y,,,轻工制造,家用轻工,家具,40.29,40.82,40.78
sh603313,梦百合,2021-01-29,40.16,40.75,37.89,38.5,39.7,7950075.0,312330381.0,13386714879.999998,14441954565.5,458758993.61,569374297.79,2927355216.9599996,6459969710.61,3532614493.65,190772338.10000002,9046.3,10903.25,5735.8,10974.26,13691.51,6386.24,2754.25,2964.11,,,,Y,,,轻工制造,家用轻工,家具,40.34,40.47,39.97
sh603313,梦百合,2021-02-01,38.66,40.8,38.5,39.85,38.5,5600133.0,222701866.0,13856119168.0,14948360764.55,458758993.61,569374297.79,2927355216.9599996,6459969710.61,3532614493.65,190772338.10000002,6607.77,7768.4,4763.24,4797.33,9807.21,9190.59,1091.97,513.86,,,,Y,,,轻工制造,家用轻工,家具,38.76,39.5,39.28
sh603313,梦百合,2021-02-02,41.06,43.1,40.55,43.05,39.85,6358021.0,268062505.0,14968781184.0,16148731014.15,458758993.61,569374297.79,2927355216.9599996,6459969710.61,3532614493.65,190772338.10000002,9222.56,9256.34,6567.44,5469.62,9012.59,10755.95,2003.66,1324.34,,,,Y,,,轻工制造,家用轻工,家具,41.38,41.52,42.07
sh603313,梦百合,2021-02-03,43.05,44.78,42.1,42.9,43.05,5993095.0,260002673.0,14916625152.0,16092463658.7,458758993.61,569374297.79,2927355216.9599996,6459969710.61,3532614493.65,190772338.10000002,8495.21,8319.81,6217.78,6294.96,10711.59,11143.92,575.69,241.58,,,,Y,,,轻工制造,家用轻工,家具,43.05,42.63,42.7
sh603313,梦百合,2021-02-04,43.01,47.0,42.36,46.07,42.9,8256174.0,368763040.0,16018855961.6,17281580437.21,458758993.61,569374297.79,2927355216.9599996,6459969710.61,3532614493.65,190772338.10000002,11843.36,13462.03,8864.97,8371.79,10012.73,12956.62,6155.24,2085.86,,,,Y,,,轻工制造,家用轻工,家具,42.8,43.97,43.54
sh603313,梦百合,2021-02-05,45.76,46.36,44.01,44.65,46.07,5310307.0,238414962.0,15525112192.0,16748916138.95,458758993.61,569374297.79,2927355216.9599996,6459969710.61,3532614493.65,190772338.10000002,9325.02,6973.63,6466.81,3373.48,6797.84,12088.01,1251.83,1406.37,,,,Y,,,轻工制造,家用轻工,家具,44.63,44.66,45.5
sh603313,梦百合,2021-02-08,43.81,45.65,43.3,44.9,44.65,4632418.0,205991982.0,15612038912.0,16842695064.7,458758993.61,569374297.79,2927355216.9599996,6459969710.61,3532614493.65,190772338.10000002,6177.32,6789.71,6541.65,5376.5,6449.11,7839.86,1431.11,593.13,,,,Y,,,轻工制造,家用轻工,家具,43.32,43.4,43.62
sh603313,梦百合,2021-02-09,44.78,47.39,44.02,45.29,44.9,4671578.0,213400176.0,15747644595.2,16988990188.87,458758993.61,569374297.79,2927355216.9599996,6459969710.61,3532614493.65,190772338.10000002,7692.1,8251.24,4455.67,3946.86,8708.01,8551.69,484.24,590.23,,,,Y,,,轻工制造,家用轻工,家具,45.18,44.65,44.99
sh603313,梦百合,2021-02-10,45.06,48.88,45.0,47.68,45.29,5470098.0,257770913.0,16578664038.4,17885516719.04,458758993.61,569374297.79,2927355216.9599996,6459969710.61,3532614493.65,190772338.10000002,6699.51,8998.0,6686.96,6136.71,8912.49,9248.55,3478.13,1393.84,,,,Y,,,轻工制造,家用轻工,家具,45.24,45.49,45.78
sh603313,梦百合,2021-02-18,48.73,48.95,45.66,46.94,47.68,5211762.0,244700655.0,16321360947.2,17607931098.82,458758993.61,569374297.79,2927355216.9599996,6459969710.61,3532614493.65,190772338.10000002,8670.68,6944.35,5770.16,6929.76,8915.39,8418.55,1113.84,2177.4,,,,Y,,,轻工制造,家用轻工,家具,48.28,47.48,47.74
sh603313,梦百合,2021-02-19,46.83,47.28,44.28,45.61,46.94,5255706.0,238739208.0,15858910796.8,17109027213.83,458758993.61,569374297.79,2927355216.9599996,6459969710.61,3532614493.65,190772338.10000002,7370.02,8001.42,5912.36,5642.57,9012.58,8515.35,669.57,805.19,,,,Y,,,轻工制造,家用轻工,家具,47.1,46.5,45.93
sh603313,梦百合,2021-02-22,45.77,45.77,43.67,44.15,45.61,4500157.0,200573711.0,15351258751.999996,16561358287.45,458758993.61,569374297.79,2927355216.9599996,6459969710.61,3532614493.65,190772338.10000002,6051.86,6677.99,5072.9,5984.93,8011.33,6360.82,921.28,1033.63,,,,Y,,,轻工制造,家用轻工,家具,45.57,44.46,44.78
sh603313,梦百合,2021-02-23,43.43,44.45,43.0,43.11,44.15,3313178.0,144588829.0,14989643596.8,16171237956.330004,458758993.61,569374297.79,2927355216.9599996,6459969710.61,3532614493.65,190772338.10000002,4950.69,4647.71,3639.92,3576.3,5736.63,5611.18,131.64,623.69,,,,Y,,,轻工制造,家用轻工,家具,43.61,43.77,43.84
sh603313,梦百合,2021-02-24,43.15,43.73,40.04,40.21,43.11,7996832.0,329296575.0,13981293644.8,15083402417.63,458758993.61,569374297.79,2927355216.9599996,6459969710.61,3532614493.65,190772338.10000002,12304.35,10792.79,6217.19,8821.45,12276.83,10499.94,2131.29,2815.47,,,,Y,,,轻工制造,家用轻工,家具,43.55,43.7,42.66
sh603313,梦百合,2021-02-25,40.93,41.18,38.8,38.98,40.21,7054516.0,279118618.0,13553614182.4,14622010102.94,458758993.61,569374297.79,2927355216.9599996,6459969710.61,3532614493.65,190772338.10000002,9184.01,11481.37,3952.18,5187.03,12906.67,9415.59,1869.0,1827.87,,,,Y,,,轻工制造,家用轻工,家具,40.9,40.07,39.5
sh603313,梦百合,2021-02-26,38.46,39.19,37.55,37.86,38.98,5545032.0,211316116.0,13164182476.8,14201880515.58,458758993.61,569374297.79,2927355216.9599996,6459969710.61,3532614493.65,190772338.10000002,7502.92,7945.12,3669.62,3609.3,9131.85,8450.86,827.22,1126.33,,,,Y,,,轻工制造,家用轻工,家具,38.43,37.61,38.06
sh603313,梦百合,2021-03-01,38.44,39.62,37.98,38.55,37.86,4536813.0,175231907.0,13404100223.999998,14460710350.65,458758993.61,569374297.79,2927355216.9599996,6459969710.61,3532614493.65,190772338.10000002,6360.97,4960.49,3726.07,2838.49,7054.45,9356.14,381.7,368.07,,,,Y,,,轻工制造,家用轻工,家具,38.5,38.5,38.57
sh603313,梦百合,2021-03-02,38.95,40.47,38.28,39.3,38.55,5143420.0,202746306.0,13664880384.0,14742047127.9,458758993.61,569374297.79,2927355216.9599996,6459969710.61,3532614493.65,190772338.10000002,7828.73,7401.28,4082.64,3133.22,7271.91,9424.64,1091.35,315.49,,,,Y,,,轻工制造,家用轻工,家具,38.81,38.4,38.86
sh603313,梦百合,2021-03-03,39.01,41.33,38.53,41.14,39.3,5669685.0,229158866.0,14304661043.2,15432260021.42,458758993.61,569374297.79,2927355216.9599996,6459969710.61,3532614493.65,190772338.10000002,8599.76,8253.11,6342.65,5003.11,6114.39,8261.57,1386.1,925.1,,,,Y,,,轻工制造,家用轻工,家具,38.65,39.7,40.09
sh603313,梦百合,2021-03-04,41.6,41.67,37.8,38.61,41.14,7964932.0,316466434.0,13424962636.8,14483217292.830004,458758993.61,569374297.79,2927355216.9599996,6459969710.61,3532614493.65,190772338.10000002,11002.25,9264.83,7755.1,9128.34,11338.83,8370.47,1550.45,4883.01,,,,Y,,,轻工制造,家用轻工,家具,40.65,40.55,40.47
sh603313,梦百合,2021-03-05,37.44,38.49,36.02,36.85,38.61,7838024.0,289796409.0,12812998528.0,13823013655.55,458758993.61,569374297.79,2927355216.9599996,6459969710.61,3532614493.65,190772338.10000002,8631.92,9472.76,6689.07,10237.35,11073.94,6629.69,1376.17,1431.29,,,,Y,,,轻工制造,家用轻工,家具,37.0,37.27,37.8
sh603313,梦百合,2021-03-08,37.28,38.07,36.46,36.5,36.85,4860741.0,180843468.0,12691301120.0,13691723159.5,458758993.61,569374297.79,2927355216.9599996,6459969710.61,3532614493.65,190772338.10000002,5687.51,5590.54,3973.22,3908.63,8154.58,7303.18,269.04,1282.0,,,,Y,,,轻工制造,家用轻工,家具,36.98,37.22,37.15
sh603313,梦百合,2021-03-09,36.55,37.45,35.81,36.62,36.5,4019321.0,148198698.0,12733025945.6,13736737043.86,458758993.61,569374297.79,2927355216.9599996,6459969710.61,3532614493.65,190772338.10000002,6245.33,4780.29,2768.74,2721.68,5322.75,6719.46,483.04,598.44,,,,Y,,,轻工制造,家用轻工,家具,36.38,36.58,36.72
sh603313,梦百合,2021-03-10,37.25,38.0,36.8,36.98,36.62,3103953.0,115985192.0,12858200422.400002,13871778696.94,458758993.61,569374297.79,2927355216.9599996,6459969710.61,3532614493.65,190772338.10000002,4469.3,3938.34,1335.45,2503.96,5379.4,4932.39,414.36,223.83,,,,Y,,,轻工制造,家用轻工,家具,37.91,37.68,37.63
sh603313,梦百合,2021-03-11,37.1,37.64,36.31,37.1,36.98,3156543.0,117143794.0,12899925248.0,13916792581.3,458758993.61,569374297.79,2927355216.9599996,6459969710.61,3532614493.65,190772338.10000002,4114.77,4194.84,2464.02,1225.33,4615.79,5721.92,519.8,572.3,,,,Y,,,轻工制造,家用轻工,家具,36.64,36.83,37.3
sh603313,梦百合,2021-03-12,37.53,37.55,36.86,37.19,37.1,2477598.0,92331456.0,12931218867.2,13950552994.570002,458758993.61,569374297.79,2927355216.9599996,6459969710.61,3532614493.65,190772338.10000002,3604.23,3694.33,904.26,1223.79,4257.85,3573.53,466.81,741.5,,,,Y,,,轻工制造,家用轻工,家具,37.1,37.33,37.37
sh603313,梦百合,2021-03-15,37.07,38.23,36.4,38.01,37.19,3992172.0,150173099.0,13216338508.8,14258147871.03,458758993.61,569374297.79,2927355216.9599996,6459969710.61,3532614493.65,190772338.10000002,7198.49,5720.69,1844.41,2740.82,5785.4,6329.84,189.0,225.96,,,,Y,,,轻工制造,家用轻工,家具,36.69,36.99,36.68
sh603313,梦百合,2021-03-16,38.01,38.45,37.5,38.33,38.01,2550224.0,96904322.0,13327604710.4,14378184895.99,458758993.61,569374297.79,2927355216.9599996,6459969710.61,3532614493.65,190772338.10000002,3711.92,3053.04,1519.69,1184.83,4235.05,5213.6,100.03,115.21,,,,Y,,,轻工制造,家用轻工,家具,37.71,37.6,38.05
sh603313,梦百合,2021-03-17,38.33,38.45,37.52,38.26,38.33,2162673.0,82322963.0,13303265228.8,14351926796.78,458758993.61,569374297.79,2927355216.9599996,6459969710.61,3532614493.65,190772338.10000002,2816.72,2593.64,1513.13,1683.52,3244.37,3460.25,434.25,271.07,,,,Y,,,轻工制造,家用轻工,家具,37.96,38.04,38.05
sh603313,梦百合,2021-03-18,38.0,38.98,37.9,38.9,38.26,2580410.0,99468942.0,13525797632.0,14592000846.7,458758993.61,569374297.79,2927355216.9599996,6459969710.61,3532614493.65,190772338.10000002,3111.23,3771.09,2684.96,1949.61,3414.76,3878.71,497.64,109.17,,,,Y,,,轻工制造,家用轻工,家具,38.39,38.6,38.61
sh603313,梦百合,2021-03-19,38.45,38.56,36.51,37.3,38.9,4342036.0,163082951.0,12969466624.0,13991815721.9,458758993.61,569374297.79,2927355216.9599996,6459969710.61,3532614493.65,190772338.10000002,4546.66,6745.26,3121.86,4303.38,8306.45,4508.63,333.31,751.02,,,,Y,,,轻工制造,家用轻工,家具,38.26,38.01,37.54
sh603313,梦百合,2021-03-22,37.3,37.9,36.9,37.77,37.3,3619376.0,135272478.0,13132888857.6,14168120102.31,458758993.61,569374297.79,2927355216.9599996,6459969710.61,3532614493.65,190772338.10000002,4194.11,4440.37,2442.51,4073.17,5834.86,3468.83,1055.76,1544.88,,,,Y,,,轻工制造,家用轻工,家具,37.47,37.16,37.36
sh603313,梦百合,2021-03-23,37.85,38.1,33.99,33.99,37.77,9120716.0,321380313.0,11818556851.2,12750182744.97,458758993.61,569374297.79,2927355216.9599996,6459969710.61,3532614493.65,190772338.10000002,9895.58,10544.79,5607.95,7754.12,11307.09,6753.1,5327.41,7086.02,,,,Y,,,轻工制造,家用轻工,家具,37.88,38.06,37.74
sh603313,梦百合,2021-03-24,34.0,34.0,32.3,33.17,33.99,11746702.0,387887460.0,11533437209.6,12442587868.51,458758993.61,569374297.79,2927355216.9599996,6459969710.61,3532614493.65,190772338.10000002,12355.78,12188.81,9082.78,9065.82,14683.16,13286.62,2667.03,4247.49,,,,Y,,,轻工制造,家用轻工,家具,33.11,33.43,33.49
sh603313,梦百合,2021-03-25,32.8,33.34,32.16,32.33,33.17,3632308.0,118777403.0,11241363430.4,12127490677.99,458758993.61,569374297.79,2927355216.9599996,6459969710.61,3532614493.65,190772338.10000002,4141.88,5256.49,1470.34,1876.47,6265.51,4560.38,0.0,184.4,,,,Y,,,轻工制造,家用轻工,家具,32.94,33.13,32.88
sh603313,梦百合,2021-03-26,32.58,34.49,32.58,33.66,32.33,4096734.0,138049751.0,11703813580.8,12626394562.98,458758993.61,569374297.79,2927355216.9599996,6459969710.61,3532614493.65,190772338.10000002,5132.85,4413.0,2262.62,2420.68,6409.51,6730.49,0.0,240.81,,,,Y,,,轻工制造,家用轻工,家具,33.18,33.46,33.62
sh603313,梦百合,2021-03-29,33.65,34.99,33.65,34.61,33.66,3681080.0,127084897.0,12034135116.8,12982754480.83,458758993.61,569374297.79,2927355216.9599996,6459969710.61,3532614493.65,190772338.10000002,4006.26,4605.78,2315.9,1658.63,6168.96,5960.88,217.37,483.2,,,,Y,,,轻工制造,家用轻工,家具,34.03,34.5,34.69
sh603313,梦百合,2021-03-30,34.24,34.73,33.76,34.27,34.61,2314954.0,79098165.0,11915914777.599998,12855215141.81,458758993.61,569374297.79,2927355216.9599996,6459969710.61,3532614493.65,190772338.10000002,3012.17,2306.61,952.59,1302.58,3775.81,3713.56,169.25,587.07,,,,Y,,,轻工制造,家用轻工,家具,34.4,34.61,34.26
sh603313,梦百合,2021-03-31,34.28,34.4,33.23,33.9,34.27,2972190.0,100236577.0,11787263232.0,12716422331.7,458758993.61,569374297.79,2927355216.9599996,6459969710.61,3532614493.65,190772338.10000002,2995.37,2787.15,782.44,1096.14,5971.42,5851.18,159.94,174.69,,,,Y,,,轻工制造,家用轻工,家具,33.96,33.75,33.47
sh603313,梦百合,2021-04-01,34.18,34.65,33.27,34.58,33.9,3150994.0,107280270.0,12023703910.4,12971501009.74,458758993.61,569374297.79,2927355216.9599996,6459969710.61,3532614493.65,190772338.10000002,3626.13,3994.93,1867.77,1099.98,4826.73,5126.08,407.4,507.03,,,,Y,,,轻工制造,家用轻工,家具,33.91,33.46,33.36
sh603313,梦百合,2021-04-02,34.6,34.68,33.88,34.12,34.58,2356189.0,80546762.0,11863758745.599998,12798947786.36,458758993.61,569374297.79,2927355216.9599996,6459969710.61,3532614493.65,190772338.10000002,2814.74,2643.53,1191.5,797.84,3840.91,4118.14,207.53,495.17,,,,Y,,,轻工制造,家用轻工,家具,34.5,34.34,34.1
sh603313,梦百合,2021-04-06,33.9,34.57,33.55,34.45,34.12,1858561.0,63692794.0,11978502016.0,12922735968.35,458758993.61,569374297.79,2927355216.9599996,6459969710.61,3532614493.65,190772338.10000002,2426.2,1927.42,718.81,1065.13,3074.13,2999.73,150.14,377.0,,,,Y,,,轻工制造,家用轻工,家具,34.14,34.04,34.1
sh603313,梦百合,2021-04-07,34.45,35.28,33.98,34.6,34.45,3280175.0,113062901.0,12030658048.0,12979003323.8,458758993.61,569374297.79,2927355216.9599996,6459969710.61,3532614493.65,190772338.10000002,3325.2,2768.18,2509.28,1104.86,4479.59,5609.06,992.22,1824.2,,,,Y,,,轻工制造,家用轻工,家具,34.45,34.42,34.27
sh603313,梦百合,2021-04-08,34.43,36.79,34.21,35.97,34.6,5192167.0,186308827.0,12507016473.6,13492911836.910002,458758993.61,569374297.79,2927355216.9599996,6459969710.61,3532614493.65,190772338.10000002,5356.64,6146.11,4492.92,3105.78,6565.7,7827.97,1975.0,1310.4,,,,Y,,,轻工制造,家用轻工,家具,35.05,35.16,35.11
sh603313,梦百合,2021-04-09,35.81,37.21,35.68,36.83,35.97,4879282.0,178653947.0,12806044390.400002,13815511341.49,458758993.61,569374297.79,2927355216.9599996,6459969710.61,3532614493.65,190772338.10000002,5173.81,5690.97,5353.05,2519.76,6837.26,9436.13,501.27,218.54,,,,Y,,,轻工制造,家用轻工,家具,36.15,36.5,37.1
sh603313,梦百合,2021-04-12,37.19,37.19,34.75,35.11,36.83,3937931.0,139957765.0,12207988556.8,13170312332.33,458758993.61,569374297.79,2927355216.9599996,6459969710.61,3532614493.65,190772338.10000002,4489.89,4754.85,1632.86,1896.71,7395.2,6624.82,477.82,719.41,,,,Y,,,轻工制造,家用轻工,家具,36.49,36.51,36.49
sh603313,梦百合,2021-04-13,34.6,35.11,32.45,32.66,35.11,7669957.0,255688154.0,11356106700.8,12251278859.98,458758993.61,569374297.79,2927355216.9599996,6459969710.61,3532614493.65,190772338.10000002,8875.5,8511.91,4774.83,8362.79,11717.0,7805.21,201.48,888.91,,,,Y,,,轻工制造,家用轻工,家具,34.65,34.19,34.28
sh603313,梦百合,2021-04-14,32.43,33.1,31.5,31.93,32.66,6843096.0,219537609.0,11102280678.4,11977444396.79,458758993.61,569374297.79,2927355216.9599996,6459969710.61,3532614493.65,190772338.10000002,7053.46,9874.35,2993.91,4258.4,11201.89,7450.56,481.65,147.6,,,,Y,,,轻工制造,家用轻工,家具,32.82,32.69,32.29
sh603313,梦百合,2021-04-15,31.7,31.88,30.38,31.87,31.93,6307566.0,196302419.0,11081418265.6,11954937454.61,458758993.61,569374297.79,2927355216.9599996,6459969710.61,3532614493.65,190772338.10000002,6752.24,7474.18,3514.56,3556.27,9042.31,8472.04,321.14,127.76,,,,Y,,,轻工制造,家用轻工,家具,31.15,30.67,30.61
sh603313,梦百合,2021-04-16,31.87,31.87,31.1,31.2,31.87,3665860.0,115089621.0,10848454656.0,11703609933.6,458758993.61,569374297.79,2927355216.9599996,6459969710.61,3532614493.65,190772338.10000002,3795.99,3859.23,2063.6,1630.37,5649.37,6019.37,0.0,0.0,,,,Y,,,轻工制造,家用轻工,家具,31.33,31.28,31.51
sh603313,梦百合,2021-04-19,31.38,31.49,30.7,31.2,31.2,5536795.0,171722523.0,10848454656.0,11703609933.6,458758993.61,569374297.79,2927355216.9599996,6459969710.61,3532614493.65,190772338.10000002,6078.79,6869.69,3711.07,3199.91,7382.4,6591.75,0.0,510.91,,,,Y,,,轻工制造,家用轻工,家具,31.18,31.15,31.23
sh603313,梦百合,2021-04-20,31.03,31.79,30.8,31.22,31.2,4906967.0,154104086.0,10855408793.599998,11711112247.66,458758993.61,569374297.79,2927355216.9599996,6459969710.61,3532614493.65,190772338.10000002,5718.16,5680.71,3014.9,3762.93,6268.03,5725.45,409.32,241.32,,,,Y,,,轻工制造,家用轻工,家具,31.67,31.49,31.63
sh603313,梦百合,2021-04-21,31.13,32.41,30.33,32.1,31.22,6715820.0,212462179.0,11161390848.0,12041214066.3,458758993.61,569374297.79,2927355216.9599996,6459969710.61,3532614493.65,190772338.10000002,7153.0,8359.03,4872.14,4644.98,8450.26,8242.2,770.81,0.0,,,,Y,,,轻工制造,家用轻工,家具,30.98,31.12,30.66
sh603313,梦百合,2021-04-22,32.1,32.18,30.91,31.67,32.1,4905311.0,154682257.0,11011876889.599998,11879914314.009998,458758993.61,569374297.79,2927355216.9599996,6459969710.61,3532614493.65,190772338.10000002,6505.76,5187.7,1749.94,2802.94,6841.57,7039.01,370.95,438.57,,,,Y,,,轻工制造,家用轻工,家具,31.93,31.99,31.7
sh603313,梦百合,2021-04-23,31.6,31.88,31.3,31.49,31.67,1998447.0,63098345.0,10949289651.2,11812393487.47,458758993.61,569374297.79,2927355216.9599996,6459969710.61,3532614493.65,190772338.10000002,2616.77,2557.62,757.76,944.55,2935.31,2807.67,0.0,0.0,,,,Y,,,轻工制造,家用轻工,家具,31.58,31.35,31.55
sh603313,梦百合,2021-04-26,31.5,32.18,31.0,31.01,31.49,3748240.0,117997996.0,10782390348.8,11632337950.03,458758993.61,569374297.79,2927355216.9599996,6459969710.61,3532614493.65,190772338.10000002,4595.99,4087.59,2083.8,1724.48,5120.01,5868.69,0.0,119.04,,,,Y,,,轻工制造,家用轻工,家具,32.0,31.85,32.01
sh603313,梦百合,2021-04-27,31.0,31.36,30.6,31.0,31.01,2571012.0,79723983.0,10778913280.0,11628586793.0,458758993.61,569374297.79,2927355216.9599996,6459969710.61,3532614493.65,190772338.10000002,2488.08,2785.92,1324.73,2397.86,3712.01,2434.96,447.58,353.67,,,,Y,,,轻工制造,家用轻工,家具,31.22,31.12,31.1
sh603313,梦百合,2021-04-28,31.24,32.38,31.03,32.29,31.0,4525156.0,143650632.0,11227455155.2,12112486049.87,458758993.61,569374297.79,2927355216.9599996,6459969710.61,3532614493.65,190772338.10000002,5231.39,5267.09,2988.74,2899.13,5012.34,5282.22,1132.6,916.63,,,,Y,,,轻工制造,家用轻工,家具,31.23,31.18,31.41
sh603313,梦百合,2021-04-29,32.22,32.89,31.5,32.07,32.29,4858215.0,156101007.0,11150959641.6,12029960595.21,458758993.61,569374297.79,2927355216.9599996,6459969710.61,3532614493.65,190772338.10000002,6146.58,6824.55,3748.52,2279.31,5171.85,6266.95,543.15,239.29,,,,Y,,,轻工制造,家用轻工,家具,32.77,32.85,32.78
sh603313,梦百合,2021-04-30,28.86,29.38,28.86,28.86,32.07,10101120.0,291966550.0,10034820556.8,10825839188.58,353573032.63,384684375.40000004,3731554574.5599995,8364840325.65,4633285751.09,55268176.42,6922.87,6058.54,9436.88,8741.39,7137.66,3592.2,5699.24,10804.53,,,,Y,,,轻工制造,家用轻工,家具,28.87,28.86,28.86
sh603313,梦百合,2021-05-06,27.78,29.49,27.3,28.58,28.86,8913337.0,253827436.0,9937462630.4,10720806791.74,353573032.63,384684375.40000004,3731554574.5599995,8364840325.65,4633285751.09,55268176.42,7537.05,9271.49,5875.77,6163.42,8874.75,8409.31,3095.17,1538.52,,,,Y,,,轻工制造,家用轻工,家具,27.91,27.9,28.29
sh603313,梦百合,2021-05-07,28.54,30.64,28.35,29.46,28.58,5878382.0,175112452.0,10243444684.8,11050908610.38,353573032.63,384684375.40000004,3731554574.5599995,8364840325.65,4633285751.09,55268176.42,6580.68,5726.39,3001.38,3205.35,7595.8,8196.06,333.37,383.45,,,,Y,,,轻工制造,家用轻工,家具,28.64,29.15,29.84
sh603313,梦百合,2021-05-10,29.49,29.93,27.51,27.84,29.46,6461918.0,183192615.0,9680159539.2,10443221171.52,353573032.63,384684375.40000004,3731554574.5599995,8364840325.65,4633285751.09,55268176.42,6442.91,5843.23,3424.87,3316.43,7266.58,8362.48,1184.91,797.12,,,,Y,,,轻工制造,家用轻工,家具,29.84,29.64,29.15
sh603313,梦百合,2021-05-11,28.4,29.28,27.46,28.68,27.84,6381101.0,180753223.0,9972233318.4,10758318362.04,353573032.63,384684375.40000004,3731554574.5599995,8364840325.65,4633285751.09,55268176.42,5886.45,5407.29,3081.0,5056.64,7698.05,6019.54,1409.82,1591.85,,,,Y,,,轻工制造,家用轻工,家具,28.4,28.31,28.15
sh603313,梦百合,2021-05-12,28.61,29.36,28.1,29.04,28.68,3559050.0,102301810.0,10097407795.2,10893360015.12,353573032.63,384684375.40000004,3731554574.5599995,8364840325.65,4633285751.09,55268176.42,3046.93,3379.44,2000.3,2210.38,4898.92,4060.95,284.04,579.41,,,,Y,,,轻工制造,家用轻工,家具,28.65,28.63,28.19
sh603313,梦百合,2021-05-13,28.86,29.52,28.3,28.98,29.04,2873248.0,83062683.0,10076545382.4,10870853072.94,353573032.63,384684375.40000004,3731554574.5599995,8364840325.65,4633285751.09,55268176.42,3068.46,2793.28,1585.82,1198.33,3505.9,4314.66,146.1,0.0,,,,Y,,,轻工制造,家用轻工,家具,28.62,28.66,28.63
sh603313,梦百合,2021-05-14,29.23,29.23,28.36,28.83,28.98,3007347.0,86230703.0,10024389350.4,10814585717.490002,353573032.63,384684375.40000004,3731554574.5599995,8364840325.65,4633285751.09,55268176.42,2864.06,2402.18,1795.35,2332.66,3475.45,3075.17,390.52,715.38,,,,Y,,,轻工制造,家用轻工,家具,28.78,28.72,28.64
sh603313,梦百合,2021-05-17,28.87,29.0,27.84,28.0,28.83,5023221.0,142012583.0,9735792640.0,10503239683.999998,353573032.63,384684375.40000004,3731554574.5599995,8364840325.65,4633285751.09,55268176.42,4794.07,4986.45,3263.3,3645.37,5721.09,5049.41,422.8,520.02,,,,Y,,,轻工制造,家用轻工,家具,28.63,28.76,28.63
sh603313,梦百合,2021-05-18,28.4,28.54,27.7,27.78,28.0,4170045.0,117272317.0,9659297126.4,10420714229.34,353573032.63,384684375.40000004,3731554574.5599995,8364840325.65,4633285751.09,55268176.42,3068.1,3681.32,1982.18,4091.57,5264.81,2437.94,1412.14,1516.39,,,,Y,,,轻工制造,家用轻工,家具,28.25,28.35,28.07
sh603313,梦百合,2021-05-19,28.2,28.2,27.15,27.29,27.78,3498124.0,95796447.0,9488920755.2,10236907534.87,353573032.63,384684375.40000004,3731554574.5599995,8364840325.65,4633285751.09,55268176.42,3376.54,2843.26,1541.14,2110.09,4538.74,4039.89,123.22,586.4,,,,Y,,,轻工制造,家用轻工,家具,27.38,27.52,27.66
sh603313,梦百合,2021-05-20,27.29,28.05,26.7,27.65,27.29,4335750.0,119336295.0,9614095232.0,10371949187.95,353573032.63,384684375.40000004,3731554574.5599995,8364840325.65,4633285751.09,55268176.42,4484.19,4531.33,2387.2,3168.2,4699.65,4094.1,362.59,140.0,,,,Y,,,轻工制造,家用轻工,家具,27.18,26.93,26.98
sh603313,梦百合,2021-05-21,27.61,27.9,27.3,27.5,27.65,1814603.0,50115662.0,9561939200.0,10315681832.5,353573032.63,384684375.40000004,3731554574.5599995,8364840325.65,4633285751.09,55268176.42,1733.31,2202.96,831.27,954.37,2171.09,1854.24,275.9,0.0,,,,Y,,,轻工制造,家用轻工,家具,27.55,27.6,27.69
sh603313,梦百合,2021-05-24,27.51,27.96,27.08,27.9,27.5,2262036.0,62222985.0,9701021952.0,10465728113.7,353573032.63,384684375.40000004,3731554574.5599995,8364840325.65,4633285751.09,55268176.42,2541.71,2303.24,1035.46,691.76,2645.13,3227.3,0.0,0.0,,,,Y,,,轻工制造,家用轻工,家具,27.24,27.12,27.43
sh603313,梦百合,2021-05-25,27.81,28.75,27.43,28.0,27.9,3311860.0,93080884.0,9735792640.0,10503239683.999998,353573032.63,384684375.40000004,3731554574.5599995,8364840325.65,4633285751.09,55268176.42,3423.42,3119.03,1848.45,2012.41,3714.6,3743.35,321.62,433.3,,,,Y,,,轻工制造,家用轻工,家具,27.66,27.62,27.63
sh603313,梦百合,2021-05-26,28.11,28.3,27.72,27.73,28.0,2005095.0,55902069.0,9641911782.4,10401958444.19,353573032.63,384684375.40000004,3731554574.5599995,8364840325.65,4633285751.09,55268176.42,2107.4,1535.18,1327.87,1230.68,2154.94,2824.35,0.0,0.0,,,,Y,,,轻工制造,家用轻工,家具,28.24,27.9,27.96
sh603313,梦百合,2021-05-27,27.94,28.15,27.7,27.94,27.73,2843687.0,79505029.0,9714930227.2,10480732741.82,353573032.63,384684375.40000004,3731554574.5599995,8364840325.65,4633285751.09,55268176.42,2745.69,2339.17,1521.75,1479.64,2473.49,2878.52,1209.58,1253.17,,,,Y,,,轻工制造,家用轻工,家具,27.91,27.9,28.0
sh603313,梦百合,2021-05-28,27.92,29.16,27.92,27.94,27.94,5772459.0,164702360.0,9714930227.2,10480732741.82,353573032.63,384684375.40000004,3731554574.5599995,8364840325.65,4633285751.09,55268176.42,5546.47,5052.22,3722.86,3646.2,5517.85,6175.25,890.87,804.4,,,,Y,,,轻工制造,家用轻工,家具,28.33,28.61,29.04
sh603313,梦百合,2021-05-31,28.2,28.25,27.65,28.05,27.94,3104786.0,86679337.0,9753177984.0,10521995469.150002,353573032.63,384684375.40000004,3731554574.5599995,8364840325.65,4633285751.09,55268176.42,3459.55,3071.82,1952.34,1999.64,3163.55,3231.29,92.49,365.2,,,,Y,,,轻工制造,家用轻工,家具,27.75,28.01,28.02
sh603313,梦百合,2021-06-01,28.1,29.23,27.5,28.8,28.05,7788814.0,220346658.0,10751240246.4,10803332246.4,353573032.63,384684375.40000004,3731554574.5599995,8364840325.65,4633285751.09,55268176.42,6967.5,6713.21,5541.31,4996.89,8738.99,9677.74,786.87,646.82,,,,Y,,,轻工制造,家用轻工,家具,27.9,27.83,27.99
sh603313,梦百合,2021-06-02,28.78,30.3,28.78,29.29,28.8,9326884.0,277597823.0,10934160653.37,10987138940.87,353573032.63,384684375.40000004,3731554574.5599995,8364840325.65,4633285751.09,55268176.42,9026.94,8731.68,7746.51,7718.21,9675.95,9658.74,1310.38,1651.15,,,,Y,,,轻工制造,家用轻工,家具,29.34,29.62,30.06
sh603313,梦百合,2021-06-03,29.52,30.48,29.2,29.73,29.29,7322429.0,218909297.0,11098415712.69,11152189850.19,353573032.63,384684375.40000004,3731554574.5599995,8364840325.65,4633285751.09,55268176.42,7646.16,7492.62,6596.02,5843.43,6838.67,8182.68,810.08,372.2,,,,Y,,,轻工制造,家用轻工,家具,29.39,29.64,30.06
sh603313,梦百合,2021-06-04,29.7,30.6,29.4,30.58,29.73,5045403.0,152932173.0,11415726622.74,11471038197.74,353573032.63,384684375.40000004,3731554574.5599995,8364840325.65,4633285751.09,55268176.42,4528.93,5384.22,3143.93,2802.19,7064.96,6761.97,555.41,344.84,,,,Y,,,轻工制造,家用轻工,家具,29.65,30.19,30.11
sh603313,梦百合,2021-06-07,30.64,31.63,30.01,31.52,30.58,6150742.0,191392443.0,11766635158.56,11823646958.56,353573032.63,384684375.40000004,3731554574.5599995,8364840325.65,4633285751.09,55268176.42,5986.33,6500.44,4416.35,4411.23,7959.46,6975.27,741.65,1216.85,,,,Y,,,轻工制造,家用轻工,家具,30.85,30.59,30.43
sh603313,梦百合,2021-06-08,31.62,31.95,30.98,31.1,31.52,3900640.0,122409723.0,11609846238.3,11666098363.3,353573032.63,384684375.40000004,3731554574.5599995,8364840325.65,4633285751.09,55268176.42,3948.29,4612.69,3937.08,3085.63,4008.08,3917.59,347.52,625.05,,,,Y,,,轻工制造,家用轻工,家具,31.49,31.75,31.9
sh603313,梦百合,2021-06-09,31.1,31.46,30.3,30.69,31.1,3305805.0,101728476.0,11456790387.57,11512300925.070002,353573032.63,384684375.40000004,3731554574.5599995,8364840325.65,4633285751.09,55268176.42,3738.2,4271.91,1961.68,1873.3,4070.09,3680.64,402.88,347.0,,,,Y,,,轻工制造,家用轻工,家具,30.59,30.79,30.94
sh603313,梦百合,2021-06-10,30.56,31.06,30.35,30.88,30.69,2442633.0,75001208.0,11527718708.64,11583572908.64,353573032.63,384684375.40000004,3731554574.5599995,8364840325.65,4633285751.09,55268176.42,2177.15,2520.18,1357.13,1387.92,3558.06,3592.01,407.78,0.0,,,,Y,,,轻工制造,家用轻工,家具,30.58,30.9,30.66
sh603313,梦百合,2021-06-11,30.91,31.4,30.16,30.18,30.88,2944230.0,90667058.0,11266403841.54,11320991916.54,353573032.63,384684375.40000004,3731554574.5599995,8364840325.65,4633285751.09,55268176.42,3331.17,3924.27,2608.78,1901.04,2953.82,3237.21,172.94,4.18,,,,Y,,,轻工制造,家用轻工,家具,31.2,31.23,31.0
sh603313,梦百合,2021-06-15,30.18,30.84,30.18,30.4,30.18,2429503.0,74276275.0,11348531371.2,11403517371.2,353573032.63,384684375.40000004,3731554574.5599995,8364840325.65,4633285751.09,55268176.42,2089.27,2415.2,1720.04,1542.16,3232.64,3258.16,385.68,212.11,,,,Y,,,轻工制造,家用轻工,家具,30.56,30.52,30.59
sh603313,梦百合,2021-06-16,30.5,31.49,30.37,30.44,30.4,4095341.0,126796165.0,11363463649.32,11418521999.32,353573032.63,384684375.40000004,3731554574.5599995,8364840325.65,4633285751.09,55268176.42,4774.07,4236.39,3049.61,3114.31,3980.74,4280.61,875.2,1048.3,,,,Y,,,轻工制造,家用轻工,家具,30.4,30.63,30.69
sh603313,梦百合,2021-06-17,29.9,30.97,29.89,30.41,30.44,2842506.0,86666987.0,11352264440.73,11407268528.23,353573032.63,384684375.40000004,3731554574.5599995,8364840325.65,4633285751.09,55268176.42,3126.22,3163.09,1701.77,1321.52,2996.31,3324.38,842.41,857.71,,,,Y,,,轻工制造,家用轻工,家具,30.5,30.64,30.89
sh603313,梦百合,2021-06-18,30.26,31.01,29.9,30.8,30.41,2062960.0,63078066.0,11497854152.4,11553563652.4,353573032.63,384684375.40000004,3731554574.5599995,8364840325.65,4633285751.09,55268176.42,2037.59,2263.62,1316.71,1515.97,2851.28,2494.22,102.22,33.99,,,,Y,,,轻工制造,家用轻工,家具,30.17,30.5,30.48
sh603313,梦百合,2021-06-21,30.8,32.04,30.5,32.0,30.8,4466421.0,141209498.0,11945822496.0,12003702496.0,353573032.63,384684375.40000004,3731554574.5599995,8364840325.65,4633285751.09,55268176.42,5034.56,4881.66,3646.34,4452.94,3573.09,4231.25,1866.96,555.1,,,,Y,,,轻工制造,家用轻工,家具,30.57,31.09,31.04
sh603313,梦百合,2021-06-22,32.07,32.91,32.07,32.78,32.0,3803292.0,123844824.0,12237001919.34,12296292744.34,353573032.63,384684375.40000004,3731554574.5599995,8364840325.65,4633285751.09,55268176.42,3920.71,4728.87,2577.69,2289.46,5582.09,5081.29,303.99,284.87,,,,Y,,,轻工制造,家用轻工,家具,32.2,32.5,32.54
sh603313,梦百合,2021-06-23,32.69,33.03,31.8,31.91,32.78,3729055.0,120069107.0,11912224870.23,11969942082.73,353573032.63,384684375.40000004,3731554574.5599995,8364840325.65,4633285751.09,55268176.42,4899.07,4727.52,2133.7,2049.17,4661.84,4887.93,312.3,342.29,,,,Y,,,轻工制造,家用轻工,家具,33.02,32.48,32.24
sh603313,梦百合,2021-06-24,32.04,32.47,31.35,31.86,31.91,2545949.0,80978899.0,11893559522.58,11951186297.58,353573032.63,384684375.40000004,3731554574.5599995,8364840325.65,4633285751.09,55268176.42,3615.11,3094.21,1383.17,1901.09,3099.61,3086.38,0.0,16.22,,,,Y,,,轻工制造,家用轻工,家具,31.8,31.55,31.43
sh603313,梦百合,2021-06-25,31.91,32.19,31.05,31.35,31.86,2759749.0,86889776.0,11703172976.55,11759877289.05,353573032.63,384684375.40000004,3731554574.5599995,8364840325.65,4633285751.09,55268176.42,2848.73,2319.83,2173.81,2017.24,3433.28,3567.03,233.16,784.88,,,,Y,,,轻工制造,家用轻工,家具,31.85,31.98,32.07
sh603313,梦百合,2021-06-28,31.48,33.55,31.05,32.88,31.35,4830823.0,156820976.0,12274332614.64,12305930294.64,353573032.63,384684375.40000004,3731554574.5599995,8364840325.65,4633285751.09,55268176.42,6038.44,5876.12,3411.49,4110.04,5936.89,5394.34,295.27,301.59,,,,Y,,,轻工制造,家用轻工,家具,31.13,31.59,31.5
sh603313,梦百合,2021-06-29,32.97,32.99,31.06,31.23,32.88,4321996.0,137659645.0,11658376142.19,11688388172.19,353573032.63,384684375.40000004,3731554574.5599995,8364840325.65,4633285751.09,55268176.42,5145.83,4714.25,2003.67,2952.06,5861.45,5640.11,755.01,459.54,,,,Y,,,轻工制造,家用轻工,家具,32.76,32.67,32.82
sh603313,梦百合,2021-06-30,31.33,31.8,29.9,30.05,31.23,4708705.0,144047719.0,11217873937.65,11246751987.650002,353573032.63,384684375.40000004,3731554574.5599995,8364840325.65,4633285751.09,55268176.42,5651.87,5115.44,2384.94,3515.23,6175.35,5316.6,192.61,457.5,,,,Y,,,轻工制造,家用轻工,家具,31.7,31.55,30.97
sh603313,梦百合,2021-07-01,30.0,31.89,28.99,31.08,30.05,5767977.0,175789875.0,11602380099.24,11632247979.24,353573032.63,384684375.40000004,3731554574.5599995,8364840325.65,4633285751.09,55268176.42,6716.63,6732.23,2539.83,2716.84,6914.08,6686.3,1408.45,1443.61,,,,Y,,,轻工制造,家用轻工,家具,29.74,29.13,29.71
sh603313,梦百合,2021-07-02,30.92,31.64,30.0,30.33,31.08,3014431.0,92814319.0,11322399884.49,11351547014.49,353573032.63,384684375.40000004,3731554574.5599995,8364840325.65,4633285751.09,55268176.42,2800.01,2740.07,1307.32,994.18,4303.44,5411.52,870.66,135.67,,,,Y,,,轻工制造,家用轻工,家具,30.79,30.97,31.3
sh603313,梦百合,2021-07-05,30.06,30.88,29.13,29.62,30.33,3001726.0,88926338.0,11057351947.86,11085816767.86,353573032.63,384684375.40000004,3731554574.5599995,8364840325.65,4633285751.09,55268176.42,3011.46,2901.21,2141.43,1540.65,3293.3,3634.47,446.44,816.29,,,,Y,,,轻工制造,家用轻工,家具,30.1,29.95,29.9
sh603313,梦百合,2021-07-06,29.63,29.85,28.48,29.12,29.62,3292974.0,95574536.0,10870698471.36,10898682791.36,353573032.63,384684375.40000004,3731554574.5599995,8364840325.65,4633285751.09,55268176.42,3141.11,2991.18,2198.03,2892.92,3949.11,3325.83,269.21,347.52,,,,Y,,,轻工制造,家用轻工,家具,29.38,29.2,29.35
sh603313,梦百合,2021-07-07,28.88,29.25,28.67,28.84,29.12,3382966.0,97700260.0,10766172524.52,10793887764.52,353573032.63,384684375.40000004,3731554574.5599995,8364840325.65,4633285751.09,55268176.42,3099.78,3319.61,2278.31,1891.96,3790.43,4011.53,601.51,546.93,,,,Y,,,轻工制造,家用轻工,家具,28.96,29.15,28.96
sh603313,梦百合,2021-07-08,29.1,29.49,28.85,28.93,28.84,3225304.0,93993361.0,10799770150.29,10827571880.29,353573032.63,384684375.40000004,3731554574.5599995,8364840325.65,4633285751.09,55268176.42,3173.96,3219.12,1966.88,1629.64,4258.5,4550.57,0.0,0.0,,,,Y,,,轻工制造,家用轻工,家具,29.43,28.91,29.12
sh603313,梦百合,2021-07-09,28.92,28.92,28.1,28.24,28.93,3425160.0,97527371.0,10542188352.72,10569326992.72,353573032.63,384684375.40000004,3731554574.5599995,8364840325.65,4633285751.09,55268176.42,3218.33,3776.68,2027.86,1772.95,4382.07,4159.27,124.47,43.84,,,,Y,,,轻工制造,家用轻工,家具,28.69,28.59,28.65
sh603313,梦百合,2021-07-12,28.12,28.7,27.68,28.37,28.24,4463586.0,125894178.0,10590718256.61,10617981826.61,353573032.63,384684375.40000004,3731554574.5599995,8364840325.65,4633285751.09,55268176.42,4088.89,4496.0,3026.55,3274.72,5328.24,4484.61,145.74,334.09,,,,Y,,,轻工制造,家用轻工,家具,27.68,27.92,28.07
sh603313,梦百合,2021-07-13,28.35,29.08,27.78,29.05,28.37,3380314.0,96555227.0,10844566984.65,10872484034.65,353573032.63,384684375.40000004,3731554574.5599995,8364840325.65,4633285751.09,55268176.42,3095.47,3089.66,1404.72,1862.0,4908.31,4192.06,247.03,511.81,,,,Y,,,轻工制造,家用轻工,家具,28.3,28.09,27.98
sh603313,DR梦百合,2021-07-14,22.25,22.93,21.6,22.2,22.08,6310867.0,141170961.0,8287414356.599998,8308748556.6,353573032.63,384684375.40000004,3731554574.5599995,8364840325.65,4633285751.09,55268176.42,5056.97,3704.53,2736.41,2543.43,4418.82,5471.1,1904.89,2398.03,,,,Y,,,轻工制造,家用轻工,家具,21.9,21.91,22.14
sh603313,梦百合,2021-07-15,21.7,22.19,21.28,22.01,22.2,4775242.0,103746024.0,10681431848.39,10708928941.39,353573032.63,384684375.40000004,3731554574.5599995,8364840325.65,4633285751.09,55268176.42,3731.35,3192.44,2461.59,2725.55,4181.66,4290.78,0.0,165.82,,,,Y,,,轻工制造,家用轻工,家具,21.88,21.73,21.45
sh603313,梦百合,2021-07-16,22.16,22.85,22.03,22.19,22.01,4350682.0,97357049.0,10768785675.41,10796507642.41,353573032.63,384684375.40000004,3731554574.5599995,8364840325.65,4633285751.09,55268176.42,3674.79,3498.3,2276.64,1315.65,3733.23,4354.16,51.05,567.6,,,,Y,,,轻工制造,家用轻工,家具,22.55,22.7,22.54
sh603313,梦百合,2021-07-19,22.19,22.71,22.06,22.16,22.19,3644601.0,81263565.0,10754226704.24,10781911192.24,353573032.63,384684375.40000004,3731554574.5599995,8364840325.65,4633285751.09,55268176.42,2883.91,2746.85,1982.31,2025.21,2777.81,2527.51,100.28,444.75,,,,Y,,,轻工制造,家用轻工,家具,22.66,22.35,22.53
sh603313,梦百合,2021-07-20,21.85,22.17,21.42,21.54,22.16,4140999.0,89467218.0,10453341300.06,10480251222.06,353573032.63,384684375.40000004,3731554574.5599995,8364840325.65,4633285751.09,55268176.42,3067.16,3081.64,2064.17,2210.26,3138.65,2556.55,676.75,1098.28,,,,Y,,,轻工制造,家用轻工,家具,22.09,21.91,21.76
sh603313,梦百合,2021-07-21,21.42,21.97,20.62,20.91,21.54,7082140.0,149060599.0,10147602905.49,10173725768.49,353573032.63,384684375.40000004,3731554574.5599995,8364840325.65,4633285751.09,55268176.42,5201.16,4931.86,3233.36,4506.15,5744.6,4494.89,726.95,973.16,,,,Y,,,轻工制造,家用轻工,家具,21.56,21.67,21.46
sh603313,梦百合,2021-07-22,20.89,20.91,19.2,19.47,20.91,10730459.0,212176510.0,9448772289.33,9473096160.33,353573032.63,384684375.40000004,3731554574.5599995,8364840325.65,4633285751.09,55268176.42,7150.18,8263.66,3571.67,4309.25,10051.85,7575.62,443.95,1069.13,,,,Y,,,轻工制造,家用轻工,家具,20.44,19.98,19.8
sh603313,梦百合,2021-07-23,19.2,19.2,18.12,18.24,19.47,12676470.0,233068165.0,8851854471.36,8874641703.36,353573032.63,384684375.40000004,3731554574.5599995,8364840325.65,4633285751.09,55268176.42,7357.42,8068.82,5595.35,5688.44,9723.12,8069.6,630.93,1479.96,,,,Y,,,轻工制造,家用轻工,家具,18.97,18.43,18.3
sh603313,梦百合,2021-07-26,18.0,18.78,17.88,18.12,18.24,7102444.0,129552931.0,8793618586.68,8816255902.68,353573032.63,384684375.40000004,3731554574.5599995,8364840325.65,4633285751.09,55268176.42,4047.1,4021.49,3489.27,2683.27,4657.2,6030.62,761.72,219.92,,,,Y,,,轻工制造,家用轻工,家具,18.21,18.26,18.23
sh603313,梦百合,2021-07-27,18.0,18.55,17.93,18.12,18.12,4628738.0,84647756.0,8793618586.68,8816255902.68,353573032.63,384684375.40000004,3731554574.5599995,8364840325.65,4633285751.09,55268176.42,3253.79,2903.1,1607.32,1350.12,3587.84,4160.34,15.82,51.22,,,,Y,,,轻工制造,家用轻工,家具,18.25,18.11,18.18
sh603313,梦百合,2021-07-28,18.12,18.12,17.0,17.43,18.12,6005690.0,105340538.0,8458762249.77,8480537548.77,353573032.63,384684375.40000004,3731554574.5599995,8364840325.65,4633285751.09,55268176.42,3399.71,2651.11,1416.93,1770.56,5561.84,4931.06,155.76,1181.51,,,,Y,,,轻工制造,家用轻工,家具,17.88,17.28,17.73
sh603313,梦百合,2021-07-29,17.57,17.85,17.11,17.2,17.43,4280767.0,74299260.0,8347143470.8,8368631430.799998,353573032.63,384684375.40000004,3731554574.5599995,8364840325.65,4633285751.09,55268176.42,2050.96,1912.59,1128.95,1433.54,4250.01,3923.99,0.0,159.8,,,,Y,,,轻工制造,家用轻工,家具,17.64,17.51,17.47
sh603313,梦百合,2021-07-30,17.01,17.34,16.63,16.97,17.2,5880715.0,99503970.0,8235524691.83,8256725312.83,353573032.63,384684375.40000004,3731554574.5599995,8364840325.65,4633285751.09,55268176.42,2578.82,3589.31,1487.75,1745.89,5752.93,4179.3,130.9,435.9,,,,Y,,,轻工制造,家居用品,成品家居,17.21,17.08,16.99
sh603313,梦百合,2021-08-02,16.87,17.71,16.69,17.52,16.97,5063162.0,87179919.0,8502439163.280002,8524326899.28,353573032.63,384684375.40000004,3731554574.5599995,8364840325.65,4633285751.09,55268176.42,2283.44,2988.3,1884.32,1026.81,4550.22,4446.78,0.0,256.11,,,,Y,,,轻工制造,家居用品,成品家居,16.98,16.9,16.84
sh603313,梦百合,2021-08-03,17.45,17.81,17.36,17.48,17.52,3338145.0,58609202.0,8483027201.72,8504864965.719998,353573032.63,384684375.40000004,3731554574.5599995,8364840325.65,4633285751.09,55268176.42,1606.27,1601.79,1004.69,709.17,3249.96,3549.95,0.0,0.0,,,,Y,,,轻工制造,家居用品,成品家居,17.6,17.56,17.47
sh603313,梦百合,2021-08-04,17.41,17.61,17.14,17.23,17.48,3818439.0,66027067.0,8361702441.97,8383227880.97,353573032.63,384684375.40000004,3731554574.5599995,8364840325.65,4633285751.09,55268176.42,2188.61,2338.72,1008.8,1267.08,3178.85,2601.6,226.45,395.31,,,,Y,,,轻工制造,家居用品,成品家居,17.35,17.4,17.29
sh603313,梦百合,2021-08-05,17.19,17.29,16.7,16.71,17.23,3770001.0,63830480.0,8109346941.6900015,8130222744.6900015,353573032.63,384684375.40000004,3731554574.5599995,8364840325.65,4633285751.09,55268176.42,1868.63,2129.4,1091.36,1325.67,3423.06,2725.0,0.0,202.98,,,,Y,,,轻工制造,家居用品,成品家居,17.05,17.24,17.13
sh603313,梦百合,2021-08-06,16.7,16.78,16.03,16.09,16.71,6654958.0,107763616.0,7808461537.509998,7828562774.509998,353573032.63,384684375.40000004,3731554574.5599995,8364840325.65,4633285751.09,55268176.42,3196.07,4507.04,1710.36,2119.18,5783.81,3911.42,86.13,238.72,,,,Y,,,轻工制造,家居用品,成品家居,16.43,16.15,16.08
sh603313,梦百合,2021-08-09,16.04,17.7,15.97,17.7,16.09,7556458.0,130041280.0,8589792990.3,8611905600.300001,353573032.63,384684375.40000004,3731554574.5599995,8364840325.65,4633285751.09,55268176.42,3469.6,4467.48,2827.71,1979.15,4132.87,5807.47,2573.94,750.02,,,,Y,,,轻工制造,家居用品,成品家居,16.3,16.48,16.63
sh603313,梦百合,2021-08-10,17.9,18.63,17.7,18.29,17.7,10144860.0,184612211.0,8876119423.31,8898969120.31,353573032.63,384684375.40000004,3731554574.5599995,8364840325.65,4633285751.09,55268176.42,6802.01,5608.42,3042.07,3161.33,7752.13,9239.06,865.02,452.41,,,,Y,,,轻工制造,家居用品,成品家居,18.03,18.52,18.02
sh603313,梦百合,2021-08-11,18.21,18.44,17.8,18.28,18.29,4858889.0,88173032.0,8871266432.92,8894103636.92,353573032.63,384684375.40000004,3731554574.5599995,8364840325.65,4633285751.09,55268176.42,3173.96,3231.61,902.7,1127.42,4528.25,4156.48,212.38,301.79,,,,Y,,,轻工制造,家居用品,成品家居,17.94,18.35,18.2
sh603313,梦百合,2021-08-12,17.99,18.5,17.99,18.12,18.28,3608781.0,65588371.0,8793618586.68,8816255902.68,353573032.63,384684375.40000004,3731554574.5599995,8364840325.65,4633285751.09,55268176.42,2315.14,2423.48,1301.75,879.81,2941.95,3255.55,0.0,0.0,,,,Y,,,轻工制造,家居用品,成品家居,18.37,18.23,18.23
sh603313,梦百合,2021-08-13,17.92,18.2,17.63,18.03,18.12,4713443.0,84416367.0,8749941673.17,8772466552.17,353573032.63,384684375.40000004,3731554574.5599995,8364840325.65,4633285751.09,55268176.42,2048.16,3056.41,897.41,959.16,5316.06,4190.79,180.0,235.27,,,,Y,,,轻工制造,家居用品,成品家居,17.88,17.82,17.75
sh603313,梦百合,2021-08-16,18.08,18.1,17.66,17.99,18.03,3588407.0,64168032.0,8730529711.609999,8753004618.61,353573032.63,384684375.40000004,3731554574.5599995,8364840325.65,4633285751.09,55268176.42,1845.12,1483.27,1039.5,638.4,3232.67,4295.13,299.52,0.0,,,,Y,,,轻工制造,家居用品,成品家居,17.82,17.83,17.73
sh603313,梦百合,2021-08-17,17.99,18.39,17.44,17.51,17.99,4816862.0,85943617.0,8497586172.889998,8519461415.89,353573032.63,384684375.40000004,3731554574.5599995,8364840325.65,4633285751.09,55268176.42,3074.04,1723.69,1213.49,617.22,4213.8,5970.01,93.03,283.45,,,,Y,,,轻工制造,家居用品,成品家居,17.75,17.9,18.38
sh603313,梦百合,2021-08-18,17.51,17.69,16.65,16.91,17.51,7376695.0,124717552.0,8206406749.49,8227532412.49,353573032.63,384684375.40000004,3731554574.5599995,8364840325.65,4633285751.09,55268176.42,3522.31,3463.71,2051.05,2695.35,6659.99,5088.64,238.4,1224.05,,,,Y,,,轻工制造,家居用品,成品家居,17.57,17.13,17.06
sh603313,梦百合,2021-08-19,17.07,17.78,16.71,16.89,16.91,8319641.0,143269043.0,8196700768.71,8217801445.71,353573032.63,384684375.40000004,3731554574.5599995,8364840325.65,4633285751.09,55268176.42,4987.31,4126.62,2329.36,4639.81,6897.16,5560.47,113.07,0.0,,,,Y,,,轻工制造,家居用品,成品家居,17.51,17.48,17.39
sh603313,梦百合,2021-08-20,16.89,17.11,16.27,16.59,16.89,4911417.0,81122546.0,8051111057.009998,8071836944.01,353573032.63,384684375.40000004,3731554574.5599995,8364840325.65,4633285751.09,55268176.42,2549.77,2432.56,1018.41,1135.13,4544.08,4211.53,0.0,333.03,,,,Y,,,轻工制造,家居用品,成品家居,16.58,16.62,16.73
sh603313,梦百合,2021-08-23,16.62,17.06,16.47,16.91,16.59,3310113.0,55759972.0,8206406749.49,8227532412.49,353573032.63,384684375.40000004,3731554574.5599995,8364840325.65,4633285751.09,55268176.42,1835.34,1678.15,682.96,673.48,3036.33,3071.67,21.37,152.7,,,,Y,,,轻工制造,家居用品,成品家居,16.51,16.71,16.77
sh603313,梦百合,2021-08-24,16.94,17.25,16.86,16.93,16.91,3038726.0,51681567.0,8216112730.27,8237263379.27,353573032.63,384684375.40000004,3731554574.5599995,8364840325.65,4633285751.09,55268176.42,2101.34,1606.87,393.17,472.04,2673.65,2964.95,0.0,124.29,,,,Y,,,轻工制造,家居用品,成品家居,16.95,17.12,17.17
sh603313,梦百合,2021-08-25,16.93,17.2,16.69,17.01,16.93,2510730.0,42666066.0,8254936653.39,8276187246.39,353573032.63,384684375.40000004,3731554574.5599995,8364840325.65,4633285751.09,55268176.42,1658.59,1521.76,458.57,550.76,2149.44,2181.97,0.0,12.13,,,,Y,,,轻工制造,家居用品,成品家居,16.7,17.03,16.87
sh603313,梦百合,2021-08-26,17.02,17.3,16.7,16.8,17.01,3570700.0,60514296.0,8153023855.2,8174012095.200002,353573032.63,384684375.40000004,3731554574.5599995,8364840325.65,4633285751.09,55268176.42,2655.09,1794.48,331.34,500.59,3065.0,3756.37,0.0,0.0,,,,Y,,,轻工制造,家居用品,成品家居,17.05,17.09,17.06
sh603313,梦百合,2021-08-27,16.77,16.79,16.36,16.43,16.8,3374690.0,55682545.0,7973463210.77,7993989209.77,353573032.63,384684375.40000004,3731554574.5599995,8364840325.65,4633285751.09,55268176.42,1989.61,1691.23,600.39,1553.33,2978.25,2323.69,0.0,0.0,,,,Y,,,轻工制造,家居用品,成品家居,16.76,16.61,16.43
sh603313,梦百合,2021-08-30,15.4,16.81,15.04,16.22,16.43,6656207.0,107336121.0,7871550412.58,7891814058.580002,232615770.56,47671025.29000002,3513152935.33,8494775600.03,4981622664.7,-46452495.95,3738.94,3649.61,872.16,1056.83,5979.43,5823.06,143.08,204.11,,,,Y,,,轻工制造,家居用品,成品家居,15.85,15.99,16.05
sh603313,梦百合,2021-08-31,16.16,16.88,16.05,16.12,16.22,4300462.0,70183257.0,7823020508.68,7843159224.679998,232615770.56,47671025.29000002,3513152935.33,8494775600.03,4981622664.7,-46452495.95,2213.37,1730.38,932.7,361.8,3872.27,4926.14,0.0,0.0,,,,Y,,,轻工制造,家居用品,成品家居,16.15,16.45,16.74
sh603313,梦百合,2021-09-01,16.15,16.27,15.55,15.88,16.12,4630255.0,73357231.0,7706548739.32,7726387623.32,232615770.56,47671025.29000002,3513152935.33,8494775600.03,4981622664.7,-46452495.95,2685.51,3548.83,962.25,927.12,3687.96,2859.77,0.0,0.0,,,,Y,,,轻工制造,家居用品,成品家居,15.85,15.8,15.78
sh603313,梦百合,2021-09-02,15.8,15.99,15.64,15.72,15.88,3518788.0,55546227.0,7628900893.080002,7648539889.080002,232615770.56,47671025.29000002,3513152935.33,8494775600.03,4981622664.7,-46452495.95,1709.98,2380.94,1137.02,670.82,2707.62,2501.47,0.0,1.4,,,,Y,,,轻工制造,家居用品,成品家居,15.9,15.83,15.82
sh603313,梦百合,2021-09-03,15.1,15.78,15.03,15.6,15.72,4156872.0,64381620.0,7570665008.4,7590154088.400002,232615770.56,47671025.29000002,3513152935.33,8494775600.03,4981622664.7,-46452495.95,2095.76,2189.13,887.77,1190.61,3454.63,2766.8,0.0,291.62,,,,Y,,,轻工制造,家居用品,成品家居,15.36,15.53,15.47
sh603313,梦百合,2021-09-06,15.4,15.56,14.99,15.17,15.6,6667280.0,101102485.0,7361986421.629998,7380938302.63,232615770.56,47671025.29000002,3513152935.33,8494775600.03,4981622664.7,-46452495.95,3916.33,4110.31,954.86,1628.55,5239.05,4054.26,0.0,317.14,,,,Y,,,轻工制造,家居用品,成品家居,15.22,15.4,15.39
sh603313,梦百合,2021-09-07,15.07,16.69,15.03,16.69,15.17,9156356.0,146003862.0,8099640960.91,8120491777.91,232615770.56,47671025.29000002,3513152935.33,8494775600.03,4981622664.7,-46452495.95,4042.92,5136.04,1930.21,2420.96,7034.61,6609.99,1592.65,433.4,,,,Y,,,轻工制造,家居用品,成品家居,15.34,15.45,15.47
sh603313,梦百合,2021-09-08,16.88,16.98,16.18,16.4,16.69,7480013.0,123644599.0,7958904239.6,7979392759.6,232615770.56,47671025.29000002,3513152935.33,8494775600.03,4981622664.7,-46452495.95,4477.87,3577.03,1169.41,968.89,6606.4,7467.39,110.77,351.15,,,,Y,,,轻工制造,家居用品,成品家居,16.53,16.52,16.67
sh603313,梦百合,2021-09-09,16.39,16.53,15.9,16.16,16.4,3855343.0,62043977.0,7842432470.240002,7862621158.24,232615770.56,47671025.29000002,3513152935.33,8494775600.03,4981622664.7,-46452495.95,1982.17,1950.9,520.41,569.45,3672.15,3654.39,0.0,0.0,,,,Y,,,轻工制造,家居用品,成品家居,16.19,16.23,16.17
sh603313,梦百合,2021-09-10,16.16,16.33,15.89,15.9,16.16,4131006.0,66211890.0,7716254720.1,7736118590.1,232615770.56,47671025.29000002,3513152935.33,8494775600.03,4981622664.7,-46452495.95,2061.5,1943.6,858.83,619.76,2783.02,3307.53,917.84,750.3,,,,Y,,,轻工制造,家居用品,成品家居,16.29,16.17,16.07
sh603313,梦百合,2021-09-13,15.74,15.78,15.3,15.52,15.9,5415726.0,83966431.0,7531841085.28,7551230221.280002,232615770.56,47671025.29000002,3513152935.33,8494775600.03,4981622664.7,-46452495.95,2994.78,3383.71,712.19,855.08,4689.67,3557.2,0.0,600.65,,,,Y,,,轻工制造,家居用品,成品家居,15.67,15.67,15.57
sh603313,梦百合,2021-09-14,15.55,15.88,15.05,15.23,15.52,5542212.0,84772007.0,7391104363.97,7410131202.97,232615770.56,47671025.29000002,3513152935.33,8494775600.03,4981622664.7,-46452495.95,2810.72,2846.36,1317.85,818.61,4348.64,4812.23,0.0,0.0,,,,Y,,,轻工制造,家居用品,成品家居,15.84,15.52,15.43
sh603313,梦百合,2021-09-15,15.21,15.25,14.57,15.04,15.23,6924279.0,102977317.0,7298897546.5599985,7317687018.56,232615770.56,47671025.29000002,3513152935.33,8494775600.03,4981622664.7,-46452495.95,3909.99,4193.75,1447.44,1247.08,4911.87,4856.9,28.43,0.0,,,,Y,,,轻工制造,家居用品,成品家居,14.91,15.01,14.95
sh603313,梦百合,2021-09-16,14.9,15.02,14.68,14.86,15.04,3601355.0,53445713.0,7211543719.54,7230108317.54,232615770.56,47671025.29000002,3513152935.33,8494775600.03,4981622664.7,-46452495.95,1643.17,1907.15,746.8,632.53,2954.61,2804.89,0.0,0.0,,,,Y,,,轻工制造,家居用品,成品家居,14.93,14.94,14.88
sh603313,梦百合,2021-09-17,14.86,14.97,14.13,14.58,14.86,6318037.0,91512978.0,7075659988.62,7093874782.62,232615770.56,47671025.29000002,3513152935.33,8494775600.03,4981622664.7,-46452495.95,3458.09,3670.33,1346.23,852.65,4068.04,4628.32,278.94,0.0,,,,Y,,,轻工制造,家居用品,成品家居,14.81,14.71,14.72
sh603313,梦百合,2021-09-22,14.34,14.58,14.1,14.22,14.58,3972951.0,56574610.0,6900952334.58,6918717380.58,232615770.56,47671025.29000002,3513152935.33,8494775600.03,4981622664.7,-46452495.95,1888.5,1698.84,241.78,353.96,3241.03,3357.99,286.15,246.67,,,,Y,,,轻工制造,家居用品,成品家居,14.27,14.35,14.26
sh603313,梦百合,2021-09-23,14.26,14.69,14.2,14.25,14.22,4711216.0,67842628.0,6915511305.75,6933313830.75,232615770.56,47671025.29000002,3513152935.33,8494775600.03,4981622664.7,-46452495.95,2499.55,2486.53,833.76,1760.28,3451.82,2352.74,0.0,185.57,,,,Y,,,轻工制造,家居用品,成品家居,14.44,14.68,14.54
sh603313,梦百合,2021-09-24,14.35,14.8,14.02,14.48,14.25,4961829.0,71491475.0,7027130084.72,7045219948.719998,232615770.56,47671025.29000002,3513152935.33,8494775600.03,4981622664.7,-46452495.95,2404.66,2396.36,1340.82,632.47,3289.4,3720.18,114.27,400.14,,,,Y,,,轻工制造,家居用品,成品家居,14.2,14.1,14.06
sh603313,梦百合,2021-09-27,14.73,15.4,14.3,14.82,14.48,7299083.0,108628140.0,7192131757.98,7210646383.98,232615770.56,47671025.29000002,3513152935.33,8494775600.03,4981622664.7,-46452495.95,3977.28,3777.62,2488.9,1625.28,4065.25,5274.87,331.38,185.04,,,,Y,,,轻工制造,家居用品,成品家居,14.35,14.52,14.68
sh603313,梦百合,2021-09-28,14.82,15.38,14.56,15.23,14.82,5876230.0,88511449.0,7391104363.97,7410131202.97,232615770.56,47671025.29000002,3513152935.33,8494775600.03,4981622664.7,-46452495.95,3657.97,3496.04,1132.08,993.67,3479.9,3968.27,581.19,393.17,,,,Y,,,轻工制造,家居用品,成品家居,14.61,14.69,14.63
sh603313,梦百合,2021-09-29,15.22,15.22,14.4,14.44,15.23,4497225.0,66104780.0,7007718123.16,7025758015.16,232615770.56,47671025.29000002,3513152935.33,8494775600.03,4981622664.7,-46452495.95,2441.67,2361.18,1180.24,1540.48,2958.24,2708.82,30.33,0.0,,,,Y,,,轻工制造,家居用品,成品家居,14.86,14.79,14.7
sh603313,梦百合,2021-09-30,14.44,14.7,14.13,14.15,14.44,4381558.0,62936385.0,6866981401.85,6884658996.849999,232615770.56,47671025.29000002,3513152935.33,8494775600.03,4981622664.7,-46452495.95,2435.79,1994.53,821.72,1893.46,2891.73,1719.8,144.4,685.86,,,,Y,,,轻工制造,家居用品,成品家居,14.61,14.67,14.61
sh603313,梦百合,2021-10-08,14.33,15.57,14.23,15.57,14.15,11196150.0,167754299.0,7556106037.23,7575557638.23,232615770.56,47671025.29000002,3513152935.33,8494775600.03,4981622664.7,-46452495.95,4226.25,5174.52,4169.32,3807.1,4998.33,5426.77,3381.54,2367.05,,,,Y,,,轻工制造,家居用品,成品家居,14.26,14.4,14.28
sh603313,梦百合,2021-10-11,15.49,16.32,15.3,16.15,15.57,14488200.0,229629200.0,7837579479.849998,7857755674.85,232615770.56,47671025.29000002,3513152935.33,8494775600.03,4981622664.7,-46452495.95,8250.86,8732.96,5255.18,5162.4,8100.9,8240.47,1355.98,827.09,,,,Y,,,轻工制造,家居用品,成品家居,15.77,15.73,15.98
sh603313,梦百合,2021-10-12,15.9,16.37,15.69,16.12,16.15,7172207.0,114792430.0,7823020508.68,7843159224.679998,232615770.56,47671025.29000002,3513152935.33,8494775600.03,4981622664.7,-46452495.95,3831.57,3552.6,1881.89,2016.63,5703.85,5525.77,61.94,384.23,,,,Y,,,轻工制造,家居用品,成品家居,15.8,15.91,15.9
sh603313,梦百合,2021-10-13,16.04,16.59,16.04,16.4,16.12,6017749.0,98288868.0,7958904239.6,7979392759.6,232615770.56,47671025.29000002,3513152935.33,8494775600.03,4981622664.7,-46452495.95,3948.35,3585.86,1358.95,1380.64,4451.07,4716.48,70.52,145.91,,,,Y,,,轻工制造,家居用品,成品家居,16.25,16.28,16.19
sh603313,梦百合,2021-10-14,16.4,16.66,15.9,16.05,16.4,5366403.0,87145210.0,7789049575.950002,7809100840.950002,232615770.56,47671025.29000002,3513152935.33,8494775600.03,4981622664.7,-46452495.95,3196.97,3005.05,1212.75,1279.29,4053.93,3765.31,250.87,664.87,,,,Y,,,轻工制造,家居用品,成品家居,16.3,16.28,16.45
sh603313,梦百合,2021-10-15,16.04,16.75,15.86,16.24,16.05,5084753.0,83292904.0,7881256393.36,7901545025.36,232615770.56,47671025.29000002,3513152935.33,8494775600.03,4981622664.7,-46452495.95,2746.36,2849.84,1300.18,1235.54,3793.31,4013.24,489.44,230.68,,,,Y,,,轻工制造,家居用品,成品家居,16.0,16.28,16.31
sh603313,梦百合,2021-10-18,16.34,16.48,15.71,15.97,16.24,4080383.0,65120161.0,7750225652.83,7770176973.830002,232615770.56,47671025.29000002,3513152935.33,8494775600.03,4981622664.7,-46452495.95,1643.67,2309.53,618.6,1073.38,3941.79,2977.42,237.16,80.9,,,,Y,,,轻工制造,家居用品,成品家居,16.01,15.92,16.0
sh603313,梦百合,2021-10-19,15.95,16.12,15.74,15.96,15.97,3097868.0,49261397.0,7745372662.4400015,7765311490.44,232615770.56,47671025.29000002,3513152935.33,8494775600.03,4981622664.7,-46452495.95,1730.39,1995.03,526.82,374.39,2668.93,2556.72,0.0,0.0,,,,Y,,,轻工制造,家居用品,成品家居,15.78,16.03,16.1
sh603313,梦百合,2021-10-20,15.83,16.08,15.71,15.96,15.96,2156750.0,34218006.0,7745372662.4400015,7765311490.44,232615770.56,47671025.29000002,3513152935.33,8494775600.03,4981622664.7,-46452495.95,1279.44,1166.21,505.77,465.8,1636.59,1789.8,0.0,0.0,,,,Y,,,轻工制造,家居用品,成品家居,15.92,15.82,15.77
sh603313,梦百合,2021-10-21,15.96,17.56,15.95,17.09,15.96,18156005.0,314237143.0,8293760576.51,8315111113.51,232615770.56,47671025.29000002,3513152935.33,8494775600.03,4981622664.7,-46452495.95,8531.96,9751.59,7065.31,6382.48,7599.07,9118.63,8227.38,6171.01,,,,Y,,,轻工制造,家居用品,成品家居,16.17,16.31,16.76
sh603313,梦百合,2021-10-22,17.12,18.14,16.83,18.14,17.09,18778824.0,327645018.0,8803324567.46,8825986869.46,232615770.56,47671025.29000002,3513152935.33,8494775600.03,4981622664.7,-46452495.95,10688.42,12250.49,7108.26,6967.27,13234.74,11210.67,1733.09,2336.06,,,,Y,,,轻工制造,家居用品,成品家居,17.26,17.24,17.28
sh603313,梦百合,2021-10-25,17.5,18.13,17.24,17.95,18.14,12395629.0,219847912.0,8711117750.05,8733542685.050001,232615770.56,47671025.29000002,3513152935.33,8494775600.03,4981622664.7,-46452495.95,7807.36,7847.88,3766.77,3943.67,9057.72,9477.98,1352.94,715.26,,,,Y,,,轻工制造,家居用品,成品家居,17.46,17.46,17.42
sh603313,梦百合,2021-10-26,17.93,17.95,17.05,17.12,17.95,9721423.0,168523986.0,8308319547.68,8329707563.679998,232615770.56,47671025.29000002,3513152935.33,8494775600.03,4981622664.7,-46452495.95,4929.37,4986.85,2083.92,3955.08,8289.93,6384.5,1549.17,1525.97,,,,Y,,,轻工制造,家居用品,成品家居,17.76,17.6,17.58
sh603313,梦百合,2021-10-27,16.95,17.1,16.4,16.66,17.12,6915356.0,114885564.0,8085081989.74,8105895327.74,232615770.56,47671025.29000002,3513152935.33,8494775600.03,4981622664.7,-46452495.95,3724.35,4179.1,2891.82,2211.57,4798.47,4974.24,73.91,123.65,,,,Y,,,轻工制造,家居用品,成品家居,16.61,16.51,16.68
sh603313,梦百合,2021-10-28,16.13,16.28,14.99,15.2,16.66,14768069.0,224404201.0,7376545392.8,7395534752.8,232615770.56,47671025.29000002,3513152935.33,8494775600.03,4981622664.7,-46452495.95,7306.84,6682.13,4696.8,6382.3,9466.45,6268.79,970.33,3107.2,,,,Y,,,轻工制造,家居用品,成品家居,16.13,15.67,14.99
sh603313,梦百合,2021-10-29,15.0,15.65,14.66,15.34,15.2,8356135.0,126857901.0,7444487258.26,7463651520.259998,232615770.56,47671025.29000002,3513152935.33,8494775600.03,4981622664.7,-46452495.95,4662.53,4619.9,1988.09,2635.84,5680.17,4967.31,354.99,462.74,,,,Y,,,轻工制造,家居用品,成品家居,15.13,14.99,14.71
sh603313,梦百合,2021-11-01,14.58,16.04,14.46,15.53,15.34,8990129.0,137772802.0,7536694075.67,7556095704.67,-147082523.17000005,-341580779.9799999,3283269659.200001,8599226831.6,5315957172.4,-188925955.63,4146.65,5157.18,2809.89,2736.76,6653.51,5169.31,167.23,714.04,,,,Y,,,轻工制造,家居用品,成品家居,15.1,15.04,15.33
sh603313,梦百合,2021-11-02,15.48,15.95,15.05,15.26,15.53,6885244.0,106070986.0,7405663335.14,7424727653.139998,-147082523.17000005,-341580779.9799999,3283269659.200001,8599226831.6,5315957172.4,-188925955.63,3853.71,3621.76,1504.96,1926.26,4888.76,4801.79,359.67,257.29,,,,Y,,,轻工制造,家居用品,成品家居,15.92,15.73,15.52
sh603313,梦百合,2021-11-03,15.31,15.43,15.05,15.33,15.26,3376770.0,51352322.0,7439634267.87,7458786036.87,-147082523.17000005,-341580779.9799999,3283269659.200001,8599226831.6,5315957172.4,-188925955.63,1611.83,1549.67,845.14,701.38,2678.26,2884.19,0.0,0.0,,,,Y,,,轻工制造,家居用品,成品家居,15.3,15.26,15.41
sh603313,梦百合,2021-11-04,15.34,16.2,15.16,16.08,15.33,6935023.0,109397563.0,7803608547.12,7823697291.12,-147082523.17000005,-341580779.9799999,3283269659.200001,8599226831.6,5315957172.4,-188925955.63,3977.08,3697.46,1803.97,1754.81,4791.5,5487.49,367.21,0.0,,,,Y,,,轻工制造,家居用品,成品家居,15.37,15.28,15.21
sh603313,梦百合,2021-11-05,16.2,17.69,16.0,17.38,16.08,19425671.0,337143584.0,8434497297.82,8456210131.820002,-147082523.17000005,-341580779.9799999,3283269659.200001,8599226831.6,5315957172.4,-188925955.63,7883.19,10343.11,6626.57,7040.47,12587.68,11409.44,6616.91,4921.33,,,,Y,,,轻工制造,家居用品,成品家居,16.35,16.2,16.59
sh603313,梦百合,2021-11-08,17.37,18.2,17.1,17.78,17.38,16265442.0,288673158.0,8628616913.42,8650829467.42,-147082523.17000005,-341580779.9799999,3283269659.200001,8599226831.6,5315957172.4,-188925955.63,9066.57,11093.28,4422.25,6210.75,13582.11,10195.43,1796.38,1367.85,,,,Y,,,轻工制造,家居用品,成品家居,17.4,17.33,17.55
sh603313,梦百合,2021-11-09,17.78,17.92,17.14,17.25,17.78,8679626.0,151096507.0,8371408422.749998,8392958847.75,-147082523.17000005,-341580779.9799999,3283269659.200001,8599226831.6,5315957172.4,-188925955.63,4539.47,3838.5,1574.22,1830.7,8360.62,7576.63,635.34,1863.82,,,,Y,,,轻工制造,家居用品,成品家居,17.75,17.58,17.49
sh603313,梦百合,2021-11-10,17.44,17.5,16.8,17.44,17.25,6639360.0,114217842.0,8463615240.16,8485403032.16,-147082523.17000005,-341580779.9799999,3283269659.200001,8599226831.6,5315957172.4,-188925955.63,3971.92,2878.59,1744.64,1440.21,5705.22,7094.16,0.0,8.82,,,,Y,,,轻工制造,家居用品,成品家居,17.22,17.15,17.25
sh603313,梦百合,2021-11-11,17.39,17.92,16.85,17.14,17.44,9676082.0,166815639.0,8318025528.459998,8339438530.46,-147082523.17000005,-341580779.9799999,3283269659.200001,8599226831.6,5315957172.4,-188925955.63,5343.13,5258.81,2997.67,2909.17,7976.87,6112.36,363.9,2401.22,,,,Y,,,轻工制造,家居用品,成品家居,17.48,17.85,17.52
sh603313,梦百合,2021-11-12,17.44,17.66,16.6,16.76,17.14,8106416.0,137029484.0,8133611893.64,8154550161.64,-147082523.17000005,-341580779.9799999,3283269659.200001,8599226831.6,5315957172.4,-188925955.63,5076.4,5587.19,2460.0,1842.87,6052.29,5984.17,114.26,288.73,,,,Y,,,轻工制造,家居用品,成品家居,17.25,17.19,17.12
sh603313,梦百合,2021-11-15,16.86,17.76,16.69,17.09,16.76,8781523.0,151795669.0,8293760576.51,8315111113.51,-147082523.17000005,-341580779.9799999,3283269659.200001,8599226831.6,5315957172.4,-188925955.63,6095.17,6263.59,1630.77,2181.62,7140.89,6652.51,312.75,81.84,,,,Y,,,轻工制造,家居用品,成品家居,16.78,16.86,17.3
sh603313,梦百合,2021-11-16,17.05,18.8,17.03,18.55,17.09,29495755.0,546426896.0,9002297173.45,9025471688.45,-147082523.17000005,-341580779.9799999,3283269659.200001,8599226831.6,5315957172.4,-188925955.63,17078.8,16327.99,15741.84,11161.67,14635.56,17392.38,7186.49,9760.66,,,,Y,,,轻工制造,家居用品,成品家居,17.58,18.09,18.59
sh603313,梦百合,2021-11-17,18.28,19.59,17.88,18.86,18.55,23539475.0,440445468.0,9152739875.54,9176301673.54,-147082523.17000005,-341580779.9799999,3283269659.200001,8599226831.6,5315957172.4,-188925955.63,16600.79,17298.12,7736.73,10052.79,18819.79,15518.69,887.23,1174.95,,,,Y,,,轻工制造,家居用品,成品家居,18.12,18.29,18.73
sh603313,梦百合,2021-11-18,18.78,18.78,17.47,17.6,18.86,17119715.0,308337241.0,8541263086.4,8563250766.4,-147082523.17000005,-341580779.9799999,3283269659.200001,8599226831.6,5315957172.4,-188925955.63,10344.97,8886.17,6721.86,9706.74,13102.77,11063.77,664.12,1177.04,,,,Y,,,轻工制造,家居用品,成品家居,18.42,18.51,18.0
sh603313,梦百合,2021-11-19,17.57,18.39,17.3,18.25,17.6,9473256.0,169808588.0,8856707461.75,8879507186.75,-147082523.17000005,-341580779.9799999,3283269659.200001,8599226831.6,5315957172.4,-188925955.63,5649.08,6305.97,3220.62,1544.87,7450.22,8893.04,660.94,236.98,,,,Y,,,轻工制造,家居用品,成品家居,17.63,17.58,17.47
sh603313,梦百合,2021-11-22,18.24,18.3,17.39,18.26,18.25,9682573.0,172988117.0,8861560452.140001,8884372670.14,-147082523.17000005,-341580779.9799999,3283269659.200001,8599226831.6,5315957172.4,-188925955.63,6460.05,5724.74,2279.63,2840.68,8499.83,8592.0,59.31,141.39,,,,Y,,,轻工制造,家居用品,成品家居,18.04,17.92,17.7
sh603313,梦百合,2021-11-23,18.37,19.3,18.1,18.76,18.26,11737583.0,221129936.0,9104209971.64,9127646839.64,-147082523.17000005,-341580779.9799999,3283269659.200001,8599226831.6,5315957172.4,-188925955.63,7937.63,8639.26,2271.17,3421.01,11789.54,9526.71,114.66,526.01,,,,Y,,,轻工制造,家居用品,成品家居,18.78,18.94,18.96
sh603313,梦百合,2021-11-24,18.76,18.85,17.98,18.05,18.76,10301125.0,187570622.0,8759647653.95,8782197518.95,-147082523.17000005,-341580779.9799999,3283269659.200001,8599226831.6,5315957172.4,-188925955.63,6491.87,7753.49,2248.99,5028.84,9848.75,5156.48,167.45,818.25,,,,Y,,,轻工制造,家居用品,成品家居,18.47,18.28,18.18
sh603313,梦百合,2021-11-25,17.98,18.58,17.9,18.38,18.05,5461882.0,100054961.0,8919796336.82,8942758470.82,-147082523.17000005,-341580779.9799999,3283269659.200001,8599226831.6,5315957172.4,-188925955.63,3387.27,3119.82,2148.08,1804.44,4319.5,4575.48,150.64,505.75,,,,Y,,,轻工制造,家居用品,成品家居,18.05,18.38,18.25
sh603313,梦百合,2021-11-26,18.25,18.6,17.9,18.16,18.38,3609716.0,65501924.0,8813030548.24,8835717836.24,-147082523.17000005,-341580779.9799999,3283269659.200001,8599226831.6,5315957172.4,-188925955.63,2454.37,2092.88,948.82,590.55,3147.0,3721.71,0.0,145.06,,,,Y,,,轻工制造,家居用品,成品家居,18.08,18.04,18.02
sh603313,梦百合,2021-11-29,17.9,17.99,16.9,17.62,18.16,10325117.0,178939803.0,8550969067.179998,8572981733.18,-147082523.17000005,-341580779.9799999,3283269659.200001,8599226831.6,5315957172.4,-188925955.63,6272.51,5282.91,3330.71,3542.44,8290.76,7810.06,0.0,1258.57,,,,Y,,,轻工制造,家居用品,成品家居,17.46,17.39,17.21
sh603313,梦百合,2021-11-30,17.5,17.7,17.0,17.16,17.62,7590844.0,131297875.0,8327731509.24,8349169497.24,-147082523.17000005,-341580779.9799999,3283269659.200001,8599226831.6,5315957172.4,-188925955.63,4716.87,5040.36,2930.61,2522.7,5482.3,4938.19,0.0,628.53,,,,Y,,,轻工制造,家居用品,成品家居,17.46,17.48,17.35
sh603313,梦百合,2021-12-01,17.16,17.53,17.06,17.33,17.16,3821762.0,65987748.0,8410232345.87,8431882714.870002,-147082523.17000005,-341580779.9799999,3283269659.200001,8599226831.6,5315957172.4,-188925955.63,2005.29,2381.85,720.84,938.7,3751.34,3170.61,121.31,107.62,,,,Y,,,轻工制造,家居用品,成品家居,17.07,17.23,17.32
sh603313,梦百合,2021-12-02,17.2,17.29,16.73,16.8,17.33,6683118.0,112637064.0,8153023855.2,8174012095.200002,-147082523.17000005,-341580779.9799999,3283269659.200001,8599226831.6,5315957172.4,-188925955.63,3944.54,3309.2,2149.39,2211.1,5057.45,5184.73,112.32,558.68,,,,Y,,,轻工制造,家居用品,成品家居,16.99,16.82,16.9
sh603313,梦百合,2021-12-03,16.92,17.28,16.8,17.17,16.8,3902408.0,66391227.0,8332584499.63,8354034980.63,-147082523.17000005,-341580779.9799999,3283269659.200001,8599226831.6,5315957172.4,-188925955.63,2047.74,2673.2,1445.11,941.78,3011.83,3024.14,134.44,0.0,,,,Y,,,轻工制造,家居用品,成品家居,17.0,16.89,16.84
sh603313,梦百合,2021-12-06,17.36,17.53,16.88,16.94,17.17,4358457.0,74923783.0,8220965720.66,8242128862.66,-147082523.17000005,-341580779.9799999,3283269659.200001,8599226831.6,5315957172.4,-188925955.63,2500.13,2213.21,946.09,1160.74,3797.64,3882.22,248.52,236.2,,,,Y,,,轻工制造,家居用品,成品家居,17.46,17.25,17.34
sh603313,梦百合,2021-12-07,17.09,17.55,17.06,17.38,16.94,5058465.0,87341477.0,8434497297.82,8456210131.820002,-147082523.17000005,-341580779.9799999,3283269659.200001,8599226831.6,5315957172.4,-188925955.63,3031.42,3473.34,1278.52,1689.65,3731.61,3570.82,692.6,0.35,,,,Y,,,轻工制造,家居用品,成品家居,17.11,17.18,17.23
sh603313,梦百合,2021-12-08,17.37,18.16,17.02,18.14,17.38,7985697.0,141684769.0,8803324567.46,8825986869.46,-147082523.17000005,-341580779.9799999,3283269659.200001,8599226831.6,5315957172.4,-188925955.63,5697.87,5566.85,1646.45,1906.07,6685.04,6695.57,139.12,0.0,,,,Y,,,轻工制造,家居用品,成品家居,17.09,17.26,17.33
sh603313,梦百合,2021-12-09,18.6,19.28,18.2,18.32,18.14,13776734.0,257876358.0,8890678394.48,8913565570.48,-147082523.17000005,-341580779.9799999,3283269659.200001,8599226831.6,5315957172.4,-188925955.63,6564.45,9540.3,5180.51,5332.13,13599.42,9976.88,443.25,938.32,,,,Y,,,轻工制造,家居用品,成品家居,18.72,19.04,18.9
sh603313,梦百合,2021-12-10,18.38,19.1,18.11,18.13,18.32,7838563.0,145536051.0,8798471577.07,8821121386.07,-147082523.17000005,-341580779.9799999,3283269659.200001,8599226831.6,5315957172.4,-188925955.63,5271.99,4834.29,1923.5,2197.99,7165.46,7282.22,192.65,239.1,,,,Y,,,轻工制造,家居用品,成品家居,18.65,18.99,18.74
sh603313,梦百合,2021-12-13,18.16,18.38,17.81,17.9,18.13,7119036.0,128230050.0,8686852798.1,8709215268.1,-147082523.17000005,-341580779.9799999,3283269659.200001,8599226831.6,5315957172.4,-188925955.63,3819.17,3695.98,3002.33,2257.16,5384.54,6766.17,616.97,103.7,,,,Y,,,轻工制造,家居用品,成品家居,17.91,18.2,18.09
sh603313,梦百合,2021-12-14,17.95,17.95,17.6,17.69,17.9,3773544.0,66755828.0,8584939999.910002,8607040116.91,-147082523.17000005,-341580779.9799999,3283269659.200001,8599226831.6,5315957172.4,-188925955.63,2145.5,2118.19,1466.59,1281.74,3063.49,3275.65,0.0,0.0,,,,Y,,,轻工制造,家居用品,成品家居,17.72,17.74,17.68
sh603313,梦百合,2021-12-15,17.66,17.85,17.4,17.68,17.69,4105267.0,72257585.0,8580087009.519999,8602174633.52,-147082523.17000005,-341580779.9799999,3283269659.200001,8599226831.6,5315957172.4,-188925955.63,2478.98,2234.96,1686.41,1299.48,3060.37,3521.45,0.0,169.86,,,,Y,,,轻工制造,家居用品,成品家居,17.53,17.46,17.48
sh603313,梦百合,2021-12-16,17.66,17.9,17.52,17.8,17.68,3161241.0,56012647.0,8638322894.2,8660560434.2,-147082523.17000005,-341580779.9799999,3283269659.200001,8599226831.6,5315957172.4,-188925955.63,1977.1,1633.86,586.39,922.63,2728.36,2981.49,309.41,63.28,,,,Y,,,轻工制造,家居用品,成品家居,17.57,17.64,17.59
sh603313,梦百合,2021-12-17,17.82,17.82,17.13,17.37,17.8,4789704.0,83023238.0,8429644307.43,8451344648.43,-147082523.17000005,-341580779.9799999,3283269659.200001,8599226831.6,5315957172.4,-188925955.63,2762.0,2568.73,1101.76,903.85,4278.32,4829.74,160.24,0.0,,,,Y,,,轻工制造,家居用品,成品家居,17.63,17.46,17.34
sh603313,梦百合,2021-12-20,17.26,17.47,16.85,16.9,17.37,3681043.0,62838495.0,8201553759.099998,8222666929.099998,-147082523.17000005,-341580779.9799999,3283269659.200001,8599226831.6,5315957172.4,-188925955.63,2143.97,2038.21,790.29,1144.6,3086.31,2998.88,263.29,102.15,,,,Y,,,轻工制造,家居用品,成品家居,17.26,17.3,17.1
sh603313,梦百合,2021-12-21,16.87,17.5,16.86,17.39,16.9,3976304.0,68831616.0,8439350288.21,8461075615.21,-147082523.17000005,-341580779.9799999,3283269659.200001,8599226831.6,5315957172.4,-188925955.63,2580.88,2869.06,458.13,780.93,3775.84,3200.14,68.31,33.02,,,,Y,,,轻工制造,家居用品,成品家居,17.07,17.19,17.26
sh603313,梦百合,2021-12-22,17.34,17.51,17.06,17.2,17.39,3503082.0,60382291.0,8347143470.8,8368631430.799998,-147082523.17000005,-341580779.9799999,3283269659.200001,8599226831.6,5315957172.4,-188925955.63,1736.85,1989.53,761.77,695.98,3200.18,3327.3,339.44,25.43,,,,Y,,,轻工制造,家居用品,成品家居,17.44,17.3,17.29
sh603313,梦百合,2021-12-23,17.13,17.24,16.78,16.81,17.2,3804146.0,64347120.0,8157876845.589998,8178877578.59,-147082523.17000005,-341580779.9799999,3283269659.200001,8599226831.6,5315957172.4,-188925955.63,2184.66,1811.95,812.98,723.55,3357.56,3592.02,79.5,307.2,,,,Y,,,轻工制造,家居用品,成品家居,17.2,17.07,17.03
sh603313,梦百合,2021-12-24,16.8,16.87,16.16,16.28,16.81,4404461.0,72212503.0,7900668354.92,7921006958.92,-147082523.17000005,-341580779.9799999,3283269659.200001,8599226831.6,5315957172.4,-188925955.63,2509.98,2697.31,986.83,1080.93,3576.93,3443.01,147.51,0.0,,,,Y,,,轻工制造,家居用品,成品家居,16.36,16.52,16.45
sh603313,梦百合,2021-12-27,16.28,16.86,16.04,16.82,16.28,4560229.0,75336608.0,8162729835.98,8183743061.98,-147082523.17000005,-341580779.9799999,3283269659.200001,8599226831.6,5315957172.4,-188925955.63,2545.6,2969.44,1542.56,1168.18,3418.14,3129.41,27.36,266.64,,,,Y,,,轻工制造,家居用品,成品家居,16.18,16.23,16.37
sh603313,梦百合,2021-12-28,16.82,17.33,16.82,17.24,16.82,4445782.0,76430737.0,8366555432.36,8388093364.36,-147082523.17000005,-341580779.9799999,3283269659.200001,8599226831.6,5315957172.4,-188925955.63,2167.37,2628.38,901.13,1226.6,4574.57,3575.23,0.0,212.87,,,,Y,,,轻工制造,家居用品,成品家居,17.17,17.21,17.09
sh603313,梦百合,2021-12-29,17.15,17.35,16.88,17.13,17.24,2962466.0,50451872.0,8313172538.07,8334573047.070002,-147082523.17000005,-341580779.9799999,3283269659.200001,8599226831.6,5315957172.4,-188925955.63,1810.58,1377.34,810.3,1081.42,2424.31,2474.69,0.0,111.74,,,,Y,,,轻工制造,家居用品,成品家居,17.06,16.92,17.08
sh603313,梦百合,2021-12-30,17.19,17.38,17.08,17.29,17.13,3611470.0,62256726.0,8390820384.3099985,8412420781.31,-147082523.17000005,-341580779.9799999,3283269659.200001,8599226831.6,5315957172.4,-188925955.63,1728.13,1475.54,1065.58,868.51,3202.31,3411.4,229.65,470.23,,,,Y,,,轻工制造,家居用品,成品家居,17.18,17.23,17.23
sh603313,梦百合,2021-12-31,17.24,17.54,16.98,17.31,17.29,4556848.0,78463198.0,8400526365.09,8422151748.09,-147082523.17000005,-341580779.9799999,3283269659.200001,8599226831.6,5315957172.4,-188925955.63,2482.92,2592.2,1525.42,1032.66,3606.63,3807.38,231.35,414.07,,,,Y,,,轻工制造,家居用品,成品家居,17.21,17.22,17.45
sh603313,梦百合,2022-01-04,17.29,18.65,17.11,18.38,17.31,11441557.0,206933413.0,8919796336.82,8942758470.82,-147082523.17000005,-341580779.9799999,3283269659.200001,8599226831.6,5315957172.4,-188925955.63,7044.97,6582.77,2287.81,3563.59,10901.2,9434.17,459.36,1112.81,,,,Y,,,轻工制造,家居用品,成品家居,17.18,17.41,17.67
sh603313,梦百合,2022-01-05,18.38,18.58,17.94,18.04,18.38,6297048.0,114668774.0,8754794663.560001,8777332035.56,-147082523.17000005,-341580779.9799999,3283269659.200001,8599226831.6,5315957172.4,-188925955.63,3611.31,3813.46,1351.1,1864.07,6504.46,5676.8,0.0,112.55,,,,Y,,,轻工制造,家居用品,成品家居,18.2,18.11,18.3
sh603313,梦百合,2022-01-06,18.04,18.5,17.81,18.29,18.04,6190599.0,112684318.0,8876119423.31,8898969120.31,-147082523.17000005,-341580779.9799999,3283269659.200001,8599226831.6,5315957172.4,-188925955.63,3313.62,3229.45,586.8,1201.87,7146.29,6553.92,221.72,283.19,,,,Y,,,轻工制造,家居用品,成品家居,18.03,18.15,18.22
sh603313,梦百合,2022-01-07,18.29,19.28,18.2,18.7,18.29,10757669.0,203398152.0,9075092029.3,9098453939.3,-147082523.17000005,-341580779.9799999,3283269659.200001,8599226831.6,5315957172.4,-188925955.63,7248.89,7003.27,2153.68,3383.26,10746.24,9603.58,191.0,349.71,,,,Y,,,轻工制造,家居用品,成品家居,18.63,18.71,18.9
sh603313,梦百合,2022-01-10,18.82,19.1,18.48,18.77,18.7,4268561.0,80245538.0,9109062962.03,9132512323.03,-147082523.17000005,-341580779.9799999,3283269659.200001,8599226831.6,5315957172.4,-188925955.63,2723.55,2716.56,559.52,798.65,4741.49,4509.34,0.0,0.0,,,,Y,,,轻工制造,家居用品,成品家居,18.84,18.76,18.82
sh603313,梦百合,2022-01-11,18.77,19.19,18.17,18.34,18.77,5280848.0,98349564.0,8900384375.26,8923296537.26,-147082523.17000005,-341580779.9799999,3283269659.200001,8599226831.6,5315957172.4,-188925955.63,2920.49,3041.62,1203.5,1165.76,5710.96,5233.19,0.0,394.38,,,,Y,,,轻工制造,家居用品,成品家居,19.15,18.79,18.63
sh603313,梦百合,2022-01-12,18.54,18.74,17.98,18.68,18.34,5060845.0,92895514.0,9065386048.52,9088722972.52,-147082523.17000005,-341580779.9799999,3283269659.200001,8599226831.6,5315957172.4,-188925955.63,2757.46,2429.95,608.04,898.91,5924.05,5166.92,0.0,793.77,,,,Y,,,轻工制造,家居用品,成品家居,18.15,18.25,18.09
sh603313,梦百合,2022-01-13,18.41,18.78,17.73,17.81,18.68,4664495.0,84404915.0,8643175884.59,8665425917.59,-147082523.17000005,-341580779.9799999,3283269659.200001,8599226831.6,5315957172.4,-188925955.63,2124.98,1808.06,1141.34,880.92,5167.86,4561.29,6.31,1190.22,,,,Y,,,轻工制造,家居用品,成品家居,18.63,18.45,18.26
sh603313,梦百合,2022-01-14,17.79,18.0,17.26,17.4,17.81,4554365.0,79649833.0,8444203278.599998,8465941098.599998,-147082523.17000005,-341580779.9799999,3283269659.200001,8599226831.6,5315957172.4,-188925955.63,2198.56,1926.41,1134.24,1153.53,4587.35,4625.69,44.84,259.35,,,,Y,,,轻工制造,家居用品,成品家居,17.6,17.65,17.55
sh603313,梦百合,2022-01-17,17.39,17.65,17.17,17.41,17.4,3497628.0,60961010.0,8449056268.99,8470806581.990002,-147082523.17000005,-341580779.9799999,3283269659.200001,8599226831.6,5315957172.4,-188925955.63,1861.49,1322.95,827.47,914.22,3181.79,3505.0,225.36,353.94,,,,Y,,,轻工制造,家居用品,成品家居,17.45,17.38,17.4
sh603313,梦百合,2022-01-18,17.44,17.48,16.94,17.04,17.41,5576444.0,95292527.0,8269495624.56,8290783696.56,-147082523.17000005,-341580779.9799999,3283269659.200001,8599226831.6,5315957172.4,-188925955.63,3447.86,3123.75,1244.15,731.7,4697.45,5550.0,139.78,123.8,,,,Y,,,轻工制造,家居用品,成品家居,17.36,17.22,17.1
sh603313,梦百合,2022-01-19,17.08,18.32,16.88,17.74,17.04,9791057.0,173743281.0,8609204951.86,8631367533.86,-147082523.17000005,-341580779.9799999,3283269659.200001,8599226831.6,5315957172.4,-188925955.63,5069.19,6167.12,2298.18,3689.6,9705.17,6992.83,301.79,524.78,,,,Y,,,轻工制造,家居用品,成品家居,17.34,17.46,17.6
sh603313,梦百合,2022-01-20,17.73,18.15,17.56,17.91,17.74,6945947.0,124378991.0,8691705788.49,8714080751.49,-147082523.17000005,-341580779.9799999,3283269659.200001,8599226831.6,5315957172.4,-188925955.63,4641.95,3847.91,1295.35,1064.02,6320.5,7357.22,180.1,168.75,,,,Y,,,轻工制造,家居用品,成品家居,17.77,17.65,17.65
sh603313,梦百合,2022-01-21,17.91,18.12,17.41,17.42,17.91,4840155.0,85991120.0,8453909259.38,8475672065.38,-147082523.17000005,-341580779.9799999,3283269659.200001,8599226831.6,5315957172.4,-188925955.63,2309.76,2393.47,680.99,869.26,5608.36,5166.39,0.0,169.99,,,,Y,,,轻工制造,家居用品,成品家居,17.63,17.64,17.75
sh603313,梦百合,2022-01-24,17.25,17.5,17.01,17.13,17.42,2995097.0,51301653.0,8313172538.07,8334573047.070002,-147082523.17000005,-341580779.9799999,3283269659.200001,8599226831.6,5315957172.4,-188925955.63,1272.69,1517.75,1069.82,838.21,2787.66,2740.92,0.0,33.29,,,,Y,,,轻工制造,家居用品,成品家居,17.25,17.23,17.08
sh603313,梦百合,2022-01-25,17.12,17.26,16.3,16.6,17.13,4691882.0,79005051.0,8055964047.400002,8076702427.400002,-147082523.17000005,-341580779.9799999,3283269659.200001,8599226831.6,5315957172.4,-188925955.63,2906.65,2414.6,1375.69,1194.47,3516.76,4272.62,101.4,18.81,,,,Y,,,轻工制造,家居用品,成品家居,17.17,17.15,17.07
sh603313,梦百合,2022-01-26,16.62,17.0,16.5,16.71,16.6,2610710.0,43599899.0,8109346941.6900015,8130222744.6900015,-147082523.17000005,-341580779.9799999,3283269659.200001,8599226831.6,5315957172.4,-188925955.63,2082.92,983.4,366.59,367.6,1910.48,3004.67,0.0,4.33,,,,Y,,,轻工制造,家居用品,成品家居,16.96,16.69,16.71
sh603313,梦百合,2022-01-27,16.73,16.9,16.3,16.38,16.71,3169330.0,52223870.0,7949198258.820002,7969661792.820002,-147082523.17000005,-341580779.9799999,3283269659.200001,8599226831.6,5315957172.4,-188925955.63,1764.16,1537.28,1430.74,472.66,2025.67,3212.44,1.81,0.0,,,,Y,,,轻工制造,家居用品,成品家居,16.55,16.45,16.45
sh603313,梦百合,2022-01-28,16.5,16.8,16.2,16.53,16.38,2074799.0,34208980.0,8021993114.67,8042644043.67,-147082523.17000005,-341580779.9799999,3283269659.200001,8599226831.6,5315957172.4,-188925955.63,1168.9,1014.57,542.9,342.81,1450.2,2063.51,258.89,0.0,,,,Y,,,轻工制造,家居用品,成品家居,16.67,16.7,16.49
sh603313,梦百合,2022-02-07,16.33,17.13,16.33,16.65,16.53,3778940.0,63173208.0,8080228999.35,8101029844.35,-147082523.17000005,-341580779.9799999,3283269659.200001,8599226831.6,5315957172.4,-188925955.63,2044.57,2220.47,857.97,462.36,2961.95,3326.57,307.46,162.56,,,,Y,,,轻工制造,家居用品,成品家居,16.55,17.09,16.93
sh603313,梦百合,2022-02-08,16.62,17.74,16.52,17.18,16.65,4754532.0,81933030.0,8337437490.019999,8358900464.02,-147082523.17000005,-341580779.9799999,3283269659.200001,8599226831.6,5315957172.4,-188925955.63,2798.26,2585.92,809.26,1299.34,4365.18,4079.77,220.6,228.28,,,,Y,,,轻工制造,家居用品,成品家居,16.81,17.15,17.15
sh603313,梦百合,2022-02-09,17.21,17.84,16.86,17.08,17.18,4308040.0,74204608.0,8288907586.12,8310245630.120002,-147082523.17000005,-341580779.9799999,3283269659.200001,8599226831.6,5315957172.4,-188925955.63,2304.47,2050.61,527.83,492.81,4413.88,4774.35,174.28,102.69,,,,Y,,,轻工制造,家居用品,成品家居,17.64,17.65,17.35
sh603313,梦百合,2022-02-10,17.13,17.13,16.7,16.76,17.08,2831659.0,47618547.0,8133611893.64,8154550161.64,-147082523.17000005,-341580779.9799999,3283269659.200001,8599226831.6,5315957172.4,-188925955.63,1619.01,1187.8,603.41,521.3,2539.43,2992.77,0.0,59.98,,,,Y,,,轻工制造,家居用品,成品家居,16.91,16.98,16.96
sh603313,梦百合,2022-02-11,16.58,16.91,16.58,16.62,16.76,3468268.0,58096480.0,8065670028.18,8086433394.179998,-147082523.17000005,-341580779.9799999,3283269659.200001,8599226831.6,5315957172.4,-188925955.63,1668.69,2016.86,569.83,732.45,3470.03,3060.33,101.1,0.0,,,,Y,,,轻工制造,家居用品,成品家居,16.81,16.75,16.75
sh603313,梦百合,2022-02-14,16.51,16.69,15.37,15.73,16.62,7432421.0,117937373.0,7633753883.47,7653405372.47,-147082523.17000005,-341580779.9799999,3283269659.200001,8599226831.6,5315957172.4,-188925955.63,4573.11,3732.06,1465.79,1440.85,5754.84,6614.25,0.0,6.58,,,,Y,,,轻工制造,家居用品,成品家居,16.36,16.07,16.22
sh603313,梦百合,2022-02-15,15.7,15.94,14.94,15.16,15.73,8698665.0,132546664.0,7357133431.24,7376072819.24,-147082523.17000005,-341580779.9799999,3283269659.200001,8599226831.6,5315957172.4,-188925955.63,4155.18,4233.25,1860.71,1758.06,7238.78,7146.03,0.0,117.33,,,,Y,,,轻工制造,家居用品,成品家居,15.77,15.34,15.31
sh603313,梦百合,2022-02-16,15.28,15.86,15.19,15.75,15.16,5787714.0,89917159.0,7643459864.25,7663136339.25,-147082523.17000005,-341580779.9799999,3283269659.200001,8599226831.6,5315957172.4,-188925955.63,2575.34,3141.86,695.02,805.59,5683.96,4879.81,37.39,164.45,,,,Y,,,轻工制造,家居用品,成品家居,15.31,15.46,15.56
sh603313,梦百合,2022-02-17,15.86,15.9,15.31,15.42,15.75,4093324.0,63305338.0,7483311181.38,7502575387.38,-147082523.17000005,-341580779.9799999,3283269659.200001,8599226831.6,5315957172.4,-188925955.63,1821.01,1747.1,580.6,907.64,3928.92,3633.2,0.0,42.59,,,,Y,,,轻工制造,家居用品,成品家居,15.58,15.43,15.48
sh603313,梦百合,2022-02-18,15.4,15.41,15.05,15.25,15.42,3895465.0,59308206.0,7400810344.75,7419862169.75,-147082523.17000005,-341580779.9799999,3283269659.200001,8599226831.6,5315957172.4,-188925955.63,1299.43,1553.86,420.67,675.55,4210.72,3646.37,0.0,55.05,,,,Y,,,轻工制造,家居用品,成品家居,15.35,15.18,15.18
sh603313,梦百合,2022-02-21,15.26,15.45,14.94,15.27,15.25,4385504.0,66377651.0,7410516325.53,7429593136.530002,-147082523.17000005,-341580779.9799999,3283269659.200001,8599226831.6,5315957172.4,-188925955.63,2244.34,1483.29,459.3,507.27,3934.13,4457.3,0.0,189.9,,,,Y,,,轻工制造,家居用品,成品家居,15.39,15.31,15.27
sh603313,梦百合,2022-02-22,15.17,15.17,14.4,14.58,15.27,8042764.0,117669644.0,7075659988.62,7093874782.62,-147082523.17000005,-341580779.9799999,3283269659.200001,8599226831.6,5315957172.4,-188925955.63,4039.04,3286.08,1377.62,1644.76,6350.31,6715.1,0.0,121.03,,,,Y,,,轻工制造,家居用品,成品家居,14.98,14.92,14.72
sh603313,梦百合,2022-02-23,14.59,14.77,14.3,14.54,14.58,6337049.0,91584065.0,7056248027.06,7074412849.06,-147082523.17000005,-341580779.9799999,3283269659.200001,8599226831.6,5315957172.4,-188925955.63,3347.39,3611.24,1092.26,721.59,4718.76,4672.37,0.0,153.21,,,,Y,,,轻工制造,家居用品,成品家居,14.66,14.55,14.45
sh603313,梦百合,2022-02-24,14.35,14.49,13.62,13.85,14.54,9932945.0,139335169.0,6721391690.15,6738694495.15,-147082523.17000005,-341580779.9799999,3283269659.200001,8599226831.6,5315957172.4,-188925955.63,4273.94,4642.33,1977.91,2333.07,7301.61,5854.35,380.06,1103.78,,,,Y,,,轻工制造,家居用品,成品家居,14.45,14.41,14.38
sh603313,梦百合,2022-02-25,13.95,14.23,13.89,13.94,13.85,6767647.0,95121258.0,6765068603.66,6782483845.66,-147082523.17000005,-341580779.9799999,3283269659.200001,8599226831.6,5315957172.4,-188925955.63,2717.7,3164.82,1383.47,1095.41,5325.01,4778.48,85.94,473.41,,,,Y,,,轻工制造,家居用品,成品家居,14.15,14.04,14.15
sh603313,梦百合,2022-02-28,13.91,14.06,13.51,13.89,13.94,4392763.0,60363092.0,6740803651.71,6758156428.71,-147082523.17000005,-341580779.9799999,3283269659.200001,8599226831.6,5315957172.4,-188925955.63,1722.45,1751.42,329.9,615.13,3874.73,3557.53,109.23,112.23,,,,Y,,,轻工制造,家居用品,成品家居,13.86,13.69,13.62
sh603313,梦百合,2022-03-01,13.93,14.1,13.75,13.86,13.89,4734028.0,65723009.0,6726244680.540001,6743559978.54,-147082523.17000005,-341580779.9799999,3283269659.200001,8599226831.6,5315957172.4,-188925955.63,1768.97,2081.64,1023.32,551.75,3780.02,3938.91,0.0,0.0,,,,Y,,,轻工制造,家居用品,成品家居,14.02,13.85,14.05
sh603313,梦百合,2022-03-02,13.8,13.89,13.49,13.65,13.86,5001525.0,68079969.0,6624331882.35,6641384827.349999,-147082523.17000005,-341580779.9799999,3283269659.200001,8599226831.6,5315957172.4,-188925955.63,1895.67,2286.63,584.74,650.44,4204.91,3733.83,122.67,137.09,,,,Y,,,轻工制造,家居用品,成品家居,13.69,13.65,13.66
sh603313,梦百合,2022-03-03,13.7,13.79,13.25,13.4,13.65,8016277.0,107410351.0,6503007122.599999,6519747742.599999,-147082523.17000005,-341580779.9799999,3283269659.200001,8599226831.6,5315957172.4,-188925955.63,3430.73,3041.73,911.11,1388.82,6399.19,5773.96,0.0,536.52,,,,Y,,,轻工制造,家居用品,成品家居,13.67,13.56,13.52
sh603313,梦百合,2022-03-04,13.42,13.42,12.9,13.2,13.4,8982443.0,117501160.0,6405947314.799999,6422438074.799999,-147082523.17000005,-341580779.9799999,3283269659.200001,8599226831.6,5315957172.4,-188925955.63,3735.33,4588.26,1270.0,1642.81,6744.79,5469.99,0.0,49.05,,,,Y,,,轻工制造,家居用品,成品家居,13.2,13.23,13.27
sh603313,梦百合,2022-03-07,12.94,13.16,12.6,13.04,13.2,10616440.0,135682845.0,6328299468.56,6344590340.559999,-147082523.17000005,-341580779.9799999,3283269659.200001,8599226831.6,5315957172.4,-188925955.63,4840.03,4414.26,1225.01,1959.2,7496.0,6589.58,7.24,605.25,,,,Y,,,轻工制造,家居用品,成品家居,12.86,12.74,12.69
sh603313,梦百合,2022-03-08,12.83,12.97,12.29,12.4,13.04,9640986.0,121254745.0,6017708083.6,6033199403.6,-147082523.17000005,-341580779.9799999,3283269659.200001,8599226831.6,5315957172.4,-188925955.63,5751.05,4067.08,740.93,659.87,5633.5,7055.37,0.0,343.15,,,,Y,,,轻工制造,家居用品,成品家居,12.76,12.72,12.68
sh603313,梦百合,2022-03-09,12.47,13.05,11.61,12.7,12.4,12648890.0,152787480.0,6163297795.3,6179163905.3,-147082523.17000005,-341580779.9799999,3283269659.200001,8599226831.6,5315957172.4,-188925955.63,6376.69,6004.9,1509.51,1370.38,7390.25,7664.58,0.0,236.59,,,,Y,,,轻工制造,家居用品,成品家居,12.09,12.23,12.26
sh603313,梦百合,2022-03-10,12.85,12.85,12.31,12.4,12.7,9598883.0,119972090.0,6017708083.6,6033199403.6,-147082523.17000005,-341580779.9799999,3283269659.200001,8599226831.6,5315957172.4,-188925955.63,5222.08,3709.34,1271.13,482.32,5305.73,7727.67,198.27,77.87,,,,Y,,,轻工制造,家居用品,成品家居,12.59,12.48,12.43
sh603313,梦百合,2022-03-11,12.15,12.85,12.04,12.85,12.4,7515897.0,93487053.0,6236092651.15,6252146156.150001,-147082523.17000005,-341580779.9799999,3283269659.200001,8599226831.6,5315957172.4,-188925955.63,3317.34,3422.43,723.24,1136.09,5187.6,4790.18,120.53,0.0,,,,Y,,,轻工制造,家居用品,成品家居,12.14,12.17,12.19
sh603313,梦百合,2022-03-14,12.64,12.7,12.35,12.62,12.85,6571571.0,82261934.0,6124473872.18,6140240038.179999,-147082523.17000005,-341580779.9799999,3283269659.200001,8599226831.6,5315957172.4,-188925955.63,3245.34,3036.11,921.95,803.84,4058.91,4231.52,0.0,154.72,,,,Y,,,轻工制造,家居用品,成品家居,12.48,12.53,12.45
sh603313,梦百合,2022-03-15,12.51,12.51,11.55,11.56,12.62,11032293.0,131516743.0,5610056890.839999,5624498798.84,-147082523.17000005,-341580779.9799999,3283269659.200001,8599226831.6,5315957172.4,-188925955.63,5863.2,5197.41,2176.64,1033.65,5041.46,6533.51,70.37,387.11,,,,Y,,,轻工制造,家居用品,成品家居,12.45,12.2,11.95
sh603313,梦百合,2022-03-16,11.72,12.1,11.4,12.03,11.56,9641906.0,113752924.0,5838147439.17,5853176518.17,-147082523.17000005,-341580779.9799999,3283269659.200001,8599226831.6,5315957172.4,-188925955.63,5532.66,4692.52,631.73,1200.81,5210.91,5481.96,0.0,0.0,,,,Y,,,轻工制造,家居用品,成品家居,11.78,11.67,11.79
sh603313,梦百合,2022-03-17,12.1,12.76,12.07,12.63,12.03,9858046.0,123414250.0,6129326862.57,6145105521.570001,-147082523.17000005,-341580779.9799999,3283269659.200001,8599226831.6,5315957172.4,-188925955.63,5261.43,5010.23,1222.73,2812.55,5857.26,4518.65,0.0,0.0,,,,Y,,,轻工制造,家居用品,成品家居,12.17,12.34,12.43
sh603313,梦百合,2022-03-18,12.49,12.7,12.43,12.59,12.63,3575166.0,45031476.0,6109914901.009999,6125643588.01,-147082523.17000005,-341580779.9799999,3283269659.200001,8599226831.6,5315957172.4,-188925955.63,2007.02,1780.16,522.7,559.53,1973.43,2163.46,0.0,0.0,,,,Y,,,轻工制造,家居用品,成品家居,12.6,12.56,12.59
sh603313,梦百合,2022-03-21,12.74,12.74,12.47,12.61,12.59,3029687.0,38166251.0,6119620881.79,6135374554.79,-147082523.17000005,-341580779.9799999,3283269659.200001,8599226831.6,5315957172.4,-188925955.63,2064.96,1317.3,129.74,158.31,1621.92,2235.18,0.0,105.84,,,,Y,,,轻工制造,家居用品,成品家居,12.54,12.61,12.65
sh603313,梦百合,2022-03-22,12.54,12.8,12.5,12.65,12.61,4254183.0,53881075.0,6139032843.349999,6154836488.35,-147082523.17000005,-341580779.9799999,3283269659.200001,8599226831.6,5315957172.4,-188925955.63,2033.33,2495.71,316.39,207.9,3038.39,2684.5,0.0,0.0,,,,Y,,,轻工制造,家居用品,成品家居,12.55,12.54,12.52
sh603313,梦百合,2022-03-23,12.7,12.79,12.52,12.67,12.65,2784754.0,35352969.0,6148738824.13,6164567455.129999,-147082523.17000005,-341580779.9799999,3283269659.200001,8599226831.6,5315957172.4,-188925955.63,1347.28,1389.91,266.45,324.76,1921.57,1820.63,0.0,0.0,,,,Y,,,轻工制造,家居用品,成品家居,12.6,12.7,12.74
sh603313,梦百合,2022-03-24,12.92,13.18,12.71,12.84,12.67,7089974.0,91412880.0,6231239660.76,6247280672.76,-147082523.17000005,-341580779.9799999,3283269659.200001,8599226831.6,5315957172.4,-188925955.63,4318.04,3047.98,1077.89,720.56,3178.16,4836.35,567.2,536.4,,,,Y,,,轻工制造,家居用品,成品家居,12.94,12.93,12.9
sh603313,梦百合,2022-03-25,12.84,13.25,12.68,12.99,12.84,7698436.0,100256292.0,6304034516.610001,6320262923.61,-147082523.17000005,-341580779.9799999,3283269659.200001,8599226831.6,5315957172.4,-188925955.63,4242.61,3863.16,1156.67,2027.71,4616.06,4067.29,10.29,67.47,,,,Y,,,轻工制造,家居用品,成品家居,12.9,12.92,12.98
sh603313,梦百合,2022-03-28,12.76,12.77,12.15,12.26,12.99,6364368.0,78593951.0,5949766218.139999,5965082636.14,-147082523.17000005,-341580779.9799999,3283269659.200001,8599226831.6,5315957172.4,-188925955.63,2776.33,2628.83,1140.38,850.87,3710.49,4379.7,232.19,0.0,,,,Y,,,轻工制造,家居用品,成品家居,12.5,12.4,12.39
sh603313,梦百合,2022-03-29,12.47,12.53,12.03,12.1,12.26,3821526.0,46909516.0,5872118371.9,5887234901.900001,-147082523.17000005,-341580779.9799999,3283269659.200001,8599226831.6,5315957172.4,-188925955.63,1430.0,1595.46,498.18,384.04,2630.53,2711.45,132.24,0.0,,,,Y,,,轻工制造,家居用品,成品家居,12.48,12.49,12.48
sh603313,梦百合,2022-03-30,12.17,12.66,12.13,12.55,12.1,5185902.0,64635340.0,6090502939.450001,6106181654.450001,-147082523.17000005,-341580779.9799999,3283269659.200001,8599226831.6,5315957172.4,-188925955.63,1944.89,2494.74,782.55,1063.77,3702.24,2644.4,33.86,260.62,,,,Y,,,轻工制造,家居用品,成品家居,12.18,12.33,12.39
sh603313,梦百合,2022-03-31,12.66,12.74,12.33,12.33,12.55,4225916.0,52786123.0,5983737150.870001,5999141019.87,-147082523.17000005,-341580779.9799999,3283269659.200001,8599226831.6,5315957172.4,-188925955.63,1367.19,1630.3,530.85,922.41,3380.57,2725.9,0.0,0.0,,,,Y,,,轻工制造,家居用品,成品家居,12.63,12.61,12.68
sh603313,梦百合,2022-04-01,12.13,12.39,12.09,12.32,12.33,2810459.0,34434307.0,5978884160.48,5994275536.48,-147082523.17000005,-341580779.9799999,3283269659.200001,8599226831.6,5315957172.4,-188925955.63,1411.42,1182.22,234.48,85.04,1797.53,2176.17,0.0,0.0,,,,Y,,,轻工制造,家居用品,成品家居,12.13,12.15,12.25
sh603313,梦百合,2022-04-06,12.2,12.89,12.17,12.65,12.32,5236486.0,66322407.0,6139032843.349999,6154836488.35,-147082523.17000005,-341580779.9799999,3283269659.200001,8599226831.6,5315957172.4,-188925955.63,1953.33,2166.79,689.03,1060.56,3489.37,3257.9,500.51,146.99,,,,Y,,,轻工制造,家居用品,成品家居,12.39,12.71,12.8
sh603313,梦百合,2022-04-07,12.62,12.72,12.24,12.24,12.65,3490519.0,43562613.0,5940060237.36,5955351669.36,-147082523.17000005,-341580779.9799999,3283269659.200001,8599226831.6,5315957172.4,-188925955.63,1254.89,1141.49,291.18,356.02,2810.19,2858.75,0.0,0.0,,,,Y,,,轻工制造,家居用品,成品家居,12.67,12.69,12.62
sh603313,梦百合,2022-04-08,12.18,12.46,11.86,11.95,12.24,3462196.0,41513617.0,5799323516.05,5814252651.05,-147082523.17000005,-341580779.9799999,3283269659.200001,8599226831.6,5315957172.4,-188925955.63,1404.7,1154.27,570.17,434.04,2176.49,2413.63,0.0,149.42,,,,Y,,,轻工制造,家居用品,成品家居,12.26,12.14,12.07
sh603313,梦百合,2022-04-11,11.8,11.89,11.26,11.35,11.95,3875113.0,44680573.0,5508144092.650001,5522323647.65,-147082523.17000005,-341580779.9799999,3283269659.200001,8599226831.6,5315957172.4,-188925955.63,1579.62,1367.49,387.8,421.87,2500.64,2678.7,0.0,0.0,,,,Y,,,轻工制造,家居用品,成品家居,11.71,11.72,11.82
sh603313,梦百合,2022-04-12,11.37,11.7,11.15,11.67,11.35,3442562.0,39319778.0,5663439785.129999,5678019116.13,-147082523.17000005,-341580779.9799999,3283269659.200001,8599226831.6,5315957172.4,-188925955.63,1121.17,1380.56,398.73,250.09,2412.08,1990.69,0.0,310.64,,,,Y,,,轻工制造,家居用品,成品家居,11.44,11.37,11.32
sh603313,梦百合,2022-04-13,11.6,11.6,11.26,11.3,11.67,2614200.0,29723968.0,5483879140.700001,5497996230.7,-147082523.17000005,-341580779.9799999,3283269659.200001,8599226831.6,5315957172.4,-188925955.63,1093.59,820.19,438.85,704.86,1439.95,1447.35,0.0,0.0,,,,Y,,,轻工制造,家居用品,成品家居,11.46,11.32,11.34
sh603313,梦百合,2022-04-14,11.4,11.48,11.2,11.25,11.3,2268317.0,25734654.0,5459614188.75,5473668813.75,-147082523.17000005,-341580779.9799999,3283269659.200001,8599226831.6,5315957172.4,-188925955.63,819.3,844.42,183.1,228.91,1571.06,1500.13,0.0,0.0,,,,Y,,,轻工制造,家居用品,成品家居,11.37,11.4,11.35
sh603313,梦百合,2022-04-15,11.2,11.25,10.9,11.05,11.25,3865701.0,42759688.0,5362554380.95,5376359145.95,-147082523.17000005,-341580779.9799999,3283269659.200001,8599226831.6,5315957172.4,-188925955.63,1165.57,1156.67,308.18,717.84,2802.22,2387.6,0.0,13.86,,,,Y,,,轻工制造,家居用品,成品家居,11.08,10.94,11.08
sh603313,梦百合,2022-04-18,11.0,11.0,10.66,10.94,11.05,4013934.0,43442122.0,5309171486.66,5322838828.660001,-147082523.17000005,-341580779.9799999,3283269659.200001,8599226831.6,5315957172.4,-188925955.63,1084.56,1422.43,332.57,357.28,2927.08,2564.51,0.0,0.0,,,,Y,,,轻工制造,家居用品,成品家居,10.71,10.82,10.8
sh603313,梦百合,2022-04-19,10.89,11.03,10.6,10.77,10.94,3262925.0,35257044.0,5226670650.030001,5240125611.03,-147082523.17000005,-341580779.9799999,3283269659.200001,8599226831.6,5315957172.4,-188925955.63,1076.4,867.42,297.78,737.81,2118.5,1920.48,33.03,0.0,,,,Y,,,轻工制造,家居用品,成品家居,10.92,10.99,10.9
sh603313,梦百合,2022-04-20,10.82,11.17,10.75,10.9,10.77,4617164.0,50653650.0,5289759525.099999,5303376895.1,-147082523.17000005,-341580779.9799999,3283269659.200001,8599226831.6,5315957172.4,-188925955.63,1538.71,1659.07,769.84,517.51,2583.11,2777.58,173.71,111.2,,,,Y,,,轻工制造,家居用品,成品家居,10.88,10.91,10.87
sh603313,梦百合,2022-04-21,10.99,11.04,10.4,10.73,10.9,4690760.0,50159701.0,5207258688.47,5220663677.47,-147082523.17000005,-341580779.9799999,3283269659.200001,8599226831.6,5315957172.4,-188925955.63,1900.5,1379.58,424.81,638.39,2690.65,2997.57,0.0,0.42,,,,Y,,,轻工制造,家居用品,成品家居,10.79,10.74,10.88
sh603313,梦百合,2022-04-22,10.56,10.77,10.16,10.53,10.73,5329591.0,55478066.0,5110198880.67,5123354009.67,-147082523.17000005,-341580779.9799999,3283269659.200001,8599226831.6,5315957172.4,-188925955.63,1922.5,1473.53,419.82,455.05,3205.48,3534.53,0.0,84.7,,,,Y,,,轻工制造,家居用品,成品家居,10.36,10.28,10.4
sh603313,梦百合,2022-04-25,10.3,10.37,9.64,9.66,10.53,7704200.0,76942402.0,4687988716.74,4700056954.74,-147082523.17000005,-341580779.9799999,3283269659.200001,8599226831.6,5315957172.4,-188925955.63,1975.57,2112.6,1295.03,1506.67,4243.16,3884.63,180.47,190.34,,,,Y,,,轻工制造,家居用品,成品家居,10.26,10.18,10.2
sh603313,梦百合,2022-04-26,9.79,9.89,9.37,9.47,9.66,5297627.0,51014583.0,4595781899.33,4607612770.33,-147082523.17000005,-341580779.9799999,3283269659.200001,8599226831.6,5315957172.4,-188925955.63,1581.71,1443.34,642.18,657.26,2708.84,2846.87,168.72,153.99,,,,Y,,,轻工制造,家居用品,成品家居,9.51,9.76,9.58
sh603313,梦百合,2022-04-27,9.3,9.55,9.05,9.5,9.47,6314196.0,58783361.0,4610340870.5,4622209220.5,-147082523.17000005,-341580779.9799999,3283269659.200001,8599226831.6,5315957172.4,-188925955.63,1674.42,1748.65,720.22,1070.6,3456.39,2615.12,0.0,416.66,,,,Y,,,轻工制造,家居用品,成品家居,9.18,9.28,9.09
sh603313,梦百合,2022-04-28,9.4,9.56,9.08,9.15,9.5,5378270.0,49666579.0,4440486206.849999,4451917301.85,-147082523.17000005,-341580779.9799999,3283269659.200001,8599226831.6,5315957172.4,-188925955.63,1413.26,1943.83,339.16,347.79,3190.99,2500.05,0.0,151.74,,,,Y,,,轻工制造,家居用品,成品家居,9.5,9.38,9.3
sh603313,梦百合,2022-04-29,9.19,9.97,9.16,9.93,9.15,10337968.0,99821343.0,4819019457.27,4831425006.27,-147082523.17000005,-341580779.9799999,3283269659.200001,8599226831.6,5315957172.4,-188925955.63,2744.7,4601.93,740.2,749.33,6272.17,4432.52,225.07,198.35,,,,Y,,,轻工制造,家居用品,成品家居,9.32,9.4,9.35
sh603313,梦百合,2022-05-05,10.14,10.92,10.02,10.92,9.93,6582095.0,69903333.0,5299465505.88,5313107861.88,41359233.85,565392835.31,3061203228.6899996,9075676576.56,6014473347.87,-188925955.63,1630.31,1960.77,1526.54,1188.65,2162.91,3127.03,1670.58,713.88,,,,Y,,,轻工制造,家居用品,成品家居,10.38,10.48,10.58
sh603313,梦百合,2022-05-06,10.62,11.27,10.55,10.86,10.92,10059416.0,110416264.0,5270347563.54,5283914961.540001,41359233.85,565392835.31,3061203228.6899996,9075676576.56,6014473347.87,-188925955.63,2970.19,3663.55,823.28,987.28,7173.96,6135.54,6.09,187.16,,,,Y,,,轻工制造,家居用品,成品家居,10.71,11.01,11.26
sh603313,梦百合,2022-05-09,10.61,11.05,10.54,10.83,10.86,5956917.0,63958118.0,5255788592.37,5269318511.37,41359233.85,565392835.31,3061203228.6899996,9075676576.56,6014473347.87,-188925955.63,1701.88,1656.8,458.02,621.15,4155.2,4117.87,80.71,0.0,,,,Y,,,轻工制造,家居用品,成品家居,10.97,10.88,10.84
sh603313,梦百合,2022-05-10,10.62,10.79,10.51,10.76,10.83,6196148.0,66129961.0,5221817659.64,5235260127.639999,41359233.85,565392835.31,3061203228.6899996,9075676576.56,6014473347.87,-188925955.63,2087.12,1618.26,858.18,458.26,3513.2,4366.92,132.74,147.81,,,,Y,,,轻工制造,家居用品,成品家居,10.72,10.65,10.61
sh603313,梦百合,2022-05-11,11.04,11.36,10.76,10.79,10.76,7685572.0,85067277.0,5236376630.809999,5249856577.81,41359233.85,565392835.31,3061203228.6899996,9075676576.56,6014473347.87,-188925955.63,2418.29,2797.61,835.94,574.34,5199.02,5081.3,0.0,0.0,,,,Y,,,轻工制造,家居用品,成品家居,10.93,11.13,11.1
sh603313,梦百合,2022-05-12,10.81,11.26,10.35,11.11,10.79,7309168.0,80257066.0,5391672323.29,5405552046.29,41359233.85,565392835.31,3061203228.6899996,9075676576.56,6014473347.87,-188925955.63,2615.02,2423.55,1244.44,1207.15,4116.5,4240.86,0.0,104.39,,,,Y,,,轻工制造,家居用品,成品家居,10.94,10.89,10.91
sh603313,梦百合,2022-05-13,11.41,11.5,11.01,11.32,11.11,6546868.0,73936127.0,5493585121.48,5507727197.4800005,41359233.85,565392835.31,3061203228.6899996,9075676576.56,6014473347.87,-188925955.63,2736.64,2563.06,1001.74,480.77,3405.56,4128.44,249.67,221.34,,,,Y,,,轻工制造,家居用品,成品家居,11.18,11.05,11.16
sh603313,梦百合,2022-05-16,11.35,11.44,11.02,11.11,11.32,4635008.0,51869831.0,5391672323.29,5405552046.29,41359233.85,565392835.31,3061203228.6899996,9075676576.56,6014473347.87,-188925955.63,1561.48,1804.6,590.42,845.9,2996.21,2497.6,0.0,0.0,,,,Y,,,轻工制造,家居用品,成品家居,11.32,11.27,11.19
sh603313,梦百合,2022-05-17,11.02,11.14,10.84,10.96,11.11,4721556.0,51581520.0,5318877467.44,5332569795.44,41359233.85,565392835.31,3061203228.6899996,9075676576.56,6014473347.87,-188925955.63,1362.24,1381.91,593.05,602.26,2982.52,2280.72,103.81,776.73,,,,Y,,,轻工制造,家居用品,成品家居,11.01,10.95,10.96
sh603313,梦百合,2022-05-18,11.11,11.31,10.99,11.08,10.96,5139807.0,57344091.0,5377113352.12,5390955596.12,41359233.85,565392835.31,3061203228.6899996,9075676576.56,6014473347.87,-188925955.63,1601.01,2267.91,412.35,676.64,3599.32,2664.9,0.0,3.23,,,,Y,,,轻工制造,家居用品,成品家居,11.19,11.1,11.15
sh603313,梦百合,2022-05-19,10.88,10.99,10.72,10.94,11.08,4384861.0,47629540.0,5309171486.66,5322838828.660001,41359233.85,565392835.31,3061203228.6899996,9075676576.56,6014473347.87,-188925955.63,1658.03,1800.03,325.37,758.17,2752.81,2178.01,0.0,0.0,,,,Y,,,轻工制造,家居用品,成品家居,10.88,10.77,10.81
sh603313,梦百合,2022-05-20,10.97,11.23,10.85,11.16,10.94,4518638.0,49960773.0,5415937275.24,5429879463.24,41359233.85,565392835.31,3061203228.6899996,9075676576.56,6014473347.87,-188925955.63,1566.43,1738.31,366.13,342.13,2666.17,2653.47,245.77,110.6,,,,Y,,,轻工制造,家居用品,成品家居,11.0,10.99,11.03
sh603313,梦百合,2022-05-23,11.22,11.32,11.0,11.08,11.16,4289240.0,47616470.0,5377113352.12,5390955596.12,41359233.85,565392835.31,3061203228.6899996,9075676576.56,6014473347.87,-188925955.63,1480.75,1663.93,658.09,662.99,2241.15,2053.06,0.0,0.0,,,,Y,,,轻工制造,家居用品,成品家居,11.2,11.15,11.11
sh603313,梦百合,2022-05-24,11.09,11.21,10.54,10.54,11.08,4863367.0,52740706.0,5115051871.06,5128219493.06,41359233.85,565392835.31,3061203228.6899996,9075676576.56,6014473347.87,-188925955.63,1387.97,1619.35,576.45,640.74,3251.07,2937.36,0.0,18.04,,,,Y,,,轻工制造,家居用品,成品家居,11.14,11.14,11.08
sh603313,梦百合,2022-05-25,10.53,10.66,10.41,10.61,10.54,2934454.0,31011556.0,5149022803.79,5162277876.79,41359233.85,565392835.31,3061203228.6899996,9075676576.56,6014473347.87,-188925955.63,922.9,806.51,253.92,403.69,1924.33,1890.96,0.0,0.0,,,,Y,,,轻工制造,家居用品,成品家居,10.59,10.53,10.62
sh603313,梦百合,2022-05-26,10.7,10.9,10.35,10.67,10.61,4725640.0,50096682.0,5178140746.13,5191470777.13,41359233.85,565392835.31,3061203228.6899996,9075676576.56,6014473347.87,-188925955.63,1209.43,1384.86,517.24,665.21,3166.47,2886.26,116.53,73.33,,,,Y,,,轻工制造,家居用品,成品家居,10.59,10.47,10.44
sh603313,梦百合,2022-05-27,10.82,10.95,10.46,10.52,10.67,3393157.0,36258013.0,5105345890.28,5118488526.280001,41359233.85,565392835.31,3061203228.6899996,9075676576.56,6014473347.87,-188925955.63,1061.76,1153.01,127.51,245.46,2436.53,2227.33,0.0,0.0,,,,Y,,,轻工制造,家居用品,成品家居,10.78,10.86,10.83
sh603313,梦百合,2022-05-30,10.57,10.7,10.35,10.55,10.52,3905976.0,41095882.0,5119904861.45,5133084976.45,41359233.85,565392835.31,3061203228.6899996,9075676576.56,6014473347.87,-188925955.63,1181.89,1241.7,343.17,686.76,2584.54,2148.86,0.0,32.28,,,,Y,,,轻工制造,家居用品,成品家居,10.47,10.51,10.41
sh603313,梦百合,2022-05-31,10.63,10.74,10.37,10.71,10.55,4517996.0,47680483.0,5197552707.69,5210932710.690001,41359233.85,565392835.31,3061203228.6899996,9075676576.56,6014473347.87,-188925955.63,1375.86,1502.43,320.73,588.32,3071.46,2677.3,0.0,0.0,,,,Y,,,轻工制造,家居用品,成品家居,10.42,10.42,10.37
sh603313,梦百合,2022-06-01,10.75,11.2,10.62,11.17,10.71,7424529.0,81629865.0,5420790265.63,5434744946.63,41359233.85,565392835.31,3061203228.6899996,9075676576.56,6014473347.87,-188925955.63,3359.2,2784.18,384.95,562.13,4269.93,4703.03,148.9,113.65,,,,Y,,,轻工制造,家居用品,成品家居,10.77,10.87,10.98
sh603313,梦百合,2022-06-02,11.07,11.21,10.81,11.13,11.17,5361165.0,58952980.0,5401378304.070001,5415283013.07,41359233.85,565392835.31,3061203228.6899996,9075676576.56,6014473347.87,-188925955.63,1811.24,1188.67,554.66,556.1,3443.28,3635.26,0.0,429.15,,,,Y,,,轻工制造,家居用品,成品家居,10.97,10.85,10.89
sh603313,梦百合,2022-06-06,11.13,11.65,10.98,11.47,11.13,6261176.0,71288042.0,5566379977.33,5580709448.33,41359233.85,565392835.31,3061203228.6899996,9075676576.56,6014473347.87,-188925955.63,2383.34,2400.75,437.11,743.26,4308.36,3966.46,0.0,18.33,,,,Y,,,轻工制造,家居用品,成品家居,11.25,11.28,11.23
sh603313,梦百合,2022-06-07,11.58,11.68,11.29,11.4,11.47,4327540.0,49572260.0,5532409044.6,5546651064.6,41359233.85,565392835.31,3061203228.6899996,9075676576.56,6014473347.87,-188925955.63,1621.55,1480.58,214.72,538.38,3107.95,2925.26,0.0,0.0,,,,Y,,,轻工制造,家居用品,成品家居,11.58,11.53,11.45
sh603313,梦百合,2022-06-08,11.31,11.43,10.97,11.13,11.4,3961233.0,44105748.0,5401378304.070001,5415283013.07,41359233.85,565392835.31,3061203228.6899996,9075676576.56,6014473347.87,-188925955.63,1177.92,1384.8,253.61,291.14,2822.37,2708.46,130.49,0.0,,,,Y,,,轻工制造,家居用品,成品家居,11.33,11.34,11.31
sh603313,梦百合,2022-06-09,11.13,11.13,10.71,10.77,11.13,3696388.0,40129913.0,5226670650.030001,5240125611.03,41359233.85,565392835.31,3061203228.6899996,9075676576.56,6014473347.87,-188925955.63,1014.21,970.43,271.83,735.74,2664.11,2228.28,0.0,15.7,,,,Y,,,轻工制造,家居用品,成品家居,11.0,10.91,10.91
sh603313,梦百合,2022-06-10,10.76,10.88,10.66,10.82,10.77,2857700.0,30860296.0,5250935601.9800005,5264453027.9800005,41359233.85,565392835.31,3061203228.6899996,9075676576.56,6014473347.87,-188925955.63,818.64,743.5,287.19,265.09,1980.21,2077.44,0.0,0.0,,,,Y,,,轻工制造,家居用品,成品家居,10.84,10.79,10.79
sh603313,梦百合,2022-06-13,10.7,10.97,10.6,10.73,10.82,3917254.0,42119757.0,5207258688.47,5220663677.47,41359233.85,565392835.31,3061203228.6899996,9075676576.56,6014473347.87,-188925955.63,1131.95,884.62,221.58,329.24,2858.44,2998.12,0.0,0.0,,,,Y,,,轻工制造,家居用品,成品家居,10.86,10.85,10.91
sh603313,梦百合,2022-06-14,10.7,10.7,10.3,10.65,10.73,4816534.0,50738116.0,5168434765.35,5181739810.35,41359233.85,565392835.31,3061203228.6899996,9075676576.56,6014473347.87,-188925955.63,1281.77,1288.29,180.67,458.3,3611.38,3327.22,0.0,0.0,,,,Y,,,轻工制造,家居用品,成品家居,10.6,10.57,10.59
sh603313,梦百合,2022-06-15,10.68,11.35,10.67,11.2,10.65,8325901.0,92701569.0,5435349236.8,5449341396.8,41359233.85,565392835.31,3061203228.6899996,9075676576.56,6014473347.87,-188925955.63,2740.38,2831.24,1087.94,1189.82,5378.63,5249.1,63.21,0.0,,,,Y,,,轻工制造,家居用品,成品家居,11.11,11.14,10.98
sh603313,梦百合,2022-06-16,11.13,11.56,11.06,11.39,11.2,6786225.0,77389421.0,5527556054.21,5541785581.209999,41359233.85,565392835.31,3061203228.6899996,9075676576.56,6014473347.87,-188925955.63,2399.64,2534.53,525.74,754.77,4743.7,4227.44,0.0,152.34,,,,Y,,,轻工制造,家居用品,成品家居,11.11,11.36,11.44
sh603313,梦百合,2022-06-17,11.4,11.85,11.3,11.75,11.39,7643861.0,88738055.0,5702263708.25,5716942983.25,41359233.85,565392835.31,3061203228.6899996,9075676576.56,6014473347.87,-188925955.63,2812.73,2562.64,965.89,926.99,4988.5,5045.73,106.68,338.45,,,,Y,,,轻工制造,家居用品,成品家居,11.37,11.41,11.48
sh603313,梦百合,2022-06-20,11.8,12.4,11.78,12.27,11.75,7731046.0,94195582.0,5954619208.53,5969948119.530001,41359233.85,565392835.31,3061203228.6899996,9075676576.56,6014473347.87,-188925955.63,2663.44,3120.2,1496.35,1005.49,4781.04,5293.86,478.73,0.0,,,,Y,,,轻工制造,家居用品,成品家居,11.9,12.18,12.18
sh603313,梦百合,2022-06-21,12.17,12.33,11.89,12.1,12.27,5863927.0,70858602.0,5872118371.9,5887234901.900001,41359233.85,565392835.31,3061203228.6899996,9075676576.56,6014473347.87,-188925955.63,1931.85,1751.44,542.21,871.64,4611.8,4033.0,0.0,429.78,,,,Y,,,轻工制造,家居用品,成品家居,12.11,12.31,12.18
sh603313,梦百合,2022-06-22,12.11,12.17,11.81,11.83,12.1,4095762.0,48906494.0,5741087631.37,5755866850.37,41359233.85,565392835.31,3061203228.6899996,9075676576.56,6014473347.87,-188925955.63,1549.49,1384.94,243.44,668.86,3058.23,2797.36,0.0,0.0,,,,Y,,,轻工制造,家居用品,成品家居,11.98,11.97,11.95
sh603313,梦百合,2022-06-23,11.84,12.09,11.82,11.98,11.83,3650382.0,43521950.0,5813882487.22,5828849101.22,41359233.85,565392835.31,3061203228.6899996,9075676576.56,6014473347.87,-188925955.63,951.66,895.46,706.03,507.96,2468.93,2757.46,225.57,191.33,,,,Y,,,轻工制造,家居用品,成品家居,11.87,11.91,11.88
sh603313,梦百合,2022-06-24,11.99,12.19,11.85,12.05,11.98,3299722.0,39749890.0,5847853419.95,5847853419.95,41359233.85,565392835.31,3061203228.6899996,9075676576.56,6014473347.87,-188925955.63,1225.66,1133.74,285.86,368.07,2463.47,2473.17,0.0,0.0,,,,Y,,,轻工制造,家居用品,成品家居,11.9,12.0,12.01
sh603313,梦百合,2022-06-27,12.07,12.33,11.83,12.04,12.05,4305320.0,51806622.0,5843000429.559999,5843000429.559999,41359233.85,565392835.31,3061203228.6899996,9075676576.56,6014473347.87,-188925955.63,1388.56,1729.83,460.09,675.84,3332.01,2774.99,0.0,0.0,,,,Y,,,轻工制造,家居用品,成品家居,12.23,12.1,12.0
sh603313,梦百合,2022-06-28,12.04,12.23,11.88,12.19,12.04,3296558.0,39768468.0,5915795285.41,5915795285.41,41359233.85,565392835.31,3061203228.6899996,9075676576.56,6014473347.87,-188925955.63,1174.17,1316.46,527.94,483.2,2267.67,2170.12,0.0,0.0,,,,Y,,,轻工制造,家居用品,成品家居,11.91,11.96,11.88
sh603313,梦百合,2022-06-29,12.2,12.58,12.06,12.09,12.19,4862943.0,59842339.0,5867265381.51,5867265381.51,41359233.85,565392835.31,3061203228.6899996,9075676576.56,6014473347.87,-188925955.63,1556.04,1260.86,720.0,793.82,3099.37,3540.43,219.7,0.0,,,,Y,,,轻工制造,家居用品,成品家居,12.3,12.41,12.37
sh603313,梦百合,2022-06-30,12.07,12.27,11.75,12.0,12.09,5107339.0,61175041.0,5823588468.000001,5823588468.000001,41359233.85,565392835.31,3061203228.6899996,9075676576.56,6014473347.87,-188925955.63,1898.78,1835.46,350.46,1191.1,3810.46,2935.94,15.48,112.68,,,,Y,,,轻工制造,家居用品,成品家居,12.14,12.09,11.98
sh603313,梦百合,2022-07-01,12.03,12.36,11.97,12.09,12.0,4631279.0,56191797.0,5867265381.51,5867265381.51,41359233.85,565392835.31,3061203228.6899996,9075676576.56,6014473347.87,-188925955.63,1188.32,1469.57,619.51,648.05,3142.34,3260.36,669.0,241.2,,,,Y,,,轻工制造,家居用品,成品家居,12.16,11.97,12.0
sh603313,梦百合,2022-07-04,12.19,12.25,11.92,12.06,12.09,3223089.0,38790225.0,5852706410.34,5852706410.34,41359233.85,565392835.31,3061203228.6899996,9075676576.56,6014473347.87,-188925955.63,932.78,991.28,334.55,206.53,2611.69,2553.22,0.0,128.0,,,,Y,,,轻工制造,家居用品,成品家居,12.1,11.97,12.03
sh603313,梦百合,2022-07-05,12.1,12.39,11.82,11.95,12.06,4272830.0,51559656.0,5799323516.05,5799323516.05,41359233.85,565392835.31,3061203228.6899996,9075676576.56,6014473347.87,-188925955.63,1568.23,1520.01,556.65,388.43,3031.08,3247.52,0.0,0.0,,,,Y,,,轻工制造,家居用品,成品家居,12.18,12.21,12.19
sh603313,梦百合,2022-07-06,12.05,12.07,11.53,11.72,11.95,4702860.0,55075186.0,5687704737.08,5687704737.08,41359233.85,565392835.31,3061203228.6899996,9075676576.56,6014473347.87,-188925955.63,1380.04,1782.48,512.25,775.27,3615.23,2905.48,0.0,44.29,,,,Y,,,轻工制造,家居用品,成品家居,11.76,11.92,11.82
sh603313,梦百合,2022-07-07,11.72,11.79,11.48,11.53,11.72,3288964.0,38026560.0,5595497919.67,5595497919.67,41359233.85,565392835.31,3061203228.6899996,9075676576.56,6014473347.87,-188925955.63,940.63,1023.65,178.72,498.84,2683.31,2280.17,0.0,0.0,,,,Y,,,轻工制造,家居用品,成品家居,11.66,11.59,11.62
sh603313,梦百合,2022-07-08,11.53,11.7,11.52,11.6,11.53,3112370.0,36135477.0,5629468852.4,5629468852.4,41359233.85,565392835.31,3061203228.6899996,9075676576.56,6014473347.87,-188925955.63,1252.66,1539.04,158.47,285.8,2202.42,1788.71,0.0,0.0,,,,Y,,,轻工制造,家居用品,成品家居,11.63,11.63,11.66
sh603313,梦百合,2022-07-11,11.55,11.68,11.26,11.41,11.6,3231457.0,36942465.0,5537262034.990001,5537262034.990001,41359233.85,565392835.31,3061203228.6899996,9075676576.56,6014473347.87,-188925955.63,879.35,878.5,107.55,475.05,2707.35,2340.7,0.0,0.0,,,,Y,,,轻工制造,家居用品,成品家居,11.44,11.59,11.5
sh603313,梦百合,2022-07-12,11.36,11.52,11.06,11.08,11.41,3551296.0,39818603.0,5377113352.12,5377113352.12,41359233.85,565392835.31,3061203228.6899996,9075676576.56,6014473347.87,-188925955.63,969.89,928.97,69.26,249.95,2942.71,2802.94,0.0,0.0,,,,Y,,,轻工制造,家居用品,成品家居,11.34,11.31,11.29
sh603313,梦百合,2022-07-13,11.07,11.2,10.99,11.12,11.08,2297669.0,25532567.0,5396525313.679999,5396525313.679999,41359233.85,565392835.31,3061203228.6899996,9075676576.56,6014473347.87,-188925955.63,859.42,843.21,102.09,222.47,1591.74,1487.57,0.0,0.0,,,,Y,,,轻工制造,家居用品,成品家居,11.14,11.09,11.05
sh603313,梦百合,2022-07-14,11.28,11.28,10.86,10.91,11.12,3967981.0,43610262.0,5294612515.490001,5294612515.490001,41359233.85,565392835.31,3061203228.6899996,9075676576.56,6014473347.87,-188925955.63,1602.58,1083.07,79.54,126.07,2678.9,3151.89,0.0,0.0,,,,Y,,,轻工制造,家居用品,成品家居,11.06,11.03,11.05
sh603313,梦百合,2022-07-15,12.0,12.0,11.74,12.0,10.91,8769014.0,105015799.0,5823588468.000001,5823588468.000001,41359233.85,565392835.31,3061203228.6899996,9075676576.56,6014473347.87,-188925955.63,2330.97,3358.7,1770.4,2223.02,3023.46,3346.08,3376.74,1573.78,,,,Y,,,轻工制造,家居用品,成品家居,12.0,12.0,12.0
sh603313,梦百合,2022-07-18,12.04,12.34,11.72,11.87,12.0,22877414.0,273142362.0,5760499592.93,5760499592.93,41359233.85,565392835.31,3061203228.6899996,9075676576.56,6014473347.87,-188925955.63,9628.14,8102.69,3168.12,3725.74,14189.71,15058.14,328.27,427.66,,,,Y,,,轻工制造,家居用品,成品家居,12.21,11.87,11.77
sh603313,梦百合,2022-07-19,11.87,12.76,11.87,12.52,11.87,24541179.0,304208681.0,6075943968.28,6075943968.28,41359233.85,565392835.31,3061203228.6899996,9075676576.56,6014473347.87,-188925955.63,10600.62,11675.35,4999.24,3406.88,14336.81,15088.93,484.2,249.7,,,,Y,,,轻工制造,家居用品,成品家居,12.34,12.34,12.43
sh603313,梦百合,2022-07-20,12.52,12.54,12.0,12.46,12.52,12951533.0,159889871.0,6046826025.940001,6046826025.940001,41359233.85,565392835.31,3061203228.6899996,9075676576.56,6014473347.87,-188925955.63,4780.65,5243.43,2467.69,1545.44,8354.52,8938.74,124.76,0.0,,,,Y,,,轻工制造,家居用品,成品家居,12.29,12.23,12.23
sh603313,梦百合,2022-07-21,12.42,12.65,12.25,12.44,12.46,9525000.0,118887696.0,6037120045.160001,6037120045.160001,41359233.85,565392835.31,3061203228.6899996,9075676576.56,6014473347.87,-188925955.63,3820.02,4814.33,1114.06,1102.58,6954.69,5971.86,0.0,0.0,,,,Y,,,轻工制造,家居用品,成品家居,12.52,12.46,12.51
sh603313,梦百合,2022-07-22,12.39,12.7,12.36,12.42,12.44,9814566.0,122845641.0,6027414064.38,6027414064.38,41359233.85,565392835.31,3061203228.6899996,9075676576.56,6014473347.87,-188925955.63,4477.12,4164.51,1377.4,1281.64,6430.04,6838.42,0.0,0.0,,,,Y,,,轻工制造,家居用品,成品家居,12.4,12.64,12.57
sh603313,梦百合,2022-07-25,12.37,12.64,12.3,12.59,12.42,8034027.0,100319247.0,6109914901.009999,6109914901.009999,41359233.85,565392835.31,3061203228.6899996,9075676576.56,6014473347.87,-188925955.63,2888.46,3724.97,988.02,1189.2,5971.45,4992.75,184.0,125.0,,,,Y,,,轻工制造,家居用品,成品家居,12.46,12.39,12.33
sh603313,梦百合,2022-07-26,12.6,13.05,12.21,12.75,12.59,10919232.0,137693791.0,6187562747.25,6187562747.25,41359233.85,565392835.31,3061203228.6899996,9075676576.56,6014473347.87,-188925955.63,5509.87,4758.82,1274.26,1054.63,6831.14,7391.75,154.11,564.18,,,,Y,,,轻工制造,家居用品,成品家居,12.39,12.31,12.27
sh603313,梦百合,2022-07-27,12.75,12.81,12.56,12.66,12.75,5308888.0,67221473.0,6143885833.740001,6143885833.740001,41359233.85,565392835.31,3061203228.6899996,9075676576.56,6014473347.87,-188925955.63,2172.98,2432.88,515.79,663.03,4033.38,3626.24,0.0,0.0,,,,Y,,,轻工制造,家居用品,成品家居,12.7,12.67,12.63
sh603313,梦百合,2022-07-28,12.68,12.79,12.43,12.46,12.66,6413241.0,80674316.0,6046826025.940001,6046826025.940001,41359233.85,565392835.31,3061203228.6899996,9075676576.56,6014473347.87,-188925955.63,2643.54,2669.9,410.47,1666.85,5013.42,3730.68,0.0,0.0,,,,Y,,,轻工制造,家居用品,成品家居,12.76,12.67,12.62
sh603313,梦百合,2022-07-29,12.43,12.53,12.25,12.28,12.46,6119769.0,75698766.0,5959472198.92,5959472198.92,41359233.85,565392835.31,3061203228.6899996,9075676576.56,6014473347.87,-188925955.63,1810.28,2503.62,333.42,1181.46,5426.18,3884.55,0.0,0.25,,,,Y,,,轻工制造,家居用品,成品家居,12.4,12.41,12.45
sh603313,梦百合,2022-08-01,12.31,12.45,12.0,12.23,12.28,5221432.0,63657236.0,5935207246.97,5935207246.97,41359233.85,565392835.31,3061203228.6899996,9075676576.56,6014473347.87,-188925955.63,1430.75,1359.98,603.19,805.09,4331.78,3572.34,0.0,628.31,,,,Y,,,轻工制造,家居用品,成品家居,12.33,12.23,12.2
sh603313,梦百合,2022-08-02,12.08,12.16,11.38,11.62,12.23,8718463.0,101855069.0,5639174833.18,5639174833.18,41359233.85,565392835.31,3061203228.6899996,9075676576.56,6014473347.87,-188925955.63,2511.69,3118.75,1238.27,1456.94,6435.55,5519.92,0.0,89.9,,,,Y,,,轻工制造,家居用品,成品家居,11.94,11.71,11.7
sh603313,梦百合,2022-08-03,11.5,11.85,11.4,11.42,11.62,4944898.0,57563721.0,5542115025.38,5542115025.38,41359233.85,565392835.31,3061203228.6899996,9075676576.56,6014473347.87,-188925955.63,1231.83,1386.3,442.17,638.04,4082.37,3627.85,0.0,104.19,,,,Y,,,轻工制造,家居用品,成品家居,11.83,11.79,11.65
sh603313,梦百合,2022-08-04,11.55,11.8,11.45,11.77,11.42,7155125.0,83325631.0,5711969689.03,5711969689.03,41359233.85,565392835.31,3061203228.6899996,9075676576.56,6014473347.87,-188925955.63,2067.13,1964.07,378.13,530.44,5758.41,5732.51,128.89,105.55,,,,Y,,,轻工制造,家居用品,成品家居,11.54,11.59,11.64
sh603313,梦百合,2022-08-05,11.84,11.99,11.71,11.9,11.77,4649075.0,55036742.0,5775058564.1,5775058564.1,41359233.85,565392835.31,3061203228.6899996,9075676576.56,6014473347.87,-188925955.63,1466.33,1497.43,444.99,862.54,3564.53,2982.87,0.0,133.01,,,,Y,,,轻工制造,家居用品,成品家居,11.85,11.9,11.81
sh603313,梦百合,2022-08-08,11.82,11.87,11.66,11.8,11.9,4149702.0,48838717.0,5726528660.2,5726528660.2,41359233.85,565392835.31,3061203228.6899996,9075676576.56,6014473347.87,-188925955.63,1232.14,1083.88,509.25,464.23,2931.99,3273.22,210.49,62.54,,,,Y,,,轻工制造,家居用品,成品家居,11.8,11.85,11.76
sh603313,梦百合,2022-08-09,11.96,12.35,11.94,12.09,11.8,6715016.0,81172395.0,5867265381.51,5867265381.51,41359233.85,565392835.31,3061203228.6899996,9075676576.56,6014473347.87,-188925955.63,2275.39,2420.87,870.31,554.74,4971.54,4952.91,0.0,188.71,,,,Y,,,轻工制造,家居用品,成品家居,12.16,12.06,12.06
sh603313,梦百合,2022-08-10,11.95,12.07,11.61,11.75,12.09,5130519.0,60255431.0,5702263708.25,5702263708.25,41359233.85,565392835.31,3061203228.6899996,9075676576.56,6014473347.87,-188925955.63,1907.06,1656.57,727.4,721.13,3391.08,3647.84,0.0,0.0,,,,Y,,,轻工制造,家居用品,成品家居,11.83,11.83,11.83
sh603313,梦百合,2022-08-11,11.71,12.54,11.71,12.41,11.75,7189284.0,87033367.0,6022561073.99,6022561073.99,41359233.85,565392835.31,3061203228.6899996,9075676576.56,6014473347.87,-188925955.63,2869.89,2809.43,1105.59,852.61,4693.49,5041.29,34.37,0.0,,,,Y,,,轻工制造,家居用品,成品家居,11.89,11.87,11.83
sh603313,梦百合,2022-08-12,12.4,12.54,12.18,12.37,12.41,5226197.0,64540795.0,6003149112.429999,6003149112.429999,41359233.85,565392835.31,3061203228.6899996,9075676576.56,6014473347.87,-188925955.63,2030.17,1560.38,531.58,458.75,3827.64,4123.36,64.7,311.58,,,,Y,,,轻工制造,家居用品,成品家居,12.36,12.21,12.26
sh603313,梦百合,2022-08-15,12.28,12.32,12.0,12.2,12.37,4075337.0,49482684.0,5920648275.8,5920648275.8,41359233.85,565392835.31,3061203228.6899996,9075676576.56,6014473347.87,-188925955.63,1374.4,1638.98,172.21,281.76,3401.66,3027.53,0.0,0.0,,,,Y,,,轻工制造,家居用品,成品家居,12.16,12.17,12.12
sh603313,梦百合,2022-08-16,12.23,12.37,12.1,12.23,12.2,4349561.0,53129057.0,5935207246.97,5935207246.97,41359233.85,565392835.31,3061203228.6899996,9075676576.56,6014473347.87,-188925955.63,1673.51,1692.47,384.26,480.22,3255.14,3138.14,0.0,2.07,,,,Y,,,轻工制造,家居用品,成品家居,12.24,12.24,12.3
sh603313,梦百合,2022-08-17,12.2,12.81,12.2,12.45,12.23,6855579.0,85953285.0,6041973035.55,6041973035.55,41359233.85,565392835.31,3061203228.6899996,9075676576.56,6014473347.87,-188925955.63,2728.42,2312.56,1573.59,1421.38,4291.6,4692.55,1.72,168.84,,,,Y,,,轻工制造,家居用品,成品家居,12.29,12.72,12.6
sh603313,梦百合,2022-08-18,12.38,12.39,12.06,12.26,12.45,4768122.0,58191380.0,5949766218.139999,5949766218.139999,41359233.85,565392835.31,3061203228.6899996,9075676576.56,6014473347.87,-188925955.63,1861.02,1736.22,671.31,1044.32,3286.81,2978.27,0.0,60.33,,,,Y,,,轻工制造,家居用品,成品家居,12.21,12.23,12.18
sh603313,梦百合,2022-08-19,12.3,12.57,12.16,12.19,12.26,4260745.0,52648771.0,5915795285.41,5915795285.41,41359233.85,565392835.31,3061203228.6899996,9075676576.56,6014473347.87,-188925955.63,1316.71,1456.28,348.69,759.79,3599.48,3048.81,0.0,0.0,,,,Y,,,轻工制造,家居用品,成品家居,12.33,12.52,12.48
sh603313,梦百合,2022-08-22,12.25,12.48,12.07,12.44,12.19,4533964.0,56082889.0,6037120045.160001,6037120045.160001,41359233.85,565392835.31,3061203228.6899996,9075676576.56,6014473347.87,-188925955.63,1593.91,1768.67,372.41,781.79,3641.97,2846.98,0.0,210.85,,,,Y,,,轻工制造,家居用品,成品家居,12.14,12.26,12.25
sh603313,梦百合,2022-08-23,12.38,12.41,12.09,12.23,12.44,4310313.0,52736187.0,5935207246.97,5935207246.97,41359233.85,565392835.31,3061203228.6899996,9075676576.56,6014473347.87,-188925955.63,1607.41,1678.36,328.12,304.14,3338.08,3291.12,0.0,0.0,,,,Y,,,轻工制造,家居用品,成品家居,12.38,12.38,12.3
sh603313,梦百合,2022-08-24,12.22,12.31,11.85,11.94,12.23,4340993.0,52024191.0,5794470525.66,5794470525.66,41359233.85,565392835.31,3061203228.6899996,9075676576.56,6014473347.87,-188925955.63,1545.58,1563.94,301.46,694.17,3355.38,2944.32,0.0,0.0,,,,Y,,,轻工制造,家居用品,成品家居,12.14,12.13,12.1
sh603313,梦百合,2022-08-25,11.88,12.23,11.85,12.16,11.94,5103880.0,61662096.0,5901236314.24,5901236314.24,41359233.85,565392835.31,3061203228.6899996,9075676576.56,6014473347.87,-188925955.63,2099.27,2367.2,654.36,667.27,3368.99,2962.57,43.59,169.17,,,,Y,,,轻工制造,家居用品,成品家居,11.99,12.07,12.08
sh603313,梦百合,2022-08-26,12.16,12.52,12.09,12.24,12.16,5714504.0,70259937.0,5940060237.36,5940060237.36,41359233.85,565392835.31,3061203228.6899996,9075676576.56,6014473347.87,-188925955.63,2157.1,2736.13,772.72,536.8,3904.62,3631.96,191.56,121.11,,,,Y,,,轻工制造,家居用品,成品家居,12.34,12.44,12.33
sh603313,梦百合,2022-08-29,12.14,12.42,11.8,12.36,12.24,5360346.0,65442485.0,5998296122.04,5998296122.04,41359233.85,565392835.31,3061203228.6899996,9075676576.56,6014473347.87,-188925955.63,1618.63,1626.01,470.88,684.73,4454.74,4034.42,0.0,199.09,,,,Y,,,轻工制造,家居用品,成品家居,11.99,12.16,12.17
sh603313,梦百合,2022-08-30,12.5,13.04,12.4,12.74,12.36,9626334.0,122963154.0,6182709756.86,6182709756.86,41359233.85,565392835.31,3061203228.6899996,9075676576.56,6014473347.87,-188925955.63,4247.87,4074.76,943.04,1214.51,7105.4,6782.1,0.0,224.95,,,,Y,,,轻工制造,家居用品,成品家居,12.85,13.03,12.9
sh603313,梦百合,2022-08-31,12.78,12.79,12.06,12.25,12.74,10769720.0,132226197.0,5944913227.75,5944913227.75,41359233.85,565392835.31,3061203228.6899996,9075676576.56,6014473347.87,-188925955.63,3457.89,3705.16,1470.13,1500.88,8170.6,8016.59,124.0,0.0,,,,Y,,,轻工制造,家居用品,成品家居,12.5,12.25,12.15
sh603313,梦百合,2022-09-01,12.24,12.24,11.69,11.77,12.25,7564958.0,90235481.0,5711969689.03,5711969689.03,41359233.85,565392835.31,3061203228.6899996,9075676576.56,6014473347.87,-188925955.63,2789.81,2201.5,834.2,489.52,5399.54,6329.17,0.0,3.36,,,,Y,,,轻工制造,家居用品,成品家居,12.09,12.13,12.04
sh603313,梦百合,2022-09-02,11.77,11.94,11.61,11.72,11.77,5998458.0,70397642.0,5687704737.08,5687704737.08,41359233.85,565392835.31,3061203228.6899996,9075676576.56,6014473347.87,-188925955.63,1929.94,1784.41,887.67,745.84,4222.16,4203.73,0.0,305.79,,,,Y,,,轻工制造,家居用品,成品家居,11.9,11.72,11.72
sh603313,梦百合,2022-09-05,11.67,11.75,11.28,11.39,11.72,5567722.0,63528428.0,5527556054.21,5527556054.21,41359233.85,565392835.31,3061203228.6899996,9075676576.56,6014473347.87,-188925955.63,1960.37,1644.52,492.48,716.65,3900.0,3873.53,0.0,118.14,,,,Y,,,轻工制造,家居用品,成品家居,11.59,11.45,11.46
sh603313,梦百合,2022-09-06,11.35,11.36,11.09,11.27,11.39,5110150.0,57172598.0,5469320169.53,5469320169.53,41359233.85,565392835.31,3061203228.6899996,9075676576.56,6014473347.87,-188925955.63,1839.43,1549.6,427.44,421.98,3450.39,3668.46,0.0,77.23,,,,Y,,,轻工制造,家居用品,成品家居,11.23,11.12,11.13
sh603313,梦百合,2022-09-07,11.26,11.26,11.06,11.17,11.27,4493003.0,49985702.0,5420790265.63,5420790265.63,41359233.85,565392835.31,3061203228.6899996,9075676576.56,6014473347.87,-188925955.63,1923.75,1018.33,424.17,432.28,2650.65,3547.97,0.0,0.0,,,,Y,,,轻工制造,家居用品,成品家居,11.2,11.14,11.11
sh603313,梦百合,2022-09-08,11.16,11.32,11.05,11.08,11.17,4285832.0,47666084.0,5377113352.12,5377113352.12,41359233.85,565392835.31,3061203228.6899996,9075676576.56,6014473347.87,-188925955.63,1632.79,1261.49,531.46,316.76,2602.36,3188.36,0.0,0.0,,,,Y,,,轻工制造,家居用品,成品家居,11.17,11.19,11.12
sh603313,梦百合,2022-09-09,11.1,11.35,10.98,11.32,11.08,5654495.0,63496460.0,5493585121.48,5493585121.48,41359233.85,565392835.31,3061203228.6899996,9075676576.56,6014473347.87,-188925955.63,2009.45,2248.33,664.28,375.44,3658.46,3725.88,17.46,0.0,,,,Y,,,轻工制造,家居用品,成品家居,11.02,11.17,11.15
sh603313,梦百合,2022-09-13,11.3,11.41,11.2,11.29,11.32,4575741.0,51678252.0,5479026150.309999,5479026150.309999,41359233.85,565392835.31,3061203228.6899996,9075676576.56,6014473347.87,-188925955.63,1572.88,1690.9,589.62,326.73,3005.33,3150.2,0.0,0.0,,,,Y,,,轻工制造,家居用品,成品家居,11.24,11.29,11.37
sh603313,梦百合,2022-09-14,11.08,11.33,11.01,11.28,11.29,2966698.0,33156162.0,5474173159.92,5474173159.92,41359233.85,565392835.31,3061203228.6899996,9075676576.56,6014473347.87,-188925955.63,906.01,1180.98,224.74,111.89,2184.86,2022.74,0.0,0.0,,,,Y,,,轻工制造,家居用品,成品家居,11.08,11.08,11.08
sh603313,梦百合,2022-09-15,11.28,11.6,11.11,11.33,11.28,5393684.0,61000549.0,5498438111.87,5498438111.87,41359233.85,565392835.31,3061203228.6899996,9075676576.56,6014473347.87,-188925955.63,1796.26,1801.91,886.84,524.95,3179.72,3773.2,237.24,0.0,,,,Y,,,轻工制造,家居用品,成品家居,11.27,11.48,11.32
sh603313,梦百合,2022-09-16,11.25,11.33,10.6,10.6,11.33,6620949.0,72131531.0,5144169813.4,5144169813.4,41359233.85,565392835.31,3061203228.6899996,9075676576.56,6014473347.87,-188925955.63,2426.86,2013.82,688.96,1112.33,4097.34,3898.11,0.0,188.89,,,,Y,,,轻工制造,家居用品,成品家居,11.23,11.1,11.04
sh603313,梦百合,2022-09-19,10.58,10.83,10.42,10.57,10.6,4791009.0,51008408.0,5129610842.23,5129610842.23,41359233.85,565392835.31,3061203228.6899996,9075676576.56,6014473347.87,-188925955.63,719.11,1619.7,243.13,516.92,4031.2,2964.23,107.4,0.0,,,,Y,,,轻工制造,家居用品,成品家居,10.58,10.78,10.8
sh603313,梦百合,2022-09-20,10.72,10.85,10.44,10.57,10.57,3627527.0,38260703.0,5129610842.23,5129610842.23,41359233.85,565392835.31,3061203228.6899996,9075676576.56,6014473347.87,-188925955.63,1335.59,957.8,146.21,550.91,2344.27,2317.36,0.0,0.0,,,,Y,,,轻工制造,家居用品,成品家居,10.67,10.63,10.62
sh603313,梦百合,2022-09-21,10.5,10.5,10.27,10.45,10.57,2562120.0,26633331.0,5071374957.55,5071374957.55,41359233.85,565392835.31,3061203228.6899996,9075676576.56,6014473347.87,-188925955.63,637.37,823.76,60.0,46.86,1875.49,1702.25,0.0,0.0,,,,Y,,,轻工制造,家居用品,成品家居,10.39,10.34,10.3
sh603313,梦百合,2022-09-22,10.4,10.46,10.19,10.21,10.45,3470660.0,35791360.0,4954903188.19,4954903188.19,41359233.85,565392835.31,3061203228.6899996,9075676576.56,6014473347.87,-188925955.63,1233.59,829.38,284.05,113.66,2060.98,2586.59,0.52,49.51,,,,Y,,,轻工制造,家居用品,成品家居,10.42,10.39,10.35
sh603313,梦百合,2022-09-23,10.2,10.32,9.92,10.07,10.21,4900057.0,49501214.0,4886961322.7300005,4886961322.7300005,41359233.85,565392835.31,3061203228.6899996,9075676576.56,6014473347.87,-188925955.63,1401.47,1834.37,236.9,366.93,3311.75,2748.82,0.0,0.0,,,,Y,,,轻工制造,家居用品,成品家居,10.24,10.24,10.2
sh603313,梦百合,2022-09-26,9.97,10.08,9.85,9.87,10.07,3468846.0,34558746.0,4789901514.93,4789901514.93,41359233.85,565392835.31,3061203228.6899996,9075676576.56,6014473347.87,-188925955.63,802.64,905.24,171.37,177.65,2481.86,2372.99,0.0,0.0,,,,Y,,,轻工制造,家居用品,成品家居,9.97,10.03,10.05
sh603313,梦百合,2022-09-27,9.92,10.22,9.89,10.21,9.87,5027835.0,50657875.0,4954903188.19,4954903188.19,41359233.85,565392835.31,3061203228.6899996,9075676576.56,6014473347.87,-188925955.63,1069.47,1494.14,341.09,575.44,3655.23,2996.21,0.0,0.0,,,,Y,,,轻工制造,家居用品,成品家居,10.0,9.92,9.93
sh603313,梦百合,2022-09-28,10.22,10.35,10.07,10.08,10.21,3090740.0,31428884.0,4891814313.12,4891814313.12,41359233.85,565392835.31,3061203228.6899996,9075676576.56,6014473347.87,-188925955.63,906.59,892.37,112.25,131.42,2124.05,2119.09,0.0,0.0,,,,Y,,,轻工制造,家居用品,成品家居,10.12,10.27,10.33
sh603313,梦百合,2022-09-29,10.19,10.24,9.88,9.95,10.08,3192463.0,31977769.0,4828725438.05,4828725438.05,41359233.85,565392835.31,3061203228.6899996,9075676576.56,6014473347.87,-188925955.63,1154.58,1062.73,304.03,263.33,1739.17,1871.72,0.0,0.0,,,,Y,,,轻工制造,家居用品,成品家居,10.14,10.15,10.19
sh603313,梦百合,2022-09-30,9.85,10.1,9.73,9.75,9.95,2701649.0,26529886.0,4731665630.25,4731665630.25,41359233.85,565392835.31,3061203228.6899996,9075676576.56,6014473347.87,-188925955.63,790.86,745.96,39.91,167.08,1822.22,1739.95,0.0,0.0,,,,Y,,,轻工制造,家居用品,成品家居,9.92,9.9,9.87
sh603313,梦百合,2022-10-10,9.75,9.85,9.45,9.56,9.75,3222624.0,31045650.0,4639458812.84,4639458812.84,41359233.85,565392835.31,3061203228.6899996,9075676576.56,6014473347.87,-188925955.63,827.05,833.94,85.66,302.05,2191.85,1968.58,0.0,0.0,,,,Y,,,轻工制造,家居用品,成品家居,9.65,9.76,9.7
sh603313,梦百合,2022-10-11,9.58,9.59,9.37,9.53,9.56,2637790.0,25029212.0,4624899841.67,4624899841.67,41359233.85,565392835.31,3061203228.6899996,9075676576.56,6014473347.87,-188925955.63,615.95,609.68,166.97,155.78,1720.0,1737.46,0.0,0.0,,,,Y,,,轻工制造,家居用品,成品家居,9.49,9.45,9.44
sh603313,梦百合,2022-10-12,9.54,9.86,9.42,9.82,9.53,3256760.0,31436736.0,4765636562.9800005,4765636562.9800005,41359233.85,565392835.31,3061203228.6899996,9075676576.56,6014473347.87,-188925955.63,733.48,770.9,69.68,116.85,2340.51,2255.92,0.0,0.0,,,,Y,,,轻工制造,家居用品,成品家居,9.54,9.53,9.49
sh603313,梦百合,2022-10-13,9.85,10.17,9.73,10.02,9.82,3748874.0,37455830.0,4862696370.78,4862696370.78,41359233.85,565392835.31,3061203228.6899996,9075676576.56,6014473347.87,-188925955.63,1072.04,969.21,90.11,218.69,2583.43,2557.69,0.0,0.0,,,,Y,,,轻工制造,家居用品,成品家居,9.8,9.79,9.79
sh603313,梦百合,2022-10-14,10.09,10.31,10.0,10.24,10.02,3748577.0,38336710.0,4969462159.36,4969462159.36,41359233.85,565392835.31,3061203228.6899996,9075676576.56,6014473347.87,-188925955.63,1022.66,1407.77,348.02,409.29,2462.99,2016.61,0.0,0.0,,,,Y,,,轻工制造,家居用品,成品家居,10.15,10.18,10.15
sh603313,梦百合,2022-10-17,10.25,10.3,10.14,10.24,10.24,2441479.0,24990337.0,4969462159.36,4969462159.36,41359233.85,565392835.31,3061203228.6899996,9075676576.56,6014473347.87,-188925955.63,634.71,691.69,303.47,316.56,1560.86,1490.79,0.0,0.0,,,,Y,,,轻工制造,家居用品,成品家居,10.22,10.17,10.28
sh603313,梦百合,2022-10-18,10.24,10.36,10.2,10.27,10.24,2972865.0,30560584.0,4984021130.53,4984021130.53,41359233.85,565392835.31,3061203228.6899996,9075676576.56,6014473347.87,-188925955.63,1016.11,1020.15,224.71,607.44,1815.24,1428.47,0.0,0.0,,,,Y,,,轻工制造,家居用品,成品家居,10.28,10.25,10.21
sh603313,梦百合,2022-10-19,10.19,10.27,10.06,10.08,10.27,2291999.0,23261285.0,4891814313.12,4891814313.12,41359233.85,565392835.31,3061203228.6899996,9075676576.56,6014473347.87,-188925955.63,576.01,552.62,240.9,407.64,1509.22,1365.86,0.0,0.0,,,,Y,,,轻工制造,家居用品,成品家居,10.22,10.17,10.19
sh603313,梦百合,2022-10-20,10.08,10.24,10.0,10.04,10.08,2776253.0,28001558.0,4872402351.56,4872402351.56,41359233.85,565392835.31,3061203228.6899996,9075676576.56,6014473347.87,-188925955.63,827.62,802.49,238.4,397.03,1734.13,1600.63,0.0,0.0,,,,Y,,,轻工制造,家居用品,成品家居,10.2,10.09,10.04
sh603313,梦百合,2022-10-21,10.0,10.12,9.91,9.97,10.04,2729473.0,27314779.0,4838431418.83,4838431418.83,41359233.85,565392835.31,3061203228.6899996,9075676576.56,6014473347.87,-188925955.63,1028.96,903.65,163.53,405.06,1538.29,1422.06,0.0,0.0,,,,Y,,,轻工制造,家居用品,成品家居,10.03,10.05,9.96
sh603313,梦百合,2022-10-24,10.0,10.15,9.7,9.74,9.97,3128841.0,31068923.0,4726812639.86,4726812639.86,41359233.85,565392835.31,3061203228.6899996,9075676576.56,6014473347.87,-188925955.63,1065.63,958.26,100.52,117.37,1940.74,2031.26,0.0,0.0,,,,Y,,,轻工制造,家居用品,成品家居,10.06,10.11,10.03
sh603313,梦百合,2022-10-25,9.8,9.94,9.57,9.74,9.74,2543822.0,24721021.0,4726812639.86,4726812639.86,41359233.85,565392835.31,3061203228.6899996,9075676576.56,6014473347.87,-188925955.63,706.5,650.33,180.84,117.24,1584.76,1704.53,0.0,0.0,,,,Y,,,轻工制造,家居用品,成品家居,9.78,9.74,9.74
sh603313,梦百合,2022-10-26,9.74,10.15,9.73,10.09,9.74,3354732.0,33589595.0,4896667303.51,4896667303.51,41359233.85,565392835.31,3061203228.6899996,9075676576.56,6014473347.87,-188925955.63,977.2,1196.88,464.77,484.17,1916.99,1677.91,0.0,0.0,,,,Y,,,轻工制造,家居用品,成品家居,9.92,9.89,9.96
sh603313,梦百合,2022-10-27,10.15,10.37,10.05,10.26,10.09,2833426.0,29024209.0,4979168140.14,4979168140.14,41359233.85,565392835.31,3061203228.6899996,9075676576.56,6014473347.87,-188925955.63,941.3,1026.97,236.92,53.57,1724.2,1821.88,0.0,0.0,,,,Y,,,轻工制造,家居用品,成品家居,10.07,10.19,10.19
sh603313,梦百合,2022-10-28,10.2,10.32,9.82,9.93,10.26,3334321.0,33275847.0,4819019457.27,4819019457.27,41359233.85,565392835.31,3061203228.6899996,9075676576.56,6014473347.87,-188925955.63,1228.95,744.9,500.9,270.62,1597.74,2312.07,0.0,0.0,,,,Y,,,轻工制造,家居用品,成品家居,10.09,10.13,9.98
sh603313,梦百合,2022-10-31,9.5,9.89,9.06,9.25,9.93,9042736.0,83676214.0,4489016110.75,4489016110.75,41359233.85,565392835.31,3061203228.6899996,9075676576.56,6014473347.87,-188925955.63,2901.41,2209.78,808.91,999.58,4462.66,5076.27,194.64,81.98,,,,Y,,,轻工制造,家居用品,成品家居,9.51,9.19,9.25
sh603313,梦百合,2022-11-01,9.31,9.79,9.15,9.77,9.25,5593298.0,53085189.0,4741371611.03,4741371611.03,41359233.85,565392835.31,3061203228.6899996,9075676576.56,6014473347.87,-188925955.63,1412.42,1599.19,438.83,201.07,3457.27,3508.26,0.0,0.0,,,,Y,,,轻工制造,家居用品,成品家居,9.35,9.22,9.21
sh603313,梦百合,2022-11-02,9.68,9.87,9.65,9.75,9.77,3538873.0,34553091.0,4731665630.25,4731665630.25,41359233.85,565392835.31,3061203228.6899996,9075676576.56,6014473347.87,-188925955.63,994.52,926.55,345.54,286.38,2115.25,2120.76,0.0,121.63,,,,Y,,,轻工制造,家居用品,成品家居,9.74,9.75,9.73
sh603313,梦百合,2022-11-03,9.68,9.74,9.53,9.69,9.75,3056690.0,29458486.0,4702547687.91,4702547687.91,41359233.85,565392835.31,3061203228.6899996,9075676576.56,6014473347.87,-188925955.63,678.51,698.02,315.86,353.4,1951.48,1894.43,0.0,0.0,,,,Y,,,轻工制造,家居用品,成品家居,9.64,9.63,9.62
sh603313,梦百合,2022-11-04,9.71,10.1,9.7,10.09,9.69,5067525.0,50588202.0,4896667303.51,4896667303.51,41359233.85,565392835.31,3061203228.6899996,9075676576.56,6014473347.87,-188925955.63,1428.94,1565.16,663.7,728.28,2966.18,2765.38,0.0,0.0,,,,Y,,,轻工制造,家居用品,成品家居,9.78,9.74,9.8
sh603313,梦百合,2022-11-07,10.1,10.29,10.05,10.24,10.09,5006912.0,50973564.0,4969462159.36,4969462159.36,41359233.85,565392835.31,3061203228.6899996,9075676576.56,6014473347.87,-188925955.63,1423.37,1650.65,757.89,1119.84,2916.1,2326.86,0.0,0.0,,,,Y,,,轻工制造,家居用品,成品家居,10.11,10.15,10.08
sh603313,梦百合,2022-11-08,10.26,10.26,10.03,10.08,10.24,2593762.0,26193681.0,4891814313.12,4891814313.12,41359233.85,565392835.31,3061203228.6899996,9075676576.56,6014473347.87,-188925955.63,904.61,793.52,200.56,312.44,1514.2,1513.4,0.0,0.0,,,,Y,,,轻工制造,家居用品,成品家居,10.11,10.11,10.13
sh603313,梦百合,2022-11-09,10.06,10.3,10.02,10.18,10.08,3085758.0,31426441.0,4940344217.02,4940344217.02,41359233.85,565392835.31,3061203228.6899996,9075676576.56,6014473347.87,-188925955.63,5211.71,4941.49,1981.08,1061.05,8502.52,9692.77,0.0,0.0,,,,Y,,,轻工制造,家居用品,成品家居,10.08,10.1,10.08
sh603313,梦百合,2022-11-10,10.16,10.16,10.01,10.11,10.18,2561034.0,25836758.0,4906373284.29,4906373284.29,41359233.85,565392835.31,3061203228.6899996,9075676576.56,6014473347.87,-188925955.63,900.31,713.97,99.59,169.62,1583.78,1700.08,0.0,0.0,,,,Y,,,轻工制造,家居用品,成品家居,10.06,10.15,10.12
sh603313,梦百合,2022-11-11,10.44,11.0,10.3,10.52,10.11,7603504.0,80227937.0,5105345890.28,5105345890.28,41359233.85,565392835.31,3061203228.6899996,9075676576.56,6014473347.87,-188925955.63,2378.38,3152.14,1432.59,874.13,3870.67,3996.51,341.16,0.0,,,,Y,,,轻工制造,家居用品,成品家居,10.35,10.42,10.54
sh603313,梦百合,2022-11-14,10.78,11.15,10.59,10.66,10.52,10644384.0,115580188.0,5173287755.740001,5173287755.740001,41359233.85,565392835.31,3061203228.6899996,9075676576.56,6014473347.87,-188925955.63,3433.52,3992.23,2459.11,1935.44,5598.9,5630.35,66.48,0.0,,,,Y,,,轻工制造,家居用品,成品家居,10.73,10.86,10.85
sh603313,梦百合,2022-11-15,10.69,10.71,10.49,10.63,10.66,5179108.0,54997003.0,5158728784.57,5158728784.57,41359233.85,565392835.31,3061203228.6899996,9075676576.56,6014473347.87,-188925955.63,1859.12,1946.09,471.43,549.66,3169.15,3003.96,0.0,0.0,,,,Y,,,轻工制造,家居用品,成品家居,10.56,10.59,10.61
sh603313,梦百合,2022-11-16,10.68,10.68,10.46,10.49,10.63,3915361.0,41292422.0,5090786919.11,5090786919.11,41359233.85,565392835.31,3061203228.6899996,9075676576.56,6014473347.87,-188925955.63,1196.6,1484.86,557.38,419.47,2375.27,2024.57,0.0,200.33,,,,Y,,,轻工制造,家居用品,成品家居,10.62,10.6,10.61
sh603313,梦百合,2022-11-17,10.48,10.51,10.35,10.45,10.49,3581920.0,37303521.0,5071374957.55,5071374957.55,41359233.85,565392835.31,3061203228.6899996,9075676576.56,6014473347.87,-188925955.63,1329.7,1316.66,182.98,452.19,2217.67,1763.53,0.0,197.98,,,,Y,,,轻工制造,家居用品,成品家居,10.45,10.45,10.38
sh603313,梦百合,2022-11-18,10.5,10.51,10.32,10.36,10.45,2885433.0,30058092.0,5027698044.04,5027698044.04,41359233.85,565392835.31,3061203228.6899996,9075676576.56,6014473347.87,-188925955.63,892.6,851.45,257.95,374.97,1855.25,1747.16,0.0,32.23,,,,Y,,,轻工制造,家居用品,成品家居,10.47,10.43,10.48
sh603313,梦百合,2022-11-21,10.36,10.36,10.15,10.27,10.36,3805792.0,38915892.0,4984021130.53,4984021130.53,41359233.85,565392835.31,3061203228.6899996,9075676576.56,6014473347.87,-188925955.63,1099.98,1233.18,297.86,162.39,2493.76,2496.02,0.0,0.0,,,,Y,,,轻工制造,家居用品,成品家居,10.24,10.22,10.18
sh603313,梦百合,2022-11-22,10.28,10.37,10.13,10.16,10.27,2866326.0,29370299.0,4930638236.24,4930638236.24,41359233.85,565392835.31,3061203228.6899996,9075676576.56,6014473347.87,-188925955.63,842.51,833.63,228.19,69.91,1866.32,2033.48,0.0,0.0,,,,Y,,,轻工制造,家居用品,成品家居,10.3,10.28,10.28
sh603313,梦百合,2022-11-23,10.2,10.2,9.91,10.12,10.16,3221226.0,32377606.0,4911226274.68,4911226274.68,41359233.85,565392835.31,3061203228.6899996,9075676576.56,6014473347.87,-188925955.63,1024.55,995.42,308.26,254.81,1904.96,1987.53,0.0,0.0,,,,Y,,,轻工制造,家居用品,成品家居,10.1,10.07,10.03
sh603313,梦百合,2022-11-24,10.12,10.36,10.11,10.3,10.12,3266080.0,33436007.0,4998580101.7,4998580101.7,41359233.85,565392835.31,3061203228.6899996,9075676576.56,6014473347.87,-188925955.63,1039.58,900.79,305.96,240.37,1998.06,2202.44,0.0,0.0,,,,Y,,,轻工制造,家居用品,成品家居,10.14,10.15,10.2
sh603313,梦百合,2022-11-25,10.36,10.53,10.19,10.42,10.3,3614283.0,37527626.0,5056815986.38,5056815986.38,41359233.85,565392835.31,3061203228.6899996,9075676576.56,6014473347.87,-188925955.63,1019.22,938.7,528.72,240.95,2183.78,2573.11,21.04,0.0,,,,Y,,,轻工制造,家居用品,成品家居,10.3,10.23,10.24
sh603313,梦百合,2022-11-28,10.25,10.36,10.0,10.24,10.42,3326406.0,33749478.0,4969462159.36,4969462159.36,41359233.85,565392835.31,3061203228.6899996,9075676576.56,6014473347.87,-188925955.63,1029.68,979.62,146.1,210.92,2199.17,2163.08,0.0,21.32,,,,Y,,,轻工制造,家居用品,成品家居,10.25,10.11,10.1
sh603313,梦百合,2022-11-29,10.45,10.77,10.4,10.72,10.24,6208318.0,65881197.0,5202405698.08,5202405698.08,41359233.85,565392835.31,3061203228.6899996,9075676576.56,6014473347.87,-188925955.63,1712.15,1988.74,821.95,780.29,4054.03,3681.51,0.0,137.58,,,,Y,,,轻工制造,家居用品,成品家居,10.46,10.44,10.44
sh603313,梦百合,2022-11-30,10.72,10.79,10.6,10.66,10.72,3768462.0,40358532.0,5173287755.740001,5173287755.740001,41359233.85,565392835.31,3061203228.6899996,9075676576.56,6014473347.87,-188925955.63,812.7,1253.44,396.91,279.79,2727.34,2395.18,98.91,107.45,,,,Y,,,轻工制造,家居用品,成品家居,10.7,10.77,10.71
sh603313,梦百合,2022-12-01,10.78,10.93,10.66,10.71,10.66,3574660.0,38490174.0,5197552707.69,5197552707.69,41359233.85,565392835.31,3061203228.6899996,9075676576.56,6014473347.87,-188925955.63,805.23,950.29,784.59,567.63,2259.2,2011.13,0.0,319.97,,,,Y,,,轻工制造,家居用品,成品家居,10.76,10.88,10.84
sh603313,梦百合,2022-12-02,10.66,10.81,10.6,10.76,10.71,2220002.0,23778041.0,5221817659.64,5221817659.64,41359233.85,565392835.31,3061203228.6899996,9075676576.56,6014473347.87,-188925955.63,501.65,629.27,226.35,387.89,1649.81,1360.64,0.0,0.0,,,,Y,,,轻工制造,家居用品,成品家居,10.67,10.63,10.72
sh603313,梦百合,2022-12-05,10.78,11.28,10.78,11.03,10.76,6126153.0,67512575.0,5352848400.17,5352848400.17,41359233.85,565392835.31,3061203228.6899996,9075676576.56,6014473347.87,-188925955.63,2383.71,2175.05,887.03,905.77,3480.52,3670.44,0.0,0.0,,,,Y,,,轻工制造,家居用品,成品家居,10.87,10.85,10.95
sh603313,梦百合,2022-12-06,10.94,11.6,10.9,11.14,11.03,8349972.0,94102213.0,5406231294.46,5406231294.46,41359233.85,565392835.31,3061203228.6899996,9075676576.56,6014473347.87,-188925955.63,3192.06,3270.5,1470.64,1103.52,4662.23,5015.15,64.25,0.0,,,,Y,,,轻工制造,家居用品,成品家居,10.98,10.99,11.41
sh603313,梦百合,2022-12-07,11.51,11.68,11.21,11.23,11.14,12853162.0,146341981.0,5449908207.969999,5449908207.969999,41359233.85,565392835.31,3061203228.6899996,9075676576.56,6014473347.87,-188925955.63,4495.14,4580.63,1845.66,1832.05,8058.2,7959.07,235.19,262.46,,,,Y,,,轻工制造,家居用品,成品家居,11.39,11.45,11.34
sh603313,梦百合,2022-12-08,11.6,11.76,11.25,11.46,11.23,11268269.0,129244547.0,5561526986.940001,5561526986.940001,41359233.85,565392835.31,3061203228.6899996,9075676576.56,6014473347.87,-188925955.63,4310.92,3686.0,1746.52,1829.06,6316.62,7311.92,550.39,97.48,,,,Y,,,轻工制造,家居用品,成品家居,11.64,11.35,11.35
sh603313,梦百合,2022-12-09,11.47,11.97,11.31,11.8,11.46,13473340.0,157098049.0,5726528660.2,5726528660.2,41359233.85,565392835.31,3061203228.6899996,9075676576.56,6014473347.87,-188925955.63,4759.92,5052.05,1844.62,2511.05,8797.1,8082.5,308.17,64.2,,,,Y,,,轻工制造,家居用品,成品家居,11.56,11.47,11.55
sh603313,梦百合,2022-12-12,11.79,11.81,11.0,11.29,11.8,8759818.0,100436069.0,5479026150.309999,5479026150.309999,41359233.85,565392835.31,3061203228.6899996,9075676576.56,6014473347.87,-188925955.63,3335.65,2784.37,934.97,1878.99,5772.98,5008.1,0.0,372.14,,,,Y,,,轻工制造,家居用品,成品家居,11.68,11.57,11.61
sh603313,梦百合,2022-12-13,11.5,11.6,11.33,11.4,11.29,4803751.0,54983488.0,5532409044.6,5532409044.6,41359233.85,565392835.31,3061203228.6899996,9075676576.56,6014473347.87,-188925955.63,1614.99,1953.2,515.38,529.41,3367.97,3015.74,0.0,0.0,,,,Y,,,轻工制造,家居用品,成品家居,11.42,11.41,11.42
sh603313,梦百合,2022-12-14,11.23,11.62,11.23,11.56,11.4,5769517.0,66221772.0,5610056890.839999,5610056890.839999,41359233.85,565392835.31,3061203228.6899996,9075676576.56,6014473347.87,-188925955.63,2353.66,2541.8,497.98,625.96,3635.21,3301.02,135.33,153.4,,,,Y,,,轻工制造,家居用品,成品家居,11.4,11.36,11.52
sh603313,梦百合,2022-12-15,11.56,11.66,11.25,11.28,11.56,4391549.0,49972337.0,5474173159.92,5474173159.92,41359233.85,565392835.31,3061203228.6899996,9075676576.56,6014473347.87,-188925955.63,1661.64,1516.66,284.53,519.87,3051.06,2826.35,0.0,134.36,,,,Y,,,轻工制造,家居用品,成品家居,11.63,11.44,11.39
sh603313,梦百合,2022-12-16,11.24,11.39,10.8,11.22,11.28,3100058.0,34854159.0,5445055217.58,5445055217.58,41359233.85,565392835.31,3061203228.6899996,9075676576.56,6014473347.87,-188925955.63,1002.81,974.21,101.19,428.04,2381.42,2083.17,0.0,0.0,,,,Y,,,轻工制造,家居用品,成品家居,11.28,11.2,11.18
sh603313,梦百合,2022-12-19,11.14,11.36,10.92,11.02,11.22,3518389.0,38915168.0,5347995409.780001,5347995409.780001,41359233.85,565392835.31,3061203228.6899996,9075676576.56,6014473347.87,-188925955.63,988.43,1003.65,65.84,266.0,2727.09,2621.86,110.16,0.0,,,,Y,,,轻工制造,家居用品,成品家居,11.27,11.07,10.94
sh603313,梦百合,2022-12-20,10.99,11.13,10.77,10.79,11.02,2498551.0,27179840.0,5236376630.809999,5236376630.809999,41359233.85,565392835.31,3061203228.6899996,9075676576.56,6014473347.87,-188925955.63,605.95,705.75,82.44,225.46,2029.59,1786.77,0.0,0.0,,,,Y,,,轻工制造,家居用品,成品家居,10.93,10.94,10.91
sh603313,梦百合,2022-12-21,10.9,10.99,10.75,10.86,10.79,2600785.0,28296101.0,5270347563.54,5270347563.54,41359233.85,565392835.31,3061203228.6899996,9075676576.56,6014473347.87,-188925955.63,482.41,738.34,48.28,21.8,2298.92,2069.47,0.0,0.0,,,,Y,,,轻工制造,家居用品,成品家居,10.96,10.95,10.85
sh603313,梦百合,2022-12-22,10.94,11.24,10.78,10.87,10.86,3691489.0,40639129.0,5275200553.93,5275200553.93,41359233.85,565392835.31,3061203228.6899996,9075676576.56,6014473347.87,-188925955.63,1361.39,1093.18,379.12,674.68,2151.29,2296.05,172.1,0.0,,,,Y,,,轻工制造,家居用品,成品家居,10.96,11.0,11.0
sh603313,梦百合,2022-12-23,10.94,11.12,10.75,10.86,10.87,2815150.0,30648208.0,5270347563.54,5270347563.54,41359233.85,565392835.31,3061203228.6899996,9075676576.56,6014473347.87,-188925955.63,683.83,769.61,224.85,259.59,2156.14,2035.62,0.0,0.0,,,,Y,,,轻工制造,家居用品,成品家居,10.96,10.81,10.9
sh603313,梦百合,2022-12-26,10.81,10.94,10.62,10.68,10.86,3003831.0,32185305.0,5182993736.52,5182993736.52,41359233.85,565392835.31,3061203228.6899996,9075676576.56,6014473347.87,-188925955.63,825.39,902.66,330.62,225.08,2062.52,1932.09,0.0,158.7,,,,Y,,,轻工制造,家居用品,成品家居,10.83,10.8,10.79
sh603313,梦百合,2022-12-27,10.7,10.93,10.64,10.87,10.68,2077385.0,22484236.0,5275200553.93,5275200553.93,41359233.85,565392835.31,3061203228.6899996,9075676576.56,6014473347.87,-188925955.63,534.62,564.7,227.37,171.57,1486.43,1512.16,0.0,0.0,,,,Y,,,轻工制造,家居用品,成品家居,10.73,10.7,10.65
sh603313,梦百合,2022-12-28,10.8,10.85,10.66,10.77,10.87,2365852.0,25458213.0,5226670650.030001,5226670650.030001,41359233.85,565392835.31,3061203228.6899996,9075676576.56,6014473347.87,-188925955.63,446.07,585.52,83.55,118.25,2016.2,1842.06,0.0,0.0,,,,Y,,,轻工制造,家居用品,成品家居,10.68,10.75,10.69
sh603313,梦百合,2022-12-29,10.69,10.84,10.5,10.62,10.77,2389971.0,25417960.0,5153875794.18,5153875794.18,41359233.85,565392835.31,3061203228.6899996,9075676576.56,6014473347.87,-188925955.63,629.34,468.63,186.19,276.11,1726.27,1521.33,0.0,275.73,,,,Y,,,轻工制造,家居用品,成品家居,10.66,10.61,10.55
sh603313,梦百合,2022-12-30,10.62,10.76,10.52,10.6,10.62,2012270.0,21320218.0,5144169813.4,5144169813.4,41359233.85,565392835.31,3061203228.6899996,9075676576.56,6014473347.87,-188925955.63,607.18,632.3,240.01,20.59,1284.84,1479.13,0.0,0.0,,,,Y,,,轻工制造,家居用品,成品家居,10.66,10.66,10.58
sh603313,梦百合,2023-01-03,10.62,10.74,10.45,10.57,10.6,2962958.0,31257412.0,5129610842.23,5129610842.23,41359233.85,565392835.31,3061203228.6899996,9075676576.56,6014473347.87,-188925955.63,940.32,727.62,348.82,236.45,1836.6,2123.91,0.0,37.76,,,,Y,,,轻工制造,家居用品,成品家居,10.62,10.56,10.56
sh603313,梦百合,2023-01-04,10.57,10.94,10.5,10.82,10.57,6548309.0,70827722.0,5250935601.9800005,5250935601.9800005,41359233.85,565392835.31,3061203228.6899996,9075676576.56,6014473347.87,-188925955.63,2539.17,2422.8,924.61,587.88,3619.0,4072.09,0.0,0.0,,,,Y,,,轻工制造,家居用品,成品家居,10.54,10.68,10.79
sh603313,梦百合,2023-01-05,10.83,11.17,10.7,11.08,10.82,5623019.0,61834364.0,5377113352.12,5377113352.12,41359233.85,565392835.31,3061203228.6899996,9075676576.56,6014473347.87,-188925955.63,1554.06,1882.82,608.93,419.36,4020.45,3881.26,0.0,0.0,,,,Y,,,轻工制造,家居用品,成品家居,10.75,10.75,10.82
sh603313,梦百合,2023-01-06,11.05,11.22,10.99,11.08,11.08,3378120.0,37421712.0,5377113352.12,5377113352.12,41359233.85,565392835.31,3061203228.6899996,9075676576.56,6014473347.87,-188925955.63,1007.87,1038.69,165.89,334.37,2568.41,2369.11,0.0,0.0,,,,Y,,,轻工制造,家居用品,成品家居,11.07,11.02,11.12
sh603313,梦百合,2023-01-09,11.09,11.11,10.91,10.93,11.08,2915954.0,31994455.0,5304318496.27,5304318496.27,41359233.85,565392835.31,3061203228.6899996,9075676576.56,6014473347.87,-188925955.63,1026.85,812.38,67.69,228.9,2104.9,1956.69,0.0,201.48,,,,Y,,,轻工制造,家居用品,成品家居,10.99,10.92,11.03
sh603313,梦百合,2023-01-10,10.93,10.96,10.73,10.84,10.93,2086710.0,22600893.0,5260641582.759999,5260641582.759999,41359233.85,565392835.31,3061203228.6899996,9075676576.56,6014473347.87,-188925955.63,530.34,451.15,160.43,379.8,1457.46,1429.14,111.86,0.0,,,,Y,,,轻工制造,家居用品,成品家居,10.78,10.74,10.77
sh603313,梦百合,2023-01-11,10.8,10.93,10.72,10.74,10.84,1936999.0,20978075.0,5212111678.86,5212111678.86,41359233.85,565392835.31,3061203228.6899996,9075676576.56,6014473347.87,-188925955.63,421.53,586.65,111.35,115.52,1564.93,1395.65,0.0,0.0,,,,Y,,,轻工制造,家居用品,成品家居,10.77,10.84,10.87
sh603313,梦百合,2023-01-12,10.74,10.9,10.69,10.71,10.74,2139830.0,23047009.0,5197552707.69,5197552707.69,41359233.85,565392835.31,3061203228.6899996,9075676576.56,6014473347.87,-188925955.63,511.13,543.86,134.15,225.21,1659.42,1535.64,0.0,0.0,,,,Y,,,轻工制造,家居用品,成品家居,10.73,10.71,10.77
sh603313,梦百合,2023-01-13,10.71,11.4,10.69,11.38,10.71,5951289.0,66447323.0,5522703063.82,5522703063.82,41359233.85,565392835.31,3061203228.6899996,9075676576.56,6014473347.87,-188925955.63,2021.93,2150.2,533.1,922.15,3932.48,3572.38,157.22,0.0,,,,Y,,,轻工制造,家居用品,成品家居,10.72,10.73,10.78
sh603313,梦百合,2023-01-16,11.38,11.38,11.12,11.15,11.38,4284779.0,48042525.0,5411084284.85,5411084284.85,41359233.85,565392835.31,3061203228.6899996,9075676576.56,6014473347.87,-188925955.63,1483.84,1445.12,458.75,186.33,2861.66,3172.8,0.0,0.0,,,,Y,,,轻工制造,家居用品,成品家居,11.2,11.29,11.3
sh603313,梦百合,2023-01-17,11.17,11.26,11.07,11.14,11.15,2640638.0,29463215.0,5406231294.46,5406231294.46,41359233.85,565392835.31,3061203228.6899996,9075676576.56,6014473347.87,-188925955.63,935.46,783.13,219.57,73.34,1781.64,2089.85,9.65,0.0,,,,Y,,,轻工制造,家居用品,成品家居,11.15,11.13,11.12
sh603313,梦百合,2023-01-18,11.26,11.26,11.0,11.06,11.14,3074802.0,34085263.0,5367407371.34,5367407371.34,41359233.85,565392835.31,3061203228.6899996,9075676576.56,6014473347.87,-188925955.63,1200.92,978.24,234.54,259.87,1973.06,2170.41,0.0,0.0,,,,Y,,,轻工制造,家居用品,成品家居,11.16,11.11,11.18
sh603313,梦百合,2023-01-19,11.01,11.09,10.93,11.05,11.06,2063655.0,22726706.0,5362554380.95,5362554380.95,41359233.85,565392835.31,3061203228.6899996,9075676576.56,6014473347.87,-188925955.63,466.2,645.88,303.33,93.34,1503.14,1533.46,0.0,0.0,,,,Y,,,轻工制造,家居用品,成品家居,10.96,11.04,11.02
sh603313,梦百合,2023-01-20,11.1,11.19,11.02,11.12,11.05,2217123.0,24613948.0,5396525313.679999,5396525313.679999,41359233.85,565392835.31,3061203228.6899996,9075676576.56,6014473347.87,-188925955.63,630.67,633.7,312.04,339.94,1518.68,1487.76,0.0,0.0,,,,Y,,,轻工制造,家居用品,成品家居,11.08,11.11,11.13
sh603313,梦百合,2023-01-30,11.22,11.29,11.04,11.06,11.12,3941814.0,43910584.0,5367407371.34,5367407371.34,41359233.85,565392835.31,3061203228.6899996,9075676576.56,6014473347.87,-188925955.63,1495.7,1574.96,411.44,181.45,2483.91,2634.64,0.0,0.0,,,,Y,,,轻工制造,家居用品,成品家居,11.27,11.25,11.18
sh603313,梦百合,2023-01-31,11.06,11.27,11.03,11.19,11.06,3198991.0,35656868.0,5430496246.41,5430496246.41,41359233.85,565392835.31,3061203228.6899996,9075676576.56,6014473347.87,-188925955.63,1088.99,1031.88,358.29,376.25,2095.56,2157.56,22.85,0.0,,,,Y,,,轻工制造,家居用品,成品家居,11.16,11.17,11.18
sh603313,梦百合,2023-02-01,11.08,11.23,11.06,11.22,11.19,3942153.0,43912530.0,5445055217.58,5445055217.58,41359233.85,565392835.31,3061203228.6899996,9075676576.56,6014473347.87,-188925955.63,1562.89,1968.17,370.04,279.62,2458.32,2143.46,0.0,0.0,,,,Y,,,轻工制造,家居用品,成品家居,11.12,11.15,11.15
sh603313,梦百合,2023-02-02,11.26,11.27,11.12,11.13,11.22,4098589.0,45735426.0,5401378304.070001,5401378304.070001,41359233.85,565392835.31,3061203228.6899996,9075676576.56,6014473347.87,-188925955.63,1297.93,1535.99,653.42,432.26,2316.65,2261.94,286.92,324.73,,,,Y,,,轻工制造,家居用品,成品家居,11.17,11.16,11.13
sh603313,梦百合,2023-02-03,11.15,11.21,10.95,11.08,11.13,3542089.0,39192764.0,5377113352.12,5377113352.12,41359233.85,565392835.31,3061203228.6899996,9075676576.56,6014473347.87,-188925955.63,1150.31,1250.1,393.22,359.86,2375.75,2309.31,0.0,0.0,,,,Y,,,轻工制造,家居用品,成品家居,11.16,11.12,11.07
sh603313,梦百合,2023-02-06,10.99,11.07,10.93,11.0,11.08,2504328.0,27507758.0,5338289429.0,5338289429.0,41359233.85,565392835.31,3061203228.6899996,9075676576.56,6014473347.87,-188925955.63,735.92,625.4,413.06,281.83,1601.8,1843.55,0.0,0.0,,,,Y,,,轻工制造,家居用品,成品家居,10.98,11.03,11.03
sh603313,梦百合,2023-02-07,11.01,11.21,10.94,11.12,11.0,4600289.0,51055095.0,5396525313.679999,5396525313.679999,41359233.85,565392835.31,3061203228.6899996,9075676576.56,6014473347.87,-188925955.63,1819.38,2143.05,448.02,478.25,2838.11,2484.2,0.0,0.0,,,,Y,,,轻工制造,家居用品,成品家居,11.1,11.12,11.12
sh603313,梦百合,2023-02-08,11.15,11.17,10.93,10.94,11.12,3730570.0,41084959.0,5309171486.66,5309171486.66,41359233.85,565392835.31,3061203228.6899996,9075676576.56,6014473347.87,-188925955.63,1186.86,1564.98,445.18,258.21,2458.56,2285.31,17.9,0.0,,,,Y,,,轻工制造,家居用品,成品家居,11.15,11.14,11.09
sh603313,梦百合,2023-02-09,10.95,11.37,10.9,11.23,10.94,7183426.0,80396349.0,5449908207.969999,5449908207.969999,41359233.85,565392835.31,3061203228.6899996,9075676576.56,6014473347.87,-188925955.63,2715.14,3135.78,1118.89,598.0,4086.2,4305.86,119.4,0.0,,,,Y,,,轻工制造,家居用品,成品家居,10.93,11.08,11.26
sh603313,梦百合,2023-02-10,11.29,11.41,11.19,11.38,11.23,6769871.0,76510565.0,5522703063.82,5522703063.82,41359233.85,565392835.31,3061203228.6899996,9075676576.56,6014473347.87,-188925955.63,2142.17,3141.27,739.08,567.84,4702.9,3941.95,66.91,0.0,,,,Y,,,轻工制造,家居用品,成品家居,11.22,11.26,11.26
sh603313,梦百合,2023-02-13,11.37,11.78,11.33,11.63,11.38,6466005.0,74970900.0,5644027823.570001,5644027823.570001,41359233.85,565392835.31,3061203228.6899996,9075676576.56,6014473347.87,-188925955.63,2548.88,2348.25,660.46,979.88,4251.39,4168.96,36.36,0.0,,,,Y,,,轻工制造,家居用品,成品家居,11.43,11.56,11.76
sh603313,梦百合,2023-02-14,11.74,11.75,11.56,11.7,11.63,4252180.0,49594309.0,5677998756.3,5677998756.3,41359233.85,565392835.31,3061203228.6899996,9075676576.56,6014473347.87,-188925955.63,1331.27,1654.31,290.75,515.62,3337.42,2789.51,0.0,0.0,,,,Y,,,轻工制造,家居用品,成品家居,11.66,11.73,11.68
sh603313,梦百合,2023-02-15,11.79,11.79,11.54,11.63,11.7,3047810.0,35463830.0,5644027823.570001,5644027823.570001,41359233.85,565392835.31,3061203228.6899996,9075676576.56,6014473347.87,-188925955.63,1103.68,1226.02,154.55,243.87,2288.15,2076.49,0.0,0.0,,,,Y,,,轻工制造,家居用品,成品家居,11.7,11.73,11.65
sh603313,梦百合,2023-02-16,11.6,11.68,11.14,11.27,11.63,4525325.0,51798612.0,5469320169.53,5469320169.53,41359233.85,565392835.31,3061203228.6899996,9075676576.56,6014473347.87,-188925955.63,1721.85,1691.75,279.84,381.8,2868.44,3002.45,309.73,103.86,,,,Y,,,轻工制造,家居用品,成品家居,11.63,11.64,11.61
sh603313,梦百合,2023-02-17,11.3,11.43,11.17,11.2,11.27,2648875.0,29922159.0,5435349236.8,5435349236.8,41359233.85,565392835.31,3061203228.6899996,9075676576.56,6014473347.87,-188925955.63,928.15,831.37,175.88,160.71,1888.18,1948.08,0.0,52.06,,,,Y,,,轻工制造,家居用品,成品家居,11.36,11.39,11.39
sh603313,梦百合,2023-02-20,11.26,11.82,11.19,11.73,11.2,6377365.0,73901295.0,5692557727.47,5692557727.47,41359233.85,565392835.31,3061203228.6899996,9075676576.56,6014473347.87,-188925955.63,2221.11,2455.68,964.75,692.24,4002.08,4242.21,202.19,0.0,,,,Y,,,轻工制造,家居用品,成品家居,11.27,11.44,11.42
sh603313,梦百合,2023-02-21,11.68,11.78,11.52,11.73,11.73,3937765.0,45929341.0,5692557727.47,5692557727.47,41359233.85,565392835.31,3061203228.6899996,9075676576.56,6014473347.87,-188925955.63,1302.42,1163.69,450.13,448.11,2840.39,2644.44,0.0,336.7,,,,Y,,,轻工制造,家居用品,成品家居,11.7,11.68,11.67
sh603313,梦百合,2023-02-22,11.66,11.86,11.55,11.81,11.73,3033068.0,35616302.0,5731381650.59,5731381650.59,41359233.85,565392835.31,3061203228.6899996,9075676576.56,6014473347.87,-188925955.63,993.43,990.36,425.65,161.33,2130.85,2408.78,10.53,0.0,,,,Y,,,轻工制造,家居用品,成品家居,11.62,11.64,11.69
sh603313,梦百合,2023-02-23,12.0,12.32,11.9,12.01,11.81,8405585.0,101624820.0,5828441458.39,5828441458.39,41359233.85,565392835.31,3061203228.6899996,9075676576.56,6014473347.87,-188925955.63,2958.14,3261.66,1586.18,1086.31,5276.55,5468.33,341.6,346.18,,,,Y,,,轻工制造,家居用品,成品家居,12.2,12.17,12.09
sh603313,梦百合,2023-02-24,12.01,12.35,11.89,12.26,12.01,8106888.0,98824210.0,5949766218.139999,5949766218.139999,41359233.85,565392835.31,3061203228.6899996,9075676576.56,6014473347.87,-188925955.63,3204.18,3125.87,1420.9,1177.98,5111.7,4841.75,145.65,736.82,,,,Y,,,轻工制造,家居用品,成品家居,12.02,12.1,12.13
sh603313,梦百合,2023-02-27,12.26,12.34,12.0,12.02,12.26,4794960.0,58159038.0,5833294448.78,5833294448.78,41359233.85,565392835.31,3061203228.6899996,9075676576.56,6014473347.87,-188925955.63,1917.29,1665.72,321.93,701.86,3512.94,3448.33,63.74,0.0,,,,Y,,,轻工制造,家居用品,成品家居,12.16,12.14,12.22
sh603313,梦百合,2023-02-28,11.97,12.1,11.86,12.09,12.02,3812470.0,45669036.0,5867265381.51,5867265381.51,41359233.85,565392835.31,3061203228.6899996,9075676576.56,6014473347.87,-188925955.63,1153.6,1639.92,563.42,380.46,2849.88,2546.52,0.0,0.0,,,,Y,,,轻工制造,家居用品,成品家居,12.04,11.95,11.98
sh603313,梦百合,2023-03-01,12.09,12.12,11.89,11.97,12.09,4302490.0,51583666.0,5809029496.83,5809029496.83,41359233.85,565392835.31,3061203228.6899996,9075676576.56,6014473347.87,-188925955.63,1752.19,1452.1,606.98,1442.18,2799.21,2130.69,0.0,133.4,,,,Y,,,轻工制造,家居用品,成品家居,12.06,12.08,12.02
sh603313,梦百合,2023-03-02,11.96,12.1,11.85,11.89,11.97,2852665.0,34096989.0,5770205573.709999,5770205573.709999,41359233.85,565392835.31,3061203228.6899996,9075676576.56,6014473347.87,-188925955.63,1016.29,872.97,200.65,591.19,2192.16,1928.85,0.0,16.09,,,,Y,,,轻工制造,家居用品,成品家居,12.06,12.0,12.0
sh603313,梦百合,2023-03-03,11.9,12.07,11.82,11.89,11.89,3412870.0,40591206.0,5770205573.709999,5770205573.709999,41359233.85,565392835.31,3061203228.6899996,9075676576.56,6014473347.87,-188925955.63,1229.26,1343.76,240.67,492.7,2252.99,2222.67,336.21,0.0,,,,Y,,,轻工制造,家居用品,成品家居,11.94,11.98,12.0
sh603313,梦百合,2023-03-06,11.81,11.95,11.66,11.76,11.89,3700810.0,43497616.0,5707116698.64,5707116698.64,41359233.85,565392835.31,3061203228.6899996,9075676576.56,6014473347.87,-188925955.63,865.78,989.72,330.45,575.13,3153.53,2703.71,0.0,81.2,,,,Y,,,轻工制造,家居用品,成品家居,11.82,11.79,11.73
sh603313,梦百合,2023-03-07,11.77,11.88,11.31,11.33,11.76,4548240.0,52309919.0,5498438111.87,5498438111.87,41359233.85,565392835.31,3061203228.6899996,9075676576.56,6014473347.87,-188925955.63,1705.87,1810.42,479.89,462.94,3045.22,2843.13,0.0,114.5,,,,Y,,,轻工制造,家居用品,成品家居,11.76,11.67,11.64
sh603313,梦百合,2023-03-08,11.35,11.42,11.15,11.23,11.33,3057016.0,34417043.0,5449908207.969999,5449908207.969999,41359233.85,565392835.31,3061203228.6899996,9075676576.56,6014473347.87,-188925955.63,1090.22,753.02,183.43,586.04,2168.05,1850.14,0.0,252.51,,,,Y,,,轻工制造,家居用品,成品家居,11.35,11.39,11.3
sh603313,梦百合,2023-03-09,11.28,11.36,11.07,11.14,11.23,3667690.0,41021560.0,5406231294.46,5406231294.46,41359233.85,565392835.31,3061203228.6899996,9075676576.56,6014473347.87,-188925955.63,1195.71,1258.95,199.36,209.86,2707.09,2633.35,0.0,0.0,,,,Y,,,轻工制造,家居用品,成品家居,11.21,11.35,11.31
sh603313,梦百合,2023-03-10,11.08,11.14,10.87,10.91,11.14,3262361.0,35745155.0,5294612515.490001,5294612515.490001,41359233.85,565392835.31,3061203228.6899996,9075676576.56,6014473347.87,-188925955.63,950.46,962.75,162.2,388.66,2461.86,2223.1,0.0,0.0,,,,Y,,,轻工制造,家居用品,成品家居,11.07,11.08,10.99
sh603313,梦百合,2023-03-13,10.9,11.0,10.7,10.82,10.91,3441770.0,37170006.0,5250935601.9800005,5250935601.9800005,41359233.85,565392835.31,3061203228.6899996,9075676576.56,6014473347.87,-188925955.63,1111.71,860.34,435.5,397.24,2169.79,2254.56,0.0,204.86,,,,Y,,,轻工制造,家居用品,成品家居,10.91,10.92,10.82
sh603313,梦百合,2023-03-14,10.7,10.81,10.48,10.57,10.82,3474620.0,36851301.0,5129610842.23,5129610842.23,41359233.85,565392835.31,3061203228.6899996,9075676576.56,6014473347.87,-188925955.63,1401.71,854.81,286.44,510.64,1996.98,2319.69,0.0,0.0,,,,Y,,,轻工制造,家居用品,成品家居,10.73,10.69,10.68
sh603313,梦百合,2023-03-15,10.64,10.75,10.58,10.62,10.57,2147590.0,22900038.0,5153875794.18,5153875794.18,41359233.85,565392835.31,3061203228.6899996,9075676576.56,6014473347.87,-188925955.63,568.41,712.08,197.54,176.17,1524.05,1401.75,0.0,0.0,,,,Y,,,轻工制造,家居用品,成品家居,10.7,10.71,10.71
sh603313,梦百合,2023-03-16,10.62,10.62,10.4,10.44,10.62,2596451.0,27281759.0,5066521967.16,5066521967.16,41359233.85,565392835.31,3061203228.6899996,9075676576.56,6014473347.87,-188925955.63,707.34,587.59,436.54,192.59,1570.05,1767.63,14.24,180.37,,,,Y,,,轻工制造,家居用品,成品家居,10.57,10.55,10.59
sh603313,梦百合,2023-03-17,10.52,10.59,10.42,10.47,10.44,2563221.0,26956822.0,5081080938.33,5081080938.33,41359233.85,565392835.31,3061203228.6899996,9075676576.56,6014473347.87,-188925955.63,905.92,655.97,134.35,204.24,1655.41,1835.46,0.0,0.0,,,,Y,,,轻工制造,家居用品,成品家居,10.53,10.54,10.55
sh603313,梦百合,2023-03-20,10.39,10.52,10.34,10.48,10.47,2222078.0,23193623.0,5085933928.72,5085933928.72,41359233.85,565392835.31,3061203228.6899996,9075676576.56,6014473347.87,-188925955.63,810.51,581.69,127.42,187.12,1381.43,1550.55,0.0,0.0,,,,Y,,,轻工制造,家居用品,成品家居,10.44,10.47,10.41
sh603313,梦百合,2023-03-21,10.5,10.88,10.44,10.75,10.48,3629580.0,38928046.0,5216964669.25,5216964669.25,41359233.85,565392835.31,3061203228.6899996,9075676576.56,6014473347.87,-188925955.63,1240.84,1133.21,435.96,259.02,2216.01,2500.57,0.0,0.0,,,,Y,,,轻工制造,家居用品,成品家居,10.47,10.61,10.78
sh603313,梦百合,2023-03-22,10.78,10.89,10.74,10.76,10.75,2432756.0,26282092.0,5221817659.64,5221817659.64,41359233.85,565392835.31,3061203228.6899996,9075676576.56,6014473347.87,-188925955.63,598.57,646.32,103.15,228.98,1926.49,1752.9,0.0,0.0,,,,Y,,,轻工制造,家居用品,成品家居,10.86,10.84,10.83
sh603313,梦百合,2023-03-23,10.79,10.85,10.71,10.81,10.76,2328335.0,25112506.0,5246082611.59,5246082611.59,41359233.85,565392835.31,3061203228.6899996,9075676576.56,6014473347.87,-188925955.63,594.61,802.4,223.13,216.75,1693.51,1492.11,0.0,0.0,,,,Y,,,轻工制造,家居用品,成品家居,10.78,10.8,10.82
sh603313,梦百合,2023-03-24,10.82,10.86,10.73,10.78,10.81,1427980.0,15416392.0,5231523640.42,5231523640.42,41359233.85,565392835.31,3061203228.6899996,9075676576.56,6014473347.87,-188925955.63,428.35,499.76,5.28,74.58,1108.01,967.29,0.0,0.0,,,,Y,,,轻工制造,家居用品,成品家居,10.8,10.83,10.83
sh603313,梦百合,2023-03-27,10.79,10.83,10.5,10.61,10.78,2525517.0,26809838.0,5149022803.79,5149022803.79,41359233.85,565392835.31,3061203228.6899996,9075676576.56,6014473347.87,-188925955.63,796.48,809.35,239.45,228.28,1645.06,1643.35,0.0,0.0,,,,Y,,,轻工制造,家居用品,成品家居,10.69,10.65,10.65
sh603313,梦百合,2023-03-28,10.61,10.65,10.45,10.54,10.61,2679320.0,28179379.0,5115051871.06,5115051871.06,41359233.85,565392835.31,3061203228.6899996,9075676576.56,6014473347.87,-188925955.63,734.29,456.53,401.28,381.77,1613.46,1979.64,68.9,0.0,,,,Y,,,轻工制造,家居用品,成品家居,10.54,10.52,10.5
sh603313,梦百合,2023-03-29,10.55,10.6,10.4,10.45,10.54,2715580.0,28454802.0,5071374957.55,5071374957.55,41359233.85,565392835.31,3061203228.6899996,9075676576.56,6014473347.87,-188925955.63,876.82,546.25,53.45,241.58,1769.47,1923.43,145.74,134.23,,,,Y,,,轻工制造,家居用品,成品家居,10.5,10.49,10.59
sh603313,梦百合,2023-03-30,10.45,10.63,10.31,10.56,10.45,2587001.0,27016673.0,5124757851.84,5124757851.84,41359233.85,565392835.31,3061203228.6899996,9075676576.56,6014473347.87,-188925955.63,839.44,791.91,251.38,145.2,1610.85,1764.57,0.0,0.0,,,,Y,,,轻工制造,家居用品,成品家居,10.36,10.37,10.37
sh603313,梦百合,2023-03-31,10.55,10.74,10.45,10.69,10.56,3251656.0,34630292.0,5187846726.91,5187846726.91,41359233.85,565392835.31,3061203228.6899996,9075676576.56,6014473347.87,-188925955.63,914.8,901.16,340.49,339.89,2207.74,2114.33,0.0,107.66,,,,Y,,,轻工制造,家居用品,成品家居,10.51,10.57,10.64
sh603313,梦百合,2023-04-03,10.69,11.01,10.62,10.93,10.69,3478127.0,37848828.0,5304318496.27,5304318496.27,41359233.85,565392835.31,3061203228.6899996,9075676576.56,6014473347.87,-188925955.63,1035.63,1073.36,305.14,291.8,2444.11,2419.73,0.0,0.0,,,,Y,,,轻工制造,家居用品,成品家居,10.66,10.8,10.87
sh603313,梦百合,2023-04-04,10.97,11.2,10.68,10.72,10.93,3451082.0,37345744.0,5202405698.08,5202405698.08,41359233.85,565392835.31,3061203228.6899996,9075676576.56,6014473347.87,-188925955.63,1166.41,1140.36,464.79,414.45,2085.34,2179.76,18.04,0.0,,,,Y,,,轻工制造,家居用品,成品家居,11.04,10.99,10.91
sh603313,梦百合,2023-04-06,10.68,10.95,10.64,10.9,10.72,3816861.0,41268944.0,5289759525.099999,5289759525.099999,41359233.85,565392835.31,3061203228.6899996,9075676576.56,6014473347.87,-188925955.63,734.83,1088.8,237.12,293.66,3154.95,2600.36,0.0,144.07,,,,Y,,,轻工制造,家居用品,成品家居,10.69,10.82,10.78
sh603313,梦百合,2023-04-07,10.82,11.09,10.82,10.99,10.9,3380055.0,37114610.0,5333436438.61,5333436438.61,41359233.85,565392835.31,3061203228.6899996,9075676576.56,6014473347.87,-188925955.63,821.37,1030.34,285.68,316.54,2434.99,2364.59,169.42,0.0,,,,Y,,,轻工制造,家居用品,成品家居,10.95,10.95,11.06
sh603313,梦百合,2023-04-10,11.02,11.08,10.8,10.85,10.99,2098724.0,22897359.0,5265494573.15,5265494573.15,41359233.85,565392835.31,3061203228.6899996,9075676576.56,6014473347.87,-188925955.63,566.96,533.37,96.43,140.85,1537.29,1526.46,0.0,0.0,,,,Y,,,轻工制造,家居用品,成品家居,11.03,10.93,10.95
sh603313,梦百合,2023-04-11,11.0,11.0,10.77,10.85,10.85,2556650.0,27764462.0,5265494573.15,5265494573.15,41359233.85,565392835.31,3061203228.6899996,9075676576.56,6014473347.87,-188925955.63,610.49,703.2,203.13,344.17,1962.83,1729.08,0.0,0.0,,,,Y,,,轻工制造,家居用品,成品家居,10.77,10.84,10.9
sh603313,梦百合,2023-04-12,10.84,10.9,10.72,10.73,10.85,2319586.0,25017254.0,5207258688.47,5207258688.47,41359233.85,565392835.31,3061203228.6899996,9075676576.56,6014473347.87,-188925955.63,724.6,748.0,154.96,185.57,1622.17,1568.16,0.0,0.0,,,,Y,,,轻工制造,家居用品,成品家居,10.87,10.84,10.78
sh603313,梦百合,2023-04-13,10.74,10.85,10.6,10.61,10.73,2728590.0,29121159.0,5149022803.79,5149022803.79,41359233.85,565392835.31,3061203228.6899996,9075676576.56,6014473347.87,-188925955.63,849.66,887.24,75.79,319.87,1986.67,1680.6,0.0,24.4,,,,Y,,,轻工制造,家居用品,成品家居,10.67,10.66,10.66
sh603313,梦百合,2023-04-14,10.72,10.8,10.62,10.72,10.61,2812150.0,30106792.0,5202405698.08,5202405698.08,41359233.85,565392835.31,3061203228.6899996,9075676576.56,6014473347.87,-188925955.63,882.71,975.92,125.55,240.42,2002.42,1753.35,0.0,40.98,,,,Y,,,轻工制造,家居用品,成品家居,10.72,10.66,10.65
sh603313,梦百合,2023-04-17,10.63,10.77,10.57,10.64,10.72,2382719.0,25387951.0,5163581774.96,5163581774.96,41359233.85,565392835.31,3061203228.6899996,9075676576.56,6014473347.87,-188925955.63,618.56,713.36,329.84,423.39,1590.39,1381.92,0.0,20.13,,,,Y,,,轻工制造,家居用品,成品家居,10.7,10.71,10.75
sh603313,梦百合,2023-04-18,10.67,10.9,10.5,10.73,10.64,3332356.0,35602848.0,5207258688.47,5207258688.47,41359233.85,565392835.31,3061203228.6899996,9075676576.56,6014473347.87,-188925955.63,1030.37,895.67,403.95,491.61,2125.97,2173.01,0.0,0.0,,,,Y,,,轻工制造,家居用品,成品家居,10.66,10.58,10.56
sh603313,梦百合,2023-04-19,10.66,10.72,10.47,10.49,10.73,2673868.0,28257863.0,5090786919.11,5090786919.11,41359233.85,565392835.31,3061203228.6899996,9075676576.56,6014473347.87,-188925955.63,1023.31,818.97,192.9,343.23,1609.58,1543.5,0.0,120.08,,,,Y,,,轻工制造,家居用品,成品家居,10.68,10.68,10.68
sh603313,梦百合,2023-04-20,10.43,10.48,10.18,10.22,10.49,2655299.0,27273785.0,4959756178.58,4959756178.58,41359233.85,565392835.31,3061203228.6899996,9075676576.56,6014473347.87,-188925955.63,903.14,739.09,59.27,99.9,1764.97,1888.39,0.0,0.0,,,,Y,,,轻工制造,家居用品,成品家居,10.37,10.37,10.37
sh603313,梦百合,2023-04-21,10.11,10.33,9.92,9.94,10.22,3554917.0,35775907.0,4823872447.66,4823872447.66,41359233.85,565392835.31,3061203228.6899996,9075676576.56,6014473347.87,-188925955.63,1108.31,815.99,79.89,404.3,2192.51,2357.3,196.88,0.0,,,,Y,,,轻工制造,家居用品,成品家居,10.23,10.19,10.15
sh603313,梦百合,2023-04-24,9.94,10.04,9.79,9.93,9.94,2204675.0,21860623.0,4819019457.27,4819019457.27,41359233.85,565392835.31,3061203228.6899996,9075676576.56,6014473347.87,-188925955.63,500.67,526.67,110.22,151.74,1575.17,1507.65,0.0,0.0,,,,Y,,,轻工制造,家居用品,成品家居,9.92,9.88,9.91
sh603313,梦百合,2023-04-25,9.99,10.0,9.56,9.76,9.93,3133425.0,30512105.0,4736518620.639999,4736518620.639999,41359233.85,565392835.31,3061203228.6899996,9075676576.56,6014473347.87,-188925955.63,815.44,739.12,37.34,208.62,2198.43,2103.47,0.0,0.0,,,,Y,,,轻工制造,家居用品,成品家居,9.95,9.95,9.86
sh603313,梦百合,2023-04-26,9.59,9.89,9.59,9.86,9.76,2600618.0,25478028.0,4785048524.54,4785048524.54,41359233.85,565392835.31,3061203228.6899996,9075676576.56,6014473347.87,-188925955.63,537.6,568.35,149.65,70.47,1860.55,1908.98,0.0,0.0,,,,Y,,,轻工制造,家居用品,成品家居,9.72,9.76,9.75
sh603313,梦百合,2023-04-27,9.87,10.06,9.72,9.95,9.86,3318768.0,32908833.0,4828725438.05,4828725438.05,41359233.85,565392835.31,3061203228.6899996,9075676576.56,6014473347.87,-188925955.63,803.66,625.87,200.09,106.93,2065.97,2093.39,221.17,464.7,,,,Y,,,轻工制造,家居用品,成品家居,9.75,9.85,9.8
sh603313,梦百合,2023-04-28,9.97,10.4,9.9,10.2,9.95,4598692.0,46599923.0,4950050197.8,4950050197.8,41359233.85,565392835.31,3061203228.6899996,9075676576.56,6014473347.87,-188925955.63,1538.87,1393.93,922.9,468.38,2095.82,2758.13,102.41,39.55,,,,Y,,,轻工制造,家居用品,成品家居,10.02,10.02,10.02
sh603313,梦百合,2023-05-04,9.93,10.13,9.81,9.88,10.2,4176119.0,41366673.0,4794754505.32,4794754505.32,27310393.799999997,865173773.1399999,3084648792.6400013,9186259104.62,6101610311.98,16773452.09,1449.24,1509.99,358.93,1025.21,2328.5,1601.47,0.0,0.0,,,,Y,,,轻工制造,家居用品,成品家居,9.95,9.87,9.87
sh603313,梦百合,2023-05-05,9.92,9.98,9.72,9.8,9.88,2376030.0,23334316.0,4755930582.2,4755930582.2,27310393.799999997,865173773.1399999,3084648792.6400013,9186259104.62,6101610311.98,16773452.09,609.45,746.06,29.31,116.66,1694.67,1470.71,0.0,0.0,,,,Y,,,轻工制造,家居用品,成品家居,9.88,9.92,9.91
sh603313,梦百合,2023-05-08,9.78,9.88,9.73,9.78,9.8,1855610.0,18152923.0,4746224601.42,4746224601.42,27310393.799999997,865173773.1399999,3084648792.6400013,9186259104.62,6101610311.98,16773452.09,537.97,416.76,36.69,127.39,1240.64,1271.14,0.0,0.0,,,,Y,,,轻工制造,家居用品,成品家居,9.86,9.8,9.78
sh603313,梦百合,2023-05-09,9.81,9.9,9.68,9.74,9.78,1804202.0,17681281.0,4726812639.86,4726812639.86,27310393.799999997,865173773.1399999,3084648792.6400013,9186259104.62,6101610311.98,16773452.09,470.05,491.93,59.84,91.73,1238.24,1184.47,0.0,0.0,,,,Y,,,轻工制造,家居用品,成品家居,9.77,9.7,9.75
sh603313,梦百合,2023-05-10,9.74,9.96,9.74,9.86,9.74,1683150.0,16610182.0,4785048524.54,4785048524.54,27310393.799999997,865173773.1399999,3084648792.6400013,9186259104.62,6101610311.98,16773452.09,418.85,438.05,56.09,93.37,1186.07,1129.59,0.0,0.0,,,,Y,,,轻工制造,家居用品,成品家居,9.79,9.85,9.87
sh603313,梦百合,2023-05-11,9.98,9.98,9.79,9.8,9.86,1418479.0,13960591.0,4755930582.2,4755930582.2,27310393.799999997,865173773.1399999,3084648792.6400013,9186259104.62,6101610311.98,16773452.09,540.66,317.44,20.64,53.4,834.75,1025.22,0.0,0.0,,,,Y,,,轻工制造,家居用品,成品家居,9.91,9.86,9.89
sh603313,梦百合,2023-05-12,9.84,9.98,9.77,9.77,9.8,1611532.0,15891830.0,4741371611.03,4741371611.03,27310393.799999997,865173773.1399999,3084648792.6400013,9186259104.62,6101610311.98,16773452.09,437.61,411.79,93.44,62.55,1058.14,1114.85,0.0,0.0,,,,Y,,,轻工制造,家居用品,成品家居,9.83,9.84,9.94
sh603313,梦百合,2023-05-15,9.81,9.91,9.66,9.91,9.77,2268322.0,22235240.0,4809313476.49,4809313476.49,27310393.799999997,865173773.1399999,3084648792.6400013,9186259104.62,6101610311.98,16773452.09,562.7,653.42,188.05,163.84,1472.77,1406.27,0.0,0.0,,,,Y,,,轻工制造,家居用品,成品家居,9.8,9.77,9.79
sh603313,梦百合,2023-05-16,9.91,9.92,9.77,9.8,9.91,1276269.0,12532090.0,4755930582.2,4755930582.2,27310393.799999997,865173773.1399999,3084648792.6400013,9186259104.62,6101610311.98,16773452.09,366.49,296.09,89.61,42.95,797.12,914.17,0.0,0.0,,,,Y,,,轻工制造,家居用品,成品家居,9.84,9.85,9.87
sh603313,梦百合,2023-05-17,9.77,9.84,9.69,9.73,9.8,2030128.0,19781370.0,4721959649.469999,4721959649.469999,27310393.799999997,865173773.1399999,3084648792.6400013,9186259104.62,6101610311.98,16773452.09,784.03,406.78,49.17,90.53,1144.94,1480.82,0.0,0.0,,,,Y,,,轻工制造,家居用品,成品家居,9.79,9.79,9.78
sh603313,梦百合,2023-05-18,9.76,9.76,9.62,9.63,9.73,1592498.0,15379459.0,4673429745.57,4673429745.57,27310393.799999997,865173773.1399999,3084648792.6400013,9186259104.62,6101610311.98,16773452.09,502.25,459.26,102.43,62.86,933.27,1015.83,0.0,0.0,,,,Y,,,轻工制造,家居用品,成品家居,9.74,9.69,9.69
sh603313,梦百合,2023-05-19,9.66,9.72,9.37,9.68,9.63,2753537.0,26318274.0,4697694697.52,4697694697.52,27310393.799999997,865173773.1399999,3084648792.6400013,9186259104.62,6101610311.98,16773452.09,639.64,941.34,130.86,97.22,1861.33,1593.27,0.0,0.0,,,,Y,,,轻工制造,家居用品,成品家居,9.55,9.48,9.44
sh603313,梦百合,2023-05-22,9.68,9.83,9.57,9.82,9.68,2072604.0,20210754.0,4765636562.9800005,4765636562.9800005,27310393.799999997,865173773.1399999,3084648792.6400013,9186259104.62,6101610311.98,16773452.09,424.56,673.99,57.31,113.99,1388.88,1082.76,0.0,0.0,,,,Y,,,轻工制造,家居用品,成品家居,9.65,9.57,9.63
sh603313,梦百合,2023-05-23,9.82,9.84,9.66,9.68,9.82,1897155.0,18494813.0,4697694697.52,4697694697.52,27310393.799999997,865173773.1399999,3084648792.6400013,9186259104.62,6101610311.98,16773452.09,525.22,598.66,143.53,168.37,1180.72,960.2,0.0,122.25,,,,Y,,,轻工制造,家居用品,成品家居,9.79,9.76,9.75
sh603313,梦百合,2023-05-24,9.73,9.74,9.53,9.54,9.68,1751700.0,16809616.0,4629752832.059999,4629752832.059999,27310393.799999997,865173773.1399999,3084648792.6400013,9186259104.62,6101610311.98,16773452.09,593.31,355.92,62.1,117.4,1025.55,1207.64,0.0,0.0,,,,Y,,,轻工制造,家居用品,成品家居,9.65,9.63,9.62
sh603313,梦百合,2023-05-25,9.52,9.57,9.3,9.42,9.54,2154501.0,20298586.0,4571516947.38,4571516947.38,27310393.799999997,865173773.1399999,3084648792.6400013,9186259104.62,6101610311.98,16773452.09,555.27,632.7,71.97,137.11,1402.62,1260.04,0.0,0.0,,,,Y,,,轻工制造,家居用品,成品家居,9.57,9.51,9.5
sh603313,梦百合,2023-05-26,9.45,9.49,9.29,9.44,9.42,1643726.0,15428981.0,4581222928.16,4581222928.16,27310393.799999997,865173773.1399999,3084648792.6400013,9186259104.62,6101610311.98,16773452.09,383.54,457.79,27.12,101.7,1129.97,981.15,0.0,0.0,,,,Y,,,轻工制造,家居用品,成品家居,9.34,9.38,9.34
sh603313,梦百合,2023-05-29,9.46,9.56,9.33,9.34,9.44,1974073.0,18660913.0,4532693024.26,4532693024.26,27310393.799999997,865173773.1399999,3084648792.6400013,9186259104.62,6101610311.98,16773452.09,527.36,527.62,137.58,138.03,1201.15,1200.44,0.0,0.0,,,,Y,,,轻工制造,家居用品,成品家居,9.52,9.52,9.48
sh603313,梦百合,2023-05-30,9.38,9.41,9.19,9.35,9.34,1808529.0,16777282.0,4537546014.650001,4537546014.650001,27310393.799999997,865173773.1399999,3084648792.6400013,9186259104.62,6101610311.98,16773452.09,357.44,555.15,44.64,102.22,1275.65,1020.35,0.0,0.0,,,,Y,,,轻工制造,家居用品,成品家居,9.31,9.38,9.35
sh603313,梦百合,2023-05-31,9.3,9.37,9.19,9.24,9.35,1958937.0,18167617.0,4484163120.360001,4484163120.360001,27310393.799999997,865173773.1399999,3084648792.6400013,9186259104.62,6101610311.98,16773452.09,373.15,533.36,108.25,240.94,1335.36,938.86,0.0,103.61,,,,Y,,,轻工制造,家居用品,成品家居,9.31,9.34,9.35
sh603313,梦百合,2023-06-01,9.22,9.44,9.16,9.32,9.24,1472357.0,13722983.0,4522987043.48,4522987043.48,27310393.799999997,865173773.1399999,3084648792.6400013,9186259104.62,6101610311.98,16773452.09,299.09,361.26,0.0,87.01,1073.21,924.03,0.0,0.0,,,,Y,,,轻工制造,家居用品,成品家居,9.18,9.22,9.3
sh603313,梦百合,2023-06-02,9.4,9.95,9.34,9.83,9.32,4955415.0,48143735.0,4770489553.37,4770489553.37,27310393.799999997,865173773.1399999,3084648792.6400013,9186259104.62,6101610311.98,16773452.09,1346.53,1572.91,573.55,182.34,2865.71,2791.93,28.58,267.19,,,,Y,,,轻工制造,家居用品,成品家居,9.49,9.4,9.46
sh603313,梦百合,2023-06-05,9.85,9.85,9.57,9.62,9.83,2417141.0,23284632.0,4668576755.179999,4668576755.179999,27310393.799999997,865173773.1399999,3084648792.6400013,9186259104.62,6101610311.98,16773452.09,723.38,484.73,29.04,41.59,1576.05,1802.14,0.0,0.0,,,,Y,,,轻工制造,家居用品,成品家居,9.68,9.62,9.65
sh603313,梦百合,2023-06-06,9.63,9.76,9.46,9.48,9.62,2872196.0,27574303.0,4600634889.72,4600634889.72,27310393.799999997,865173773.1399999,3084648792.6400013,9186259104.62,6101610311.98,16773452.09,936.6,715.52,153.93,288.77,1666.9,1753.14,0.0,0.0,,,,Y,,,轻工制造,家居用品,成品家居,9.59,9.6,9.58
sh603313,梦百合,2023-06-07,9.45,9.67,9.44,9.46,9.48,1771950.0,16885776.0,4590928908.940001,4590928908.940001,27310393.799999997,865173773.1399999,3084648792.6400013,9186259104.62,6101610311.98,16773452.09,515.46,525.18,22.25,35.19,1150.87,1128.21,0.0,0.0,,,,Y,,,轻工制造,家居用品,成品家居,9.52,9.62,9.57
sh603313,梦百合,2023-06-08,9.46,9.55,9.37,9.45,9.46,1913993.0,18099495.0,4586075918.55,4586075918.55,27310393.799999997,865173773.1399999,3084648792.6400013,9186259104.62,6101610311.98,16773452.09,476.42,442.02,21.47,39.01,1312.05,1328.92,0.0,0.0,,,,Y,,,轻工制造,家居用品,成品家居,9.46,9.48,9.42
sh603313,梦百合,2023-06-09,9.5,9.5,9.16,9.18,9.45,5550120.0,51380281.0,4455045178.02,4455045178.02,27310393.799999997,865173773.1399999,3084648792.6400013,9186259104.62,6101610311.98,16773452.09,1603.35,1506.03,443.2,378.18,2989.14,3253.82,102.34,0.0,,,,Y,,,轻工制造,家居用品,成品家居,9.43,9.41,9.37
sh603313,梦百合,2023-06-12,9.18,9.49,8.85,9.44,9.18,6827457.0,62796053.0,4581222928.16,4581222928.16,27310393.799999997,865173773.1399999,3084648792.6400013,9186259104.62,6101610311.98,16773452.09,1887.31,1981.59,291.21,574.92,3982.33,3716.42,118.76,6.67,,,,,,,轻工制造,家居用品,成品家居,9.06,8.94,8.88
sh603313,梦百合,2023-06-13,9.37,9.58,9.37,9.43,9.44,3166041.0,29943409.0,4576369937.77,4576369937.77,27310393.799999997,865173773.1399999,3084648792.6400013,9186259104.62,6101610311.98,16773452.09,775.86,838.73,153.43,362.38,2065.05,1693.73,0.0,99.51,,,,,,,轻工制造,家居用品,成品家居,9.47,9.49,9.47
sh603313,梦百合,2023-06-14,9.46,9.47,9.32,9.35,9.43,2252580.0,21148616.0,4537546014.650001,4537546014.650001,27310393.799999997,865173773.1399999,3084648792.6400013,9186259104.62,6101610311.98,16773452.09,489.49,541.56,58.36,129.33,1567.01,1443.97,0.0,0.0,,,,,,,轻工制造,家居用品,成品家居,9.41,9.39,9.4
sh603313,梦百合,2023-06-15,9.4,9.52,9.34,9.45,9.35,1905186.0,17974364.0,4586075918.55,4586075918.55,27310393.799999997,865173773.1399999,3084648792.6400013,9186259104.62,6101610311.98,16773452.09,419.08,555.97,85.84,209.56,1292.52,1031.9,0.0,0.0,,,,,,,轻工制造,家居用品,成品家居,9.36,9.39,9.4
sh603313,梦百合,2023-06-16,9.44,9.55,9.42,9.53,9.45,2199480.0,20877166.0,4624899841.67,4624899841.67,27310393.799999997,865173773.1399999,3084648792.6400013,9186259104.62,6101610311.98,16773452.09,754.84,578.82,74.11,24.97,1258.77,1483.92,0.0,0.0,,,,,,,轻工制造,家居用品,成品家居,9.45,9.48,9.49
sh603313,梦百合,2023-06-19,9.48,9.56,9.35,9.39,9.53,2943320.0,27716537.0,4556957976.21,4556957976.21,27310393.799999997,865173773.1399999,3084648792.6400013,9186259104.62,6101610311.98,16773452.09,867.31,597.48,172.14,119.35,1732.21,2054.82,0.0,0.0,,,,,,,轻工制造,家居用品,成品家居,9.51,9.48,9.48
sh603313,梦百合,2023-06-20,9.41,9.41,9.21,9.24,9.39,2319643.0,21499465.0,4484163120.360001,4484163120.360001,27310393.799999997,865173773.1399999,3084648792.6400013,9186259104.62,6101610311.98,16773452.09,577.82,792.29,216.48,66.6,1355.64,1291.06,0.0,0.0,,,,,,,轻工制造,家居用品,成品家居,9.35,9.35,9.31
sh603313,梦百合,2023-06-21,9.3,9.35,9.1,9.15,9.24,1753760.0,16187240.0,4440486206.849999,4440486206.849999,27310393.799999997,865173773.1399999,3084648792.6400013,9186259104.62,6101610311.98,16773452.09,534.61,539.4,33.21,22.86,1050.9,1056.47,0.0,0.0,,,,,,,轻工制造,家居用品,成品家居,9.31,9.28,9.28
sh603313,梦百合,2023-06-26,9.1,9.23,9.02,9.12,9.15,2513536.0,22953058.0,4425927235.68,4425927235.68,27310393.799999997,865173773.1399999,3084648792.6400013,9186259104.62,6101610311.98,16773452.09,616.56,588.39,152.21,114.29,1526.54,1592.63,0.0,0.0,,,,,,,轻工制造,家居用品,成品家居,9.09,9.14,9.1
sh603313,梦百合,2023-06-27,9.15,9.52,9.06,9.5,9.12,4154809.0,39096709.0,4610340870.5,4610340870.5,27310393.799999997,865173773.1399999,3084648792.6400013,9186259104.62,6101610311.98,16773452.09,1047.98,1280.79,287.37,400.84,2574.32,2123.35,0.0,104.69,,,,,,,轻工制造,家居用品,成品家居,9.25,9.25,9.34
sh603313,梦百合,2023-06-28,9.52,9.64,9.43,9.61,9.5,3125173.0,29842898.0,4663723764.79,4663723764.79,27310393.799999997,865173773.1399999,3084648792.6400013,9186259104.62,6101610311.98,16773452.09,777.14,681.54,348.98,174.83,1858.17,2127.92,0.0,0.0,,,,,,,轻工制造,家居用品,成品家居,9.49,9.47,9.47
sh603313,梦百合,2023-06-29,9.65,9.65,9.54,9.59,9.61,1854224.0,17781912.0,4654017784.01,4654017784.01,27310393.799999997,865173773.1399999,3084648792.6400013,9186259104.62,6101610311.98,16773452.09,475.64,397.4,51.42,139.76,1250.75,1241.03,0.38,0.0,,,,,,,轻工制造,家居用品,成品家居,9.58,9.6,9.59
sh603313,梦百合,2023-06-30,9.69,10.08,9.62,10.03,9.59,7431061.0,73805689.0,4867549361.17,4867549361.17,27310393.799999997,865173773.1399999,3084648792.6400013,9186259104.62,6101610311.98,16773452.09,2000.38,2179.37,342.66,479.58,5037.53,4576.27,0.0,145.35,,,,,,,轻工制造,家居用品,成品家居,9.65,9.87,9.82
sh603313,梦百合,2023-07-03,10.0,10.17,9.82,10.11,10.03,5019667.0,50201327.0,4906373284.29,4906373284.29,27310393.799999997,865173773.1399999,3084648792.6400013,9186259104.62,6101610311.98,16773452.09,1495.94,1163.24,586.05,391.42,2834.96,3381.21,103.17,84.26,,,,,,,轻工制造,家居用品,成品家居,9.93,9.89,9.94
sh603313,梦百合,2023-07-04,10.02,10.28,10.02,10.17,10.11,4664024.0,47299125.0,4935491226.63,4935491226.63,27310393.799999997,865173773.1399999,3084648792.6400013,9186259104.62,6101610311.98,16773452.09,1204.03,1457.24,833.76,905.61,2680.88,2367.07,11.25,0.0,,,,,,,轻工制造,家居用品,成品家居,10.17,10.15,10.22
sh603313,梦百合,2023-07-05,10.17,10.64,10.09,10.53,10.17,9264790.0,96857048.0,5110198880.67,5110198880.67,27310393.799999997,865173773.1399999,3084648792.6400013,9186259104.62,6101610311.98,16773452.09,3318.67,3563.48,989.05,1306.53,5377.98,4660.83,0.0,154.88,,,,,,,轻工制造,家居用品,成品家居,10.13,10.19,10.17
sh603313,梦百合,2023-07-06,10.48,10.75,10.4,10.6,10.53,6153901.0,65215841.0,5144169813.4,5144169813.4,27310393.799999997,865173773.1399999,3084648792.6400013,9186259104.62,6101610311.98,16773452.09,1827.89,2040.61,844.61,815.22,3548.04,3167.02,301.04,498.73,,,,,,,轻工制造,家居用品,成品家居,10.46,10.6,10.69
sh603313,梦百合,2023-07-07,10.58,11.13,10.53,10.81,10.6,8970254.0,97659501.0,5246082611.59,5246082611.59,27310393.799999997,865173773.1399999,3084648792.6400013,9186259104.62,6101610311.98,16773452.09,2810.43,2721.92,1163.53,1346.44,5303.89,5468.23,488.1,229.36,,,,,,,轻工制造,家居用品,成品家居,10.8,10.92,10.89
sh603313,梦百合,2023-07-10,10.88,11.09,10.8,10.9,10.81,8275797.0,90632584.0,5289759525.099999,5289759525.099999,27310393.799999997,865173773.1399999,3084648792.6400013,9186259104.62,6101610311.98,16773452.09,2405.61,3054.77,377.68,1297.4,6279.96,4425.55,0.0,285.53,,,,,,,轻工制造,家居用品,成品家居,11.04,10.98,11.0
sh603313,梦百合,2023-07-11,10.97,11.0,10.81,10.94,10.9,3085739.0,33579743.0,5309171486.66,5309171486.66,27310393.799999997,865173773.1399999,3084648792.6400013,9186259104.62,6101610311.98,16773452.09,582.66,954.04,193.98,253.33,2528.08,2048.4,53.27,102.21,,,,,,,轻工制造,家居用品,成品家居,10.94,10.84,10.84
sh603313,梦百合,2023-07-12,10.92,10.95,10.76,10.79,10.94,3856478.0,41722037.0,5236376630.809999,5236376630.809999,27310393.799999997,865173773.1399999,3084648792.6400013,9186259104.62,6101610311.98,16773452.09,726.0,925.29,175.82,382.4,3270.39,2756.61,0.0,107.9,,,,,,,轻工制造,家居用品,成品家居,10.87,10.89,10.91
sh603313,梦百合,2023-07-13,10.81,10.9,10.74,10.79,10.79,2192975.0,23658458.0,5236376630.809999,5236376630.809999,27310393.799999997,865173773.1399999,3084648792.6400013,9186259104.62,6101610311.98,16773452.09,551.87,806.5,57.78,141.25,1756.2,1415.6,0.0,2.49,,,,,,,轻工制造,家居用品,成品家居,10.87,10.85,10.82
sh603313,梦百合,2023-07-14,10.8,10.8,10.6,10.71,10.79,3234030.0,34592275.0,5197552707.69,5197552707.69,27310393.799999997,865173773.1399999,3084648792.6400013,9186259104.62,6101610311.98,16773452.09,714.79,1115.52,356.09,388.38,2388.34,1694.89,0.0,260.43,,,,,,,轻工制造,家居用品,成品家居,10.71,10.71,10.68
sh603313,梦百合,2023-07-17,10.69,10.74,10.45,10.71,10.71,2941710.0,31125680.0,5197552707.69,5197552707.69,27310393.799999997,865173773.1399999,3084648792.6400013,9186259104.62,6101610311.98,16773452.09,634.53,589.23,281.18,250.07,2196.86,2165.34,0.0,107.92,,,,,,,轻工制造,家居用品,成品家居,10.56,10.56,10.59
sh603313,梦百合,2023-07-18,10.71,11.22,10.65,11.09,10.71,5896870.0,65240988.0,5381966342.51,5381966342.51,27310393.799999997,865173773.1399999,3084648792.6400013,9186259104.62,6101610311.98,16773452.09,2478.37,1671.06,559.41,1143.4,3486.31,3685.63,0.0,24.02,,,,,,,轻工制造,家居用品,成品家居,10.82,11.08,10.97
sh603313,梦百合,2023-07-19,11.08,11.78,11.01,11.67,11.09,11316240.0,130423755.0,5663439785.129999,5663439785.129999,27310393.799999997,865173773.1399999,3084648792.6400013,9186259104.62,6101610311.98,16773452.09,4841.73,3755.66,1336.56,2122.03,6127.72,6021.59,736.36,1143.09,,,,,,,轻工制造,家居用品,成品家居,11.34,11.39,11.43
sh603313,梦百合,2023-07-20,11.66,11.75,11.43,11.47,11.67,5786468.0,66732931.0,5566379977.33,5566379977.33,27310393.799999997,865173773.1399999,3084648792.6400013,9186259104.62,6101610311.98,16773452.09,1934.82,1926.57,545.21,741.12,4161.05,3772.78,0.0,200.61,,,,,,,轻工制造,家居用品,成品家居,11.65,11.52,11.51
sh603313,梦百合,2023-07-21,11.46,11.46,11.22,11.4,11.47,4010249.0,45511953.0,5532409044.6,5532409044.6,27310393.799999997,865173773.1399999,3084648792.6400013,9186259104.62,6101610311.98,16773452.09,1035.07,1211.72,304.94,457.76,3211.19,2881.72,0.0,0.0,,,,,,,轻工制造,家居用品,成品家居,11.44,11.35,11.31
sh603313,梦百合,2023-07-24,11.48,11.55,11.24,11.4,11.4,3500168.0,39695563.0,5532409044.6,5532409044.6,27310393.799999997,865173773.1399999,3084648792.6400013,9186259104.62,6101610311.98,16773452.09,970.63,1157.11,479.03,418.46,2519.9,2393.98,0.0,0.0,,,,,,,轻工制造,家居用品,成品家居,11.36,11.28,11.28
sh603313,梦百合,2023-07-25,11.5,11.68,11.43,11.48,11.4,3450350.0,39856723.0,5571232967.72,5571232967.72,27310393.799999997,865173773.1399999,3084648792.6400013,9186259104.62,6101610311.98,16773452.09,1260.09,1076.15,268.99,261.98,2456.59,2647.54,0.0,0.0,,,,,,,轻工制造,家居用品,成品家居,11.59,11.51,11.49
sh603313,梦百合,2023-07-26,11.54,11.58,11.22,11.28,11.48,3559142.0,40353138.0,5474173159.92,5474173159.92,27310393.799999997,865173773.1399999,3084648792.6400013,9186259104.62,6101610311.98,16773452.09,792.26,968.28,166.0,105.34,3077.05,2804.29,0.0,157.41,,,,,,,轻工制造,家居用品,成品家居,11.53,11.46,11.39
sh603313,梦百合,2023-07-27,11.32,11.4,11.11,11.18,11.28,3878502.0,43505897.0,5425643256.02,5425643256.02,27310393.799999997,865173773.1399999,3084648792.6400013,9186259104.62,6101610311.98,16773452.09,989.88,947.16,639.59,483.84,2721.12,2919.59,0.0,0.0,,,,,,,轻工制造,家居用品,成品家居,11.17,11.3,11.3
sh603313,梦百合,2023-07-28,11.18,11.57,11.16,11.46,11.18,4029768.0,46108882.0,5561526986.940001,5561526986.940001,27310393.799999997,865173773.1399999,3084648792.6400013,9186259104.62,6101610311.98,16773452.09,1479.39,1557.32,142.7,525.23,2988.8,2528.34,0.0,0.0,,,,,,,轻工制造,家居用品,成品家居,11.4,11.45,11.49
sh603313,梦百合,2023-07-31,11.49,11.74,11.43,11.61,11.46,4308800.0,49920502.0,5634321842.79,5634321842.79,27310393.799999997,865173773.1399999,3084648792.6400013,9186259104.62,6101610311.98,16773452.09,1295.04,1593.46,228.58,406.49,3468.43,2992.11,0.0,0.0,,,,,,,轻工制造,家居用品,成品家居,11.47,11.51,11.53
sh603313,梦百合,2023-08-01,11.61,11.84,11.5,11.55,11.61,3084399.0,35865684.0,5605203900.45,5605203900.45,27310393.799999997,865173773.1399999,3084648792.6400013,9186259104.62,6101610311.98,16773452.09,804.67,1073.66,417.21,409.5,2275.88,2103.4,88.81,0.0,,,,,,,轻工制造,家居用品,成品家居,11.55,11.55,11.67
sh603313,梦百合,2023-08-02,11.55,11.62,11.28,11.38,11.55,7043325.0,80096036.0,5522703063.82,5522703063.82,27310393.799999997,865173773.1399999,3084648792.6400013,9186259104.62,6101610311.98,16773452.09,2388.46,1490.7,599.85,1092.23,4646.49,4119.2,374.8,1307.46,,,,,,,轻工制造,家居用品,成品家居,11.48,11.6,11.52
sh603313,梦百合,2023-08-03,11.38,11.55,11.19,11.42,11.38,3110396.0,35248857.0,5542115025.38,5542115025.38,27310393.799999997,865173773.1399999,3084648792.6400013,9186259104.62,6101610311.98,16773452.09,1109.59,962.39,229.38,280.07,2157.68,2079.43,28.23,203.0,,,,,,,轻工制造,家居用品,成品家居,11.28,11.21,11.23
sh603313,梦百合,2023-08-04,11.45,11.58,11.19,11.2,11.42,1795980.0,20304950.0,5435349236.8,5435349236.8,27310393.799999997,865173773.1399999,3084648792.6400013,9186259104.62,6101610311.98,16773452.09,528.53,589.22,107.08,114.88,1394.89,1326.39,0.0,0.0,,,,,,,轻工制造,家居用品,成品家居,11.47,11.48,11.34
sh603313,梦百合,2023-08-07,11.18,11.2,11.03,11.12,11.2,2525530.0,28044370.0,5396525313.679999,5396525313.679999,27310393.799999997,865173773.1399999,3084648792.6400013,9186259104.62,6101610311.98,16773452.09,683.11,824.21,117.77,43.23,1864.67,1787.3,138.88,149.7,,,,,,,轻工制造,家居用品,成品家居,11.19,11.09,11.08
sh603313,梦百合,2023-08-08,11.12,11.3,11.02,11.17,11.12,1852900.0,20660382.0,5420790265.63,5420790265.63,27310393.799999997,865173773.1399999,3084648792.6400013,9186259104.62,6101610311.98,16773452.09,382.84,469.79,166.41,134.09,1516.78,1462.16,0.0,0.0,,,,,,,轻工制造,家居用品,成品家居,11.15,11.12,11.07
sh603313,梦百合,2023-08-09,11.15,11.19,10.97,11.06,11.17,1549600.0,17154345.0,5367407371.34,5367407371.34,27310393.799999997,865173773.1399999,3084648792.6400013,9186259104.62,6101610311.98,16773452.09,456.02,416.35,137.27,217.25,1122.15,1081.83,0.0,0.0,,,,,,,轻工制造,家居用品,成品家居,11.08,11.17,11.17
sh603313,梦百合,2023-08-10,11.05,11.14,10.96,11.1,11.06,1338944.0,14785767.0,5386819332.9,5386819332.9,27310393.799999997,865173773.1399999,3084648792.6400013,9186259104.62,6101610311.98,16773452.09,256.31,395.23,179.3,163.49,1042.97,819.18,0.0,100.67,,,,,,,轻工制造,家居用品,成品家居,11.13,11.06,11.05
sh603313,梦百合,2023-08-11,11.13,11.2,10.97,11.01,11.1,2565640.0,28420918.0,5343142419.389999,5343142419.389999,27310393.799999997,865173773.1399999,3084648792.6400013,9186259104.62,6101610311.98,16773452.09,928.6,618.95,133.32,162.68,1780.17,1979.32,0.0,81.14,,,,,Y,,轻工制造,家居用品,成品家居,11.09,11.13,11.15
sh603313,梦百合,2023-08-14,10.99,11.12,10.83,11.08,11.01,2308004.0,25335320.0,5377113352.12,5377113352.12,27310393.799999997,865173773.1399999,3084648792.6400013,9186259104.62,6101610311.98,16773452.09,576.2,716.33,31.74,99.71,1925.59,1717.5,0.0,0.0,,,,,Y,,轻工制造,家居用品,成品家居,10.88,10.84,10.88
sh603313,梦百合,2023-08-15,11.08,11.45,11.0,11.41,11.08,6502016.0,73521826.0,5537262034.990001,5537262034.990001,27310393.799999997,865173773.1399999,3084648792.6400013,9186259104.62,6101610311.98,16773452.09,2616.48,1944.82,747.89,746.37,3881.42,4373.77,106.4,287.22,,,,,Y,,轻工制造,家居用品,成品家居,11.08,11.25,11.28
sh603313,梦百合,2023-08-16,11.51,11.77,11.41,11.49,11.41,5264443.0,60937642.0,5576085958.11,5576085958.11,27310393.799999997,865173773.1399999,3084648792.6400013,9186259104.62,6101610311.98,16773452.09,2091.38,1931.96,677.71,605.52,3324.68,3556.29,0.0,0.0,,,,,Y,,轻工制造,家居用品,成品家居,11.56,11.55,11.56
sh603313,梦百合,2023-08-17,11.49,11.96,11.27,11.9,11.49,5762638.0,67502350.0,5775058564.1,5775058564.1,27310393.799999997,865173773.1399999,3084648792.6400013,9186259104.62,6101610311.98,16773452.09,1856.54,2415.56,317.37,631.81,4458.06,3702.87,118.27,0.0,,,,,Y,,轻工制造,家居用品,成品家居,11.33,11.42,11.59
sh603313,梦百合,2023-08-18,11.89,11.89,11.63,11.65,11.9,3110809.0,36481711.0,5653733804.35,5653733804.35,27310393.799999997,865173773.1399999,3084648792.6400013,9186259104.62,6101610311.98,16773452.09,1041.36,1065.52,422.44,349.28,2184.38,2233.36,0.0,0.0,,,,,Y,,轻工制造,家居用品,成品家居,11.79,11.78,11.78
sh603313,梦百合,2023-08-21,11.6,11.8,11.51,11.54,11.65,2720984.0,31679856.0,5600350910.059999,5600350910.059999,27310393.799999997,865173773.1399999,3084648792.6400013,9186259104.62,6101610311.98,16773452.09,845.03,865.28,204.43,429.64,2118.52,1873.06,0.0,0.0,,,,,Y,,轻工制造,家居用品,成品家居,11.64,11.62,11.57
sh603313,梦百合,2023-08-22,11.75,11.78,11.53,11.66,11.54,6863122.0,79980863.0,5658586794.74,5658586794.74,55312206.55,971931766.6,3220790380.290001,9550696100.27,6329905719.98,80842858.06,1162.13,2121.07,316.1,348.55,6519.85,5278.29,0.0,250.18,,,,,Y,,轻工制造,家居用品,成品家居,11.69,11.68,11.59
sh603313,梦百合,2023-08-23,11.67,12.0,11.47,11.49,11.66,4596115.0,53658378.0,5576085958.11,5576085958.11,55312206.55,971931766.6,3220790380.290001,9550696100.27,6329905719.98,80842858.06,1086.87,1521.65,473.63,357.8,3805.34,3486.38,0.0,0.0,,,,,Y,,轻工制造,家居用品,成品家居,11.9,11.94,11.69
sh603313,梦百合,2023-08-24,11.58,11.75,11.36,11.49,11.49,2463850.0,28332252.0,5576085958.11,5576085958.11,55312206.55,971931766.6,3220790380.290001,9550696100.27,6329905719.98,80842858.06,740.13,769.17,129.24,183.28,1943.78,1880.77,20.08,0.0,,,,,Y,,轻工制造,家居用品,成品家居,11.48,11.43,11.42
sh603313,梦百合,2023-08-25,11.41,11.55,11.26,11.4,11.49,3586875.0,40793753.0,5532409044.6,5532409044.6,55312206.55,971931766.6,3220790380.290001,9550696100.27,6329905719.98,80842858.06,1217.43,1311.44,487.12,273.45,2374.83,2391.72,0.0,102.76,,,,,Y,,轻工制造,家居用品,成品家居,11.43,11.42,11.51
sh603313,梦百合,2023-08-28,11.77,11.9,11.3,11.3,11.4,3136209.0,35970906.0,5483879140.700001,5483879140.700001,55312206.55,971931766.6,3220790380.290001,9550696100.27,6329905719.98,80842858.06,724.66,689.7,383.32,343.36,2489.11,2564.03,0.0,0.0,,,,,Y,,轻工制造,家居用品,成品家居,11.64,11.51,11.42
sh603313,梦百合,2023-08-29,11.28,11.59,11.16,11.59,11.3,3744818.0,42669698.0,5624615862.01,5624615862.01,55312206.55,971931766.6,3220790380.290001,9550696100.27,6329905719.98,80842858.06,1188.17,1189.2,241.39,400.09,2837.41,2677.68,0.0,0.0,,,,,Y,,轻工制造,家居用品,成品家居,11.35,11.32,11.2
sh603313,梦百合,2023-08-30,11.46,11.59,11.35,11.56,11.59,3089250.0,35421455.0,5610056890.839999,5610056890.839999,55312206.55,971931766.6,3220790380.290001,9550696100.27,6329905719.98,80842858.06,977.21,852.52,211.36,281.71,2353.57,2407.92,0.0,0.0,,,,,Y,,轻工制造,家居用品,成品家居,11.44,11.4,11.41
sh603313,梦百合,2023-08-31,11.51,11.67,11.41,11.61,11.56,3807963.0,44017249.0,5634321842.79,5634321842.79,55312206.55,971931766.6,3220790380.290001,9550696100.27,6329905719.98,80842858.06,763.77,1126.05,659.12,472.33,2873.18,2640.46,105.66,162.88,,,,,Y,,轻工制造,家居用品,成品家居,11.54,11.56,11.53
sh603313,梦百合,2023-09-01,11.67,12.04,11.58,11.95,11.61,3886192.0,46216242.0,5799323516.05,5799323516.05,55312206.55,971931766.6,3220790380.290001,9550696100.27,6329905719.98,80842858.06,1088.15,1074.18,440.55,824.67,3088.03,2717.88,0.0,0.0,,,,,Y,,轻工制造,家居用品,成品家居,11.7,11.8,11.84
sh603313,梦百合,2023-09-04,11.95,12.26,11.9,12.13,11.95,3892394.0,47117587.0,5886677343.07,5886677343.07,55312206.55,971931766.6,3220790380.290001,9550696100.27,6329905719.98,80842858.06,1387.89,1275.51,551.29,397.53,2764.94,3031.08,0.0,0.0,,,,,Y,,轻工制造,家居用品,成品家居,12.19,12.1,12.15
sh603313,梦百合,2023-09-05,12.09,12.24,11.97,12.15,12.13,3849515.0,46734371.0,5896383323.849999,5896383323.849999,55312206.55,971931766.6,3220790380.290001,9550696100.27,6329905719.98,80842858.06,1231.69,1123.75,489.79,755.53,2951.22,2757.19,0.0,36.24,,,,,Y,,轻工制造,家居用品,成品家居,11.98,12.13,12.12
sh603313,梦百合,2023-09-06,12.07,12.29,11.98,12.0,12.15,3104565.0,37527336.0,5823588468.000001,5823588468.000001,55312206.55,971931766.6,3220790380.290001,9550696100.27,6329905719.98,80842858.06,877.5,924.1,640.97,704.78,2234.26,2013.93,0.0,109.92,,,,,Y,,轻工制造,家居用品,成品家居,12.13,12.26,12.19
sh603313,梦百合,2023-09-07,11.9,12.15,11.85,11.88,12.0,2590036.0,31037048.0,5765352583.32,5765352583.32,55312206.55,971931766.6,3220790380.290001,9550696100.27,6329905719.98,80842858.06,503.22,800.46,264.83,381.6,2333.75,1919.74,0.0,0.0,,,,,Y,,轻工制造,家居用品,成品家居,12.08,12.07,11.99
sh603313,梦百合,2023-09-08,11.9,11.91,11.77,11.83,11.88,1715375.0,20298374.0,5741087631.37,5741087631.37,55312206.55,971931766.6,3220790380.290001,9550696100.27,6329905719.98,80842858.06,345.73,545.33,246.23,381.93,1437.88,1102.58,0.0,0.0,,,,,Y,,轻工制造,家居用品,成品家居,11.84,11.81,11.82
sh603313,梦百合,2023-09-11,11.9,11.95,11.68,11.82,11.83,2237737.0,26439646.0,5736234640.98,5736234640.98,55312206.55,971931766.6,3220790380.290001,9550696100.27,6329905719.98,80842858.06,644.4,457.04,148.31,462.74,1851.25,1724.19,0.0,0.0,,,,,Y,,轻工制造,家居用品,成品家居,11.75,11.73,11.72
sh603313,梦百合,2023-09-12,11.82,11.96,11.58,11.61,11.82,1841470.0,21510247.0,5634321842.79,5634321842.79,55312206.55,971931766.6,3220790380.290001,9550696100.27,6329905719.98,80842858.06,524.38,326.55,287.58,234.27,1339.06,1590.2,0.0,0.0,,,,,Y,,轻工制造,家居用品,成品家居,11.75,11.74,11.75
sh603313,梦百合,2023-09-13,11.62,11.96,11.54,11.6,11.61,2170220.0,25315362.0,5629468852.4,5629468852.4,55312206.55,971931766.6,3220790380.290001,9550696100.27,6329905719.98,80842858.06,606.87,588.74,356.33,335.24,1568.34,1607.56,0.0,0.0,,,,,Y,,轻工制造,家居用品,成品家居,11.74,11.7,11.68
sh603313,梦百合,2023-09-14,11.54,11.6,11.4,11.55,11.6,2353480.0,27090422.0,5605203900.45,5605203900.45,55312206.55,971931766.6,3220790380.290001,9550696100.27,6329905719.98,80842858.06,457.88,586.37,303.24,288.14,1947.92,1834.54,0.0,0.0,,,,,Y,,轻工制造,家居用品,成品家居,11.49,11.53,11.58
sh603313,梦百合,2023-09-15,11.56,11.81,11.52,11.73,11.55,2695599.0,31535976.0,5692557727.47,5692557727.47,55312206.55,971931766.6,3220790380.290001,9550696100.27,6329905719.98,80842858.06,587.45,673.7,323.97,440.85,2242.18,2039.05,0.0,0.0,,,,,Y,,轻工制造,家居用品,成品家居,11.54,11.65,11.65
sh603313,梦百合,2023-09-18,11.7,12.16,11.63,12.08,11.73,3475288.0,41557905.0,5862412391.12,5862412391.12,55312206.55,971931766.6,3220790380.290001,9550696100.27,6329905719.98,80842858.06,850.22,759.81,261.61,592.78,2931.83,2693.66,110.68,108.09,,,,,Y,,轻工制造,家居用品,成品家居,11.7,11.74,11.8
sh603313,梦百合,2023-09-19,12.0,12.07,11.7,11.87,12.08,3670814.0,43333952.0,5760499592.93,5760499592.93,55312206.55,971931766.6,3220790380.290001,9550696100.27,6329905719.98,80842858.06,964.27,766.53,1107.42,1075.75,2257.19,2486.61,0.0,0.0,,,,,Y,,轻工制造,家居用品,成品家居,11.93,11.87,11.83
sh603313,梦百合,2023-09-20,11.82,11.9,11.69,11.73,11.87,2050369.0,24112084.0,5692557727.47,5692557727.47,55312206.55,971931766.6,3220790380.290001,9550696100.27,6329905719.98,80842858.06,480.37,661.28,338.81,340.36,1585.46,1403.0,0.0,0.0,,,,,Y,,轻工制造,家居用品,成品家居,11.81,11.82,11.77
sh603313,梦百合,2023-09-21,11.73,11.83,11.62,11.72,11.73,1676737.0,19626168.0,5687704737.08,5687704737.08,55312206.55,971931766.6,3220790380.290001,9550696100.27,6329905719.98,80842858.06,412.08,335.63,199.59,324.71,1350.36,1301.7,0.0,0.0,,,,,Y,,轻工制造,家居用品,成品家居,11.73,11.79,11.75
sh603313,梦百合,2023-09-22,11.7,11.79,11.59,11.7,11.72,2524600.0,29530161.0,5677998756.3,5677998756.3,55312206.55,971931766.6,3220790380.290001,9550696100.27,6329905719.98,80842858.06,465.15,510.64,526.19,755.04,1961.67,1687.33,0.0,0.0,,,,,Y,,轻工制造,家居用品,成品家居,11.64,11.65,11.7
sh603313,梦百合,2023-09-25,11.68,11.92,11.62,11.83,11.7,2283160.0,27022325.0,5741087631.37,5741087631.37,55312206.55,971931766.6,3220790380.290001,9550696100.27,6329905719.98,80842858.06,504.02,562.61,282.63,401.53,1915.58,1738.1,0.0,0.0,,,,,Y,,轻工制造,家居用品,成品家居,11.75,11.82,11.83
sh603313,梦百合,2023-09-26,11.83,11.86,11.64,11.66,11.83,1945287.0,22783080.0,5658586794.74,5658586794.74,55312206.55,971931766.6,3220790380.290001,9550696100.27,6329905719.98,80842858.06,565.56,403.64,582.41,350.72,1130.33,1523.94,0.0,0.0,,,,,Y,,轻工制造,家居用品,成品家居,11.77,11.74,11.7
sh603313,梦百合,2023-09-27,11.72,11.79,11.53,11.72,11.66,1975021.0,23079292.0,5687704737.08,5687704737.08,55312206.55,971931766.6,3220790380.290001,9550696100.27,6329905719.98,80842858.06,487.2,458.65,405.75,385.69,1413.46,1389.47,0.0,72.6,,,,,Y,,轻工制造,家居用品,成品家居,11.56,11.58,11.66
sh603313,梦百合,2023-09-28,11.74,11.86,11.61,11.83,11.72,2176490.0,25641137.0,5741087631.37,5741087631.37,55312206.55,971931766.6,3220790380.290001,9550696100.27,6329905719.98,80842858.06,560.54,635.55,516.54,746.14,1464.77,1168.22,8.06,0.0,,,,,Y,,轻工制造,家居用品,成品家居,11.71,11.7,11.68
sh603313,梦百合,2023-10-09,11.85,11.85,11.14,11.25,11.83,4991591.0,56805741.0,5459614188.75,5459614188.75,55312206.55,971931766.6,3220790380.290001,9550696100.27,6329905719.98,80842858.06,1682.85,1188.4,818.14,610.73,3144.94,3846.8,0.0,0.0,,,,,Y,,轻工制造,家居用品,成品家居,11.68,11.72,11.6
sh603313,梦百合,2023-10-10,11.31,11.36,11.08,11.29,11.25,2902641.0,32582915.0,5479026150.309999,5479026150.309999,55312206.55,971931766.6,3220790380.290001,9550696100.27,6329905719.98,80842858.06,533.48,788.31,236.69,515.25,2488.12,1954.73,0.0,0.0,,,,,Y,,轻工制造,家居用品,成品家居,11.22,11.25,11.21
sh603313,梦百合,2023-10-11,11.27,11.43,11.17,11.4,11.29,3173728.0,35786831.0,5532409044.6,5532409044.6,55312206.55,971931766.6,3220790380.290001,9550696100.27,6329905719.98,80842858.06,541.7,752.01,746.4,594.05,2290.58,2232.63,0.0,0.0,,,,,Y,,轻工制造,家居用品,成品家居,11.18,11.22,11.31
sh603313,梦百合,2023-10-12,11.37,11.77,11.37,11.73,11.4,3912932.0,45399912.0,5692557727.47,5692557727.47,55312206.55,971931766.6,3220790380.290001,9550696100.27,6329905719.98,80842858.06,896.24,955.97,1347.95,1293.2,1810.67,2082.72,485.13,208.1,,,,,Y,,轻工制造,家居用品,成品家居,11.4,11.48,11.48
sh603313,梦百合,2023-10-13,11.75,11.75,11.36,11.44,11.73,2607858.0,29951166.0,5551821006.16,5551821006.16,55312206.55,971931766.6,3220790380.290001,9550696100.27,6329905719.98,80842858.06,475.7,620.88,752.54,335.72,1766.87,2038.51,0.0,0.0,,,,,Y,,轻工制造,家居用品,成品家居,11.69,11.64,11.6
sh603313,梦百合,2023-10-16,11.38,11.57,11.38,11.41,11.44,1843999.0,21103368.0,5537262034.990001,5537262034.990001,55312206.55,971931766.6,3220790380.290001,9550696100.27,6329905719.98,80842858.06,422.09,462.5,282.08,285.24,1406.17,1362.6,0.0,0.0,,,,,Y,,轻工制造,家居用品,成品家居,11.46,11.55,11.48
sh603313,梦百合,2023-10-17,11.44,11.56,11.22,11.49,11.41,2547629.0,28982629.0,5576085958.11,5576085958.11,55312206.55,971931766.6,3220790380.290001,9550696100.27,6329905719.98,80842858.06,406.88,647.03,432.25,375.67,2059.14,1875.56,0.0,0.0,,,,,Y,,轻工制造,家居用品,成品家居,11.4,11.4,11.37
sh603313,梦百合,2023-10-18,11.46,11.51,11.3,11.33,11.49,1992986.0,22708139.0,5498438111.87,5498438111.87,55312206.55,971931766.6,3220790380.290001,9550696100.27,6329905719.98,80842858.06,371.72,497.05,700.87,460.41,1198.22,1313.35,0.0,0.0,,,,,Y,,轻工制造,家居用品,成品家居,11.38,11.38,11.31
sh603313,梦百合,2023-10-19,11.44,11.58,11.22,11.29,11.33,2670395.0,30511554.0,5479026150.309999,5479026150.309999,55312206.55,971931766.6,3220790380.290001,9550696100.27,6329905719.98,80842858.06,606.63,757.22,704.32,537.78,1740.2,1654.6,0.0,101.55,,,,,Y,,轻工制造,家居用品,成品家居,11.39,11.44,11.48
sh603313,梦百合,2023-10-20,11.27,11.44,11.1,11.15,11.29,1639829.0,18442503.0,5411084284.85,5411084284.85,55312206.55,971931766.6,3220790380.290001,9550696100.27,6329905719.98,80842858.06,369.57,482.0,210.26,116.98,1264.41,1245.27,0.0,0.0,,,,,Y,,轻工制造,家居用品,成品家居,11.29,11.42,11.34
sh603313,梦百合,2023-10-23,11.1,11.24,10.72,10.76,11.15,2760190.0,30089988.0,5221817659.64,5221817659.64,55312206.55,971931766.6,3220790380.290001,9550696100.27,6329905719.98,80842858.06,600.53,557.19,316.41,567.82,2092.05,1883.99,0.0,0.0,,,,,Y,,轻工制造,家居用品,成品家居,11.11,11.03,10.89
sh603313,梦百合,2023-10-24,10.83,11.16,10.56,11.15,10.76,3295930.0,36035271.0,5411084284.85,5411084284.85,55312206.55,971931766.6,3220790380.290001,9550696100.27,6329905719.98,80842858.06,522.83,624.98,739.81,853.16,2335.03,2125.39,5.86,0.0,,,,,Y,,轻工制造,家居用品,成品家居,10.65,10.8,10.73
sh603313,梦百合,2023-10-25,11.19,11.33,10.95,11.05,11.15,3997700.0,44395001.0,5362554380.95,5362554380.95,55312206.55,971931766.6,3220790380.290001,9550696100.27,6329905719.98,80842858.06,1026.32,992.75,1063.58,825.03,2349.6,2478.98,0.0,142.75,,,,,Y,,轻工制造,家居用品,成品家居,11.27,11.15,11.04
sh603313,梦百合,2023-10-26,11.05,11.08,10.22,10.5,11.05,9077133.0,95923586.0,5095639909.5,5095639909.5,55312206.55,971931766.6,3220790380.290001,9550696100.27,6329905719.98,80842858.06,2452.63,2899.13,1421.08,1231.49,5181.2,5264.44,435.06,94.9,,,,,Y,,轻工制造,家居用品,成品家居,11.03,10.93,10.91
sh603313,梦百合,2023-10-27,10.35,10.79,10.35,10.61,10.5,5864158.0,62392048.0,5149022803.79,5149022803.79,55312206.55,971931766.6,3220790380.290001,9550696100.27,6329905719.98,80842858.06,1218.26,1463.15,564.08,674.7,4379.25,3862.32,77.61,239.03,,,,,Y,,轻工制造,家居用品,成品家居,10.53,10.62,10.75
sh603313,梦百合,2023-10-30,10.59,10.75,10.45,10.58,10.61,5411188.0,57089774.0,5134463832.62,5134463832.62,55312206.55,971931766.6,3220790380.290001,9550696100.27,6329905719.98,80842858.06,797.21,1376.92,434.49,885.17,4477.28,3446.89,0.0,0.0,,,,,Y,,轻工制造,家居用品,成品家居,10.55,10.55,10.52
sh603313,梦百合,2023-10-31,10.6,10.6,10.0,10.14,10.58,7507000.0,76491397.0,4920932255.46,4920932255.46,55538531.379999995,1132680631.4099998,3201722674.1399994,9709026002.57,6507303328.43,15314525.949999988,1880.17,2039.38,1239.48,498.12,4523.62,4839.72,5.88,271.92,,,,,Y,,轻工制造,家居用品,成品家居,10.36,10.21,10.22
sh603313,梦百合,2023-11-01,10.13,10.24,10.03,10.13,10.14,3011783.0,30561437.0,4916079265.07,4916079265.07,55538531.379999995,1132680631.4099998,3201722674.1399994,9709026002.57,6507303328.43,15314525.949999988,474.67,551.93,87.99,181.19,2436.02,2265.55,0.0,0.0,,,,,Y,,轻工制造,家居用品,成品家居,10.19,10.2,10.11
sh603313,梦百合,2023-11-02,10.13,10.19,10.0,10.1,10.13,3814710.0,38446634.0,4901520293.9,4901520293.9,55538531.379999995,1132680631.4099998,3201722674.1399994,9709026002.57,6507303328.43,15314525.949999988,1076.3,806.51,208.99,365.72,2559.37,2672.43,0.0,0.0,,,,,Y,,轻工制造,家居用品,成品家居,10.12,10.12,10.12
sh603313,梦百合,2023-11-03,10.1,10.62,10.1,10.42,10.1,4258480.0,44427604.0,5056815986.38,5056815986.38,55538531.379999995,1132680631.4099998,3201722674.1399994,9709026002.57,6507303328.43,15314525.949999988,1004.22,1276.77,610.44,552.85,2826.11,2611.16,0.0,0.0,,,,,Y,,轻工制造,家居用品,成品家居,10.18,10.35,10.35
sh603313,梦百合,2023-11-06,10.48,10.58,10.32,10.49,10.42,3250580.0,33808311.0,5090786919.11,5090786919.11,55538531.379999995,1132680631.4099998,3201722674.1399994,9709026002.57,6507303328.43,15314525.949999988,860.85,886.93,229.48,523.51,2290.51,1928.55,0.0,41.84,,,,,Y,,轻工制造,家居用品,成品家居,10.48,10.36,10.36
sh603313,梦百合,2023-11-07,10.65,10.66,10.26,10.5,10.49,7296396.0,76344341.0,5095639909.5,5095639909.5,55538531.379999995,1132680631.4099998,3201722674.1399994,9709026002.57,6507303328.43,15314525.949999988,2221.2,1827.34,1755.15,2516.64,3658.09,3155.09,0.0,135.36,,,,,Y,,轻工制造,家居用品,成品家居,10.3,10.31,10.32
sh603313,梦百合,2023-11-08,10.48,10.59,10.2,10.46,10.5,4659028.0,48697666.0,5076227947.94,5076227947.94,55538531.379999995,1132680631.4099998,3201722674.1399994,9709026002.57,6507303328.43,15314525.949999988,1074.71,1342.29,1442.36,897.39,2221.12,2580.61,82.1,0.0,,,,,Y,,轻工制造,家居用品,成品家居,10.4,10.35,10.35
sh603313,梦百合,2023-11-09,10.41,10.6,10.4,10.42,10.46,2601180.0,27284268.0,5056815986.38,5056815986.38,55538531.379999995,1132680631.4099998,3201722674.1399994,9709026002.57,6507303328.43,15314525.949999988,575.37,746.21,286.19,224.09,1838.63,1729.88,0.0,0.0,,,,,Y,,轻工制造,家居用品,成品家居,10.45,10.52,10.52
sh603313,梦百合,2023-11-10,10.4,10.48,10.2,10.26,10.42,3166256.0,32597591.0,4979168140.14,4979168140.14,55538531.379999995,1132680631.4099998,3201722674.1399994,9709026002.57,6507303328.43,15314525.949999988,879.91,974.05,361.11,448.07,2018.74,1837.63,0.0,0.0,,,,,Y,,轻工制造,家居用品,成品家居,10.36,10.41,10.35
sh603313,梦百合,2023-11-13,10.38,10.42,10.13,10.22,10.26,2565170.0,26212819.0,4959756178.58,5831397964.7,55538531.379999995,1132680631.4099998,3201722674.1399994,9709026002.57,6507303328.43,15314525.949999988,607.77,537.47,132.01,65.27,1881.5,2018.54,0.0,0.0,,,,,Y,,轻工制造,家居用品,成品家居,10.31,10.28,10.25
sh603313,梦百合,2023-11-14,10.23,10.26,10.09,10.16,10.22,3457949.0,35116509.0,4930638236.24,5797162751.599999,55538531.379999995,1132680631.4099998,3201722674.1399994,9709026002.57,6507303328.43,15314525.949999988,1044.04,687.84,356.25,281.44,2108.72,2395.18,0.0,144.55,,,,,Y,,轻工制造,家居用品,成品家居,10.2,10.24,10.19
sh603313,梦百合,2023-11-15,10.22,10.56,10.21,10.34,10.16,8548537.0,88833616.0,5017992063.26,5899868390.900001,55538531.379999995,1132680631.4099998,3201722674.1399994,9709026002.57,6507303328.43,15314525.949999988,2483.48,1798.76,874.39,892.6,4372.17,4035.63,526.04,1529.09,,,,,Y,,轻工制造,家居用品,成品家居,10.36,10.49,10.41
sh603313,梦百合,2023-11-16,10.27,10.37,10.07,10.2,10.34,4572961.0,46447229.0,4950050197.8,5819986226.999999,55538531.379999995,1132680631.4099998,3201722674.1399994,9709026002.57,6507303328.43,15314525.949999988,1148.57,888.57,327.7,311.52,3168.45,3444.63,0.0,0.0,,,,,Y,,轻工制造,家居用品,成品家居,10.15,10.12,10.11
sh603313,梦百合,2023-11-17,10.19,10.24,10.06,10.17,10.2,2756230.0,27954500.0,4935491226.63,5802868620.45,55538531.379999995,1132680631.4099998,3201722674.1399994,9709026002.57,6507303328.43,15314525.949999988,686.0,582.03,326.0,182.9,1783.45,2030.52,0.0,0.0,,,,,Y,,轻工制造,家居用品,成品家居,10.14,10.14,10.12
sh603313,梦百合,2023-11-20,10.2,10.33,10.08,10.26,10.17,4243642.0,43336433.0,4979168140.14,5854221440.1,55538531.379999995,1132680631.4099998,3201722674.1399994,9709026002.57,6507303328.43,15314525.949999988,1082.47,1126.64,696.17,761.06,2555.0,2445.94,0.0,0.0,,,,,Y,,轻工制造,家居用品,成品家居,10.12,10.12,10.08
sh603313,梦百合,2023-11-21,10.26,10.55,10.22,10.35,10.26,6246801.0,65197560.0,5022845053.65,5905574259.75,55538531.379999995,1132680631.4099998,3201722674.1399994,9709026002.57,6507303328.43,15314525.949999988,1326.21,1498.86,1035.86,1399.1,4033.15,3380.88,124.53,240.92,,,,,Y,,轻工制造,家居用品,成品家居,10.42,10.5,10.47
sh603313,梦百合,2023-11-22,10.33,10.33,10.08,10.09,10.35,3814353.0,38786130.0,4896667303.51,5757221669.65,55538531.379999995,1132680631.4099998,3201722674.1399994,9709026002.57,6507303328.43,15314525.949999988,1237.07,817.22,342.86,109.97,2298.69,2951.43,0.0,0.0,,,,,Y,,轻工制造,家居用品,成品家居,10.25,10.18,10.19
sh603313,梦百合,2023-11-23,10.1,10.66,10.05,10.51,10.09,6688360.0,69567428.0,5100492899.89,5996868161.349999,55538531.379999995,1132680631.4099998,3201722674.1399994,9709026002.57,6507303328.43,15314525.949999988,1692.7,2057.9,1254.09,1617.8,3709.27,3281.04,300.69,0.0,,,,,Y,,轻工制造,家居用品,成品家居,10.11,10.1,10.12
sh603313,梦百合,2023-11-24,10.36,10.63,10.36,10.45,10.51,3501728.0,36562783.0,5071374957.55,5962632948.25,55538531.379999995,1132680631.4099998,3201722674.1399994,9709026002.57,6507303328.43,15314525.949999988,923.15,870.4,622.25,485.26,2034.3,2215.46,76.59,85.17,,,,,Y,,轻工制造,家居用品,成品家居,10.48,10.4,10.41
sh603313,梦百合,2023-11-27,10.37,10.51,10.28,10.43,10.45,3866571.0,40191282.0,5061668976.77,5951221210.55,55538531.379999995,1132680631.4099998,3201722674.1399994,9709026002.57,6507303328.43,15314525.949999988,993.44,993.14,694.86,719.63,2180.24,2185.35,150.58,121.01,,,,,Y,,轻工制造,家居用品,成品家居,10.34,10.31,10.49
sh603313,梦百合,2023-11-28,10.37,10.51,10.32,10.45,10.43,2124490.0,22187902.0,5071374957.55,5962632948.25,55538531.379999995,1132680631.4099998,3201722674.1399994,9709026002.57,6507303328.43,15314525.949999988,613.89,595.35,328.32,344.81,1276.58,1278.64,0.0,0.0,,,,,Y,,轻工制造,家居用品,成品家居,10.38,10.38,10.45
sh603313,梦百合,2023-11-29,10.4,10.45,10.16,10.21,10.45,2966780.0,30488071.0,4954903188.19,5825692095.849999,55538531.379999995,1132680631.4099998,3201722674.1399994,9709026002.57,6507303328.43,15314525.949999988,799.38,780.71,685.48,229.88,1563.95,1974.99,0.0,63.22,,,,,Y,,轻工制造,家居用品,成品家居,10.35,10.34,10.35
sh603313,梦百合,2023-11-30,10.22,10.28,10.05,10.11,10.21,2804520.0,28367315.0,4906373284.29,5768633407.349999,55538531.379999995,1132680631.4099998,3201722674.1399994,9709026002.57,6507303328.43,15314525.949999988,754.57,644.55,416.25,421.07,1665.91,1769.9,0.0,1.22,,,,,Y,,轻工制造,家居用品,成品家居,10.21,10.13,10.1
sh603313,梦百合,2023-12-01,10.15,10.15,9.82,10.02,10.11,3561990.0,35599438.0,4862696370.78,5717280587.7,55538531.379999995,1132680631.4099998,3201722674.1399994,9709026002.57,6507303328.43,15314525.949999988,956.77,860.82,366.2,351.47,2236.98,2347.65,0.0,0.0,,,,,Y,,轻工制造,家居用品,成品家居,10.01,9.84,9.98
sh603313,梦百合,2023-12-04,10.0,10.07,9.86,9.98,10.02,2525357.0,25223771.0,4843284409.22,5694457112.3,55538531.379999995,1132680631.4099998,3201722674.1399994,9709026002.57,6507303328.43,15314525.949999988,523.97,511.48,144.84,49.76,1853.57,1961.13,0.0,0.0,,,,,Y,,轻工制造,家居用品,成品家居,9.91,9.94,9.99
sh603313,梦百合,2023-12-05,9.97,10.07,9.86,9.87,9.98,2891800.0,28823446.0,4789901514.93,5631692554.950001,55538531.379999995,1132680631.4099998,3201722674.1399994,9709026002.57,6507303328.43,15314525.949999988,682.87,913.88,409.2,121.99,1688.68,1846.47,101.59,0.0,,,,,Y,,轻工制造,家居用品,成品家居,9.99,9.97,10.01
sh603313,梦百合,2023-12-06,9.88,9.93,9.8,9.89,9.87,2161297.0,21334789.0,4799607495.71,5643104292.650001,55538531.379999995,1132680631.4099998,3201722674.1399994,9709026002.57,6507303328.43,15314525.949999988,618.01,499.58,88.71,194.28,1426.77,1439.62,0.0,0.0,,,,,Y,,轻工制造,家居用品,成品家居,9.86,9.88,9.87
sh603313,梦百合,2023-12-07,9.87,10.01,9.73,9.95,9.89,2930907.0,28934616.0,4828725438.05,5677339505.75,55538531.379999995,1132680631.4099998,3201722674.1399994,9709026002.57,6507303328.43,15314525.949999988,658.01,567.84,181.25,81.39,2054.21,2244.22,0.0,0.0,,,,,Y,,轻工制造,家居用品,成品家居,9.86,9.84,9.84
sh603313,梦百合,2023-12-08,9.95,9.96,9.64,9.69,9.95,2311596.0,22669369.0,4702547687.91,5528986915.65,55538531.379999995,1132680631.4099998,3201722674.1399994,9709026002.57,6507303328.43,15314525.949999988,660.31,417.96,276.43,132.68,1330.2,1513.62,0.0,202.68,,,,,Y,,轻工制造,家居用品,成品家居,9.93,9.92,9.9
sh603313,梦百合,2023-12-11,9.65,9.8,9.43,9.73,9.69,4978597.0,47970904.0,4721959649.469999,5551810391.05,55538531.379999995,1132680631.4099998,3201722674.1399994,9709026002.57,6507303328.43,15314525.949999988,960.44,963.28,728.54,163.26,2360.44,2886.1,747.67,784.44,,,,,Y,,轻工制造,家居用品,成品家居,9.59,9.71,9.64
sh603313,梦百合,2023-12-12,9.72,9.85,9.67,9.82,9.73,3844358.0,37585429.0,4765636562.9800005,5603163210.7,55538531.379999995,1132680631.4099998,3201722674.1399994,9709026002.57,6507303328.43,15314525.949999988,960.21,1333.79,95.69,251.96,2548.35,2010.38,154.29,162.42,,,,,Y,,轻工制造,家居用品,成品家居,9.74,9.67,9.73
sh603313,梦百合,2023-12-13,9.82,9.82,9.58,9.58,9.82,2795650.0,27035645.0,4649164793.62,5466222358.3,55538531.379999995,1132680631.4099998,3201722674.1399994,9709026002.57,6507303328.43,15314525.949999988,726.91,915.47,334.22,142.41,1642.43,1645.69,0.0,0.0,,,,,Y,,轻工制造,家居用品,成品家居,9.72,9.69,9.7
sh603313,梦百合,2023-12-14,9.59,9.99,9.59,9.83,9.58,3606526.0,35452891.0,4770489553.37,5608869079.549999,55538531.379999995,1132680631.4099998,3201722674.1399994,9709026002.57,6507303328.43,15314525.949999988,879.96,788.72,136.07,342.25,2529.26,2414.32,0.0,0.0,,,,,Y,,轻工制造,家居用品,成品家居,9.7,9.77,9.76
sh603313,梦百合,2023-12-15,10.0,10.79,10.0,10.33,9.83,11356222.0,118159459.0,5013139072.87,5894162522.05,55538531.379999995,1132680631.4099998,3201722674.1399994,9709026002.57,6507303328.43,15314525.949999988,3551.43,3493.61,1232.78,773.98,6942.62,7289.77,89.12,258.59,,,,,Y,,轻工制造,家居用品,成品家居,10.3,10.23,10.26
sh603313,梦百合,2023-12-18,10.16,10.75,10.02,10.59,10.33,14750419.0,155449876.0,5139316823.01,6042515112.15,55538531.379999995,1132680631.4099998,3201722674.1399994,9709026002.57,6507303328.43,15314525.949999988,5460.31,4055.07,2506.25,2467.1,7551.21,9022.82,27.21,0.0,,,,,Y,,轻工制造,家居用品,成品家居,10.36,10.39,10.65
sh603313,梦百合,2023-12-19,10.55,10.81,10.39,10.63,10.59,7241290.0,76985805.0,5158728784.57,6065338587.55,55538531.379999995,1132680631.4099998,3201722674.1399994,9709026002.57,6507303328.43,15314525.949999988,2310.79,1871.41,977.88,996.61,4172.91,4830.56,237.0,0.0,,,,,Y,,轻工制造,家居用品,成品家居,10.79,10.66,10.77
sh603313,梦百合,2023-12-20,10.63,10.79,10.49,10.57,10.63,6824920.0,72268657.0,5129610842.23,6031103374.45,55538531.379999995,1132680631.4099998,3201722674.1399994,9709026002.57,6507303328.43,15314525.949999988,1831.78,2210.73,1193.11,1261.33,4201.98,3754.8,0.0,0.0,,,,,Y,,轻工制造,家居用品,成品家居,10.72,10.67,10.58
sh603313,梦百合,2023-12-21,10.55,10.7,10.36,10.68,10.57,5184771.0,54746436.0,5182993736.52,6093867931.8,55538531.379999995,1132680631.4099998,3201722674.1399994,9709026002.57,6507303328.43,15314525.949999988,1516.03,1468.17,585.36,873.53,3357.01,3022.08,16.23,110.88,,,,,Y,,轻工制造,家居用品,成品家居,10.6,10.55,10.54
sh603313,梦百合,2023-12-22,10.66,10.77,10.38,10.47,10.68,3713412.0,39187381.0,5081080938.33,5974044685.95,55538531.379999995,1132680631.4099998,3201722674.1399994,9709026002.57,6507303328.43,15314525.949999988,699.39,1161.98,295.37,320.37,2923.98,2436.38,0.0,0.0,,,,,Y,,轻工制造,家居用品,成品家居,10.71,10.66,10.68
sh603313,梦百合,2023-12-25,10.46,10.47,10.2,10.33,10.47,3704317.0,38160642.0,5013139072.87,5894162522.05,55538531.379999995,1132680631.4099998,3201722674.1399994,9709026002.57,6507303328.43,15314525.949999988,738.6,924.32,588.09,478.07,2369.44,2169.11,119.93,244.57,,,,,Y,,轻工制造,家居用品,成品家居,10.34,10.32,10.39
sh603313,梦百合,2023-12-26,10.34,10.45,10.01,10.09,10.33,2677640.0,27242803.0,4896667303.51,5757221669.65,55538531.379999995,1132680631.4099998,3201722674.1399994,9709026002.57,6507303328.43,15314525.949999988,727.4,749.22,236.37,96.08,1620.77,1676.07,139.74,202.9,,,,,Y,,轻工制造,家居用品,成品家居,10.39,10.34,10.26
sh603313,梦百合,2023-12-27,10.1,10.6,9.97,10.49,10.09,5794549.0,59614216.0,5090786919.11,5985456423.65,55538531.379999995,1132680631.4099998,3201722674.1399994,9709026002.57,6507303328.43,15314525.949999988,1263.78,1632.96,1194.65,443.48,3113.06,3401.0,389.93,483.99,,,,,Y,,轻工制造,家居用品,成品家居,10.05,10.01,10.04
sh603313,梦百合,2023-12-28,10.48,10.81,10.46,10.74,10.49,5718551.0,61035727.0,5212111678.86,6128103144.900001,55538531.379999995,1132680631.4099998,3201722674.1399994,9709026002.57,6507303328.43,15314525.949999988,1892.62,1409.13,852.42,796.08,3358.53,3747.6,0.0,150.76,,,,,Y,,轻工制造,家居用品,成品家居,10.66,10.67,10.54
sh603313,梦百合,2023-12-29,10.78,10.78,10.48,10.5,10.74,4283530.0,45401217.0,5095639909.5,5991162292.5,55538531.379999995,1132680631.4099998,3201722674.1399994,9709026002.57,6507303328.43,15314525.949999988,1366.55,1270.54,547.88,820.8,2558.27,2316.98,67.41,131.81,,,,,Y,,轻工制造,家居用品,成品家居,10.66,10.63,10.62
sh603313,梦百合,2024-01-02,10.47,10.74,10.37,10.62,10.5,5094284.0,54044720.0,5153875794.18,6059632718.700001,55538531.379999995,1132680631.4099998,3201722674.1399994,9709026002.57,6507303328.43,15314525.949999988,962.34,1412.51,301.24,631.43,4140.9,3311.04,0.0,49.49,,,,,Y,,轻工制造,家居用品,成品家居,10.41,10.44,10.46
sh603313,梦百合,2024-01-03,10.62,10.67,10.35,10.42,10.62,3909414.0,40974492.0,5056815986.38,5945515341.7,55538531.379999995,1132680631.4099998,3201722674.1399994,9709026002.57,6507303328.43,15314525.949999988,1012.8,899.02,478.22,299.71,2606.43,2898.72,0.0,0.0,,,,,Y,,轻工制造,家居用品,成品家居,10.53,10.56,10.58
sh603313,梦百合,2024-01-04,10.39,11.15,10.32,11.08,10.42,9212600.0,99755739.0,5377113352.12,6322102685.8,55538531.379999995,1132680631.4099998,3201722674.1399994,9709026002.57,6507303328.43,15314525.949999988,2837.42,2418.92,1118.02,1073.04,6020.14,6459.87,0.0,23.74,,,,,Y,,轻工制造,家居用品,成品家居,10.41,10.45,10.44
sh603313,梦百合,2024-01-05,11.09,11.57,10.88,11.16,11.08,10815739.0,121480921.0,5415937275.24,6367749636.6,55538531.379999995,1132680631.4099998,3201722674.1399994,9709026002.57,6507303328.43,15314525.949999988,4383.88,3080.86,1509.03,1384.81,6058.66,7318.21,196.52,364.22,,,,,Y,,轻工制造,家居用品,成品家居,11.06,10.97,11.08
sh603313,梦百合,2024-01-08,11.08,11.19,10.8,10.84,11.16,6178188.0,67728277.0,5260641582.759999,6185161833.4,55538531.379999995,1132680631.4099998,3201722674.1399994,9709026002.57,6507303328.43,15314525.949999988,2094.52,1612.36,683.07,1204.74,3985.7,3833.98,0.44,112.65,,,,,Y,,轻工制造,家居用品,成品家居,11.06,10.97,11.0
sh603313,梦百合,2024-01-09,10.99,11.49,10.75,11.4,10.84,11432213.0,128837579.0,5532409044.6,6504690489.000001,55538531.379999995,1132680631.4099998,3201722674.1399994,9709026002.57,6507303328.43,15314525.949999988,4203.76,4534.38,920.44,1392.44,7759.56,6956.94,0.0,0.0,,,,,Y,,轻工制造,家居用品,成品家居,10.89,10.86,10.93
sh603313,梦百合,2024-01-10,11.43,11.61,11.12,11.49,11.4,9433079.0,106742293.0,5576085958.11,6556043308.650001,55538531.379999995,1132680631.4099998,3201722674.1399994,9709026002.57,6507303328.43,15314525.949999988,3357.85,2912.72,1226.95,996.01,6089.42,6765.49,0.0,0.0,,,,,Y,,轻工制造,家居用品,成品家居,11.43,11.43,11.24
sh603313,梦百合,2024-01-11,11.2,11.38,11.03,11.33,11.49,9722069.0,108958231.0,5498438111.87,6464749407.049999,55538531.379999995,1132680631.4099998,3201722674.1399994,9709026002.57,6507303328.43,15314525.949999988,3753.45,3072.25,1630.43,1915.27,5193.83,5804.83,318.11,103.47,,,,,Y,,轻工制造,家居用品,成品家居,11.12,11.2,11.16
sh603313,梦百合,2024-01-12,11.29,11.29,10.99,11.0,11.33,4422800.0,49228038.0,5338289429.0,6276455735.000001,55538531.379999995,1132680631.4099998,3201722674.1399994,9709026002.57,6507303328.43,15314525.949999988,1236.25,1605.92,719.38,675.27,2853.19,2532.79,113.98,108.82,,,,,Y,,轻工制造,家居用品,成品家居,11.19,11.2,11.2
sh603313,梦百合,2024-01-15,10.96,11.22,10.88,11.11,11.0,5756364.0,63704064.0,5391672323.29,6339220292.35,55538531.379999995,1132680631.4099998,3201722674.1399994,9709026002.57,6507303328.43,15314525.949999988,1489.24,1804.11,1046.71,786.02,3769.01,3780.28,65.45,0.0,,,,,Y,,轻工制造,家居用品,成品家居,10.98,11.03,11.14
sh603313,梦百合,2024-01-16,11.05,11.09,10.8,11.06,11.11,3984451.0,43612071.0,5367407371.34,6310690948.1,55538531.379999995,1132680631.4099998,3201722674.1399994,9709026002.57,6507303328.43,15314525.949999988,963.33,1476.36,310.39,553.06,3087.49,2331.79,0.0,0.0,,,,,Y,,轻工制造,家居用品,成品家居,10.85,10.84,10.98
sh603313,梦百合,2024-01-17,11.0,11.34,10.92,10.97,11.06,5084017.0,56658962.0,5323730457.83,6259338128.45,55538531.379999995,1132680631.4099998,3201722674.1399994,9709026002.57,6507303328.43,15314525.949999988,2110.3,1729.63,911.34,918.96,2644.26,3017.31,0.0,0.0,,,,,Y,,轻工制造,家居用品,成品家居,10.94,11.17,11.14
sh603313,梦百合,2024-01-18,10.88,11.08,10.51,10.81,10.97,6696513.0,72156687.0,5246082611.59,6168044226.85,55538531.379999995,1132680631.4099998,3201722674.1399994,9709026002.57,6507303328.43,15314525.949999988,2001.25,2358.65,572.33,1186.23,4642.09,3670.79,0.0,0.0,,,,,Y,,轻工制造,家居用品,成品家居,10.93,10.96,11.0
sh603313,梦百合,2024-01-19,10.81,11.4,10.59,11.13,10.81,8580763.0,95271156.0,5401378304.070001,6350632030.05,55538531.379999995,1132680631.4099998,3201722674.1399994,9709026002.57,6507303328.43,15314525.949999988,2480.27,2629.54,1241.98,1445.79,5804.86,5451.78,0.0,0.0,,,,,Y,,轻工制造,家居用品,成品家居,10.75,10.67,11.01
sh603313,梦百合,2024-01-22,11.09,11.19,10.79,10.83,11.13,7161781.0,78380576.0,5255788592.37,6179455964.55,55538531.379999995,1132680631.4099998,3201722674.1399994,9709026002.57,6507303328.43,15314525.949999988,2216.81,1885.04,1633.55,1221.68,3987.7,4731.34,0.0,0.0,,,,,Y,,轻工制造,家居用品,成品家居,10.88,11.03,11.01
sh603313,梦百合,2024-01-23,10.83,11.15,10.47,11.03,10.83,5238198.0,56505164.0,5352848400.17,6293573341.55,55538531.379999995,1132680631.4099998,3201722674.1399994,9709026002.57,6507303328.43,15314525.949999988,1964.37,1535.11,440.32,712.06,3245.83,3403.35,0.0,0.0,,,,,Y,,轻工制造,家居用品,成品家居,10.65,10.58,10.56
sh603313,梦百合,2024-01-24,11.03,11.38,10.4,10.91,11.03,7461643.0,81039690.0,5294612515.490001,6225102915.349999,55538531.379999995,1132680631.4099998,3201722674.1399994,9709026002.57,6507303328.43,15314525.949999988,2894.57,2649.02,1246.31,1071.45,3915.2,4383.5,47.89,0.0,,,,,Y,,轻工制造,家居用品,成品家居,10.9,11.25,11.14
sh603313,梦百合,2024-01-25,10.84,10.85,10.08,10.53,10.91,9915476.0,103245833.0,5110198880.67,6008279899.049999,55538531.379999995,1132680631.4099998,3201722674.1399994,9709026002.57,6507303328.43,15314525.949999988,3036.72,3046.75,951.95,1451.84,6177.93,5820.14,157.98,5.85,,,,,Y,,轻工制造,家居用品,成品家居,10.6,10.44,10.29
sh603313,梦百合,2024-01-26,10.44,10.77,10.28,10.34,10.53,4935490.0,51825019.0,5017992063.26,5899868390.900001,55538531.379999995,1132680631.4099998,3201722674.1399994,9709026002.57,6507303328.43,15314525.949999988,1483.69,1897.41,292.78,312.48,3183.88,2722.49,222.15,250.12,,,,,Y,,轻工制造,家居用品,成品家居,10.72,10.53,10.53
sh603313,梦百合,2024-01-29,10.42,10.8,9.98,10.42,10.34,9248423.0,95946820.0,5056815986.38,5945515341.7,55538531.379999995,1132680631.4099998,3201722674.1399994,9709026002.57,6507303328.43,15314525.949999988,3398.21,2897.54,686.17,436.43,5510.3,6260.71,0.0,0.0,,,,,Y,,轻工制造,家居用品,成品家居,10.66,10.45,10.5
sh603313,梦百合,2024-01-30,10.16,10.35,9.88,9.91,10.42,3821650.0,38631751.0,4809313476.49,5654516030.35,55538531.379999995,1132680631.4099998,3201722674.1399994,9709026002.57,6507303328.43,15314525.949999988,1140.45,1052.73,176.84,224.39,2545.89,2586.06,0.0,0.0,,,,,Y,,轻工制造,家居用品,成品家居,10.13,10.13,10.2
sh603313,梦百合,2024-01-31,9.89,9.94,9.34,9.39,9.91,5165547.0,49501608.0,4556957976.21,5357810850.15,55538531.379999995,1132680631.4099998,3201722674.1399994,9709026002.57,6507303328.43,15314525.949999988,1237.84,1222.0,604.06,365.25,3108.26,3362.9,0.0,0.0,,,,,Y,,轻工制造,家居用品,成品家居,9.84,9.87,9.76
sh603313,梦百合,2024-02-01,9.31,9.4,8.94,9.23,9.39,5056858.0,46557752.0,4479310129.97,5266516948.55,55538531.379999995,1132680631.4099998,3201722674.1399994,9709026002.57,6507303328.43,15314525.949999988,980.09,1404.56,194.85,300.67,3480.83,2950.54,0.0,0.0,,,,,Y,,轻工制造,家居用品,成品家居,9.31,9.12,9.02
sh603313,梦百合,2024-02-02,9.25,9.5,8.81,9.07,9.23,4575299.0,41832512.0,4401662283.73,5175223046.95,55538531.379999995,1132680631.4099998,3201722674.1399994,9709026002.57,6507303328.43,15314525.949999988,1324.2,841.21,470.83,444.47,2386.11,2897.57,2.11,0.0,,,,,Y,,轻工制造,家居用品,成品家居,9.26,9.36,9.37
sh603313,梦百合,2024-02-05,9.0,9.0,8.16,8.37,9.07,7209070.0,61015082.0,4061952956.43,4775812227.45,55538531.379999995,1132680631.4099998,3201722674.1399994,9709026002.57,6507303328.43,15314525.949999988,1768.81,1432.34,1041.34,802.68,3291.35,3866.5,0.0,0.0,,,,,Y,,轻工制造,家居用品,成品家居,8.8,8.67,8.59
sh603313,梦百合,2024-02-06,8.11,8.88,8.05,8.59,8.37,8847920.0,74083092.0,4168718745.01,4901341342.150001,55538531.379999995,1132680631.4099998,3201722674.1399994,9709026002.57,6507303328.43,15314525.949999988,2575.06,2030.95,435.56,451.01,4397.69,4926.35,0.0,0.0,,,,,Y,,轻工制造,家居用品,成品家居,8.22,8.09,8.17
sh603313,梦百合,2024-02-07,8.59,8.63,7.73,8.03,8.59,11956684.0,97978550.0,3896951283.17,4581812686.55,55538531.379999995,1132680631.4099998,3201722674.1399994,9709026002.57,6507303328.43,15314525.949999988,3725.02,2709.29,1176.65,786.88,4896.19,6301.69,0.0,0.0,,,,,Y,,轻工制造,家居用品,成品家居,8.41,8.35,8.41
sh603313,梦百合,2024-02-08,8.39,8.83,8.03,8.83,8.03,8071168.0,68516721.0,4285190514.37,5038282194.55,55538531.379999995,1132680631.4099998,3201722674.1399994,9709026002.57,6507303328.43,15314525.949999988,2372.64,2037.75,882.98,674.72,3596.05,4139.2,0.0,0.0,,,,,Y,,轻工制造,家居用品,成品家居,8.3,8.2,8.23
sh603313,梦百合,2024-02-19,8.88,9.3,8.84,9.03,8.83,6793253.0,61464286.0,4382250322.17,5152399571.55,55538531.379999995,1132680631.4099998,3201722674.1399994,9709026002.57,6507303328.43,15314525.949999988,1754.2,2080.06,541.59,591.68,3815.22,3474.68,35.41,0.0,,,,,Y,,轻工制造,家居用品,成品家居,9.07,9.24,9.15
sh603313,梦百合,2024-02-20,9.03,9.09,8.85,8.96,9.03,3279890.0,29290459.0,4348279389.44,5112458489.599999,55538531.379999995,1132680631.4099998,3201722674.1399994,9709026002.57,6507303328.43,15314525.949999988,767.58,887.48,217.29,261.44,1827.23,1780.13,116.94,0.0,,,,,Y,,轻工制造,家居用品,成品家居,8.9,8.93,8.92
sh603313,梦百合,2024-02-21,8.92,9.28,8.72,9.06,8.96,5463356.0,49649633.0,4396809293.34,5169517178.1,55538531.379999995,1132680631.4099998,3201722674.1399994,9709026002.57,6507303328.43,15314525.949999988,1503.08,1382.39,489.49,784.55,2803.06,2798.02,169.33,0.0,,,,,Y,,轻工制造,家居用品,成品家居,8.91,8.92,8.98
sh603313,梦百合,2024-02-22,8.99,9.18,8.99,9.12,9.06,3648950.0,33105026.0,4425927235.68,5203752391.2,55538531.379999995,1132680631.4099998,3201722674.1399994,9709026002.57,6507303328.43,15314525.949999988,1127.72,892.85,184.38,497.9,1998.4,1807.61,0.0,112.14,,,,,Y,,轻工制造,家居用品,成品家居,9.1,9.07,9.09
sh603313,梦百合,2024-02-23,9.1,9.17,9.04,9.15,9.12,3670898.0,33464760.0,4440486206.849999,5220869997.75,55538531.379999995,1132680631.4099998,3201722674.1399994,9709026002.57,6507303328.43,15314525.949999988,1052.02,1114.46,245.79,353.54,2048.67,1828.82,0.0,49.66,,,,,Y,,轻工制造,家居用品,成品家居,9.08,9.12,9.08
sh603313,梦百合,2024-02-26,9.19,9.6,9.15,9.38,9.15,6812531.0,63922716.0,4552104985.82,5352104981.299999,55538531.379999995,1132680631.4099998,3201722674.1399994,9709026002.57,6507303328.43,15314525.949999988,1727.05,1989.28,907.84,529.27,3691.28,3873.72,66.1,0.0,,,,,Y,,轻工制造,家居用品,成品家居,9.22,9.45,9.36
sh603313,梦百合,2024-02-27,9.38,9.68,9.25,9.57,9.38,6282145.0,59447342.0,4644311803.2300005,5460516489.45,55538531.379999995,1132680631.4099998,3201722674.1399994,9709026002.57,6507303328.43,15314525.949999988,1782.01,1518.56,987.19,826.07,3175.54,3599.06,0.0,1.04,,,,,Y,,轻工制造,家居用品,成品家居,9.34,9.33,9.29
sh603313,梦百合,2024-02-28,9.65,10.53,9.63,10.0,9.57,17435890.0,177583596.0,4852990390.0,5705868850.0,55538531.379999995,1132680631.4099998,3201722674.1399994,9709026002.57,6507303328.43,15314525.949999988,4812.13,5462.23,3810.89,3535.76,6625.27,7474.0,2510.06,1286.36,,,,,Y,,轻工制造,家居用品,成品家居,9.7,9.78,10.06
sh603313,梦百合,2024-02-29,10.0,10.3,9.7,9.95,10.0,10467867.0,103828759.0,4828725438.05,5677339505.75,55538531.379999995,1132680631.4099998,3201722674.1399994,9709026002.57,6507303328.43,15314525.949999988,3502.48,3040.75,1272.24,1435.35,5495.64,5527.21,112.52,379.57,,,,,Y,,轻工制造,家居用品,成品家居,10.07,9.99,9.86
sh603313,梦百合,2024-03-01,9.82,9.9,9.56,9.69,9.95,7578682.0,73433650.0,4702547687.91,5528986915.65,55538531.379999995,1132680631.4099998,3201722674.1399994,9709026002.57,6507303328.43,15314525.949999988,2868.57,2106.61,879.19,1402.82,3569.23,3651.01,26.37,182.93,,,,,Y,,轻工制造,家居用品,成品家居,9.88,9.75,9.7
sh603313,梦百合,2024-03-04,9.67,9.86,9.58,9.77,9.69,4497748.0,43718169.0,4741371611.03,5574633866.45,55538531.379999995,1132680631.4099998,3201722674.1399994,9709026002.57,6507303328.43,15314525.949999988,1655.18,1524.12,724.88,574.12,1991.76,2150.01,0.0,123.56,,,,,Y,,轻工制造,家居用品,成品家居,9.64,9.68,9.62
sh603313,梦百合,2024-03-05,9.7,9.75,9.42,9.48,9.77,4375784.0,41856094.0,4600634889.72,5409163669.8,55538531.379999995,1132680631.4099998,3201722674.1399994,9709026002.57,6507303328.43,15314525.949999988,1346.69,1447.12,639.26,515.64,2199.66,2181.93,0.0,40.92,,,,,Y,,轻工制造,家居用品,成品家居,9.63,9.67,9.63
sh603313,梦百合,2024-03-06,9.5,9.64,9.4,9.58,9.48,2222553.0,21221622.0,4649164793.62,5466222358.3,55538531.379999995,1132680631.4099998,3201722674.1399994,9709026002.57,6507303328.43,15314525.949999988,649.3,708.09,202.14,175.54,1270.72,1238.54,0.0,0.0,,,,,Y,,轻工制造,家居用品,成品家居,9.43,9.5,9.5
sh603313,梦百合,2024-03-07,9.6,9.75,9.43,9.46,9.58,3316999.0,31897977.0,4590928908.940001,5397751932.1,55538531.379999995,1132680631.4099998,3201722674.1399994,9709026002.57,6507303328.43,15314525.949999988,1085.14,908.8,455.41,380.82,1649.25,1766.87,0.0,133.31,,,,,Y,,轻工制造,家居用品,成品家居,9.62,9.66,9.69
sh603313,梦百合,2024-03-08,9.45,9.58,9.38,9.44,9.46,2161500.0,20420981.0,4581222928.16,5386340194.4,55538531.379999995,1132680631.4099998,3201722674.1399994,9709026002.57,6507303328.43,15314525.949999988,694.89,634.65,138.51,161.48,1208.69,1245.97,0.0,0.0,,,,,Y,,轻工制造,家居用品,成品家居,9.45,9.46,9.48
sh603313,梦百合,2024-03-11,9.44,9.97,9.31,9.84,9.44,6812625.0,65943783.0,4775342543.76,5614574948.400001,55538531.379999995,1132680631.4099998,3201722674.1399994,9709026002.57,6507303328.43,15314525.949999988,2418.75,2692.95,796.81,696.87,3176.69,3010.29,202.12,194.26,,,,,Y,,轻工制造,家居用品,成品家居,9.39,9.37,9.39
sh603313,梦百合,2024-03-12,9.85,9.97,9.55,9.86,9.84,4605620.0,44985800.0,4785048524.54,5625986686.1,55538531.379999995,1132680631.4099998,3201722674.1399994,9709026002.57,6507303328.43,15314525.949999988,1322.5,1662.21,497.19,303.19,2678.89,2533.18,0.0,0.0,,,,,Y,,轻工制造,家居用品,成品家居,9.8,9.79,9.79
sh603313,梦百合,2024-03-13,9.87,10.15,9.75,9.97,9.86,4835821.0,48215731.0,4838431418.83,5688751243.45,55538531.379999995,1132680631.4099998,3201722674.1399994,9709026002.57,6507303328.43,15314525.949999988,1835.69,1765.02,744.87,625.63,2241.02,2430.92,0.0,0.0,,,,,Y,,轻工制造,家居用品,成品家居,9.82,9.79,9.86
sh603313,梦百合,2024-03-14,9.96,10.23,9.76,9.86,9.97,3077457.0,30685160.0,4785048524.54,5625986686.1,55538531.379999995,1132680631.4099998,3201722674.1399994,9709026002.57,6507303328.43,15314525.949999988,955.9,828.66,284.82,125.1,1827.8,2114.76,0.0,0.0,,,,,Y,,轻工制造,家居用品,成品家居,10.03,10.14,10.03
sh603313,梦百合,2024-03-15,9.86,10.1,9.74,10.03,9.86,3009481.0,29859514.0,4867549361.17,5722986456.55,55538531.379999995,1132680631.4099998,3201722674.1399994,9709026002.57,6507303328.43,15314525.949999988,1013.7,1154.92,334.6,254.72,1637.65,1576.31,0.0,0.0,,,,,Y,,轻工制造,家居用品,成品家居,9.81,9.78,9.82
sh603313,梦百合,2024-03-18,10.05,10.13,9.78,10.04,10.03,3903150.0,38860176.0,4872402351.56,5728692325.4,55538531.379999995,1132680631.4099998,3201722674.1399994,9709026002.57,6507303328.43,15314525.949999988,1429.52,1012.48,365.76,362.81,2090.74,2510.73,0.0,0.0,,,,,Y,,轻工制造,家居用品,成品家居,10.04,10.0,10.0
sh603313,梦百合,2024-03-19,10.03,10.03,9.8,9.85,10.04,2960057.0,29275398.0,4780195534.15,5620280817.250001,55538531.379999995,1132680631.4099998,3201722674.1399994,9709026002.57,6507303328.43,15314525.949999988,1015.76,763.64,116.43,208.16,1795.35,1955.74,0.0,0.0,,,,,Y,,轻工制造,家居用品,成品家居,9.94,9.95,9.94
sh603313,梦百合,2024-03-20,9.91,9.95,9.79,9.83,9.85,4057340.0,39871944.0,4770489553.37,5608869079.549999,55538531.379999995,1132680631.4099998,3201722674.1399994,9709026002.57,6507303328.43,15314525.949999988,1534.52,1253.7,659.13,341.12,1793.54,2392.38,0.0,0.0,,,,,Y,,轻工制造,家居用品,成品家居,9.85,9.85,9.86
sh603313,梦百合,2024-03-21,9.81,9.94,9.59,9.63,9.83,4267585.0,41492845.0,4673429745.57,5494751702.55,55538531.379999995,1132680631.4099998,3201722674.1399994,9709026002.57,6507303328.43,15314525.949999988,1243.35,1184.16,535.13,400.58,2370.81,2460.71,0.0,103.83,,,,,Y,,轻工制造,家居用品,成品家居,9.82,9.9,9.84
sh603313,梦百合,2024-03-22,9.67,9.67,9.37,9.46,9.63,3353390.0,31851610.0,4590928908.940001,5397751932.1,55538531.379999995,1132680631.4099998,3201722674.1399994,9709026002.57,6507303328.43,15314525.949999988,828.44,566.85,252.63,410.41,2104.1,2207.9,0.0,0.0,,,,,Y,,轻工制造,家居用品,成品家居,9.61,9.58,9.54
sh603313,梦百合,2024-03-25,9.47,9.62,9.35,9.38,9.46,3762930.0,35565354.0,4552104985.82,5352104981.299999,55538531.379999995,1132680631.4099998,3201722674.1399994,9709026002.57,6507303328.43,15314525.949999988,1359.61,781.33,235.96,807.8,1960.97,1967.4,0.0,0.0,,,,,Y,,轻工制造,家居用品,成品家居,9.48,9.43,9.37
sh603313,梦百合,2024-03-26,9.4,9.5,9.18,9.48,9.38,4045165.0,37806190.0,4600634889.72,5409163669.8,55538531.379999995,1132680631.4099998,3201722674.1399994,9709026002.57,6507303328.43,15314525.949999988,1083.63,873.46,628.26,299.75,2068.72,2607.41,0.0,0.0,,,,,Y,,轻工制造,家居用品,成品家居,9.42,9.4,9.37
sh603313,梦百合,2024-03-27,9.48,9.62,9.32,9.32,9.48,2903425.0,27454429.0,4522987043.48,5317869768.2,55538531.379999995,1132680631.4099998,3201722674.1399994,9709026002.57,6507303328.43,15314525.949999988,715.95,654.11,295.23,297.7,1734.26,1793.64,0.0,0.0,,,,,Y,,轻工制造,家居用品,成品家居,9.47,9.55,9.49
sh603313,梦百合,2024-03-28,9.32,9.41,9.23,9.3,9.32,3894430.0,36348214.0,4513281062.7,5306458030.5,55538531.379999995,1132680631.4099998,3201722674.1399994,9709026002.57,6507303328.43,15314525.949999988,1087.6,863.78,438.49,574.43,2108.73,2196.62,0.0,0.0,,,,,Y,,轻工制造,家居用品,成品家居,9.36,9.34,9.38
sh603313,梦百合,2024-03-29,9.29,9.33,9.0,9.1,9.3,4981620.0,45415483.0,4416221254.9,5192340653.5,55538531.379999995,1132680631.4099998,3201722674.1399994,9709026002.57,6507303328.43,15314525.949999988,1230.47,1532.96,326.9,335.1,2983.99,2673.49,0.19,0.0,,,,,Y,,轻工制造,家居用品,成品家居,9.28,9.27,9.23
sh603313,梦百合,2024-04-01,9.08,9.28,9.02,9.28,9.1,6395423.0,58646860.0,4503575081.92,5295046292.8,55538531.379999995,1132680631.4099998,3201722674.1399994,9709026002.57,6507303328.43,15314525.949999988,1720.32,2137.81,686.3,673.99,3458.07,2856.64,0.0,196.25,,,,,Y,,轻工制造,家居用品,成品家居,9.21,9.14,9.09
sh603313,梦百合,2024-04-02,9.25,9.25,9.01,9.03,9.28,6098837.0,55334112.0,4382250322.17,5152399571.55,55538531.379999995,1132680631.4099998,3201722674.1399994,9709026002.57,6507303328.43,15314525.949999988,1949.36,1476.01,551.1,873.68,3032.95,3103.75,0.0,79.97,,,,,Y,,轻工制造,家居用品,成品家居,9.19,9.2,9.18
sh603313,梦百合,2024-04-03,9.0,9.23,9.0,9.15,9.03,5018580.0,45774530.0,4440486206.849999,5220869997.75,55538531.379999995,1132680631.4099998,3201722674.1399994,9709026002.57,6507303328.43,15314525.949999988,1282.67,1795.54,548.31,708.01,2621.57,2073.91,124.9,0.0,,,,,Y,,轻工制造,家居用品,成品家居,9.11,9.09,9.1
sh603313,梦百合,2024-04-08,9.23,9.23,8.98,8.98,9.15,4211165.0,38288045.0,4357985370.22,5123870227.3,55538531.379999995,1132680631.4099998,3201722674.1399994,9709026002.57,6507303328.43,15314525.949999988,1309.65,980.38,191.06,406.18,2328.1,2442.25,0.0,0.0,,,,,Y,,轻工制造,家居用品,成品家居,9.14,9.12,9.13
sh603313,梦百合,2024-04-09,9.03,9.17,8.99,9.15,8.98,3024195.0,27498070.0,4440486206.849999,5220869997.75,55538531.379999995,1132680631.4099998,3201722674.1399994,9709026002.57,6507303328.43,15314525.949999988,794.23,1016.23,297.14,229.23,1658.44,1504.35,0.0,0.0,,,,,Y,,轻工制造,家居用品,成品家居,9.07,9.02,9.01
sh603313,梦百合,2024-04-10,9.15,9.18,8.85,8.92,9.15,3604273.0,32360624.0,4328867427.88,5089635014.2,55538531.379999995,1132680631.4099998,3201722674.1399994,9709026002.57,6507303328.43,15314525.949999988,1009.33,768.69,474.7,231.09,1752.03,2236.29,0.0,0.0,,,,,Y,,轻工制造,家居用品,成品家居,9.13,9.08,9.07
sh603313,梦百合,2024-04-11,8.95,9.05,8.82,8.93,8.92,2641204.0,23712205.0,4333720418.27,5095340883.05,55538531.379999995,1132680631.4099998,3201722674.1399994,9709026002.57,6507303328.43,15314525.949999988,629.39,462.36,144.8,229.84,1597.04,1679.02,0.0,0.0,,,,,Y,,轻工制造,家居用品,成品家居,8.92,8.94,8.96
sh603313,梦百合,2024-04-12,8.9,9.14,8.84,8.85,8.93,3150468.0,28135167.0,4294896495.15,5049693932.25,55538531.379999995,1132680631.4099998,3201722674.1399994,9709026002.57,6507303328.43,15314525.949999988,869.86,506.39,342.0,284.85,1601.65,2022.27,0.0,0.0,,,,,Y,,轻工制造,家居用品,成品家居,9.01,9.02,8.97
sh603313,梦百合,2024-04-15,8.76,8.89,8.41,8.52,8.85,6628988.0,56949581.0,4134747812.28,4861400260.2,55538531.379999995,1132680631.4099998,3201722674.1399994,9709026002.57,6507303328.43,15314525.949999988,1613.21,1549.79,580.67,706.11,3501.08,3439.06,0.0,0.0,,,,,Y,,轻工制造,家居用品,成品家居,8.88,8.67,8.55
sh603313,梦百合,2024-04-16,8.48,8.49,8.16,8.16,8.52,6460337.0,53451135.0,3960040158.24,4655988981.599999,55538531.379999995,1132680631.4099998,3201722674.1399994,9709026002.57,6507303328.43,15314525.949999988,1567.97,1415.2,469.33,498.88,2979.59,3293.67,328.23,137.37,,,,,Y,,轻工制造,家居用品,成品家居,8.3,8.18,8.29
sh603313,梦百合,2024-04-17,8.19,8.49,8.19,8.47,8.16,5159450.0,43309012.0,4110482860.33,4832870915.95,55538531.379999995,1132680631.4099998,3201722674.1399994,9709026002.57,6507303328.43,15314525.949999988,1143.51,1165.85,561.79,376.57,2625.6,2483.06,0.0,305.42,,,,,Y,,轻工制造,家居用品,成品家居,8.34,8.29,8.37
sh603313,梦百合,2024-04-18,8.4,8.63,8.34,8.42,8.47,5201941.0,44147029.0,4086217908.38,4804341571.7,55538531.379999995,1132680631.4099998,3201722674.1399994,9709026002.57,6507303328.43,15314525.949999988,1385.18,1388.6,624.58,870.85,2404.94,2054.59,0.0,100.67,,,,,Y,,轻工制造,家居用品,成品家居,8.39,8.39,8.41
sh603313,梦百合,2024-04-19,8.37,8.53,8.3,8.34,8.42,3323730.0,27860094.0,4047393985.26,4758694620.9,55538531.379999995,1132680631.4099998,3201722674.1399994,9709026002.57,6507303328.43,15314525.949999988,745.04,854.86,207.1,148.42,1833.87,1782.74,0.0,0.0,,,,,Y,,轻工制造,家居用品,成品家居,8.32,8.44,8.44
sh603313,梦百合,2024-04-22,8.38,8.52,8.27,8.4,8.34,3125590.0,26236752.0,4076511927.6,4792929834.0,55538531.379999995,1132680631.4099998,3201722674.1399994,9709026002.57,6507303328.43,15314525.949999988,796.5,541.01,101.43,167.96,1725.74,1914.71,0.0,0.0,,,,,Y,,轻工制造,家居用品,成品家居,8.32,8.29,8.34
sh603313,梦百合,2024-04-23,8.31,8.52,8.31,8.47,8.4,2158100.0,18218986.0,4110482860.33,4832870915.95,55538531.379999995,1132680631.4099998,3201722674.1399994,9709026002.57,6507303328.43,15314525.949999988,531.58,490.62,21.94,100.28,1268.37,1231.01,0.0,0.0,,,,,Y,,轻工制造,家居用品,成品家居,8.41,8.44,8.43
sh603313,梦百合,2024-04-24,8.42,8.5,8.37,8.44,8.47,2791170.0,23552614.0,4095923889.16,4815753309.400001,55538531.379999995,1132680631.4099998,3201722674.1399994,9709026002.57,6507303328.43,15314525.949999988,911.62,704.21,137.35,137.3,1306.29,1513.75,0.0,0.0,,,,,Y,,轻工制造,家居用品,成品家居,8.44,8.42,8.45
sh603313,梦百合,2024-04-25,8.42,8.51,8.33,8.46,8.44,3863018.0,32592081.0,4105629869.94,4827165047.1,55538531.379999995,1132680631.4099998,3201722674.1399994,9709026002.57,6507303328.43,15314525.949999988,851.78,1021.09,300.19,444.21,1938.98,1793.91,168.26,0.0,,,,,Y,,轻工制造,家居用品,成品家居,8.37,8.42,8.45
sh603313,梦百合,2024-04-26,8.48,8.58,8.38,8.56,8.46,4154318.0,35325346.0,4154159773.84,4884223735.599999,55538531.379999995,1132680631.4099998,3201722674.1399994,9709026002.57,6507303328.43,15314525.949999988,903.83,1181.33,261.93,245.61,2357.79,2105.6,8.98,0.0,,,,,Y,,轻工制造,家居用品,成品家居,8.41,8.4,8.4
sh603313,梦百合,2024-04-29,8.56,8.82,8.25,8.81,8.56,7533407.0,64988894.0,4275484533.59,5026870456.85,55538531.379999995,1132680631.4099998,3201722674.1399994,9709026002.57,6507303328.43,15314525.949999988,1863.51,2283.37,659.19,668.24,3976.19,3547.28,0.0,0.0,,,,,Y,,轻工制造,家居用品,成品家居,8.33,8.46,8.55
sh603313,梦百合,2024-04-30,8.76,8.81,8.25,8.39,8.81,13994460.0,117555000.0,4071658937.21,4787223965.15,55538531.379999995,1132680631.4099998,3908979311.76,9887213992.51,5978234680.75,19822857.37,3481.04,2345.5,1025.16,1450.01,7249.3,7619.48,0.0,340.51,,,,,Y,,轻工制造,家居用品,成品家居,8.62,8.65,8.52
sh603313,梦百合,2024-05-06,8.48,8.73,8.48,8.71,8.39,10007629.0,86338173.0,4226954629.69,4969811768.35,55538531.379999995,1132680631.4099998,3908979311.76,9887213992.51,5978234680.75,19822857.37,2892.31,2498.83,533.24,1003.08,5208.27,5022.43,0.0,109.48,,,,,Y,,轻工制造,家居用品,成品家居,8.53,8.58,8.55
sh603313,梦百合,2024-05-07,8.68,8.7,8.46,8.63,8.71,6196973.0,53117640.0,4188130706.57,4924164817.55,55538531.379999995,1132680631.4099998,3908979311.76,9887213992.51,5978234680.75,19822857.37,1609.94,1509.12,455.43,461.73,3246.39,3207.28,0.0,133.64,,,,,Y,,轻工制造,家居用品,成品家居,8.65,8.66,8.57
sh603313,梦百合,2024-05-08,8.63,8.63,8.41,8.52,8.63,6179648.0,52559561.0,4134747812.28,4861400260.2,55538531.379999995,1132680631.4099998,3908979311.76,9887213992.51,5978234680.75,19822857.37,1913.51,1601.46,664.85,417.96,2677.6,2853.78,0.0,382.76,,,,,Y,,轻工制造,家居用品,成品家居,8.56,8.55,8.53
sh603313,梦百合,2024-05-09,8.56,8.78,8.53,8.66,8.52,6812536.0,59175394.0,4202689677.74,4941282424.1,55538531.379999995,1132680631.4099998,3908979311.76,9887213992.51,5978234680.75,19822857.37,1803.01,1637.33,389.76,694.45,3724.77,3491.0,0.0,94.76,,,,,Y,,轻工制造,家居用品,成品家居,8.6,8.67,8.66
sh603313,梦百合,2024-05-10,8.65,8.67,8.38,8.58,8.66,24728653.0,210900212.0,4895635473.3,4895635473.3,55538531.379999995,1132680631.4099998,3908979311.76,9887213992.51,5978234680.75,19822857.37,7106.73,7784.06,1962.4,2061.67,12020.89,11041.28,0.0,203.0,,,,,Y,,轻工制造,家居用品,成品家居,8.53,8.57,8.59
sh603313,梦百合,2024-05-13,8.54,8.55,8.21,8.32,8.58,14202098.0,118276176.0,4747282883.2,4747282883.2,55538531.379999995,1132680631.4099998,3908979311.76,9887213992.51,5978234680.75,19822857.37,3570.96,3470.94,919.13,1026.05,7337.53,7319.89,0.0,10.73,,,,,Y,,轻工制造,家居用品,成品家居,8.33,8.34,8.34
sh603313,梦百合,2024-05-14,8.32,8.53,8.26,8.41,8.32,14676425.0,123117558.0,4798635702.85,4798635702.85,55538531.379999995,1132680631.4099998,3908979311.76,9887213992.51,5978234680.75,19822857.37,4014.42,4266.25,1456.24,993.17,6799.45,6950.09,41.64,102.26,,,,,Y,,轻工制造,家居用品,成品家居,8.44,8.43,8.34
sh603313,梦百合,2024-05-15,8.36,8.79,8.34,8.69,8.41,13950569.0,120095980.0,4958400030.65,4958400030.65,55538531.379999995,1132680631.4099998,3908979311.76,9887213992.51,5978234680.75,19822857.37,3699.6,4880.4,722.59,1246.2,7386.8,5787.44,200.6,95.57,,,,,Y,,轻工制造,家居用品,成品家居,8.4,8.52,8.52
sh603313,梦百合,2024-05-16,8.63,9.21,8.63,9.07,8.69,20917037.0,188838292.0,5175223046.95,5175223046.95,55538531.379999995,1132680631.4099998,3908979311.76,9887213992.51,5978234680.75,19822857.37,6151.55,6047.99,1710.43,2054.32,10494.46,10706.32,527.4,75.2,,,,,Y,,轻工制造,家居用品,成品家居,8.8,8.95,9.05
sh603313,梦百合,2024-05-17,9.1,9.23,8.82,9.04,9.07,12768120.0,114445814.0,5158105440.4,5158105440.4,55538531.379999995,1132680631.4099998,3908979311.76,9887213992.51,5978234680.75,19822857.37,3361.59,2762.77,1299.53,841.53,6783.46,7840.28,0.0,0.0,,,,,Y,,轻工制造,家居用品,成品家居,8.98,9.06,8.97
sh603313,梦百合,2024-05-20,9.03,9.03,8.74,8.85,9.04,11752907.0,103950584.0,5049693932.25,5049693932.25,55538531.379999995,1132680631.4099998,3908979311.76,9887213992.51,5978234680.75,19822857.37,3680.48,3866.05,1003.91,845.38,5528.6,5652.09,182.07,31.54,,,,,Y,,轻工制造,家居用品,成品家居,8.88,8.89,8.93
sh603313,梦百合,2024-05-21,8.8,8.9,8.67,8.71,8.85,6027805.0,52800053.0,4969811768.35,4969811768.35,55538531.379999995,1132680631.4099998,3908979311.76,9887213992.51,5978234680.75,19822857.37,1774.27,1206.31,404.23,309.62,3101.5,3667.34,0.0,96.73,,,,,Y,,轻工制造,家居用品,成品家居,8.81,8.84,8.86
sh603313,梦百合,2024-05-22,8.68,8.8,8.68,8.76,8.71,5928900.0,51855666.0,4998341112.599999,4998341112.599999,55538531.379999995,1132680631.4099998,3908979311.76,9887213992.51,5978234680.75,19822857.37,1619.53,1812.35,433.01,525.5,3027.24,2847.72,105.79,0.0,,,,,Y,,轻工制造,家居用品,成品家居,8.79,8.76,8.73
sh603313,梦百合,2024-05-23,8.69,8.7,8.49,8.52,8.76,7689491.0,65840571.0,4861400260.2,4861400260.2,55538531.379999995,1132680631.4099998,3908979311.76,9887213992.51,5978234680.75,19822857.37,2153.54,1970.67,593.74,687.41,3836.78,3925.99,0.0,0.0,,,,,Y,,轻工制造,家居用品,成品家居,8.58,8.56,8.52
sh603313,梦百合,2024-05-24,8.48,8.59,8.41,8.45,8.52,4588027.0,39038538.0,4821459178.25,4821459178.25,55538531.379999995,1132680631.4099998,3908979311.76,9887213992.51,5978234680.75,19822857.37,1289.3,1388.24,485.73,490.54,2128.82,2025.08,0.0,0.0,,,,,Y,,轻工制造,家居用品,成品家居,8.47,8.52,8.53
sh603313,梦百合,2024-05-27,8.56,8.58,8.22,8.32,8.45,5927619.0,49317672.0,4747282883.2,4747282883.2,55538531.379999995,1132680631.4099998,3908979311.76,9887213992.51,5978234680.75,19822857.37,1814.47,1274.95,412.26,363.93,2705.05,3292.88,0.0,0.0,,,,,Y,,轻工制造,家居用品,成品家居,8.48,8.35,8.38
sh603313,梦百合,2024-05-28,8.31,8.31,8.13,8.15,8.32,6241797.0,51127667.0,4650283112.75,4650283112.75,55538531.379999995,1132680631.4099998,3908979311.76,9887213992.51,5978234680.75,19822857.37,1627.57,1316.43,332.65,383.43,3152.55,3412.91,0.0,0.0,,,,,Y,,轻工制造,家居用品,成品家居,8.24,8.24,8.24
sh603313,梦百合,2024-05-29,8.18,8.26,8.12,8.16,8.15,4873005.0,39856476.0,4655988981.599999,4655988981.599999,55538531.379999995,1132680631.4099998,3908979311.76,9887213992.51,5978234680.75,19822857.37,1189.17,864.45,295.06,441.46,2295.65,2679.74,205.77,0.0,,,,,Y,,轻工制造,家居用品,成品家居,8.21,8.23,8.2
sh603313,梦百合,2024-05-30,8.18,8.24,8.07,8.2,8.16,4393039.0,35976369.0,4678812457.0,4678812457.0,55538531.379999995,1132680631.4099998,3908979311.76,9887213992.51,5978234680.75,19822857.37,1038.42,1187.37,479.81,81.11,1919.45,2329.16,159.96,0.0,,,,,Y,,轻工制造,家居用品,成品家居,8.17,8.18,8.21
sh603313,梦百合,2024-05-31,8.2,8.24,8.07,8.09,8.2,7024123.0,57058638.0,4616047899.65,4616047899.65,55538531.379999995,1132680631.4099998,3908979311.76,9887213992.51,5978234680.75,19822857.37,1932.07,1806.8,709.66,306.18,3064.14,3592.88,0.0,0.0,,,,,Y,,轻工制造,家居用品,成品家居,8.21,8.19,8.13
sh603313,梦百合,2024-06-03,8.06,8.09,7.86,7.96,8.09,8269476.0,66010355.0,4541871604.599999,4541871604.599999,55538531.379999995,1132680631.4099998,3908979311.76,9887213992.51,5978234680.75,19822857.37,2626.69,1998.43,493.75,673.73,3480.59,3677.41,0.0,251.47,,,,,Y,,轻工制造,家居用品,成品家居,8.0,8.03,8.04
sh603313,梦百合,2024-06-04,7.96,8.03,7.83,7.95,7.96,5118260.0,40657567.0,4536165735.75,4536165735.75,55538531.379999995,1132680631.4099998,3908979311.76,9887213992.51,5978234680.75,19822857.37,999.69,946.73,391.29,735.69,2674.77,2383.33,0.0,0.0,,,,,Y,,轻工制造,家居用品,成品家居,7.92,7.86,7.92
sh603313,梦百合,2024-06-05,7.95,7.95,7.63,7.66,7.95,9489825.0,73711578.0,4370695539.1,4370695539.1,55538531.379999995,1132680631.4099998,3908979311.76,9887213992.51,5978234680.75,19822857.37,2397.61,2011.54,787.19,377.21,4186.36,4982.41,0.0,0.0,,,,,Y,,轻工制造,家居用品,成品家居,7.86,7.86,7.91
sh603313,梦百合,2024-06-06,7.66,7.76,7.55,7.68,7.66,7479181.0,57256740.0,4382107276.8,4382107276.8,55538531.379999995,1132680631.4099998,3908979311.76,9887213992.51,5978234680.75,19822857.37,1620.55,1689.5,749.68,672.35,3149.78,3363.82,205.66,0.0,,,,,Y,,轻工制造,家居用品,成品家居,7.74,7.69,7.66
sh603313,梦百合,2024-06-07,7.77,7.82,7.56,7.65,7.68,7929120.0,61220559.0,4364989670.25,4364989670.25,55538531.379999995,1132680631.4099998,3908979311.76,9887213992.51,5978234680.75,19822857.37,1753.94,2030.98,649.55,665.96,3369.13,3425.12,349.44,0.0,,,,,Y,,轻工制造,家居用品,成品家居,7.76,7.76,7.74
sh603313,梦百合,2024-06-11,7.59,7.67,7.49,7.66,7.65,4984611.0,37711285.0,4370695539.1,4370695539.1,55538531.379999995,1132680631.4099998,3908979311.76,9887213992.51,5978234680.75,19822857.37,1133.25,921.31,124.6,102.46,2513.28,2747.36,0.0,0.0,,,,,Y,,轻工制造,家居用品,成品家居,7.51,7.54,7.51
sh603313,梦百合,2024-06-12,7.6,7.7,7.58,7.69,7.66,5826356.0,44550342.0,4387813145.65,4387813145.65,55538531.379999995,1132680631.4099998,3908979311.76,9887213992.51,5978234680.75,19822857.37,1217.96,933.19,756.83,276.83,2480.25,3158.19,0.0,86.83,,,,,Y,,轻工制造,家居用品,成品家居,7.66,7.64,7.66
sh603313,梦百合,2024-06-13,7.66,7.7,7.53,7.65,7.69,4747088.0,36135046.0,4364989670.25,4364989670.25,55538531.379999995,1132680631.4099998,3908979311.76,9887213992.51,5978234680.75,19822857.37,1128.97,877.06,521.79,269.7,1962.75,2466.74,0.0,0.0,,,,,Y,,轻工制造,家居用品,成品家居,7.68,7.68,7.63
sh603313,梦百合,2024-06-14,7.56,7.8,7.56,7.79,7.65,4868352.0,37507829.0,4444871834.15,4444871834.15,55538531.379999995,1132680631.4099998,3908979311.76,9887213992.51,5978234680.75,19822857.37,1183.34,1259.06,763.04,445.51,1804.41,2046.21,0.0,0.0,,,,,Y,,轻工制造,家居用品,成品家居,7.64,7.62,7.65
sh603313,梦百合,2024-06-17,7.75,7.78,7.61,7.61,7.79,5240985.0,40239075.0,4342166194.849999,4342166194.849999,55538531.379999995,1132680631.4099998,3908979311.76,9887213992.51,5978234680.75,19822857.37,1146.36,1463.33,692.71,68.07,2184.83,2492.51,0.0,0.0,,,,,Y,,轻工制造,家居用品,成品家居,7.7,7.73,7.76
sh603313,梦百合,2024-06-18,7.62,7.66,7.55,7.65,7.61,3647755.0,27771067.0,4364989670.25,4364989670.25,55538531.379999995,1132680631.4099998,3908979311.76,9887213992.51,5978234680.75,19822857.37,767.9,757.52,392.16,194.55,1617.05,1825.03,0.0,0.0,,,,,Y,,轻工制造,家居用品,成品家居,7.61,7.58,7.59
sh603313,梦百合,2024-06-19,7.6,8.08,7.6,8.02,7.65,12226487.0,96983586.0,4576106817.7,4576106817.7,55538531.379999995,1132680631.4099998,3908979311.76,9887213992.51,5978234680.75,19822857.37,2867.46,3085.78,1418.67,2086.38,5201.56,4526.2,210.66,0.0,,,,,Y,,轻工制造,家居用品,成品家居,7.67,7.76,7.77
sh603313,梦百合,2024-06-20,7.99,8.01,7.66,7.69,8.02,7148566.0,56066544.0,4387813145.65,4387813145.65,55538531.379999995,1132680631.4099998,3908979311.76,9887213992.51,5978234680.75,19822857.37,1659.83,1635.29,482.06,718.45,3464.77,3252.92,0.0,0.0,,,,,Y,,轻工制造,家居用品,成品家居,7.92,7.91,7.97
sh603313,梦百合,2024-06-21,7.62,7.77,7.57,7.59,7.69,5446856.0,41635586.0,4330754457.15,4330754457.15,55538531.379999995,1132680631.4099998,3908979311.76,9887213992.51,5978234680.75,19822857.37,1278.4,893.74,591.9,531.92,2293.25,2737.9,0.0,0.0,,,,,Y,,轻工制造,家居用品,成品家居,7.63,7.74,7.73
sh603313,梦百合,2024-06-24,7.49,7.49,7.22,7.3,7.59,8173557.0,59800421.0,4165284260.5,4165284260.5,55538531.379999995,1132680631.4099998,3908979311.76,9887213992.51,5978234680.75,19822857.37,1880.79,1842.38,472.34,872.05,3626.92,3265.62,0.0,0.0,,,,,Y,,轻工制造,家居用品,成品家居,7.43,7.38,7.3
sh603313,梦百合,2024-06-25,7.3,7.45,7.26,7.31,7.3,5002036.0,36722721.0,4170990129.35,4170990129.35,55538531.379999995,1132680631.4099998,3908979311.76,9887213992.51,5978234680.75,19822857.37,869.37,1032.2,473.73,331.06,2131.12,1957.96,198.05,351.05,,,,,Y,,轻工制造,家居用品,成品家居,7.38,7.32,7.36
sh603313,梦百合,2024-06-26,7.31,7.38,7.2,7.38,7.31,4265001.0,31149619.0,4210931211.3,4210931211.3,55538531.379999995,1132680631.4099998,3908979311.76,9887213992.51,5978234680.75,19822857.37,759.76,1012.73,264.72,207.73,2090.48,1894.5,0.0,0.0,,,,,Y,,轻工制造,家居用品,成品家居,7.3,7.29,7.3
sh603313,梦百合,2024-06-27,7.34,7.42,7.21,7.25,7.38,4628898.0,33853640.0,4136754916.250001,4136754916.250001,55538531.379999995,1132680631.4099998,3908979311.76,9887213992.51,5978234680.75,19822857.37,1111.53,935.07,510.61,424.31,1763.22,2025.99,0.0,0.0,,,,,Y,,轻工制造,家居用品,成品家居,7.34,7.4,7.39
sh603313,梦百合,2024-06-28,7.25,7.54,7.21,7.47,7.25,6909152.0,51279471.0,4262284030.95,4262284030.95,55538531.379999995,1132680631.4099998,3908979311.76,9887213992.51,5978234680.75,19822857.37,1793.52,1718.22,812.44,358.04,2521.99,2885.55,0.0,166.14,,,,,Y,,轻工制造,家居用品,成品家居,7.23,7.29,7.31
sh603313,梦百合,2024-07-01,7.47,7.56,7.4,7.52,7.47,5903103.0,44127467.0,4290813375.2,4290813375.2,55538531.379999995,1132680631.4099998,3908979311.76,9887213992.51,5978234680.75,19822857.37,1211.65,1684.05,762.39,669.93,2404.96,2058.76,33.75,0.0,,,,,Y,,轻工制造,家居用品,成品家居,7.45,7.4,7.48
sh603313,梦百合,2024-07-02,7.48,7.54,7.46,7.5,7.52,3225124.0,24157807.0,4279401637.5,4279401637.5,55538531.379999995,1132680631.4099998,3908979311.76,9887213992.51,5978234680.75,19822857.37,614.04,874.32,440.52,204.94,1361.21,1336.52,0.0,0.0,,,,,Y,,轻工制造,家居用品,成品家居,7.52,7.52,7.5
sh603313,梦百合,2024-07-03,7.46,7.55,7.42,7.47,7.5,2337835.0,17513912.0,4262284030.95,4262284030.95,55538531.379999995,1132680631.4099998,3908979311.76,9887213992.51,5978234680.75,19822857.37,435.55,358.66,430.96,302.15,884.88,1090.58,0.0,0.0,,,,,Y,,轻工制造,家居用品,成品家居,7.45,7.48,7.47
sh603313,梦百合,2024-07-04,7.47,7.49,7.18,7.2,7.47,6447711.0,46722395.0,4108225572.0,4108225572.0,55538531.379999995,1132680631.4099998,3908979311.76,9887213992.51,5978234680.75,19822857.37,1505.16,1447.94,225.84,487.27,2941.25,2691.26,0.0,45.76,,,,,Y,,轻工制造,家居用品,成品家居,7.43,7.37,7.32
sh603313,梦百合,2024-07-05,7.2,7.2,7.06,7.1,7.2,4347193.0,30885939.0,4051166883.5,4051166883.5,55538531.379999995,1132680631.4099998,3908979311.76,9887213992.51,5978234680.75,19822857.37,848.62,803.04,407.29,572.36,1832.69,1545.4,0.0,167.8,,,,,Y,,轻工制造,家居用品,成品家居,7.14,7.08,7.12
sh603313,梦百合,2024-07-08,7.08,7.08,6.8,6.8,7.1,5327092.0,36654375.0,3879990818.0,3879990818.0,55538531.379999995,1132680631.4099998,3908979311.76,9887213992.51,5978234680.75,19822857.37,1011.84,1118.52,429.33,648.48,2224.27,1898.44,0.0,0.0,,,,,Y,,轻工制造,家居用品,成品家居,7.0,6.92,6.92
sh603313,梦百合,2024-07-09,6.82,6.9,6.58,6.83,6.8,5382777.0,36216802.0,3897108424.55,3897108424.55,55538531.379999995,1132680631.4099998,3908979311.76,9887213992.51,5978234680.75,19822857.37,1138.05,1005.16,318.92,187.49,2164.71,2429.04,0.0,0.0,,,,,Y,,轻工制造,家居用品,成品家居,6.85,6.87,6.85
sh603313,梦百合,2024-07-10,6.74,6.81,6.66,6.72,6.83,5164961.0,34726786.0,3834343867.2,3834343867.2,55538531.379999995,1132680631.4099998,3908979311.76,9887213992.51,5978234680.75,19822857.37,1310.78,1115.05,401.16,490.43,1760.74,1867.2,0.0,0.0,,,,,Y,,轻工制造,家居用品,成品家居,6.73,6.78,6.74
sh603313,梦百合,2024-07-11,6.8,6.91,6.73,6.9,6.72,4801043.0,32858564.0,3937049506.5,3937049506.5,55538531.379999995,1132680631.4099998,3908979311.76,9887213992.51,5978234680.75,19822857.37,995.56,1140.28,232.04,317.09,2058.25,1828.49,0.0,0.0,,,,,Y,,轻工制造,家居用品,成品家居,6.8,6.78,6.76
sh603313,梦百合,2024-07-12,6.86,7.0,6.85,6.92,6.9,4350810.0,30147793.0,3948461244.2,3948461244.2,55538531.379999995,1132680631.4099998,3908979311.76,9887213992.51,5978234680.75,19822857.37,931.24,996.99,536.43,469.21,1520.12,1548.57,26.99,0.0,,,,,Y,,轻工制造,家居用品,成品家居,6.91,6.95,6.97
sh603313,梦百合,2024-07-15,6.92,6.95,6.77,6.92,6.92,3754776.0,25783651.0,3948461244.2,3948461244.2,55538531.379999995,1132680631.4099998,3908979311.76,9887213992.51,5978234680.75,19822857.37,704.67,600.79,458.8,130.3,1414.9,1847.27,0.0,0.0,,,,,Y,,轻工制造,家居用品,成品家居,6.86,6.77,6.85
sh603313,梦百合,2024-07-16,6.9,6.9,6.69,6.74,6.92,3961470.0,26894820.0,3845755604.9,3845755604.9,55538531.379999995,1132680631.4099998,3908979311.76,9887213992.51,5978234680.75,19822857.37,1000.61,789.56,245.37,199.58,1443.5,1700.34,0.0,0.0,,,,,Y,,轻工制造,家居用品,成品家居,6.86,6.88,6.87
sh603313,梦百合,2024-07-17,6.73,6.76,6.6,6.6,6.74,4523229.0,30055985.0,3765873441.0,3765873441.0,55538531.379999995,1132680631.4099998,3908979311.76,9887213992.51,5978234680.75,19822857.37,985.19,866.67,188.82,389.49,1831.59,1749.44,0.0,0.0,,,,,Y,,轻工制造,家居用品,成品家居,6.71,6.7,6.68
sh603313,梦百合,2024-07-18,6.58,6.71,6.48,6.69,6.6,4602057.0,30477269.0,3817226260.65,3817226260.65,55538531.379999995,1132680631.4099998,3908979311.76,9887213992.51,5978234680.75,19822857.37,839.55,937.14,275.99,234.07,1932.19,1669.45,0.0,207.06,,,,,Y,,轻工制造,家居用品,成品家居,6.51,6.51,6.52
sh603313,梦百合,2024-07-19,6.72,6.82,6.57,6.78,6.69,3329460.0,22348926.0,3868579080.3,3868579080.3,55538531.379999995,1132680631.4099998,3908979311.76,9887213992.51,5978234680.75,19822857.37,733.88,521.12,139.83,120.13,1361.19,1593.65,0.0,0.0,,,,,Y,,轻工制造,家居用品,成品家居,6.62,6.67,6.62
sh603313,梦百合,2024-07-22,6.79,6.79,6.58,6.63,6.78,3089360.0,20555157.0,3782991047.55,3782991047.55,55538531.379999995,1132680631.4099998,3908979311.76,9887213992.51,5978234680.75,19822857.37,702.45,491.2,86.75,212.28,1266.31,1352.04,0.0,0.0,,,,,Y,,轻工制造,家居用品,成品家居,6.72,6.68,6.69
sh603313,梦百合,2024-07-23,6.6,6.65,6.46,6.48,6.63,3030616.0,19889811.0,3697403014.8,3697403014.8,55538531.379999995,1132680631.4099998,3908979311.76,9887213992.51,5978234680.75,19822857.37,500.33,474.72,130.14,160.86,1358.52,1342.29,0.0,11.12,,,,,Y,,轻工制造,家居用品,成品家居,6.59,6.62,6.63
sh603313,梦百合,2024-07-24,6.45,6.52,6.33,6.34,6.48,3918400.0,25125118.0,3617520850.9,3617520850.9,55538531.379999995,1132680631.4099998,3908979311.76,9887213992.51,5978234680.75,19822857.37,801.63,743.49,299.15,119.39,1411.73,1649.63,0.0,0.0,,,,,Y,,轻工制造,家居用品,成品家居,6.46,6.42,6.43
sh603313,梦百合,2024-07-25,6.33,6.57,6.31,6.5,6.34,3233520.0,20913326.0,3708814752.5,3708814752.5,55538531.379999995,1132680631.4099998,3908979311.76,9887213992.51,5978234680.75,19822857.37,488.47,716.14,63.77,139.75,1539.09,1235.44,0.0,0.0,,,,,Y,,轻工制造,家居用品,成品家居,6.39,6.41,6.38
sh603313,梦百合,2024-07-26,6.52,6.63,6.48,6.55,6.5,1924050.0,12636850.0,3737344096.75,3737344096.75,55538531.379999995,1132680631.4099998,3908979311.76,9887213992.51,5978234680.75,19822857.37,278.78,375.38,78.21,137.25,906.69,751.05,0.0,0.0,,,,,Y,,轻工制造,家居用品,成品家居,6.54,6.59,6.6
sh603313,梦百合,2024-07-29,6.54,6.54,6.39,6.42,6.55,3050657.0,19608556.0,3663167801.7,3663167801.7,55538531.379999995,1132680631.4099998,3908979311.76,9887213992.51,5978234680.75,19822857.37,580.34,454.83,111.99,66.52,1137.53,1439.51,131.0,0.0,,,,,Y,,轻工制造,家居用品,成品家居,6.46,6.45,6.42
sh603313,梦百合,2024-07-30,6.42,6.46,6.35,6.42,6.42,2584520.0,16557530.0,3663167801.7,3663167801.7,55538531.379999995,1132680631.4099998,3908979311.76,9887213992.51,5978234680.75,19822857.37,490.33,381.59,83.99,215.44,1081.43,1047.59,0.0,11.14,,,,,Y,,轻工制造,家居用品,成品家居,6.43,6.39,6.39
sh603313,梦百合,2024-07-31,6.43,6.72,6.39,6.7,6.42,4378547.0,28914193.0,3822932129.5,3822932129.5,55538531.379999995,1132680631.4099998,3908979311.76,9887213992.51,5978234680.75,19822857.37,794.94,1034.58,287.38,147.21,1809.1,1709.63,0.0,0.0,,,,,Y,,轻工制造,家居用品,成品家居,6.41,6.5,6.51
sh603313,梦百合,2024-08-01,6.7,6.79,6.55,6.57,6.7,3894760.0,25753246.0,3748755834.45,3748755834.45,55538531.379999995,1132680631.4099998,3908979311.76,9887213992.51,5978234680.75,19822857.37,899.46,704.11,213.48,213.42,1462.39,1582.22,0.0,75.57,,,,,Y,,轻工制造,家居用品,成品家居,6.69,6.68,6.63
sh603313,梦百合,2024-08-02,6.56,6.6,6.44,6.45,6.57,4033130.0,26294634.0,3680285408.25,3680285408.25,55538531.379999995,1132680631.4099998,3908979311.76,9887213992.51,5978234680.75,19822857.37,865.93,642.46,118.26,299.84,1645.27,1687.16,0.0,0.0,,,,,Y,,轻工制造,家居用品,成品家居,6.52,6.53,6.56
sh603313,梦百合,2024-08-05,6.4,6.59,6.34,6.34,6.45,4572658.0,29529871.0,3617520850.9,3617520850.9,55538531.379999995,1132680631.4099998,3908979311.76,9887213992.51,5978234680.75,19822857.37,826.67,1029.59,198.13,88.75,1928.2,1834.64,0.0,0.0,,,,,Y,,轻工制造,家居用品,成品家居,6.5,6.55,6.54
sh603313,梦百合,2024-08-06,6.35,6.49,6.35,6.46,6.34,3895627.0,25032908.0,3685991277.1,3685991277.1,55538531.379999995,1132680631.4099998,3908979311.76,9887213992.51,5978234680.75,19822857.37,725.94,729.54,50.09,59.14,1727.26,1714.62,0.0,0.0,,,,,Y,,轻工制造,家居用品,成品家居,6.41,6.45,6.47
sh603313,梦百合,2024-08-07,6.47,6.48,6.34,6.37,6.46,4721876.0,30181394.0,3634638457.45,3634638457.45,55538531.379999995,1132680631.4099998,3908979311.76,9887213992.51,5978234680.75,19822857.37,812.9,902.96,199.07,46.91,2006.17,2068.26,0.0,0.0,,,,,Y,,轻工制造,家居用品,成品家居,6.4,6.37,6.37
sh603313,梦百合,2024-08-08,6.35,6.44,6.33,6.42,6.37,3829026.0,24462478.0,3663167801.7,3663167801.7,55538531.379999995,1132680631.4099998,3908979311.76,9887213992.51,5978234680.75,19822857.37,679.5,448.14,88.65,91.99,1678.1,1906.12,0.0,0.0,,,,,Y,,轻工制造,家居用品,成品家居,6.36,6.38,6.37
sh603313,梦百合,2024-08-09,6.44,6.5,6.39,6.39,6.42,3445391.0,22228437.0,3646050195.15,3646050195.15,55538531.379999995,1132680631.4099998,3908979311.76,9887213992.51,5978234680.75,19822857.37,588.17,597.01,279.35,239.04,1355.32,1386.8,0.0,0.0,,,,,Y,,轻工制造,家居用品,成品家居,6.43,6.46,6.45
sh603313,梦百合,2024-08-12,6.38,6.42,6.25,6.27,6.39,4994446.0,31456966.0,3577579768.9500003,3577579768.9500003,55538531.379999995,1132680631.4099998,3908979311.76,9887213992.51,5978234680.75,19822857.37,878.78,857.1,301.36,213.66,1965.56,2074.94,0.0,0.0,,,,,Y,,轻工制造,家居用品,成品家居,6.36,6.31,6.31
sh603313,梦百合,2024-08-13,6.31,6.32,6.16,6.28,6.27,2862184.0,17788740.0,3583285637.8,3583285637.8,55538531.379999995,1132680631.4099998,3908979311.76,9887213992.51,5978234680.75,19822857.37,457.93,323.99,0.0,66.45,1320.94,1388.43,0.0,0.0,,,,,Y,,轻工制造,家居用品,成品家居,6.22,6.2,6.18
sh603313,梦百合,2024-08-14,6.28,6.28,6.16,6.17,6.28,4239840.0,26282186.0,3520521080.45,3520521080.45,55538531.379999995,1132680631.4099998,3908979311.76,9887213992.51,5978234680.75,19822857.37,699.3,340.58,134.96,172.79,1793.97,2114.85,0.0,0.0,,,,,Y,,轻工制造,家居用品,成品家居,6.27,6.22,6.22
sh603313,梦百合,2024-08-15,6.18,6.22,5.99,6.2,6.17,6914628.0,42309649.0,3537638687.0,3537638687.0,55538531.379999995,1132680631.4099998,3908979311.76,9887213992.51,5978234680.75,19822857.37,1213.79,1217.46,244.21,388.79,2772.97,2624.71,0.0,0.0,,,,,Y,,轻工制造,家居用品,成品家居,6.12,6.09,5.99
sh603313,梦百合,2024-08-16,6.2,6.22,6.12,6.2,6.2,4023100.0,24853123.0,3537638687.0,3537638687.0,55538531.379999995,1132680631.4099998,3908979311.76,9887213992.51,5978234680.75,19822857.37,343.81,743.51,110.99,98.44,2030.51,1643.36,0.0,0.0,,,,,Y,,轻工制造,家居用品,成品家居,6.16,6.15,6.13
sh603313,梦百合,2024-08-19,6.16,6.24,6.14,6.2,6.2,2550260.0,15781816.0,3537638687.0,3537638687.0,55538531.379999995,1132680631.4099998,3908979311.76,9887213992.51,5978234680.75,19822857.37,261.34,249.33,61.81,0.0,1255.03,1328.85,0.0,0.0,,,,,Y,,轻工制造,家居用品,成品家居,6.19,6.18,6.23
sh603313,梦百合,2024-08-20,6.19,6.22,6.0,6.05,6.2,4217380.0,25570322.0,3452050654.25,3452050654.25,55538531.379999995,1132680631.4099998,3908979311.76,9887213992.51,5978234680.75,19822857.37,856.4,492.67,291.93,159.89,1408.71,1904.47,0.0,0.0,,,,,Y,,轻工制造,家居用品,成品家居,6.14,6.12,6.13
sh603313,梦百合,2024-08-21,6.02,6.07,5.96,6.01,6.05,3482944.0,20957948.0,3429227178.85,3429227178.85,55538531.379999995,1132680631.4099998,3908979311.76,9887213992.51,5978234680.75,19822857.37,512.75,488.25,179.27,163.16,1403.77,1444.38,0.0,0.0,,,,,Y,,轻工制造,家居用品,成品家居,6.06,6.05,6.03
sh603313,梦百合,2024-08-22,6.0,6.12,5.95,6.02,6.01,4294989.0,25898275.0,3434933047.7,3434933047.7,55538531.379999995,1132680631.4099998,3908979311.76,9887213992.51,5978234680.75,19822857.37,850.39,740.57,198.07,140.54,1541.38,1708.71,0.0,0.0,,,,,Y,,轻工制造,家居用品,成品家居,6.02,6.03,6.01
sh603313,梦百合,2024-08-23,5.98,6.06,5.9,5.91,6.02,3052510.0,18191949.0,3372168490.3500004,3372168490.3500004,55538531.379999995,1132680631.4099998,3908979311.76,9887213992.51,5978234680.75,19822857.37,590.32,451.58,61.42,51.87,1167.46,1308.71,0.0,7.03,,,,,Y,,轻工制造,家居用品,成品家居,5.98,6.01,6.04
sh603313,梦百合,2024-08-26,5.91,6.14,5.9,6.05,5.91,4334220.0,26221138.0,3452050654.25,3452050654.25,55538531.379999995,1132680631.4099998,3908979311.76,9887213992.51,5978234680.75,19822857.37,661.21,826.78,149.42,364.04,1811.48,1431.29,0.0,0.0,,,,,Y,,轻工制造,家居用品,成品家居,5.94,6.02,6.07
sh603313,梦百合,2024-08-27,6.04,6.07,5.94,5.95,6.05,3079606.0,18426239.0,3394991965.75,3394991965.75,55538531.379999995,1132680631.4099998,3908979311.76,9887213992.51,5978234680.75,19822857.37,356.54,256.32,108.18,153.29,1377.91,1433.02,0.0,0.0,,,,,Y,,轻工制造,家居用品,成品家居,6.03,6.06,6.01
sh603313,梦百合,2024-08-28,5.9,5.97,5.87,5.91,5.95,3322688.0,19636458.0,3372168490.3500004,3372168490.3500004,55538531.379999995,1132680631.4099998,3908979311.76,9887213992.51,5978234680.75,19822857.37,487.4,441.91,151.67,279.4,1324.58,1226.2,0.0,16.14,,,,,Y,,轻工制造,家居用品,成品家居,5.93,5.88,5.91
sh603313,梦百合,2024-08-29,5.89,5.99,5.87,5.98,5.91,3428580.0,20411567.0,3412109572.3,3412109572.3,55538531.379999995,1132680631.4099998,3908979311.76,9887213992.51,5978234680.75,19822857.37,528.06,801.77,64.42,137.59,1448.67,1101.8,0.0,0.0,,,,,Y,,轻工制造,家居用品,成品家居,5.9,5.96,5.98
sh603313,梦百合,2024-08-30,5.99,6.25,5.93,6.16,5.98,5904010.0,36166449.0,3514815211.6,3514815211.6,55538531.379999995,1132680631.4099998,3908979311.76,9887213992.51,5978234680.75,19822857.37,1087.83,1217.78,376.67,384.81,2152.15,2014.05,0.0,0.0,,,,,Y,,轻工制造,家居用品,成品家居,5.94,5.98,6.05
sh603313,梦百合,2024-09-02,5.99,6.12,5.83,5.86,6.16,8500476.0,50257241.0,3343639146.1,3343639146.1,55538531.379999995,1132680631.4099998,3935715977.6800003,10089918964.41,6154202986.73,32769066.69,1537.62,1273.83,820.26,309.86,2667.85,3442.04,0.0,0.0,,,,,Y,,轻工制造,家居用品,成品家居,5.89,5.9,5.97
sh603313,梦百合,2024-09-03,5.87,5.97,5.81,5.93,5.86,5558183.0,32910909.0,3383580228.05,3383580228.05,55538531.379999995,1132680631.4099998,3935715977.6800003,10089918964.41,6154202986.73,32769066.69,867.22,957.36,124.63,156.05,2299.24,2177.69,0.0,0.0,,,,,Y,,轻工制造,家居用品,成品家居,5.84,5.92,5.9
sh603313,梦百合,2024-09-04,5.89,5.97,5.75,5.75,5.93,5954466.0,34675703.0,3280874588.75,3280874588.75,55538531.379999995,1132680631.4099998,3935715977.6800003,10089918964.41,6154202986.73,32769066.69,1162.96,745.16,188.69,182.93,2115.92,2539.48,0.0,0.0,,,,,Y,,轻工制造,家居用品,成品家居,5.91,5.92,5.9
sh603313,梦百合,2024-09-05,5.77,5.9,5.76,5.89,5.75,5002514.0,29261295.0,3360756752.65,3360756752.65,55538531.379999995,1132680631.4099998,3935715977.6800003,10089918964.41,6154202986.73,32769066.69,757.85,1098.48,31.98,119.93,2136.29,1707.72,0.0,0.0,,,,,Y,,轻工制造,家居用品,成品家居,5.82,5.82,5.82
sh603313,梦百合,2024-09-06,5.91,5.91,5.7,5.72,5.89,5179372.0,29874187.0,3263756982.2000003,3263756982.2000003,55538531.379999995,1132680631.4099998,3935715977.6800003,10089918964.41,6154202986.73,32769066.69,989.24,474.08,209.35,21.56,1788.83,2491.78,0.0,0.0,,,,,Y,,轻工制造,家居用品,成品家居,5.86,5.81,5.79
sh603313,梦百合,2024-09-09,5.7,5.71,5.56,5.59,5.72,5215360.0,29249454.0,3189580687.15,3189580687.15,55538531.379999995,1132680631.4099998,3935715977.6800003,10089918964.41,6154202986.73,32769066.69,1010.3,1053.91,158.95,347.66,1755.7,1523.37,0.0,0.0,,,,,Y,,轻工制造,家居用品,成品家居,5.63,5.62,5.62
sh603313,梦百合,2024-09-10,5.63,5.66,5.48,5.55,5.59,6643823.0,36843621.0,3166757211.75,3166757211.75,55538531.379999995,1132680631.4099998,3935715977.6800003,10089918964.41,6154202986.73,32769066.69,916.54,1139.26,225.28,89.81,2542.55,2455.29,0.0,0.0,,,,,Y,,轻工制造,家居用品,成品家居,5.63,5.61,5.58
sh603313,梦百合,2024-09-11,5.54,5.6,5.49,5.54,5.55,4725544.0,26246623.0,3161051342.9,3161051342.9,55538531.379999995,1132680631.4099998,3935715977.6800003,10089918964.41,6154202986.73,32769066.69,699.21,1097.96,143.72,192.83,1781.73,1333.87,0.0,0.0,,,,,Y,,轻工制造,家居用品,成品家居,5.56,5.55,5.54
sh603313,梦百合,2024-09-12,5.53,5.64,5.5,5.5,5.54,4203142.0,23420141.0,3138227867.5000005,3138227867.5000005,55538531.379999995,1132680631.4099998,3935715977.6800003,10089918964.41,6154202986.73,32769066.69,719.23,519.0,152.66,104.02,1372.68,1718.99,97.45,0.0,,,,,Y,,轻工制造,家居用品,成品家居,5.57,5.61,5.62
sh603313,梦百合,2024-09-13,5.53,5.53,5.37,5.38,5.5,4310220.0,23409060.0,3069757441.3,3069757441.3,55538531.379999995,1132680631.4099998,3935715977.6800003,10089918964.41,6154202986.73,32769066.69,611.88,647.64,107.07,292.49,1621.95,1400.77,0.0,0.0,,,,,Y,,轻工制造,家居用品,成品家居,5.49,5.5,5.45
sh603313,梦百合,2024-09-18,5.38,5.42,5.26,5.38,5.38,4016310.0,21441255.0,3069757441.3,3069757441.3,55538531.379999995,1132680631.4099998,3935715977.6800003,10089918964.41,6154202986.73,32769066.69,572.79,784.09,21.68,262.81,1549.66,1097.22,0.0,0.0,,,,,Y,,轻工制造,家居用品,成品家居,5.38,5.37,5.33
sh603313,梦百合,2024-09-19,5.41,5.63,5.38,5.57,5.38,5980270.0,33167689.0,3178168949.4500003,3178168949.4500003,55538531.379999995,1132680631.4099998,3935715977.6800003,10089918964.41,6154202986.73,32769066.69,809.79,1204.75,234.31,291.2,2272.67,1820.82,0.0,0.0,,,,,Y,,轻工制造,家居用品,成品家居,5.48,5.46,5.46
sh603313,梦百合,2024-09-20,5.54,5.58,5.44,5.5,5.57,3703014.0,20312322.0,3138227867.5000005,3138227867.5000005,55538531.379999995,1132680631.4099998,3935715977.6800003,10089918964.41,6154202986.73,32769066.69,563.68,431.75,130.06,90.66,1337.49,1508.82,0.0,0.0,,,,,Y,,轻工制造,家居用品,成品家居,5.53,5.5,5.47
sh603313,梦百合,2024-09-23,5.49,5.6,5.4,5.52,5.5,7730735.0,42654216.0,3149639605.2000003,3149639605.2000003,55538531.379999995,1132680631.4099998,3935715977.6800003,10089918964.41,6154202986.73,32769066.69,1099.43,1429.07,119.07,515.41,3046.92,2313.85,0.0,7.09,,,,,Y,,轻工制造,家居用品,成品家居,5.44,5.49,5.57
sh603313,梦百合,2024-09-24,5.55,5.74,5.55,5.74,5.52,7813104.0,44258911.0,3275168719.9,3275168719.9,55538531.379999995,1132680631.4099998,3935715977.6800003,10089918964.41,6154202986.73,32769066.69,1497.07,1572.23,353.36,818.71,2575.47,2034.95,0.0,0.0,,,,,Y,,轻工制造,家居用品,成品家居,5.6,5.61,5.59
sh603313,梦百合,2024-09-25,5.8,5.98,5.8,5.82,5.74,6412520.0,37766794.0,3320815670.7,3320815670.7,55538531.379999995,1132680631.4099998,3935715977.6800003,10089918964.41,6154202986.73,32769066.69,1137.72,1277.31,292.9,136.6,2346.06,2362.76,0.0,0.0,,,,,Y,,轻工制造,家居用品,成品家居,5.87,5.9,5.93
sh603313,梦百合,2024-09-26,5.84,6.14,5.76,6.14,5.82,7647914.0,45642388.0,3503403473.9,3503403473.9,55538531.379999995,1132680631.4099998,3935715977.6800003,10089918964.41,6154202986.73,32769066.69,1336.52,1604.52,486.54,358.63,2741.18,2601.09,0.0,0.0,,,,,Y,,轻工制造,家居用品,成品家居,5.84,5.78,5.82
sh603313,梦百合,2024-09-27,6.22,6.56,6.22,6.49,6.14,8399479.0,53600014.0,3703108883.65,3703108883.65,55538531.379999995,1132680631.4099998,3935715977.6800003,10089918964.41,6154202986.73,32769066.69,1965.81,1662.99,503.28,603.6,2576.51,3093.41,314.4,0.0,,,,,Y,,轻工制造,家居用品,成品家居,6.32,6.31,6.35
sh603313,梦百合,2024-09-30,6.7,7.13,6.5,7.08,6.49,21886312.0,149789104.0,4039755145.8,4039755145.8,55538531.379999995,1132680631.4099998,3935715977.6800003,10089918964.41,6154202986.73,32769066.69,5567.12,4900.99,2439.91,2428.28,6000.35,7232.81,971.53,416.84,,,,,Y,,轻工制造,家居用品,成品家居,6.87,6.72,6.58
sh603313,梦百合,2024-10-08,7.79,7.79,7.1,7.34,7.08,28491623.0,211754637.0,4188107735.9,4188107735.9,55538531.379999995,1132680631.4099998,3935715977.6800003,10089918964.41,6154202986.73,32769066.69,7041.53,6631.23,3726.35,3806.73,8081.04,9166.08,2326.55,1571.42,,,,,Y,,轻工制造,家居用品,成品家居,7.57,7.44,7.5
sh603313,梦百合,2024-10-09,7.24,7.24,6.7,6.77,7.34,16503632.0,114511319.0,3862873211.45,3862873211.45,55538531.379999995,1132680631.4099998,3935715977.6800003,10089918964.41,6154202986.73,32769066.69,4074.65,3795.24,1530.48,1062.84,5614.5,6514.21,231.49,78.84,,,,,Y,,轻工制造,家居用品,成品家居,6.92,6.9,7.04
sh603313,梦百合,2024-10-10,6.94,7.0,6.71,6.75,6.77,10693495.0,73160444.0,3851461473.75,3851461473.75,55538531.379999995,1132680631.4099998,3935715977.6800003,10089918964.41,6154202986.73,32769066.69,2652.13,2085.85,871.18,1074.86,3792.73,4002.71,0.0,152.63,,,,,Y,,轻工制造,家居用品,成品家居,6.83,6.87,6.84
sh603313,梦百合,2024-10-11,6.74,6.77,6.43,6.46,6.75,8914374.0,58345458.0,3685991277.1,3685991277.1,55538531.379999995,1132680631.4099998,3935715977.6800003,10089918964.41,6154202986.73,32769066.69,1846.61,2256.37,363.2,687.5,3624.74,2890.68,0.0,0.0,,,,,Y,,轻工制造,家居用品,成品家居,6.7,6.66,6.64
sh603313,梦百合,2024-10-14,6.46,6.68,6.37,6.6,6.46,8007284.0,52347299.0,3765873441.0,3765873441.0,55538531.379999995,1132680631.4099998,3935715977.6800003,10089918964.41,6154202986.73,32769066.69,1506.5,1684.72,450.78,709.91,3219.59,2840.1,57.86,0.0,,,,,Y,,轻工制造,家居用品,成品家居,6.47,6.5,6.5
sh603313,梦百合,2024-10-15,6.6,6.6,6.37,6.37,6.6,7329030.0,47439521.0,3634638457.45,3634638457.45,55538531.379999995,1132680631.4099998,3935715977.6800003,10089918964.41,6154202986.73,32769066.69,1651.64,1509.8,128.36,203.52,2963.95,2944.63,0.0,86.0,,,,,Y,,轻工制造,家居用品,成品家居,6.53,6.57,6.54
sh603313,梦百合,2024-10-16,6.33,6.52,6.3,6.42,6.37,7283342.0,46713793.0,3663167801.7,3663167801.7,55538531.379999995,1132680631.4099998,3935715977.6800003,10089918964.41,6154202986.73,32769066.69,1524.74,1717.38,258.82,392.73,2887.83,2561.27,0.0,0.0,,,,,Y,,轻工制造,家居用品,成品家居,6.36,6.42,6.45
sh603313,梦百合,2024-10-17,6.42,6.47,6.21,6.21,6.42,7449847.0,47181498.0,3543344555.85,3543344555.85,55538531.379999995,1132680631.4099998,3935715977.6800003,10089918964.41,6154202986.73,32769066.69,1468.41,1328.99,426.63,533.51,2720.5,2855.65,102.61,0.0,,,,,Y,,轻工制造,家居用品,成品家居,6.42,6.45,6.42
sh603313,梦百合,2024-10-18,6.23,6.51,6.2,6.42,6.21,10880329.0,69331219.0,3663167801.7,3663167801.7,55538531.379999995,1132680631.4099998,3935715977.6800003,10089918964.41,6154202986.73,32769066.69,2403.25,2589.17,1267.82,400.09,3262.05,3876.41,0.0,67.46,,,,,Y,,轻工制造,家居用品,成品家居,6.27,6.27,6.27
sh603313,梦百合,2024-10-21,6.44,6.51,6.3,6.46,6.42,8585084.0,55107935.0,3685991277.1,3685991277.1,55538531.379999995,1132680631.4099998,3935715977.6800003,10089918964.41,6154202986.73,32769066.69,1876.59,1908.79,714.72,840.85,2919.48,2597.35,0.0,163.79,,,,,Y,,轻工制造,家居用品,成品家居,6.42,6.39,6.36
sh603313,梦百合,2024-10-22,6.48,6.82,6.45,6.72,6.46,12753595.0,84712338.0,3834343867.2,3834343867.2,55538531.379999995,1132680631.4099998,3935715977.6800003,10089918964.41,6154202986.73,32769066.69,2940.5,2771.22,1441.76,1203.57,3985.63,4363.45,103.34,133.0,,,,,Y,,轻工制造,家居用品,成品家居,6.51,6.51,6.52
sh603313,梦百合,2024-10-23,6.8,7.0,6.72,6.77,6.72,15119596.0,103554753.0,3862873211.45,3862873211.45,55538531.379999995,1132680631.4099998,3935715977.6800003,10089918964.41,6154202986.73,32769066.69,3632.97,3519.47,1408.59,1485.47,4973.78,5125.24,340.14,225.31,,,,,Y,,轻工制造,家居用品,成品家居,6.82,6.82,6.82
sh603313,梦百合,2024-10-24,6.68,6.78,6.6,6.64,6.77,7291958.0,48540208.0,3788696916.4,3788696916.4,55538531.379999995,1132680631.4099998,3935715977.6800003,10089918964.41,6154202986.73,32769066.69,1298.95,1342.46,420.05,331.97,3135.01,3122.22,0.0,57.37,,,,,Y,,轻工制造,家居用品,成品家居,6.74,6.72,6.68
sh603313,梦百合,2024-10-25,6.63,6.84,6.6,6.77,6.64,7370620.0,49698759.0,3862873211.45,3862873211.45,55538531.379999995,1132680631.4099998,3935715977.6800003,10089918964.41,6154202986.73,32769066.69,1752.76,1713.92,587.19,868.13,2629.92,2280.96,0.0,106.88,,,,,Y,,轻工制造,家居用品,成品家居,6.68,6.67,6.68
sh603313,梦百合,2024-10-28,6.77,6.9,6.77,6.87,6.77,9165475.0,62785344.0,3919931899.95,3919931899.95,55538531.379999995,1132680631.4099998,3935715977.6800003,10089918964.41,6154202986.73,32769066.69,2168.83,2097.41,437.49,1473.17,3589.4,2707.95,82.82,0.0,,,,,Y,,轻工制造,家居用品,成品家居,6.88,6.8,6.81
sh603313,梦百合,2024-10-29,6.89,6.9,6.58,6.59,6.87,9593732.0,64196755.0,3760167572.15,3760167572.15,55538531.379999995,1132680631.4099998,3935715977.6800003,10089918964.41,6154202986.73,32769066.69,2391.99,2099.11,529.72,910.33,3297.31,3410.23,200.65,0.0,,,,,Y,,轻工制造,家居用品,成品家居,6.84,6.78,6.74
sh603313,梦百合,2024-10-30,6.59,6.67,6.46,6.55,6.59,6340643.0,41609656.0,3737344096.75,3737344096.75,55538531.379999995,1132680631.4099998,3935715977.6800003,10089918964.41,6154202986.73,32769066.69,959.1,1287.66,371.22,482.67,2794.52,2266.11,36.14,124.52,,,,,Y,,轻工制造,家居用品,成品家居,6.63,6.56,6.64
sh603313,梦百合,2024-10-31,6.34,6.47,6.2,6.35,6.55,17766002.0,112043004.0,3623226719.75,3623226719.75,-159312851.01,614572811.37,3822958960.12,9930304734.81,6107345774.69,-205574524.47,4353.01,3685.36,1168.87,1755.63,5365.89,5498.46,316.53,264.85,,,,,Y,,轻工制造,家居用品,成品家居,6.27,6.28,6.23
sh603313,梦百合,2024-11-01,6.34,6.39,6.14,6.17,6.35,10540943.0,65642045.0,3520521080.45,3520521080.45,-159312851.01,614572811.37,3822958960.12,9930304734.81,6107345774.69,-205574524.47,2503.43,2124.07,548.17,846.83,3512.6,3366.15,0.0,227.15,,,,,Y,,轻工制造,家居用品,成品家居,6.36,6.28,6.29
sh603313,梦百合,2024-11-04,6.17,6.26,6.1,6.26,6.17,5590205.0,34641614.0,3571873900.1,3571873900.1,-159312851.01,614572811.37,3822958960.12,9930304734.81,6107345774.69,-205574524.47,1101.05,1264.06,284.85,196.11,2078.26,2003.99,0.0,0.0,,,,,Y,,轻工制造,家居用品,成品家居,6.11,6.17,6.19
sh603313,梦百合,2024-11-05,6.29,6.89,6.26,6.89,6.26,10403211.0,69401635.0,3931343637.65,3931343637.65,-159312851.01,614572811.37,3822958960.12,9930304734.81,6107345774.69,-205574524.47,1933.4,2671.28,1014.65,719.18,1769.27,3205.2,2222.85,344.5,,,,,Y,,轻工制造,家居用品,成品家居,6.32,6.43,6.89
sh603313,梦百合,2024-11-06,7.2,7.58,6.93,7.21,6.89,42420274.0,304568664.0,4113931440.85,4113931440.85,-159312851.01,614572811.37,3822958960.12,9930304734.81,6107345774.69,-205574524.47,10467.75,10649.97,5081.04,5117.4,13597.52,13296.63,1310.55,1392.86,,,,,Y,,轻工制造,家居用品,成品家居,7.03,7.04,7.03
sh603313,梦百合,2024-11-07,7.22,7.66,7.14,7.43,7.21,27171186.0,201385303.0,4239460555.55,4239460555.55,-159312851.01,614572811.37,3822958960.12,9930304734.81,6107345774.69,-205574524.47,7077.33,6756.09,3267.05,2880.02,9214.66,10252.88,579.49,249.54,,,,,Y,,轻工制造,家居用品,成品家居,7.32,7.45,7.44
sh603313,梦百合,2024-11-08,7.43,7.48,7.17,7.33,7.43,20109035.0,146829880.0,4182401867.05,4182401867.05,-159312851.01,614572811.37,3822958960.12,9930304734.81,6107345774.69,-205574524.47,4863.3,5111.28,3116.71,2854.05,6466.94,6302.06,236.03,415.59,,,,,Y,,轻工制造,家居用品,成品家居,7.4,7.31,7.3
sh603313,梦百合,2024-11-11,7.23,7.4,7.2,7.34,7.33,14975275.0,109430086.0,4188107735.9,4188107735.9,-159312851.01,614572811.37,3822958960.12,9930304734.81,6107345774.69,-205574524.47,3704.07,3847.95,2295.61,2636.79,4496.84,4458.27,446.5,0.0,,,,,Y,,轻工制造,家居用品,成品家居,7.28,7.3,7.27
sh603313,梦百合,2024-11-12,7.36,7.45,7.17,7.24,7.34,13788684.0,101030092.0,4131049047.4,4131049047.4,-159312851.01,614572811.37,3822958960.12,9930304734.81,6107345774.69,-205574524.47,3746.84,3713.37,1208.19,2065.48,5147.99,4193.78,0.0,130.37,,,,,Y,,轻工制造,家居用品,成品家居,7.35,7.35,7.35
sh603313,梦百合,2024-11-13,7.23,7.28,7.01,7.15,7.24,8922400.0,63483039.0,4079696227.75,4079696227.75,-159312851.01,614572811.37,3822958960.12,9930304734.81,6107345774.69,-205574524.47,1828.93,2269.38,836.69,1058.43,3612.04,3020.49,70.64,0.0,,,,,Y,,轻工制造,家居用品,成品家居,7.23,7.24,7.18
sh603313,梦百合,2024-11-14,7.15,7.2,6.94,6.95,7.15,8912796.0,62847199.0,3965578850.75,3965578850.75,-159312851.01,614572811.37,3822958960.12,9930304734.81,6107345774.69,-205574524.47,1848.85,2049.17,922.42,909.05,3513.44,3014.59,0.0,311.91,,,,,Y,,轻工制造,家居用品,成品家居,7.14,7.14,7.18
sh603313,梦百合,2024-11-15,6.9,7.28,6.87,7.03,6.95,12895497.0,91125008.0,4011225801.55,4011225801.55,-159312851.01,614572811.37,3822958960.12,9930304734.81,6107345774.69,-205574524.47,3395.7,3047.38,1038.86,733.74,4531.52,5317.82,146.43,13.56,,,,,Y,,轻工制造,家居用品,成品家居,6.96,6.92,6.91
sh603313,梦百合,2024-11-18,7.06,7.13,6.86,6.95,7.03,9757897.0,67802753.0,3965578850.75,3965578850.75,-159312851.01,614572811.37,3822958960.12,9930304734.81,6107345774.69,-205574524.47,2210.92,2115.67,1164.23,500.14,3405.12,3759.43,0.0,405.03,,,,,Y,,轻工制造,家居用品,成品家居,7.01,6.96,6.95
sh603313,梦百合,2024-11-19,6.91,7.02,6.81,7.02,6.95,9077422.0,62907913.0,4005519932.7,4005519932.7,-159312851.01,614572811.37,3822958960.12,9930304734.81,6107345774.69,-205574524.47,2038.7,2077.59,413.86,542.75,2995.54,2900.78,842.7,769.67,,,,,Y,,轻工制造,家居用品,成品家居,6.92,6.96,6.93
sh603313,梦百合,2024-11-20,7.01,7.1,6.92,7.07,7.02,8164104.0,57356705.0,4034049276.95,4034049276.95,-159312851.01,614572811.37,3822958960.12,9930304734.81,6107345774.69,-205574524.47,2051.07,2382.49,503.27,846.4,3179.23,2506.78,2.1,0.0,,,,,Y,,轻工制造,家居用品,成品家居,6.98,6.98,6.94
sh603313,梦百合,2024-11-21,7.06,7.12,6.86,6.99,7.07,9317280.0,65027611.0,3988402326.15,3988402326.15,-159312851.01,614572811.37,3822958960.12,9930304734.81,6107345774.69,-205574524.47,2045.91,1760.29,1149.78,904.3,3085.42,2874.9,221.65,963.28,,,,,Y,,轻工制造,家居用品,成品家居,7.08,7.05,7.02
sh603313,梦百合,2024-11-22,6.99,7.08,6.75,6.75,6.99,12913229.0,89041760.0,3851461473.75,3851461473.75,-159312851.01,614572811.37,3822958960.12,9930304734.81,6107345774.69,-205574524.47,2551.31,2623.3,837.25,1176.29,5130.43,4136.91,385.19,967.68,,,,,Y,,轻工制造,家居用品,成品家居,7.07,7.01,6.97
sh603313,梦百合,2024-11-25,6.7,6.88,6.64,6.81,6.75,8085991.0,54703991.0,3885696686.85,3885696686.85,-159312851.01,614572811.37,3822958960.12,9930304734.81,6107345774.69,-205574524.47,1822.11,1883.76,370.32,997.27,3172.14,2317.78,105.83,271.59,,,,,Y,,轻工制造,家居用品,成品家居,6.7,6.73,6.68
sh603313,梦百合,2024-11-26,6.81,7.2,6.78,7.04,6.81,15607279.0,109077479.0,4016931670.4,4016931670.4,-159312851.01,614572811.37,3822958960.12,9930304734.81,6107345774.69,-205574524.47,4435.28,4086.9,1586.87,1082.03,4561.28,5597.69,324.33,141.14,,,,,Y,,轻工制造,家居用品,成品家居,6.81,6.83,6.88
sh603313,梦百合,2024-11-27,7.11,7.32,6.99,7.27,7.04,23984566.0,171802559.0,4148166653.95,4148166653.95,-159312851.01,614572811.37,3822958960.12,9930304734.81,6107345774.69,-205574524.47,5501.83,6107.99,3526.94,2696.97,7390.24,7970.73,761.25,404.56,,,,,Y,,轻工制造,家居用品,成品家居,7.1,7.23,7.17
sh603313,梦百合,2024-11-28,7.25,7.25,7.09,7.12,7.27,11340871.0,81215957.0,4062578621.2,4062578621.2,-159312851.01,614572811.37,3822958960.12,9930304734.81,6107345774.69,-205574524.47,2848.23,2717.8,807.59,1207.19,4357.54,4123.28,108.24,73.33,,,,,Y,,轻工制造,家居用品,成品家居,7.16,7.2,7.2
sh603313,梦百合,2024-11-29,7.12,7.54,7.12,7.39,7.12,23173023.0,171283495.0,4216637080.15,4216637080.15,-159312851.01,614572811.37,3822958960.12,9930304734.81,6107345774.69,-205574524.47,6153.22,5683.56,3242.38,4026.57,7580.1,7418.21,152.65,0.0,,,,,Y,,轻工制造,家居用品,成品家居,7.31,7.39,7.29
sh603313,梦百合,2024-12-02,7.38,7.61,7.31,7.53,7.39,16824553.0,125910501.0,4296519244.05,4296519244.05,-159312851.01,614572811.37,3822958960.12,9930304734.81,6107345774.69,-205574524.47,4611.81,4757.54,1800.83,1861.23,6157.28,5752.17,21.13,220.1,,,,,Y,,轻工制造,家居用品,成品家居,7.41,7.4,7.41
sh603313,梦百合,2024-12-03,7.55,7.65,7.36,7.47,7.53,11594067.0,86817134.0,4262284030.95,4262284030.95,-159312851.01,614572811.37,3822958960.12,9930304734.81,6107345774.69,-205574524.47,3159.82,3437.08,1238.1,1069.2,4283.79,4175.43,0.0,0.0,,,,,Y,,轻工制造,家居用品,成品家居,7.47,7.49,7.42
sh603313,梦百合,2024-12-04,7.45,7.47,7.21,7.27,7.47,10234057.0,75072274.0,4148166653.95,4148166653.95,-159312851.01,614572811.37,3822958960.12,9930304734.81,6107345774.69,-205574524.47,2508.88,2585.2,898.33,1347.39,4100.02,3150.93,0.0,423.7,,,,,Y,,轻工制造,家居用品,成品家居,7.38,7.37,7.39
sh603313,梦百合,2024-12-05,7.23,7.32,7.17,7.31,7.27,8010546.0,57936311.0,4170990129.35,4170990129.35,-159312851.01,614572811.37,3822958960.12,9930304734.81,6107345774.69,-205574524.47,2065.41,1792.17,656.26,724.5,3071.96,3079.57,0.0,197.39,,,,,Y,,轻工制造,家居用品,成品家居,7.26,7.23,7.18
sh603313,梦百合,2024-12-06,7.27,7.38,7.21,7.33,7.31,7613553.0,55582416.0,4182401867.05,4182401867.05,-159312851.01,614572811.37,3822958960.12,9930304734.81,6107345774.69,-205574524.47,2238.31,2251.04,657.18,929.71,2662.74,2360.75,0.0,16.75,,,,,Y,,轻工制造,家居用品,成品家居,7.28,7.26,7.25
sh603313,梦百合,2024-12-09,7.33,7.43,7.23,7.27,7.33,6972852.0,50906261.0,4148166653.95,4148166653.95,-159312851.01,614572811.37,3822958960.12,9930304734.81,6107345774.69,-205574524.47,1796.67,1644.94,622.63,519.33,2671.33,2926.35,0.0,0.0,,,,,Y,,轻工制造,家居用品,成品家居,7.24,7.38,7.33
sh603313,梦百合,2024-12-10,7.48,7.76,7.37,7.46,7.27,16139498.0,122111019.0,4256578162.1,4256578162.1,-159312851.01,614572811.37,3822958960.12,9930304734.81,6107345774.69,-205574524.47,3510.43,4561.95,2247.81,2224.17,6145.97,5234.1,306.88,190.88,,,,,Y,,轻工制造,家居用品,成品家居,7.38,7.71,7.61
sh603313,梦百合,2024-12-11,7.52,7.97,7.47,7.86,7.46,22115777.0,171676194.0,4484812916.1,4484812916.1,-159312851.01,614572811.37,3822958960.12,9930304734.81,6107345774.69,-205574524.47,6187.58,5952.34,3389.43,3010.19,7590.62,8205.1,0.0,0.0,,,,,Y,,轻工制造,家居用品,成品家居,7.53,7.8,7.68
sh603313,梦百合,2024-12-12,7.8,8.19,7.74,8.05,7.86,25291878.0,203690988.0,4593224424.25,4593224424.25,-159312851.01,614572811.37,3822958960.12,9930304734.81,6107345774.69,-205574524.47,7836.45,6922.89,4544.51,4451.61,7767.53,8104.3,220.6,890.3,,,,,Y,,轻工制造,家居用品,成品家居,7.99,8.06,8.07
sh603313,梦百合,2024-12-13,8.0,8.04,7.82,7.87,8.05,12260036.0,96863202.0,4490518784.95,4490518784.95,-159312851.01,614572811.37,3822958960.12,9930304734.81,6107345774.69,-205574524.47,3076.13,3442.54,1376.37,1522.1,5209.02,4601.69,24.8,119.99,,,,,Y,,轻工制造,家居用品,成品家居,7.91,7.89,7.89
sh603313,梦百合,2024-12-16,7.87,7.92,7.66,7.73,7.87,9076630.0,70474100.0,4410636621.05,4410636621.05,-159312851.01,614572811.37,3822958960.12,9930304734.81,6107345774.69,-205574524.47,2629.62,2364.07,668.94,819.61,3748.84,3636.45,0.0,227.28,,,,,Y,,轻工制造,家居用品,成品家居,7.86,7.84,7.79
sh603313,梦百合,2024-12-17,7.75,7.76,7.38,7.39,7.73,10074230.0,75543004.0,4216637080.15,4216637080.15,-159312851.01,614572811.37,3822958960.12,9930304734.81,6107345774.69,-205574524.47,2496.08,2389.16,1258.59,1356.32,3611.46,3534.68,188.17,274.14,,,,,Y,,轻工制造,家居用品,成品家居,7.62,7.56,7.54
sh603313,梦百合,2024-12-18,7.41,7.6,7.29,7.49,7.39,9753100.0,72798802.0,4273695768.65,4273695768.65,-159312851.01,614572811.37,3822958960.12,9930304734.81,6107345774.69,-205574524.47,2582.63,2559.06,1130.07,882.85,3567.19,3837.98,0.0,0.0,,,,,Y,,轻工制造,家居用品,成品家居,7.31,7.35,7.37
sh603313,梦百合,2024-12-19,7.49,7.76,7.43,7.62,7.49,14019603.0,106561010.0,4347872063.700001,4347872063.700001,-159312851.01,614572811.37,3822958960.12,9930304734.81,6107345774.69,-205574524.47,4260.13,3724.67,1650.8,1522.66,4745.17,5139.15,0.0,269.62,,,,,Y,,轻工制造,家居用品,成品家居,7.75,7.68,7.69
sh603313,梦百合,2024-12-20,7.65,7.74,7.54,7.56,7.62,9116239.0,69705719.0,4313636850.599999,4313636850.599999,-159312851.01,614572811.37,3822958960.12,9930304734.81,6107345774.69,-205574524.47,2337.22,2394.44,1315.67,1033.64,3222.21,3353.9,95.47,188.59,,,,,Y,,轻工制造,家居用品,成品家居,7.63,7.66,7.69
sh603313,梦百合,2024-12-23,7.55,7.55,7.11,7.14,7.56,10241040.0,74420333.0,4073990358.9,4073990358.9,-159312851.01,614572811.37,3822958960.12,9930304734.81,6107345774.69,-205574524.47,2486.91,2436.44,839.39,1227.0,3868.17,3568.49,247.56,210.1,,,,,Y,,轻工制造,家居用品,成品家居,7.4,7.44,7.37
sh603313,梦百合,2024-12-24,7.14,7.28,7.02,7.18,7.14,7869680.0,56289602.0,4096813834.3,4096813834.3,-159312851.01,614572811.37,3822958960.12,9930304734.81,6107345774.69,-205574524.47,1902.36,1540.42,619.87,932.63,3106.72,2982.15,0.0,173.76,,,,,Y,,轻工制造,家居用品,成品家居,7.24,7.2,7.17
sh603313,梦百合,2024-12-25,7.22,7.22,6.88,6.94,7.18,10800708.0,75334560.0,3959872981.9,3959872981.9,-159312851.01,614572811.37,3822958960.12,9930304734.81,6107345774.69,-205574524.47,2557.25,2538.86,1125.54,1440.5,3850.67,3424.81,0.0,129.29,,,,,Y,,轻工制造,家居用品,成品家居,7.07,7.09,7.07
sh603313,梦百合,2024-12-26,6.89,6.98,6.84,6.9,6.94,9480412.0,65468266.0,3937049506.5,3937049506.5,-159312851.01,614572811.37,3822958960.12,9930304734.81,6107345774.69,-205574524.47,2412.72,1985.68,891.33,2198.06,3039.85,2363.08,202.92,0.0,,,,,Y,,轻工制造,家居用品,成品家居,6.96,6.88,6.9
sh603313,梦百合,2024-12-27,6.91,7.19,6.87,7.16,6.9,9874193.0,69996840.0,4085402096.6,4085402096.6,-159312851.01,614572811.37,3822958960.12,9930304734.81,6107345774.69,-205574524.47,2509.29,2406.66,731.83,738.4,3758.57,3591.5,0.0,263.13,,,,,Y,,轻工制造,家居用品,成品家居,7.13,7.08,7.07
sh603313,梦百合,2024-12-30,7.14,7.16,6.97,7.0,7.16,6386248.0,44869149.0,3994108195.0,3994108195.0,-159312851.01,614572811.37,3822958960.12,9930304734.81,6107345774.69,-205574524.47,1748.76,1502.35,371.65,465.96,2366.51,2518.61,0.0,0.0,,,,,Y,,轻工制造,家居用品,成品家居,7.08,7.06,7.0
sh603313,梦百合,2024-12-31,7.0,7.05,6.7,6.75,7.0,8745684.0,60003697.0,3851461473.75,3851461473.75,-159312851.01,614572811.37,3822958960.12,9930304734.81,6107345774.69,-205574524.47,2131.63,2622.19,535.11,794.63,3197.96,2583.55,135.68,0.0,,,,,Y,,轻工制造,家居用品,成品家居,7.04,7.0,7.0
sh603313,梦百合,2025-01-02,6.75,7.12,6.75,6.93,6.75,10191878.0,70673487.0,3954167113.05,3954167113.05,-159312851.01,614572811.37,3822958960.12,9930304734.81,6107345774.69,-205574524.47,2420.61,2480.47,921.98,1248.55,3527.49,3338.33,197.27,0.0,,,,,Y,,轻工制造,家居用品,成品家居,6.79,6.86,6.9
sh603313,梦百合,2025-01-03,6.91,7.05,6.64,6.68,6.93,7965470.0,54371897.0,3811520391.8,3811520391.8,-159312851.01,614572811.37,3822958960.12,9930304734.81,6107345774.69,-205574524.47,1546.53,1410.32,919.58,445.28,2971.08,3581.6,0.0,0.0,,,,,Y,,轻工制造,家居用品,成品家居,6.87,6.83,6.75
sh603313,梦百合,2025-01-06,6.61,6.66,6.31,6.51,6.68,8666949.0,56203443.0,3714520621.35,3714520621.35,-159312851.01,614572811.37,3822958960.12,9930304734.81,6107345774.69,-205574524.47,1916.08,1526.1,677.29,1020.38,2824.35,3069.3,202.62,4.56,,,,,Y,,轻工制造,家居用品,成品家居,6.43,6.43,6.48
sh603313,梦百合,2025-01-07,6.5,6.65,6.46,6.57,6.51,6287219.0,41193100.0,3748755834.45,3748755834.45,-159312851.01,614572811.37,3822958960.12,9930304734.81,6107345774.69,-205574524.47,1533.46,1337.5,327.43,583.44,2258.41,2198.36,0.0,0.0,,,,,Y,,轻工制造,家居用品,成品家居,6.64,6.58,6.58
sh603313,梦百合,2025-01-08,6.57,6.66,6.41,6.55,6.57,7571760.0,49427607.0,3737344096.75,3737344096.75,-159312851.01,614572811.37,3822958960.12,9930304734.81,6107345774.69,-205574524.47,1571.01,1558.61,476.13,712.4,2818.05,2539.36,77.57,132.4,,,,,Y,,轻工制造,家居用品,成品家居,6.5,6.54,6.54
sh603313,XD梦百合,2025-01-09,6.5,6.58,6.41,6.55,6.5,4128630.0,26916441.0,3737344096.75,3737344096.75,-159312851.01,614572811.37,3822958960.12,9930304734.81,6107345774.69,-205574524.47,840.53,1040.12,329.96,69.55,1521.15,1581.98,0.0,0.0,,,,,Y,,轻工制造,家居用品,成品家居,6.46,6.47,6.46
sh603313,梦百合,2025-01-10,6.6,6.6,6.31,6.32,6.55,5200802.0,33551421.0,3606109113.2,3606109113.2,-159312851.01,614572811.37,3822958960.12,9930304734.81,6107345774.69,-205574524.47,1427.62,1080.83,275.69,112.59,1651.84,2161.72,0.0,0.0,,,,,Y,,轻工制造,家居用品,成品家居,6.54,6.54,6.5
sh603313,梦百合,2025-01-13,6.3,6.4,6.17,6.4,6.32,2946120.0,18663946.0,3651756064.0,3651756064.0,-159312851.01,614572811.37,3822958960.12,9930304734.81,6107345774.69,-205574524.47,721.69,579.9,127.09,126.3,1017.62,1160.19,0.0,0.0,,,,,Y,,轻工制造,家居用品,成品家居,6.28,6.28,6.29
sh603313,梦百合,2025-01-14,6.41,6.56,6.41,6.55,6.4,6319670.0,41038750.0,3737344096.75,3737344096.75,-159312851.01,614572811.37,3822958960.12,9930304734.81,6107345774.69,-205574524.47,1456.61,1188.2,524.34,435.18,2122.93,2249.0,0.0,231.5,,,,,Y,,轻工制造,家居用品,成品家居,6.45,6.49,6.45
sh603313,梦百合,2025-01-15,6.51,6.58,6.46,6.48,6.55,4612720.0,30012151.0,3697403014.8,3697403014.8,-159312851.01,614572811.37,3822958960.12,9930304734.81,6107345774.69,-205574524.47,1247.51,1027.5,187.97,289.89,1565.73,1683.83,0.0,0.0,,,,,Y,,轻工制造,家居用品,成品家居,6.51,6.53,6.55
sh603313,梦百合,2025-01-16,6.52,6.78,6.5,6.62,6.48,7647528.0,50751277.0,3777285178.7,3777285178.7,-159312851.01,614572811.37,3822958960.12,9930304734.81,6107345774.69,-205574524.47,1929.21,1878.26,771.3,727.06,2374.61,2469.81,0.0,0.0,,,,,Y,,轻工制造,家居用品,成品家居,6.63,6.67,6.66
sh603313,梦百合,2025-01-17,6.63,6.68,6.55,6.61,6.62,3525100.0,23338323.0,3771579309.85,3771579309.85,-159312851.01,614572811.37,3822958960.12,9930304734.81,6107345774.69,-205574524.47,838.15,864.39,172.93,147.99,1322.75,1321.46,0.0,0.0,,,,,Y,,轻工制造,家居用品,成品家居,6.6,6.61,6.61
sh603313,梦百合,2025-01-20,6.6,6.71,6.51,6.69,6.61,3938225.0,26240641.0,3817226260.65,3817226260.65,-159312851.01,614572811.37,3822958960.12,9930304734.81,6107345774.69,-205574524.47,888.09,950.43,233.58,432.3,1502.4,1241.33,0.0,0.0,,,,,Y,,轻工制造,家居用品,成品家居,6.59,6.65,6.68
sh603313,梦百合,2025-01-21,6.74,6.79,6.65,6.74,6.69,3858547.0,25970833.0,3845755604.9,3845755604.9,-159312851.01,614572811.37,3822958960.12,9930304734.81,6107345774.69,-205574524.47,837.65,979.02,401.56,205.6,1357.87,1412.46,0.0,0.0,,,,,Y,,轻工制造,家居用品,成品家居,6.69,6.71,6.69
sh603313,梦百合,2025-01-22,6.73,6.73,6.58,6.63,6.74,4337977.0,28741839.0,3782991047.55,3782991047.55,-159312851.01,614572811.37,3822958960.12,9930304734.81,6107345774.69,-205574524.47,615.09,717.09,465.26,315.25,1793.83,1841.85,0.0,0.0,,,,,Y,,轻工制造,家居用品,成品家居,6.61,6.6,6.63
sh603313,梦百合,2025-01-23,6.66,6.74,6.59,6.6,6.63,3703300.0,24687989.0,3765873441.0,3765873441.0,-159312851.01,614572811.37,3822958960.12,9930304734.81,6107345774.69,-205574524.47,910.86,966.81,405.36,100.23,1152.58,1401.77,0.0,0.0,,,,,Y,,轻工制造,家居用品,成品家居,6.66,6.69,6.71
sh603313,梦百合,2025-01-24,6.6,6.86,6.56,6.85,6.6,7489258.0,50436270.0,3908520162.250001,3908520162.250001,-159312851.01,614572811.37,3822958960.12,9930304734.81,6107345774.69,-205574524.47,2013.38,1686.13,408.82,469.47,2621.43,2802.31,0.0,85.72,,,,,Y,,轻工制造,家居用品,成品家居,6.59,6.61,6.57
sh603313,梦百合,2025-01-27,6.8,6.84,6.65,6.66,6.85,6379080.0,42797147.0,3800108654.1,3800108654.1,-159312851.01,614572811.37,3822958960.12,9930304734.81,6107345774.69,-205574524.47,1692.31,1255.2,352.68,578.52,2134.92,2445.99,99.81,0.0,,,,,Y,,轻工制造,家居用品,成品家居,6.72,6.76,6.71
sh603313,梦百合,2025-02-05,6.66,6.68,6.49,6.55,6.66,4409930.0,28914453.0,3737344096.75,3737344096.75,-159312851.01,614572811.37,3822958960.12,9930304734.81,6107345774.69,-205574524.47,1022.88,962.32,228.63,197.98,1636.67,1727.88,0.0,0.0,,,,,Y,,轻工制造,家居用品,成品家居,6.54,6.57,6.57
sh603313,梦百合,2025-02-06,6.57,6.71,6.55,6.7,6.55,5584338.0,37126710.0,3822932129.5,3822932129.5,-159312851.01,614572811.37,3822958960.12,9930304734.81,6107345774.69,-205574524.47,1329.77,1310.38,264.0,634.61,2118.91,1767.69,0.0,0.0,,,,,Y,,轻工制造,家居用品,成品家居,6.61,6.61,6.6
sh603313,梦百合,2025-02-07,6.69,6.75,6.6,6.7,6.7,7324612.0,49020941.0,3822932129.5,3822932129.5,-159312851.01,614572811.37,3822958960.12,9930304734.81,6107345774.69,-205574524.47,1878.71,1689.09,580.49,580.24,2382.05,2583.12,60.85,49.65,,,,,Y,,轻工制造,家居用品,成品家居,6.68,6.7,6.7
sh603313,梦百合,2025-02-10,6.69,6.73,6.6,6.71,6.7,6770771.0,45225122.0,3828637998.35,3828637998.35,-159312851.01,614572811.37,3822958960.12,9930304734.81,6107345774.69,-205574524.47,1607.45,1831.96,342.26,417.86,2572.79,2272.69,0.0,0.0,,,,,Y,,轻工制造,家居用品,成品家居,6.69,6.64,6.63
sh603313,梦百合,2025-02-11,6.73,6.78,6.6,6.63,6.71,6035733.0,40121663.0,3782991047.55,3782991047.55,-159312851.01,614572811.37,3822958960.12,9930304734.81,6107345774.69,-205574524.47,1307.85,1258.13,695.08,700.85,2009.24,1776.98,0.0,276.21,,,,,Y,,轻工制造,家居用品,成品家居,6.69,6.69,6.62
sh603313,梦百合,2025-02-12,6.62,6.65,6.51,6.63,6.63,6200570.0,40803738.0,3782991047.55,3782991047.55,-159312851.01,614572811.37,3822958960.12,9930304734.81,6107345774.69,-205574524.47,1476.27,1586.44,491.29,510.1,2112.82,1856.59,0.0,127.25,,,,,Y,,轻工制造,家居用品,成品家居,6.64,6.63,6.63
sh603313,梦百合,2025-02-13,6.63,6.76,6.59,6.63,6.63,7640600.0,50960742.0,3782991047.55,3782991047.55,-159312851.01,614572811.37,3822958960.12,9930304734.81,6107345774.69,-205574524.47,1630.38,1684.63,572.71,596.87,2521.69,2589.17,371.29,225.41,,,,,Y,,轻工制造,家居用品,成品家居,6.66,6.62,6.65
sh603313,梦百合,2025-02-14,6.65,6.66,6.53,6.6,6.63,6924027.0,45570623.0,3765873441.0,3765873441.0,-159312851.01,614572811.37,3822958960.12,9930304734.81,6107345774.69,-205574524.47,1770.83,1389.14,584.88,657.28,2108.92,2312.09,92.43,198.55,,,,,Y,,轻工制造,家居用品,成品家居,6.64,6.65,6.61
sh603313,梦百合,2025-02-17,6.6,6.68,6.55,6.67,6.6,6064517.0,40243669.0,3805814522.95,3805814522.95,-159312851.01,614572811.37,3822958960.12,9930304734.81,6107345774.69,-205574524.47,1305.95,1405.75,340.29,724.21,2378.12,1894.41,0.0,0.0,,,,,Y,,轻工制造,家居用品,成品家居,6.57,6.58,6.59
sh603313,梦百合,2025-02-18,6.63,6.7,6.44,6.45,6.67,7439679.0,48775306.0,3680285408.25,3680285408.25,-159312851.01,614572811.37,3822958960.12,9930304734.81,6107345774.69,-205574524.47,1688.09,1434.82,811.52,675.38,2377.93,2767.33,0.0,0.0,,,,,Y,,轻工制造,家居用品,成品家居,6.63,6.65,6.63
sh603313,梦百合,2025-02-19,6.44,6.56,6.37,6.45,6.45,6086254.0,39214106.0,3680285408.25,3680285408.25,-159312851.01,614572811.37,3822958960.12,9930304734.81,6107345774.69,-205574524.47,1490.6,1313.8,348.85,740.31,2081.96,1861.9,0.0,5.4,,,,,Y,,轻工制造,家居用品,成品家居,6.37,6.42,6.4
sh603313,梦百合,2025-02-20,6.46,6.75,6.36,6.72,6.45,13558072.0,89380271.0,3834343867.2,3834343867.2,-159312851.01,614572811.37,3822958960.12,9930304734.81,6107345774.69,-205574524.47,3608.63,3038.95,1171.73,1354.11,4157.66,4460.66,0.0,84.3,,,,,Y,,轻工制造,家居用品,成品家居,6.43,6.42,6.44
sh603313,梦百合,2025-02-21,6.67,6.74,6.56,6.59,6.72,8310179.0,54915261.0,3760167572.15,3760167572.15,-159312851.01,614572811.37,3822958960.12,9930304734.81,6107345774.69,-205574524.47,2078.82,1822.42,816.81,359.44,2595.9,3309.66,0.0,0.0,,,,,Y,,轻工制造,家居用品,成品家居,6.64,6.58,6.64
sh603313,梦百合,2025-02-24,6.56,6.7,6.52,6.6,6.59,6029398.0,39821330.0,3765873441.0,3765873441.0,-159312851.01,614572811.37,3822958960.12,9930304734.81,6107345774.69,-205574524.47,1306.18,1334.35,546.81,467.43,2129.14,2061.02,0.0,119.33,,,,,Y,,轻工制造,家居用品,成品家居,6.57,6.55,6.55
sh603313,梦百合,2025-02-25,6.56,6.58,6.43,6.45,6.6,6000170.0,38950718.0,3680285408.25,3680285408.25,-159312851.01,614572811.37,3822958960.12,9930304734.81,6107345774.69,-205574524.47,1414.06,1129.33,405.69,510.19,2075.32,2157.75,0.0,97.8,,,,,Y,,轻工制造,家居用品,成品家居,6.53,6.51,6.5
sh603313,梦百合,2025-02-26,6.45,6.56,6.42,6.45,6.45,8383637.0,54181956.0,3680285408.25,3680285408.25,-159312851.01,614572811.37,3822958960.12,9930304734.81,6107345774.69,-205574524.47,1700.25,2041.37,1137.65,1122.45,2240.59,1965.18,339.7,289.2,,,,,Y,,轻工制造,家居用品,成品家居,6.54,6.53,6.5
sh603313,梦百合,2025-02-27,6.44,6.53,6.38,6.52,6.45,6906999.0,44618282.0,3720226490.2,3720226490.2,-159312851.01,614572811.37,3822958960.12,9930304734.81,6107345774.69,-205574524.47,1747.7,1565.55,428.42,582.93,2285.71,2082.44,0.0,230.91,,,,,Y,,轻工制造,家居用品,成品家居,6.48,6.51,6.47
sh603313,梦百合,2025-02-28,6.48,6.52,6.28,6.28,6.52,8883216.0,56657745.0,3583285637.8,3583285637.8,-159312851.01,614572811.37,3822958960.12,9930304734.81,6107345774.69,-205574524.47,2249.83,2059.97,426.83,615.61,2989.11,2990.2,0.0,0.0,,,,,Y,,轻工制造,家居用品,成品家居,6.5,6.49,6.47
sh603313,梦百合,2025-03-03,6.31,6.36,6.22,6.3,6.28,4679070.0,29564817.0,3594697375.5,3594697375.5,-159312851.01,614572811.37,3822958960.12,9930304734.81,6107345774.69,-205574524.47,992.98,1208.77,150.7,235.24,1812.8,1512.48,0.0,0.0,,,,,Y,,轻工制造,家居用品,成品家居,6.26,6.34,6.35
sh603313,梦百合,2025-03-04,6.24,6.3,6.19,6.21,6.3,8193547.0,51047352.0,3543344555.85,3543344555.85,-159312851.01,614572811.37,3822958960.12,9930304734.81,6107345774.69,-205574524.47,2146.8,1485.15,655.24,293.57,2302.7,3326.01,0.0,0.0,,,,,Y,,轻工制造,家居用品,成品家居,6.26,6.27,6.27
sh603313,梦百合,2025-03-05,6.23,6.23,6.1,6.18,6.21,5373180.0,33046342.0,3526226949.3,3526226949.3,-159312851.01,614572811.37,3822958960.12,9930304734.81,6107345774.69,-205574524.47,1149.89,1292.89,145.72,370.22,2009.02,1641.52,0.0,0.0,,,,,Y,,轻工制造,家居用品,成品家居,6.13,6.15,6.14
sh603313,梦百合,2025-03-06,6.21,6.27,6.15,6.26,6.18,6710088.0,41716070.0,3571873900.1,3571873900.1,-159312851.01,614572811.37,3822958960.12,9930304734.81,6107345774.69,-205574524.47,1630.24,1401.42,695.75,592.17,1845.62,1734.68,0.0,443.33,,,,,Y,,轻工制造,家居用品,成品家居,6.17,6.17,6.2
sh603313,梦百合,2025-03-07,6.25,6.28,6.19,6.21,6.26,4278242.0,26654396.0,3543344555.85,3543344555.85,-159312851.01,614572811.37,3822958960.12,9930304734.81,6107345774.69,-205574524.47,902.8,978.99,206.91,297.06,1555.73,1298.89,0.0,90.5,,,,,Y,,轻工制造,家居用品,成品家居,6.24,6.23,6.22
sh603313,梦百合,2025-03-10,6.18,6.45,6.18,6.27,6.21,7414558.0,46696342.0,3577579768.9500003,3577579768.9500003,-159312851.01,614572811.37,3822958960.12,9930304734.81,6107345774.69,-205574524.47,1905.03,1644.53,683.27,471.69,2081.33,2553.41,0.0,0.0,,,,,Y,,轻工制造,家居用品,成品家居,6.38,6.34,6.32
sh603313,梦百合,2025-03-11,6.21,6.34,6.15,6.32,6.27,5272570.0,32904067.0,3606109113.2,3606109113.2,-159312851.01,614572811.37,3822958960.12,9930304734.81,6107345774.69,-205574524.47,1266.61,1480.49,331.18,205.28,1692.62,1604.64,0.0,0.0,,,,,Y,,轻工制造,家居用品,成品家居,6.18,6.22,6.21
sh603313,梦百合,2025-03-12,6.35,6.37,6.24,6.27,6.32,6753100.0,42354899.0,3577579768.9500003,3577579768.9500003,-159312851.01,614572811.37,3822958960.12,9930304734.81,6107345774.69,-205574524.47,1537.71,1186.83,581.15,508.57,1836.31,2249.44,280.32,290.65,,,,,Y,,轻工制造,家居用品,成品家居,6.31,6.26,6.27
sh603313,梦百合,2025-03-13,6.3,6.56,6.21,6.25,6.27,12232325.0,77704417.0,3566168031.25,3566168031.25,-159312851.01,614572811.37,3822958960.12,9930304734.81,6107345774.69,-205574524.47,3056.82,2885.73,953.5,822.31,3703.39,4014.37,56.73,48.03,,,,,Y,,轻工制造,家居用品,成品家居,6.36,6.44,6.4
sh603313,梦百合,2025-03-14,6.25,6.43,6.21,6.43,6.25,10782965.0,68505538.0,3668873670.55,3668873670.55,-159312851.01,614572811.37,3822958960.12,9930304734.81,6107345774.69,-205574524.47,2219.7,2481.6,784.27,1255.76,3846.58,3096.1,0.0,17.1,,,,,Y,,轻工制造,家居用品,成品家居,6.24,6.24,6.26
sh603313,梦百合,2025-03-17,6.49,6.51,6.41,6.48,6.43,6353002.0,41084036.0,3697403014.8,3697403014.8,-159312851.01,614572811.37,3822958960.12,9930304734.81,6107345774.69,-205574524.47,1405.69,1509.19,240.08,516.3,2462.64,2082.92,0.0,0.0,,,,,Y,,轻工制造,家居用品,成品家居,6.45,6.44,6.44
sh603313,梦百合,2025-03-18,6.52,6.52,6.41,6.49,6.48,5819753.0,37615926.0,3703108883.65,3703108883.65,-159312851.01,614572811.37,3822958960.12,9930304734.81,6107345774.69,-205574524.47,1247.69,1276.39,481.71,602.7,2032.19,1882.5,0.0,0.0,,,,,Y,,轻工制造,家居用品,成品家居,6.42,6.47,6.47
sh603313,梦百合,2025-03-19,6.46,6.62,6.42,6.52,6.49,6993746.0,45560304.0,3720226490.2,3720226490.2,-159312851.01,614572811.37,3822958960.12,9930304734.81,6107345774.69,-205574524.47,1746.59,1665.67,556.86,268.58,2252.58,2621.79,0.0,0.0,,,,,Y,,轻工制造,家居用品,成品家居,6.48,6.46,6.44
sh603313,梦百合,2025-03-20,6.48,6.52,6.4,6.42,6.52,4909560.0,31707070.0,3663167801.7,3663167801.7,-159312851.01,614572811.37,3822958960.12,9930304734.81,6107345774.69,-205574524.47,1160.8,1202.04,418.71,237.78,1591.19,1730.89,0.0,0.0,,,,,Y,,轻工制造,家居用品,成品家居,6.51,6.49,6.5
sh603313,梦百合,2025-03-21,6.44,6.45,6.33,6.36,6.42,4825196.0,30817484.0,3628932588.6,3628932588.6,-159312851.01,614572811.37,3822958960.12,9930304734.81,6107345774.69,-205574524.47,1172.8,847.16,385.14,409.17,1523.81,1723.82,0.0,101.59,,,,,Y,,轻工制造,家居用品,成品家居,6.41,6.42,6.41
sh603313,梦百合,2025-03-24,6.38,6.45,6.16,6.23,6.36,9182625.0,57559486.0,3554756293.55,3554756293.55,-159312851.01,614572811.37,3822958960.12,9930304734.81,6107345774.69,-205574524.47,2040.04,1536.69,817.8,707.79,2898.11,2789.72,0.0,721.75,,,,,Y,,轻工制造,家居用品,成品家居,6.39,6.39,6.4
sh603313,梦百合,2025-03-25,6.11,6.24,6.11,6.19,6.23,6520175.0,40260009.0,3531932818.15,3531932818.15,-159312851.01,614572811.37,3822958960.12,9930304734.81,6107345774.69,-205574524.47,1243.8,1278.85,512.8,378.17,2269.39,2213.87,0.0,155.11,,,,,Y,,轻工制造,家居用品,成品家居,6.17,6.16,6.17
