本数据策略分享会专用，由邢不行整理，微信：xbx6660
股票代码,股票名称,交易日期,开盘价,最高价,最低价,收盘价,前收盘价,成交量,成交额,流通市值,总市值,净利润TTM,现金流TTM,净资产,总资产,总负债,净利润(当季),中户资金买入额,中户资金卖出额,大户资金买入额,大户资金卖出额,散户资金买入额,散户资金卖出额,机构资金买入额,机构资金卖出额,沪深300成分股,上证50成分股,中证500成分股,中证1000成分股,中证2000成分股,创业板指成分股,新版申万一级行业名称,新版申万二级行业名称,新版申万三级行业名称,09:35收盘价,09:45收盘价,09:55收盘价
sh688301,N奕瑞,2020-09-18,170.2,186.48,160.0,160.1,119.6,11553577.0,1990879294.0,2497746836.7,11614906942.6,,,536618580.0899999,829071129.56,292452549.47,77423616.74,50387.65,88548.3,76532.21,62745.84,15847.34,44109.13,56320.13,3684.07,,,,,,,医药生物,医疗器械Ⅱ,医疗器械Ⅲ,172.0,174.11,174.02
sh688301,奕瑞科技,2020-09-21,163.51,172.0,162.8,169.5,160.1,5814525.0,972626103.0,2644397806.4999995,12296856507.000002,,,536618580.0899999,829071129.56,292452549.47,77423616.74,27489.13,35583.76,40899.78,34448.48,7164.4,12541.21,21709.06,14688.91,,,,,,,医药生物,医疗器械Ⅱ,医疗器械Ⅲ,163.6,169.0,164.8
sh688301,奕瑞科技,2020-09-22,173.56,176.0,166.02,168.3,169.5,3609716.0,617764700.0,2625676406.1,12209799115.8,,,536618580.0899999,829071129.56,292452549.47,77423616.74,19028.54,22712.92,21897.0,23415.69,5664.98,6145.31,15185.8,9502.41,,,,,,,医药生物,医疗器械Ⅱ,医疗器械Ⅲ,171.37,174.0,172.99
sh688301,奕瑞科技,2020-09-23,168.0,175.97,168.0,170.88,168.3,3124156.0,538169846.0,2665927416.96,12396972506.88,,,536618580.0899999,829071129.56,292452549.47,77423616.74,16439.14,16673.76,20867.61,20983.25,5722.36,5171.09,10787.75,10988.77,,,,,,,医药生物,医疗器械Ⅱ,医疗器械Ⅲ,172.1,173.77,173.37
sh688301,奕瑞科技,2020-09-24,167.21,168.77,160.0,160.0,170.88,2714088.0,442569808.0,2496186720.0,11607652160.0,,,536618580.0899999,829071129.56,292452549.47,77423616.74,17889.17,14221.86,15410.79,18463.99,7238.85,3450.36,3718.05,8120.65,,,,,,,医药生物,医疗器械Ⅱ,医疗器械Ⅲ,165.88,163.85,164.77
sh688301,奕瑞科技,2020-09-25,158.8,162.68,157.83,158.0,160.0,1594777.0,255261526.0,2464984386.0,11462556508.0,,,536618580.0899999,829071129.56,292452549.47,77423616.74,10792.44,7664.59,9239.69,11039.94,2875.93,3163.2,2618.01,3658.34,,,,,,,医药生物,医疗器械Ⅱ,医疗器械Ⅲ,161.15,160.04,162.5
sh688301,奕瑞科技,2020-09-28,159.8,159.83,146.6,147.66,158.0,1995975.0,300007645.0,2303668319.2200003,10712411987.16,,,536618580.0899999,829071129.56,292452549.47,77423616.74,10545.32,10303.26,10174.47,12462.04,5410.05,3121.88,3870.84,4113.51,,,,,,,医药生物,医疗器械Ⅱ,医疗器械Ⅲ,155.79,151.52,148.88
sh688301,奕瑞科技,2020-09-29,149.5,151.0,146.2,148.0,147.66,724457.0,107587060.0,2308972716.0,10737078248.0,,,536618580.0899999,829071129.56,292452549.47,77423616.74,4361.44,4439.12,3879.06,4268.59,2071.75,1205.29,446.41,845.66,,,,,,,医药生物,医疗器械Ⅱ,医疗器械Ⅲ,148.82,148.3,148.88
sh688301,奕瑞科技,2020-09-30,148.5,150.99,144.02,147.31,148.0,1610218.0,235971395.0,2298207910.77,10687020248.06,,,536618580.0899999,829071129.56,292452549.47,77423616.74,7913.31,8800.83,7766.52,9563.9,4049.56,3238.79,3860.87,1986.73,,,,,,,医药生物,医疗器械Ⅱ,医疗器械Ⅲ,146.6,145.51,144.53
sh688301,奕瑞科技,2020-10-09,150.0,152.0,147.8,150.61,147.31,875737.0,130971570.0,2349691761.87,10926428073.86,,,536618580.0899999,829071129.56,292452549.47,77423616.74,5922.19,5429.32,3887.72,3043.33,2183.26,3416.71,1103.93,1207.74,,,,,,,医药生物,医疗器械Ⅱ,医疗器械Ⅲ,148.88,148.32,148.73
sh688301,奕瑞科技,2020-10-12,155.0,155.39,150.01,151.87,150.61,1905523.0,289701967.0,2369349232.29,11017838334.62,,,536618580.0899999,829071129.56,292452549.47,77423616.74,10452.79,9344.13,10659.38,11385.86,4057.74,3807.82,2969.78,3601.88,,,,,,,医药生物,医疗器械Ⅱ,医疗器械Ⅲ,150.88,152.57,153.8
sh688301,奕瑞科技,2020-10-13,151.88,155.87,151.12,153.32,151.87,1282008.0,197479391.0,2391970924.44,11123032682.32,,,536618580.0899999,829071129.56,292452549.47,77423616.74,8161.59,7157.67,6474.56,7531.56,2327.22,3025.65,2784.5,2032.99,,,,,,,医药生物,医疗器械Ⅱ,医疗器械Ⅲ,152.78,154.05,154.66
sh688301,奕瑞科技,2020-10-14,151.65,161.6,151.65,159.4,153.32,1851007.0,290473272.0,2486826019.8,11564123464.4,,,536618580.0899999,829071129.56,292452549.47,77423616.74,10455.44,11423.69,10897.25,8856.37,4262.16,4543.49,3026.43,3817.73,,,,,,,医药生物,医疗器械Ⅱ,医疗器械Ⅲ,155.6,154.83,153.25
sh688301,奕瑞科技,2020-10-15,157.77,160.0,155.0,156.9,159.4,1030530.0,161315443.0,2447823102.3,11382753899.4,,,536618580.0899999,829071129.56,292452549.47,77423616.74,5661.9,6146.68,5743.58,4429.77,2576.61,2313.6,2149.39,3241.44,,,,,,,医药生物,医疗器械Ⅱ,医疗器械Ⅲ,158.23,156.05,155.91
sh688301,奕瑞科技,2020-10-16,155.4,162.0,155.4,160.02,156.9,1039111.0,165289909.0,2496498743.34,11609103116.52,,,536618580.0899999,829071129.56,292452549.47,77423616.74,6001.69,6179.53,6702.64,5254.58,1745.95,3447.07,2078.66,1647.75,,,,,,,医药生物,医疗器械Ⅱ,医疗器械Ⅲ,155.5,158.0,158.99
sh688301,奕瑞科技,2020-10-19,160.02,164.31,153.26,154.0,160.02,1249330.0,197667223.0,2402579718.0,11172365204.0,,,536618580.0899999,829071129.56,292452549.47,77423616.74,7574.52,7127.76,7019.16,7597.45,3940.34,3298.72,1232.65,1742.72,,,,,,,医药生物,医疗器械Ⅱ,医疗器械Ⅲ,160.41,163.0,163.45
sh688301,奕瑞科技,2020-10-20,154.0,157.53,150.51,156.09,154.0,659618.0,101850810.0,2435186157.03,11323990160.34,,,536618580.0899999,829071129.56,292452549.47,77423616.74,4112.14,3368.55,2959.08,3844.23,2317.01,2094.39,796.81,877.87,,,,,,,医药生物,医疗器械Ⅱ,医疗器械Ⅲ,152.72,154.54,153.75
sh688301,奕瑞科技,2020-10-21,156.47,164.5,156.47,160.55,156.09,1582203.0,256386982.0,2504767361.85,11647553464.3,,,536618580.0899999,829071129.56,292452549.47,77423616.74,10540.89,12217.31,8586.45,7666.18,4686.42,4829.41,1824.83,925.69,,,,,,,医药生物,医疗器械Ⅱ,医疗器械Ⅲ,160.3,161.3,163.85
sh688301,奕瑞科技,2020-10-22,159.97,164.6,159.97,160.36,160.55,1250303.0,203460441.0,2501803140.12,11633769377.36,,,536618580.0899999,829071129.56,292452549.47,77423616.74,5579.86,7378.91,4525.43,6324.4,7161.11,4393.68,2199.51,1368.92,,,,,,,医药生物,医疗器械Ⅱ,医疗器械Ⅲ,160.61,162.51,163.18
sh688301,奕瑞科技,2020-10-23,162.98,168.0,160.0,162.7,160.36,1539917.0,252671807.0,2538309870.9,11803531290.2,,,536618580.0899999,829071129.56,292452549.47,77423616.74,8269.6,7989.32,7157.42,6652.37,3706.23,3323.5,1291.08,2459.14,,,,,,,医药生物,医疗器械Ⅱ,医疗器械Ⅲ,160.25,160.36,161.38
sh688301,奕瑞科技,2020-10-26,162.01,166.0,160.52,162.62,162.7,741299.0,120584333.0,2537061777.54,11797727464.12,,,536618580.0899999,829071129.56,292452549.47,77423616.74,5016.53,4708.37,3638.54,4098.43,2367.77,2109.33,461.94,568.66,,,,,,,医药生物,医疗器械Ⅱ,医疗器械Ⅲ,163.88,162.7,161.61
sh688301,奕瑞科技,2020-10-27,162.5,168.2,160.3,164.95,162.62,936367.0,155023723.0,2573412496.65,11966763898.7,,,536618580.0899999,829071129.56,292452549.47,77423616.74,4954.3,5714.81,4055.79,4719.59,2769.12,3267.04,3407.71,1485.49,,,,,,,医药生物,医疗器械Ⅱ,医疗器械Ⅲ,161.16,163.79,166.0
sh688301,奕瑞科技,2020-10-28,166.8,176.0,164.0,166.01,164.95,1991298.0,339869405.0,2589949733.67,12043664594.26,,,2565959504.66,2781948014.48,215988509.82,46202610.250000015,7614.13,8608.73,7953.16,8274.38,4238.63,3600.61,4844.13,4166.33,,,,,,,医药生物,医疗器械Ⅱ,医疗器械Ⅲ,173.59,175.0,173.99
sh688301,奕瑞科技,2020-10-29,166.02,176.4,164.5,175.47,166.01,1759531.0,303024453.0,2737536773.49,12729967028.22,,,2565959504.66,2781948014.48,215988509.82,46202610.250000015,8511.29,9188.47,8148.83,8478.68,6371.34,4438.5,4380.08,5305.89,,,,,,,医药生物,医疗器械Ⅱ,医疗器械Ⅲ,167.8,166.7,166.01
sh688301,奕瑞科技,2020-10-30,175.0,178.5,172.0,175.01,175.47,1049861.0,183754617.0,2730360236.67,12696595028.26,,,2565959504.66,2781948014.48,215988509.82,46202610.250000015,6853.58,8355.06,5751.79,5101.1,3677.26,3766.2,2092.76,1153.03,,,,,,,医药生物,医疗器械Ⅱ,医疗器械Ⅲ,175.57,174.16,174.78
sh688301,奕瑞科技,2020-11-02,176.16,181.5,171.58,175.9,175.01,1212558.0,212638031.0,2744245275.3,12761162593.400002,,,2565959504.66,2781948014.48,215988509.82,46202610.250000015,7104.43,7170.53,5748.35,7099.62,4582.1,4879.16,3828.85,2114.42,,,,,,,医药生物,医疗器械Ⅱ,医疗器械Ⅲ,176.6,176.9,179.25
sh688301,奕瑞科技,2020-11-03,176.9,188.66,174.94,186.9,175.9,1409490.0,257369941.0,2915858112.3,13559188679.4,,,2565959504.66,2781948014.48,215988509.82,46202610.250000015,9387.24,9651.14,9871.92,7087.13,4513.76,5289.17,1963.98,3709.47,,,,,,,医药生物,医疗器械Ⅱ,医疗器械Ⅲ,175.42,175.79,177.3
sh688301,奕瑞科技,2020-11-04,185.33,187.58,183.75,186.5,186.9,609561.0,113040673.0,2909617645.5,13530169549.0,,,2565959504.66,2781948014.48,215988509.82,46202610.250000015,4007.04,4511.04,3234.83,2516.54,2072.09,2083.86,287.14,489.66,,,,,,,医药生物,医疗器械Ⅱ,医疗器械Ⅲ,185.33,184.3,185.13
sh688301,奕瑞科技,2020-11-05,191.0,192.0,182.1,184.16,186.5,934505.0,173054399.0,2873110914.72,13360407636.16,,,2565959504.66,2781948014.48,215988509.82,46202610.250000015,7054.17,6974.5,4478.78,5699.4,4038.03,3398.02,1734.38,1233.45,,,,,,,医药生物,医疗器械Ⅱ,医疗器械Ⅲ,188.53,190.8,186.61
sh688301,奕瑞科技,2020-11-06,184.0,199.78,182.0,198.88,184.16,1518575.0,291697787.0,3102760092.96,14428311634.88,,,2565959504.66,2781948014.48,215988509.82,46202610.250000015,10063.06,11747.64,6728.52,9053.33,8001.95,5247.76,4376.13,3120.95,,,,,,,医药生物,医疗器械Ⅱ,医疗器械Ⅲ,184.2,186.1,184.74
sh688301,奕瑞科技,2020-11-09,197.0,204.32,195.88,199.55,198.88,938601.0,187892124.0,3113212874.85,14476918678.3,,,2565959504.66,2781948014.48,215988509.82,46202610.250000015,9058.9,7937.65,4841.0,6491.71,2870.02,1609.86,2019.23,2749.93,,,,,,,医药生物,医疗器械Ⅱ,医疗器械Ⅲ,199.91,202.0,198.05
sh688301,奕瑞科技,2020-11-10,199.01,218.24,193.96,217.21,199.55,1262930.0,261339341.0,3388729484.07,15758113285.46,,,2565959504.66,2781948014.48,215988509.82,46202610.250000015,10937.69,11362.03,9159.4,8876.79,1670.43,1472.57,4366.33,4422.46,,,,,,,医药生物,医疗器械Ⅱ,医疗器械Ⅲ,197.36,196.0,196.8
sh688301,奕瑞科技,2020-11-11,213.05,219.57,204.19,208.32,217.21,968587.0,205343279.0,3250035109.44,15113163112.32,,,2565959504.66,2781948014.48,215988509.82,46202610.250000015,10378.74,10734.81,5779.47,6880.54,166.02,285.72,4210.04,2633.19,,,,,,,医药生物,医疗器械Ⅱ,医疗器械Ⅲ,214.1,216.51,212.0
sh688301,奕瑞科技,2020-11-12,207.11,223.85,207.04,213.68,208.32,965329.0,208200216.0,3333657364.56,15502019459.68,,,2565959504.66,2781948014.48,215988509.82,46202610.250000015,11742.61,12471.43,4732.39,6676.59,226.05,313.44,4118.9,1358.49,,,,,,,医药生物,医疗器械Ⅱ,医疗器械Ⅲ,211.1,214.4,214.3
sh688301,奕瑞科技,2020-11-13,215.7,217.46,203.02,210.6,213.68,762231.0,159038100.0,3285605770.2000003,15278572155.599997,,,2565959504.66,2781948014.48,215988509.82,46202610.250000015,10141.22,8706.92,3500.6,3685.73,195.22,149.47,2066.71,3361.64,,,,,,,医药生物,医疗器械Ⅱ,医疗器械Ⅲ,212.11,204.78,209.0
sh688301,奕瑞科技,2020-11-16,208.78,215.8,206.0,214.9,210.6,669979.0,141053829.0,3352690788.3,15590527807.400003,,,2565959504.66,2781948014.48,215988509.82,46202610.250000015,9679.77,8939.41,3572.49,3610.08,163.36,207.97,689.69,1347.86,,,,,,,医药生物,医疗器械Ⅱ,医疗器械Ⅲ,208.88,207.1,206.6
sh688301,奕瑞科技,2020-11-17,214.9,217.0,195.03,201.98,214.9,1048103.0,211422762.0,3151123710.6600003,14653209895.48,,,2565959504.66,2781948014.48,215988509.82,46202610.250000015,11361.77,9343.71,5530.69,8307.66,2284.56,936.54,1965.19,2554.31,,,,,,,医药生物,医疗器械Ⅱ,医疗器械Ⅲ,213.48,212.79,204.0
sh688301,奕瑞科技,2020-11-18,198.5,213.87,198.5,204.83,201.98,701725.0,145556627.0,3195587036.61,14859971199.58,,,2565959504.66,2781948014.48,215988509.82,46202610.250000015,8544.74,9233.36,4727.71,4302.52,251.09,210.75,1032.07,808.98,,,,,,,医药生物,医疗器械Ⅱ,医疗器械Ⅲ,203.88,206.5,209.2
sh688301,奕瑞科技,2020-11-19,208.76,211.7,199.03,202.19,204.83,608768.0,124633494.0,3154399955.73,14668444938.94,,,2565959504.66,2781948014.48,215988509.82,46202610.250000015,8303.86,8088.55,2634.2,3674.61,304.73,172.92,1220.51,527.21,,,,,,,医药生物,医疗器械Ⅱ,医疗器械Ⅲ,202.57,206.8,208.0
sh688301,奕瑞科技,2020-11-20,202.79,211.2,202.02,203.93,202.19,720031.0,148031622.0,3181545986.31,14794678156.18,,,2565959504.66,2781948014.48,215988509.82,46202610.250000015,8143.46,8471.33,3983.06,5325.84,175.78,160.08,2500.8,845.87,,,,,,,医药生物,医疗器械Ⅱ,医疗器械Ⅲ,203.01,206.0,207.98
sh688301,奕瑞科技,2020-11-23,204.6,205.99,198.1,205.37,203.93,532365.0,107916566.0,3204011666.79,14899147025.62,,,2565959504.66,2781948014.48,215988509.82,46202610.250000015,6416.4,5250.24,2367.89,3936.69,427.69,360.28,1579.65,1244.41,,,,,,,医药生物,医疗器械Ⅱ,医疗器械Ⅲ,203.58,203.07,202.0
sh688301,奕瑞科技,2020-11-24,205.59,210.99,201.01,203.99,205.37,578751.0,119514566.0,3182482056.33,14799031025.74,,,2565959504.66,2781948014.48,215988509.82,46202610.250000015,5832.62,6389.74,2381.79,1787.31,91.38,211.28,1039.12,956.58,,,,,,,医药生物,医疗器械Ⅱ,医疗器械Ⅲ,204.11,203.9,203.88
sh688301,奕瑞科技,2020-11-25,202.29,203.99,189.0,192.14,203.99,871568.0,169791325.0,2997608227.38,13939339287.64,,,2565959504.66,2781948014.48,215988509.82,46202610.250000015,6923.33,7350.52,3757.21,4959.1,5671.63,3336.06,626.89,1333.39,,,,,,,医药生物,医疗器械Ⅱ,医疗器械Ⅲ,199.97,198.06,198.69
sh688301,奕瑞科技,2020-11-26,192.17,195.73,187.37,194.66,192.14,485811.0,93583756.0,3036923168.2200003,14122159809.16,,,2565959504.66,2781948014.48,215988509.82,46202610.250000015,3426.04,3706.16,1805.84,2300.78,3327.22,2551.17,799.24,800.23,,,,,,,医药生物,医疗器械Ⅱ,医疗器械Ⅲ,191.64,191.53,193.78
sh688301,奕瑞科技,2020-11-27,194.74,197.48,188.18,195.91,194.66,370054.0,71527706.0,3056424626.9700003,14212844591.66,,,2565959504.66,2781948014.48,215988509.82,46202610.250000015,2950.28,2771.21,762.43,1391.46,2953.52,2990.07,486.5,0.0,,,,,,,医药生物,医疗器械Ⅱ,医疗器械Ⅲ,193.1,192.62,193.09
sh688301,奕瑞科技,2020-11-30,193.92,196.87,189.0,189.0,195.91,363536.0,69603246.0,2948620563.0,13711539114.000002,,,2565959504.66,2781948014.48,215988509.82,46202610.250000015,2698.14,2430.35,1376.13,1699.0,2580.83,2049.53,305.2,781.42,,,,,,,医药生物,医疗器械Ⅱ,医疗器械Ⅲ,193.76,194.35,194.18
sh688301,奕瑞科技,2020-12-01,189.18,194.0,188.04,192.88,189.0,260124.0,50030606.0,3009153090.96,13993024678.88,,,2565959504.66,2781948014.48,215988509.82,46202610.250000015,1910.48,1766.16,1132.6,1214.16,1729.18,1626.7,230.78,396.02,,,,,,,医药生物,医疗器械Ⅱ,医疗器械Ⅲ,189.02,189.59,190.77
sh688301,奕瑞科技,2020-12-02,194.58,204.98,190.15,203.52,192.88,543325.0,108649504.0,3175149507.84,14764933547.52,,,2565959504.66,2781948014.48,215988509.82,46202610.250000015,6165.99,6437.24,2957.81,2262.37,1324.71,1820.79,416.39,344.49,,,,,,,医药生物,医疗器械Ⅱ,医疗器械Ⅲ,193.37,192.35,192.4
sh688301,奕瑞科技,2020-12-03,202.0,208.0,199.16,204.34,203.52,267594.0,54322166.0,3187942464.78,14824422764.84,,,2565959504.66,2781948014.48,215988509.82,46202610.250000015,3675.5,4218.69,1289.69,1020.02,117.75,193.48,349.25,0.0,,,,,,,医药生物,医疗器械Ⅱ,医疗器械Ⅲ,205.79,201.61,200.59
sh688301,奕瑞科技,2020-12-04,203.5,203.5,196.25,200.5,204.34,267451.0,53603922.0,3128033983.4999995,14545839113.0,,,2565959504.66,2781948014.48,215988509.82,46202610.250000015,3199.24,3334.63,1193.8,1211.03,837.74,714.06,129.57,100.63,,,,,,,医药生物,医疗器械Ⅱ,医疗器械Ⅲ,201.0,200.93,201.49
sh688301,奕瑞科技,2020-12-07,198.81,208.5,197.03,207.28,200.5,342800.0,69663529.0,3233809895.76,15037713373.28,,,2565959504.66,2781948014.48,215988509.82,46202610.250000015,4186.47,4729.35,1987.1,1693.42,457.05,543.55,335.7,0.0,,,,,,,医药生物,医疗器械Ⅱ,医疗器械Ⅲ,199.98,197.5,202.96
sh688301,奕瑞科技,2020-12-08,204.88,211.0,204.85,207.21,207.28,301299.0,62869953.0,3232717814.07,15032635025.46,,,2565959504.66,2781948014.48,215988509.82,46202610.250000015,3603.4,3520.65,1164.97,1243.42,75.37,184.05,104.37,0.0,,,,,,,医药生物,医疗器械Ⅱ,医疗器械Ⅲ,206.0,208.39,210.5
sh688301,奕瑞科技,2020-12-09,207.51,212.57,202.51,205.46,207.21,393479.0,81689587.0,3205415771.82,14905676329.96,,,2565959504.66,2781948014.48,215988509.82,46202610.250000015,5068.92,5448.46,1851.31,2120.09,120.73,168.26,1128.0,432.14,,,,,,,医药生物,医疗器械Ⅱ,医疗器械Ⅲ,207.88,208.66,209.98
sh688301,奕瑞科技,2020-12-10,204.38,209.7,200.4,206.79,205.46,237740.0,48718626.0,3226165323.93,15002164938.54,,,2565959504.66,2781948014.48,215988509.82,46202610.250000015,3319.97,3305.14,1226.16,1090.26,65.79,113.26,0.0,103.26,,,,,,,医药生物,医疗器械Ⅱ,医疗器械Ⅲ,203.32,200.6,201.04
sh688301,奕瑞科技,2020-12-11,205.57,207.58,195.2,197.5,206.79,341718.0,68192683.0,3081230482.5,14328195635.0,,,2565959504.66,2781948014.48,215988509.82,46202610.250000015,3373.86,3094.12,2084.18,2097.14,1225.6,1090.01,135.63,538.0,,,,,,,医药生物,医疗器械Ⅱ,医疗器械Ⅲ,205.57,203.31,202.12
sh688301,奕瑞科技,2020-12-14,197.5,203.3,194.18,200.64,197.5,371954.0,74139569.0,3130218146.88,14555995808.64,,,2565959504.66,2781948014.48,215988509.82,46202610.250000015,3223.13,3580.73,1874.06,1323.31,1281.03,1184.81,691.31,980.69,,,,,,,医药生物,医疗器械Ⅱ,医疗器械Ⅲ,196.27,194.77,197.99
sh688301,奕瑞科技,2020-12-15,201.3,214.86,200.84,208.0,200.64,668237.0,139467813.0,3245042736.0,15089947808.0,,,2565959504.66,2781948014.48,215988509.82,46202610.250000015,8911.33,8329.82,2769.6,3900.86,159.33,264.43,1580.13,925.29,,,,,,,医药生物,医疗器械Ⅱ,医疗器械Ⅲ,203.25,204.34,202.01
sh688301,奕瑞科技,2020-12-16,209.05,210.85,195.5,196.09,208.0,497636.0,100166072.0,3059232837.03,14225903200.34,,,2565959504.66,2781948014.48,215988509.82,46202610.250000015,6317.24,4887.71,2143.03,3139.22,1451.52,1387.92,104.82,601.76,,,,,,,医药生物,医疗器械Ⅱ,医疗器械Ⅲ,207.0,207.5,204.55
sh688301,奕瑞科技,2020-12-17,196.42,198.85,192.0,194.32,196.09,358524.0,69774651.0,3031618771.44,14097493548.320004,,,2565959504.66,2781948014.48,215988509.82,46202610.250000015,3538.86,2743.53,1260.38,1888.16,2000.26,2151.75,177.97,194.02,,,,,,,医药生物,医疗器械Ⅱ,医疗器械Ⅲ,193.0,194.43,193.9
sh688301,奕瑞科技,2020-12-18,193.0,195.05,185.41,191.29,194.32,522137.0,98984598.0,2984347235.43,13877673635.54,,,2565959504.66,2781948014.48,215988509.82,46202610.250000015,4058.32,3322.74,2319.75,2387.36,3326.6,2372.78,190.0,1811.8,,,,,,,医药生物,医疗器械Ⅱ,医疗器械Ⅲ,193.35,192.33,191.0
sh688301,奕瑞科技,2020-12-21,191.0,196.1,184.11,191.0,191.29,527096.0,100726567.0,2979822897.0,13856634766.0,,,2565959504.66,2781948014.48,215988509.82,46202610.250000015,2996.31,3103.68,3058.03,2174.8,2779.4,2775.18,1238.92,2018.99,,,,,,,医药生物,医疗器械Ⅱ,医疗器械Ⅲ,189.46,191.71,185.66
sh688301,奕瑞科技,2020-12-22,190.0,199.37,189.0,192.22,191.0,629069.0,122542494.0,2998856320.74,13945143113.72,,,2565959504.66,2781948014.48,215988509.82,46202610.250000015,5153.66,4895.63,2596.24,2508.28,3875.17,4153.6,629.18,696.75,,,,,,,医药生物,医疗器械Ⅱ,医疗器械Ⅲ,192.0,190.39,190.34
sh688301,奕瑞科技,2020-12-23,191.0,196.88,184.8,186.26,192.22,585966.0,111111775.0,2905873365.42,13512758070.759998,,,2565959504.66,2781948014.48,215988509.82,46202610.250000015,4332.97,3141.71,2440.58,2704.02,3727.31,3718.89,610.32,1546.56,,,,,,,医药生物,医疗器械Ⅱ,医疗器械Ⅲ,191.27,191.92,192.7
sh688301,奕瑞科技,2020-12-24,186.8,189.73,170.81,173.45,186.26,1285651.0,228451997.0,2706022416.15,12583420419.7,,,2565959504.66,2781948014.48,215988509.82,46202610.250000015,9324.12,7687.37,3542.27,6408.04,8436.75,7011.33,1542.06,1738.45,,,,,,,医药生物,医疗器械Ⅱ,医疗器械Ⅲ,186.17,182.0,178.4
sh688301,奕瑞科技,2020-12-25,173.88,176.21,166.0,174.41,173.45,612682.0,105209536.0,2720999536.4700003,12653066332.66,,,2565959504.66,2781948014.48,215988509.82,46202610.250000015,4171.16,4466.98,2001.67,1936.89,3692.87,3541.66,655.26,575.43,,,,,,,医药生物,医疗器械Ⅱ,医疗器械Ⅲ,170.0,167.9,168.23
sh688301,奕瑞科技,2020-12-28,171.5,178.9,169.5,171.5,174.41,668499.0,116143260.0,2675600140.5,12441952159.0,,,2565959504.66,2781948014.48,215988509.82,46202610.250000015,4750.18,4658.82,2912.31,1572.24,3582.48,5091.67,369.36,291.59,,,,,,,医药生物,医疗器械Ⅱ,医疗器械Ⅲ,173.59,171.7,171.8
sh688301,奕瑞科技,2020-12-29,171.49,176.5,166.51,175.01,171.5,570871.0,98625956.0,2730360236.67,12696595028.26,,,2565959504.66,2781948014.48,215988509.82,46202610.250000015,3098.78,3638.72,2815.64,1335.65,2809.19,4537.76,1138.99,350.46,,,,,,,医药生物,医疗器械Ⅱ,医疗器械Ⅲ,169.8,170.97,167.66
sh688301,奕瑞科技,2020-12-30,172.88,177.13,172.8,173.78,175.01,315452.0,54992393.0,2711170801.26,12607361202.28,,,2565959504.66,2781948014.48,215988509.82,46202610.250000015,3039.43,1927.51,846.36,818.11,1613.45,2753.62,0.0,0.0,,,,,,,医药生物,医疗器械Ⅱ,医疗器械Ⅲ,175.08,172.8,175.35
sh688301,奕瑞科技,2020-12-31,172.88,175.19,169.2,171.69,173.78,434191.0,74631488.0,2678564362.23,12455736245.94,,,2565959504.66,2781948014.48,215988509.82,46202610.250000015,3305.76,2607.35,1242.06,1525.2,2354.11,2885.3,561.22,445.3,,,,,,,医药生物,医疗器械Ⅱ,医疗器械Ⅲ,173.22,173.49,172.46
sh688301,奕瑞科技,2021-01-04,170.05,173.2,168.32,170.8,171.69,1048969.0,178863997.0,2664679323.6,12391168680.8,,,2565959504.66,2781948014.48,215988509.82,46202610.250000015,6205.26,5319.52,4661.37,4400.79,4603.01,6617.95,2078.32,1209.69,,,,,,,医药生物,医疗器械Ⅱ,医疗器械Ⅲ,170.51,171.6,169.19
sh688301,奕瑞科技,2021-01-05,170.0,170.97,161.0,169.15,170.8,1049198.0,174867197.0,2638937398.05,12271464767.9,,,2565959504.66,2781948014.48,215988509.82,46202610.250000015,6351.51,6874.93,4034.99,3741.37,4851.49,5342.15,1348.82,628.35,,,,,,,医药生物,医疗器械Ⅱ,医疗器械Ⅲ,167.76,168.6,166.77
sh688301,奕瑞科技,2021-01-06,169.46,176.48,166.75,170.45,169.15,819299.0,140077935.0,2659218915.15,12365776941.7,,,2565959504.66,2781948014.48,215988509.82,46202610.250000015,5844.45,6164.45,3327.07,2392.5,4440.88,4763.27,395.39,687.57,,,,,,,医药生物,医疗器械Ⅱ,医疗器械Ⅲ,170.55,174.48,172.49
sh688301,奕瑞科技,2021-01-07,172.0,172.0,154.4,155.63,170.45,1538056.0,246939062.0,2428009620.21,11290618160.38,,,2565959504.66,2781948014.48,215988509.82,46202610.250000015,10484.42,7660.37,3789.45,5438.8,9438.12,7786.29,981.92,3808.45,,,,,,,医药生物,医疗器械Ⅱ,医疗器械Ⅲ,168.02,168.28,165.35
sh688301,奕瑞科技,2021-01-08,157.22,157.23,151.1,153.95,155.63,466090.0,71845626.0,2401799659.65,11168737812.7,,,2565959504.66,2781948014.48,215988509.82,46202610.250000015,3084.5,2546.88,1076.02,1083.11,3024.04,3554.58,0.0,0.0,,,,,,,医药生物,医疗器械Ⅱ,医疗器械Ⅲ,155.45,153.8,153.64
sh688301,奕瑞科技,2021-01-11,154.94,161.88,153.0,159.05,153.95,659977.0,105338071.0,2481365611.35,11538731725.3,,,2565959504.66,2781948014.48,215988509.82,46202610.250000015,3972.84,3671.65,2774.32,2723.85,3522.16,3665.45,264.48,472.87,,,,,,,医药生物,医疗器械Ⅱ,医疗器械Ⅲ,155.7,158.51,160.56
sh688301,奕瑞科技,2021-01-12,159.05,160.74,155.6,155.61,159.05,546607.0,85909716.0,2427697596.8700004,11289167203.86,,,2565959504.66,2781948014.48,215988509.82,46202610.250000015,3749.05,2441.76,1653.01,1048.78,3055.2,4598.82,133.71,501.62,,,,,,,医药生物,医疗器械Ⅱ,医疗器械Ⅲ,160.39,158.54,158.12
sh688301,奕瑞科技,2021-01-13,155.88,161.44,152.51,153.75,155.61,974128.0,151979443.0,2398679426.25,11154228247.5,,,2565959504.66,2781948014.48,215988509.82,46202610.250000015,5853.71,4793.23,3291.07,4158.79,4804.95,5599.11,1248.21,646.82,,,,,,,医药生物,医疗器械Ⅱ,医疗器械Ⅲ,157.0,160.39,158.69
sh688301,奕瑞科技,2021-01-14,157.42,176.0,152.09,168.1,153.75,1519724.0,248416283.0,2622556172.7,12195289550.6,,,2565959504.66,2781948014.48,215988509.82,46202610.250000015,8850.75,7885.05,7467.68,7367.91,5576.44,7661.4,2542.84,1523.36,,,,,,,医药生物,医疗器械Ⅱ,医疗器械Ⅲ,153.88,154.49,153.8
sh688301,奕瑞科技,2021-01-15,167.0,175.15,164.01,167.56,168.1,1141384.0,193842779.0,2614131542.52,12156113724.56,,,2565959504.66,2781948014.48,215988509.82,46202610.250000015,9260.63,6745.35,3486.54,3596.47,5847.5,8240.76,789.61,801.69,,,,,,,医药生物,医疗器械Ⅱ,医疗器械Ⅲ,166.0,169.15,167.6
sh688301,奕瑞科技,2021-01-18,167.51,170.33,164.0,168.42,167.56,580531.0,96913387.0,2627548546.1400003,12218504854.919998,,,2565959504.66,2781948014.48,215988509.82,46202610.250000015,4322.45,3867.18,2144.85,1478.32,2826.01,3630.66,398.03,715.19,,,,,,,医药生物,医疗器械Ⅱ,医疗器械Ⅲ,167.17,166.34,165.88
sh688301,奕瑞科技,2021-01-19,168.44,184.92,167.41,179.89,168.42,1272921.0,227990746.0,2806493931.63,13050628419.14,,,2565959504.66,2781948014.48,215988509.82,46202610.250000015,8962.24,8871.58,7086.54,6415.04,4599.98,6506.74,2150.31,1005.71,,,,,,,医药生物,医疗器械Ⅱ,医疗器械Ⅲ,169.8,174.38,176.9
sh688301,奕瑞科技,2021-01-20,180.0,184.98,178.0,182.93,179.89,730533.0,132429633.0,2853921479.31,13271173810.18,,,2565959504.66,2781948014.48,215988509.82,46202610.250000015,5299.51,5484.26,4148.03,2278.59,3522.7,4565.62,272.72,914.48,,,,,,,医药生物,医疗器械Ⅱ,医疗器械Ⅲ,180.14,180.43,180.0
sh688301,奕瑞科技,2021-01-21,181.48,187.0,175.57,177.66,182.93,1103991.0,199028595.0,2771703329.22,12888846767.16,,,2565959504.66,2781948014.48,215988509.82,46202610.250000015,6930.94,6165.8,6647.94,6890.08,4671.7,3759.62,1652.28,3087.36,,,,,,,医药生物,医疗器械Ⅱ,医疗器械Ⅲ,184.46,182.28,185.46
sh688301,奕瑞科技,2021-01-22,177.12,192.83,175.81,188.66,177.66,1068153.0,198990768.0,2943316166.22,13686872853.16,,,2565959504.66,2781948014.48,215988509.82,46202610.250000015,6388.42,6368.34,5646.98,7202.78,4237.83,3854.11,3625.85,2473.84,,,,,,,医药生物,医疗器械Ⅱ,医疗器械Ⅲ,177.9,179.34,180.7
sh688301,奕瑞科技,2021-01-25,188.0,189.0,178.03,180.1,188.66,870362.0,158691649.0,2809770176.7,13065863462.6,,,2565959504.66,2781948014.48,215988509.82,46202610.250000015,6779.71,6468.53,4802.91,4455.01,4076.43,3955.77,210.11,989.85,,,,,,,医药生物,医疗器械Ⅱ,医疗器械Ⅲ,185.5,188.02,188.5
sh688301,奕瑞科技,2021-01-26,178.7,182.66,175.1,177.3,180.1,390925.0,69532055.0,2766086909.1,12862729549.8,,,2565959504.66,2781948014.48,215988509.82,46202610.250000015,2977.35,3238.24,1778.63,1639.02,2090.31,1576.31,106.91,499.64,,,,,,,医药生物,医疗器械Ⅱ,医疗器械Ⅲ,180.5,179.23,178.52
sh688301,奕瑞科技,2021-01-27,178.0,179.67,169.27,174.0,177.3,467332.0,80801868.0,2714603057.9999995,12623321724.0,,,2565959504.66,2781948014.48,215988509.82,46202610.250000015,3685.5,2756.19,1838.01,2991.61,2179.19,1739.56,0.0,215.34,,,,,,,医药生物,医疗器械Ⅱ,医疗器械Ⅲ,177.49,173.51,171.8
sh688301,奕瑞科技,2021-01-28,172.0,177.0,156.91,160.29,174.0,1535202.0,251398522.0,2500711058.43,11628691029.54,,,2565959504.66,2781948014.48,215988509.82,46202610.250000015,10663.82,7739.91,6655.58,8531.31,6045.84,4580.52,936.87,3450.37,,,,,,,医药生物,医疗器械Ⅱ,医疗器械Ⅲ,174.02,173.4,173.43
sh688301,奕瑞科技,2021-01-29,159.21,166.76,157.0,160.0,160.29,867202.0,140086491.0,2496186720.0,11607652160.0,,,2565959504.66,2781948014.48,215988509.82,46202610.250000015,6143.59,3985.89,3134.71,5068.45,3744.43,2754.18,985.92,2200.13,,,,,,,医药生物,医疗器械Ⅱ,医疗器械Ⅲ,159.97,158.62,159.47
sh688301,奕瑞科技,2021-02-01,159.21,170.73,155.21,170.7,160.0,655692.0,108317086.0,2663119206.9,12383913898.2,,,2565959504.66,2781948014.48,215988509.82,46202610.250000015,5127.98,4143.27,2753.83,2182.7,2949.9,2622.44,0.0,1883.3,,,,,,,医药生物,医疗器械Ⅱ,医疗器械Ⅲ,158.17,159.8,160.78
sh688301,奕瑞科技,2021-02-02,170.0,175.88,167.8,173.54,170.7,477423.0,82583286.0,2707426521.1800003,12589949724.04,,,2565959504.66,2781948014.48,215988509.82,46202610.250000015,3629.44,3433.87,1799.05,1865.1,2328.73,2704.59,501.11,254.76,,,,,,,医药生物,医疗器械Ⅱ,医疗器械Ⅲ,169.81,167.91,170.5
sh688301,奕瑞科技,2021-02-03,180.66,185.78,176.03,180.39,173.54,987626.0,179382215.0,2814294515.13,13086902332.14,,,2565959504.66,2781948014.48,215988509.82,46202610.250000015,7274.92,7356.1,6214.01,4989.05,4086.79,5150.55,362.5,442.52,,,,,,,医药生物,医疗器械Ⅱ,医疗器械Ⅲ,183.66,185.0,183.88
sh688301,奕瑞科技,2021-02-04,179.0,181.19,171.3,172.18,180.39,568965.0,99405091.0,2686208934.06,12491284680.679998,,,2565959504.66,2781948014.48,215988509.82,46202610.250000015,4811.55,4007.07,1794.94,2549.91,3334.02,2969.24,0.0,414.28,,,,,,,医药生物,医疗器械Ⅱ,医疗器械Ⅲ,178.11,180.0,178.75
sh688301,奕瑞科技,2021-02-05,176.18,176.18,162.66,162.8,172.18,518100.0,87430866.0,2539869987.6,11810786072.8,,,2565959504.66,2781948014.48,215988509.82,46202610.250000015,3787.33,4359.99,2000.79,1534.13,2644.6,2848.96,310.37,0.0,,,,,,,医药生物,医疗器械Ⅱ,医疗器械Ⅲ,173.1,174.16,174.59
sh688301,奕瑞科技,2021-02-08,163.25,169.75,159.25,163.39,162.8,365579.0,59898338.0,2549074676.13,11853589290.14,,,2565959504.66,2781948014.48,215988509.82,46202610.250000015,2681.58,2468.13,1221.49,1169.14,2086.77,2352.57,0.0,0.0,,,,,,,医药生物,医疗器械Ⅱ,医疗器械Ⅲ,161.3,160.6,161.42
sh688301,奕瑞科技,2021-02-09,163.39,176.0,162.05,174.02,163.39,527065.0,90598859.0,2714915081.34,12624772680.52,,,2565959504.66,2781948014.48,215988509.82,46202610.250000015,4151.83,5161.44,2522.67,1372.31,1826.2,2418.54,559.19,107.59,,,,,,,医药生物,医疗器械Ⅱ,医疗器械Ⅲ,163.2,165.88,166.8
sh688301,奕瑞科技,2021-02-10,177.25,177.25,171.42,173.0,174.02,291014.0,50389594.0,2699001891.0,12550773898.0,,,2565959504.66,2781948014.48,215988509.82,46202610.250000015,2158.18,2015.47,1228.49,1242.96,1652.29,1780.53,0.0,0.0,,,,,,,医药生物,医疗器械Ⅱ,医疗器械Ⅲ,175.5,174.42,174.15
sh688301,奕瑞科技,2021-02-18,175.89,179.27,170.01,172.03,173.0,456326.0,79863073.0,2683868759.01,12480402506.78,,,2565959504.66,2781948014.48,215988509.82,46202610.250000015,4049.75,3647.38,1456.54,1888.03,2480.02,2450.89,0.0,0.0,,,,,,,医药生物,医疗器械Ⅱ,医疗器械Ⅲ,171.83,176.02,178.29
sh688301,奕瑞科技,2021-02-19,170.63,181.5,170.51,179.98,172.03,527793.0,93582518.0,2807898036.6600003,13057157723.48,,,2565959504.66,2781948014.48,215988509.82,46202610.250000015,3900.0,4299.78,2486.06,1836.49,2422.4,2845.33,173.12,0.0,,,,,,,医药生物,医疗器械Ⅱ,医疗器械Ⅲ,173.28,175.0,175.28
sh688301,奕瑞科技,2021-02-22,179.9,182.5,168.5,169.22,179.98,572421.0,99874509.0,2640029479.74,12276543115.72,,,2565959504.66,2781948014.48,215988509.82,46202610.250000015,4326.4,4038.78,2166.1,2420.79,3057.81,2676.13,437.14,851.74,,,,,,,医药生物,医疗器械Ⅱ,医疗器械Ⅲ,179.76,179.22,179.04
sh688301,奕瑞科技,2021-02-23,166.21,170.84,166.21,167.2,169.22,453470.0,76443819.0,2608515122.4,12129996507.2,,,2565959504.66,2781948014.48,215988509.82,46202610.250000015,2450.25,2375.63,2094.96,2103.14,1530.83,1166.82,1568.34,1998.79,,,,,,,医药生物,医疗器械Ⅱ,医疗器械Ⅲ,168.03,167.48,170.33
sh688301,奕瑞科技,2021-02-24,171.98,178.88,170.0,174.55,167.2,520225.0,90857006.0,2723183699.85,12663223028.3,,,2565959504.66,2781948014.48,215988509.82,46202610.250000015,3577.97,3961.44,3541.3,2278.38,1847.43,2477.52,119.0,368.36,,,,,,,医药生物,医疗器械Ⅱ,医疗器械Ⅲ,178.0,176.14,175.25
sh688301,奕瑞科技,2021-02-25,176.44,179.44,174.16,174.56,174.55,447762.0,78973460.0,2723339711.52,12663948506.56,,,2565959504.66,2781948014.48,215988509.82,46202610.250000015,3946.91,3738.69,2073.61,1272.63,1664.09,2245.41,212.73,640.61,,,,,,,医药生物,医疗器械Ⅱ,医疗器械Ⅲ,177.0,176.8,177.12
sh688301,奕瑞科技,2021-02-26,173.9,189.79,170.49,185.78,174.56,758670.0,137515977.0,2898384805.26,13477935114.28,,,2565959504.66,2781948014.48,215988509.82,46202610.250000015,5646.82,5616.44,4091.99,2735.43,2615.28,5059.09,1397.51,340.64,,,,,,,医药生物,医疗器械Ⅱ,医疗器械Ⅲ,172.82,172.0,172.44
sh688301,奕瑞科技,2021-03-01,185.78,189.93,183.89,188.76,185.78,553606.0,103886826.0,2944876282.92,13694127635.76,,,2565959504.66,2781948014.48,215988509.82,46202610.250000015,5202.27,4516.4,2465.03,2994.95,2592.57,2617.89,128.81,259.44,,,,,,,医药生物,医疗器械Ⅱ,医疗器械Ⅲ,185.74,185.83,187.0
sh688301,奕瑞科技,2021-03-02,189.2,189.7,179.0,180.02,188.76,582218.0,106611784.0,2808522083.34,13060059636.52,,,2565959504.66,2781948014.48,215988509.82,46202610.250000015,4814.58,4770.86,2111.06,3109.66,3579.33,2241.66,156.2,539.0,,,,,,,医药生物,医疗器械Ⅱ,医疗器械Ⅲ,188.59,186.0,188.54
sh688301,奕瑞科技,2021-03-03,181.77,194.8,177.5,192.75,180.02,614976.0,115802538.0,3007124939.25,13983593461.500002,,,2565959504.66,2781948014.48,215988509.82,46202610.250000015,4131.66,4836.01,3846.51,2335.15,2599.09,3645.72,348.46,108.84,,,,,,,医药生物,医疗器械Ⅱ,医疗器械Ⅲ,178.97,181.43,180.61
sh688301,奕瑞科技,2021-03-04,190.3,193.86,186.33,188.0,192.75,392078.0,74349845.0,2933019396.0,13638991288.0,,,2565959504.66,2781948014.48,215988509.82,46202610.250000015,3465.9,3072.23,1672.46,1947.57,2296.62,2045.94,0.0,369.25,,,,,,,医药生物,医疗器械Ⅱ,医疗器械Ⅲ,190.5,188.5,190.49
sh688301,奕瑞科技,2021-03-05,186.0,197.0,186.0,192.51,188.0,478804.0,92140399.0,3003380659.17,13966181983.26,,,2565959504.66,2781948014.48,215988509.82,46202610.250000015,3118.93,2827.63,2940.95,3174.24,1852.15,2228.37,660.76,342.55,,,,,,,医药生物,医疗器械Ⅱ,医疗器械Ⅲ,187.0,190.99,193.7
sh688301,奕瑞科技,2021-03-08,192.0,194.46,175.88,175.92,192.51,660017.0,120445895.0,2744557298.64,12762613549.92,,,2565959504.66,2781948014.48,215988509.82,46202610.250000015,5415.12,4534.17,2560.86,4480.59,3966.99,2671.0,101.62,358.83,,,,,,,医药生物,医疗器械Ⅱ,医疗器械Ⅲ,192.5,190.48,189.88
sh688301,奕瑞科技,2021-03-09,177.77,178.87,166.0,166.79,175.92,450871.0,77053623.0,2602118643.93,12100251898.54,,,2565959504.66,2781948014.48,215988509.82,46202610.250000015,3426.91,3284.26,1601.23,2321.38,2330.01,1545.03,347.22,554.69,,,,,,,医药生物,医疗器械Ⅱ,医疗器械Ⅲ,176.24,175.9,171.43
sh688301,奕瑞科技,2021-03-10,167.52,171.38,163.61,166.41,166.79,447094.0,74961073.0,2596190200.47,12072683724.66,,,2565959504.66,2781948014.48,215988509.82,46202610.250000015,3280.63,2901.93,1813.96,2780.52,2202.8,1813.65,198.72,0.0,,,,,,,医药生物,医疗器械Ⅱ,医疗器械Ⅲ,170.0,168.92,170.0
sh688301,奕瑞科技,2021-03-11,164.9,167.41,161.0,165.46,166.41,481208.0,79370261.0,2581369091.82,12003763289.96,,,2565959504.66,2781948014.48,215988509.82,46202610.250000015,3186.61,2743.6,2574.36,3182.92,2074.38,1744.41,101.68,266.1,,,,,,,医药生物,医疗器械Ⅱ,医疗器械Ⅲ,164.0,163.99,166.41
sh688301,奕瑞科技,2021-03-12,166.0,168.0,162.5,163.43,165.46,344137.0,56706590.0,2549698722.81,11856491203.18,,,2565959504.66,2781948014.48,215988509.82,46202610.250000015,3002.48,2407.78,1157.96,1376.17,1510.21,1484.1,0.0,402.61,,,,,,,医药生物,医疗器械Ⅱ,医疗器械Ⅲ,165.4,165.5,167.8
sh688301,奕瑞科技,2021-03-15,162.15,162.15,153.52,155.32,163.43,436951.0,68250791.0,2423173258.44,11268128334.32,,,2565959504.66,2781948014.48,215988509.82,46202610.250000015,3390.89,3067.33,1129.97,2316.07,2304.22,1311.76,0.0,129.91,,,,,,,医药生物,医疗器械Ⅱ,医疗器械Ⅲ,161.01,158.02,156.55
sh688301,奕瑞科技,2021-03-16,155.32,158.16,153.0,155.87,155.32,279737.0,43508733.0,2431753900.29,11308029638.62,,,2565959504.66,2781948014.48,215988509.82,46202610.250000015,1886.23,1768.79,889.44,776.0,1266.65,973.51,155.87,679.88,,,,,,,医药生物,医疗器械Ⅱ,医疗器械Ⅲ,155.91,155.2,155.51
sh688301,奕瑞科技,2021-03-17,155.87,161.82,153.1,159.51,155.87,382645.0,60494317.0,2488542148.17,11572103725.26,,,2565959504.66,2781948014.48,215988509.82,46202610.250000015,2303.6,3258.89,1845.39,752.35,1634.22,1872.88,100.91,0.0,,,,,,,医药生物,医疗器械Ⅱ,医疗器械Ⅲ,154.28,155.24,156.4
sh688301,奕瑞科技,2021-03-18,156.5,166.55,155.0,162.1,159.51,865567.0,139911779.0,2648053442.5,11760002594.6,,,2565959504.66,2781948014.48,215988509.82,46202610.250000015,6255.32,5357.1,3439.45,3929.91,3541.34,4050.41,101.3,0.0,,,,,,,医药生物,医疗器械Ⅱ,医疗器械Ⅲ,157.21,164.01,164.05
sh688301,奕瑞科技,2021-03-19,160.0,165.13,159.99,162.65,162.1,290240.0,47312461.0,2657038201.2500005,11799903898.9,,,2565959504.66,2781948014.48,215988509.82,46202610.250000015,2156.97,2019.04,779.81,1249.25,1533.49,1462.95,260.98,0.0,,,,,,,医药生物,医疗器械Ⅱ,医疗器械Ⅲ,161.97,161.66,161.5
sh688301,奕瑞科技,2021-03-22,163.0,166.9,162.23,164.1,162.65,316802.0,52287242.0,2680725292.5,11905098246.599998,,,2565959504.66,2781948014.48,215988509.82,46202610.250000015,2681.34,2389.51,1523.92,1358.51,1023.47,1373.74,0.0,106.96,,,,,,,医药生物,医疗器械Ⅱ,医疗器械Ⅲ,163.37,164.95,166.0
sh688301,奕瑞科技,2021-03-23,163.51,169.92,163.0,169.65,164.1,458047.0,76855987.0,2771389676.25,12307738680.9,,,2565959504.66,2781948014.48,215988509.82,46202610.250000015,3274.83,3711.04,2304.04,1849.02,1961.63,2017.1,145.1,108.45,,,,,,,医药生物,医疗器械Ⅱ,医疗器械Ⅲ,166.3,167.0,167.54
sh688301,奕瑞科技,2021-03-24,169.5,173.46,163.08,172.63,169.65,615694.0,103424690.0,2820070732.7499995,12523931202.38,,,2565959504.66,2781948014.48,215988509.82,46202610.250000015,4899.69,4689.28,1959.43,2635.2,3020.31,2911.87,463.04,106.11,,,,,,,医药生物,医疗器械Ⅱ,医疗器械Ⅲ,167.9,166.19,164.61
sh688301,奕瑞科技,2021-03-25,163.0,164.0,152.0,158.38,172.63,861772.0,135949516.0,2813292061.5,11490124681.88,222247216.86,262324509.22,2633799390.83,2895365652.88,261566262.05,66514289.870000005,5171.78,4313.76,4955.2,4724.36,2739.19,2722.43,728.78,1834.4,,,,,,,医药生物,医疗器械Ⅱ,医疗器械Ⅲ,156.89,158.1,158.01
sh688301,奕瑞科技,2021-03-26,158.7,168.05,158.39,166.8,158.38,492514.0,80931118.0,2962855890.0,12100977376.8,222247216.86,262324509.22,2633799390.83,2895365652.88,261566262.05,66514289.870000005,4056.75,3835.97,1642.57,1931.02,2393.79,2326.13,0.0,0.0,,,,,,,医药生物,医疗器械Ⅱ,医疗器械Ⅲ,160.99,160.08,160.02
sh688301,奕瑞科技,2021-03-29,168.12,175.85,168.12,174.6,166.8,604092.0,104705121.0,3101406705.0,12666850419.6,222247216.86,262324509.22,2633799390.83,2895365652.88,261566262.05,66514289.870000005,4719.95,4391.53,2825.41,3196.44,2559.37,2570.19,365.78,312.36,,,,,,,医药生物,医疗器械Ⅱ,医疗器械Ⅲ,170.0,171.75,173.05
sh688301,奕瑞科技,2021-03-30,172.92,175.88,170.12,172.23,174.6,251684.0,43401559.0,3059308572.75,12494912071.98,222247216.86,262324509.22,2633799390.83,2895365652.88,261566262.05,66514289.870000005,2043.92,1665.49,911.16,978.77,1385.07,1426.51,0.0,269.38,,,,,,,医药生物,医疗器械Ⅱ,医疗器械Ⅲ,173.8,172.57,171.17
sh688301,奕瑞科技,2021-03-31,173.0,173.89,169.01,171.78,172.23,221035.0,37743096.0,3051315256.5000005,12462265550.28,222247216.86,262324509.22,2633799390.83,2895365652.88,261566262.05,66514289.870000005,1968.02,2028.17,432.42,322.86,1277.99,1327.41,0.0,0.0,,,,,,,医药生物,医疗器械Ⅱ,医疗器械Ⅲ,172.32,171.64,170.7
sh688301,奕瑞科技,2021-04-01,169.7,174.6,169.52,171.66,171.78,209421.0,35867079.0,3049183705.5,12453559811.160002,222247216.86,262324509.22,2633799390.83,2895365652.88,261566262.05,66514289.870000005,1783.15,1881.69,466.19,457.72,1172.69,1247.31,164.69,0.0,,,,,,,医药生物,医疗器械Ⅱ,医疗器械Ⅲ,171.5,169.92,170.89
sh688301,奕瑞科技,2021-04-02,172.0,182.34,169.37,181.12,171.66,636417.0,113225503.0,3217220976.0,13139862245.12,222247216.86,262324509.22,2633799390.83,2895365652.88,261566262.05,66514289.870000005,4121.86,4576.35,3556.99,3194.26,1631.98,3071.68,2011.72,480.26,,,,,,,医药生物,医疗器械Ⅱ,医疗器械Ⅲ,171.3,174.5,175.87
sh688301,奕瑞科技,2021-04-06,184.09,185.96,177.32,181.66,181.12,318024.0,57779651.0,3226812955.5,13179038071.16,222247216.86,262324509.22,2633799390.83,2895365652.88,261566262.05,66514289.870000005,2520.38,2554.6,1372.26,1743.46,1498.76,1311.16,386.56,168.75,,,,,,,医药生物,医疗器械Ⅱ,医疗器械Ⅲ,180.21,181.0,181.52
sh688301,奕瑞科技,2021-04-07,178.89,184.0,177.7,182.0,181.66,309533.0,56126975.0,3232852350.0,13203704332.0,222247216.86,262324509.22,2633799390.83,2895365652.88,261566262.05,66514289.870000005,2396.49,2433.48,1126.47,1569.33,1976.76,1279.96,112.97,329.93,,,,,,,医药生物,医疗器械Ⅱ,医疗器械Ⅲ,179.8,179.45,178.5
sh688301,奕瑞科技,2021-04-08,183.6,185.9,179.17,179.67,182.0,311946.0,56770433.0,3191464734.75,13034667897.42,222247216.86,262324509.22,2633799390.83,2895365652.88,261566262.05,66514289.870000005,2727.35,2561.1,1005.85,1327.39,1643.45,1597.77,109.61,0.0,,,,,,,医药生物,医疗器械Ⅱ,医疗器械Ⅲ,182.68,185.02,183.1
sh688301,奕瑞科技,2021-04-09,180.35,185.48,176.13,185.0,179.67,453065.0,82054798.0,3286141125.0,13421347810.0,222247216.86,262324509.22,2633799390.83,2895365652.88,261566262.05,66514289.870000005,3058.71,3999.73,2147.16,2081.01,1980.17,1910.23,1019.44,214.5,,,,,,,医药生物,医疗器械Ⅱ,医疗器械Ⅲ,178.75,179.33,179.5
sh688301,奕瑞科技,2021-04-12,183.01,185.89,170.62,172.58,185.0,699202.0,122685750.0,3065525596.5,12520303811.08,222247216.86,262324509.22,2633799390.83,2895365652.88,261566262.05,66514289.870000005,5382.1,4165.86,3209.45,2855.57,3499.33,2785.31,177.69,2461.84,,,,,,,医药生物,医疗器械Ⅱ,医疗器械Ⅲ,183.0,184.6,184.12
sh688301,奕瑞科技,2021-04-13,170.02,180.69,170.02,177.6,172.58,446860.0,79327233.0,3154695480.0,12884493897.599998,222247216.86,262324509.22,2633799390.83,2895365652.88,261566262.05,66514289.870000005,3283.83,3503.67,1122.44,1523.57,3137.06,2498.38,389.4,407.1,,,,,,,医药生物,医疗器械Ⅱ,医疗器械Ⅲ,174.0,174.72,177.9
sh688301,奕瑞科技,2021-04-14,178.37,184.1,176.57,182.22,177.6,627064.0,114453519.0,3236760193.5,13219664853.72,222247216.86,262324509.22,2633799390.83,2895365652.88,261566262.05,66514289.870000005,4408.26,5018.46,2219.16,3286.9,4232.24,2428.98,270.27,395.58,,,,,,,医药生物,医疗器械Ⅱ,医疗器械Ⅲ,180.0,181.61,180.13
sh688301,奕瑞科技,2021-04-15,182.0,183.01,178.0,181.1,182.22,276641.0,50015410.0,3216865717.5,13138411288.6,222247216.86,262324509.22,2633799390.83,2895365652.88,261566262.05,66514289.870000005,2399.43,1893.61,1196.22,1456.06,1263.94,1296.39,141.96,355.47,,,,,,,医药生物,医疗器械Ⅱ,医疗器械Ⅲ,180.71,178.0,181.5
sh688301,奕瑞科技,2021-04-16,180.1,192.49,180.1,190.35,181.1,809621.0,151865808.0,3381172773.75,13809478679.1,222247216.86,262324509.22,2633799390.83,2895365652.88,261566262.05,66514289.870000005,7475.61,7397.42,3437.23,3609.85,3748.12,3873.61,525.62,305.7,,,,,,,医药生物,医疗器械Ⅱ,医疗器械Ⅲ,180.54,182.0,182.35
sh688301,奕瑞科技,2021-04-19,196.74,228.42,196.0,228.42,190.35,1582719.0,339783517.0,4057407328.5,16571374414.919996,264628650.41000003,307237669.38,2642686522.79,2994973389.32,352286866.53,74488133.55,16939.43,18198.3,8990.13,11160.97,236.82,631.86,7811.98,3987.22,,,,,,,医药生物,医疗器械Ⅱ,医疗器械Ⅲ,205.71,204.41,206.66
sh688301,奕瑞科技,2021-04-20,231.56,233.1,223.12,232.0,228.42,863462.0,198062103.0,4120998600.0,16831095632.0,264628650.41000003,307237669.38,2642686522.79,2994973389.32,352286866.53,74488133.55,13933.42,11157.8,4596.57,7541.5,355.02,287.01,921.21,819.91,,,,,,,医药生物,医疗器械Ⅱ,医疗器械Ⅲ,232.56,227.62,227.73
sh688301,奕瑞科技,2021-04-21,224.58,232.9,224.58,227.6,232.0,655049.0,149508133.0,4042841730.0,16511885197.6,264628650.41000003,307237669.38,2642686522.79,2994973389.32,352286866.53,74488133.55,9739.86,6584.69,3256.81,6276.19,177.7,158.03,1776.45,1931.9,,,,,,,医药生物,医疗器械Ⅱ,医疗器械Ⅲ,227.68,229.8,229.17
sh688301,奕瑞科技,2021-04-22,232.51,250.0,230.14,243.27,227.6,712729.0,171822147.0,4321186764.75,17648709631.02,264628650.41000003,307237669.38,2642686522.79,2994973389.32,352286866.53,74488133.55,10434.84,12159.54,5541.03,3878.69,163.28,365.12,1043.07,778.86,,,,,,,医药生物,医疗器械Ⅱ,医疗器械Ⅲ,233.63,234.99,236.01
sh688301,奕瑞科技,2021-04-23,242.48,254.99,240.88,249.3,243.27,604072.0,149570494.0,4428297202.5,18086173021.800003,264628650.41000003,307237669.38,2642686522.79,2994973389.32,352286866.53,74488133.55,8003.7,9230.3,4059.39,3934.91,159.04,256.93,2734.92,1534.91,,,,,,,医药生物,医疗器械Ⅱ,医疗器械Ⅲ,244.0,245.0,244.22
sh688301,奕瑞科技,2021-04-26,249.99,254.5,247.0,249.29,249.3,511415.0,128087816.0,4428119573.25,18085447543.54,264628650.41000003,307237669.38,2642686522.79,2994973389.32,352286866.53,74488133.55,6729.94,8587.09,3318.17,3269.64,133.15,194.9,2627.53,757.16,,,,,,,医药生物,医疗器械Ⅱ,医疗器械Ⅲ,248.07,248.99,249.7
sh688301,奕瑞科技,2021-04-27,251.0,261.4,248.0,257.17,249.29,568577.0,145157136.0,4568091422.25,18657124412.42,264628650.41000003,307237669.38,2642686522.79,2994973389.32,352286866.53,74488133.55,7551.03,9379.4,4237.65,3200.44,164.48,228.05,2562.55,1707.82,,,,,,,医药生物,医疗器械Ⅱ,医疗器械Ⅲ,253.6,253.44,251.72
sh688301,奕瑞科技,2021-04-28,256.6,261.88,243.02,246.5,257.17,966162.0,240273226.0,4378561012.5,17883039109.0,264628650.41000003,307237669.38,2642686522.79,2994973389.32,352286866.53,74488133.55,15819.17,13268.62,4114.29,8147.55,279.79,223.75,3814.08,2387.4,,,,,,,医药生物,医疗器械Ⅱ,医疗器械Ⅲ,255.0,252.55,251.51
sh688301,奕瑞科技,2021-04-29,245.16,250.78,239.3,246.62,246.5,882784.0,215502060.0,4380692563.5,17891744848.12,264628650.41000003,307237669.38,2642686522.79,2994973389.32,352286866.53,74488133.55,11889.75,6983.42,4693.89,7634.31,257.07,144.99,4709.5,6787.48,,,,,,,医药生物,医疗器械Ⅱ,医疗器械Ⅲ,247.22,246.98,245.55
sh688301,奕瑞科技,2021-04-30,244.49,253.88,244.49,248.79,246.62,541922.0,135215959.0,4419238110.75,18049173630.54,264628650.41000003,307237669.38,2642686522.79,2994973389.32,352286866.53,74488133.55,8039.34,7025.17,2978.94,5200.18,142.36,147.65,2360.95,1148.61,,,,,,,医药生物,医疗器械Ⅱ,医疗器械Ⅲ,250.2,250.51,250.58
sh688301,奕瑞科技,2021-05-06,245.65,254.88,240.58,253.03,248.79,599210.0,148971140.0,4494552912.75,18356776412.780003,264628650.41000003,307237669.38,2642686522.79,2994973389.32,352286866.53,74488133.55,8668.83,7663.42,3200.48,3561.52,138.3,190.1,2889.5,3482.08,,,,,,,医药生物,医疗器械Ⅱ,医疗器械Ⅲ,247.18,248.9,249.43
sh688301,奕瑞科技,2021-05-07,250.48,256.12,237.23,238.0,253.03,743114.0,179321278.0,4227576150.0,17266382588.0,264628650.41000003,307237669.38,2642686522.79,2994973389.32,352286866.53,74488133.55,11126.19,11457.51,3451.29,4621.34,210.84,261.92,3143.81,1591.36,,,,,,,医药生物,医疗器械Ⅱ,医疗器械Ⅲ,246.68,248.0,250.49
sh688301,奕瑞科技,2021-05-10,237.0,249.0,235.5,246.67,238.0,394661.0,96166535.0,4381580709.75,17895372239.42,264628650.41000003,307237669.38,2642686522.79,2994973389.32,352286866.53,74488133.55,6754.17,5804.35,2559.58,3148.16,84.53,123.56,218.38,540.58,,,,,,,医药生物,医疗器械Ⅱ,医疗器械Ⅲ,239.89,241.78,241.38
sh688301,奕瑞科技,2021-05-11,245.99,252.8,238.18,247.0,246.67,295328.0,73268651.0,4387442475.0,17919313022.0,264628650.41000003,307237669.38,2642686522.79,2994973389.32,352286866.53,74488133.55,4894.65,5361.77,1503.3,1454.06,51.08,183.44,877.83,327.6,,,,,,,医药生物,医疗器械Ⅱ,医疗器械Ⅲ,246.99,247.21,248.68
sh688301,奕瑞科技,2021-05-12,241.8,253.0,241.8,249.0,247.0,304950.0,75513241.0,4422968325.0,18064408674.0,264628650.41000003,307237669.38,2642686522.79,2994973389.32,352286866.53,74488133.55,4957.96,4965.24,1961.34,1184.29,72.49,161.73,559.53,1240.07,,,,,,,医药生物,医疗器械Ⅱ,医疗器械Ⅲ,243.14,245.9,245.89
sh688301,奕瑞科技,2021-05-13,249.98,254.0,245.0,252.0,249.0,388249.0,97254294.0,4476257100.0,18282052152.0,264628650.41000003,307237669.38,2642686522.79,2994973389.32,352286866.53,74488133.55,4846.62,5075.02,2181.23,1860.76,76.95,152.96,2620.64,2636.69,,,,,,,医药生物,医疗器械Ⅱ,医疗器械Ⅲ,245.8,246.99,250.8
sh688301,奕瑞科技,2021-05-14,250.0,255.8,243.0,253.93,252.0,492277.0,123825411.0,4510539545.25,18422069456.18,264628650.41000003,307237669.38,2642686522.79,2994973389.32,352286866.53,74488133.55,4833.2,5197.21,2939.5,3234.76,66.93,144.9,4195.93,3458.69,,,,,,,医药生物,医疗器械Ⅱ,医疗器械Ⅲ,245.85,246.9,249.88
sh688301,奕瑞科技,2021-05-17,254.0,264.53,250.0,259.1,253.93,556534.0,143598009.0,4602373867.5,18797141716.6,264628650.41000003,307237669.38,2642686522.79,2994973389.32,352286866.53,74488133.55,8380.93,8665.2,3607.46,3912.52,106.59,248.85,2264.82,1533.23,,,,,,,医药生物,医疗器械Ⅱ,医疗器械Ⅲ,253.05,250.29,251.98
sh688301,奕瑞科技,2021-05-18,259.1,277.99,255.8,275.6,259.1,854297.0,230850777.0,4895462130.0,19994180845.6,264628650.41000003,307237669.38,2642686522.79,2994973389.32,352286866.53,74488133.55,10341.64,12433.91,9669.06,9509.26,140.53,304.67,2933.85,837.25,,,,,,,医药生物,医疗器械Ⅱ,医疗器械Ⅲ,258.8,257.81,258.99
sh688301,奕瑞科技,2021-05-19,276.05,278.02,267.5,278.0,275.6,709598.0,194512934.0,4938093150.0,20168295628.0,264628650.41000003,307237669.38,2642686522.79,2994973389.32,352286866.53,74488133.55,8168.71,12079.86,7440.33,4959.99,95.86,239.74,3746.39,2171.7,,,,,,,医药生物,医疗器械Ⅱ,医疗器械Ⅲ,275.02,274.47,274.99
sh688301,奕瑞科技,2021-05-20,278.0,279.99,271.01,273.88,278.0,503905.0,138925625.0,4864909899.0,19869398584.88,264628650.41000003,307237669.38,2642686522.79,2994973389.32,352286866.53,74488133.55,6659.49,10157.22,6078.82,2742.67,59.79,191.33,1094.46,801.35,,,,,,,医药生物,医疗器械Ⅱ,医疗器械Ⅲ,275.68,273.83,275.87
sh688301,奕瑞科技,2021-05-21,273.84,273.88,261.11,262.5,273.88,650031.0,172988054.0,4662767812.5,19043804325.0,264628650.41000003,307237669.38,2642686522.79,2994973389.32,352286866.53,74488133.55,8881.09,11079.68,6385.4,5458.06,113.61,216.57,1918.71,544.49,,,,,,,医药生物,医疗器械Ⅱ,医疗器械Ⅲ,272.38,269.74,265.01
sh688301,奕瑞科技,2021-05-24,262.0,268.65,253.0,262.4,262.5,363435.0,94747985.0,4660991520.0,19036549542.4,264628650.41000003,307237669.38,2642686522.79,2994973389.32,352286866.53,74488133.55,6491.51,6691.13,2534.0,2358.6,126.5,178.19,322.79,246.88,,,,,,,医药生物,医疗器械Ⅱ,医疗器械Ⅲ,261.07,265.84,263.73
sh688301,奕瑞科技,2021-05-25,260.0,263.78,256.7,260.39,262.4,413153.0,107425970.0,4625288040.75,18890728412.14,264628650.41000003,307237669.38,2642686522.79,2994973389.32,352286866.53,74488133.55,6646.24,6553.12,3224.79,3068.91,72.62,168.66,798.95,951.91,,,,,,,医药生物,医疗器械Ⅱ,医疗器械Ⅲ,262.99,260.11,261.37
sh688301,奕瑞科技,2021-05-26,261.88,266.5,252.8,259.0,260.39,373160.0,96819533.0,4600597575.0,18789886934.0,264628650.41000003,307237669.38,2642686522.79,2994973389.32,352286866.53,74488133.55,7297.84,6509.87,2269.4,2853.35,114.71,161.3,0.0,157.43,,,,,,,医药生物,医疗器械Ⅱ,医疗器械Ⅲ,262.7,260.2,261.65
sh688301,奕瑞科技,2021-05-27,256.0,261.0,248.5,258.0,259.0,402322.0,102531309.0,4582834650.0,18717339108.0,264628650.41000003,307237669.38,2642686522.79,2994973389.32,352286866.53,74488133.55,6983.54,5643.33,3011.01,3731.28,86.65,106.34,171.93,772.19,,,,,,,医药生物,医疗器械Ⅱ,医疗器械Ⅲ,255.0,251.03,250.5
sh688301,奕瑞科技,2021-05-28,258.0,273.66,258.0,266.66,258.0,645499.0,172449100.0,4736661580.5,19345603281.16,264628650.41000003,307237669.38,2642686522.79,2994973389.32,352286866.53,74488133.55,9330.65,9088.0,4662.11,4233.68,88.28,192.42,2337.83,2904.78,,,,,,,医药生物,医疗器械Ⅱ,医疗器械Ⅲ,262.3,265.05,267.98
sh688301,奕瑞科技,2021-05-31,266.59,284.0,263.49,283.21,266.66,838491.0,234512358.0,5030637989.25,20546269801.46,264628650.41000003,307237669.38,2642686522.79,2994973389.32,352286866.53,74488133.55,12018.73,10729.95,7437.29,10140.34,1072.9,595.92,2922.32,1985.03,,,,,,,医药生物,医疗器械Ⅱ,医疗器械Ⅲ,269.4,273.0,275.8
sh688301,奕瑞科技,2021-06-01,283.21,288.68,278.08,286.65,283.21,389211.0,110653973.0,5091742451.25,20795834322.9,264628650.41000003,307237669.38,2642686522.79,2994973389.32,352286866.53,74488133.55,6797.23,7167.55,3434.3,2773.13,378.16,473.59,455.71,651.13,,,,,,,医药生物,医疗器械Ⅱ,医疗器械Ⅲ,280.0,278.69,284.0
sh688301,奕瑞科技,2021-06-02,290.05,290.67,268.95,270.35,286.65,459545.0,127386595.0,4802206773.75,19613304759.1,264628650.41000003,307237669.38,2642686522.79,2994973389.32,352286866.53,74488133.55,7746.35,7746.05,3120.38,3240.4,545.25,665.8,1326.69,1086.41,,,,,,,医药生物,医疗器械Ⅱ,医疗器械Ⅲ,286.03,281.5,282.11
sh688301,奕瑞科技,2021-06-03,273.06,282.38,269.02,269.18,270.35,350000.0,96000426.0,4781424151.5,19528423802.68,264628650.41000003,307237669.38,2642686522.79,2994973389.32,352286866.53,74488133.55,6538.96,6030.94,2043.23,2387.12,414.2,649.2,603.65,532.78,,,,,,,医药生物,医疗器械Ⅱ,医疗器械Ⅲ,277.3,274.9,273.55
sh688301,奕瑞科技,2021-06-04,270.2,274.0,258.0,261.02,269.18,446024.0,118483081.0,4636478683.5,18936433542.52,264628650.41000003,307237669.38,2642686522.79,2994973389.32,352286866.53,74488133.55,7345.45,6712.07,3160.26,3437.39,517.74,838.15,824.86,860.69,,,,,,,医药生物,医疗器械Ⅱ,医疗器械Ⅲ,267.0,270.08,268.31
sh688301,奕瑞科技,2021-06-07,262.07,272.01,260.17,268.13,261.02,322294.0,85988191.0,4762773080.25,19452248585.38,264628650.41000003,307237669.38,2642686522.79,2994973389.32,352286866.53,74488133.55,6795.97,6295.32,1013.43,1339.18,602.32,581.87,103.61,298.95,,,,,,,医药生物,医疗器械Ⅱ,医疗器械Ⅲ,264.5,268.66,271.5
sh688301,奕瑞科技,2021-06-08,266.0,270.0,251.96,255.63,268.13,356253.0,93017545.0,4540736517.75,18545400760.38,264628650.41000003,307237669.38,2642686522.79,2994973389.32,352286866.53,74488133.55,6843.8,6854.69,1540.85,1735.64,617.75,558.35,299.36,153.07,,,,,,,医药生物,医疗器械Ⅱ,医疗器械Ⅲ,264.65,263.58,268.02
sh688301,奕瑞科技,2021-06-09,252.09,259.49,246.44,255.34,255.63,396796.0,100430826.0,4535585269.5,18524361890.84,264628650.41000003,307237669.38,2642686522.79,2994973389.32,352286866.53,74488133.55,7732.55,6867.85,1422.98,2405.21,782.0,643.37,105.56,126.65,,,,,,,医药生物,医疗器械Ⅱ,医疗器械Ⅲ,255.99,258.23,253.02
sh688301,奕瑞科技,2021-06-10,255.0,263.0,254.88,259.51,255.34,279864.0,72613202.0,4609656666.75,18826886325.26,264628650.41000003,307237669.38,2642686522.79,2994973389.32,352286866.53,74488133.55,5056.24,4092.59,1750.48,1495.75,340.33,340.87,114.27,1332.1,,,,,,,医药生物,医疗器械Ⅱ,医疗器械Ⅲ,260.0,258.46,258.45
sh688301,奕瑞科技,2021-06-11,258.02,264.2,248.0,250.14,259.51,390847.0,98651160.0,4443218059.5,18147113195.64,264628650.41000003,307237669.38,2642686522.79,2994973389.32,352286866.53,74488133.55,7362.74,7295.77,1642.53,1665.22,513.22,709.62,346.63,194.5,,,,,,,医药生物,医疗器械Ⅱ,医疗器械Ⅲ,257.51,256.02,256.99
sh688301,奕瑞科技,2021-06-15,252.0,263.97,250.59,257.82,250.14,342704.0,88505745.0,4579637323.5,18704280499.32,264628650.41000003,307237669.38,2642686522.79,2994973389.32,352286866.53,74488133.55,5880.87,5136.77,1673.01,1969.89,402.48,491.28,894.21,1252.63,,,,,,,医药生物,医疗器械Ⅱ,医疗器械Ⅲ,251.5,255.8,256.01
sh688301,奕瑞科技,2021-06-16,257.54,259.76,248.01,253.0,257.82,406538.0,103000697.0,4494020025.0,18354599978.0,264628650.41000003,307237669.38,2642686522.79,2994973389.32,352286866.53,74488133.55,7023.25,6617.67,1806.66,2150.37,393.36,400.37,1076.8,1131.67,,,,,,,医药生物,医疗器械Ⅱ,医疗器械Ⅲ,257.53,257.92,258.73
sh688301,奕瑞科技,2021-06-17,250.67,261.0,250.32,260.86,253.0,341519.0,88233899.0,4633636615.5,18924825890.36,264628650.41000003,307237669.38,2642686522.79,2994973389.32,352286866.53,74488133.55,6598.96,5379.69,1655.76,1737.0,464.82,387.45,103.85,1319.24,,,,,,,医药生物,医疗器械Ⅱ,医疗器械Ⅲ,252.57,251.98,250.68
sh688301,奕瑞科技,2021-06-18,260.86,279.88,258.47,276.7,260.86,501359.0,136835542.0,4915001347.5,20073983454.2,264628650.41000003,307237669.38,2642686522.79,2994973389.32,352286866.53,74488133.55,7195.0,8104.78,4885.76,3333.56,592.43,563.5,1010.37,1681.72,,,,,,,医药生物,医疗器械Ⅱ,医疗器械Ⅲ,260.06,268.0,272.86
sh688301,奕瑞科技,2021-06-21,276.0,283.66,272.37,278.55,276.7,394439.0,109646748.0,4947862758.75,20208196932.3,264628650.41000003,307237669.38,2642686522.79,2994973389.32,352286866.53,74488133.55,6492.75,8016.52,2939.19,1994.64,507.71,587.24,1025.02,366.28,,,,,,,医药生物,医疗器械Ⅱ,医疗器械Ⅲ,275.59,277.48,274.04
sh688301,奕瑞科技,2021-06-22,278.55,284.81,271.7,282.58,278.55,309130.0,86588263.0,5019447346.5,20500564671.08,264628650.41000003,307237669.38,2642686522.79,2994973389.32,352286866.53,74488133.55,5554.52,5882.17,2174.1,1871.26,456.02,481.07,474.19,424.32,,,,,,,医药生物,医疗器械Ⅱ,医疗器械Ⅲ,277.37,277.79,275.99
sh688301,奕瑞科技,2021-06-23,285.92,285.97,276.5,278.51,282.58,217034.0,60719562.0,4947152241.75,20205295019.26,264628650.41000003,307237669.38,2642686522.79,2994973389.32,352286866.53,74488133.55,4459.8,4744.43,1093.06,750.86,371.47,458.51,147.63,118.15,,,,,,,医药生物,医疗器械Ⅱ,医疗器械Ⅲ,282.67,281.44,277.9
sh688301,奕瑞科技,2021-06-24,276.32,281.99,270.56,275.59,278.51,268274.0,74027022.0,4895284500.75,19993455367.34,264628650.41000003,307237669.38,2642686522.79,2994973389.32,352286866.53,74488133.55,5520.06,4798.96,1643.54,2065.19,239.1,313.43,0.0,225.12,,,,,,,医药生物,医疗器械Ⅱ,医疗器械Ⅲ,279.01,278.94,280.64
sh688301,奕瑞科技,2021-06-25,274.62,284.0,269.9,282.38,275.59,426949.0,118366292.0,5015894761.5,20486055105.88,264628650.41000003,307237669.38,2642686522.79,2994973389.32,352286866.53,74488133.55,8237.65,6485.1,2975.47,3371.23,396.37,362.75,232.79,1623.21,,,,,,,医药生物,医疗器械Ⅱ,医疗器械Ⅲ,277.0,275.65,275.39
sh688301,奕瑞科技,2021-06-28,284.0,306.0,282.8,303.0,282.38,1043771.0,309536337.0,5382166274.999999,21981991278.0,264628650.41000003,307237669.38,2642686522.79,2994973389.32,352286866.53,74488133.55,16730.42,12750.6,9462.24,16402.15,1145.3,771.55,3621.74,1035.39,,,,,,,医药生物,医疗器械Ⅱ,医疗器械Ⅲ,285.15,290.0,288.88
sh688301,奕瑞科技,2021-06-29,301.99,318.98,301.0,317.0,303.0,1148840.0,358678448.0,5630847225.0,22997660842.0,264628650.41000003,307237669.38,2642686522.79,2994973389.32,352286866.53,74488133.55,22351.5,19481.89,10487.59,14027.35,1634.6,1084.43,1394.15,1274.17,,,,,,,医药生物,医疗器械Ⅱ,医疗器械Ⅲ,308.92,308.2,310.89
sh688301,奕瑞科技,2021-06-30,317.29,324.0,266.66,280.0,317.0,2254633.0,666485898.0,4973619000.0,20313391280.0,264628650.41000003,307237669.38,2642686522.79,2994973389.32,352286866.53,74488133.55,39732.52,36289.69,19366.03,18736.09,2971.54,2912.94,4578.5,8709.88,,,,,,,医药生物,医疗器械Ⅱ,医疗器械Ⅲ,320.99,323.0,322.85
sh688301,奕瑞科技,2021-07-01,283.0,307.99,279.0,299.99,280.0,1209289.0,357824111.0,5328699870.75,21763622321.74,264628650.41000003,307237669.38,2642686522.79,2994973389.32,352286866.53,74488133.55,16699.14,18707.92,12191.71,12908.32,1565.76,1307.18,5325.81,2859.0,,,,,,,医药生物,医疗器械Ⅱ,医疗器械Ⅲ,294.88,289.87,290.63
sh688301,奕瑞科技,2021-07-02,294.03,299.79,272.03,275.5,299.99,1041137.0,292675534.0,4893685837.5,19986926063.0,264628650.41000003,307237669.38,2642686522.79,2994973389.32,352286866.53,74488133.55,18751.54,15456.84,7498.32,5527.93,1091.36,1409.3,1926.34,6873.48,,,,,,,医药生物,医疗器械Ⅱ,医疗器械Ⅲ,291.0,284.71,289.2
sh688301,奕瑞科技,2021-07-05,274.18,290.49,270.31,286.41,275.5,708908.0,200858364.0,5087479349.25,20778422844.66,264628650.41000003,307237669.38,2642686522.79,2994973389.32,352286866.53,74488133.55,14270.24,12779.74,3941.25,4740.48,1087.35,902.91,787.0,1662.71,,,,,,,医药生物,医疗器械Ⅱ,医疗器械Ⅲ,274.18,277.58,280.0
sh688301,奕瑞科技,2021-07-06,288.99,289.57,265.0,272.03,286.41,790474.0,215704666.0,4832048487.75,19735185106.78,264628650.41000003,307237669.38,2642686522.79,2994973389.32,352286866.53,74488133.55,14147.54,15181.27,5678.41,3585.67,816.54,1486.01,927.98,1317.52,,,,,,,医药生物,医疗器械Ⅱ,医疗器械Ⅲ,278.14,276.03,281.42
sh688301,奕瑞科技,2021-07-07,270.0,283.49,266.7,280.16,272.03,396508.0,109854399.0,4976461068.0,20324998932.16,264628650.41000003,307237669.38,2642686522.79,2994973389.32,352286866.53,74488133.55,7933.62,7719.83,2182.08,2128.58,609.24,684.13,260.5,452.9,,,,,,,医药生物,医疗器械Ⅱ,医疗器械Ⅲ,272.77,270.0,274.1
sh688301,奕瑞科技,2021-07-08,278.0,282.96,270.1,280.99,280.16,547395.0,151750376.0,4991204295.75,20385213627.74,264628650.41000003,307237669.38,2642686522.79,2994973389.32,352286866.53,74488133.55,11148.33,11094.49,2667.56,2431.5,775.69,1108.14,583.46,540.9,,,,,,,医药生物,医疗器械Ⅱ,医疗器械Ⅲ,279.59,277.77,273.0
sh688301,奕瑞科技,2021-07-09,273.03,280.8,262.5,274.93,280.99,846580.0,228962250.0,4883560970.25,19945573802.18,264628650.41000003,307237669.38,2642686522.79,2994973389.32,352286866.53,74488133.55,15309.89,15186.6,4702.46,4086.07,751.31,1548.25,2132.57,2075.31,,,,,,,医药生物,医疗器械Ⅱ,医疗器械Ⅲ,279.59,273.89,271.4
sh688301,奕瑞科技,2021-07-12,273.95,305.0,269.11,301.5,274.93,700904.0,203864840.0,5355521887.5,21873169539.0,264628650.41000003,307237669.38,2642686522.79,2994973389.32,352286866.53,74488133.55,15539.17,13630.84,3249.06,4475.03,1208.11,969.45,390.15,1311.17,,,,,,,医药生物,医疗器械Ⅱ,医疗器械Ⅲ,271.0,271.67,275.04
sh688301,奕瑞科技,2021-07-13,297.0,328.18,297.0,322.01,301.5,807852.0,256786045.0,5719839479.25,23361125450.26,264628650.41000003,307237669.38,2642686522.79,2994973389.32,352286866.53,74488133.55,16417.74,14314.35,5280.83,7117.53,1476.31,996.79,2503.71,3249.93,,,,,,,医药生物,医疗器械Ⅱ,医疗器械Ⅲ,309.99,307.08,304.95
sh688301,XD奕瑞科,2021-07-14,319.34,337.86,319.34,327.98,321.01,480603.0,157911992.0,5825884141.5,23794235971.48,264628650.41000003,307237669.38,2642686522.79,2994973389.32,352286866.53,74488133.55,11407.61,10646.48,2722.68,3562.3,636.02,1024.29,1024.89,558.13,,,,,,,医药生物,医疗器械Ⅱ,医疗器械Ⅲ,327.98,335.9,334.2
sh688301,奕瑞科技,2021-07-15,321.72,330.0,307.24,321.05,327.98,642867.0,202974079.0,5702787071.25,23291479537.300003,264628650.41000003,307237669.38,2642686522.79,2994973389.32,352286866.53,74488133.55,14072.74,10088.71,4478.57,5842.67,475.08,564.44,1271.01,3801.59,,,,,,,医药生物,医疗器械Ⅱ,医疗器械Ⅲ,327.94,324.03,323.0
sh688301,奕瑞科技,2021-07-16,316.5,327.36,310.0,312.0,321.05,339360.0,107969906.0,5542032600.0,22634921712.000004,264628650.41000003,307237669.38,2642686522.79,2994973389.32,352286866.53,74488133.55,8293.35,7789.67,1979.38,1793.56,432.25,569.63,102.04,654.15,,,,,,,医药生物,医疗器械Ⅱ,医疗器械Ⅲ,315.26,321.5,324.0
sh688301,奕瑞科技,2021-07-19,314.39,335.0,312.0,331.0,312.0,501056.0,164521945.0,5879528175.0,24013330406.0,264628650.41000003,307237669.38,2642686522.79,2994973389.32,352286866.53,74488133.55,10923.91,11467.44,2958.65,3044.83,572.87,619.73,1414.7,738.12,,,,,,,医药生物,医疗器械Ⅱ,医疗器械Ⅲ,319.72,324.96,330.76
sh688301,奕瑞科技,2021-07-20,334.0,346.89,326.51,334.2,331.0,520513.0,174029729.0,5936369534.999999,24245483449.2,264628650.41000003,307237669.38,2642686522.79,2994973389.32,352286866.53,74488133.55,11325.77,11116.7,3691.06,3242.56,916.61,892.2,1469.54,2151.52,,,,,,,医药生物,医疗器械Ⅱ,医疗器械Ⅲ,331.53,345.05,333.9
sh688301,奕瑞科技,2021-07-21,338.78,360.04,327.0,355.8,334.2,516044.0,181128599.0,6320048715.0,25812516490.8,264628650.41000003,307237669.38,2642686522.79,2994973389.32,352286866.53,74488133.55,11006.49,11067.74,4460.3,4412.22,1131.76,820.5,1514.31,1812.4,,,,,,,医药生物,医疗器械Ⅱ,医疗器械Ⅲ,331.08,333.61,343.77
sh688301,奕瑞科技,2021-07-22,359.71,360.0,329.08,334.0,355.8,540816.0,184794802.0,5932816949.999999,24230973884.0,264628650.41000003,307237669.38,2642686522.79,2994973389.32,352286866.53,74488133.55,10069.32,10584.06,6230.38,3618.97,470.63,965.65,1709.16,3310.8,,,,,,,医药生物,医疗器械Ⅱ,医疗器械Ⅲ,347.5,349.01,344.38
sh688301,奕瑞科技,2021-07-23,330.22,340.67,324.0,333.9,334.0,269367.0,90167255.0,5931040657.499999,24223719101.4,264628650.41000003,307237669.38,2642686522.79,2994973389.32,352286866.53,74488133.55,5918.25,6254.93,2549.26,1891.01,329.11,364.94,220.11,505.85,,,,,,,医药生物,医疗器械Ⅱ,医疗器械Ⅲ,333.14,327.33,329.0
sh688301,奕瑞科技,2021-07-26,332.99,333.88,310.0,330.5,333.9,434101.0,138907293.0,5870646712.5,23977056493.0,264628650.41000003,307237669.38,2642686522.79,2994973389.32,352286866.53,74488133.55,9543.31,9384.47,3501.23,3484.59,495.89,626.85,350.3,394.82,,,,,,,医药生物,医疗器械Ⅱ,医疗器械Ⅲ,329.51,325.62,323.37
sh688301,奕瑞科技,2021-07-27,332.0,332.0,301.13,302.0,330.5,582635.0,181144359.0,5364403350.0,21909443452.0,264628650.41000003,307237669.38,2642686522.79,2994973389.32,352286866.53,74488133.55,11942.96,10322.36,5106.16,4816.46,592.62,711.47,472.71,2264.15,,,,,,,医药生物,医疗器械Ⅱ,医疗器械Ⅲ,326.74,326.11,320.18
sh688301,奕瑞科技,2021-07-28,298.2,318.0,294.5,310.64,302.0,331368.0,102330619.0,5517875022.0,22536256668.64,264628650.41000003,307237669.38,2642686522.79,2994973389.32,352286866.53,74488133.55,7773.41,6758.58,1877.4,2692.84,452.08,373.36,136.36,414.47,,,,,,,医药生物,医疗器械Ⅱ,医疗器械Ⅲ,306.45,297.99,307.47
sh688301,奕瑞科技,2021-07-29,310.92,331.98,308.75,314.85,310.64,366418.0,116623947.0,5592656936.25,22841683016.1,264628650.41000003,307237669.38,2642686522.79,2994973389.32,352286866.53,74488133.55,8433.76,8748.6,2686.47,2290.77,474.62,478.83,67.55,144.2,,,,,,,医药生物,医疗器械Ⅱ,医疗器械Ⅲ,326.01,326.5,317.0
sh688301,奕瑞科技,2021-07-30,314.0,317.98,302.22,316.0,314.85,310734.0,96905766.0,5613084300.000001,22925113016.0,264628650.41000003,307237669.38,2642686522.79,2994973389.32,352286866.53,74488133.55,6830.81,6231.72,1762.46,2099.05,549.97,468.65,547.34,891.16,,,,,,,医药生物,医疗器械,医疗设备,315.39,313.23,315.16
sh688301,奕瑞科技,2021-08-02,319.5,357.0,317.0,350.84,316.0,561463.0,190013320.0,6231944607.000001,25452679273.84,264628650.41000003,307237669.38,2642686522.79,2994973389.32,352286866.53,74488133.55,10331.26,12549.67,5864.45,5185.85,872.85,702.26,1932.77,563.55,,,,,,,医药生物,医疗器械,医疗设备,326.06,330.0,329.01
sh688301,奕瑞科技,2021-08-03,346.87,367.68,342.88,350.02,350.84,467966.0,165970065.0,6217379008.5,25393190056.52,264628650.41000003,307237669.38,2642686522.79,2994973389.32,352286866.53,74488133.55,9364.46,12673.82,5791.39,2492.41,627.83,864.34,813.33,566.43,,,,,,,医药生物,医疗器械,医疗设备,365.05,359.97,347.96
sh688301,奕瑞科技,2021-08-04,349.0,390.0,346.0,379.34,350.02,679077.0,250825907.0,6738187969.5,27520292314.84,264628650.41000003,307237669.38,2642686522.79,2994973389.32,352286866.53,74488133.55,15700.65,16886.16,7792.84,6028.81,883.82,803.17,705.28,1364.45,,,,,,,医药生物,医疗器械,医疗设备,354.0,353.72,355.16
sh688301,奕瑞科技,2021-08-05,404.4,436.0,393.0,414.26,379.34,1505686.0,623992819.0,6880993234.5,30053662398.76,322467843.95000005,293309995.09000003,2776074752.4500003,3156330292.4,380255539.95,135262810.28000003,27515.47,26244.25,22667.54,24386.56,1104.36,1115.42,11111.91,10653.05,,,,,,,医药生物,医疗器械,医疗设备,434.97,410.22,410.0
sh688301,奕瑞科技,2021-08-06,419.89,427.0,409.0,414.6,414.26,580734.0,242694765.0,6886640745.0,30078328659.6,322467843.95000005,293309995.09000003,2776074752.4500003,3156330292.4,380255539.95,135262810.28000003,16981.25,12618.01,6361.89,7893.62,421.26,556.5,505.07,3201.34,,,,,,,医药生物,医疗器械,医疗设备,425.0,420.0,420.94
sh688301,奕瑞科技,2021-08-09,422.85,433.3,406.47,416.0,414.6,587096.0,246454404.0,6909895200.0,30179895616.0,322467843.95000005,293309995.09000003,2776074752.4500003,3156330292.4,380255539.95,135262810.28000003,18761.69,13976.62,4372.95,8902.38,965.92,665.78,544.88,1100.66,,,,,,,医药生物,医疗器械,医疗设备,410.39,427.42,413.0
sh688301,奕瑞科技,2021-08-10,421.84,453.13,417.0,423.61,416.0,835100.0,364122646.0,7036299773.25,30731984571.86,322467843.95000005,293309995.09000003,2776074752.4500003,3156330292.4,380255539.95,135262810.28000003,25610.9,21735.76,8093.89,10858.72,1067.9,1397.43,1639.57,2420.36,,,,,,,医药生物,医疗器械,医疗设备,437.49,436.5,441.0
sh688301,奕瑞科技,2021-08-11,429.41,429.41,393.0,409.0,423.61,703725.0,285850972.0,6793622925.0,29672060834.0,322467843.95000005,293309995.09000003,2776074752.4500003,3156330292.4,380255539.95,135262810.28000003,18118.3,19211.74,7855.48,7099.51,902.11,1025.92,1709.21,1247.93,,,,,,,医药生物,医疗器械,医疗设备,417.18,408.03,400.5
sh688301,奕瑞科技,2021-08-12,407.37,416.64,391.37,397.0,409.0,690067.0,278261512.0,6594299025.0,28801486922.0,322467843.95000005,293309995.09000003,2776074752.4500003,3156330292.4,380255539.95,135262810.28000003,19323.14,19461.62,6378.77,5584.26,664.94,866.9,1459.3,1913.37,,,,,,,医药生物,医疗器械,医疗设备,405.55,400.01,404.0
sh688301,奕瑞科技,2021-08-13,402.6,418.78,385.68,390.84,397.0,626355.0,249574454.0,6491979423.0,28354592313.84,322467843.95000005,293309995.09000003,2776074752.4500003,3156330292.4,380255539.95,135262810.28000003,15837.65,17085.67,4667.95,4662.18,601.01,746.54,3850.84,2463.05,,,,,,,医药生物,医疗器械,医疗设备,409.1,402.0,404.44
sh688301,奕瑞科技,2021-08-16,395.85,397.99,373.04,385.0,390.84,343507.0,132423036.0,6394975125.0,27930913010.0,322467843.95000005,293309995.09000003,2776074752.4500003,3156330292.4,380255539.95,135262810.28000003,9655.75,10467.42,2189.97,1662.84,405.11,511.57,991.47,600.47,,,,,,,医药生物,医疗器械,医疗设备,381.97,376.66,380.53
sh688301,奕瑞科技,2021-08-17,385.96,393.69,363.17,368.0,385.0,667407.0,250249346.0,6112599600.0,26697599968.0,322467843.95000005,293309995.09000003,2776074752.4500003,3156330292.4,380255539.95,135262810.28000003,16103.29,17723.63,6280.71,4744.44,597.58,983.55,2043.35,1573.32,,,,,,,医药生物,医疗器械,医疗设备,382.57,379.93,386.17
sh688301,奕瑞科技,2021-08-18,369.5,383.49,366.4,377.14,368.0,560707.0,211189104.0,6264417970.500001,27360687097.64,322467843.95000005,293309995.09000003,2776074752.4500003,3156330292.4,380255539.95,135262810.28000003,13318.85,15103.38,5594.46,4473.78,1033.35,851.95,1172.25,689.8,,,,,,,医药生物,医疗器械,医疗设备,379.0,376.64,381.0
sh688301,奕瑞科技,2021-08-19,374.49,399.0,370.01,389.0,377.14,704995.0,273967509.0,6461416425.0,28221104314.0,322467843.95000005,293309995.09000003,2776074752.4500003,3156330292.4,380255539.95,135262810.28000003,13227.07,17493.22,9493.42,7080.72,798.42,745.7,3877.84,2077.12,,,,,,,医药生物,医疗器械,医疗设备,388.98,384.12,377.1
sh688301,奕瑞科技,2021-08-20,393.0,397.0,367.33,375.0,389.0,416457.0,157464700.0,6228871875.0,27205434750.0,322467843.95000005,293309995.09000003,2776074752.4500003,3156330292.4,380255539.95,135262810.28000003,10645.08,11961.44,3490.51,2281.7,468.44,694.82,1142.44,808.51,,,,,,,医药生物,医疗器械,医疗设备,383.97,385.46,383.63
sh688301,奕瑞科技,2021-08-23,382.5,422.27,375.99,415.5,375.0,710992.0,290665760.0,6901590037.5,30143621703.0,322467843.95000005,293309995.09000003,2776074752.4500003,3156330292.4,380255539.95,135262810.28000003,18106.74,15580.95,8104.3,11857.23,756.26,735.22,2099.27,893.17,,,,,,,医药生物,医疗器械,医疗设备,380.98,383.17,401.83
sh688301,奕瑞科技,2021-08-24,403.6,430.23,396.14,424.68,415.5,436353.0,181407259.0,7054072821.0,30809610745.68,322467843.95000005,293309995.09000003,2776074752.4500003,3156330292.4,380255539.95,135262810.28000003,10032.3,13869.1,5484.84,3241.25,699.67,423.92,1923.91,606.45,,,,,,,医药生物,医疗器械,医疗设备,402.71,408.99,406.6
sh688301,奕瑞科技,2021-08-25,408.0,460.0,408.0,456.0,424.68,759336.0,337136484.0,7574308199.999998,33081808656.0,322467843.95000005,293309995.09000003,2776074752.4500003,3156330292.4,380255539.95,135262810.28000003,20589.4,22457.86,8143.21,8609.09,1274.5,903.33,3706.54,1743.37,,,,,,,医药生物,医疗器械,医疗设备,424.89,432.43,422.81
sh688301,奕瑞科技,2021-08-26,453.01,470.0,427.0,454.0,456.0,698510.0,311805129.0,7541087550.0,32936713004.0,322467843.95000005,293309995.09000003,2776074752.4500003,3156330292.4,380255539.95,135262810.28000003,19944.75,20573.62,8367.26,9370.65,509.66,680.8,2358.85,555.44,,,,,,,医药生物,医疗器械,医疗设备,453.18,452.39,449.4
sh688301,奕瑞科技,2021-08-27,458.16,459.58,431.7,457.1,454.0,414420.0,183650217.0,7592579557.5,33161611264.6,322467843.95000005,293309995.09000003,2776074752.4500003,3156330292.4,380255539.95,135262810.28000003,11400.58,12121.58,5050.73,3052.22,667.13,503.31,1246.58,2687.91,,,,,,,医药生物,医疗器械,医疗设备,441.29,443.92,443.9
sh688301,奕瑞科技,2021-08-30,447.95,454.3,418.3,419.0,457.1,690837.0,295448331.0,6959726175.000001,30397539094.0,322467843.95000005,293309995.09000003,2776074752.4500003,3156330292.4,380255539.95,135262810.28000003,21972.95,16053.88,5174.47,9139.64,810.26,685.31,1587.15,3666.01,,,,,,,医药生物,医疗器械,医疗设备,438.0,431.51,426.56
sh688301,奕瑞科技,2021-08-31,420.68,440.0,420.68,428.28,419.0,353211.0,152086465.0,7113869991.0,31070782919.28,322467843.95000005,293309995.09000003,2776074752.4500003,3156330292.4,380255539.95,135262810.28000003,10632.89,11026.27,3555.12,2957.26,321.7,406.31,698.93,818.82,,,,,,,医药生物,医疗器械,医疗设备,425.0,431.94,437.0
sh688301,奕瑞科技,2021-09-01,427.0,436.95,401.17,411.0,428.28,542994.0,225036070.0,6826843575.0,29817156486.0,322467843.95000005,293309995.09000003,2776074752.4500003,3156330292.4,380255539.95,135262810.28000003,15587.11,14532.65,5881.1,5228.43,507.32,693.92,528.07,2048.62,,,,,,,医药生物,医疗器械,医疗设备,436.95,421.73,426.05
sh688301,奕瑞科技,2021-09-02,411.0,436.0,407.06,425.37,411.0,402445.0,170633053.0,7065533945.25,30859668745.62,322467843.95000005,293309995.09000003,2776074752.4500003,3156330292.4,380255539.95,135262810.28000003,11853.1,9631.66,4223.98,4592.94,481.32,539.03,504.9,2299.67,,,,,,,医药生物,医疗器械,医疗设备,421.96,425.5,428.5
sh688301,奕瑞科技,2021-09-03,425.0,429.99,402.4,411.5,425.37,391072.0,162197032.0,6835148737.5,29853430399.000008,322467843.95000005,293309995.09000003,2776074752.4500003,3156330292.4,380255539.95,135262810.28000003,12288.02,12694.18,2839.7,2922.53,346.29,381.34,745.69,221.65,,,,,,,医药生物,医疗器械,医疗设备,420.03,425.0,420.27
sh688301,奕瑞科技,2021-09-06,419.47,432.0,406.51,419.0,411.5,381410.0,160653064.0,6959726175.000001,30397539094.0,322467843.95000005,293309995.09000003,2776074752.4500003,3156330292.4,380255539.95,135262810.28000003,11700.15,10557.43,3469.39,3007.26,485.16,487.31,410.6,2013.31,,,,,,,医药生物,医疗器械,医疗设备,408.0,421.16,425.33
sh688301,奕瑞科技,2021-09-07,419.7,419.8,402.0,411.02,419.0,311237.0,127607082.0,6827175781.5,29818607442.52,322467843.95000005,293309995.09000003,2776074752.4500003,3156330292.4,380255539.95,135262810.28000003,9215.34,9541.15,2906.57,2497.95,325.25,420.02,313.54,301.6,,,,,,,医药生物,医疗器械,医疗设备,409.03,413.79,411.78
sh688301,奕瑞科技,2021-09-08,406.5,418.39,383.0,386.03,411.02,567211.0,222979181.0,6412083759.75,28005637270.780003,322467843.95000005,293309995.09000003,2776074752.4500003,3156330292.4,380255539.95,135262810.28000003,15801.89,14538.01,4429.32,4470.11,608.16,663.3,1458.55,2626.49,,,,,,,医药生物,医疗器械,医疗设备,404.93,411.89,406.43
sh688301,奕瑞科技,2021-09-09,385.54,389.29,371.1,375.0,386.03,397606.0,150483762.0,6228871875.0,27205434750.0,322467843.95000005,293309995.09000003,2776074752.4500003,3156330292.4,380255539.95,135262810.28000003,11444.68,8345.37,2370.33,5875.06,478.22,502.47,740.07,310.4,,,,,,,医药生物,医疗器械,医疗设备,374.12,383.18,388.97
sh688301,奕瑞科技,2021-09-10,373.0,378.5,351.77,371.85,375.0,518926.0,189514113.0,6176549351.25,26976909098.1,322467843.95000005,293309995.09000003,2776074752.4500003,3156330292.4,380255539.95,135262810.28000003,13377.89,13495.87,3730.89,3327.34,550.2,557.56,1292.44,1570.65,,,,,,,医药生物,医疗器械,医疗设备,372.15,372.15,369.74
sh688301,奕瑞科技,2021-09-13,380.29,382.99,352.0,356.01,371.85,450564.0,163768898.0,5913441803.25,25827751534.26,322467843.95000005,293309995.09000003,2776074752.4500003,3156330292.4,380255539.95,135262810.28000003,11318.61,11656.15,2848.17,3326.09,552.06,796.66,1658.04,597.99,,,,,,,医药生物,医疗器械,医疗设备,371.89,368.47,369.28
sh688301,奕瑞科技,2021-09-14,355.01,373.0,352.67,355.26,356.01,450945.0,163995536.0,5900984059.5,25773340664.76,322467843.95000005,293309995.09000003,2776074752.4500003,3156330292.4,380255539.95,135262810.28000003,12070.41,10874.09,2793.17,4090.94,418.37,554.75,1117.61,879.77,,,,,,,医药生物,医疗器械,医疗设备,356.37,364.01,371.72
sh688301,奕瑞科技,2021-09-15,355.26,362.43,340.0,345.42,355.26,704700.0,244717553.0,5737538461.5,25059470056.92,322467843.95000005,293309995.09000003,2776074752.4500003,3156330292.4,380255539.95,135262810.28000003,19249.19,14560.46,2898.24,5641.49,1224.56,1687.12,1099.76,2582.69,,,,,,,医药生物,医疗器械,医疗设备,348.24,351.94,344.78
sh688301,奕瑞科技,2021-09-16,353.39,365.0,342.71,349.6,345.42,458222.0,160855565.0,5806969620.000001,25362719969.6,322467843.95000005,293309995.09000003,2776074752.4500003,3156330292.4,380255539.95,135262810.28000003,13139.63,12083.98,1698.88,2982.41,657.16,690.15,589.88,329.02,,,,,,,医药生物,医疗器械,医疗设备,357.0,356.82,353.91
sh688301,奕瑞科技,2021-09-17,355.0,355.0,333.0,337.79,349.6,614480.0,210375765.0,5610801681.75,24505930144.54,322467843.95000005,293309995.09000003,2776074752.4500003,3156330292.4,380255539.95,135262810.28000003,13515.72,15134.12,5299.62,2668.85,921.58,932.83,1300.65,2301.78,,,,,,,医药生物,医疗器械,医疗设备,338.32,335.0,339.68
sh688301,奕瑞科技,2021-09-22,333.0,380.0,333.0,372.39,337.79,1120066.0,405271273.0,15174944634.6,27016084924.14,322467843.95000005,293309995.09000003,2776074752.4500003,3156330292.4,380255539.95,135262810.28000003,21547.8,23878.39,10987.06,9246.11,1520.18,1717.46,6472.09,5685.16,,,,,,,医药生物,医疗器械,医疗设备,343.55,343.5,348.8
sh688301,奕瑞科技,2021-09-23,365.0,394.59,360.71,385.38,372.39,812058.0,308005084.0,15704288953.2,27958481183.88,322467843.95000005,293309995.09000003,2776074752.4500003,3156330292.4,380255539.95,135262810.28000003,18164.23,23320.24,8725.27,5523.36,868.56,1242.48,3026.9,698.89,,,,,,,医药生物,医疗器械,医疗设备,362.33,368.97,371.51
sh688301,奕瑞科技,2021-09-24,396.0,405.0,386.03,397.0,385.38,499785.0,198145167.0,16177805580.0,28801486922.0,322467843.95000005,293309995.09000003,2776074752.4500003,3156330292.4,380255539.95,135262810.28000003,9694.88,12002.39,5305.09,5678.61,478.82,550.63,4335.73,1582.88,,,,,,,医药生物,医疗器械,医疗设备,399.99,401.03,396.0
sh688301,奕瑞科技,2021-09-27,398.0,432.0,392.01,420.8,397.0,612826.0,252630100.0,17147658912.0,30528125180.8,322467843.95000005,293309995.09000003,2776074752.4500003,3156330292.4,380255539.95,135262810.28000003,13838.77,12684.55,9407.54,8688.42,632.7,476.56,1384.0,3413.47,,,,,,,医药生物,医疗器械,医疗设备,400.0,395.0,410.0
sh688301,奕瑞科技,2021-09-28,422.0,429.8,406.74,413.3,420.8,572456.0,237314700.0,16842032862.0,29984016485.8,322467843.95000005,293309995.09000003,2776074752.4500003,3156330292.4,380255539.95,135262810.28000003,15117.56,14217.21,3965.17,7199.24,453.95,497.43,4194.8,1817.59,,,,,,,医药生物,医疗器械,医疗设备,420.41,408.0,413.55
sh688301,奕瑞科技,2021-09-29,411.81,420.04,398.69,400.36,413.3,354059.0,143838017.0,16314726050.4,29045247617.36,322467843.95000005,293309995.09000003,2776074752.4500003,3156330292.4,380255539.95,135262810.28000003,10573.47,10222.77,2378.82,3188.89,186.33,257.74,1245.17,714.41,,,,,,,医药生物,医疗器械,医疗设备,410.28,409.43,412.3
sh688301,奕瑞科技,2021-09-30,405.69,428.18,393.99,418.8,400.36,579355.0,242013197.0,17066158632.0,30383029528.800007,322467843.95000005,293309995.09000003,2776074752.4500003,3156330292.4,380255539.95,135262810.28000003,13896.5,12908.46,6770.98,7362.36,445.51,400.15,3088.33,3530.36,,,,,,,医药生物,医疗器械,医疗设备,404.67,404.06,402.38
sh688301,奕瑞科技,2021-10-08,419.55,423.99,383.38,406.02,418.8,701130.0,281186842.0,16545371842.8,29455868312.52,322467843.95000005,293309995.09000003,2776074752.4500003,3156330292.4,380255539.95,135262810.28000003,17097.06,16368.12,5806.77,8494.72,663.86,666.93,4550.99,2588.91,,,,,,,医药生物,医疗器械,医疗设备,404.43,406.92,403.01
sh688301,奕瑞科技,2021-10-11,402.35,432.0,399.63,420.41,406.02,463620.0,193792650.0,17131766357.4,30499831528.66,322467843.95000005,293309995.09000003,2776074752.4500003,3156330292.4,380255539.95,135262810.28000003,13298.43,13002.0,4913.43,4681.0,484.21,570.53,683.2,1125.74,,,,,,,医药生物,医疗器械,医疗设备,403.32,405.42,408.5
sh688301,奕瑞科技,2021-10-12,408.0,409.5,367.5,376.02,420.41,713897.0,273936656.0,15322867642.8,27279433532.52,322467843.95000005,293309995.09000003,2776074752.4500003,3156330292.4,380255539.95,135262810.28000003,14602.2,13314.02,8212.22,9601.37,625.16,925.99,3954.08,3552.29,,,,,,,医药生物,医疗器械,医疗设备,398.97,392.26,393.93
sh688301,奕瑞科技,2021-10-13,373.1,410.99,372.38,405.61,376.02,650723.0,261190816.0,16528664285.4,29426123703.86,322467843.95000005,293309995.09000003,2776074752.4500003,3156330292.4,380255539.95,135262810.28000003,20279.95,14764.24,4233.02,6617.52,670.05,548.87,936.07,4188.46,,,,,,,医药生物,医疗器械,医疗设备,395.43,397.01,401.26
sh688301,奕瑞科技,2021-10-14,420.85,423.95,401.27,410.48,405.61,448562.0,184833252.0,16727117467.2,29779431616.48,322467843.95000005,293309995.09000003,2776074752.4500003,3156330292.4,380255539.95,135262810.28000003,13260.97,13748.19,4042.07,3598.61,395.39,522.72,784.9,613.81,,,,,,,医药生物,医疗器械,医疗设备,410.0,404.29,408.87
sh688301,奕瑞科技,2021-10-15,403.89,418.49,391.0,411.0,410.48,336859.0,137099270.0,16748307540.0,29817156486.0,322467843.95000005,293309995.09000003,2776074752.4500003,3156330292.4,380255539.95,135262810.28000003,11618.68,10293.04,1631.84,2359.06,328.75,372.78,130.66,685.04,,,,,,,医药生物,医疗器械,医疗设备,395.0,395.8,396.0
sh688301,奕瑞科技,2021-10-18,417.57,417.57,390.0,396.21,411.0,476175.0,189421715.0,16145612969.4,28744174139.46,322467843.95000005,293309995.09000003,2776074752.4500003,3156330292.4,380255539.95,135262810.28000003,12076.84,13646.03,3677.08,3563.65,429.93,503.49,2670.54,1141.24,,,,,,,医药生物,医疗器械,医疗设备,403.0,399.07,407.0
sh688301,奕瑞科技,2021-10-19,402.0,407.99,388.79,397.0,396.21,256815.0,101821780.0,16177805580.0,28801486922.0,322467843.95000005,293309995.09000003,2776074752.4500003,3156330292.4,380255539.95,135262810.28000003,7244.57,7691.43,2519.0,1723.79,410.66,457.85,7.94,309.11,,,,,,,医药生物,医疗器械,医疗设备,403.29,397.97,392.41
sh688301,奕瑞科技,2021-10-20,389.47,406.92,388.05,397.04,397.0,353428.0,140591886.0,16179435585.6,28804388835.04,322467843.95000005,293309995.09000003,2776074752.4500003,3156330292.4,380255539.95,135262810.28000003,8862.01,11092.06,2571.75,1812.09,235.36,362.6,2390.07,792.44,,,,,,,医药生物,医疗器械,医疗设备,404.42,400.0,393.4
sh688301,奕瑞科技,2021-10-21,398.4,424.32,392.0,415.0,397.04,446375.0,185133814.0,16911308100.0,30107347790.0,322467843.95000005,293309995.09000003,2776074752.4500003,3156330292.4,380255539.95,135262810.28000003,12730.2,13363.06,4250.43,4569.22,302.47,269.69,1230.28,311.41,,,,,,,医药生物,医疗器械,医疗设备,407.19,410.26,416.3
sh688301,奕瑞科技,2021-10-22,438.05,472.69,431.99,466.0,415.0,1274298.0,579832763.0,18989565240.0,33807286916.0,392358738.34000003,242870666.23999998,2889130480.73,3200415782.88,311285302.15,116093504.64000002,38040.5,31905.79,14209.29,13278.97,1967.64,966.31,3765.84,11832.21,,,,,,,医药生物,医疗器械,医疗设备,444.96,438.94,453.56
sh688301,奕瑞科技,2021-10-25,466.01,485.0,462.79,472.63,466.0,822114.0,391272617.0,19259738668.2,34288279002.38,392358738.34000003,242870666.23999998,2889130480.73,3200415782.88,311285302.15,116093504.64000002,27271.89,26028.67,9113.03,9728.26,684.32,732.34,2058.02,2637.99,,,,,,,医药生物,医疗器械,医疗设备,469.84,473.75,479.76
sh688301,奕瑞科技,2021-10-26,472.04,474.0,458.0,461.0,472.63,679871.0,317016029.0,18785814540.0,33444547786.0,392358738.34000003,242870666.23999998,2889130480.73,3200415782.88,311285302.15,116093504.64000002,22946.29,22127.93,5965.69,6749.44,1035.36,836.24,1754.26,1988.0,,,,,,,医药生物,医疗器械,医疗设备,462.8,465.6,470.4
sh688301,奕瑞科技,2021-10-27,461.0,463.0,446.0,448.5,461.0,551525.0,249673071.0,18153369390.0,32537699961.0,392358738.34000003,242870666.23999998,2889130480.73,3200415782.88,311285302.15,116093504.64000002,15931.09,17217.14,5621.65,5703.87,352.19,430.29,3062.37,1616.01,,,,,,,医药生物,医疗器械,医疗设备,457.0,458.25,454.5
sh688301,奕瑞科技,2021-10-28,443.49,462.87,443.49,445.0,448.5,434563.0,196307998.0,18133812300.0,32283782570.000008,392358738.34000003,242870666.23999998,2889130480.73,3200415782.88,311285302.15,116093504.64000002,13736.92,13254.83,4369.44,4266.08,280.69,209.44,1243.76,1900.45,,,,,,,医药生物,医疗器械,医疗设备,459.0,456.66,458.92
sh688301,奕瑞科技,2021-10-29,445.71,473.09,444.62,453.55,445.0,576079.0,264445014.0,18482225997.0,32904066482.3,392358738.34000003,242870666.23999998,2889130480.73,3200415782.88,311285302.15,116093504.64000002,19559.56,19546.83,4171.15,5013.7,762.84,926.12,1950.95,957.85,,,,,,,医药生物,医疗器械,医疗设备,449.24,458.04,469.51
sh688301,奕瑞科技,2021-11-01,460.0,468.0,437.07,447.76,453.55,559913.0,254993700.0,18246282686.4,32484014569.76,392358738.34000003,242870666.23999998,2889130480.73,3200415782.88,311285302.15,116093504.64000002,18855.27,18978.27,4531.11,5081.94,593.74,655.23,1519.25,783.92,,,,,,,医药生物,医疗器械,医疗设备,446.21,448.66,452.48
sh688301,奕瑞科技,2021-11-02,464.79,475.0,448.0,453.92,447.76,853285.0,395078231.0,18497303548.8,32930909177.92,392358738.34000003,242870666.23999998,2889130480.73,3200415782.88,311285302.15,116093504.64000002,28568.14,23272.39,6689.49,11986.98,719.74,657.29,3530.46,3591.16,,,,,,,医药生物,医疗器械,医疗设备,457.03,459.78,451.6
sh688301,奕瑞科技,2021-11-03,464.54,464.54,435.12,440.0,453.92,571774.0,253835181.0,17930061600.0,31921043440.0,392358738.34000003,242870666.23999998,2889130480.73,3200415782.88,311285302.15,116093504.64000002,16534.58,18090.78,6455.05,5680.31,492.91,491.91,1900.97,1120.52,,,,,,,医药生物,医疗器械,医疗设备,451.78,450.96,450.98
sh688301,奕瑞科技,2021-11-04,438.52,506.98,438.52,468.33,440.0,1213853.0,580213058.0,19084513066.2,33976323350.58,392358738.34000003,242870666.23999998,2889130480.73,3200415782.88,311285302.15,116093504.64000002,39227.75,33132.31,15467.45,19314.87,1068.02,922.41,2258.09,4651.73,,,,,,,医药生物,医疗器械,医疗设备,457.33,467.77,471.55
sh688301,奕瑞科技,2021-11-05,471.45,472.98,450.0,450.31,468.33,482212.0,219701143.0,18350195543.4,32669011526.06,392358738.34000003,242870666.23999998,2889130480.73,3200415782.88,311285302.15,116093504.64000002,17689.33,17824.02,3107.25,3391.92,789.23,594.52,384.31,159.66,,,,,,,医药生物,医疗器械,医疗设备,459.03,458.5,455.15
sh688301,奕瑞科技,2021-11-08,450.31,450.31,428.0,441.0,450.31,494356.0,216518986.0,17970811740.0,31993591266.0,392358738.34000003,242870666.23999998,2889130480.73,3200415782.88,311285302.15,116093504.64000002,15946.4,15371.79,4086.04,4773.8,612.58,507.49,1006.88,998.81,,,,,,,医药生物,医疗器械,医疗设备,441.0,438.99,432.69
sh688301,奕瑞科技,2021-11-09,443.98,466.0,435.03,453.0,441.0,389668.0,177763124.0,18459813420.0,32864165178.0,392358738.34000003,242870666.23999998,2889130480.73,3200415782.88,311285302.15,116093504.64000002,11205.62,9815.81,4907.71,4555.24,388.74,418.98,1274.25,2986.29,,,,,,,医药生物,医疗器械,医疗设备,444.32,443.63,447.08
sh688301,奕瑞科技,2021-11-10,448.81,464.3,442.87,448.78,453.0,276187.0,124102470.0,18287847829.2,32558013352.28,392358738.34000003,242870666.23999998,2889130480.73,3200415782.88,311285302.15,116093504.64000002,9471.27,10232.13,2351.27,1875.4,213.37,302.71,374.34,0.0,,,,,,,医药生物,医疗器械,医疗设备,459.9,455.29,455.71
sh688301,奕瑞科技,2021-11-11,447.11,454.97,432.57,451.97,448.78,411533.0,183134517.0,18417840775.8,32789440917.22,392358738.34000003,242870666.23999998,2889130480.73,3200415782.88,311285302.15,116093504.64000002,14458.72,14989.29,2754.57,2422.62,420.1,526.83,680.07,374.71,,,,,,,医药生物,医疗器械,医疗设备,449.83,445.0,442.22
sh688301,奕瑞科技,2021-11-12,449.0,464.4,443.05,445.2,451.97,282484.0,127990772.0,18141962328.0,32298292135.2,392358738.34000003,242870666.23999998,2889130480.73,3200415782.88,311285302.15,116093504.64000002,8481.6,9195.23,3126.59,3290.55,242.99,194.19,947.89,119.1,,,,,,,医药生物,医疗器械,医疗设备,453.35,455.0,459.5
sh688301,奕瑞科技,2021-11-15,444.0,449.02,436.67,446.1,445.2,278571.0,123623498.0,18178637454.0,32363585178.6,392358738.34000003,242870666.23999998,2889130480.73,3200415782.88,311285302.15,116093504.64000002,8378.79,9041.43,2262.28,2958.62,222.93,249.04,1498.35,113.26,,,,,,,医药生物,医疗器械,医疗设备,445.57,445.22,445.81
sh688301,奕瑞科技,2021-11-16,439.0,455.5,431.66,439.0,446.1,511330.0,225423504.0,17889311460.0,31848495614.0,392358738.34000003,242870666.23999998,2889130480.73,3200415782.88,311285302.15,116093504.64000002,13734.17,14060.39,5806.6,6992.84,512.07,584.05,2489.5,905.07,,,,,,,医药生物,医疗器械,医疗设备,445.03,441.61,443.33
sh688301,奕瑞科技,2021-11-17,437.99,478.95,436.55,473.5,439.0,643124.0,295327716.0,19295191290.0,34351395611.0,392358738.34000003,242870666.23999998,2889130480.73,3200415782.88,311285302.15,116093504.64000002,21128.82,16707.0,6178.72,10026.5,885.49,454.45,1339.73,2344.82,,,,,,,医药生物,医疗器械,医疗设备,438.35,443.0,440.49
sh688301,奕瑞科技,2021-11-18,471.66,491.0,463.26,481.94,473.5,602261.0,289257402.0,19639122471.6,34963699262.44,392358738.34000003,242870666.23999998,2889130480.73,3200415782.88,311285302.15,116093504.64000002,19476.85,16532.43,6138.75,8059.12,338.73,411.52,2971.41,3922.67,,,,,,,医药生物,医疗器械,医疗设备,468.81,476.34,483.41
sh688301,奕瑞科技,2021-11-19,483.8,498.5,479.14,483.88,481.94,424179.0,206678058.0,19718177743.2,35104442044.88,392358738.34000003,242870666.23999998,2889130480.73,3200415782.88,311285302.15,116093504.64000002,15734.12,15948.13,4146.59,3525.4,431.5,446.3,355.59,747.98,,,,,,,医药生物,医疗器械,医疗设备,483.29,496.0,491.97
sh688301,奕瑞科技,2021-11-22,483.8,512.97,483.8,503.29,483.88,476382.0,238762074.0,20509137960.6,36512595347.54,392358738.34000003,242870666.23999998,2889130480.73,3200415782.88,311285302.15,116093504.64000002,17414.54,13649.68,4417.67,7305.63,455.16,345.24,1588.83,2575.66,,,,,,,医药生物,医疗器械,医疗设备,495.0,500.71,501.0
sh688301,奕瑞科技,2021-11-23,502.17,532.32,502.17,517.99,503.29,464641.0,242271498.0,21108165018.6,37579048389.74,392358738.34000003,242870666.23999998,2889130480.73,3200415782.88,311285302.15,116093504.64000002,20997.04,18055.92,2342.08,4372.46,814.23,785.48,73.8,1013.28,,,,,,,医药生物,医疗器械,医疗设备,513.0,512.89,514.5
sh688301,奕瑞科技,2021-11-24,517.78,550.0,514.64,532.65,517.99,611279.0,325928793.0,21705562071.000004,38642599518.9,392358738.34000003,242870666.23999998,2889130480.73,3200415782.88,311285302.15,116093504.64000002,22209.07,18912.92,5847.71,7354.06,1290.27,659.07,3245.83,5666.83,,,,,,,医药生物,医疗器械,医疗设备,521.93,534.0,542.05
sh688301,奕瑞科技,2021-11-25,529.32,558.94,529.32,553.0,532.65,537478.0,295744344.0,22534827420.0,40118947778.0,392358738.34000003,242870666.23999998,2889130480.73,3200415782.88,311285302.15,116093504.64000002,23397.82,21868.49,4241.97,5200.29,899.96,1087.16,1034.68,1418.49,,,,,,,医药生物,医疗器械,医疗设备,548.02,557.9,553.99
sh688301,奕瑞科技,2021-11-26,558.87,559.45,520.04,534.0,553.0,633716.0,338951881.0,21760574760.0,38740539084.0,392358738.34000003,242870666.23999998,2889130480.73,3200415782.88,311285302.15,116093504.64000002,21958.1,24058.71,7672.5,6594.6,629.2,809.1,3635.39,2432.78,,,,,,,医药生物,医疗器械,医疗设备,529.8,527.0,533.98
sh688301,奕瑞科技,2021-11-29,534.0,548.0,526.19,540.0,534.0,407365.0,219089178.0,22005075600.0,39175826040.0,392358738.34000003,242870666.23999998,2889130480.73,3200415782.88,311285302.15,116093504.64000002,16207.01,13216.98,5035.99,6410.06,562.96,466.0,102.95,1815.88,,,,,,,医药生物,医疗器械,医疗设备,539.1,537.45,540.04
sh688301,奕瑞科技,2021-11-30,547.23,556.88,530.0,548.0,540.0,351285.0,192386688.0,22331076720.0,39756208648.0,392358738.34000003,242870666.23999998,2889130480.73,3200415782.88,311285302.15,116093504.64000002,15704.52,14208.85,3019.96,4224.64,514.18,246.91,0.0,558.27,,,,,,,医药生物,医疗器械,医疗设备,540.45,544.32,542.49
sh688301,奕瑞科技,2021-12-01,550.01,562.59,531.76,537.0,548.0,389995.0,210906103.0,21882825180.0,38958182562.0,392358738.34000003,242870666.23999998,2889130480.73,3200415782.88,311285302.15,116093504.64000002,16766.45,14638.24,3645.43,4056.51,464.53,281.58,214.2,2114.28,,,,,,,医药生物,医疗器械,医疗设备,553.84,555.76,538.24
sh688301,奕瑞科技,2021-12-02,544.98,548.0,531.31,535.35,537.0,502580.0,270576092.0,21815587449.0,38838478649.1,392358738.34000003,242870666.23999998,2889130480.73,3200415782.88,311285302.15,116093504.64000002,19694.23,16541.25,6136.44,9863.18,441.46,352.87,785.49,300.31,,,,,,,医药生物,医疗器械,医疗设备,543.24,543.4,539.68
sh688301,奕瑞科技,2021-12-03,543.38,562.91,528.11,535.0,535.35,586341.0,320048556.0,21801324900.000004,38813086910.0,392358738.34000003,242870666.23999998,2889130480.73,3200415782.88,311285302.15,116093504.64000002,19485.84,19012.42,9863.19,4873.66,405.48,332.59,2250.35,7786.18,,,,,,,医药生物,医疗器械,医疗设备,556.99,549.99,553.4
sh688301,奕瑞科技,2021-12-06,530.49,559.31,512.0,520.5,535.0,543143.0,286839452.0,21210447870.0,37761143433.0,392358738.34000003,242870666.23999998,2889130480.73,3200415782.88,311285302.15,116093504.64000002,22089.24,22214.87,5972.78,4664.87,375.75,577.3,246.18,1226.91,,,,,,,医药生物,医疗器械,医疗设备,546.63,535.99,536.13
sh688301,奕瑞科技,2021-12-07,515.5,527.33,491.53,506.21,520.5,479395.0,243416755.0,20628128369.4,36724434999.46,392358738.34000003,242870666.23999998,2889130480.73,3200415782.88,311285302.15,116093504.64000002,17287.12,17754.32,4319.21,4126.87,344.49,501.33,2390.86,1959.15,,,,,,,医药生物,医疗器械,医疗设备,514.34,516.0,520.0
sh688301,奕瑞科技,2021-12-08,513.8,550.0,508.81,546.83,506.21,493681.0,264839359.0,22283399056.2,39671327691.58,392358738.34000003,242870666.23999998,2889130480.73,3200415782.88,311285302.15,116093504.64000002,17493.89,17104.46,6973.37,7552.62,493.29,370.2,1523.38,1456.65,,,,,,,医药生物,医疗器械,医疗设备,521.48,524.72,527.88
sh688301,奕瑞科技,2021-12-09,552.75,552.75,537.97,542.58,546.83,286128.0,155309916.0,22110210961.2,39362999431.08,392358738.34000003,242870666.23999998,2889130480.73,3200415782.88,311285302.15,116093504.64000002,11439.55,12541.37,3140.34,1901.8,420.2,470.15,530.9,617.66,,,,,,,医药生物,医疗器械,医疗设备,543.68,544.14,542.2
sh688301,奕瑞科技,2021-12-10,540.4,565.55,530.0,564.44,542.58,427461.0,236725765.0,23001009021.6,40948894907.44,392358738.34000003,242870666.23999998,2889130480.73,3200415782.88,311285302.15,116093504.64000002,12416.51,14959.08,6233.67,5370.67,323.41,229.88,4698.99,3112.94,,,,,,,医药生物,医疗器械,医疗设备,539.08,532.99,534.34
sh688301,奕瑞科技,2021-12-13,557.76,559.12,542.01,548.71,564.44,392715.0,215817149.0,22360009319.4,39807717604.46,392358738.34000003,242870666.23999998,2889130480.73,3200415782.88,311285302.15,116093504.64000002,14582.37,14010.7,4608.66,5977.6,786.67,500.78,1604.02,1092.63,,,,Y,,,医药生物,医疗器械,医疗设备,556.28,549.29,553.0
sh688301,奕瑞科技,2021-12-14,546.51,554.99,536.5,537.1,548.71,268669.0,145609661.0,21886900194.0,38965437344.6,392358738.34000003,242870666.23999998,2889130480.73,3200415782.88,311285302.15,116093504.64000002,10317.47,9527.72,2678.98,3481.4,251.94,213.56,1312.58,1338.29,,,,Y,,,医药生物,医疗器械,医疗设备,550.91,541.08,540.1
sh688301,奕瑞科技,2021-12-15,542.1,547.91,525.46,526.5,537.1,325530.0,174969622.0,21454948710.0,38196430389.0,392358738.34000003,242870666.23999998,2889130480.73,3200415782.88,311285302.15,116093504.64000002,13218.67,9528.67,3261.71,6580.53,387.03,357.73,629.55,1030.03,,,,Y,,,医药生物,医疗器械,医疗设备,536.77,536.13,539.28
sh688301,奕瑞科技,2021-12-16,536.3,549.97,518.79,524.33,526.5,281273.0,148615106.0,21366520906.2,38039001606.58,392358738.34000003,242870666.23999998,2889130480.73,3200415782.88,311285302.15,116093504.64000002,11129.55,10345.27,2557.45,3475.74,351.84,232.11,822.68,808.39,,,,Y,,,医药生物,医疗器械,医疗设备,549.97,534.0,535.0
sh688301,奕瑞科技,2021-12-17,519.0,526.99,511.55,519.47,524.33,202842.0,105134736.0,21168475225.8,37686419172.22,392358738.34000003,242870666.23999998,2889130480.73,3200415782.88,311285302.15,116093504.64000002,7737.13,8257.49,1478.24,1953.29,229.55,162.83,1068.55,139.86,,,,Y,,,医药生物,医疗器械,医疗设备,521.25,519.2,518.5
sh688301,奕瑞科技,2021-12-20,524.8,524.8,500.0,511.78,519.47,294560.0,150206619.0,20855106649.2,37128526390.28,392358738.34000003,242870666.23999998,2889130480.73,3200415782.88,311285302.15,116093504.64000002,10521.1,11752.33,3512.61,2504.22,494.78,526.86,492.18,237.25,,,,Y,,,医药生物,医疗器械,医疗设备,514.49,516.84,515.44
sh688301,奕瑞科技,2021-12-21,505.26,522.4,500.0,503.0,511.78,300646.0,151965269.0,20497320420.0,36491556478.0,392358738.34000003,242870666.23999998,2889130480.73,3200415782.88,311285302.15,116093504.64000002,11062.38,11029.95,3100.31,2497.81,287.79,404.71,746.04,1264.06,,,,Y,,,医药生物,医疗器械,医疗设备,512.29,505.88,509.69
sh688301,奕瑞科技,2021-12-22,505.0,540.0,499.02,528.66,503.0,402101.0,210513119.0,21542969012.4,38353133693.16,392358738.34000003,242870666.23999998,2889130480.73,3200415782.88,311285302.15,116093504.64000002,14886.3,13858.38,5349.99,6068.17,341.24,332.87,473.78,791.89,,,,Y,,,医药生物,医疗器械,医疗设备,509.07,505.0,505.57
sh688301,奕瑞科技,2021-12-23,525.0,534.0,502.0,516.65,528.66,450545.0,231809816.0,21053559831.0,37481834302.9,392358738.34000003,242870666.23999998,2889130480.73,3200415782.88,311285302.15,116093504.64000002,15655.66,13900.5,5790.62,4459.24,267.49,324.51,1467.21,4496.73,,,,Y,,,医药生物,医疗器械,医疗设备,518.03,514.15,513.96
sh688301,奕瑞科技,2021-12-24,513.0,530.99,500.9,508.87,516.65,349996.0,179429162.0,20736523741.8,36917412216.62,392358738.34000003,242870666.23999998,2889130480.73,3200415782.88,311285302.15,116093504.64000002,12165.22,10183.01,3535.72,3669.98,277.05,321.99,1964.93,3767.94,,,,Y,,,医药生物,医疗器械,医疗设备,523.82,526.9,528.52
sh688301,奕瑞科技,2021-12-27,508.85,515.3,481.93,484.99,508.87,535875.0,264462498.0,19763410398.6,35184970131.740005,392358738.34000003,242870666.23999998,2889130480.73,3200415782.88,311285302.15,116093504.64000002,20352.02,17440.14,3530.05,6924.22,383.1,409.86,2181.08,1672.03,,,,Y,,,医药生物,医疗器械,医疗设备,506.44,502.48,501.8
sh688301,奕瑞科技,2021-12-28,488.0,505.88,482.2,499.02,484.99,276118.0,136791480.0,20335134862.8,36202816130.52,392358738.34000003,242870666.23999998,2889130480.73,3200415782.88,311285302.15,116093504.64000002,11481.26,11479.4,1694.36,1193.58,342.97,393.48,160.56,612.69,,,,Y,,,医药生物,医疗器械,医疗设备,500.96,497.64,498.5
sh688301,奕瑞科技,2021-12-29,499.02,499.02,473.05,488.3,499.02,302168.0,147389835.0,19898293362.0,35425103435.8,392358738.34000003,242870666.23999998,2889130480.73,3200415782.88,311285302.15,116093504.64000002,11952.3,11733.21,1882.25,2020.68,456.6,373.2,447.83,611.89,,,,Y,,,医药生物,医疗器械,医疗设备,479.08,487.3,490.49
sh688301,奕瑞科技,2021-12-30,488.3,518.57,488.22,507.66,488.3,360911.0,182764343.0,20687216072.4,36829629347.16,392358738.34000003,242870666.23999998,2889130480.73,3200415782.88,311285302.15,116093504.64000002,13279.17,13340.93,3063.21,4461.78,206.63,270.74,1727.43,202.98,,,,Y,,,医药生物,医疗器械,医疗设备,496.0,498.97,493.78
sh688301,奕瑞科技,2021-12-31,501.1,512.16,488.0,496.9,507.66,290639.0,144149279.0,20248744566.0,36049014739.4,392358738.34000003,242870666.23999998,2889130480.73,3200415782.88,311285302.15,116093504.64000002,10115.91,12730.38,2903.58,1247.93,234.96,322.54,1160.49,114.08,,,,Y,,,医药生物,医疗器械,医疗设备,507.63,510.34,505.48
sh688301,奕瑞科技,2022-01-04,491.93,502.7,475.76,480.5,496.9,367719.0,179908698.0,19580442270.0,34859230393.0,392358738.34000003,242870666.23999998,2889130480.73,3200415782.88,311285302.15,116093504.64000002,13524.27,14041.05,3190.73,2788.86,221.73,313.02,1054.14,847.95,,,,Y,,,医药生物,医疗器械,医疗设备,495.29,500.89,491.42
sh688301,奕瑞科技,2022-01-05,470.0,481.98,438.97,448.97,480.5,801730.0,360657076.0,18295590355.8,32571797439.22,392358738.34000003,242870666.23999998,2889130480.73,3200415782.88,311285302.15,116093504.64000002,25903.5,19631.6,8633.25,11250.24,455.72,589.77,1073.23,4594.1,,,,Y,,,医药生物,医疗器械,医疗设备,458.88,452.0,452.03
sh688301,奕瑞科技,2022-01-06,456.78,468.2,446.0,450.98,448.97,553313.0,250831090.0,18377498137.2,32717618569.48,392358738.34000003,242870666.23999998,2889130480.73,3200415782.88,311285302.15,116093504.64000002,17898.32,18592.97,3314.8,4910.94,761.69,464.85,3108.3,1114.35,,,,Y,,,医药生物,医疗器械,医疗设备,456.59,451.28,456.61
sh688301,奕瑞科技,2022-01-07,448.0,457.96,434.23,438.0,450.98,417866.0,185001696.0,17848561320.0,31775947788.0,392358738.34000003,242870666.23999998,2889130480.73,3200415782.88,311285302.15,116093504.64000002,14099.33,13343.82,3822.79,3137.28,446.65,571.06,131.4,1448.01,,,,Y,,,医药生物,医疗器械,医疗设备,448.0,444.64,447.22
sh688301,奕瑞科技,2022-01-10,442.72,451.51,430.63,442.9,438.0,384041.0,169608013.0,18048237006.0,32131432135.4,392358738.34000003,242870666.23999998,2889130480.73,3200415782.88,311285302.15,116093504.64000002,13673.88,13707.05,2454.76,2665.81,464.44,367.83,367.73,220.11,,,,Y,,,医药生物,医疗器械,医疗设备,434.78,439.62,435.68
sh688301,奕瑞科技,2022-01-11,440.0,442.71,412.0,415.85,442.9,1098698.0,462738153.0,16945945719.000004,30169013442.1,392358738.34000003,242870666.23999998,2889130480.73,3200415782.88,311285302.15,116093504.64000002,34236.87,25839.18,9829.5,15263.55,1088.85,1176.17,1118.59,3994.92,,,,Y,,,医药生物,医疗器械,医疗设备,422.9,421.55,418.84
sh688301,奕瑞科技,2022-01-12,417.88,438.46,417.88,432.05,415.85,809653.0,346526252.0,17606097987.0,31344288223.3,392358738.34000003,242870666.23999998,2889130480.73,3200415782.88,311285302.15,116093504.64000002,28621.07,27130.85,3689.35,4079.43,601.89,910.82,1740.32,2531.53,,,,Y,,,医药生物,医疗器械,医疗设备,427.49,426.31,430.73
sh688301,奕瑞科技,2022-01-13,427.86,452.0,422.03,436.45,432.05,838629.0,368211514.0,17785398603.0,31663498657.7,392358738.34000003,242870666.23999998,2889130480.73,3200415782.88,311285302.15,116093504.64000002,27034.26,29489.62,6848.96,4869.06,1461.8,1454.7,1476.14,1007.77,,,,Y,,,医药生物,医疗器械,医疗设备,427.17,426.37,431.57
sh688301,奕瑞科技,2022-01-14,426.45,446.0,426.45,433.26,436.45,452287.0,197327181.0,17655405656.399998,31432071092.76,392358738.34000003,242870666.23999998,2889130480.73,3200415782.88,311285302.15,116093504.64000002,11749.35,14700.24,6018.65,2863.52,304.7,515.15,1660.02,1653.81,,,,Y,,,医药生物,医疗器械,医疗设备,437.68,434.99,434.01
sh688301,奕瑞科技,2022-01-17,432.48,458.99,428.01,451.95,433.26,538711.0,241573135.0,18417025773.0,32787989960.7,392358738.34000003,242870666.23999998,2889130480.73,3200415782.88,311285302.15,116093504.64000002,18105.84,16404.3,3604.34,5705.68,936.58,814.55,1510.56,1232.79,,,,Y,,,医药生物,医疗器械,医疗设备,430.78,445.93,442.68
sh688301,奕瑞科技,2022-01-18,450.84,470.69,445.91,455.08,451.95,546844.0,251099074.0,18544573711.2,33015064656.08,392358738.34000003,242870666.23999998,2889130480.73,3200415782.88,311285302.15,116093504.64000002,14816.33,15389.78,6309.5,7151.31,325.3,424.61,3658.78,2144.2,,,,Y,,,医药生物,医疗器械,医疗设备,453.28,459.98,459.43
sh688301,奕瑞科技,2022-01-19,467.87,467.87,407.76,417.26,455.08,1500581.0,635883836.0,17003403416.4,30271305876.76,392358738.34000003,242870666.23999998,2889130480.73,3200415782.88,311285302.15,116093504.64000002,41968.46,38392.84,16428.91,21489.39,1356.51,1573.79,3834.5,2132.37,,,,Y,,,医药生物,医疗器械,医疗设备,446.53,433.38,420.01
sh688301,奕瑞科技,2022-01-20,415.0,419.99,392.93,400.0,417.26,1245406.0,500134117.0,16300056000.0,29019130400.0,392358738.34000003,242870666.23999998,2889130480.73,3200415782.88,311285302.15,116093504.64000002,32762.68,30145.49,9388.5,13074.46,1313.09,1372.44,6549.14,5421.02,,,,Y,,,医药生物,医疗器械,医疗设备,407.0,404.68,402.0
sh688301,奕瑞科技,2022-01-21,402.0,402.0,385.1,394.0,400.0,378890.0,149690475.0,16055555160.0,28583843444.0,392358738.34000003,242870666.23999998,2889130480.73,3200415782.88,311285302.15,116093504.64000002,11429.63,12137.19,2531.75,2010.1,393.0,597.47,614.67,224.3,,,,Y,,,医药生物,医疗器械,医疗设备,396.2,397.32,401.0
sh688301,奕瑞科技,2022-01-24,388.2,418.58,388.2,414.03,394.0,517128.0,211254195.0,16871780464.2,30036976398.780006,392358738.34000003,242870666.23999998,2889130480.73,3200415782.88,311285302.15,116093504.64000002,13286.99,14319.71,5778.91,4877.99,402.77,456.29,1656.75,1471.43,,,,Y,,,医药生物,医疗器械,医疗设备,401.7,407.51,412.31
sh688301,奕瑞科技,2022-01-25,418.49,425.0,404.0,406.0,414.03,344815.0,141704564.0,16544556839.999996,29454417356.0,392358738.34000003,242870666.23999998,2889130480.73,3200415782.88,311285302.15,116093504.64000002,8602.0,10882.08,4264.14,2607.73,255.98,310.3,1048.34,370.35,,,,Y,,,医药生物,医疗器械,医疗设备,422.98,415.89,411.24
sh688301,奕瑞科技,2022-01-26,409.87,409.87,383.0,391.85,406.0,252624.0,99231849.0,15967942359.0,28427865618.1,392358738.34000003,242870666.23999998,2889130480.73,3200415782.88,311285302.15,116093504.64000002,7851.49,8379.47,1571.48,850.72,287.36,509.9,215.32,185.57,,,,Y,,,医药生物,医疗器械,医疗设备,402.82,393.78,396.14
sh688301,奕瑞科技,2022-01-27,385.0,397.51,383.38,386.32,391.85,190306.0,74372872.0,15742594084.8,28026676140.32,392358738.34000003,242870666.23999998,2889130480.73,3200415782.88,311285302.15,116093504.64000002,6029.51,6128.79,1223.99,1031.4,183.79,277.1,0.0,0.0,,,,Y,,,医药生物,医疗器械,医疗设备,394.65,391.39,396.39
sh688301,奕瑞科技,2022-01-28,380.1,400.59,378.35,397.19,386.32,393086.0,154018166.0,16185548106.6,28815271008.94,392358738.34000003,242870666.23999998,2889130480.73,3200415782.88,311285302.15,116093504.64000002,8187.2,11798.16,5530.84,2469.66,388.5,536.1,1295.28,597.89,,,,Y,,,医药生物,医疗器械,医疗设备,387.0,385.67,386.0
sh688301,奕瑞科技,2022-02-07,397.3,404.4,387.5,397.21,397.19,424578.0,168170755.0,16186363109.4,28816721965.46,392358738.34000003,242870666.23999998,2889130480.73,3200415782.88,311285302.15,116093504.64000002,10758.07,12833.23,3707.15,2396.0,780.66,846.03,1571.19,741.81,,,,Y,,,医药生物,医疗器械,医疗设备,395.48,395.01,388.52
sh688301,奕瑞科技,2022-02-08,387.51,398.08,366.0,386.1,397.21,668661.0,253140173.0,15733629054.0,28010715618.6,392358738.34000003,242870666.23999998,2889130480.73,3200415782.88,311285302.15,116093504.64000002,18711.68,19766.47,2983.33,3104.35,1422.92,1093.63,2196.08,1349.56,,,,Y,,,医药生物,医疗器械,医疗设备,394.53,384.99,388.95
sh688301,奕瑞科技,2022-02-09,385.99,420.0,377.13,416.45,386.1,601625.0,242381392.0,16970395803.0,30212542137.7,392358738.34000003,242870666.23999998,2889130480.73,3200415782.88,311285302.15,116093504.64000002,15932.07,16821.92,5650.73,3626.55,623.63,711.04,2031.7,3078.64,,,,Y,,,医药生物,医疗器械,医疗设备,384.4,389.67,388.27
sh688301,奕瑞科技,2022-02-10,413.94,418.27,381.13,390.0,416.45,740682.0,289968703.0,15892554600.0,28293652140.0,392358738.34000003,242870666.23999998,2889130480.73,3200415782.88,311285302.15,116093504.64000002,20205.46,22002.89,5275.77,5366.55,1098.5,1329.43,2417.14,298.0,,,,Y,,,医药生物,医疗器械,医疗设备,408.22,405.05,399.01
sh688301,奕瑞科技,2022-02-11,383.0,395.77,375.28,381.0,390.0,484296.0,186632634.0,15525803340.0,27640721706.0,392358738.34000003,242870666.23999998,2889130480.73,3200415782.88,311285302.15,116093504.64000002,15214.33,14874.11,1759.46,2373.47,1068.06,1415.69,621.41,0.0,,,,Y,,,医药生物,医疗器械,医疗设备,381.91,378.0,386.46
sh688301,奕瑞科技,2022-02-14,372.0,397.03,372.0,388.88,381.0,264880.0,102733369.0,15846914443.2,28212398574.88,392358738.34000003,242870666.23999998,2889130480.73,3200415782.88,311285302.15,116093504.64000002,7156.82,7895.36,2144.89,1513.67,427.95,421.78,543.68,442.53,,,,Y,,,医药生物,医疗器械,医疗设备,385.38,386.12,388.43
sh688301,奕瑞科技,2022-02-15,394.8,407.99,381.88,403.53,388.88,275885.0,109965836.0,16443903994.2,29275224225.78,392358738.34000003,242870666.23999998,2889130480.73,3200415782.88,311285302.15,116093504.64000002,8842.21,9024.37,1349.2,1333.45,394.55,375.01,410.62,263.75,,,,Y,,,医药生物,医疗器械,医疗设备,388.77,383.57,383.7
sh688301,奕瑞科技,2022-02-16,403.56,405.0,390.49,393.69,403.53,270144.0,106970688.0,16042922616.6,28561353617.94,392358738.34000003,242870666.23999998,2889130480.73,3200415782.88,311285302.15,116093504.64000002,8893.48,8085.11,1190.91,1648.14,380.4,625.85,232.28,337.97,,,,Y,,,医药生物,医疗器械,医疗设备,397.54,391.79,400.0
sh688301,奕瑞科技,2022-02-17,393.69,409.89,387.0,402.36,393.69,243363.0,97658133.0,16396226330.4,29190343269.36,392358738.34000003,242870666.23999998,2889130480.73,3200415782.88,311285302.15,116093504.64000002,7738.3,8403.16,1461.21,847.34,559.97,379.82,6.34,135.49,,,,Y,,,医药生物,医疗器械,医疗设备,389.99,391.62,388.37
sh688301,奕瑞科技,2022-02-18,400.11,401.96,389.0,391.69,402.36,174005.0,68222659.0,15961422336.599997,28416257965.94,392358738.34000003,242870666.23999998,2889130480.73,3200415782.88,311285302.15,116093504.64000002,5040.35,5834.16,1372.75,617.23,143.18,370.88,266.0,0.0,,,,Y,,,医药生物,医疗器械,医疗设备,397.03,390.08,391.21
sh688301,奕瑞科技,2022-02-21,389.8,391.54,382.5,382.7,391.69,174916.0,67407385.0,15595078578.000004,27764053010.2,392358738.34000003,242870666.23999998,2889130480.73,3200415782.88,311285302.15,116093504.64000002,5394.0,5701.16,964.31,610.91,130.94,316.14,251.49,112.52,,,,Y,,,医药生物,医疗器械,医疗设备,388.56,389.43,387.77
sh688301,奕瑞科技,2022-02-22,373.33,378.79,365.0,375.73,382.7,206917.0,76627862.0,15311050102.2,27258394662.98,392358738.34000003,242870666.23999998,2889130480.73,3200415782.88,311285302.15,116093504.64000002,5974.03,5827.39,1284.74,1269.74,296.98,415.43,107.05,150.22,,,,Y,,,医药生物,医疗器械,医疗设备,366.43,367.23,366.3
sh688301,奕瑞科技,2022-02-23,372.42,395.88,369.2,390.51,375.73,291187.0,112289660.0,15913337171.400003,28330651531.26,392358738.34000003,242870666.23999998,2889130480.73,3200415782.88,311285302.15,116093504.64000002,8910.69,8612.93,1829.81,1962.52,458.24,350.97,30.22,302.53,,,,Y,,,医药生物,医疗器械,医疗设备,383.35,379.3,381.0
sh688301,奕瑞科技,2022-02-24,394.0,403.94,386.99,396.61,390.51,327878.0,129816884.0,16161913025.400003,28773193269.86,392358738.34000003,242870666.23999998,2889130480.73,3200415782.88,311285302.15,116093504.64000002,9774.08,10304.17,2152.56,1613.19,602.15,525.59,452.89,538.74,,,,Y,,,医药生物,医疗器械,医疗设备,394.56,395.46,398.06
sh688301,奕瑞科技,2022-02-25,405.98,441.72,404.02,427.0,396.61,589449.0,253330408.0,17400309780.0,30977921702.0,392358738.34000003,242870666.23999998,2889130480.73,3200415782.88,311285302.15,116093504.64000002,15266.15,13503.89,8271.48,8836.58,656.56,433.75,1138.86,2558.82,,,,Y,,,医药生物,医疗器械,医疗设备,405.05,417.0,421.92
sh688301,奕瑞科技,2022-02-28,429.49,430.75,413.68,423.0,427.0,441391.0,186298147.0,17237309220.0,30687730398.0,392358738.34000003,242870666.23999998,2889130480.73,3200415782.88,311285302.15,116093504.64000002,11690.85,11971.07,4068.58,5339.42,384.19,308.28,2486.2,1011.05,,,,Y,,,医药生物,医疗器械,医疗设备,427.0,420.04,422.13
sh688301,奕瑞科技,2022-03-01,425.95,433.41,415.0,415.0,423.0,417480.0,175358760.0,16911308100.0,30107347790.0,392358738.34000003,242870666.23999998,2889130480.73,3200415782.88,311285302.15,116093504.64000002,9070.44,11240.03,5848.19,4421.58,361.36,407.42,2255.9,1466.84,,,,Y,,,医药生物,医疗器械,医疗设备,422.02,422.76,425.05
sh688301,奕瑞科技,2022-03-02,410.0,415.0,396.44,402.75,415.0,309382.0,125151785.0,16412118884.999996,29218636921.5,392358738.34000003,242870666.23999998,2889130480.73,3200415782.88,311285302.15,116093504.64000002,9171.4,9804.1,2119.78,1403.49,300.72,412.58,923.27,895.0,,,,Y,,,医药生物,医疗器械,医疗设备,399.84,403.95,406.47
sh688301,奕瑞科技,2022-03-03,409.0,409.0,378.0,382.21,402.75,536324.0,206995054.0,15575111009.4,27728504575.46,392358738.34000003,242870666.23999998,2889130480.73,3200415782.88,311285302.15,116093504.64000002,13862.12,11960.1,4904.85,5363.98,734.85,610.9,1197.69,2764.52,,,,Y,,,医药生物,医疗器械,医疗设备,391.71,385.99,388.0
sh688301,奕瑞科技,2022-03-04,378.39,411.4,378.39,400.62,382.21,499501.0,199214866.0,16325321086.8,29064110052.120007,392358738.34000003,242870666.23999998,2889130480.73,3200415782.88,311285302.15,116093504.64000002,14731.62,13811.55,3876.41,4095.88,671.76,1097.39,641.69,916.67,,,,Y,,,医药生物,医疗器械,医疗设备,383.88,387.03,396.0
sh688301,奕瑞科技,2022-03-07,400.5,400.5,382.0,386.99,400.62,286391.0,111465984.0,15769896678.599997,28075283183.74,392358738.34000003,242870666.23999998,2889130480.73,3200415782.88,311285302.15,116093504.64000002,8102.69,8353.72,2497.4,1517.04,342.74,541.13,203.78,734.7,,,,Y,,,医药生物,医疗器械,医疗设备,389.67,387.81,383.0
sh688301,奕瑞科技,2022-03-08,401.27,401.27,366.68,373.1,386.99,429333.0,161620734.0,15203877234.0,27067593880.6,392358738.34000003,242870666.23999998,2889130480.73,3200415782.88,311285302.15,116093504.64000002,12742.37,12531.75,2033.69,2534.93,673.96,969.79,712.05,125.6,,,,Y,,,医药生物,医疗器械,医疗设备,388.0,386.0,384.25
sh688301,奕瑞科技,2022-03-09,372.12,378.18,358.01,370.95,373.1,320753.0,118883826.0,15116264433.0,26911616054.7,392358738.34000003,242870666.23999998,2889130480.73,3200415782.88,311285302.15,116093504.64000002,8598.02,8416.92,2473.5,2287.17,474.34,525.89,342.52,658.4,,,,Y,,,医药生物,医疗器械,医疗设备,365.1,368.98,373.02
sh688301,奕瑞科技,2022-03-10,372.99,402.99,372.99,396.0,370.95,398271.0,156610919.0,16137055440.0,28728939096.0,392358738.34000003,242870666.23999998,2889130480.73,3200415782.88,311285302.15,116093504.64000002,10390.84,11711.88,2729.29,3010.16,811.76,557.34,1729.21,381.72,,,,Y,,,医药生物,医疗器械,医疗设备,387.99,394.0,392.83
sh688301,奕瑞科技,2022-03-11,395.0,395.59,380.0,390.39,396.0,359658.0,139417136.0,15908447154.6,28321945792.140007,392358738.34000003,242870666.23999998,2889130480.73,3200415782.88,311285302.15,116093504.64000002,10104.39,8972.18,2398.64,2332.36,395.29,623.27,1043.4,2013.9,,,,Y,,,医药生物,医疗器械,医疗设备,388.63,388.16,386.0
sh688301,奕瑞科技,2022-03-14,395.0,395.0,368.0,370.0,390.39,371561.0,139962673.0,15077551800.0,26842695620.0,392358738.34000003,242870666.23999998,2889130480.73,3200415782.88,311285302.15,116093504.64000002,11167.63,10471.87,1662.79,1685.38,487.39,921.42,678.46,917.6,,,,Y,,,医药生物,医疗器械,医疗设备,383.9,392.59,381.49
sh688301,奕瑞科技,2022-03-15,368.83,386.0,366.49,369.98,370.0,298049.0,111621430.0,15076736797.2,26841244663.48,392358738.34000003,242870666.23999998,2889130480.73,3200415782.88,311285302.15,116093504.64000002,7788.0,7852.2,1772.68,2026.34,490.47,631.21,1110.99,652.39,,,,Y,,,医药生物,医疗器械,医疗设备,370.57,371.52,369.0
sh688301,奕瑞科技,2022-03-16,375.0,395.0,340.5,392.0,369.98,766213.0,280811415.0,15974054879.999996,28438747792.000008,392358738.34000003,242870666.23999998,2889130480.73,3200415782.88,311285302.15,116093504.64000002,19224.51,20470.98,6156.76,5300.06,1454.17,1176.91,1245.7,1133.18,,,,Y,,,医药生物,医疗器械,医疗设备,358.42,350.0,347.2
sh688301,奕瑞科技,2022-03-17,395.2,408.88,387.31,404.2,392.0,652903.0,261375147.0,16425855348.0,29323831269.2,641300445.36,316620618.89,3903697091.55,5818732475.92,1915035384.37,116093504.64000002,12148.92,16184.35,8614.89,7414.38,605.14,576.27,4768.57,1962.51,,,,Y,,,医药生物,医疗器械,医疗设备,389.01,397.27,403.0
sh688301,奕瑞科技,2022-03-18,403.36,427.0,398.66,405.0,404.2,442726.0,182743764.0,16458365700.0,29381869530.000008,641300445.36,316620618.89,3903697091.55,5818732475.92,1915035384.37,116093504.64000002,14153.97,12830.65,2812.39,3055.41,647.96,555.54,660.06,1832.76,,,,Y,,,医药生物,医疗器械,医疗设备,410.0,417.76,421.5
sh688301,奕瑞科技,2022-03-21,403.05,409.88,380.0,385.0,405.0,448372.0,175318714.0,15645606900.0,27930913010.0,641300445.36,316620618.89,3903697091.55,5818732475.92,1915035384.37,116093504.64000002,11889.68,12184.01,3631.42,3091.21,580.67,741.84,1430.1,1514.81,,,,Y,,,医药生物,医疗器械,医疗设备,406.79,397.24,390.38
sh688301,奕瑞科技,2022-03-22,389.11,393.68,381.02,388.8,385.0,406810.0,157721320.0,15800031072.0,28206594748.8,641300445.36,316620618.89,3903697091.55,5818732475.92,1915035384.37,116093504.64000002,10936.35,9785.0,2068.49,3135.97,645.1,618.84,2122.19,2232.32,,,,Y,,,医药生物,医疗器械,医疗设备,384.42,382.12,388.99
sh688301,奕瑞科技,2022-03-23,393.53,400.99,378.1,380.64,388.8,403438.0,156654627.0,15468425481.6,27614604488.64,641300445.36,316620618.89,3903697091.55,5818732475.92,1915035384.37,116093504.64000002,11989.57,12317.68,2384.95,1855.21,957.85,851.17,333.09,641.4,,,,Y,,,医药生物,医疗器械,医疗设备,397.73,400.0,389.01
sh688301,奕瑞科技,2022-03-24,371.04,384.96,370.03,383.12,380.64,380847.0,144347191.0,15569207572.8,27794523097.120003,641300445.36,316620618.89,3903697091.55,5818732475.92,1915035384.37,116093504.64000002,10784.38,10169.71,2463.45,2833.43,865.25,630.64,321.64,800.94,,,,Y,,,医药生物,医疗器械,医疗设备,375.39,376.37,377.59
sh688301,奕瑞科技,2022-03-25,377.88,394.14,375.29,387.3,383.12,328025.0,127413166.0,15739074162.0,28097773009.8,641300445.36,316620618.89,3903697091.55,5818732475.92,1915035384.37,116093504.64000002,9166.16,9427.05,1526.3,1850.32,426.35,425.46,1622.51,1038.48,,,,Y,,,医药生物,医疗器械,医疗设备,381.41,380.99,390.6
sh688301,奕瑞科技,2022-03-28,381.19,384.56,350.2,354.35,387.3,396711.0,142656010.0,14400054039.0,25707322143.1,641300445.36,316620618.89,3903697091.55,5818732475.92,1915035384.37,116093504.64000002,10670.45,11029.2,2026.84,1460.34,459.31,822.44,1108.99,953.62,,,,Y,,,医药生物,医疗器械,医疗设备,374.14,362.48,365.26
sh688301,奕瑞科技,2022-03-29,349.14,367.99,349.0,353.0,354.35,261177.0,93132087.0,14345192819.999996,25609382578.0,641300445.36,316620618.89,3903697091.55,5818732475.92,1915035384.37,116093504.64000002,6905.03,6353.79,1526.89,2318.25,236.97,308.92,644.31,332.25,,,,Y,,,医药生物,医疗器械,医疗设备,363.21,361.57,361.25
sh688301,奕瑞科技,2022-03-30,356.0,371.0,351.36,368.0,353.0,275349.0,100049508.0,14954761920.0,26697599968.0,641300445.36,316620618.89,3903697091.55,5818732475.92,1915035384.37,116093504.64000002,6933.78,7232.87,2036.81,1502.55,497.86,509.44,536.5,760.09,,,,Y,,,医药生物,医疗器械,医疗设备,356.0,358.52,360.75
sh688301,奕瑞科技,2022-03-31,366.88,369.94,351.69,368.55,368.0,238351.0,86670847.0,14977112787.0,26737501272.300003,641300445.36,316620618.89,3903697091.55,5818732475.92,1915035384.37,116093504.64000002,6287.8,6758.69,1566.9,1216.26,326.82,460.85,485.57,231.28,,,,Y,,,医药生物,医疗器械,医疗设备,358.71,356.62,359.57
sh688301,奕瑞科技,2022-04-01,368.61,368.61,351.0,360.01,368.55,304085.0,108803600.0,14630064779.4,26117942838.26,641300445.36,316620618.89,3903697091.55,5818732475.92,1915035384.37,116093504.64000002,6486.52,7496.18,2561.98,2369.44,291.44,473.72,1540.43,541.01,,,,Y,,,医药生物,医疗器械,医疗设备,357.0,353.53,353.33
sh688301,奕瑞科技,2022-04-06,360.0,360.0,331.9,336.5,360.01,319803.0,108769105.0,13674666810.000002,24412343449.0,641300445.36,316620618.89,3903697091.55,5818732475.92,1915035384.37,116093504.64000002,8592.02,8273.91,1885.18,1752.71,260.91,685.12,138.8,165.17,,,,Y,,,医药生物,医疗器械,医疗设备,345.81,347.87,342.96
sh688301,奕瑞科技,2022-04-07,338.91,353.9,333.77,338.0,336.5,431413.0,148129932.0,13735623720.0,24521165188.000004,641300445.36,316620618.89,3903697091.55,5818732475.92,1915035384.37,116093504.64000002,11301.34,10599.15,1977.0,1615.1,952.04,1923.9,582.61,674.84,,,,Y,,,医药生物,医疗器械,医疗设备,335.76,341.86,346.79
sh688301,奕瑞科技,2022-04-08,332.7,339.0,326.53,336.31,338.0,364512.0,121436431.0,13666945601.4,24398559362.06,641300445.36,316620618.89,3903697091.55,5818732475.92,1915035384.37,116093504.64000002,9246.18,10316.5,1302.66,1131.28,576.62,695.86,1018.18,0.0,,,,Y,,,医药生物,医疗器械,医疗设备,333.54,330.0,327.94
sh688301,奕瑞科技,2022-04-11,329.91,332.06,311.0,316.18,336.31,492706.0,156945880.0,12848903869.2,22938171624.68,641300445.36,316620618.89,3903697091.55,5818732475.92,1915035384.37,116093504.64000002,9750.05,9066.33,3999.92,4025.67,517.07,681.75,1427.55,1920.83,,,,Y,,,医药生物,医疗器械,医疗设备,323.32,322.0,321.0
sh688301,奕瑞科技,2022-04-12,326.0,335.0,311.28,326.94,316.18,668362.0,215930780.0,13286168103.6,23718786232.44,641300445.36,316620618.89,3903697091.55,5818732475.92,1915035384.37,116093504.64000002,14361.78,16393.42,5205.13,2934.81,1209.12,1246.97,817.04,1017.87,,,,Y,,,医药生物,医疗器械,医疗设备,317.56,313.78,316.14
sh688301,奕瑞科技,2022-04-13,328.9,329.0,311.0,316.65,326.94,289724.0,91400763.0,12868003701.0,22972269102.9,641300445.36,316620618.89,3903697091.55,5818732475.92,1915035384.37,116093504.64000002,7502.23,8041.72,778.64,508.82,464.68,589.54,394.53,0.0,,,,Y,,,医药生物,医疗器械,医疗设备,315.03,317.98,317.48
sh688301,奕瑞科技,2022-04-14,312.06,330.82,308.25,330.36,316.65,349044.0,111352088.0,13425149858.4,23966899797.36,641300445.36,316620618.89,3903697091.55,5818732475.92,1915035384.37,116093504.64000002,6755.74,8361.61,3141.13,2269.92,389.34,503.67,849.0,0.0,,,,Y,,,医药生物,医疗器械,医疗设备,312.07,314.4,311.78
sh688301,奕瑞科技,2022-04-15,329.99,354.0,316.03,353.3,330.36,614267.0,207742105.0,14357384202.0,25631146925.8,641300445.36,316620618.89,3903697091.55,5818732475.92,1915035384.37,116093504.64000002,14575.24,16556.39,4161.0,2595.01,1104.99,898.7,932.99,724.11,,,,Y,,,医药生物,医疗器械,医疗设备,320.89,321.54,317.03
sh688301,奕瑞科技,2022-04-18,345.5,350.5,336.0,348.76,353.3,332735.0,114686859.0,14172887954.4,25301779795.76,641300445.36,316620618.89,3903697091.55,5818732475.92,1915035384.37,116093504.64000002,6811.42,8342.36,2882.85,2321.23,415.52,619.59,1358.9,185.51,,,,Y,,,医药生物,医疗器械,医疗设备,343.12,338.51,339.64
sh688301,奕瑞科技,2022-04-19,342.51,350.0,332.01,338.0,348.76,157692.0,53762612.0,13735623720.0,24521165188.000004,641300445.36,316620618.89,3903697091.55,5818732475.92,1915035384.37,116093504.64000002,3877.29,4137.08,1087.0,799.29,288.17,439.89,123.8,0.0,,,,Y,,,医药生物,医疗器械,医疗设备,344.0,339.0,343.98
sh688301,奕瑞科技,2022-04-20,332.02,341.55,326.0,338.0,338.0,230215.0,76618635.0,13735623720.0,24521165188.000004,641300445.36,316620618.89,3903697091.55,5818732475.92,1915035384.37,116093504.64000002,4873.81,5865.57,1825.35,1355.94,291.99,338.18,670.71,102.17,,,,Y,,,医药生物,医疗器械,医疗设备,330.1,334.1,338.79
sh688301,奕瑞科技,2022-04-21,335.01,335.88,315.13,324.59,338.0,233799.0,75615150.0,13190668944.6,23548298841.34,641300445.36,316620618.89,3903697091.55,5818732475.92,1915035384.37,116093504.64000002,4917.42,5574.33,1814.57,1009.6,289.74,471.09,539.78,506.5,,,,Y,,,医药生物,医疗器械,医疗设备,333.4,325.52,324.86
sh688301,奕瑞科技,2022-04-22,318.51,327.8,315.15,327.0,324.59,138406.0,44265689.0,13288606380.0,23723139102.0,641300445.36,316620618.89,3903697091.55,5818732475.92,1915035384.37,116093504.64000002,3621.22,3922.99,287.63,243.96,416.73,259.62,100.99,0.0,,,,Y,,,医药生物,医疗器械,医疗设备,322.98,317.19,320.28
sh688301,奕瑞科技,2022-04-25,320.1,320.1,288.21,317.5,327.0,532669.0,162565116.0,12902545950.0,23033934755.0,641300445.36,316620618.89,3903697091.55,5818732475.92,1915035384.37,116093504.64000002,10981.08,10718.22,3599.16,1555.62,1389.59,1997.62,286.68,1985.06,,,,Y,,,医药生物,医疗器械,医疗设备,314.48,308.21,305.0
sh688301,奕瑞科技,2022-04-26,309.79,315.8,300.0,301.0,317.5,476209.0,146729623.0,12232019940.0,21836895626.0,641300445.36,316620618.89,3903697091.55,5818732475.92,1915035384.37,116093504.64000002,10132.22,10851.54,3443.37,2795.85,704.01,711.64,393.37,313.93,,,,Y,,,医药生物,医疗器械,医疗设备,309.94,307.61,308.0
sh688301,奕瑞科技,2022-04-27,299.01,323.0,285.42,321.63,301.0,444361.0,137177331.0,13070380642.2,23333557276.38,641300445.36,316620618.89,3903697091.55,5818732475.92,1915035384.37,116093504.64000002,9002.05,10773.91,2890.87,2202.5,668.85,596.16,1010.79,0.0,,,,Y,,,医药生物,医疗器械,医疗设备,296.02,307.69,305.85
sh688301,奕瑞科技,2022-04-28,321.63,326.0,312.13,318.78,321.63,173666.0,55598772.0,12954562513.2,23126795972.28,641300445.36,316620618.89,3903697091.55,5818732475.92,1915035384.37,116093504.64000002,4053.94,4336.72,937.23,903.46,358.26,271.28,162.03,0.0,,,,Y,,,医药生物,医疗器械,医疗设备,315.07,313.87,313.66
sh688301,奕瑞科技,2022-04-29,325.91,347.97,319.03,347.4,318.78,324145.0,108895527.0,14117620356.0,25203114752.4,641300445.36,316620618.89,3903697091.55,5818732475.92,1915035384.37,116093504.64000002,7325.42,7485.71,1602.59,1974.57,841.8,520.71,1119.74,908.56,,,,Y,,,医药生物,医疗器械,医疗设备,326.11,325.0,325.5
sh688301,奕瑞科技,2022-05-05,336.4,343.49,326.62,332.0,347.4,381336.0,128045234.0,13491796080.0,24085878232.0,641300445.36,316620618.89,3903697091.55,5818732475.92,1915035384.37,116093504.64000002,8231.76,8208.32,2673.31,3478.07,573.67,872.46,1325.79,245.68,,,,Y,,,医药生物,医疗器械,医疗设备,338.87,334.0,333.72
sh688301,奕瑞科技,2022-05-06,329.0,356.89,326.31,344.18,332.0,578755.0,199071497.0,13986766189.2,24969510752.68,641300445.36,316620618.89,3903697091.55,5818732475.92,1915035384.37,116093504.64000002,12475.92,11959.89,3497.02,4842.88,846.53,591.99,931.57,356.28,,,,Y,,,医药生物,医疗器械,医疗设备,331.38,336.99,341.1
sh688301,奕瑞科技,2022-05-09,344.0,353.79,343.0,344.77,344.18,223869.0,77642973.0,14010742573.8,25012313970.02,641300445.36,316620618.89,3903697091.55,5818732475.92,1915035384.37,116093504.64000002,4646.29,6179.44,2117.75,1323.89,293.81,260.97,706.45,0.0,,,,Y,,,医药生物,医疗器械,医疗设备,347.48,345.37,347.11
sh688301,奕瑞科技,2022-05-10,344.0,367.91,344.0,363.49,344.77,360976.0,129755294.0,14771484810.599997,26370409272.74,641300445.36,316620618.89,3903697091.55,5818732475.92,1915035384.37,116093504.64000002,7618.79,8775.74,3715.92,3027.27,646.81,424.96,975.92,729.46,,,,Y,,,医药生物,医疗器械,医疗设备,346.94,349.95,357.0
sh688301,奕瑞科技,2022-05-11,369.98,384.9,358.55,358.55,363.49,544802.0,203003394.0,14570733387.0,26012023012.3,641300445.36,316620618.89,3903697091.55,5818732475.92,1915035384.37,116093504.64000002,12327.36,13834.89,4762.44,3710.04,963.68,922.32,2073.83,1660.06,,,,Y,,,医药生物,医疗器械,医疗设备,383.98,380.11,372.51
sh688301,XD奕瑞科,2022-05-12,356.5,373.76,356.35,369.88,356.35,441674.0,161837974.0,15031161247.2,26833989880.88,641300445.36,316620618.89,3903697091.55,5818732475.92,1915035384.37,116093504.64000002,10253.2,11706.46,2981.63,2844.95,860.2,611.1,1330.49,263.0,,,,Y,,,医药生物,医疗器械,医疗设备,360.97,369.0,370.43
sh688301,奕瑞科技,2022-05-13,372.85,392.0,368.99,391.98,369.88,407486.0,156170652.0,15929259721.2,28437296835.480007,641300445.36,316620618.89,3903697091.55,5818732475.92,1915035384.37,116093504.64000002,9613.69,12282.11,3780.76,2292.25,671.84,651.98,1550.77,390.73,,,,Y,,,医药生物,医疗器械,医疗设备,370.59,370.0,377.48
sh688301,奕瑞科技,2022-05-16,391.2,402.69,382.13,398.0,391.98,635514.0,251029670.0,16173900120.000004,28874034748.0,641300445.36,316620618.89,3903697091.55,5818732475.92,1915035384.37,116093504.64000002,16911.27,18806.0,4430.41,4260.06,1149.06,778.09,2349.04,995.63,,,,Y,,,医药生物,医疗器械,医疗设备,388.65,391.0,385.03
sh688301,奕瑞科技,2022-05-17,398.0,399.86,378.0,392.8,398.0,584400.0,225862196.0,15962582832.0,28496786052.8,641300445.36,316620618.89,3903697091.55,5818732475.92,1915035384.37,116093504.64000002,14950.14,16477.71,5679.46,4497.2,822.14,730.01,1000.4,747.23,,,,Y,,,医药生物,医疗器械,医疗设备,383.88,385.21,389.14
sh688301,奕瑞科技,2022-05-18,383.03,390.0,365.0,375.75,392.8,500387.0,185928955.0,15269705955.0,27259845619.5,641300445.36,316620618.89,3903697091.55,5818732475.92,1915035384.37,116093504.64000002,13067.06,12045.78,3931.93,4497.36,468.82,809.08,1050.55,1166.15,,,,Y,,,医药生物,医疗器械,医疗设备,373.05,373.0,373.7
sh688301,奕瑞科技,2022-05-19,365.8,379.0,364.15,374.5,375.75,313522.0,117010308.0,15218908529.999996,27169160837.0,641300445.36,316620618.89,3903697091.55,5818732475.92,1915035384.37,116093504.64000002,8015.64,9105.25,2756.82,1662.34,503.98,337.21,390.22,561.87,,,,Y,,,医药生物,医疗器械,医疗设备,367.8,369.48,371.0
sh688301,奕瑞科技,2022-05-20,377.87,385.29,371.13,384.95,374.5,314027.0,119520346.0,15643575003.0,27927285618.7,641300445.36,316620618.89,3903697091.55,5818732475.92,1915035384.37,116093504.64000002,7981.13,9543.55,2642.59,1361.43,537.34,492.13,236.06,0.0,,,,Y,,,医药生物,医疗器械,医疗设备,374.38,380.55,377.0
sh688301,奕瑞科技,2022-05-23,384.96,384.96,369.0,375.3,384.95,346516.0,129404729.0,15251418882.0,27227199097.8,641300445.36,316620618.89,3903697091.55,5818732475.92,1915035384.37,116093504.64000002,9531.92,10585.05,2193.52,1708.1,434.1,505.02,638.64,0.0,,,,Y,,,医药生物,医疗器械,医疗设备,377.2,374.64,374.98
sh688301,奕瑞科技,2022-05-24,370.09,371.28,362.28,369.0,375.3,300666.0,110519812.0,14995399860.0,26770147794.0,641300445.36,316620618.89,3903697091.55,5818732475.92,1915035384.37,116093504.64000002,8031.89,6455.83,1805.43,1999.58,299.31,339.24,915.35,2257.33,,,,Y,,,医药生物,医疗器械,医疗设备,367.0,366.83,367.48
sh688301,奕瑞科技,2022-05-25,360.0,369.0,356.66,369.0,369.0,221570.0,80297183.0,14995399860.0,26770147794.0,641300445.36,316620618.89,3903697091.55,5818732475.92,1915035384.37,116093504.64000002,5099.17,4829.15,2297.68,2210.74,293.46,274.74,339.41,715.09,,,,Y,,,医药生物,医疗器械,医疗设备,367.49,362.2,362.0
sh688301,奕瑞科技,2022-05-26,365.0,373.8,358.0,364.0,369.0,244409.0,88981353.0,14792210160.0,26407408664.0,641300445.36,316620618.89,3903697091.55,5818732475.92,1915035384.37,116093504.64000002,6687.38,5639.56,1081.64,2039.3,450.42,700.77,678.69,518.51,,,,Y,,,医药生物,医疗器械,医疗设备,362.67,360.01,359.3
sh688301,奕瑞科技,2022-05-27,365.99,373.8,364.0,373.33,364.0,198236.0,73337008.0,15171362140.2,27084279880.58,641300445.36,316620618.89,3903697091.55,5818732475.92,1915035384.37,116093504.64000002,5364.22,5361.48,1372.5,1484.31,301.23,299.49,295.75,188.42,,,,Y,,,医药生物,医疗器械,医疗设备,365.0,370.0,365.0
sh688301,奕瑞科技,2022-05-30,372.58,376.91,363.21,370.0,373.33,305353.0,112975816.0,15036037800.0,26842695620.0,641300445.36,316620618.89,3903697091.55,5818732475.92,1915035384.37,116093504.64000002,7411.77,8285.66,2570.55,2217.91,312.08,468.34,1003.18,325.68,,,,Y,,,医药生物,医疗器械,医疗设备,367.04,366.79,367.0
sh688301,奕瑞科技,2022-05-31,369.5,396.0,365.23,390.0,370.0,405772.0,156565684.0,15848796600.0,28293652140.0,641300445.36,316620618.89,3903697091.55,5818732475.92,1915035384.37,116093504.64000002,9769.88,9512.74,3186.73,3536.62,748.73,372.44,1951.23,2234.77,,,,Y,,,医药生物,医疗器械,医疗设备,367.68,368.77,370.81
sh688301,奕瑞科技,2022-06-01,391.0,396.95,382.02,390.0,390.0,468626.0,183978985.0,15848796600.0,28293652140.0,641300445.36,316620618.89,3903697091.55,5818732475.92,1915035384.37,116093504.64000002,11392.55,11907.84,4715.16,4877.47,613.05,386.17,1677.14,1226.42,,,,Y,,,医药生物,医疗器械,医疗设备,382.02,387.98,391.54
sh688301,奕瑞科技,2022-06-02,383.13,393.8,378.74,393.16,390.0,349717.0,134978978.0,15977212490.4,28522903270.16,641300445.36,316620618.89,3903697091.55,5818732475.92,1915035384.37,116093504.64000002,8730.22,10483.97,2602.83,1919.38,541.61,481.01,1382.29,372.59,,,,Y,,,医药生物,医疗器械,医疗设备,384.2,384.37,383.01
sh688301,奕瑞科技,2022-06-06,400.0,428.11,396.41,410.08,393.16,955788.0,396559235.0,16664806435.2,29750412486.08,641300445.36,316620618.89,3903697091.55,5818732475.92,1915035384.37,116093504.64000002,22587.38,20047.4,10329.04,15704.58,1064.32,780.61,5675.18,3123.33,,,,Y,,,医药生物,医疗器械,医疗设备,404.0,411.0,416.9
sh688301,奕瑞科技,2022-06-07,412.16,412.16,397.13,405.56,410.08,563497.0,228670501.0,16481122946.4,29422496312.56,641300445.36,316620618.89,3903697091.55,5818732475.92,1915035384.37,116093504.64000002,12338.43,13259.37,6347.89,5856.01,366.11,410.71,3644.3,3170.65,,,,Y,,,医药生物,医疗器械,医疗设备,409.31,407.93,407.74
sh688301,奕瑞科技,2022-06-08,400.67,423.44,400.67,412.73,405.56,694111.0,289375807.0,16772496976.2,29942664224.98,641300445.36,316620618.89,3903697091.55,5818732475.92,1915035384.37,116093504.64000002,14934.68,12711.6,8810.59,12155.61,620.29,362.04,3215.0,2351.31,,,,Y,,,医药生物,医疗器械,医疗设备,404.0,404.5,409.98
sh688301,奕瑞科技,2022-06-09,420.54,422.21,409.44,417.83,412.73,482602.0,202401471.0,16979750470.2,30312658137.58,641300445.36,316620618.89,3903697091.55,5818732475.92,1915035384.37,116093504.64000002,11753.13,10712.6,7036.38,7497.62,504.53,362.18,851.91,1573.56,,,,Y,,,医药生物,医疗器械,医疗设备,414.34,416.99,417.0
sh688301,奕瑞科技,2022-06-10,424.0,424.0,412.4,416.0,417.83,433401.0,180947954.0,16905383040.0,30179895616.0,641300445.36,316620618.89,3903697091.55,5818732475.92,1915035384.37,116093504.64000002,13507.92,11889.38,3318.05,5094.88,794.2,612.29,474.62,498.24,,,,Y,,,医药生物,医疗器械,医疗设备,416.26,420.0,420.83
sh688301,奕瑞科技,2022-06-13,412.0,428.18,403.24,417.0,416.0,717668.0,301279569.0,16946020980.0,30252443442.0,641300445.36,316620618.89,3903697091.55,5818732475.92,1915035384.37,116093504.64000002,19275.09,18484.77,7871.24,8964.73,765.46,607.12,2216.16,2071.34,,,,Y,,,医药生物,医疗器械,医疗设备,412.01,412.26,419.0
sh688301,奕瑞科技,2022-06-14,416.9,422.88,404.05,409.99,417.0,493352.0,202383714.0,16661149020.6,29743883181.74,641300445.36,316620618.89,3903697091.55,5818732475.92,1915035384.37,116093504.64000002,14841.83,15544.45,3106.22,3503.86,662.76,637.55,1627.56,552.51,,,,Y,,,医药生物,医疗器械,医疗设备,417.03,419.73,410.0
sh688301,奕瑞科技,2022-06-15,404.13,412.98,402.0,407.44,409.99,399401.0,162940523.0,16557522273.599997,29558886225.44,641300445.36,316620618.89,3903697091.55,5818732475.92,1915035384.37,116093504.64000002,10957.92,9430.78,4068.17,5324.76,411.12,313.84,856.84,1224.67,,,,Y,,,医药生物,医疗器械,医疗设备,408.78,406.25,403.02
sh688301,奕瑞科技,2022-06-16,405.91,427.0,404.0,421.0,407.44,559199.0,234561223.0,17108572740.0,30542634746.0,641300445.36,316620618.89,3903697091.55,5818732475.92,1915035384.37,116093504.64000002,12877.63,12673.44,5646.67,6822.51,950.09,444.98,3652.54,3186.0,,,,Y,,,医药生物,医疗器械,医疗设备,409.96,405.11,408.0
sh688301,奕瑞科技,2022-06-17,415.27,437.77,406.0,425.41,421.0,588066.0,252523347.0,17287786055.399998,30862570658.66,641300445.36,316620618.89,3903697091.55,5818732475.92,1915035384.37,116093504.64000002,17294.8,18135.26,4052.0,4830.88,857.89,670.17,3047.64,1616.02,,,,Y,,,医药生物,医疗器械,医疗设备,415.0,422.48,429.99
sh688301,奕瑞科技,2022-06-20,433.96,450.0,422.89,437.5,425.41,701912.0,309481521.0,17779098750.0,31739673875.0,641300445.36,316620618.89,3903697091.55,5818732475.92,1915035384.37,116093504.64000002,13006.96,17162.29,9447.81,8871.57,486.05,409.09,8007.33,4505.21,,,,Y,,,医药生物,医疗器械,医疗设备,428.01,427.04,431.37
sh688301,奕瑞科技,2022-06-21,433.35,441.76,423.27,433.98,437.5,339663.0,145749067.0,17636053201.2,31484305527.48,641300445.36,316620618.89,3903697091.55,5818732475.92,1915035384.37,116093504.64000002,8491.75,9236.56,3631.97,3579.79,330.09,362.45,2121.1,1396.11,,,,Y,,,医药生物,医疗器械,医疗设备,432.24,434.51,432.5
sh688301,奕瑞科技,2022-06-22,430.18,444.0,423.97,435.62,433.98,297488.0,128545242.0,17702699422.8,31603283962.12,641300445.36,316620618.89,3903697091.55,5818732475.92,1915035384.37,116093504.64000002,8706.58,9525.96,2707.44,2392.85,238.62,202.41,982.26,513.68,,,,Y,,,医药生物,医疗器械,医疗设备,429.06,425.0,425.03
sh688301,奕瑞科技,2022-06-23,431.07,445.5,426.03,444.0,435.62,255640.0,111648646.0,18043245360.0,32211234744.0,641300445.36,316620618.89,3903697091.55,5818732475.92,1915035384.37,116093504.64000002,7607.73,8717.24,2549.98,2169.65,148.72,166.15,858.44,111.83,,,,Y,,,医药生物,医疗器械,医疗设备,429.09,429.9,431.73
sh688301,奕瑞科技,2022-06-24,438.88,458.98,438.88,451.0,444.0,340405.0,154261406.0,18327710940.0,32719069526.0,641300445.36,316620618.89,3903697091.55,5818732475.92,1915035384.37,116093504.64000002,10593.2,10719.0,2685.15,2055.83,484.44,542.47,1663.35,2108.84,,,,Y,,,医药生物,医疗器械,医疗设备,452.51,448.58,448.08
sh688301,奕瑞科技,2022-06-27,456.61,476.0,447.5,468.2,451.0,576777.0,271029749.0,19026683508.0,33966892133.2,641300445.36,316620618.89,3903697091.55,5818732475.92,1915035384.37,116093504.64000002,19233.34,20028.08,5531.2,4599.38,976.33,737.27,1362.1,1738.24,,,,Y,,,医药生物,医疗器械,医疗设备,461.0,462.99,467.55
sh688301,奕瑞科技,2022-06-28,468.2,468.2,458.02,461.0,468.2,339556.0,156629314.0,18734090340.0,33444547786.0,641300445.36,316620618.89,3903697091.55,5818732475.92,1915035384.37,116093504.64000002,8134.84,8065.44,6341.29,5290.14,158.12,188.81,1028.68,2118.54,,,,Y,,,医药生物,医疗器械,医疗设备,463.0,462.32,464.15
sh688301,奕瑞科技,2022-06-29,459.55,485.0,452.64,456.39,461.0,514993.0,239489349.0,18546749436.6,33110102308.14,641300445.36,316620618.89,3903697091.55,5818732475.92,1915035384.37,116093504.64000002,16200.09,18618.13,5047.81,4056.59,481.57,527.59,1797.61,324.78,,,,Y,,,医药生物,医疗器械,医疗设备,461.71,461.3,475.1
sh688301,奕瑞科技,2022-06-30,457.45,475.87,452.0,473.04,456.39,424712.0,198506103.0,19223371137.6,34318023611.04,641300445.36,316620618.89,3903697091.55,5818732475.92,1915035384.37,116093504.64000002,13061.78,15346.84,3804.29,3380.11,436.92,452.08,2327.93,451.89,,,,Y,,,医药生物,医疗器械,医疗设备,458.5,457.06,455.4
sh688301,奕瑞科技,2022-07-01,474.0,474.88,436.0,451.13,473.04,734173.0,329640476.0,18332993872.2,32728500743.38,641300445.36,316620618.89,3903697091.55,5818732475.92,1915035384.37,116093504.64000002,18305.78,15030.42,8867.94,9724.9,438.54,545.78,5351.79,7662.95,,,,Y,,,医药生物,医疗器械,医疗设备,470.96,465.37,457.0
sh688301,奕瑞科技,2022-07-04,447.99,474.49,435.0,471.0,451.13,472694.0,219743443.0,19140469740.0,34170026046.000004,641300445.36,316620618.89,3903697091.55,5818732475.92,1915035384.37,116093504.64000002,12829.55,11931.27,5680.87,7493.6,576.17,496.64,2887.76,2052.84,,,,Y,,,医药生物,医疗器械,医疗设备,440.0,448.69,452.98
sh688301,奕瑞科技,2022-07-05,465.0,478.0,452.7,466.0,471.0,379455.0,175654647.0,18937280040.0,33807286916.0,641300445.36,316620618.89,3903697091.55,5818732475.92,1915035384.37,116093504.64000002,9584.28,13285.78,5670.22,3002.32,237.25,504.71,2073.71,772.66,,,,Y,,,医药生物,医疗器械,医疗设备,473.0,472.5,473.35
sh688301,奕瑞科技,2022-07-06,469.0,480.0,461.35,470.3,466.0,191341.0,90599008.0,19112023182.0,34119242567.8,641300445.36,316620618.89,3903697091.55,5818732475.92,1915035384.37,116093504.64000002,6370.25,6214.63,2274.5,2155.23,144.08,165.43,271.06,524.61,,,,Y,,,医药生物,医疗器械,医疗设备,465.3,474.49,475.88
sh688301,奕瑞科技,2022-07-07,471.32,471.32,454.18,456.95,470.3,255341.0,117045062.0,18569506683.0,33150729090.7,641300445.36,316620618.89,3903697091.55,5818732475.92,1915035384.37,116093504.64000002,8558.85,9046.58,1900.58,1135.94,158.37,263.92,1086.71,1258.07,,,,Y,,,医药生物,医疗器械,医疗设备,464.23,469.11,461.77
sh688301,奕瑞科技,2022-07-08,457.98,464.98,448.44,453.86,456.95,304176.0,138099596.0,18443935448.4,32926556308.36,641300445.36,316620618.89,3903697091.55,5818732475.92,1915035384.37,116093504.64000002,9279.86,9875.92,3512.89,3114.26,180.93,313.21,836.28,506.57,,,,Y,,,医药生物,医疗器械,医疗设备,459.45,461.6,461.0
sh688301,奕瑞科技,2022-07-11,453.78,453.78,430.0,452.79,453.86,544351.0,239965196.0,18400452852.6,32848930134.54,641300445.36,316620618.89,3903697091.55,5818732475.92,1915035384.37,116093504.64000002,15990.52,15790.37,5781.55,5160.95,526.65,538.39,1697.81,2506.82,,,,Y,,,医药生物,医疗器械,医疗设备,441.35,443.5,444.0
sh688301,奕瑞科技,2022-07-12,452.77,455.4,436.29,445.11,452.79,290185.0,128600892.0,18088353473.4,32291762830.86,641300445.36,316620618.89,3903697091.55,5818732475.92,1915035384.37,116093504.64000002,8201.98,8223.21,3145.07,2239.35,236.47,216.2,1276.57,2181.33,,,,Y,,,医药生物,医疗器械,医疗设备,455.4,447.87,439.05
sh688301,奕瑞科技,2022-07-13,445.19,451.99,432.0,440.82,445.11,376966.0,164842875.0,17914016710.8,31980532657.32,641300445.36,316620618.89,3903697091.55,5818732475.92,1915035384.37,116093504.64000002,10589.33,8125.93,4032.02,5909.64,427.6,324.66,1435.33,2124.05,,,,Y,,,医药生物,医疗器械,医疗设备,444.8,440.9,440.5
sh688301,奕瑞科技,2022-07-14,440.78,448.0,432.01,446.8,440.82,260777.0,115647046.0,18157031592.0,32414368656.8,641300445.36,316620618.89,3903697091.55,5818732475.92,1915035384.37,116093504.64000002,7011.34,6865.83,2970.34,2708.62,188.28,217.64,1394.74,1772.61,,,,Y,,,医药生物,医疗器械,医疗设备,437.02,441.16,438.33
sh688301,奕瑞科技,2022-07-15,446.0,474.22,446.0,465.0,446.8,440465.0,205016225.0,18896642100.0,33734739090.0,641300445.36,316620618.89,3903697091.55,5818732475.92,1915035384.37,116093504.64000002,15880.39,15331.36,3535.49,3847.62,566.45,419.36,519.3,903.28,,,,Y,,,医药生物,医疗器械,医疗设备,456.05,471.8,464.07
sh688301,奕瑞科技,2022-07-18,469.77,470.0,450.3,455.08,465.0,358414.0,164439395.0,18493513735.2,33015064656.08,641300445.36,316620618.89,3903697091.55,5818732475.92,1915035384.37,116093504.64000002,11281.05,12285.62,2830.94,2565.63,625.24,725.56,1706.71,867.12,,,,Y,,,医药生物,医疗器械,医疗设备,460.88,452.0,460.69
sh688301,奕瑞科技,2022-07-19,459.78,459.78,433.17,445.44,455.08,324968.0,143522419.0,18101763993.6,32315703613.44,641300445.36,316620618.89,3903697091.55,5818732475.92,1915035384.37,116093504.64000002,10252.15,10380.3,2640.41,2853.57,274.41,575.16,1185.27,543.21,,,,Y,,,医药生物,医疗器械,医疗设备,454.01,450.37,447.99
sh688301,奕瑞科技,2022-07-20,445.45,448.28,435.0,442.36,445.44,214408.0,94477337.0,17976599138.4,32092256309.36,641300445.36,316620618.89,3903697091.55,5818732475.92,1915035384.37,116093504.64000002,5983.8,6521.24,2455.44,2056.5,101.89,232.74,707.33,437.98,,,,Y,,,医药生物,医疗器械,医疗设备,445.43,443.8,441.24
sh688301,奕瑞科技,2022-07-21,441.99,454.0,437.13,450.0,442.36,186343.0,83661099.0,18287073000.0,32646521700.0,641300445.36,316620618.89,3903697091.55,5818732475.92,1915035384.37,116093504.64000002,5532.58,5033.85,2553.68,2418.55,159.89,174.1,119.97,739.61,,,,Y,,,医药生物,医疗器械,医疗设备,437.13,453.84,449.8
sh688301,奕瑞科技,2022-07-22,443.05,463.28,432.0,442.0,450.0,318784.0,141255726.0,17961969480.0,32066139092.0,641300445.36,316620618.89,3903697091.55,5818732475.92,1915035384.37,116093504.64000002,7639.13,7837.67,3597.86,4088.49,225.1,212.9,2663.49,1986.52,,,,Y,,,医药生物,医疗器械,医疗设备,455.0,452.79,447.77
sh688301,奕瑞科技,2022-07-25,447.38,454.05,434.0,449.0,442.0,324939.0,144668524.0,18246435060.0,32573973874.0,641300445.36,316620618.89,3903697091.55,5818732475.92,1915035384.37,116093504.64000002,9490.53,8375.82,3963.69,3777.52,243.57,350.18,769.06,1963.33,,,,Y,,,医药生物,医疗器械,医疗设备,437.91,439.93,441.99
sh688301,奕瑞科技,2022-07-26,442.32,453.28,440.21,452.0,449.0,209639.0,94240920.0,18368348880.0,32791617352.0,641300445.36,316620618.89,3903697091.55,5818732475.92,1915035384.37,116093504.64000002,5348.11,5592.89,3832.97,2738.78,243.01,246.77,0.0,845.66,,,,Y,,,医药生物,医疗器械,医疗设备,441.0,447.97,445.03
sh688301,奕瑞科技,2022-07-27,447.0,462.97,447.0,451.5,452.0,174904.0,79282354.0,18348029910.0,32755343439.000004,641300445.36,316620618.89,3903697091.55,5818732475.92,1915035384.37,116093504.64000002,5786.99,6179.66,1576.43,1355.96,211.98,224.99,352.83,167.62,,,,Y,,,医药生物,医疗器械,医疗设备,452.25,460.0,458.38
sh688301,奕瑞科技,2022-07-28,452.99,480.0,447.23,464.5,451.5,488013.0,228881762.0,18876323130.0,33698465177.000004,641300445.36,316620618.89,3903697091.55,5818732475.92,1915035384.37,116093504.64000002,14318.31,13643.38,4996.93,7340.02,651.59,322.66,2921.36,1582.13,,,,Y,,,医药生物,医疗器械,医疗设备,453.24,453.0,453.79
sh688301,奕瑞科技,2022-07-29,456.58,466.48,450.0,457.22,464.5,496385.0,227196182.0,18580478926.8,33170317003.72,641300445.36,316620618.89,3903697091.55,5818732475.92,1915035384.37,116093504.64000002,13331.52,14020.9,7743.06,4826.19,367.35,292.53,1277.69,3580.0,,,,Y,,,医药生物,医疗器械,医疗设备,465.39,461.05,461.67
sh688301,奕瑞科技,2022-08-01,455.5,476.98,449.59,468.5,457.22,431937.0,202201865.0,19038874890.0,33988656481.0,641300445.36,316620618.89,3903697091.55,5818732475.92,1915035384.37,116093504.64000002,16844.49,15861.4,2164.11,3362.36,821.61,503.98,389.98,492.45,,,,Y,,,医药生物,医疗器械,医疗设备,454.93,450.13,459.5
sh688301,奕瑞科技,2022-08-02,468.45,484.95,456.91,469.4,468.5,435533.0,204118909.0,19075449036.0,34053949524.4,641300445.36,316620618.89,3903697091.55,5818732475.92,1915035384.37,116093504.64000002,16401.39,15179.94,2749.91,3796.58,831.9,678.11,428.69,757.27,,,,Y,,,医药生物,医疗器械,医疗设备,469.86,464.72,473.46
sh688301,奕瑞科技,2022-08-03,469.4,480.5,462.88,472.5,469.4,423527.0,201488089.0,19201426650.0,34278847785.0,641300445.36,316620618.89,3903697091.55,5818732475.92,1915035384.37,116093504.64000002,14164.75,15108.05,4261.79,4386.28,834.99,654.47,887.28,0.0,,,,Y,,,医药生物,医疗器械,医疗设备,476.0,472.33,471.55
sh688301,奕瑞科技,2022-08-04,475.45,492.88,468.5,482.0,472.5,500455.0,241408535.0,19587487080.0,34968052132.0,641300445.36,316620618.89,3903697091.55,5818732475.92,1915035384.37,116093504.64000002,14926.37,15375.66,7021.26,6679.28,864.64,678.55,1328.58,1407.37,,,,Y,,,医药生物,医疗器械,医疗设备,471.05,479.0,479.59
sh688301,奕瑞科技,2022-08-05,483.0,504.95,483.0,503.6,482.0,442080.0,220910402.0,20465266584.0,36535085173.6,641300445.36,316620618.89,3903697091.55,5818732475.92,1915035384.37,116093504.64000002,13239.36,12602.02,5918.79,8386.03,469.02,306.01,2463.86,796.98,,,,Y,,,医药生物,医疗器械,医疗设备,483.11,493.12,498.5
sh688301,奕瑞科技,2022-08-08,500.0,510.0,493.01,503.0,503.6,429184.0,215473263.0,20440883820.0,36491556478.0,641300445.36,316620618.89,3903697091.55,5818732475.92,1915035384.37,116093504.64000002,8935.3,9072.16,5862.95,6231.41,281.82,173.25,6467.26,6070.5,,,,Y,,,医药生物,医疗器械,医疗设备,506.99,506.99,509.98
sh688301,奕瑞科技,2022-08-09,499.6,503.85,490.18,500.0,503.0,260514.0,129166822.0,20318970000.0,36273913000.0,641300445.36,316620618.89,3903697091.55,5818732475.92,1915035384.37,116093504.64000002,8782.62,8602.76,3472.1,3644.5,270.6,204.24,391.36,465.18,,,,Y,,,医药生物,医疗器械,医疗设备,496.9,498.22,497.22
sh688301,奕瑞科技,2022-08-10,497.45,511.0,490.4,507.5,500.0,367867.0,185837005.0,20623754550.0,36818021695.0,641300445.36,316620618.89,3903697091.55,5818732475.92,1915035384.37,116093504.64000002,11567.76,10505.24,5856.37,5779.94,306.61,498.31,852.97,1800.21,,,,Y,,,医药生物,医疗器械,医疗设备,500.53,498.68,498.35
sh688301,奕瑞科技,2022-08-11,509.0,509.4,492.1,500.0,507.5,359279.0,179303805.0,20318970000.0,36273913000.0,641300445.36,316620618.89,3903697091.55,5818732475.92,1915035384.37,116093504.64000002,9966.08,9444.69,5495.04,3261.27,371.84,288.82,2097.42,4935.6,,,,Y,,,医药生物,医疗器械,医疗设备,502.95,500.0,499.0
sh688301,奕瑞科技,2022-08-12,497.47,519.99,496.0,502.0,500.0,289832.0,146680479.0,20400245880.0,36419008652.0,641300445.36,316620618.89,3903697091.55,5818732475.92,1915035384.37,116093504.64000002,8673.14,9983.83,4887.11,3851.73,191.2,280.18,916.6,552.31,,,,Y,,,医药生物,医疗器械,医疗设备,509.68,510.71,510.99
sh688301,奕瑞科技,2022-08-15,495.01,501.79,480.1,487.2,502.0,403996.0,196254257.0,19798804368.0,35345300827.2,641300445.36,316620618.89,3903697091.55,5818732475.92,1915035384.37,116093504.64000002,12399.26,12679.9,4760.65,3999.36,633.75,874.71,1831.76,2071.45,,,,Y,,,医药生物,医疗器械,医疗设备,483.02,494.99,491.72
sh688301,奕瑞科技,2022-08-16,485.0,505.0,485.0,498.0,487.2,256237.0,126903186.0,20237694120.0,36128817348.0,641300445.36,316620618.89,3903697091.55,5818732475.92,1915035384.37,116093504.64000002,8147.99,8290.88,3949.61,3405.22,194.58,212.62,398.13,781.6,,,,Y,,,医药生物,医疗器械,医疗设备,490.92,494.81,494.5
sh688301,奕瑞科技,2022-08-17,497.0,497.0,486.18,493.99,498.0,184498.0,90588426.0,20074735980.6,35837900565.74,641300445.36,316620618.89,3903697091.55,5818732475.92,1915035384.37,116093504.64000002,5953.32,6536.17,1969.8,1807.31,161.42,183.38,974.3,531.98,,,,Y,,,医药生物,医疗器械,医疗设备,492.91,486.31,488.07
sh688301,奕瑞科技,2022-08-18,495.0,503.49,488.0,500.74,493.99,155019.0,77286476.0,20349042075.6,36327598391.24,641300445.36,316620618.89,3903697091.55,5818732475.92,1915035384.37,116093504.64000002,5541.18,5433.52,1458.16,2028.7,251.75,171.41,477.57,95.01,,,,Y,,,医药生物,医疗器械,医疗设备,495.0,493.22,493.3
sh688301,奕瑞科技,2022-08-19,494.73,503.82,493.0,496.01,500.74,161875.0,80551443.0,20156824619.4,35984447174.26,641300445.36,316620618.89,3903697091.55,5818732475.92,1915035384.37,116093504.64000002,5660.01,6199.86,1984.13,1427.89,296.49,397.82,114.52,29.57,,,,Y,,,医药生物,医疗器械,医疗设备,493.8,502.6,500.58
sh688301,奕瑞科技,2022-08-22,501.96,502.0,469.01,496.74,496.01,464131.0,228035452.0,20186490315.6,36037407087.24,641300445.36,316620618.89,3903697091.55,5818732475.92,1915035384.37,116093504.64000002,12168.05,11863.7,5073.48,4299.84,439.0,353.21,5123.01,6286.8,,,,Y,,,医药生物,医疗器械,医疗设备,485.36,472.0,480.0
sh688301,奕瑞科技,2022-08-23,501.77,501.9,488.36,488.77,496.74,197327.0,97390928.0,19862605933.8,35459200914.02,641300445.36,316620618.89,3903697091.55,5818732475.92,1915035384.37,116093504.64000002,6119.52,4931.13,2639.84,1632.91,121.19,97.09,858.55,3077.96,,,,Y,,,医药生物,医疗器械,医疗设备,495.94,496.43,496.35
sh688301,奕瑞科技,2022-08-24,485.01,494.0,469.0,474.0,488.77,275088.0,131648904.0,19262383560.0,34387669524.0,641300445.36,316620618.89,3903697091.55,5818732475.92,1915035384.37,116093504.64000002,9122.98,7001.55,3330.01,3951.9,172.06,429.29,539.84,1782.15,,,,Y,,,医药生物,医疗器械,医疗设备,485.78,484.09,480.0
sh688301,奕瑞科技,2022-08-25,477.0,496.54,472.63,492.54,474.0,296636.0,145461007.0,20015810967.6,35732706218.04,641300445.36,316620618.89,3903697091.55,5818732475.92,1915035384.37,116093504.64000002,7519.04,8503.52,5599.8,5167.59,94.3,170.31,1332.96,704.69,,,,Y,,,医药生物,医疗器械,医疗设备,478.63,484.12,491.35
sh688301,奕瑞科技,2022-08-26,492.54,499.99,476.0,487.03,492.54,212715.0,103632672.0,19791895918.2,35332967696.78,641300445.36,316620618.89,3903697091.55,5818732475.92,1915035384.37,116093504.64000002,7458.75,7250.16,1827.41,2165.29,173.24,278.35,903.87,669.48,,,,Y,,,医药生物,医疗器械,医疗设备,491.6,494.72,494.97
sh688301,奕瑞科技,2022-08-29,480.0,528.0,476.0,527.0,487.03,1304648.0,673641673.0,21470369980.0,38232704302.0,641300445.36,316620618.89,3903697091.55,5818732475.92,1915035384.37,116093504.64000002,38677.55,27177.19,22728.75,28600.36,1041.11,1102.11,4916.75,10484.5,,,,Y,,,医药生物,医疗器械,医疗设备,490.05,519.46,522.0
sh688301,奕瑞科技,2022-08-30,529.9,529.9,498.3,507.99,527.0,498775.0,254604013.0,20695888512.6,36853570129.74,641300445.36,316620618.89,3903697091.55,5818732475.92,1915035384.37,116093504.64000002,15993.75,15700.79,7036.92,5019.79,413.67,641.94,2016.07,4097.89,,,,Y,,,医药生物,医疗器械,医疗设备,511.21,514.3,522.93
sh688301,奕瑞科技,2022-08-31,500.23,514.98,500.07,508.14,507.99,422083.0,214235313.0,20701999623.6,36864452303.64,641300445.36,316620618.89,3903697091.55,5818732475.92,1915035384.37,116093504.64000002,15891.47,14135.03,4723.28,6242.57,420.14,365.56,388.64,680.38,,,,Y,,,医药生物,医疗器械,医疗设备,503.39,505.17,504.88
sh688301,奕瑞科技,2022-09-01,507.02,519.98,502.98,514.7,508.14,412465.0,212334635.0,20969258878.0,37340366042.200005,641300445.36,316620618.89,3903697091.55,5818732475.92,1915035384.37,116093504.64000002,15906.76,14272.96,4194.24,6109.74,449.4,305.4,683.06,545.36,,,,Y,,,医药生物,医疗器械,医疗设备,510.78,516.91,517.0
sh688301,奕瑞科技,2022-09-02,514.67,520.0,501.66,504.6,514.7,472553.0,241597315.0,20557777404.0,36607632999.6,641300445.36,316620618.89,3903697091.55,5818732475.92,1915035384.37,116093504.64000002,15885.69,16328.53,7414.12,5685.42,353.79,472.14,506.13,1673.64,,,,Y,,,医药生物,医疗器械,医疗设备,506.74,510.21,503.16
sh688301,奕瑞科技,2022-09-05,500.0,507.0,485.04,500.0,504.6,655025.0,327091861.0,20370370000.0,36273913000.0,641300445.36,316620618.89,3903697091.55,5818732475.92,1915035384.37,116093504.64000002,25096.84,26421.11,6077.74,4935.82,762.32,822.11,772.28,530.15,,,,Y,,,医药生物,医疗器械,医疗设备,492.95,493.95,499.09
sh688301,奕瑞科技,2022-09-06,509.3,511.88,495.33,508.5,500.0,551312.0,279945037.0,20716666290.0,36890569521.0,641300445.36,316620618.89,3903697091.55,5818732475.92,1915035384.37,116093504.64000002,19901.23,20426.39,7402.0,7020.67,602.06,506.64,89.21,40.8,,,,Y,,,医药生物,医疗器械,医疗设备,499.6,501.55,503.86
sh688301,奕瑞科技,2022-09-07,504.97,517.05,502.3,508.33,508.5,516375.0,264371509.0,20709740364.2,36878236390.58,641300445.36,316620618.89,3903697091.55,5818732475.92,1915035384.37,116093504.64000002,17884.79,17953.38,6557.95,6289.76,828.74,786.1,1165.67,1407.91,,,,Y,,,医药生物,医疗器械,医疗设备,508.11,504.19,514.03
sh688301,奕瑞科技,2022-09-08,510.1,521.89,504.88,512.11,508.33,630660.0,324608836.0,20863740361.4,37152467172.86,641300445.36,316620618.89,3903697091.55,5818732475.92,1915035384.37,116093504.64000002,20988.62,21623.11,7250.0,8188.39,760.16,1039.21,3462.1,1610.18,,,,Y,,,医药生物,医疗器械,医疗设备,507.5,509.46,508.65
sh688301,奕瑞科技,2022-09-09,514.09,524.7,493.5,502.44,512.11,962402.0,486386025.0,20469777405.6,36450929695.44,641300445.36,316620618.89,3903697091.55,5818732475.92,1915035384.37,116093504.64000002,38149.26,39028.53,7259.08,8003.59,1151.81,1313.79,2078.45,292.69,,,,Y,,,医药生物,医疗器械,医疗设备,517.66,520.9,512.69
sh688301,奕瑞科技,2022-09-13,501.0,508.0,490.8,500.44,502.44,460772.0,230182733.0,20388295925.6,36305834043.44,641300445.36,316620618.89,3903697091.55,5818732475.92,1915035384.37,116093504.64000002,15037.08,16782.45,3903.81,3351.39,582.42,556.19,3494.97,2328.24,,,,Y,,,医药生物,医疗器械,医疗设备,501.97,500.0,499.62
sh688301,奕瑞科技,2022-09-14,492.0,512.0,492.0,507.0,500.44,399051.0,200750405.0,20655555180.0,36781747782.0,641300445.36,316620618.89,3903697091.55,5818732475.92,1915035384.37,116093504.64000002,13227.44,12409.13,5776.35,5220.76,414.4,371.72,656.85,2073.43,,,,Y,,,医药生物,医疗器械,医疗设备,495.24,499.96,502.55
sh688301,奕瑞科技,2022-09-15,508.78,518.8,500.29,507.0,507.0,471089.0,239845693.0,20655555180.0,36781747782.0,641300445.36,316620618.89,3903697091.55,5818732475.92,1915035384.37,116093504.64000002,17415.68,17118.03,4858.93,5574.93,408.3,453.52,1301.66,838.09,,,,Y,,,医药生物,医疗器械,医疗设备,513.04,510.69,514.1
sh688301,奕瑞科技,2022-09-16,500.0,534.84,500.0,524.99,507.0,563644.0,294744339.0,21388481092.6,38086883171.740005,641300445.36,316620618.89,3903697091.55,5818732475.92,1915035384.37,116093504.64000002,17328.28,14992.25,6720.2,9380.04,368.17,293.21,5057.78,4808.94,,,,Y,,,医药生物,医疗器械,医疗设备,511.19,513.59,523.0
sh688301,奕瑞科技,2022-09-19,519.99,530.05,500.5,509.64,524.99,345777.0,175636248.0,20906319573.6,36973274042.64,641300445.36,316620618.89,3903697091.55,5818732475.92,1915035384.37,116093504.64000002,12269.59,11570.22,3431.73,4445.92,525.68,546.97,1336.62,1000.51,,,,Y,,,医药生物,医疗器械,医疗设备,517.03,513.0,514.88
sh688301,奕瑞科技,2022-09-20,509.78,516.0,500.52,512.0,509.64,270710.0,137999771.0,21003130880.0,37144486912.0,641300445.36,316620618.89,3903697091.55,5818732475.92,1915035384.37,116093504.64000002,9318.08,8893.82,3356.57,3627.15,284.28,233.84,841.05,1045.17,,,,Y,,,医药生物,医疗器械,医疗设备,512.58,513.0,511.95
sh688301,奕瑞科技,2022-09-21,510.0,511.51,475.1,475.49,512.0,476710.0,230344178.0,19505427152.6,34495765784.74,641300445.36,316620618.89,3903697091.55,5818732475.92,1915035384.37,116093504.64000002,14484.37,15413.77,6243.45,5109.38,504.8,713.04,1667.97,1664.39,,,,Y,,,医药生物,医疗器械,医疗设备,507.72,501.0,499.1
sh688301,奕瑞科技,2022-09-22,473.33,492.52,463.31,475.37,475.49,392087.0,187700861.0,19500504543.8,34487060045.619995,641300445.36,316620618.89,3903697091.55,5818732475.92,1915035384.37,116093504.64000002,13259.71,13926.26,3076.86,3608.33,354.9,340.56,2078.62,894.94,,,,Y,,,医药生物,医疗器械,医疗设备,474.97,482.6,492.0
sh688301,奕瑞科技,2022-09-23,472.28,486.65,468.51,482.04,475.37,338331.0,161464062.0,19774119549.6,34970954045.04,641300445.36,316620618.89,3903697091.55,5818732475.92,1915035384.37,116093504.64000002,10283.28,11082.01,4640.03,2585.13,167.4,308.88,1055.69,2170.39,,,,Y,,,医药生物,医疗器械,医疗设备,472.61,477.51,479.53
sh688301,奕瑞科技,2022-09-26,473.23,514.35,473.23,504.0,482.04,399441.0,201009383.0,20674956960.0,36564104304.0,641300445.36,316620618.89,3903697091.55,5818732475.92,1915035384.37,116093504.64000002,15866.79,14135.09,3815.96,4976.25,291.49,450.17,126.7,539.42,,,,Y,,,医药生物,医疗器械,医疗设备,481.32,488.85,493.31
sh688301,奕瑞科技,2022-09-27,509.03,520.0,498.23,517.48,504.0,319034.0,163463883.0,21227930015.2,37542048998.48,641300445.36,316620618.89,3903697091.55,5818732475.92,1915035384.37,116093504.64000002,8903.69,10377.9,6158.56,4897.96,280.69,329.18,1003.46,741.35,,,,Y,,,医药生物,医疗器械,医疗设备,504.69,507.87,505.16
sh688301,奕瑞科技,2022-09-28,521.22,549.01,521.22,526.01,517.48,513989.0,274935648.0,21577845457.4,38160881954.26,641300445.36,316620618.89,3903697091.55,5818732475.92,1915035384.37,116093504.64000002,19998.41,18081.53,6333.12,7728.97,381.74,639.68,780.3,1043.38,,,,Y,,,医药生物,医疗器械,医疗设备,534.0,543.45,535.08
sh688301,奕瑞科技,2022-09-29,530.08,539.09,523.0,531.0,526.01,343925.0,182777333.0,21782543940.0,38522895606.0,641300445.36,316620618.89,3903697091.55,5818732475.92,1915035384.37,116093504.64000002,11807.96,9893.52,4333.49,7039.57,254.03,160.41,1882.26,1184.23,,,,Y,,,医药生物,医疗器械,医疗设备,531.0,531.57,533.8
sh688301,奕瑞科技,2022-09-30,528.34,535.88,512.26,521.7,531.0,383907.0,200325292.0,21401041758.0,37848200824.2,641300445.36,316620618.89,3903697091.55,5818732475.92,1915035384.37,116093504.64000002,15479.09,13189.78,2890.1,5557.35,248.21,411.38,1415.13,874.03,,,,Y,,,医药生物,医疗器械,医疗设备,527.59,523.39,525.21
sh688301,奕瑞科技,2022-10-10,527.78,535.0,485.69,487.21,521.7,376427.0,187883345.0,19986201945.4,35346026305.46,641300445.36,316620618.89,3903697091.55,5818732475.92,1915035384.37,116093504.64000002,13980.84,15705.81,3156.13,1851.13,410.71,808.63,1240.66,422.77,,,,Y,,,医药生物,医疗器械,医疗设备,509.99,519.0,513.88
sh688301,奕瑞科技,2022-10-11,475.08,494.99,475.08,484.22,487.21,243248.0,118040680.0,19863546942.8,35129108305.72,641300445.36,316620618.89,3903697091.55,5818732475.92,1915035384.37,116093504.64000002,8515.55,10033.35,2453.32,980.91,136.58,301.81,698.62,488.0,,,,Y,,,医药生物,医疗器械,医疗设备,486.17,486.68,484.41
sh688301,奕瑞科技,2022-10-12,481.23,484.21,455.0,477.98,484.22,300563.0,141615958.0,19607571285.2,34676409871.48,641300445.36,316620618.89,3903697091.55,5818732475.92,1915035384.37,116093504.64000002,10910.55,12019.89,2191.12,1166.02,373.29,410.99,686.64,564.69,,,,Y,,,医药生物,医疗器械,医疗设备,475.68,469.5,461.5
sh688301,奕瑞科技,2022-10-13,479.78,505.4,473.85,498.01,477.98,311730.0,155192594.0,20429236737.4,36129542826.26,641300445.36,316620618.89,3903697091.55,5818732475.92,1915035384.37,116093504.64000002,11560.07,9382.82,3349.08,4424.57,458.04,302.21,152.08,1409.66,,,,Y,,,医药生物,医疗器械,医疗设备,488.0,498.0,499.89
sh688301,奕瑞科技,2022-10-14,503.23,518.8,492.88,503.99,498.01,670772.0,339761723.0,20674546742.6,36563378825.74,641300445.36,316620618.89,3903697091.55,5818732475.92,1915035384.37,116093504.64000002,21066.65,17976.08,8990.59,9818.94,411.96,425.07,3506.98,5756.09,,,,Y,,,医药生物,医疗器械,医疗设备,503.44,501.55,499.28
sh688301,奕瑞科技,2022-10-17,500.0,511.95,470.0,491.28,503.99,763340.0,373847331.0,20153160427.2,35641295957.28,641300445.36,316620618.89,3903697091.55,5818732475.92,1915035384.37,116093504.64000002,23557.58,25290.78,9787.7,8354.45,755.96,1048.22,3283.5,2691.29,,,,Y,,,医药生物,医疗器械,医疗设备,502.1,505.66,497.95
sh688301,奕瑞科技,2022-10-18,485.0,491.6,468.01,473.5,491.28,472757.0,225489490.0,19423793890.0,34351395611.0,641300445.36,316620618.89,3903697091.55,5818732475.92,1915035384.37,116093504.64000002,16029.16,17951.58,3688.88,2552.48,281.8,551.84,2549.11,1493.06,,,,Y,,,医药生物,医疗器械,医疗设备,478.0,488.8,489.2
sh688301,奕瑞科技,2022-10-19,477.0,477.0,460.53,466.78,473.5,424004.0,197678908.0,19148127797.2,33863874220.28,641300445.36,316620618.89,3903697091.55,5818732475.92,1915035384.37,116093504.64000002,12957.07,15295.64,3900.21,3597.42,297.75,533.71,2612.87,341.12,,,,Y,,,医药生物,医疗器械,医疗设备,473.79,471.12,469.79
sh688301,奕瑞科技,2022-10-20,468.0,522.99,468.0,508.0,466.78,897064.0,448089385.0,20839043920.0,36854295608.0,641300445.36,316620618.89,3903697091.55,5818732475.92,1915035384.37,116093504.64000002,29724.7,29654.99,10575.12,10418.8,1100.26,1308.65,3408.87,3426.5,,,,Y,,,医药生物,医疗器械,医疗设备,482.49,496.5,498.04
sh688301,奕瑞科技,2022-10-21,514.4,515.0,494.95,503.66,508.0,478131.0,241803657.0,20661009568.4,36539438043.16,641300445.36,316620618.89,3903697091.55,5818732475.92,1915035384.37,116093504.64000002,19908.6,19873.41,2794.93,3428.55,515.01,525.06,879.24,270.75,,,,Y,,,医药生物,医疗器械,医疗设备,502.99,503.43,504.33
sh688301,奕瑞科技,2022-10-24,501.15,520.0,477.16,520.0,503.66,647203.0,324914344.0,21331304800.0,37724869520.0,641300445.36,316620618.89,3903697091.55,5818732475.92,1915035384.37,116093504.64000002,23996.01,24553.4,5109.56,6463.44,797.45,676.16,2588.43,798.44,,,,Y,,,医药生物,医疗器械,医疗设备,498.7,483.68,486.96
sh688301,奕瑞科技,2022-10-25,519.0,520.0,483.01,487.72,520.0,424731.0,208850146.0,20007123032.8,35383025696.72,641300445.36,316620618.89,3903697091.55,5818732475.92,1915035384.37,116093504.64000002,15810.1,16146.58,3369.97,2771.02,678.16,747.64,1026.79,1219.77,,,,Y,,,医药生物,医疗器械,医疗设备,506.03,506.07,494.42
sh688301,奕瑞科技,2022-10-26,487.72,509.9,482.29,501.45,487.72,328914.0,164457272.0,20570351523.0,36379107347.7,641300445.36,316620618.89,3903697091.55,5818732475.92,1915035384.37,116093504.64000002,12901.0,13571.28,2409.06,1985.17,575.23,331.39,560.44,557.9,,,,Y,,,医药生物,医疗器械,医疗设备,490.03,490.05,487.49
sh688301,奕瑞科技,2022-10-27,497.0,508.67,491.0,499.5,501.45,398194.0,198697354.0,20490359130.0,36237639087.0,641300445.36,316620618.89,3903697091.55,5818732475.92,1915035384.37,116093504.64000002,15816.28,16305.21,2891.75,2505.29,567.97,614.78,593.74,444.46,,,,Y,,,医药生物,医疗器械,医疗设备,500.78,496.2,496.91
sh688301,奕瑞科技,2022-10-28,499.0,504.88,485.16,488.99,499.5,330408.0,162488933.0,20059220642.6,35475161435.74,641300445.36,316620618.89,3903697091.55,5818732475.92,1915035384.37,116093504.64000002,14102.17,14473.36,1668.35,1347.5,367.82,318.52,110.56,109.51,,,,Y,,,医药生物,医疗器械,医疗设备,496.23,503.93,498.02
sh688301,奕瑞科技,2022-10-31,493.78,537.77,489.0,516.0,488.99,665036.0,347906699.0,21167217840.0,37434678216.0,641300445.36,316620618.89,3903697091.55,5818732475.92,1915035384.37,116093504.64000002,26732.63,24670.44,6467.92,7134.18,887.47,654.25,702.64,2331.81,,,,Y,,,医药生物,医疗器械,医疗设备,529.95,529.71,537.59
sh688301,奕瑞科技,2022-11-01,521.79,522.5,500.08,505.66,516.0,349434.0,177641959.0,20743053048.4,36684533695.16,641300445.36,316620618.89,3903697091.55,5818732475.92,1915035384.37,116093504.64000002,14065.01,13900.6,2931.59,2599.64,327.81,622.0,439.78,641.96,,,,Y,,,医药生物,医疗器械,医疗设备,518.0,508.03,503.99
sh688301,奕瑞科技,2022-11-02,507.96,513.6,496.0,500.0,505.66,416640.0,208451132.0,20510870000.0,36273913000.0,641300445.36,316620618.89,3903697091.55,5818732475.92,1915035384.37,116093504.64000002,15598.24,17018.12,3781.4,3378.76,372.83,448.24,1092.64,0.0,,,,Y,,,医药生物,医疗器械,医疗设备,510.77,501.06,496.11
sh688301,奕瑞科技,2022-11-03,501.0,528.12,495.0,516.5,500.0,545009.0,281658197.0,21187728710.0,37470952129.0,641300445.36,316620618.89,3903697091.55,5818732475.92,1915035384.37,116093504.64000002,19696.11,17091.99,6619.03,8201.37,524.94,457.09,1325.74,2415.37,,,,Y,,,医药生物,医疗器械,医疗设备,503.39,511.83,511.7
sh688301,奕瑞科技,2022-11-04,516.0,521.0,500.3,505.99,516.5,487515.0,246581947.0,20756590222.6,36708474477.74,641300445.36,316620618.89,3903697091.55,5818732475.92,1915035384.37,116093504.64000002,18082.14,20517.58,5341.96,2968.98,486.07,616.97,748.03,554.66,,,,Y,,,医药生物,医疗器械,医疗设备,517.16,514.46,515.05
sh688301,奕瑞科技,2022-11-07,505.99,508.0,466.66,472.88,505.99,1066122.0,509522490.0,19398360411.2,34306415958.88,641300445.36,316620618.89,3903697091.55,5818732475.92,1915035384.37,116093504.64000002,35036.85,35902.9,9923.43,10178.66,1094.14,1020.66,4897.84,3850.03,,,,Y,,,医药生物,医疗器械,医疗设备,502.34,495.11,493.5
sh688301,奕瑞科技,2022-11-08,472.87,488.77,468.03,484.0,472.88,526557.0,251590174.0,19854522160.0,35113147784.0,641300445.36,316620618.89,3903697091.55,5818732475.92,1915035384.37,116093504.64000002,15639.31,16444.14,6073.93,4490.05,298.6,398.39,3147.18,3826.44,,,,Y,,,医药生物,医疗器械,医疗设备,476.0,474.0,471.97
sh688301,奕瑞科技,2022-11-09,473.0,475.0,461.36,465.94,484.0,513683.0,240141148.0,19113669535.6,33802934046.44,641300445.36,316620618.89,3903697091.55,5818732475.92,1915035384.37,116093504.64000002,77654.38,67397.49,25629.26,38229.53,1518.35,1769.89,5416.06,2821.15,,,,Y,,,医药生物,医疗器械,医疗设备,473.77,472.96,471.37
sh688301,奕瑞科技,2022-11-10,465.94,467.78,447.21,455.07,465.94,387383.0,176780625.0,18667763221.8,33014339177.82,641300445.36,316620618.89,3903697091.55,5818732475.92,1915035384.37,116093504.64000002,13210.34,11524.75,2397.67,3745.01,412.13,535.08,1657.92,1873.23,,,,Y,,,医药生物,医疗器械,医疗设备,463.49,465.0,466.04
sh688301,奕瑞科技,2022-11-11,463.78,465.0,452.91,454.87,455.07,439548.0,201571759.0,18659558873.8,32999829612.62,641300445.36,316620618.89,3903697091.55,5818732475.92,1915035384.37,116093504.64000002,14810.44,14322.64,2394.43,3229.37,395.8,504.15,2556.5,2101.01,,,,Y,,,医药生物,医疗器械,医疗设备,464.1,460.1,456.33
sh688301,奕瑞科技,2022-11-14,448.0,459.8,444.01,452.1,454.87,276974.0,125111772.0,18545928654.0,32798872134.6,641300445.36,316620618.89,3903697091.55,5818732475.92,1915035384.37,116093504.64000002,10515.28,8734.59,1287.12,2396.77,285.31,277.8,423.48,1102.02,,,,Y,,,医药生物,医疗器械,医疗设备,453.79,452.91,451.0
sh688301,奕瑞科技,2022-11-15,452.1,472.0,436.95,471.65,452.1,470456.0,215600872.0,19347903671.0,34217182132.9,641300445.36,316620618.89,3903697091.55,5818732475.92,1915035384.37,116093504.64000002,15485.03,14395.48,4632.86,5312.77,412.9,379.81,1029.31,1472.02,,,,Y,,,医药生物,医疗器械,医疗设备,442.1,437.0,448.91
sh688301,奕瑞科技,2022-11-16,468.03,471.64,455.0,463.0,471.65,315485.0,145427267.0,18993065620.0,33589643438.0,641300445.36,316620618.89,3903697091.55,5818732475.92,1915035384.37,116093504.64000002,12050.54,11574.77,1680.52,1607.56,269.83,356.83,541.84,1003.56,,,,Y,,,医药生物,医疗器械,医疗设备,462.81,460.13,456.8
sh688301,奕瑞科技,2022-11-17,459.89,470.0,450.21,463.22,463.0,275768.0,127486475.0,19002090402.8,33605603959.72,641300445.36,316620618.89,3903697091.55,5818732475.92,1915035384.37,116093504.64000002,10870.8,10726.63,1271.82,1219.73,298.51,413.55,307.51,388.74,,,,Y,,,医药生物,医疗器械,医疗设备,453.8,456.84,461.93
sh688301,奕瑞科技,2022-11-18,465.41,479.52,460.53,477.15,463.22,255101.0,120838079.0,19573523241.0,34616195175.9,641300445.36,316620618.89,3903697091.55,5818732475.92,1915035384.37,116093504.64000002,8508.28,8535.77,2896.15,2772.75,275.89,241.3,403.49,534.0,,,,Y,,,医药生物,医疗器械,医疗设备,473.18,475.0,473.23
sh688301,奕瑞科技,2022-11-21,472.95,474.97,463.28,473.85,477.15,122462.0,57484604.0,19506215313.0,34444851164.1,641300445.36,316620618.89,3903697091.55,5818732475.92,1915035384.37,116093504.64000002,5185.7,5301.87,227.03,307.11,148.41,139.48,187.31,0.0,,,,Y,,,医药生物,医疗器械,医疗设备,465.96,472.16,468.14
sh688301,奕瑞科技,2022-11-22,472.14,480.0,468.3,475.33,473.85,175736.0,83520268.0,19567140075.4,34552434533.78,641300445.36,316620618.89,3903697091.55,5818732475.92,1915035384.37,116093504.64000002,7023.86,5839.91,751.65,1082.73,300.46,253.01,276.06,1176.38,,,,Y,,,医药生物,医疗器械,医疗设备,474.66,477.18,477.0
sh688301,奕瑞科技,2022-11-23,470.33,479.5,462.01,476.23,475.33,276289.0,130126293.0,19604188917.4,34617856853.18,641300445.36,316620618.89,3903697091.55,5818732475.92,1915035384.37,116093504.64000002,11343.59,10888.67,1113.79,1542.14,270.72,268.23,284.54,313.59,,,,Y,,,医药生物,医疗器械,医疗设备,464.84,465.49,470.78
sh688301,奕瑞科技,2022-11-24,475.07,478.92,462.0,476.5,476.23,250696.0,118233791.0,19615303570.0,34637483549.0,641300445.36,316620618.89,3903697091.55,5818732475.92,1915035384.37,116093504.64000002,9110.75,9038.42,2098.99,2015.66,389.36,398.89,224.28,370.41,,,,Y,,,医药生物,医疗器械,医疗设备,470.0,470.77,468.78
sh688301,奕瑞科技,2022-11-25,478.78,478.78,462.0,470.09,476.5,176776.0,82783277.0,19351433484.2,34171531251.94,641300445.36,316620618.89,3903697091.55,5818732475.92,1915035384.37,116093504.64000002,6842.44,6729.14,1031.18,865.96,276.26,484.55,128.45,198.68,,,,Y,,,医药生物,医疗器械,医疗设备,467.03,464.0,467.99
sh688301,奕瑞科技,2022-11-28,469.95,476.12,453.11,458.86,470.09,377386.0,174127346.0,18889146266.8,33355206088.76,641300445.36,316620618.89,3903697091.55,5818732475.92,1915035384.37,116093504.64000002,13694.47,13999.87,2721.42,2025.44,337.85,560.66,659.0,826.76,,,,Y,,,医药生物,医疗器械,医疗设备,470.15,465.86,461.75
sh688301,奕瑞科技,2022-11-29,459.97,461.78,440.25,448.37,458.86,328233.0,147758992.0,18457321430.6,32592672610.42,641300445.36,316620618.89,3903697091.55,5818732475.92,1915035384.37,116093504.64000002,12100.63,11693.33,2184.65,2206.27,333.69,420.88,156.93,455.42,,,,Y,,,医药生物,医疗器械,医疗设备,458.36,454.28,456.99
sh688301,奕瑞科技,2022-11-30,443.05,456.75,442.55,452.32,448.37,527552.0,237374120.0,18619924681.6,32879803901.12,641300445.36,316620618.89,3903697091.55,5818732475.92,1915035384.37,116093504.64000002,12802.48,11928.15,2630.94,3092.46,431.3,599.32,7872.69,8117.48,,,,Y,,,医药生物,医疗器械,医疗设备,447.39,447.55,446.71
sh688301,奕瑞科技,2022-12-01,452.7,469.19,435.41,466.43,452.32,440775.0,199760937.0,19200768193.4,33905480486.38,641300445.36,316620618.89,3903697091.55,5818732475.92,1915035384.37,116093504.64000002,14576.7,13293.6,3129.41,3453.7,494.48,330.09,1775.51,2898.7,,,,Y,,,医药生物,医疗器械,医疗设备,448.38,440.99,442.37
sh688301,奕瑞科技,2022-12-02,465.96,467.73,458.05,463.11,466.43,265897.0,122882134.0,19064099131.8,33664144819.26,641300445.36,316620618.89,3903697091.55,5818732475.92,1915035384.37,116093504.64000002,11198.36,10216.41,724.54,1123.17,365.31,503.9,0.0,444.73,,,,Y,,,医药生物,医疗器械,医疗设备,463.58,462.91,463.27
sh688301,奕瑞科技,2022-12-05,467.0,477.98,457.08,465.1,463.11,245513.0,114707237.0,19146018238.0,33808800836.6,641300445.36,316620618.89,3903697091.55,5818732475.92,1915035384.37,116093504.64000002,10479.57,9768.36,742.84,1254.99,248.31,225.2,0.0,222.17,,,,Y,,,医药生物,医疗器械,医疗设备,469.9,475.72,470.53
sh688301,奕瑞科技,2022-12-06,467.78,467.88,458.03,462.0,465.1,192658.0,88896335.0,19018405560.0,33583457292.0,641300445.36,316620618.89,3903697091.55,5818732475.92,1915035384.37,116093504.64000002,8003.26,7543.91,605.79,1007.21,243.69,301.62,0.0,0.0,,,,Y,,,医药生物,医疗器械,医疗设备,466.98,462.35,461.12
sh688301,奕瑞科技,2022-12-07,465.98,477.77,458.5,472.2,462.0,319307.0,150682650.0,19438292436.0,34324910245.2,641300445.36,316620618.89,3903697091.55,5818732475.92,1915035384.37,116093504.64000002,12273.86,11290.39,1491.19,2836.72,448.12,214.09,855.1,727.06,,,,Y,,,医药生物,医疗器械,医疗设备,461.21,465.1,464.52
sh688301,奕瑞科技,2022-12-08,471.54,481.0,451.83,453.0,472.2,520388.0,239232235.0,18647917140.0,32929234098.0,641300445.36,316620618.89,3903697091.55,5818732475.92,1915035384.37,116093504.64000002,18040.37,17591.31,3476.84,2870.77,756.41,527.69,1649.6,2933.45,,,,Y,,,医药生物,医疗器械,医疗设备,471.67,477.58,469.99
sh688301,奕瑞科技,2022-12-09,453.0,454.96,414.01,429.86,453.0,1376073.0,587638580.0,17695350246.8,31247153574.76,641300445.36,316620618.89,3903697091.55,5818732475.92,1915035384.37,116093504.64000002,40774.11,41515.28,10505.98,10846.24,2354.07,2006.29,5129.7,4396.05,,,,Y,,,医药生物,医疗器械,医疗设备,447.2,440.12,441.0
sh688301,奕瑞科技,2022-12-12,421.68,427.43,416.66,426.39,429.86,548712.0,231552999.0,17552506378.2,30994914187.74,641300445.36,316620618.89,3903697091.55,5818732475.92,1915035384.37,116093504.64000002,16896.35,19614.48,4453.3,2793.71,688.63,639.81,1117.02,107.29,,,Y,,,,医药生物,医疗器械,医疗设备,417.57,423.6,422.32
sh688301,奕瑞科技,2022-12-13,421.51,432.0,421.5,427.37,426.39,337473.0,144093802.0,17592848450.6,31066151824.42,641300445.36,316620618.89,3903697091.55,5818732475.92,1915035384.37,116093504.64000002,12219.81,11436.59,1363.24,2040.16,383.26,272.72,443.07,659.9,,,Y,,,,医药生物,医疗器械,医疗设备,426.85,427.0,430.29
sh688301,奕瑞科技,2022-12-14,424.71,427.76,409.0,425.76,427.37,313804.0,132147666.0,17526572188.8,30949118564.16,641300445.36,316620618.89,3903697091.55,5818732475.92,1915035384.37,116093504.64000002,11309.95,10519.56,1404.98,1630.78,393.4,414.21,106.44,650.22,,,Y,,,,医药生物,医疗器械,医疗设备,412.8,421.0,425.99
sh688301,奕瑞科技,2022-12-15,422.0,428.78,416.2,427.01,425.76,204864.0,86991952.0,17578028913.8,31039982896.66,641300445.36,316620618.89,3903697091.55,5818732475.92,1915035384.37,116093504.64000002,8034.38,7627.62,436.47,760.54,228.35,206.13,0.0,104.9,,,Y,,,,医药生物,医疗器械,医疗设备,419.59,422.0,422.5
sh688301,奕瑞科技,2022-12-16,427.01,427.52,410.22,417.59,427.01,425496.0,177285345.0,17190251034.2,30355229286.94,641300445.36,316620618.89,3903697091.55,5818732475.92,1915035384.37,116093504.64000002,14080.74,12662.29,2617.71,3479.62,409.67,422.23,620.42,1164.4,,,Y,,,,医药生物,医疗器械,医疗设备,421.69,423.0,427.52
sh688301,奕瑞科技,2022-12-19,417.59,421.8,410.18,414.49,417.59,188760.0,78370151.0,17062638356.2,30129885742.34,641300445.36,316620618.89,3903697091.55,5818732475.92,1915035384.37,116093504.64000002,7059.02,6928.5,436.39,724.79,175.81,183.72,165.8,0.0,,,Y,,,,医药生物,医疗器械,医疗设备,415.37,417.88,417.45
sh688301,奕瑞科技,2022-12-20,410.25,416.57,397.01,401.83,414.49,285945.0,115114367.0,16541484645.400002,29209611782.780003,641300445.36,316620618.89,3903697091.55,5818732475.92,1915035384.37,116093504.64000002,9677.75,8962.24,1310.22,1818.0,397.81,307.72,125.66,423.48,,,Y,,,,医药生物,医疗器械,医疗设备,410.74,410.0,410.4
sh688301,奕瑞科技,2022-12-21,395.91,407.74,393.82,400.79,401.83,305272.0,121811280.0,16498672650.2,29134012658.14,641300445.36,316620618.89,3903697091.55,5818732475.92,1915035384.37,116093504.64000002,9394.4,10451.67,1748.82,928.23,266.06,375.79,771.85,425.44,,,Y,,,,医药生物,医疗器械,医疗设备,402.0,402.49,402.7
sh688301,奕瑞科技,2022-12-22,396.3,403.78,396.0,402.0,400.79,208657.0,83495782.0,16548482760.0,29221969332.0,641300445.36,316620618.89,3903697091.55,5818732475.92,1915035384.37,116093504.64000002,7163.27,7555.21,729.99,305.1,303.36,349.53,152.95,139.74,,,Y,,,,医药生物,医疗器械,医疗设备,397.24,398.58,397.68
sh688301,奕瑞科技,2022-12-23,395.57,415.97,395.57,409.5,402.0,222188.0,90661499.0,16857223110.0,29767155327.0,641300445.36,316620618.89,3903697091.55,5818732475.92,1915035384.37,116093504.64000002,7848.28,8002.55,383.72,716.29,476.26,347.31,357.89,0.0,,,Y,,,,医药生物,医疗器械,医疗设备,403.96,401.97,401.74
sh688301,奕瑞科技,2022-12-26,407.5,421.99,406.0,417.97,409.5,359834.0,148132381.0,17205893878.6,30382852044.02,641300445.36,316620618.89,3903697091.55,5818732475.92,1915035384.37,116093504.64000002,11898.8,13595.86,1679.43,608.52,298.15,498.73,936.86,110.12,,,Y,,,,医药生物,医疗器械,医疗设备,419.5,416.01,411.18
sh688301,奕瑞科技,2022-12-27,414.9,454.27,414.49,450.88,417.97,415102.0,182028636.0,18560646534.4,32775128190.08,641300445.36,316620618.89,3903697091.55,5818732475.92,1915035384.37,116093504.64000002,14750.96,14298.59,2344.93,2666.85,622.12,391.14,484.85,846.29,,,Y,,,,医药生物,医疗器械,医疗设备,416.87,417.8,418.14
sh688301,奕瑞科技,2022-12-28,450.88,454.99,445.46,452.0,450.88,243813.0,109721559.0,18606751760.0,32856542632.0,641300445.36,316620618.89,3903697091.55,5818732475.92,1915035384.37,116093504.64000002,9256.1,9407.77,877.9,1212.46,253.08,351.93,585.07,0.0,,,Y,,,,医药生物,医疗器械,医疗设备,449.96,447.3,451.78
sh688301,奕瑞科技,2022-12-29,450.94,459.47,450.94,459.47,452.0,223083.0,101772333.0,18914257148.6,33399547883.02,641300445.36,316620618.89,3903697091.55,5818732475.92,1915035384.37,116093504.64000002,8268.23,7888.25,886.76,1750.79,271.35,234.86,750.89,303.34,,,Y,,,,医药生物,医疗器械,医疗设备,453.81,452.79,452.0
sh688301,奕瑞科技,2022-12-30,460.48,462.0,454.67,457.88,459.47,141135.0,64700830.0,18848804194.4,33283968452.08,641300445.36,316620618.89,3903697091.55,5818732475.92,1915035384.37,116093504.64000002,5236.74,5041.07,513.46,816.73,176.02,125.57,543.86,486.71,,,Y,,,,医药生物,医疗器械,医疗设备,457.93,457.35,459.08
sh688301,奕瑞科技,2023-01-03,459.98,474.71,452.0,458.0,457.88,346771.0,159545989.0,18853744040.0,33292691428.0,641300445.36,316620618.89,3903697091.55,5818732475.92,1915035384.37,116093504.64000002,13251.82,12691.56,1818.06,2555.2,483.59,363.98,401.13,343.86,,,Y,,,,医药生物,医疗器械,医疗设备,462.69,460.88,461.0
sh688301,奕瑞科技,2023-01-04,458.05,468.85,452.88,468.56,458.0,296335.0,136862743.0,19288450452.8,34060313308.96,641300445.36,316620618.89,3903697091.55,5818732475.92,1915035384.37,116093504.64000002,11371.24,11027.08,1570.5,2195.24,364.71,301.77,379.83,162.18,,,Y,,,,医药生物,医疗器械,医疗设备,457.51,460.1,460.77
sh688301,奕瑞科技,2023-01-05,462.0,470.0,457.82,464.52,468.56,263989.0,122639242.0,19122142317.6,33766639786.32,641300445.36,316620618.89,3903697091.55,5818732475.92,1915035384.37,116093504.64000002,10515.73,8409.6,1168.12,2123.18,580.07,381.42,0.0,1349.72,,,Y,,,,医药生物,医疗器械,医疗设备,460.0,463.47,467.98
sh688301,奕瑞科技,2023-01-06,464.0,470.0,459.24,467.99,464.52,307815.0,143658870.0,19264986186.2,34018879173.34,641300445.36,316620618.89,3903697091.55,5818732475.92,1915035384.37,116093504.64000002,12910.7,11720.84,656.69,2157.36,323.79,252.03,474.71,235.66,,,Y,,,,医药生物,医疗器械,医疗设备,460.3,462.59,465.0
sh688301,奕瑞科技,2023-01-09,463.0,468.88,454.06,466.66,467.99,265564.0,122635271.0,19210236230.8,33922199523.56,641300445.36,316620618.89,3903697091.55,5818732475.92,1915035384.37,116093504.64000002,9730.96,9416.09,1380.26,1440.21,456.29,537.05,696.02,870.17,,,Y,,,,医药生物,医疗器械,医疗设备,461.25,456.52,455.02
sh688301,奕瑞科技,2023-01-10,460.66,474.02,458.6,472.6,466.66,176963.0,83242915.0,19454758588.0,34353986831.6,641300445.36,316620618.89,3903697091.55,5818732475.92,1915035384.37,116093504.64000002,7487.11,7180.99,613.95,745.78,223.23,212.72,0.0,184.8,,,Y,,,,医药生物,医疗器械,医疗设备,460.16,462.0,465.19
sh688301,奕瑞科技,2023-01-11,467.67,474.5,458.0,461.4,472.6,352497.0,162734554.0,18993706332.0,33539842412.4,641300445.36,316620618.89,3903697091.55,5818732475.92,1915035384.37,116093504.64000002,12345.76,11803.7,2732.54,2845.63,363.32,474.91,831.83,1149.22,,,Y,,,,医药生物,医疗器械,医疗设备,465.0,465.0,462.6
sh688301,奕瑞科技,2023-01-12,461.89,461.89,453.78,456.42,461.4,263686.0,120667052.0,18788702739.6,33177838911.72,641300445.36,316620618.89,3903697091.55,5818732475.92,1915035384.37,116093504.64000002,9701.44,8002.07,1697.21,2434.8,414.99,314.6,253.06,1315.23,,,Y,,,,医药生物,医疗器械,医疗设备,458.17,458.1,460.99
sh688301,奕瑞科技,2023-01-13,459.88,466.46,454.51,465.0,456.42,278171.0,128930779.0,19141901700.0,33801531690.000004,641300445.36,316620618.89,3903697091.55,5818732475.92,1915035384.37,116093504.64000002,11219.74,9290.7,841.53,2696.18,476.58,298.93,355.24,607.27,,,Y,,,,医药生物,医疗器械,医疗设备,458.51,461.27,460.96
sh688301,奕瑞科技,2023-01-16,465.0,484.0,463.01,480.78,465.0,305955.0,146759616.0,19791491396.4,34948603023.48,641300445.36,316620618.89,3903697091.55,5818732475.92,1915035384.37,116093504.64000002,11401.82,11468.66,2534.71,2833.2,305.06,230.1,434.37,144.0,,,Y,,,,医药生物,医疗器械,医疗设备,477.1,479.94,479.75
sh688301,奕瑞科技,2023-01-17,476.1,483.7,470.66,474.29,480.78,234393.0,111529015.0,19524328080.2,34476835409.14,641300445.36,316620618.89,3903697091.55,5818732475.92,1915035384.37,116093504.64000002,9170.82,8277.84,1463.79,1663.47,285.88,320.02,232.42,891.57,,,Y,,,,医药生物,医疗器械,医疗设备,476.47,476.93,478.18
sh688301,奕瑞科技,2023-01-18,474.37,483.05,469.48,475.88,474.29,223534.0,106440596.0,19589781034.4,34592414840.08,641300445.36,316620618.89,3903697091.55,5818732475.92,1915035384.37,116093504.64000002,7464.02,7207.42,2490.89,1377.44,313.53,225.17,375.63,1834.03,,,Y,,,,医药生物,医疗器械,医疗设备,481.89,480.01,474.9
sh688301,奕瑞科技,2023-01-19,474.88,474.88,461.61,465.66,475.88,421456.0,196810879.0,19169070850.8,33849508057.56,641300445.36,316620618.89,3903697091.55,5818732475.92,1915035384.37,116093504.64000002,13904.78,14359.29,4646.38,2728.22,391.06,513.86,738.86,2079.72,,,Y,,,,医药生物,医疗器械,医疗设备,468.15,464.42,468.35
sh688301,奕瑞科技,2023-01-20,466.8,479.31,459.0,465.4,465.66,252443.0,117708392.0,19158367852.0,33830608276.4,641300445.36,316620618.89,3903697091.55,5818732475.92,1915035384.37,116093504.64000002,10468.54,9835.79,966.79,1395.38,335.52,414.29,0.0,125.37,,,Y,,,,医药生物,医疗器械,医疗设备,473.89,477.43,472.33
sh688301,奕瑞科技,2023-01-30,463.0,476.0,461.02,466.0,465.4,290489.0,136104470.0,19183067080.0,33874223156.0,641300445.36,316620618.89,3903697091.55,5818732475.92,1915035384.37,116093504.64000002,10364.41,11513.13,1915.47,1305.72,400.22,389.05,930.35,402.54,,,Y,,,,医药生物,医疗器械,医疗设备,467.95,464.69,462.97
sh688301,奕瑞科技,2023-01-31,463.33,476.66,463.33,467.61,466.0,286924.0,135261186.0,19249343341.8,33991256416.26,641300445.36,316620618.89,3903697091.55,5818732475.92,1915035384.37,116093504.64000002,11397.07,10805.58,1235.81,1908.56,802.42,567.73,90.82,244.24,,,Y,,,,医药生物,医疗器械,医疗设备,468.36,476.01,467.57
sh688301,奕瑞科技,2023-02-01,469.0,469.0,450.0,457.75,467.61,482151.0,221705452.0,18843452695.0,33274518561.5,641300445.36,316620618.89,3903697091.55,5818732475.92,1915035384.37,116093504.64000002,17605.73,12953.34,3566.06,6584.11,535.1,412.24,463.65,2220.85,,,Y,,,,医药生物,医疗器械,医疗设备,464.4,458.31,451.24
sh688301,奕瑞科技,2023-02-02,459.9,468.0,453.23,466.99,457.75,275628.0,127369487.0,19223820806.2,33946187707.34,641300445.36,316620618.89,3903697091.55,5818732475.92,1915035384.37,116093504.64000002,10183.69,10096.03,1714.36,1843.17,463.88,447.89,318.48,293.32,,,Y,,,,医药生物,医疗器械,医疗设备,456.22,455.42,455.8
sh688301,奕瑞科技,2023-02-03,462.1,466.05,453.01,457.5,466.99,278320.0,127109775.0,18833161350.0,33256345695.000004,641300445.36,316620618.89,3903697091.55,5818732475.92,1915035384.37,116093504.64000002,10499.95,11185.23,1954.1,761.37,256.93,407.62,0.0,356.76,,,Y,,,,医药生物,医疗器械,医疗设备,462.36,460.0,459.59
sh688301,奕瑞科技,2023-02-06,459.22,472.2,458.0,465.01,457.5,498023.0,231594401.0,19142313353.8,33802258604.66,641300445.36,316620618.89,3903697091.55,5818732475.92,1915035384.37,116093504.64000002,12722.26,14589.54,8426.88,6166.09,301.84,312.76,1708.46,2091.06,,,Y,,,,医药生物,医疗器械,医疗设备,464.13,459.38,462.04
sh688301,奕瑞科技,2023-02-07,467.33,467.87,438.03,440.0,465.01,416295.0,186399274.0,18112767200.0,31984245040.0,641300445.36,316620618.89,3903697091.55,5818732475.92,1915035384.37,116093504.64000002,12435.71,13460.57,3598.83,2827.33,200.34,644.32,2405.04,1707.71,,,Y,,,,医药生物,医疗器械,医疗设备,463.09,462.1,457.07
sh688301,奕瑞科技,2023-02-08,441.78,445.02,432.21,434.39,440.0,258200.0,112822209.0,17881829418.2,31576445915.74,641300445.36,316620618.89,3903697091.55,5818732475.92,1915035384.37,116093504.64000002,8416.58,6891.38,2096.18,1836.3,304.95,308.74,464.51,2245.8,,,Y,,,,医药生物,医疗器械,医疗设备,439.99,440.44,439.88
sh688301,奕瑞科技,2023-02-09,434.23,449.99,432.41,445.7,434.39,451608.0,199538111.0,18347409866.0,32398586396.2,641300445.36,316620618.89,3903697091.55,5818732475.92,1915035384.37,116093504.64000002,15726.66,14110.72,3379.06,3910.64,467.85,347.34,380.25,1585.1,,,Y,,,,医药生物,医疗器械,医疗设备,439.04,440.4,443.2
sh688301,奕瑞科技,2023-02-10,443.13,465.0,439.24,458.68,445.7,392929.0,179665414.0,18881736498.4,33342121624.88,641300445.36,316620618.89,3903697091.55,5818732475.92,1915035384.37,116093504.64000002,14079.24,12699.21,2763.45,4516.44,475.5,307.71,648.34,443.18,,,Y,,,,医药生物,医疗器械,医疗设备,447.13,443.67,443.98
sh688301,奕瑞科技,2023-02-13,455.41,463.0,436.71,438.99,458.68,497462.0,222673909.0,18071190166.2,31910826659.34,641300445.36,316620618.89,3903697091.55,5818732475.92,1915035384.37,116093504.64000002,16990.43,16937.74,4266.55,4194.37,522.39,784.37,488.02,350.91,,,Y,,,,医药生物,医疗器械,医疗设备,456.68,463.0,458.0
sh688301,奕瑞科技,2023-02-14,436.84,438.99,423.93,435.6,438.99,383130.0,165185980.0,17931639528.0,31664402589.6,641300445.36,316620618.89,3903697091.55,5818732475.92,1915035384.37,116093504.64000002,12909.94,12245.14,2788.05,3224.46,700.22,533.04,120.4,515.96,,,Y,,,,医药生物,医疗器械,医疗设备,435.02,432.36,433.64
sh688301,奕瑞科技,2023-02-15,433.69,433.69,418.0,422.0,435.6,345933.0,145969780.0,17371790360.0,30675798652.0,641300445.36,316620618.89,3903697091.55,5818732475.92,1915035384.37,116093504.64000002,9958.45,9803.57,3316.91,3388.48,442.24,407.85,879.38,997.07,,,Y,,,,医药生物,医疗器械,医疗设备,427.13,425.02,422.96
sh688301,奕瑞科技,2023-02-16,423.26,426.0,413.65,415.25,422.0,413357.0,172794947.0,17093924045.0,30185131256.5,641300445.36,316620618.89,3903697091.55,5818732475.92,1915035384.37,116093504.64000002,12286.35,11659.64,3829.94,2610.44,248.19,549.53,915.01,2459.87,,,Y,,,,医药生物,医疗器械,医疗设备,418.0,417.37,420.0
sh688301,奕瑞科技,2023-02-17,412.0,424.0,410.25,416.0,415.25,294721.0,123148059.0,17124798080.0,30239649856.0,641300445.36,316620618.89,3903697091.55,5818732475.92,1915035384.37,116093504.64000002,10819.93,9283.1,1113.73,2639.14,325.86,278.9,55.28,113.67,,,Y,,,,医药生物,医疗器械,医疗设备,418.1,419.98,421.09
sh688301,奕瑞科技,2023-02-20,415.01,419.78,408.78,415.25,416.0,305445.0,126503043.0,17093924045.0,30185131256.5,641300445.36,316620618.89,3903697091.55,5818732475.92,1915035384.37,116093504.64000002,10654.43,10883.37,1412.64,1072.7,574.92,694.24,8.32,0.0,,,Y,,,,医药生物,医疗器械,医疗设备,411.73,413.83,413.36
sh688301,奕瑞科技,2023-02-21,416.96,424.02,410.07,422.3,415.25,321525.0,134720128.0,17384139974.0,30697606091.800003,641300445.36,316620618.89,3903697091.55,5818732475.92,1915035384.37,116093504.64000002,10782.11,11297.25,1881.56,1200.16,528.84,445.93,279.5,528.67,,,Y,,,,医药生物,医疗器械,医疗设备,414.02,411.77,412.31
sh688301,奕瑞科技,2023-02-22,418.27,422.92,407.08,409.8,422.3,288616.0,118983038.0,16869572723.999998,29788962766.800003,641300445.36,316620618.89,3903697091.55,5818732475.92,1915035384.37,116093504.64000002,9468.86,9849.36,1568.69,896.11,604.91,717.37,255.85,435.46,,,Y,,,,医药生物,医疗器械,医疗设备,419.75,420.79,418.5
sh688301,奕瑞科技,2023-02-23,408.98,424.24,408.98,422.84,409.8,275257.0,115748426.0,17406369279.2,30736859483.44,641300445.36,316620618.89,3903697091.55,5818732475.92,1915035384.37,116093504.64000002,8444.34,9215.93,2465.41,1666.99,532.11,421.99,132.98,269.93,,,Y,,,,医药生物,医疗器械,医疗设备,418.11,418.36,414.44
sh688301,奕瑞科技,2023-02-24,423.5,423.5,404.03,414.09,422.84,402031.0,164997061.0,17046172204.2,30100809155.94,641300445.36,316620618.89,3903697091.55,5818732475.92,1915035384.37,116093504.64000002,11862.9,12911.77,3399.7,2321.67,623.53,528.37,613.57,737.89,,,Y,,,,医药生物,医疗器械,医疗设备,418.42,418.5,416.73
sh688301,奕瑞科技,2023-02-27,407.95,414.99,405.09,413.8,414.09,392002.0,160858752.0,17034234243.999998,30079728630.8,641300445.36,316620618.89,3903697091.55,5818732475.92,1915035384.37,116093504.64000002,14178.41,14216.43,1436.7,1107.42,470.77,485.16,0.0,276.86,,,Y,,,,医药生物,医疗器械,医疗设备,410.59,408.12,406.12
sh688301,奕瑞科技,2023-02-28,414.87,418.88,408.56,415.87,413.8,402023.0,166460851.0,17119446580.6,30230199965.42,641300445.36,316620618.89,3903697091.55,5818732475.92,1915035384.37,116093504.64000002,13409.0,13622.0,2512.24,2460.83,620.39,534.03,104.45,29.22,,,Y,,,,医药生物,医疗器械,医疗设备,411.94,410.49,413.45
sh688301,奕瑞科技,2023-03-01,417.42,417.78,400.37,404.68,415.87,400218.0,161964697.0,16658805978.4,29416782460.88,641300445.36,316620618.89,3903697091.55,5818732475.92,1915035384.37,116093504.64000002,11505.29,11832.39,3784.13,2821.87,505.96,699.58,401.1,842.63,,,Y,,,,医药生物,医疗器械,医疗设备,413.27,411.32,411.68
sh688301,奕瑞科技,2023-03-02,400.0,411.57,400.0,407.99,404.68,245232.0,99380140.0,16795063386.2,29657391213.34,641300445.36,316620618.89,3903697091.55,5818732475.92,1915035384.37,116093504.64000002,6870.13,8152.67,2645.47,1236.92,238.96,398.31,167.11,133.77,,,Y,,,,医药生物,医疗器械,医疗设备,401.01,402.0,402.87
sh688301,奕瑞科技,2023-03-03,403.01,419.67,403.01,419.38,407.99,314314.0,130425922.0,17263937064.4,30485347011.08,641300445.36,316620618.89,3903697091.55,5818732475.92,1915035384.37,116093504.64000002,10865.77,11578.68,1829.66,1037.46,355.54,434.85,0.0,0.0,,,Y,,,,医药生物,医疗器械,医疗设备,412.17,411.18,407.99
sh688301,奕瑞科技,2023-03-06,415.5,450.0,413.36,445.01,419.38,692568.0,299487296.0,18319005753.8,32348429284.66,641300445.36,316620618.89,3903697091.55,5818732475.92,1915035384.37,116093504.64000002,20615.97,22069.8,6892.13,4801.24,1497.74,1203.02,942.89,1874.68,,,Y,,,,医药生物,医疗器械,医疗设备,418.29,419.05,419.82
sh688301,奕瑞科技,2023-03-07,442.9,445.0,434.0,440.0,445.01,259293.0,113643552.0,18112767200.0,31984245040.0,641300445.36,316620618.89,3903697091.55,5818732475.92,1915035384.37,116093504.64000002,10053.41,9853.43,921.36,1152.52,389.58,358.4,0.0,0.0,,,Y,,,,医药生物,医疗器械,医疗设备,437.37,436.04,436.43
sh688301,奕瑞科技,2023-03-08,438.8,439.89,431.1,432.8,440.0,101793.0,44240120.0,17816376464.0,31460866484.8,641300445.36,316620618.89,3903697091.55,5818732475.92,1915035384.37,116093504.64000002,3775.65,3472.49,450.73,799.09,84.14,117.11,113.49,35.32,,,Y,,,,医药生物,医疗器械,医疗设备,435.72,433.85,435.5
sh688301,奕瑞科技,2023-03-09,431.6,433.0,421.11,421.73,432.8,232082.0,98690659.0,17360675707.4,30656171956.18,641300445.36,316620618.89,3903697091.55,5818732475.92,1915035384.37,116093504.64000002,8222.51,6391.76,1362.83,1298.51,283.72,448.39,0.0,1730.4,,,Y,,,,医药生物,医疗器械,医疗设备,430.23,428.01,429.24
sh688301,奕瑞科技,2023-03-10,421.33,426.99,417.0,423.0,421.73,120169.0,50657616.0,17412955740.0,30748490118.0,641300445.36,316620618.89,3903697091.55,5818732475.92,1915035384.37,116093504.64000002,4248.74,4358.39,545.9,410.98,161.67,160.37,109.46,136.02,,,Y,,,,医药生物,医疗器械,医疗设备,422.23,420.11,420.38
sh688301,奕瑞科技,2023-03-13,424.22,426.6,413.68,415.88,423.0,140647.0,58794506.0,17119858234.4,30230926880.08,641300445.36,316620618.89,3903697091.55,5818732475.92,1915035384.37,116093504.64000002,5050.25,4714.98,719.04,976.02,110.16,180.55,0.0,7.91,,,Y,,,,医药生物,医疗器械,医疗设备,416.49,417.66,420.17
sh688301,奕瑞科技,2023-03-14,420.57,420.57,406.02,410.57,415.88,210459.0,86429439.0,16901270066.6,29844935195.62,641300445.36,316620618.89,3903697091.55,5818732475.92,1915035384.37,116093504.64000002,6883.6,6278.0,1393.07,1130.65,366.28,336.75,0.0,897.54,,,Y,,,,医药生物,医疗器械,医疗设备,416.4,415.25,414.39
sh688301,奕瑞科技,2023-03-15,413.76,416.54,402.38,404.71,410.57,297482.0,121284410.0,16660040939.8,29418963204.86,641300445.36,316620618.89,3903697091.55,5818732475.92,1915035384.37,116093504.64000002,9610.42,9238.32,1824.22,1552.27,374.36,540.07,319.43,797.77,,,Y,,,,医药生物,医疗器械,医疗设备,413.68,412.07,412.72
sh688301,奕瑞科技,2023-03-16,404.71,419.23,403.16,406.0,404.71,360713.0,146675677.0,16713144280.0,29512735196.000004,641300445.36,316620618.89,3903697091.55,5818732475.92,1915035384.37,116093504.64000002,9691.68,11256.27,3947.83,2147.79,526.33,352.22,501.72,911.29,,,Y,,,,医药生物,医疗器械,医疗设备,408.67,415.58,412.8
sh688301,奕瑞科技,2023-03-17,409.5,410.07,370.0,371.96,406.0,882827.0,336118793.0,15311874744.8,27038317693.36,607497288.52,340322268.39,4353024236.49,7511348212.0,3158323975.51,116093504.64000002,23786.03,20057.95,7803.09,7034.81,1002.47,1354.82,1020.28,5164.31,,,Y,,,,医药生物,医疗器械,医疗设备,400.8,394.99,386.29
sh688301,奕瑞科技,2023-03-20,372.07,384.8,352.34,382.97,371.96,983764.0,363297738.0,15765105578.6,27838650734.02,607497288.52,340322268.39,4353024236.49,7511348212.0,3158323975.51,116093504.64000002,27292.72,25186.65,5856.66,6457.97,1374.69,1844.95,1816.73,2851.23,,,Y,,,,医药生物,医疗器械,医疗设备,360.82,360.71,361.1
sh688301,奕瑞科技,2023-03-21,388.65,396.5,380.91,390.02,382.97,377127.0,146164679.0,16055321507.6,28351125569.32,607497288.52,340322268.39,4353024236.49,7511348212.0,3158323975.51,116093504.64000002,11067.94,11847.99,2821.41,1802.18,454.14,704.85,272.98,261.45,,,Y,,,,医药生物,医疗器械,医疗设备,391.39,388.64,387.67
sh688301,奕瑞科技,2023-03-22,396.6,396.6,372.76,374.88,390.02,450308.0,171410499.0,15432077654.4,27250576774.08,607497288.52,340322268.39,4353024236.49,7511348212.0,3158323975.51,116093504.64000002,11933.48,10522.52,3363.26,3216.55,489.64,727.34,1354.67,2674.65,,,Y,,,,医药生物,医疗器械,医疗设备,394.2,393.64,393.0
sh688301,奕瑞科技,2023-03-23,375.0,384.6,356.0,360.12,374.88,863672.0,315089182.0,14824476645.6,26177650735.92,607497288.52,340322268.39,4353024236.49,7511348212.0,3158323975.51,116093504.64000002,22524.42,22242.45,5303.33,5449.84,1185.39,1570.72,2495.77,2245.9,,,Y,,,,医药生物,医疗器械,医疗设备,375.2,372.55,373.86
sh688301,奕瑞科技,2023-03-24,363.77,368.0,358.56,360.2,360.12,338047.0,122702593.0,14827769876.000002,26183466053.2,607497288.52,340322268.39,4353024236.49,7511348212.0,3158323975.51,116093504.64000002,9116.07,9304.9,2182.15,1804.38,516.11,581.3,455.93,579.68,,,Y,,,,医药生物,医疗器械,医疗设备,365.8,364.96,368.0
sh688301,奕瑞科技,2023-03-27,366.0,375.0,351.02,364.8,360.2,586329.0,213839321.0,15017130624.0,26517846796.8,607497288.52,340322268.39,4353024236.49,7511348212.0,3158323975.51,116093504.64000002,17107.77,17512.03,3048.32,2456.72,828.45,1163.55,399.39,251.63,,,Y,,,,医药生物,医疗器械,医疗设备,352.96,359.91,365.9
sh688301,奕瑞科技,2023-03-28,365.78,373.76,357.08,358.38,364.8,294813.0,106394189.0,14752848884.4,26051167585.08,607497288.52,340322268.39,4353024236.49,7511348212.0,3158323975.51,116093504.64000002,7625.26,8230.64,2504.24,1802.08,336.71,508.24,173.22,98.46,,,Y,,,,医药生物,医疗器械,医疗设备,363.56,362.02,361.06
sh688301,奕瑞科技,2023-03-29,358.62,363.91,352.1,356.62,358.38,296667.0,105926226.0,14680397815.6,25923230604.92,607497288.52,340322268.39,4353024236.49,7511348212.0,3158323975.51,116093504.64000002,8359.62,8059.09,1763.74,1111.96,346.58,484.73,122.67,936.84,,,Y,,,,医药生物,医疗器械,医疗设备,360.2,358.88,360.6
sh688301,奕瑞科技,2023-03-30,358.76,366.86,354.58,357.28,356.62,280394.0,100989433.0,14707566966.4,25971206972.480003,607497288.52,340322268.39,4353024236.49,7511348212.0,3158323975.51,116093504.64000002,6762.48,7610.52,2542.68,1371.63,313.73,517.83,480.05,598.96,,,Y,,,,医药生物,医疗器械,医疗设备,360.88,364.66,365.66
sh688301,奕瑞科技,2023-03-31,361.48,381.0,357.0,361.83,357.28,487031.0,179782163.0,14894869445.4,26301953142.78,607497288.52,340322268.39,4353024236.49,7511348212.0,3158323975.51,116093504.64000002,12918.39,13248.01,3778.31,3114.08,669.38,927.16,612.13,688.96,,,Y,,,,医药生物,医疗器械,医疗设备,373.88,376.67,375.45
sh688301,奕瑞科技,2023-04-03,362.0,362.0,336.06,343.5,361.83,818516.0,280758741.0,14140308030.0,24969518571.0,607497288.52,340322268.39,4353024236.49,7511348212.0,3158323975.51,116093504.64000002,19453.5,19338.05,6335.98,5884.53,1107.44,1388.47,1178.95,1464.82,,,Y,,,,医药生物,医疗器械,医疗设备,351.75,343.02,341.82
sh688301,奕瑞科技,2023-04-04,344.56,352.0,332.77,340.8,343.5,560429.0,190460360.0,14029161504.0,24773251612.800003,607497288.52,340322268.39,4353024236.49,7511348212.0,3158323975.51,116093504.64000002,14418.68,14505.59,2148.27,2140.63,658.01,1146.05,1821.08,1253.77,,,Y,,,,医药生物,医疗器械,医疗设备,344.96,340.64,341.13
sh688301,奕瑞科技,2023-04-06,343.27,348.48,334.05,347.3,340.8,493521.0,168882959.0,14296736473.999998,25245746141.8,607497288.52,340322268.39,4353024236.49,7511348212.0,3158323975.51,116093504.64000002,12282.04,13212.55,2534.91,2036.43,713.74,726.3,1357.61,913.01,,,Y,,,,医药生物,医疗器械,医疗设备,338.04,337.43,343.61
sh688301,奕瑞科技,2023-04-07,347.54,365.88,343.28,361.61,347.3,505456.0,182086326.0,14885813061.8,26285961020.26,607497288.52,340322268.39,4353024236.49,7511348212.0,3158323975.51,116093504.64000002,13453.75,15197.65,2737.24,1859.58,791.44,782.71,1226.21,368.69,,,Y,,,,医药生物,医疗器械,医疗设备,353.59,356.92,361.7
sh688301,奕瑞科技,2023-04-10,362.47,373.23,357.47,360.02,361.61,316942.0,115343460.0,14820360107.6,26170381589.32,607497288.52,340322268.39,4353024236.49,7511348212.0,3158323975.51,116093504.64000002,7932.21,7678.88,1869.45,1164.62,409.24,670.65,888.39,1585.14,,,Y,,,,医药生物,医疗器械,医疗设备,368.02,371.45,369.3
sh688301,奕瑞科技,2023-04-11,365.0,367.34,353.0,363.0,360.02,367544.0,132283259.0,14943032940.0,26387002158.0,607497288.52,340322268.39,4353024236.49,7511348212.0,3158323975.51,116093504.64000002,9801.75,9583.51,2661.97,1685.29,391.56,675.46,373.05,1284.07,,,Y,,,,医药生物,医疗器械,医疗设备,366.01,360.0,358.49
sh688301,奕瑞科技,2023-04-12,362.72,365.96,354.6,355.63,363.0,208255.0,74394373.0,14639644089.4,25851266053.58,607497288.52,340322268.39,4353024236.49,7511348212.0,3158323975.51,116093504.64000002,5854.45,6266.41,1126.85,691.21,282.51,395.63,175.63,86.19,,,Y,,,,医药生物,医疗器械,医疗设备,363.16,359.93,358.0
sh688301,奕瑞科技,2023-04-13,359.85,365.0,351.0,362.88,355.63,317924.0,113642053.0,14938093094.4,26378279182.08,607497288.52,340322268.39,4353024236.49,7511348212.0,3158323975.51,116093504.64000002,8158.82,8352.6,1899.53,1648.31,538.99,465.02,766.85,898.28,,,Y,,,,医药生物,医疗器械,医疗设备,352.5,353.21,356.0
sh688301,奕瑞科技,2023-04-14,363.27,377.77,361.0,374.13,362.88,512300.0,190868210.0,15401203619.4,27196058174.58,607497288.52,340322268.39,4353024236.49,7511348212.0,3158323975.51,116093504.64000002,12806.97,13877.15,4344.95,3646.48,838.61,768.44,1096.29,794.75,,,Y,,,,医药生物,医疗器械,医疗设备,370.99,367.27,368.11
sh688301,奕瑞科技,2023-04-17,377.73,385.5,374.09,382.53,374.13,439054.0,167082424.0,15746992811.400002,27806666488.98,607497288.52,340322268.39,4353024236.49,7511348212.0,3158323975.51,116093504.64000002,10989.13,12113.91,3689.92,3156.97,575.49,617.08,1453.71,820.28,,,Y,,,,医药生物,医疗器械,医疗设备,378.97,376.82,383.11
sh688301,奕瑞科技,2023-04-18,384.67,388.8,379.0,380.85,382.53,284389.0,109085045.0,15677834973.0,27684544826.1,607497288.52,340322268.39,4353024236.49,7511348212.0,3158323975.51,116093504.64000002,8313.87,8548.36,1324.96,1537.88,407.93,396.79,861.75,425.48,,,Y,,,,医药生物,医疗器械,医疗设备,387.99,387.95,387.09
sh688301,奕瑞科技,2023-04-19,377.05,380.83,370.01,372.2,380.85,308325.0,115689534.0,15321754436.000002,27055763645.2,607497288.52,340322268.39,4353024236.49,7511348212.0,3158323975.51,116093504.64000002,8498.96,8382.18,1943.01,1479.42,360.34,475.03,766.65,1232.32,,,Y,,,,医药生物,医疗器械,医疗设备,376.3,371.89,372.8
sh688301,奕瑞科技,2023-04-20,374.99,377.99,353.36,360.0,372.2,437802.0,158047156.0,14819536800.0,26168927760.0,607497288.52,340322268.39,4353024236.49,7511348212.0,3158323975.51,116093504.64000002,12229.2,12592.91,2628.19,2439.9,473.38,548.23,473.95,223.69,,,Y,,,,医药生物,医疗器械,医疗设备,371.5,368.85,369.98
sh688301,奕瑞科技,2023-04-21,362.14,367.0,357.98,363.0,360.0,227376.0,82647455.0,14943032940.0,26387002158.0,607497288.52,340322268.39,4353024236.49,7511348212.0,3158323975.51,116093504.64000002,6461.17,6527.73,1341.33,991.05,337.18,285.79,125.07,460.19,,,Y,,,,医药生物,医疗器械,医疗设备,366.47,362.69,361.11
sh688301,DR奕瑞科,2023-04-24,258.44,259.99,246.25,249.65,257.21,404266.0,101075812.0,14387711963.8,25406394181.8,607497288.52,340322268.39,4353024236.49,7511348212.0,3158323975.51,116093504.64000002,8335.11,7314.69,1016.91,1211.67,664.52,707.14,91.04,874.09,,,Y,,,,医药生物,医疗器械,医疗设备,254.4,251.05,251.34
sh688301,奕瑞科技,2023-04-25,254.14,254.14,235.01,237.0,249.65,712081.0,170986975.0,13658673084.0,24119028324.0,607497288.52,340322268.39,4353024236.49,7511348212.0,3158323975.51,116093504.64000002,13951.31,10385.12,2129.15,5030.94,1018.24,1069.43,0.0,613.21,,,Y,,,,医药生物,医疗器械,医疗设备,252.3,247.36,243.42
sh688301,奕瑞科技,2023-04-26,241.38,255.4,237.44,247.61,237.0,994776.0,246633363.0,14270143638.52,25198787355.72,607497288.52,340322268.39,4353024236.49,7511348212.0,3158323975.51,116093504.64000002,18018.82,12436.95,4625.11,6289.42,1285.19,1118.9,734.21,4818.07,,,Y,,,,医药生物,医疗器械,医疗设备,243.0,243.87,246.86
sh688301,奕瑞科技,2023-04-27,259.97,284.99,254.7,283.0,247.61,1562482.0,423035377.0,16309723555.999998,28800358716.0,607497288.52,340322268.39,4353024236.49,7511348212.0,3158323975.51,116093504.64000002,29054.02,26708.18,8845.11,10852.18,2527.47,2107.89,1876.94,2635.29,,,Y,,,,医药生物,医疗器械,医疗设备,267.5,263.21,262.0
sh688301,奕瑞科技,2023-04-28,279.51,284.38,272.23,275.5,283.0,877612.0,242379370.0,15877487066.0,28037098326.0,607497288.52,340322268.39,4353024236.49,7511348212.0,3158323975.51,116093504.64000002,17395.97,15665.51,4677.98,4222.81,1136.95,1399.47,1027.04,2950.14,,,Y,,,,医药生物,医疗器械,医疗设备,283.17,275.96,280.21
sh688301,奕瑞科技,2023-05-04,275.87,277.36,260.03,261.16,275.5,786312.0,208732598.0,15051050897.12,26577744460.32,607497288.52,340322268.39,4353024236.49,7511348212.0,3158323975.51,116093504.64000002,14895.19,12926.96,3905.29,4606.71,801.94,1386.08,1270.84,1953.5,,,Y,,,,医药生物,医疗器械,医疗设备,274.62,274.11,273.4
sh688301,奕瑞科技,2023-05-05,261.16,262.22,254.26,261.19,261.16,391501.0,101240043.0,15052779843.08,26580797501.88,607497288.52,340322268.39,4353024236.49,7511348212.0,3158323975.51,116093504.64000002,8651.52,8240.8,833.28,1232.15,639.2,651.06,0.0,0.0,,,Y,,,,医药生物,医疗器械,医疗设备,257.0,260.91,259.36
sh688301,奕瑞科技,2023-05-08,260.8,261.0,250.01,255.0,261.19,592210.0,150305531.0,14696040660.000002,25950853260.0,607497288.52,340322268.39,4353024236.49,7511348212.0,3158323975.51,116093504.64000002,10824.9,10163.81,2212.19,2852.57,982.54,931.06,1010.92,1083.11,,,Y,,,,医药生物,医疗器械,医疗设备,256.19,253.4,253.43
sh688301,奕瑞科技,2023-05-09,259.0,269.99,255.01,262.0,255.0,792486.0,208997994.0,15099461384.0,26663229624.0,607497288.52,340322268.39,4353024236.49,7511348212.0,3158323975.51,116093504.64000002,15000.99,14365.9,3641.8,3917.15,1207.39,1204.5,1049.62,1412.25,,,Y,,,,医药生物,医疗器械,医疗设备,257.43,262.0,263.53
sh688301,奕瑞科技,2023-05-10,260.35,271.87,257.41,265.09,262.0,596856.0,158528935.0,15277542817.88,26977692904.68,607497288.52,340322268.39,4353024236.49,7511348212.0,3158323975.51,116093504.64000002,12590.6,11345.54,1596.57,2721.34,940.23,982.95,725.49,803.07,,,Y,,,,医药生物,医疗器械,医疗设备,257.53,264.52,266.31
sh688301,奕瑞科技,2023-05-11,269.9,272.0,264.0,265.0,265.09,352950.0,94530134.0,15272355980.0,26968533780.0,607497288.52,340322268.39,4353024236.49,7511348212.0,3158323975.51,116093504.64000002,7533.73,7646.83,1008.51,857.8,803.65,770.23,107.12,178.15,,,Y,,,,医药生物,医疗器械,医疗设备,267.24,267.23,269.44
sh688301,奕瑞科技,2023-05-12,265.0,269.5,260.21,265.91,265.0,250914.0,66694105.0,15324800674.12,27061142707.32,607497288.52,340322268.39,4353024236.49,7511348212.0,3158323975.51,116093504.64000002,5280.86,5199.68,733.44,862.39,655.11,444.04,0.0,163.3,,,Y,,,,医药生物,医疗器械,医疗设备,260.56,262.74,264.94
sh688301,奕瑞科技,2023-05-15,266.54,271.5,262.66,270.6,265.91,262132.0,70069700.0,15595092559.2,27538434871.2,607497288.52,340322268.39,4353024236.49,7511348212.0,3158323975.51,116093504.64000002,5837.91,5617.39,575.61,760.96,593.45,503.37,0.0,125.25,,,Y,,,,医药生物,医疗器械,医疗设备,266.12,265.67,265.0
sh688301,奕瑞科技,2023-05-16,270.8,272.77,266.55,268.66,270.6,273709.0,73846097.0,15483287387.12,27341004850.32,607497288.52,340322268.39,4353024236.49,7511348212.0,3158323975.51,116093504.64000002,4939.03,4489.61,1766.15,1922.97,414.8,346.1,264.63,625.93,,,Y,,,,医药生物,医疗器械,医疗设备,268.6,270.86,270.52
sh688301,奕瑞科技,2023-05-17,269.36,271.16,264.6,266.5,268.66,252354.0,67233091.0,15358803278.0,27121185858.0,607497288.52,340322268.39,4353024236.49,7511348212.0,3158323975.51,116093504.64000002,5456.55,4808.66,895.66,1504.17,371.1,410.48,0.0,0.0,,,Y,,,,医药生物,医疗器械,医疗设备,268.9,268.02,266.41
sh688301,奕瑞科技,2023-05-18,266.45,269.11,256.0,258.0,266.5,257253.0,66708300.0,14868935256.0,26256157416.0,607497288.52,340322268.39,4353024236.49,7511348212.0,3158323975.51,116093504.64000002,4936.54,4465.84,1098.53,1510.19,271.25,458.48,364.51,236.32,,,Y,,,,医药生物,医疗器械,医疗设备,264.22,261.08,257.97
sh688301,奕瑞科技,2023-05-19,257.48,264.08,252.0,264.0,258.0,368022.0,95389719.0,15214724448.0,26866765728.000004,607497288.52,340322268.39,4353024236.49,7511348212.0,3158323975.51,116093504.64000002,7440.19,7239.03,1014.5,879.62,590.88,839.49,493.39,580.84,,,Y,,,,医药生物,医疗器械,医疗设备,253.11,253.58,256.19
sh688301,奕瑞科技,2023-05-22,261.8,267.77,256.03,264.52,264.0,308836.0,81412956.0,15244692844.64,26919685115.04,607497288.52,340322268.39,4353024236.49,7511348212.0,3158323975.51,116093504.64000002,5824.31,5012.31,739.87,860.79,473.27,337.63,274.89,1101.62,,,Y,,,,医药生物,医疗器械,医疗设备,259.37,256.16,259.22
sh688301,奕瑞科技,2023-05-23,263.38,276.49,263.01,266.0,264.52,399024.0,107994697.0,15329987512.0,27070301832.0,607497288.52,340322268.39,4353024236.49,7511348212.0,3158323975.51,116093504.64000002,8290.85,8420.22,1237.08,1637.62,680.41,632.01,591.13,109.62,,,Y,,,,医药生物,医疗器械,医疗设备,266.8,270.35,276.0
sh688301,奕瑞科技,2023-05-24,262.34,274.94,262.34,272.99,266.0,307631.0,83671179.0,15732831920.68,27781660515.48,607497288.52,340322268.39,4353024236.49,7511348212.0,3158323975.51,116093504.64000002,7049.76,6517.04,789.84,1230.71,527.51,556.65,0.0,62.72,,,Y,,,,医药生物,医疗器械,医疗设备,267.18,270.5,272.14
sh688301,奕瑞科技,2023-05-25,269.23,284.96,269.23,277.08,272.99,417794.0,116309188.0,15968544886.56,28197891848.16,607497288.52,340322268.39,4353024236.49,7511348212.0,3158323975.51,116093504.64000002,8705.43,8321.65,1708.81,1636.7,850.76,713.09,365.92,959.47,,,Y,,,,医药生物,医疗器械,医疗设备,272.68,274.78,272.5
sh688301,奕瑞科技,2023-05-26,280.0,280.0,267.09,270.3,277.08,323057.0,87805051.0,15577803099.6,27507904455.6,607497288.52,340322268.39,4353024236.49,7511348212.0,3158323975.51,116093504.64000002,6771.68,5245.99,976.99,1565.41,450.51,742.92,575.92,1220.78,,,Y,,,,医药生物,医疗器械,医疗设备,275.72,275.35,273.77
sh688301,奕瑞科技,2023-05-29,268.69,271.5,266.16,267.82,270.3,564663.0,151630588.0,15434876900.24,27255519686.64,607497288.52,340322268.39,4353024236.49,7511348212.0,3158323975.51,116093504.64000002,11045.05,9387.72,2745.01,3898.55,790.8,884.78,582.19,992.02,,,Y,,,,医药生物,医疗器械,医疗设备,269.68,270.44,269.23
sh688301,奕瑞科技,2023-05-30,267.82,289.97,265.23,288.18,267.82,735507.0,206959597.0,16608254891.76,29327517225.36,607497288.52,340322268.39,4353024236.49,7511348212.0,3158323975.51,116093504.64000002,15760.53,13726.56,2881.15,4645.95,1241.45,1238.7,812.83,1084.75,,,Y,,,,医药生物,医疗器械,医疗设备,271.85,273.25,272.17
sh688301,奕瑞科技,2023-05-31,288.0,291.7,280.15,280.68,288.18,341713.0,97396288.0,16176043382.28,28564281815.88,607497288.52,340322268.39,4353024236.49,7511348212.0,3158323975.51,116093504.64000002,7758.41,6889.46,1199.44,1555.96,545.1,602.43,236.67,691.79,,,Y,,,,医药生物,医疗器械,医疗设备,285.84,290.81,285.0
sh688301,奕瑞科技,2023-06-01,280.61,298.0,278.04,297.31,280.68,521788.0,151991343.0,17134457239.51,30256686000.71,607497288.52,340322268.39,4353024236.49,7511348212.0,3158323975.51,116093504.64000002,11830.49,10797.05,1699.15,1870.08,1147.82,902.38,521.68,1629.63,,,Y,,,,医药生物,医疗器械,医疗设备,281.53,280.75,280.53
sh688301,奕瑞科技,2023-06-02,293.73,308.8,293.73,303.65,297.31,447286.0,135022426.0,17499841716.65,30901896014.65,607497288.52,340322268.39,4353024236.49,7511348212.0,3158323975.51,116093504.64000002,9248.96,9489.07,2511.88,2769.7,710.62,563.69,1030.78,679.79,,,Y,,,,医药生物,医疗器械,医疗设备,299.11,301.35,296.73
sh688301,奕瑞科技,2023-06-05,302.0,305.0,292.9,294.19,303.65,346342.0,102539483.0,16954646581.99,29939169400.79,607497288.52,340322268.39,4353024236.49,7511348212.0,3158323975.51,116093504.64000002,5888.1,6800.82,3044.17,2382.39,305.0,570.31,1016.67,500.42,,,Y,,,,医药生物,医疗器械,医疗设备,297.04,303.0,297.03
sh688301,奕瑞科技,2023-06-06,295.6,308.94,292.52,297.98,294.19,462722.0,139443411.0,17173070425.58,30324870655.18,607497288.52,340322268.39,4353024236.49,7511348212.0,3158323975.51,116093504.64000002,10802.38,10961.36,2089.63,2007.0,777.86,661.61,274.48,314.38,,,Y,,,,医药生物,医疗器械,医疗设备,297.02,295.44,296.21
sh688301,奕瑞科技,2023-06-07,302.76,306.0,290.0,291.5,297.98,512296.0,150447530.0,16799617521.5,29665413101.5,607497288.52,340322268.39,4353024236.49,7511348212.0,3158323975.51,116093504.64000002,9904.67,9023.53,3336.02,4612.74,387.44,535.49,1416.63,872.99,,,Y,,,,医药生物,医疗器械,医疗设备,295.2,293.87,296.18
sh688301,奕瑞科技,2023-06-08,291.46,291.5,278.78,284.77,291.5,741033.0,210644692.0,16411756712.170002,28980513512.57,607497288.52,340322268.39,4353024236.49,7511348212.0,3158323975.51,116093504.64000002,17344.75,14933.14,2256.62,4358.96,1121.44,964.66,341.66,807.71,,,Y,,,,医药生物,医疗器械,医疗设备,287.01,281.38,282.78
sh688301,奕瑞科技,2023-06-09,282.0,295.8,279.2,289.04,284.77,847662.0,244692075.0,16657843733.84,29415063474.64,607497288.52,340322268.39,4353024236.49,7511348212.0,3158323975.51,116093504.64000002,18058.89,20162.38,3155.18,2985.86,1278.86,1320.98,1976.29,0.0,,,Y,,,,医药生物,医疗器械,医疗设备,282.09,285.73,287.5
sh688301,奕瑞科技,2023-06-12,289.04,291.97,278.83,288.5,289.04,605087.0,172835833.0,16626722658.5,29360108678.5,607497288.52,340322268.39,4353024236.49,7511348212.0,3158323975.51,116093504.64000002,13927.04,14388.76,1449.18,1519.84,1323.67,1147.09,583.7,227.88,,,Y,,,,医药生物,医疗器械,医疗设备,279.26,281.86,284.51
sh688301,奕瑞科技,2023-06-13,285.0,285.0,265.51,273.0,288.5,1298088.0,352625684.0,15733432533.0,27782702493.0,607497288.52,340322268.39,4353024236.49,7511348212.0,3158323975.51,116093504.64000002,25236.75,26032.19,5828.28,5993.73,2567.76,1925.67,1629.78,1310.98,,,Y,,,,医药生物,医疗器械,医疗设备,277.74,277.0,275.63
sh688301,奕瑞科技,2023-06-14,274.98,279.0,266.0,274.59,273.0,484453.0,132355187.0,15825066810.39,27944513837.19,607497288.52,340322268.39,4353024236.49,7511348212.0,3158323975.51,116093504.64000002,10607.8,10826.62,1408.64,1206.82,1034.68,670.83,184.4,531.26,,,Y,,,,医药生物,医疗器械,医疗设备,268.53,269.22,269.29
sh688301,奕瑞科技,2023-06-15,273.63,282.68,270.12,279.35,274.59,379127.0,105466735.0,16099393326.35,28428930188.35,607497288.52,340322268.39,4353024236.49,7511348212.0,3158323975.51,116093504.64000002,8086.22,8645.69,1120.01,788.61,662.23,447.19,678.21,665.18,,,Y,,,,医药生物,医疗器械,医疗设备,271.58,273.76,277.98
sh688301,奕瑞科技,2023-06-16,280.77,281.88,268.01,273.58,279.35,543228.0,148113525.0,15766858873.18,27841728014.78,607497288.52,340322268.39,4353024236.49,7511348212.0,3158323975.51,116093504.64000002,11022.8,10819.16,2164.68,2026.59,835.11,1049.55,788.76,916.05,,,Y,,,,医药生物,医疗器械,医疗设备,280.36,280.11,274.77
sh688301,奕瑞科技,2023-06-19,273.19,274.94,267.24,270.42,273.58,405295.0,109616448.0,15584742950.820002,27520140689.22,607497288.52,340322268.39,4353024236.49,7511348212.0,3158323975.51,116093504.64000002,8315.18,7452.8,1601.25,2187.27,567.78,463.81,477.43,857.77,,,Y,,,,医药生物,医疗器械,医疗设备,272.77,274.27,271.2
sh688301,奕瑞科技,2023-06-20,268.61,272.76,264.0,269.2,270.42,325114.0,86932410.0,15514432373.2,27395983557.2,607497288.52,340322268.39,4353024236.49,7511348212.0,3158323975.51,116093504.64000002,5967.64,6247.38,1707.86,1090.73,436.48,510.46,581.26,844.66,,,Y,,,,医药生物,医疗器械,医疗设备,268.03,266.88,266.65
sh688301,奕瑞科技,2023-06-21,268.0,275.55,262.68,264.6,269.2,421159.0,111919623.0,15249326916.6,26927850108.6,607497288.52,340322268.39,4353024236.49,7511348212.0,3158323975.51,116093504.64000002,8398.44,8448.29,1155.14,1717.78,575.82,590.55,1062.56,435.34,,,Y,,,,医药生物,医疗器械,医疗设备,270.96,266.38,263.42
sh688301,奕瑞科技,2023-06-26,259.0,274.6,259.0,269.45,264.6,338518.0,90794436.0,15528840278.45,27421425592.45,607497288.52,340322268.39,4353024236.49,7511348212.0,3158323975.51,116093504.64000002,7457.83,7144.98,834.28,1057.58,582.82,411.84,204.52,465.04,,,Y,,,,医药生物,医疗器械,医疗设备,263.87,265.88,267.98
sh688301,奕瑞科技,2023-06-27,271.22,277.65,268.27,270.01,269.45,290437.0,78954895.0,15561113986.21,27478415751.41,607497288.52,340322268.39,4353024236.49,7511348212.0,3158323975.51,116093504.64000002,6564.53,6636.6,561.23,522.09,474.33,550.78,295.41,186.02,,,Y,,,,医药生物,医疗器械,医疗设备,273.0,274.22,271.74
sh688301,奕瑞科技,2023-06-28,269.29,275.85,266.18,274.64,270.01,219724.0,60031975.0,15827948391.44,27949602244.24,607497288.52,340322268.39,4353024236.49,7511348212.0,3158323975.51,116093504.64000002,5038.51,4921.42,466.38,534.97,449.98,382.46,48.32,164.34,,,Y,,,,医药生物,医疗器械,医疗设备,272.7,273.19,272.51
sh688301,奕瑞科技,2023-06-29,275.0,283.1,268.99,282.45,274.64,331410.0,92135859.0,16278051351.45,28744411425.45,607497288.52,340322268.39,4353024236.49,7511348212.0,3158323975.51,116093504.64000002,6392.77,6074.07,1644.31,995.7,671.75,354.15,504.76,1789.67,,,Y,,,,医药生物,医疗器械,医疗设备,270.12,273.0,270.81
sh688301,奕瑞科技,2023-06-30,282.0,293.02,280.32,282.43,282.45,217794.0,62571712.0,16276898719.03,28742376062.63,607497288.52,340322268.39,4353024236.49,7511348212.0,3158323975.51,116093504.64000002,4760.61,4693.79,1164.94,1109.51,254.05,311.87,77.58,142.01,,,Y,,,,医药生物,医疗器械,医疗设备,285.0,287.87,288.82
sh688301,奕瑞科技,2023-07-03,282.43,294.95,277.01,290.69,282.43,380923.0,110530026.0,16752935908.49,29582980907.29,607497288.52,340322268.39,4353024236.49,7511348212.0,3158323975.51,116093504.64000002,8252.77,7719.54,2249.3,2465.32,545.06,370.65,5.87,497.49,,,Y,,,,医药生物,医疗器械,医疗设备,279.51,283.87,291.0
sh688301,奕瑞科技,2023-07-04,292.22,292.22,282.0,285.8,290.69,236438.0,67715612.0,16471117281.8,29085334697.8,607497288.52,340322268.39,4353024236.49,7511348212.0,3158323975.51,116093504.64000002,4942.31,5439.94,829.26,927.17,244.79,292.68,755.21,111.77,,,Y,,,,医药生物,医疗器械,医疗设备,290.38,288.5,286.81
sh688301,奕瑞科技,2023-07-05,287.96,289.33,281.0,283.59,285.8,198800.0,56553615.0,16343751399.39,28860427106.19,607497288.52,340322268.39,4353024236.49,7511348212.0,3158323975.51,116093504.64000002,4434.26,4454.06,851.57,409.91,259.47,344.84,110.07,446.55,,,Y,,,,医药生物,医疗器械,医疗设备,283.58,284.68,285.56
sh688301,奕瑞科技,2023-07-06,283.59,284.16,276.02,282.76,283.59,326397.0,91692318.0,16295917153.96,28775959549.16,607497288.52,340322268.39,4353024236.49,7511348212.0,3158323975.51,116093504.64000002,5096.76,6113.64,3710.33,2657.1,223.97,279.11,138.17,119.38,,,Y,,,,医药生物,医疗器械,医疗设备,276.92,280.0,276.02
sh688301,奕瑞科技,2023-07-07,281.31,287.88,277.03,279.08,282.76,214388.0,60465319.0,16083832788.68,28401452790.28,607497288.52,340322268.39,4353024236.49,7511348212.0,3158323975.51,116093504.64000002,4950.79,4961.33,645.54,848.59,450.2,236.61,0.0,0.0,,,Y,,,,医药生物,医疗器械,医疗设备,283.94,285.65,285.89
sh688301,奕瑞科技,2023-07-10,279.98,282.6,278.12,281.72,279.08,167144.0,46900607.0,16235980268.12,28670120682.52,607497288.52,340322268.39,4353024236.49,7511348212.0,3158323975.51,116093504.64000002,3338.22,3132.31,693.66,1401.07,238.16,156.68,420.01,0.0,,,Y,,,,医药生物,医疗器械,医疗设备,282.5,280.06,280.44
sh688301,奕瑞科技,2023-07-11,280.01,281.67,275.02,277.92,281.72,207631.0,57540710.0,16016980108.32,28283401746.72,607497288.52,340322268.39,4353024236.49,7511348212.0,3158323975.51,116093504.64000002,3548.08,3649.72,1304.68,1462.62,233.25,265.21,668.06,376.51,,,Y,,,,医药生物,医疗器械,医疗设备,281.06,280.11,277.66
sh688301,奕瑞科技,2023-07-12,275.13,278.56,275.08,276.5,277.92,132934.0,36783947.0,15935143206.499998,28138890986.5,607497288.52,340322268.39,4353024236.49,7511348212.0,3158323975.51,116093504.64000002,2928.68,2777.42,326.35,748.11,333.22,152.87,90.15,0.0,,,Y,,,,医药生物,医疗器械,医疗设备,276.64,277.88,277.78
sh688301,奕瑞科技,2023-07-13,277.0,280.88,274.02,276.5,276.5,166975.0,46243791.0,15935143206.499998,28138890986.5,607497288.52,340322268.39,4353024236.49,7511348212.0,3158323975.51,116093504.64000002,3055.94,3383.92,775.23,793.92,128.15,308.04,665.05,138.5,,,Y,,,,医药生物,医疗器械,医疗设备,276.8,278.15,276.95
sh688301,奕瑞科技,2023-07-14,276.5,277.5,272.81,276.88,276.5,103269.0,28504359.0,15957043222.48,28177562880.08,607497288.52,340322268.39,4353024236.49,7511348212.0,3158323975.51,116093504.64000002,2300.26,2256.07,352.73,387.91,197.45,206.45,0.0,0.0,,,Y,,,,医药生物,医疗器械,医疗设备,274.8,273.93,274.94
sh688301,奕瑞科技,2023-07-17,273.92,277.87,273.34,277.21,276.88,115532.0,31873783.0,15976061657.410002,28211146366.61,607497288.52,340322268.39,4353024236.49,7511348212.0,3158323975.51,116093504.64000002,2774.27,2600.02,218.4,430.2,194.7,157.16,0.0,0.0,,,Y,,,,医药生物,医疗器械,医疗设备,275.49,277.54,274.86
sh688301,奕瑞科技,2023-07-18,275.66,277.15,269.51,273.34,277.21,249586.0,68094220.0,15753027284.14,27817303660.94,607497288.52,340322268.39,4353024236.49,7511348212.0,3158323975.51,116093504.64000002,5586.41,5217.6,706.25,1168.47,516.76,423.35,0.0,0.0,,,Y,,,,医药生物,医疗器械,医疗设备,274.82,274.5,273.5
sh688301,奕瑞科技,2023-07-19,271.01,271.01,265.28,266.25,273.34,158808.0,42459461.0,15344419091.25,27095767541.25,607497288.52,340322268.39,4353024236.49,7511348212.0,3158323975.51,116093504.64000002,3407.66,3481.48,493.08,298.35,177.58,466.12,167.62,0.0,,,Y,,,,医药生物,医疗器械,医疗设备,269.65,267.4,267.6
sh688301,奕瑞科技,2023-07-20,265.62,272.98,262.88,270.0,266.25,205258.0,55518919.0,15560537670.0,27477398070.0,607497288.52,340322268.39,4353024236.49,7511348212.0,3158323975.51,116093504.64000002,4363.45,3603.71,463.69,1515.59,511.51,194.1,196.25,221.51,,,Y,,,,医药生物,医疗器械,医疗设备,266.04,267.73,270.26
sh688301,奕瑞科技,2023-07-21,268.94,273.99,266.5,271.0,270.0,348669.0,94616597.0,15618169291.0,27579166211.0,607497288.52,340322268.39,4353024236.49,7511348212.0,3158323975.51,116093504.64000002,7126.58,5980.06,1381.62,2823.38,661.07,386.8,292.39,271.42,,,Y,,,,医药生物,医疗器械,医疗设备,268.0,267.03,267.78
sh688301,奕瑞科技,2023-07-24,270.92,285.0,270.92,276.0,271.0,373981.0,103816331.0,15906327396.0,28088006916.0,607497288.52,340322268.39,4353024236.49,7511348212.0,3158323975.51,116093504.64000002,7578.23,7888.61,1400.14,932.41,728.37,657.96,674.89,902.66,,,Y,,,,医药生物,医疗器械,医疗设备,278.5,283.4,279.33
sh688301,奕瑞科技,2023-07-25,276.0,288.76,275.0,282.54,276.0,339535.0,96100577.0,16283238197.339998,28753570558.14,607497288.52,340322268.39,4353024236.49,7511348212.0,3158323975.51,116093504.64000002,7554.27,7194.4,930.14,1534.71,661.6,553.53,464.04,327.42,,,Y,,,,医药生物,医疗器械,医疗设备,282.73,282.0,282.29
sh688301,奕瑞科技,2023-07-26,283.0,287.49,278.63,280.9,282.54,186325.0,52556785.0,16188722338.9,28586670806.9,607497288.52,340322268.39,4353024236.49,7511348212.0,3158323975.51,116093504.64000002,4410.03,3903.85,523.61,916.52,322.05,215.44,0.0,219.88,,,Y,,,,医药生物,医疗器械,医疗设备,285.8,283.44,284.56
sh688301,奕瑞科技,2023-07-27,281.59,282.9,275.08,278.42,280.9,198327.0,55056012.0,16045795918.82,28334285817.22,607497288.52,340322268.39,4353024236.49,7511348212.0,3158323975.51,116093504.64000002,4289.95,4571.21,708.41,289.17,340.82,305.26,166.42,339.96,,,Y,,,,医药生物,医疗器械,医疗设备,280.77,279.49,280.24
sh688301,奕瑞科技,2023-07-28,275.0,275.41,268.22,269.82,278.42,437443.0,118160588.0,15550163978.22,27459079804.62,607497288.52,340322268.39,4353024236.49,7511348212.0,3158323975.51,116093504.64000002,6290.04,5213.68,3769.49,5516.35,344.65,344.87,1411.88,741.16,,,Y,,,,医药生物,医疗器械,医疗设备,270.97,270.37,269.31
sh688301,奕瑞科技,2023-07-31,270.2,270.2,249.03,251.06,269.82,709125.0,182506539.0,14468994768.26,25549909479.46,607497288.52,340322268.39,4353024236.49,7511348212.0,3158323975.51,116093504.64000002,13271.03,12701.78,3358.26,3631.5,1034.86,1306.86,586.52,610.52,,,Y,,,,医药生物,医疗器械,医疗设备,270.11,269.62,268.51
sh688301,奕瑞科技,2023-08-01,250.52,262.76,250.52,262.69,251.06,446187.0,115773369.0,15139250520.49,26733472959.29,607497288.52,340322268.39,4353024236.49,7511348212.0,3158323975.51,116093504.64000002,8933.06,8055.23,1841.83,2662.42,771.84,670.83,30.61,188.85,,,Y,,,,医药生物,医疗器械,医疗设备,256.09,259.0,260.42
sh688301,奕瑞科技,2023-08-02,260.01,260.52,252.5,253.06,262.69,384457.0,97927064.0,14584258010.26,25753445761.46,607497288.52,340322268.39,4353024236.49,7511348212.0,3158323975.51,116093504.64000002,7089.54,7266.1,1866.07,1790.55,447.86,675.33,389.24,60.73,,,Y,,,,医药生物,医疗器械,医疗设备,258.0,257.11,258.61
sh688301,奕瑞科技,2023-08-03,254.69,254.69,243.44,250.25,253.06,410575.0,101554970.0,14422313155.25,25467477285.25,607497288.52,340322268.39,4353024236.49,7511348212.0,3158323975.51,116093504.64000002,7366.05,8026.31,1987.46,1045.09,530.33,871.86,271.66,212.23,,,Y,,,,医药生物,医疗器械,医疗设备,251.98,250.01,249.03
sh688301,奕瑞科技,2023-08-04,250.25,256.09,245.01,253.82,250.25,433781.0,108937473.0,14628058042.22,25830789548.62,607497288.52,340322268.39,4353024236.49,7511348212.0,3158323975.51,116093504.64000002,8690.39,9438.77,1071.29,717.67,969.01,737.31,163.06,0.0,,,Y,,,,医药生物,医疗器械,医疗设备,248.66,247.25,248.82
sh688301,奕瑞科技,2023-08-07,250.57,253.8,240.88,244.0,253.82,589215.0,144145264.0,14062115524.0,24831426404.0,607497288.52,340322268.39,4353024236.49,7511348212.0,3158323975.51,116093504.64000002,10203.42,11228.12,2323.5,1887.85,880.14,1194.1,1007.47,104.46,,,Y,,,,医药生物,医疗器械,医疗设备,245.56,243.16,243.66
sh688301,奕瑞科技,2023-08-08,242.08,251.0,240.87,250.0,244.0,261029.0,64638495.0,14407905250.0,25442035250.0,607497288.52,340322268.39,4353024236.49,7511348212.0,3158323975.51,116093504.64000002,4946.82,5500.97,751.8,649.81,568.65,313.07,196.58,0.0,,,Y,,,,医药生物,医疗器械,医疗设备,242.89,243.55,244.5
sh688301,奕瑞科技,2023-08-09,249.1,257.0,247.35,254.12,250.0,225877.0,57376764.0,14645347528.52,25861319990.92,607497288.52,340322268.39,4353024236.49,7511348212.0,3158323975.51,116093504.64000002,4270.58,4301.98,622.65,1150.89,318.74,284.81,525.7,0.0,,,Y,,,,医药生物,医疗器械,医疗设备,250.65,252.75,251.5
sh688301,奕瑞科技,2023-08-10,253.74,256.82,249.18,251.77,254.12,186578.0,46892448.0,14509913219.17,25622164859.57,607497288.52,340322268.39,4353024236.49,7511348212.0,3158323975.51,116093504.64000002,3690.68,3341.61,615.06,548.81,264.01,202.8,119.49,596.02,,,Y,,,,医药生物,医疗器械,医疗设备,250.84,250.5,249.55
sh688301,奕瑞科技,2023-08-11,252.75,252.75,246.6,247.11,251.77,240044.0,59665691.0,14241349865.31,25147925322.51,607497288.52,340322268.39,4353024236.49,7511348212.0,3158323975.51,116093504.64000002,4950.51,5325.2,435.02,230.11,360.91,301.19,220.12,110.06,,,Y,,,,医药生物,医疗器械,医疗设备,249.71,247.49,249.54
sh688301,奕瑞科技,2023-08-14,249.0,249.0,241.42,247.0,247.11,276999.0,67773151.0,14235010387.0,25136730827.0,607497288.52,340322268.39,4353024236.49,7511348212.0,3158323975.51,116093504.64000002,5048.18,5677.58,1096.52,758.89,485.39,340.84,147.22,0.0,,,Y,,,,医药生物,医疗器械,医疗设备,244.53,242.2,242.68
sh688301,奕瑞科技,2023-08-15,243.28,246.76,239.91,240.35,247.0,305486.0,73693088.0,13851760107.35,24459972689.35,607497288.52,340322268.39,4353024236.49,7511348212.0,3158323975.51,116093504.64000002,6062.47,5321.85,808.76,804.84,392.93,552.22,105.14,690.39,,,Y,,,,医药生物,医疗器械,医疗设备,243.97,241.67,242.47
sh688301,奕瑞科技,2023-08-16,239.4,245.0,235.01,236.83,240.35,369935.0,88017328.0,13648896801.43,24101748833.030003,607497288.52,340322268.39,4353024236.49,7511348212.0,3158323975.51,116093504.64000002,7125.82,7347.61,778.21,763.3,743.65,511.7,154.06,179.13,,,Y,,,,医药生物,医疗器械,医疗设备,243.39,239.7,240.82
sh688301,奕瑞科技,2023-08-17,234.73,238.72,230.01,233.08,236.83,555864.0,129622358.0,13432778222.68,23720118304.280003,607497288.52,340322268.39,4353024236.49,7511348212.0,3158323975.51,116093504.64000002,9811.3,10309.11,1566.98,1504.36,1221.8,708.57,362.16,440.2,,,Y,,,,医药生物,医疗器械,医疗设备,235.0,235.0,234.0
sh688301,奕瑞科技,2023-08-18,236.57,248.96,233.58,236.31,233.08,623291.0,150364307.0,13618928358.509998,24048829399.71,607497288.52,340322268.39,4353024236.49,7511348212.0,3158323975.51,116093504.64000002,12338.68,13176.48,1098.1,785.5,1492.44,1074.45,107.2,0.0,,,Y,,,,医药生物,医疗器械,医疗设备,235.03,239.14,242.23
sh688301,奕瑞科技,2023-08-21,233.0,244.0,232.99,240.51,236.31,271122.0,65284481.0,13860981166.71,24476255591.910004,607497288.52,340322268.39,4353024236.49,7511348212.0,3158323975.51,116093504.64000002,5490.82,5617.81,417.85,566.33,619.78,344.31,0.0,0.0,,,Y,,,,医药生物,医疗器械,医疗设备,235.88,240.0,238.92
sh688301,奕瑞科技,2023-08-22,243.79,243.79,229.0,234.94,240.51,405607.0,95032443.0,13539973037.74,23909407046.54,607497288.52,340322268.39,4353024236.49,7511348212.0,3158323975.51,116093504.64000002,7497.88,7929.03,884.98,715.77,862.97,773.61,257.42,84.84,,,Y,,,,医药生物,医疗器械,医疗设备,240.25,238.99,236.04
sh688301,奕瑞科技,2023-08-23,235.89,236.0,232.09,232.95,234.94,214476.0,50161684.0,13425286111.95,23706888445.95,607497288.52,340322268.39,4353024236.49,7511348212.0,3158323975.51,116093504.64000002,4320.35,3978.03,294.14,563.98,401.67,312.3,0.0,161.87,,,Y,,,,医药生物,医疗器械,医疗设备,233.82,232.79,233.59
sh688301,奕瑞科技,2023-08-24,230.2,246.88,230.2,243.0,232.95,385358.0,92631497.0,14004483903.0,24729658263.0,607497288.52,340322268.39,4353024236.49,7511348212.0,3158323975.51,116093504.64000002,6437.91,7314.73,382.39,1337.85,1062.99,376.74,1379.86,233.83,,,Y,,,,医药生物,医疗器械,医疗设备,232.49,232.42,234.2
sh688301,奕瑞科技,2023-08-25,239.97,244.69,238.1,241.5,243.0,248173.0,59778210.0,13918036471.5,24577006051.500004,607497288.52,340322268.39,4353024236.49,7511348212.0,3158323975.51,116093504.64000002,5056.34,4905.83,468.34,488.79,453.14,273.34,0.0,309.86,,,Y,,,,医药生物,医疗器械,医疗设备,240.21,240.45,240.28
sh688301,奕瑞科技,2023-08-28,256.0,258.0,245.01,248.5,241.5,507133.0,126577591.0,14321457818.5,25289383038.5,607497288.52,340322268.39,4353024236.49,7511348212.0,3158323975.51,116093504.64000002,9651.84,9552.05,1902.73,1970.29,1103.19,955.98,0.0,179.44,,,Y,,,,医药生物,医疗器械,医疗设备,255.02,249.5,250.69
sh688301,奕瑞科技,2023-08-29,241.74,251.8,230.06,247.0,248.5,681812.0,164314805.0,14235010387.0,25136730827.0,607497288.52,340322268.39,4353024236.49,7511348212.0,3158323975.51,116093504.64000002,12294.61,13063.28,2174.77,1773.97,1643.02,1248.87,319.09,345.36,,,Y,,,,医药生物,医疗器械,医疗设备,233.6,232.14,231.0
sh688301,奕瑞科技,2023-08-30,248.0,254.91,243.29,247.55,247.0,505092.0,125716948.0,14266707778.55,25192703304.55,607497288.52,340322268.39,4353024236.49,7511348212.0,3158323975.51,116093504.64000002,9125.3,9596.94,2240.98,1819.06,766.2,728.88,439.22,426.82,,,Y,,,,医药生物,医疗器械,医疗设备,247.91,251.97,250.79
sh688301,奕瑞科技,2023-08-31,246.11,251.5,241.86,246.07,247.55,344386.0,84761942.0,14181412979.47,25042086455.87,607497288.52,340322268.39,4353024236.49,7511348212.0,3158323975.51,116093504.64000002,6247.96,7364.38,1471.8,586.36,506.82,519.85,244.01,0.0,,,Y,,,,医药生物,医疗器械,医疗设备,250.99,244.99,242.65
sh688301,奕瑞科技,2023-09-01,246.78,248.61,241.01,242.09,246.07,193817.0,47299930.0,13952039127.89,24637049254.69,607497288.52,340322268.39,4353024236.49,7511348212.0,3158323975.51,116093504.64000002,3849.84,3945.43,250.44,143.43,316.38,533.19,205.38,0.0,,,Y,,,,医药生物,医疗器械,医疗设备,244.13,247.25,248.58
sh688301,奕瑞科技,2023-09-04,242.09,242.09,235.01,236.53,242.09,440475.0,104918951.0,13631607315.13,24071218390.73,607497288.52,340322268.39,4353024236.49,7511348212.0,3158323975.51,116093504.64000002,7586.38,8346.79,1326.65,1149.12,794.98,995.98,783.88,0.0,,,Y,,,,医药生物,医疗器械,医疗设备,240.1,239.79,238.4
sh688301,奕瑞科技,2023-09-05,234.7,239.78,228.02,229.03,236.53,511900.0,118436028.0,13199370157.63,23307957333.23,607497288.52,340322268.39,4353024236.49,7511348212.0,3158323975.51,116093504.64000002,9170.45,9723.15,1669.58,609.59,597.45,1439.5,334.76,0.0,,,Y,,,,医药生物,医疗器械,医疗设备,237.3,237.18,236.33
sh688301,奕瑞科技,2023-09-06,227.41,228.45,214.01,214.02,229.03,1014033.0,220416582.0,12334319526.42,21780417536.82,607497288.52,340322268.39,4353024236.49,7511348212.0,3158323975.51,116093504.64000002,15437.71,14677.0,4667.57,4240.35,1338.44,1867.83,597.94,1256.48,,,Y,,,,医药生物,医疗器械,医疗设备,226.4,224.8,222.85
sh688301,奕瑞科技,2023-09-07,214.07,218.98,212.89,215.0,214.02,716373.0,154687679.0,12390798515.000002,21880150315.0,607497288.52,340322268.39,4353024236.49,7511348212.0,3158323975.51,116093504.64000002,11909.52,11400.17,1567.75,1919.12,1208.09,1583.58,754.91,537.39,,,Y,,,,医药生物,医疗器械,医疗设备,214.2,216.3,216.88
sh688301,奕瑞科技,2023-09-08,212.24,221.88,212.24,221.0,215.0,401083.0,87820659.0,12736588241.0,22490759161.0,607497288.52,340322268.39,4353024236.49,7511348212.0,3158323975.51,116093504.64000002,6725.59,6113.27,804.93,1765.05,1057.45,730.1,153.2,132.74,,,Y,,,,医药生物,医疗器械,医疗设备,215.69,218.94,217.74
sh688301,奕瑞科技,2023-09-11,221.0,225.8,217.0,217.21,221.0,571860.0,126100635.0,12518164397.41,22105057906.61,607497288.52,340322268.39,4353024236.49,7511348212.0,3158323975.51,116093504.64000002,9609.71,9707.56,2110.03,1976.1,890.32,926.4,0.0,0.0,,,Y,,,,医药生物,医疗器械,医疗设备,219.6,222.52,221.94
sh688301,奕瑞科技,2023-09-12,214.34,222.49,214.0,221.0,217.21,339848.0,74414099.0,12736588683.0,22490759603.0,607497288.52,340322268.39,4353024236.49,7511348212.0,3158323975.51,116093504.64000002,5053.81,5501.28,1538.1,1039.56,491.11,508.26,342.51,376.42,,,Y,,,,医药生物,医疗器械,医疗设备,214.3,217.21,218.8
sh688301,奕瑞科技,2023-09-13,219.76,224.6,215.0,217.64,221.0,398495.0,87416025.0,12542946429.72,22148818642.52,607497288.52,340322268.39,4353024236.49,7511348212.0,3158323975.51,116093504.64000002,7544.06,7429.43,432.86,305.83,762.92,853.38,0.0,151.2,,,Y,,,,医药生物,医疗器械,医疗设备,221.25,221.67,220.66
sh688301,奕瑞科技,2023-09-14,217.64,219.1,209.3,214.65,217.64,586903.0,124862399.0,12370627876.95,21844531894.95,607497288.52,340322268.39,4353024236.49,7511348212.0,3158323975.51,116093504.64000002,9626.06,9366.97,1889.8,2244.98,905.45,777.26,61.04,93.16,,,Y,,,,医药生物,医疗器械,医疗设备,215.97,215.0,212.15
sh688301,奕瑞科技,2023-09-15,215.08,228.98,212.2,228.4,214.65,673835.0,150432070.0,13163062693.2,23243843861.2,607497288.52,340322268.39,4353024236.49,7511348212.0,3158323975.51,116093504.64000002,10205.89,10657.61,2610.62,2924.05,1257.09,996.46,713.67,209.15,,,Y,,,,医药生物,医疗器械,医疗设备,212.8,214.15,215.99
sh688301,奕瑞科技,2023-09-18,228.73,240.0,227.68,238.5,228.4,598380.0,141238215.0,24271702105.5,24271702105.5,607497288.52,340322268.39,4353024236.49,7511348212.0,3158323975.51,116093504.64000002,10386.65,9666.97,1794.42,2535.07,1007.04,737.26,924.01,1172.81,,,Y,,,,医药生物,医疗器械,医疗设备,233.01,234.99,235.16
sh688301,奕瑞科技,2023-09-19,239.82,240.3,234.54,238.03,238.5,351257.0,83377492.0,24223871078.29,24223871078.29,607497288.52,340322268.39,4353024236.49,7511348212.0,3158323975.51,116093504.64000002,6293.89,6822.34,1064.88,762.13,412.5,506.54,467.5,147.76,,,Y,,,,医药生物,医疗器械,医疗设备,237.62,237.66,236.0
sh688301,奕瑞科技,2023-09-20,235.68,238.94,232.0,234.18,238.03,354505.0,83052994.0,23832063727.74,23832063727.74,607497288.52,340322268.39,4353024236.49,7511348212.0,3158323975.51,116093504.64000002,6804.5,6978.82,897.19,497.25,434.08,691.02,105.41,74.09,,,Y,,,,医药生物,医疗器械,医疗设备,238.42,234.15,233.19
sh688301,奕瑞科技,2023-09-21,235.67,235.67,224.0,224.05,234.18,462800.0,105088198.0,22801152439.15,22801152439.15,607497288.52,340322268.39,4353024236.49,7511348212.0,3158323975.51,116093504.64000002,7916.5,8135.69,1768.7,654.75,511.67,709.66,275.52,972.29,,,Y,,,,医药生物,医疗器械,医疗设备,231.57,232.17,230.56
sh688301,奕瑞科技,2023-09-22,226.0,230.99,221.5,228.98,224.05,377972.0,85869520.0,23302869384.14,23302869384.14,607497288.52,340322268.39,4353024236.49,7511348212.0,3158323975.51,116093504.64000002,6968.65,6834.49,825.71,935.24,382.89,569.9,409.7,247.32,,,Y,,,,医药生物,医疗器械,医疗设备,224.12,223.57,224.42
sh688301,奕瑞科技,2023-09-25,225.78,232.79,223.84,230.49,228.98,294104.0,67206755.0,23456539280.07,23456539280.07,607497288.52,340322268.39,4353024236.49,7511348212.0,3158323975.51,116093504.64000002,5594.59,4886.66,715.1,850.19,410.98,520.45,0.0,463.38,,,Y,,,,医药生物,医疗器械,医疗设备,225.31,226.0,226.48
sh688301,奕瑞科技,2023-09-26,230.0,232.3,220.3,221.38,230.49,420510.0,94045268.0,22529431497.340004,22529431497.340004,607497288.52,340322268.39,4353024236.49,7511348212.0,3158323975.51,116093504.64000002,6545.46,5727.91,1765.27,1810.96,295.98,585.02,797.09,1279.91,,,Y,,,,医药生物,医疗器械,医疗设备,227.83,227.5,225.92
sh688301,奕瑞科技,2023-09-27,221.0,239.98,221.0,238.34,221.38,738050.0,172450717.0,24255419202.62,24255419202.62,607497288.52,340322268.39,4353024236.49,7511348212.0,3158323975.51,116093504.64000002,12876.77,10644.01,2731.59,4506.5,1059.21,980.63,577.5,1113.93,,,Y,,,,医药生物,医疗器械,医疗设备,224.67,225.99,228.45
sh688301,奕瑞科技,2023-09-28,238.57,248.9,236.34,245.06,238.34,618439.0,150215490.0,24939301123.58,24939301123.58,607497288.52,340322268.39,4353024236.49,7511348212.0,3158323975.51,116093504.64000002,11644.12,11199.75,1452.6,2323.57,1034.32,956.71,885.61,536.62,,,Y,,,,医药生物,医疗器械,医疗设备,238.02,238.87,238.95
sh688301,奕瑞科技,2023-10-09,244.55,245.1,231.27,232.03,245.06,312315.0,73562577.0,23613262220.29,23613262220.29,607497288.52,340322268.39,4353024236.49,7511348212.0,3158323975.51,116093504.64000002,5121.47,5385.84,1180.71,1033.7,350.4,651.96,531.63,112.7,,,Y,,,,医药生物,医疗器械,医疗设备,238.58,235.93,235.98
sh688301,奕瑞科技,2023-10-10,233.27,234.0,226.02,226.99,232.03,254130.0,58054061.0,23100350779.57,23100350779.57,607497288.52,340322268.39,4353024236.49,7511348212.0,3158323975.51,116093504.64000002,4910.39,4626.12,482.11,513.59,266.92,446.18,146.0,219.52,,,Y,,,,医药生物,医疗器械,医疗设备,230.5,228.3,229.7
sh688301,奕瑞科技,2023-10-11,226.8,234.68,226.8,232.4,226.99,314379.0,73042682.0,23650916433.2,23650916433.2,607497288.52,340322268.39,4353024236.49,7511348212.0,3158323975.51,116093504.64000002,5418.22,6584.84,1142.74,360.29,410.14,359.14,333.17,0.0,,,Y,,,,医药生物,医疗器械,医疗设备,229.45,231.49,231.81
sh688301,奕瑞科技,2023-10-12,232.5,235.7,225.76,226.46,232.4,309813.0,70823313.0,23046413663.78,23046413663.78,607497288.52,340322268.39,4353024236.49,7511348212.0,3158323975.51,116093504.64000002,5279.39,4574.11,1359.7,1872.65,275.84,383.85,167.4,251.72,,,Y,,,,医药生物,医疗器械,医疗设备,234.18,233.14,232.26
sh688301,奕瑞科技,2023-10-13,225.75,227.9,218.5,220.5,226.46,527242.0,116789793.0,22439875531.5,22439875531.5,607497288.52,340322268.39,4353024236.49,7511348212.0,3158323975.51,116093504.64000002,7842.7,5756.33,2499.6,2639.49,428.5,562.01,816.18,2629.16,,,Y,,,,医药生物,医疗器械,医疗设备,226.78,223.63,221.51
sh688301,奕瑞科技,2023-10-16,218.27,218.27,193.88,205.0,220.5,1413759.0,287200720.0,20862469315.0,20862469315.0,607497288.52,340322268.39,4353024236.49,7511348212.0,3158323975.51,116093504.64000002,15939.32,18688.59,7911.22,5417.48,3671.37,4036.75,1198.16,577.26,,,Y,,,,医药生物,医疗器械,医疗设备,208.0,199.3,205.32
sh688301,奕瑞科技,2023-10-17,204.02,207.2,200.01,206.18,205.0,924948.0,187976542.0,20982555723.74,20982555723.74,607497288.52,340322268.39,4353024236.49,7511348212.0,3158323975.51,116093504.64000002,13426.49,13513.17,3061.05,2759.6,1775.44,1932.07,534.67,592.82,,,Y,,,,医药生物,医疗器械,医疗设备,205.81,202.67,202.5
sh688301,奕瑞科技,2023-10-18,205.97,217.72,202.01,216.95,206.18,656480.0,139584428.0,22078598623.85,22078598623.85,607497288.52,340322268.39,4353024236.49,7511348212.0,3158323975.51,116093504.64000002,8896.99,10900.34,2431.47,1803.01,865.03,926.27,1764.94,328.83,,,Y,,,,医药生物,医疗器械,医疗设备,208.74,209.47,209.59
sh688301,奕瑞科技,2023-10-19,214.95,214.96,204.1,204.42,216.95,392954.0,81092461.0,20803443792.06,20803443792.06,607497288.52,340322268.39,4353024236.49,7511348212.0,3158323975.51,116093504.64000002,6527.17,6572.67,1015.25,340.16,566.83,914.17,0.0,282.25,,,Y,,,,医药生物,医疗器械,医疗设备,209.02,207.2,207.46
sh688301,奕瑞科技,2023-10-20,204.0,210.66,202.84,206.63,204.42,416091.0,86375638.0,21028351388.09,21028351388.09,607497288.52,340322268.39,4353024236.49,7511348212.0,3158323975.51,116093504.64000002,6629.01,6687.16,1425.76,1112.58,537.07,695.69,0.0,96.42,,,Y,,,,医药生物,医疗器械,医疗设备,207.97,209.39,207.69
sh688301,奕瑞科技,2023-10-23,207.77,209.97,200.31,201.35,206.63,394421.0,80578303.0,20491015593.05,20491015593.05,607497288.52,340322268.39,4353024236.49,7511348212.0,3158323975.51,116093504.64000002,6215.07,5772.03,1141.35,1269.19,448.34,579.95,253.07,436.65,,,Y,,,,医药生物,医疗器械,医疗设备,206.55,202.95,205.05
sh688301,奕瑞科技,2023-10-24,204.11,209.49,199.56,203.91,201.35,399190.0,81734157.0,20751542039.13,20751542039.13,607497288.52,340322268.39,4353024236.49,7511348212.0,3158323975.51,116093504.64000002,6435.42,6783.53,755.14,597.31,692.11,792.58,290.74,0.0,,,Y,,,,医药生物,医疗器械,医疗设备,201.18,203.38,202.64
sh688301,奕瑞科技,2023-10-25,202.02,205.51,200.09,203.39,203.91,236965.0,48250083.0,20698622604.77,20698622604.77,607497288.52,340322268.39,4353024236.49,7511348212.0,3158323975.51,116093504.64000002,3769.34,3839.89,596.03,341.54,346.07,313.97,113.57,329.61,,,Y,,,,医药生物,医疗器械,医疗设备,201.68,203.53,204.5
sh688301,奕瑞科技,2023-10-26,202.68,208.75,201.03,204.99,203.39,308382.0,63338395.0,20861451633.57,20861451633.57,607497288.52,340322268.39,4353024236.49,7511348212.0,3158323975.51,116093504.64000002,5304.8,5043.16,320.3,630.05,708.73,445.16,0.0,215.47,,,Y,,,,医药生物,医疗器械,医疗设备,206.68,204.34,205.79
sh688301,奕瑞科技,2023-10-27,203.2,220.78,203.2,216.27,204.99,369716.0,78913553.0,22009396286.61,22009396286.61,607497288.52,340322268.39,4353024236.49,7511348212.0,3158323975.51,116093504.64000002,5716.78,5653.02,1045.28,1251.71,511.39,376.43,591.95,584.24,,,Y,,,,医药生物,医疗器械,医疗设备,205.16,208.75,206.04
sh688301,奕瑞科技,2023-10-30,214.99,224.15,214.0,223.06,216.27,486590.0,107022114.0,22700401977.58,22700401977.58,607497288.52,340322268.39,4353024236.49,7511348212.0,3158323975.51,116093504.64000002,6845.63,7025.67,2449.47,2160.5,685.51,543.32,721.6,972.72,,,Y,,,,医药生物,医疗器械,医疗设备,214.41,218.3,219.32
sh688301,奕瑞科技,2023-10-31,222.26,224.89,217.02,223.45,223.06,226993.0,50141653.0,22740091553.35,22740091553.35,607497288.52,340322268.39,4353024236.49,7511348212.0,3158323975.51,116093504.64000002,3726.92,3737.89,984.09,863.19,303.16,294.22,0.0,118.87,,,Y,,,,医药生物,医疗器械,医疗设备,217.4,217.49,217.71
sh688301,奕瑞科技,2023-11-01,224.88,225.86,216.49,222.03,223.45,316625.0,69625413.0,22595580790.29,22595580790.29,607497288.52,340322268.39,4353024236.49,7511348212.0,3158323975.51,116093504.64000002,5008.83,4669.66,1301.15,1610.08,364.5,510.34,189.16,73.56,,,Y,,,,医药生物,医疗器械,医疗设备,220.06,220.34,219.64
sh688301,奕瑞科技,2023-11-02,219.21,228.57,218.02,219.22,222.03,247292.0,54810901.0,22309612308.46,22309612308.46,607497288.52,340322268.39,4353024236.49,7511348212.0,3158323975.51,116093504.64000002,4516.7,4443.71,673.12,595.17,291.27,442.21,0.0,0.0,,,Y,,,,医药生物,医疗器械,医疗设备,220.26,227.08,224.77
sh688301,奕瑞科技,2023-11-03,219.56,225.98,216.57,216.57,219.22,273848.0,60298959.0,22039926729.51,22039926729.51,607497288.52,340322268.39,4353024236.49,7511348212.0,3158323975.51,116093504.64000002,4854.52,4740.83,653.03,571.64,408.99,466.38,109.03,246.71,,,Y,,,,医药生物,医疗器械,医疗设备,218.24,220.58,221.09
sh688301,奕瑞科技,2023-11-06,216.0,221.08,216.0,220.02,216.57,296379.0,64829168.0,22391026822.86,22391026822.86,607497288.52,340322268.39,4353024236.49,7511348212.0,3158323975.51,116093504.64000002,4816.96,4462.01,1005.38,814.44,445.62,382.46,214.96,824.01,,,Y,,,,医药生物,医疗器械,医疗设备,219.5,220.43,220.0
sh688301,奕瑞科技,2023-11-07,218.16,220.02,213.02,214.7,220.02,314713.0,67748533.0,21849620302.1,21849620302.1,607497288.52,340322268.39,4353024236.49,7511348212.0,3158323975.51,116093504.64000002,4090.2,3872.78,1943.79,1634.99,280.96,581.47,459.91,685.61,,,Y,,,,医药生物,医疗器械,医疗设备,217.23,217.16,216.73
sh688301,奕瑞科技,2023-11-08,214.7,219.44,212.36,218.2,214.7,340911.0,73765316.0,22205808802.6,22205808802.6,607497288.52,340322268.39,4353024236.49,7511348212.0,3158323975.51,116093504.64000002,5350.73,6037.61,1415.98,904.8,449.96,428.48,154.24,0.0,,,Y,,,,医药生物,医疗器械,医疗设备,214.22,214.77,213.58
sh688301,奕瑞科技,2023-11-09,215.46,220.44,214.0,214.4,218.2,235265.0,50774844.0,21819089859.2,21819089859.2,607497288.52,340322268.39,4353024236.49,7511348212.0,3158323975.51,116093504.64000002,3966.93,3364.94,659.78,868.66,282.03,396.51,118.05,396.66,,,Y,,,,医药生物,医疗器械,医疗设备,217.3,220.29,217.6
sh688301,奕瑞科技,2023-11-10,214.31,215.35,211.38,214.75,214.4,337401.0,71871300.0,21854708709.25,21854708709.25,607497288.52,340322268.39,4353024236.49,7511348212.0,3158323975.51,116093504.64000002,5810.34,6145.85,678.68,434.73,579.05,606.55,119.06,0.0,,,Y,,,,医药生物,医疗器械,医疗设备,213.42,211.5,212.35
sh688301,奕瑞科技,2023-11-13,214.33,221.39,211.33,220.95,214.75,389631.0,84696015.0,22485671195.85,22485671195.85,607497288.52,340322268.39,4353024236.49,7511348212.0,3158323975.51,116093504.64000002,5207.39,6018.97,1958.96,1941.1,449.83,509.53,853.43,0.0,,,Y,,,,医药生物,医疗器械,医疗设备,212.2,212.45,211.96
sh688301,奕瑞科技,2023-11-14,220.46,225.59,219.19,225.05,220.95,265106.0,59195813.0,22902920582.15,22902920582.15,607497288.52,340322268.39,4353024236.49,7511348212.0,3158323975.51,116093504.64000002,4501.44,4928.05,730.61,685.23,516.98,306.31,170.54,0.0,,,Y,,,,医药生物,医疗器械,医疗设备,222.3,221.68,220.35
sh688301,奕瑞科技,2023-11-15,225.88,227.96,221.77,223.11,225.05,218512.0,48925875.0,22705490384.73,22705490384.73,607497288.52,340322268.39,4353024236.49,7511348212.0,3158323975.51,116093504.64000002,3827.82,3612.25,645.28,675.77,380.99,415.76,0.0,150.31,,,Y,,,,医药生物,医疗器械,医疗设备,225.82,227.49,224.41
sh688301,奕瑞科技,2023-11-16,223.66,225.88,220.17,224.09,223.11,254341.0,56842390.0,22805223164.87,22805223164.87,607497288.52,340322268.39,4353024236.49,7511348212.0,3158323975.51,116093504.64000002,4312.16,4356.06,817.84,1034.87,415.38,293.31,138.86,0.0,,,Y,,,,医药生物,医疗器械,医疗设备,222.7,220.83,222.62
sh688301,奕瑞科技,2023-11-17,223.01,225.42,221.0,224.99,224.09,308343.0,68995944.0,22896814493.570004,22896814493.570004,607497288.52,340322268.39,4353024236.49,7511348212.0,3158323975.51,116093504.64000002,5405.79,5250.33,615.32,1177.62,510.67,471.65,367.82,0.0,,,Y,,,,医药生物,医疗器械,医疗设备,224.13,222.56,223.4
sh688301,奕瑞科技,2023-11-20,225.0,241.95,225.0,232.2,224.99,864672.0,201666549.0,23630562804.6,23630562804.6,607497288.52,340322268.39,4353024236.49,7511348212.0,3158323975.51,116093504.64000002,11593.7,14823.99,5254.59,3862.47,1228.82,1051.71,2089.55,428.48,,,Y,,,,医药生物,医疗器械,医疗设备,228.7,239.36,235.51
sh688301,奕瑞科技,2023-11-21,236.5,253.0,234.0,236.69,232.2,2055037.0,502127102.0,24087501766.67,24087501766.67,607497288.52,340322268.39,4353024236.49,7511348212.0,3158323975.51,116093504.64000002,25723.9,26214.95,13461.13,14552.31,2164.58,1474.48,8863.1,7970.96,,,Y,,,,医药生物,医疗器械,医疗设备,236.96,241.33,241.25
sh688301,奕瑞科技,2023-11-22,234.0,236.13,227.01,229.8,236.69,1076484.0,248747649.0,23386319261.4,23386319261.4,607497288.52,340322268.39,4353024236.49,7511348212.0,3158323975.51,116093504.64000002,16478.44,14243.69,5033.21,4980.54,1186.45,1003.47,2176.67,4647.06,,,Y,,,,医药生物,医疗器械,医疗设备,229.42,229.6,230.9
sh688301,奕瑞科技,2023-11-23,229.8,229.8,222.02,227.39,229.8,675669.0,152307545.0,23141058036.77,23141058036.77,607497288.52,340322268.39,4353024236.49,7511348212.0,3158323975.51,116093504.64000002,10324.39,9867.99,2881.68,2530.13,848.68,871.25,1176.01,1961.38,,,Y,,,,医药生物,医疗器械,医疗设备,227.45,225.4,224.98
sh688301,奕瑞科技,2023-11-24,226.91,227.5,223.06,224.57,227.39,417582.0,93753535.0,22854071873.51,22854071873.51,607497288.52,340322268.39,4353024236.49,7511348212.0,3158323975.51,116093504.64000002,5659.67,5783.96,2713.99,1126.75,331.79,343.52,669.9,2121.13,,,Y,,,,医药生物,医疗器械,医疗设备,224.12,223.06,223.52
sh688301,奕瑞科技,2023-11-27,226.14,226.14,215.06,220.83,224.57,943462.0,207350087.0,22473459018.69,22473459018.69,607497288.52,340322268.39,4353024236.49,7511348212.0,3158323975.51,116093504.64000002,13161.87,13688.94,4002.57,4300.32,1054.74,1213.8,2515.82,1531.94,,,Y,,,,医药生物,医疗器械,医疗设备,220.38,220.05,225.13
sh688301,奕瑞科技,2023-11-28,219.95,225.5,216.02,224.88,220.83,607667.0,133903262.0,22885619997.840004,22885619997.840004,607497288.52,340322268.39,4353024236.49,7511348212.0,3158323975.51,116093504.64000002,10074.47,8911.97,2348.32,3296.27,854.7,642.31,112.83,539.78,,,Y,,,,医药生物,医疗器械,医疗设备,217.15,218.27,218.54
sh688301,奕瑞科技,2023-11-29,222.97,226.0,219.22,220.97,224.88,669788.0,148805485.0,22487706558.710003,22487706558.710003,607497288.52,340322268.39,4353024236.49,7511348212.0,3158323975.51,116093504.64000002,10001.68,8725.56,2887.83,4788.91,785.82,674.38,1205.22,691.7,,,Y,,,,医药生物,医疗器械,医疗设备,221.4,224.59,221.33
sh688301,奕瑞科技,2023-11-30,220.56,221.6,215.44,217.8,220.97,594940.0,129353233.0,22165101545.4,22165101545.4,607497288.52,340322268.39,4353024236.49,7511348212.0,3158323975.51,116093504.64000002,9339.9,8035.25,2459.14,3285.28,655.42,672.36,480.87,942.43,,,Y,,,,医药生物,医疗器械,医疗设备,220.06,220.51,217.12
sh688301,奕瑞科技,2023-12-01,217.91,218.43,212.59,214.39,217.8,505449.0,108593027.0,21818072177.77,21818072177.77,607497288.52,340322268.39,4353024236.49,7511348212.0,3158323975.51,116093504.64000002,8539.12,8215.18,1376.21,1338.58,879.54,755.69,64.43,549.86,,,Y,,,,医药生物,医疗器械,医疗设备,216.39,216.86,215.85
sh688301,奕瑞科技,2023-12-04,216.2,225.0,212.29,224.38,214.39,789593.0,175196602.0,22834736375.1,22834736375.1,607497288.52,340322268.39,4353024236.49,7511348212.0,3158323975.51,116093504.64000002,12187.13,12289.66,3613.6,3189.66,1285.29,1010.45,433.63,1029.89,,,Y,,,,医药生物,医疗器械,医疗设备,213.99,218.8,221.97
sh688301,奕瑞科技,2023-12-05,222.8,226.5,219.26,222.03,224.38,542782.0,121240504.0,22634038606.59,22634038606.59,607497288.52,340322268.39,4353024236.49,7511348212.0,3158323975.51,116093504.64000002,8490.65,8584.29,2839.65,2576.59,544.24,842.43,249.51,120.74,,,Y,,,,医药生物,医疗器械,医疗设备,223.85,221.65,221.98
sh688301,奕瑞科技,2023-12-06,221.42,224.39,216.0,220.86,222.03,545048.0,120265839.0,22514767223.58,22514767223.58,607497288.52,340322268.39,4353024236.49,7511348212.0,3158323975.51,116093504.64000002,9683.03,9203.47,1444.65,1482.27,787.26,1126.38,111.65,214.47,,,Y,,,,医药生物,医疗器械,医疗设备,220.31,221.29,219.21
sh688301,奕瑞科技,2023-12-07,221.08,229.51,219.0,222.77,220.86,625866.0,139657682.0,22709475207.81,22709475207.81,607497288.52,340322268.39,4353024236.49,7511348212.0,3158323975.51,116093504.64000002,9946.98,10883.31,1979.26,1538.7,776.37,1003.88,1263.16,539.88,,,Y,,,,医药生物,医疗器械,医疗设备,227.41,224.0,222.7
sh688301,奕瑞科技,2023-12-08,225.01,245.98,225.01,245.0,222.77,1830658.0,433442277.0,24975631485.0,24975631485.0,607497288.52,340322268.39,4353024236.49,7511348212.0,3158323975.51,116093504.64000002,23517.47,28175.19,10549.14,7887.99,2124.78,2007.67,7152.84,5273.38,,,Y,,,,医药生物,医疗器械,医疗设备,228.07,232.83,228.0
sh688301,奕瑞科技,2023-12-11,242.24,253.59,233.3,248.5,245.0,1545017.0,376180201.0,25332426220.5,25332426220.5,607497288.52,340322268.39,4353024236.49,7511348212.0,3158323975.51,116093504.64000002,23565.2,22671.76,9135.72,8897.64,1813.98,2079.42,3103.11,3969.2,,,Y,,,,医药生物,医疗器械,医疗设备,242.53,244.2,244.01
sh688301,奕瑞科技,2023-12-12,248.03,259.8,245.0,252.64,248.5,1139242.0,286592147.0,25754463421.92,25754463421.92,607497288.52,340322268.39,4353024236.49,7511348212.0,3158323975.51,116093504.64000002,18186.79,20959.74,8028.16,5485.08,1551.4,1420.63,892.87,793.76,,,Y,,,,医药生物,医疗器械,医疗设备,249.23,251.5,256.35
sh688301,奕瑞科技,2023-12-13,251.05,267.98,248.0,261.25,252.64,1559088.0,406961843.0,26632178471.25,26632178471.25,607497288.52,340322268.39,4353024236.49,7511348212.0,3158323975.51,116093504.64000002,27571.02,25175.68,8481.29,9833.81,2691.54,1831.3,1952.34,3855.39,,,Y,,,,医药生物,医疗器械,医疗设备,252.98,257.99,256.81
sh688301,奕瑞科技,2023-12-14,262.0,275.98,260.37,261.26,261.25,1385155.0,371039358.0,26633197884.780003,26633197884.780003,607497288.52,340322268.39,4353024236.49,7511348212.0,3158323975.51,116093504.64000002,22667.89,21177.29,11451.74,10893.93,1370.61,1386.03,1613.7,3646.69,,,Y,,,,医药生物,医疗器械,医疗设备,269.94,270.39,273.68
sh688301,奕瑞科技,2023-12-15,261.25,263.97,247.5,253.12,261.26,1303146.0,328789950.0,25803395271.36,25803395271.36,607497288.52,340322268.39,4353024236.49,7511348212.0,3158323975.51,116093504.64000002,23779.15,23537.12,6759.62,5651.74,1593.71,1784.43,746.52,1905.71,,,Y,,,,医药生物,医疗器械,医疗设备,258.0,253.0,253.68
sh688301,奕瑞科技,2023-12-18,254.99,274.3,253.68,268.17,253.12,2149988.0,574005908.0,27337612634.01,27337612634.01,607497288.52,340322268.39,4353024236.49,7511348212.0,3158323975.51,116093504.64000002,31051.65,39392.66,15687.28,12551.64,2201.08,2406.58,8460.59,3049.71,,,Y,,,,医药生物,医疗器械,医疗设备,260.45,265.94,268.61
sh688301,奕瑞科技,2023-12-19,266.67,268.29,258.2,265.6,268.17,1316339.0,345866210.0,27075635574.4,27075635574.4,607497288.52,340322268.39,4353024236.49,7511348212.0,3158323975.51,116093504.64000002,21437.63,25752.76,7483.14,5220.88,1425.24,1933.66,4240.61,1679.32,,,Y,,,,医药生物,医疗器械,医疗设备,260.91,262.69,261.7
sh688301,奕瑞科技,2023-12-20,265.0,280.0,261.01,275.05,265.6,1480217.0,405176359.0,28038981794.95,28038981794.95,607497288.52,340322268.39,4353024236.49,7511348212.0,3158323975.51,116093504.64000002,24989.03,26044.9,10638.71,11169.13,1470.53,1480.78,3419.37,1822.83,,,Y,,,,医药生物,医疗器械,医疗设备,267.4,275.01,273.61
sh688301,奕瑞科技,2023-12-21,274.0,286.42,262.19,275.05,275.05,1509595.0,410238013.0,28038981794.95,28038981794.95,607497288.52,340322268.39,4353024236.49,7511348212.0,3158323975.51,116093504.64000002,24297.13,24409.02,11007.86,10794.52,1615.07,1501.16,4103.74,4319.11,,,Y,,,,医药生物,医疗器械,医疗设备,267.06,267.23,266.47
sh688301,奕瑞科技,2023-12-22,270.9,275.75,261.84,267.95,275.05,982639.0,263008897.0,27315197862.05,27315197862.05,607497288.52,340322268.39,4353024236.49,7511348212.0,3158323975.51,116093504.64000002,17057.86,17231.63,7457.06,5505.37,1078.52,1036.92,707.45,2526.96,,,Y,,,,医药生物,医疗器械,医疗设备,271.1,268.47,272.17
sh688301,奕瑞科技,2023-12-25,267.93,283.0,266.07,277.0,267.95,1471980.0,405813123.0,28237767523.0,28237767523.0,607497288.52,340322268.39,4353024236.49,7511348212.0,3158323975.51,116093504.64000002,24794.19,28400.18,8677.14,7369.61,2063.51,1760.92,5046.47,3050.6,,,Y,,,,医药生物,医疗器械,医疗设备,276.95,280.5,268.9
sh688301,奕瑞科技,2023-12-26,274.21,285.58,270.6,277.49,277.0,988194.0,275008927.0,28287718808.51,28287718808.51,607497288.52,340322268.39,4353024236.49,7511348212.0,3158323975.51,116093504.64000002,16067.33,18974.14,6314.16,5519.93,1180.36,1073.67,3939.04,1933.15,,,Y,,,,医药生物,医疗器械,医疗设备,281.36,280.38,280.58
sh688301,奕瑞科技,2023-12-27,277.54,300.04,275.06,299.1,277.49,1712629.0,498293955.0,30490672440.9,30490672440.9,607497288.52,340322268.39,4353024236.49,7511348212.0,3158323975.51,116093504.64000002,31708.01,31798.01,10640.32,10809.87,2396.13,1809.72,5084.93,5411.79,,,Y,,,,医药生物,医疗器械,医疗设备,280.0,285.7,286.03
sh688301,奕瑞科技,2023-12-28,305.0,318.2,290.03,312.0,299.1,2235878.0,681866650.0,31805716488.0,31805716488.0,607497288.52,340322268.39,4353024236.49,7511348212.0,3158323975.51,116093504.64000002,40342.52,37224.39,16338.24,18485.78,2261.07,2076.63,9244.84,10399.86,,,Y,,,,医药生物,医疗器械,医疗设备,316.0,307.98,299.1
sh688301,奕瑞科技,2023-12-29,309.25,338.89,304.0,325.26,312.0,2178628.0,704686877.0,33157459438.74,33157459438.74,607497288.52,340322268.39,4353024236.49,7511348212.0,3158323975.51,116093504.64000002,34333.7,40199.09,21090.6,20152.11,2211.05,1407.98,12833.34,8709.51,,,Y,,,,医药生物,医疗器械,医疗设备,305.96,317.28,319.75
sh688301,奕瑞科技,2024-01-02,326.0,332.0,303.93,312.48,325.26,2347001.0,734535920.0,31854648359.52,31854648359.52,607497288.52,340322268.39,4353024236.49,7511348212.0,3158323975.51,116093504.64000002,46090.66,49926.79,17533.49,17928.34,2465.16,2422.61,7364.29,3175.85,,,Y,,,,医药生物,医疗器械,医疗设备,329.37,320.29,316.0
sh688301,奕瑞科技,2024-01-03,310.0,310.0,294.16,298.28,312.48,1974122.0,590550243.0,30422605371.16,30422605371.16,607497288.52,340322268.39,4353024236.49,7511348212.0,3158323975.51,116093504.64000002,41044.48,37974.6,12702.14,14135.55,2393.74,2249.35,2914.66,4695.53,,,Y,,,,医药生物,医疗器械,医疗设备,304.51,302.59,299.11
sh688301,奕瑞科技,2024-01-04,301.1,306.79,295.49,305.68,298.28,1392681.0,420670446.0,31177356878.960003,31177356878.960003,607497288.52,340322268.39,4353024236.49,7511348212.0,3158323975.51,116093504.64000002,27294.74,29525.69,9495.01,8965.71,1658.12,1358.0,3619.18,2217.65,,,Y,,,,医药生物,医疗器械,医疗设备,304.8,301.52,301.0
sh688301,奕瑞科技,2024-01-05,304.81,309.39,285.01,290.45,305.68,1674970.0,491754936.0,29623996681.15,29623996681.15,607497288.52,340322268.39,4353024236.49,7511348212.0,3158323975.51,116093504.64000002,34475.99,28758.51,8442.61,7779.91,1805.67,2105.92,4451.22,10531.16,,,Y,,,,医药生物,医疗器械,医疗设备,304.2,302.7,298.69
sh688301,奕瑞科技,2024-01-08,289.28,291.53,283.82,287.67,290.45,761855.0,219183958.0,29340454898.49,29340454898.49,607497288.52,340322268.39,4353024236.49,7511348212.0,3158323975.51,116093504.64000002,13997.39,16088.97,3771.52,2777.37,656.03,786.53,3406.04,2178.11,,,Y,,,,医药生物,医疗器械,医疗设备,289.44,288.03,288.14
sh688301,奕瑞科技,2024-01-09,287.0,303.14,287.0,297.51,287.67,1261918.0,375772503.0,30344070416.97,30344070416.97,607497288.52,340322268.39,4353024236.49,7511348212.0,3158323975.51,116093504.64000002,21765.38,26517.94,9994.85,7431.05,1005.01,1070.04,4812.01,2558.23,,,Y,,,,医药生物,医疗器械,医疗设备,296.71,300.75,298.0
sh688301,奕瑞科技,2024-01-10,293.5,295.9,282.57,284.99,297.51,904641.0,260806033.0,29067112460.53,29067112460.53,607497288.52,340322268.39,4353024236.49,7511348212.0,3158323975.51,116093504.64000002,20869.56,17313.32,3983.1,5148.34,788.86,1082.59,439.08,2536.35,,,Y,,,,医药生物,医疗器械,医疗设备,294.03,291.17,289.08
sh688301,奕瑞科技,2024-01-11,287.34,291.39,283.24,289.3,284.99,696058.0,200639347.0,29506704217.1,29506704217.1,607497288.52,340322268.39,4353024236.49,7511348212.0,3158323975.51,116093504.64000002,11985.19,15688.04,3396.51,3290.28,731.47,747.44,3950.76,338.17,,,Y,,,,医药生物,医疗器械,医疗设备,285.14,283.74,287.8
sh688301,奕瑞科技,2024-01-12,288.16,293.4,282.11,284.03,289.3,547856.0,156786213.0,28969198751.41,28969198751.41,607497288.52,340322268.39,4353024236.49,7511348212.0,3158323975.51,116093504.64000002,11821.74,9758.29,2570.3,3612.98,564.45,737.85,722.13,1569.5,,,Y,,,,医药生物,医疗器械,医疗设备,289.08,288.56,286.4
sh688301,奕瑞科技,2024-01-15,285.28,290.64,283.11,284.55,284.03,651907.0,187046419.0,29022235343.85,29022235343.85,607497288.52,340322268.39,4353024236.49,7511348212.0,3158323975.51,116093504.64000002,12325.75,14337.75,3741.04,2596.12,699.54,888.33,1938.31,882.44,,,Y,,,,医药生物,医疗器械,医疗设备,288.67,288.4,286.8
sh688301,奕瑞科技,2024-01-16,285.05,287.18,278.0,283.92,284.55,561027.0,158233482.0,28957979472.24,28957979472.24,607497288.52,340322268.39,4353024236.49,7511348212.0,3158323975.51,116093504.64000002,11874.71,11685.03,2137.88,3008.5,592.76,802.76,1217.99,327.06,,,Y,,,,医药生物,医疗器械,医疗设备,286.23,285.47,286.74
sh688301,奕瑞科技,2024-01-17,282.97,284.96,269.45,270.0,283.92,937365.0,256954256.0,27538230690.0,27538230690.0,607497288.52,340322268.39,4353024236.49,7511348212.0,3158323975.51,116093504.64000002,20226.14,17922.98,3655.84,3241.83,1412.4,1841.25,401.05,2689.37,,,Y,,,,医药生物,医疗器械,医疗设备,284.38,281.05,279.8
sh688301,奕瑞科技,2024-01-18,268.49,276.28,259.22,271.0,270.0,959820.0,255909696.0,27640224137.0,27640224137.0,607497288.52,340322268.39,4353024236.49,7511348212.0,3158323975.51,116093504.64000002,18024.65,18355.03,4528.86,4370.44,1207.46,1370.16,1830.0,1495.33,,,Y,,,,医药生物,医疗器械,医疗设备,264.8,265.29,266.35
sh688301,奕瑞科技,2024-01-19,270.2,283.64,268.23,269.38,271.0,825437.0,226344347.0,27474994752.86,27474994752.86,607497288.52,340322268.39,4353024236.49,7511348212.0,3158323975.51,116093504.64000002,16633.16,17161.19,3095.91,2986.6,1027.9,1280.24,1877.46,1206.41,,,Y,,,,医药生物,医疗器械,医疗设备,282.45,278.54,272.13
sh688301,奕瑞科技,2024-01-22,266.9,280.81,258.9,261.86,269.38,1233153.0,328564966.0,26708004031.42,26708004031.42,607497288.52,340322268.39,4353024236.49,7511348212.0,3158323975.51,116093504.64000002,22292.41,21190.39,8078.29,6157.37,1167.41,1888.99,1318.39,3619.75,,,Y,,,,医药生物,医疗器械,医疗设备,278.8,269.98,265.01
sh688301,奕瑞科技,2024-01-23,257.0,267.94,250.76,253.88,261.86,1202267.0,308591318.0,25894096324.36,25894096324.36,607497288.52,340322268.39,4353024236.49,7511348212.0,3158323975.51,116093504.64000002,22579.38,19998.78,5571.7,4114.26,1335.78,1432.98,1372.27,5313.11,,,Y,,,,医药生物,医疗器械,医疗设备,262.1,265.0,257.8
sh688301,奕瑞科技,2024-01-24,255.63,257.6,246.0,254.2,253.88,785603.0,197862790.0,25926734227.4,25926734227.4,607497288.52,340322268.39,4353024236.49,7511348212.0,3158323975.51,116093504.64000002,11562.22,13162.52,5211.35,4282.7,705.58,944.08,2307.12,1396.97,,,Y,,,,医药生物,医疗器械,医疗设备,252.6,254.85,251.81
sh688301,奕瑞科技,2024-01-25,253.73,257.65,247.1,255.74,254.2,1054358.0,266271589.0,26083804135.78,26083804135.78,607497288.52,340322268.39,4353024236.49,7511348212.0,3158323975.51,116093504.64000002,17824.65,19429.16,4737.65,4603.17,1280.9,1677.04,2783.96,917.79,,,Y,,,,医药生物,医疗器械,医疗设备,251.13,250.5,251.01
sh688301,奕瑞科技,2024-01-26,255.46,259.0,241.0,242.81,255.74,961215.0,237506003.0,24765028866.07,24765028866.07,607497288.52,340322268.39,4353024236.49,7511348212.0,3158323975.51,116093504.64000002,17564.9,16292.38,4152.9,4429.19,919.91,1412.29,1112.9,1616.74,,,Y,,,,医药生物,医疗器械,医疗设备,254.18,248.9,247.71
sh688301,奕瑞科技,2024-01-29,243.5,245.0,228.78,231.2,242.81,1011302.0,237899863.0,23580884946.4,23580884946.4,607497288.52,340322268.39,4353024236.49,7511348212.0,3158323975.51,116093504.64000002,17823.73,14792.11,3837.82,5499.89,1135.89,1379.46,992.54,2118.52,,,Y,,,,医药生物,医疗器械,医疗设备,243.83,241.34,243.0
sh688301,奕瑞科技,2024-01-30,230.36,230.36,215.84,217.23,231.2,1302762.0,289272409.0,22156036491.81,22156036491.81,607497288.52,340322268.39,4353024236.49,7511348212.0,3158323975.51,116093504.64000002,20631.11,17948.71,4077.27,5806.55,1840.15,2049.44,2378.7,3122.53,,,Y,,,,医药生物,医疗器械,医疗设备,222.54,226.19,226.56
sh688301,奕瑞科技,2024-01-31,216.49,217.99,207.65,214.42,217.23,1203246.0,257871488.0,21869434905.74,21869434905.74,607497288.52,340322268.39,4353024236.49,7511348212.0,3158323975.51,116093504.64000002,20870.91,19745.25,2664.12,2835.05,1883.61,1792.74,368.51,1414.1,,,Y,,,,医药生物,医疗器械,医疗设备,215.33,214.59,213.55
sh688301,奕瑞科技,2024-02-01,211.22,224.0,210.92,215.01,214.42,950872.0,207223436.0,21929611039.47,21929611039.47,607497288.52,340322268.39,4353024236.49,7511348212.0,3158323975.51,116093504.64000002,16403.12,16292.34,2265.07,1541.11,1423.98,1494.02,630.18,1394.87,,,Y,,,,医药生物,医疗器械,医疗设备,213.94,212.19,212.65
sh688301,奕瑞科技,2024-02-02,214.68,226.0,214.02,219.9,215.01,1633601.0,360687104.0,22429565146.8,22429565146.8,607497288.52,340322268.39,4353024236.49,7511348212.0,3158323975.51,116093504.64000002,27082.72,27637.77,4722.55,4207.23,2929.77,2871.1,1333.67,1352.6,,,Y,,,,医药生物,医疗器械,医疗设备,221.38,222.26,221.9
sh688301,奕瑞科技,2024-02-05,219.0,243.0,215.56,240.0,219.9,1753661.0,401106609.0,24479743680.0,24479743680.0,607497288.52,340322268.39,4353024236.49,7511348212.0,3158323975.51,116093504.64000002,26645.75,29284.72,5457.03,7035.72,2783.74,2703.17,5224.14,1087.05,,,Y,,,,医药生物,医疗器械,医疗设备,224.02,226.2,226.7
sh688301,奕瑞科技,2024-02-06,232.8,263.99,228.16,257.0,240.0,1593664.0,389842866.0,26213725524.0,26213725524.0,607497288.52,340322268.39,4353024236.49,7511348212.0,3158323975.51,116093504.64000002,28404.09,26901.65,5564.66,7545.42,2229.09,2263.39,2786.45,2273.83,,,Y,,,,医药生物,医疗器械,医疗设备,231.58,232.43,241.7
sh688301,奕瑞科技,2024-02-07,255.92,281.62,252.0,277.89,257.0,1536195.0,416809575.0,28344483213.48,28344483213.48,607497288.52,340322268.39,4353024236.49,7511348212.0,3158323975.51,116093504.64000002,31431.38,28958.5,5933.95,8591.09,2575.4,2768.87,1740.23,1362.5,,,Y,,,,医药生物,医疗器械,医疗设备,261.59,268.44,273.73
sh688301,奕瑞科技,2024-02-08,277.86,281.99,254.21,265.98,277.89,1579628.0,423983187.0,27129675933.36,27129675933.36,607497288.52,340322268.39,4353024236.49,7511348212.0,3158323975.51,116093504.64000002,28464.01,29895.44,7209.01,7586.78,2291.26,2274.32,4434.04,2641.78,,,Y,,,,医药生物,医疗器械,医疗设备,279.16,274.25,272.67
sh688301,奕瑞科技,2024-02-19,260.33,260.33,235.07,243.27,265.98,1698093.0,411109032.0,24813280187.64,24813280187.64,607497288.52,340322268.39,4353024236.49,7511348212.0,3158323975.51,116093504.64000002,27603.38,30884.1,8021.6,6014.24,2529.52,2840.76,2956.41,1371.81,,,Y,,,,医药生物,医疗器械,医疗设备,242.33,245.85,246.13
sh688301,奕瑞科技,2024-02-20,239.07,250.5,236.89,247.02,243.27,950394.0,233908383.0,25195776182.64,25195776182.64,607497288.52,340322268.39,4353024236.49,7511348212.0,3158323975.51,116093504.64000002,15371.19,15973.65,4506.94,4707.37,1357.26,1253.18,2155.45,1456.63,,,Y,,,,医药生物,医疗器械,医疗设备,239.81,247.28,248.28
sh688301,奕瑞科技,2024-02-21,245.13,255.43,238.85,250.0,247.02,1341655.0,334613541.0,25499733000.0,25499733000.0,607497288.52,340322268.39,4353024236.49,7511348212.0,3158323975.51,116093504.64000002,20429.94,21171.11,7673.84,6373.52,1884.62,1946.82,3472.95,3969.9,,,Y,,,,医药生物,医疗器械,医疗设备,241.41,242.0,250.42
sh688301,奕瑞科技,2024-02-22,248.03,250.55,242.0,244.17,250.0,653460.0,159753757.0,24905079226.44,24905079226.44,607497288.52,340322268.39,4353024236.49,7511348212.0,3158323975.51,116093504.64000002,11713.16,11727.95,2514.7,2077.85,828.71,1478.19,918.8,691.38,,,Y,,,,医药生物,医疗器械,医疗设备,247.55,244.23,246.6
sh688301,奕瑞科技,2024-02-23,245.88,266.65,240.03,264.0,244.17,1151556.0,292388927.0,26927718048.0,26927718048.0,607497288.52,340322268.39,4353024236.49,7511348212.0,3158323975.51,116093504.64000002,19758.77,19227.58,5637.91,6703.93,1815.4,1384.62,2026.81,1922.75,,,Y,,,,医药生物,医疗器械,医疗设备,244.0,245.06,247.45
sh688301,奕瑞科技,2024-02-26,267.0,267.0,251.13,260.7,264.0,858212.0,221839962.0,26591121572.4,26591121572.4,607497288.52,340322268.39,4353024236.49,7511348212.0,3158323975.51,116093504.64000002,14041.14,15046.61,5047.42,4010.97,1001.45,1357.86,2093.98,1768.55,,,Y,,,,医药生物,医疗器械,医疗设备,258.03,255.2,254.44
sh688301,奕瑞科技,2024-02-27,258.0,268.0,256.08,258.0,260.7,886825.0,231474439.0,26315724456.000004,26315724456.000004,607497288.52,340322268.39,4353024236.49,7511348212.0,3158323975.51,116093504.64000002,15913.13,15809.3,4330.26,4424.64,1176.35,1539.06,1727.71,1374.45,,,Y,,,,医药生物,医疗器械,医疗设备,262.5,261.78,260.71
sh688301,奕瑞科技,2024-02-28,258.92,259.98,245.0,245.6,258.0,1321165.0,331039592.0,25050937699.2,25050937699.2,607497288.52,340322268.39,4353024236.49,7511348212.0,3158323975.51,116093504.64000002,22683.63,22058.75,5415.95,4750.42,1993.07,2436.24,3011.31,3858.55,,,Y,,,,医药生物,医疗器械,医疗设备,252.0,255.55,255.78
sh688301,奕瑞科技,2024-02-29,246.78,248.01,240.58,247.57,245.6,978943.0,238863929.0,25251875595.24,25251875595.24,607497288.52,340322268.39,4353024236.49,7511348212.0,3158323975.51,116093504.64000002,17526.27,18641.97,2770.19,2566.11,1913.92,2235.96,1676.02,442.35,,,Y,,,,医药生物,医疗器械,医疗设备,242.89,242.5,242.8
sh688301,奕瑞科技,2024-03-01,246.1,247.0,236.1,237.29,247.57,1332123.0,317950839.0,24203326574.280003,24203326574.280003,607497288.52,340322268.39,4353024236.49,7511348212.0,3158323975.51,116093504.64000002,21316.93,20095.15,6985.1,7491.63,1431.06,2328.54,2061.99,1879.77,,,Y,,,,医药生物,医疗器械,医疗设备,244.43,240.87,239.0
sh688301,奕瑞科技,2024-03-04,240.0,240.0,226.21,235.66,237.29,1519449.0,354146110.0,24037068315.12,24037068315.12,607497288.52,340322268.39,4353024236.49,7511348212.0,3158323975.51,116093504.64000002,25148.32,22837.83,5699.14,8019.05,2318.73,2633.02,2248.42,1924.71,,,Y,,,,医药生物,医疗器械,医疗设备,237.49,235.41,233.46
sh688301,奕瑞科技,2024-03-05,234.0,241.0,231.65,235.0,235.66,924263.0,217540452.0,23969749020.0,23969749020.0,607497288.52,340322268.39,4353024236.49,7511348212.0,3158323975.51,116093504.64000002,15328.32,16648.87,2683.56,3270.21,1791.66,1360.96,1950.51,474.01,,,Y,,,,医药生物,医疗器械,医疗设备,232.25,234.75,233.54
sh688301,奕瑞科技,2024-03-06,234.42,236.3,225.11,229.93,235.0,980006.0,225248053.0,23452614434.76,23452614434.76,607497288.52,340322268.39,4353024236.49,7511348212.0,3158323975.51,116093504.64000002,16110.25,16062.4,3363.29,3483.07,1286.09,1950.29,1765.18,1029.04,,,Y,,,,医药生物,医疗器械,医疗设备,232.01,230.55,228.59
sh688301,奕瑞科技,2024-03-07,230.2,230.56,220.11,220.51,229.93,1100176.0,246570887.0,22491784495.32,22491784495.32,607497288.52,340322268.39,4353024236.49,7511348212.0,3158323975.51,116093504.64000002,16371.01,14593.28,4602.43,3986.76,1191.69,1800.26,2491.96,4276.78,,,Y,,,,医药生物,医疗器械,医疗设备,230.04,229.0,228.52
sh688301,奕瑞科技,2024-03-08,220.46,224.8,217.06,218.97,220.51,883238.0,194470032.0,22334706140.04,22334706140.04,607497288.52,340322268.39,4353024236.49,7511348212.0,3158323975.51,116093504.64000002,14130.02,11612.22,3367.25,3740.98,1232.01,1477.69,717.72,2616.11,,,Y,,,,医药生物,医疗器械,医疗设备,222.0,222.64,223.0
sh688301,奕瑞科技,2024-03-11,218.8,236.96,215.92,236.0,218.97,1489616.0,341442664.0,24071747952.0,24071747952.0,607497288.52,340322268.39,4353024236.49,7511348212.0,3158323975.51,116093504.64000002,20964.56,23196.05,8719.77,7056.86,2034.49,1971.84,2425.44,1919.51,,,Y,,,,医药生物,医疗器械,医疗设备,222.55,219.08,223.62
sh688301,奕瑞科技,2024-03-12,236.0,243.09,235.36,237.0,236.0,939172.0,224332769.0,24173746884.0,24173746884.0,607497288.52,340322268.39,4353024236.49,7511348212.0,3158323975.51,116093504.64000002,13665.75,14664.74,5866.57,4172.78,1052.51,1395.43,1848.45,2200.33,,,Y,,,,医药生物,医疗器械,医疗设备,235.49,236.99,240.77
sh688301,奕瑞科技,2024-03-13,240.9,240.99,232.12,235.11,237.0,729489.0,171770963.0,23980968902.52,23980968902.52,607497288.52,340322268.39,4353024236.49,7511348212.0,3158323975.51,116093504.64000002,12348.93,11265.15,3227.13,2788.63,895.97,1051.14,705.07,2072.18,,,Y,,,,医药生物,医疗器械,医疗设备,236.01,234.69,238.14
sh688301,奕瑞科技,2024-03-14,235.01,242.88,235.01,236.82,235.11,817449.0,194605886.0,24155387076.24,24155387076.24,607497288.52,340322268.39,4353024236.49,7511348212.0,3158323975.51,116093504.64000002,14009.31,13334.16,3719.46,3456.31,1277.17,1443.39,454.65,1226.73,,,Y,,,,医药生物,医疗器械,医疗设备,241.0,240.11,237.64
sh688301,奕瑞科技,2024-03-15,235.0,241.09,233.63,238.54,236.82,665997.0,157878275.0,24330825239.280003,24330825239.280003,607497288.52,340322268.39,4353024236.49,7511348212.0,3158323975.51,116093504.64000002,12640.94,11344.69,2071.91,2720.97,1074.99,903.8,0.0,818.36,,,Y,,,,医药生物,医疗器械,医疗设备,240.03,238.85,236.55
sh688301,奕瑞科技,2024-03-18,237.45,238.49,233.33,237.99,238.54,922964.0,217216972.0,24274725826.68,24274725826.68,607497288.52,340322268.39,4353024236.49,7511348212.0,3158323975.51,116093504.64000002,12480.4,11881.7,5315.14,3122.6,876.65,1103.9,3049.51,5613.49,,,Y,,,,医药生物,医疗器械,医疗设备,235.85,234.46,234.41
sh688301,奕瑞科技,2024-03-19,236.3,254.45,232.01,249.88,237.99,1678643.0,412792370.0,25487493128.16,25487493128.16,607497288.52,340322268.39,4353024236.49,7511348212.0,3158323975.51,116093504.64000002,28249.62,25165.17,9749.65,9885.9,2051.54,1940.34,1228.42,4287.82,,,Y,,,,医药生物,医疗器械,医疗设备,237.09,233.0,234.79
sh688301,奕瑞科技,2024-03-20,246.11,253.78,243.55,250.1,249.88,631480.0,157184741.0,25509932893.2,25509932893.2,607497288.52,340322268.39,4353024236.49,7511348212.0,3158323975.51,116093504.64000002,11393.94,11244.85,2575.2,2613.09,845.88,1070.01,903.46,790.52,,,Y,,,,医药生物,医疗器械,医疗设备,246.29,245.21,246.93
sh688301,奕瑞科技,2024-03-21,252.5,252.5,240.15,242.83,250.1,954111.0,232688664.0,24768400657.56,24768400657.56,607497288.52,340322268.39,4353024236.49,7511348212.0,3158323975.51,116093504.64000002,16668.47,17504.05,3821.45,3205.5,1882.92,1828.46,896.03,730.85,,,Y,,,,医药生物,医疗器械,医疗设备,248.55,248.28,247.49
sh688301,奕瑞科技,2024-03-22,242.9,242.9,233.0,233.8,242.83,1035574.0,244593208.0,23847350301.6,23847350301.6,607497288.52,340322268.39,4353024236.49,7511348212.0,3158323975.51,116093504.64000002,18222.41,16981.21,3807.53,4311.87,1716.16,1902.76,713.23,1263.49,,,Y,,,,医药生物,医疗器械,医疗设备,239.26,239.08,238.4
sh688301,奕瑞科技,2024-03-25,233.79,235.49,226.98,231.26,233.8,803724.0,185526272.0,23588273014.32,23588273014.32,607497288.52,340322268.39,4353024236.49,7511348212.0,3158323975.51,116093504.64000002,13773.12,12488.76,2692.16,3442.09,1541.22,1332.4,546.13,1289.37,,,Y,,,,医药生物,医疗器械,医疗设备,232.09,233.6,230.47
sh688301,奕瑞科技,2024-03-26,231.14,233.39,225.38,226.41,231.26,542199.0,123560903.0,23093578194.12,23093578194.12,607497288.52,340322268.39,4353024236.49,7511348212.0,3158323975.51,116093504.64000002,9149.19,8679.84,1867.81,2717.64,1000.18,842.21,338.91,116.4,,,Y,,,,医药生物,医疗器械,医疗设备,232.12,228.65,228.4
sh688301,奕瑞科技,2024-03-27,227.49,228.88,219.9,220.59,226.41,505762.0,112608432.0,22499944409.88,22499944409.88,607497288.52,340322268.39,4353024236.49,7511348212.0,3158323975.51,116093504.64000002,8265.58,8141.67,2151.22,1816.74,609.21,838.4,234.84,464.04,,,Y,,,,医药生物,医疗器械,医疗设备,226.84,226.33,227.11
sh688301,奕瑞科技,2024-03-28,219.9,227.44,218.03,222.27,220.59,515314.0,115055306.0,22671302615.64,22671302615.64,607497288.52,340322268.39,4353024236.49,7511348212.0,3158323975.51,116093504.64000002,8923.29,8728.51,1661.72,1496.16,812.72,1042.67,107.8,238.19,,,Y,,,,医药生物,医疗器械,医疗设备,220.68,220.62,222.07
sh688301,奕瑞科技,2024-03-29,223.09,225.0,217.66,219.33,222.27,632786.0,139570186.0,22371425755.56,22371425755.56,607497288.52,340322268.39,4353024236.49,7511348212.0,3158323975.51,116093504.64000002,7915.05,7473.72,3389.36,3668.15,692.04,702.45,1960.57,2112.69,,,Y,,,,医药生物,医疗器械,医疗设备,221.03,224.37,221.39
sh688301,奕瑞科技,2024-04-01,220.57,224.71,208.5,224.68,219.33,1422394.0,306379751.0,22917120041.76,22917120041.76,607497288.52,340322268.39,4353024236.49,7511348212.0,3158323975.51,116093504.64000002,20400.73,20897.44,7179.03,7100.36,2080.76,1713.12,977.46,927.05,,,Y,,,,医药生物,医疗器械,医疗设备,222.16,218.6,215.12
sh688301,奕瑞科技,2024-04-02,223.08,229.89,222.5,228.66,224.68,649829.0,147213224.0,23323075791.12,23323075791.12,607497288.52,340322268.39,4353024236.49,7511348212.0,3158323975.51,116093504.64000002,9465.31,10207.94,3431.28,2397.8,978.85,796.09,845.88,1319.49,,,Y,,,,医药生物,医疗器械,医疗设备,223.37,224.65,225.85
sh688301,奕瑞科技,2024-04-03,226.91,227.3,216.17,217.0,228.66,715351.0,157635243.0,22133768244.0,22133768244.0,607497288.52,340322268.39,4353024236.49,7511348212.0,3158323975.51,116093504.64000002,9380.55,10697.52,5671.03,3055.9,528.68,1635.27,183.27,374.83,,,Y,,,,医药生物,医疗器械,医疗设备,224.82,222.5,221.23
sh688301,奕瑞科技,2024-04-08,216.17,220.5,211.02,214.51,217.0,609857.0,132248041.0,21879790903.32,21879790903.32,607497288.52,340322268.39,4353024236.49,7511348212.0,3158323975.51,116093504.64000002,9159.67,8615.01,2520.31,1638.22,872.15,1166.94,672.67,1804.64,,,Y,,,,医药生物,医疗器械,医疗设备,212.2,212.35,214.0
sh688301,奕瑞科技,2024-04-09,214.0,217.6,211.25,217.2,214.51,454166.0,97821710.0,22154168030.4,22154168030.4,607497288.52,340322268.39,4353024236.49,7511348212.0,3158323975.51,116093504.64000002,6360.42,6437.84,2860.92,1858.81,493.48,538.55,67.35,946.96,,,Y,,,,医药生物,医疗器械,医疗设备,214.7,212.49,213.55
sh688301,奕瑞科技,2024-04-10,217.2,217.78,211.2,211.5,217.2,456306.0,97241669.0,21572774118.0,21572774118.0,607497288.52,340322268.39,4353024236.49,7511348212.0,3158323975.51,116093504.64000002,6565.53,5891.7,2140.17,1858.19,480.52,649.58,537.94,1324.7,,,Y,,,,医药生物,医疗器械,医疗设备,216.79,214.54,213.98
sh688301,奕瑞科技,2024-04-11,211.5,212.53,202.93,208.0,211.5,1275423.0,263819139.0,21215777856.0,21215777856.0,607497288.52,340322268.39,4353024236.49,7511348212.0,3158323975.51,116093504.64000002,18182.71,15463.39,4736.2,6810.43,1920.29,1725.58,1542.71,2382.52,,,Y,,,,医药生物,医疗器械,医疗设备,210.34,211.25,210.65
sh688301,奕瑞科技,2024-04-12,208.0,209.38,203.5,203.6,208.0,332965.0,68652001.0,20766982555.2,20766982555.2,607497288.52,340322268.39,4353024236.49,7511348212.0,3158323975.51,116093504.64000002,5525.11,5509.34,880.87,672.68,459.22,683.17,0.0,0.0,,,Y,,,,医药生物,医疗器械,医疗设备,208.4,207.49,208.07
sh688301,奕瑞科技,2024-04-15,203.96,212.44,201.78,208.99,203.6,627150.0,130494089.0,21316756798.68,21316756798.68,607497288.52,340322268.39,4353024236.49,7511348212.0,3158323975.51,116093504.64000002,8251.28,8519.38,2664.01,2002.75,845.59,981.45,1288.52,1545.83,,,Y,,,,医药生物,医疗器械,医疗设备,206.26,206.18,204.96
sh688301,奕瑞科技,2024-04-16,205.3,211.75,190.0,191.36,208.99,1374001.0,271053200.0,19518515627.52,19518515627.52,607497288.52,340322268.39,4353024236.49,7511348212.0,3158323975.51,116093504.64000002,12799.66,14389.05,5224.77,4603.6,8980.89,7456.22,100.0,656.44,,,Y,,,,医药生物,医疗器械,医疗设备,205.85,204.73,201.9
sh688301,奕瑞科技,2024-04-17,191.42,200.71,191.42,198.21,191.36,1169928.0,229071226.0,20217208311.72,20217208311.72,607497288.52,340322268.39,4353024236.49,7511348212.0,3158323975.51,116093504.64000002,7205.49,9193.55,3885.93,2943.82,10778.92,9473.24,1036.78,1296.51,,,Y,,,,医药生物,医疗器械,医疗设备,195.01,192.72,192.56
sh688301,奕瑞科技,2024-04-18,197.86,198.3,191.0,194.09,198.21,651335.0,126775649.0,19796972711.88,19796972711.88,607497288.52,340322268.39,4353024236.49,7511348212.0,3158323975.51,116093504.64000002,3330.51,4101.98,1320.72,1414.48,7695.55,6843.32,330.79,317.78,,,Y,,,,医药生物,医疗器械,医疗设备,193.41,193.12,196.01
sh688301,奕瑞科技,2024-04-19,192.5,193.39,185.09,187.0,194.09,1053407.0,197379857.0,19073800284.0,19073800284.0,607497288.52,340322268.39,4353024236.49,7511348212.0,3158323975.51,116093504.64000002,6285.76,5708.62,3258.3,4314.97,9209.14,7543.03,984.78,2171.37,,,Y,,,,医药生物,医疗器械,医疗设备,191.16,189.72,190.0
sh688301,奕瑞科技,2024-04-22,187.93,194.99,184.16,192.6,187.0,810506.0,155465849.0,19644994303.2,19644994303.2,607497288.52,340322268.39,4353024236.49,7511348212.0,3158323975.51,116093504.64000002,4524.3,4708.29,1270.5,2339.19,9345.66,7731.76,406.12,767.34,,,Y,,,,医药生物,医疗器械,医疗设备,186.27,187.56,188.52
sh688301,奕瑞科技,2024-04-23,193.99,198.47,186.6,194.93,192.6,873874.0,168362425.0,19882651814.76,19882651814.76,607497288.52,340322268.39,4353024236.49,7511348212.0,3158323975.51,116093504.64000002,5950.54,5350.1,1841.98,2318.07,8851.64,8739.53,192.08,428.54,,,Y,,,,医药生物,医疗器械,医疗设备,190.9,187.9,186.6
sh688301,奕瑞科技,2024-04-24,192.52,196.0,191.58,194.02,194.93,362372.0,70244497.0,19789832786.64,19789832786.64,607497288.52,340322268.39,4353024236.49,7511348212.0,3158323975.51,116093504.64000002,2366.67,1812.58,650.54,433.17,3757.79,4778.7,249.44,0.0,,,Y,,,,医药生物,医疗器械,医疗设备,193.52,192.8,195.03
sh688301,奕瑞科技,2024-04-25,192.8,201.55,192.28,197.8,194.02,975638.0,193120583.0,20175388749.6,20175388749.6,607497288.52,340322268.39,4353024236.49,7511348212.0,3158323975.51,116093504.64000002,7408.0,7177.62,2066.68,2293.77,8989.51,9130.3,847.87,710.36,,,Y,,,,医药生物,医疗器械,医疗设备,194.09,194.55,194.11
sh688301,奕瑞科技,2024-04-26,198.4,200.0,192.0,192.86,197.8,1387263.0,271222786.0,19671514025.52,19671514025.52,607497288.52,340322268.39,4353024236.49,7511348212.0,3158323975.51,116093504.64000002,9588.92,7503.51,4095.09,3660.55,11626.87,14164.23,1811.4,1793.99,,,Y,,,,医药生物,医疗器械,医疗设备,198.84,196.0,196.97
sh688301,奕瑞科技,2024-04-29,193.16,209.59,190.31,206.98,192.86,1453017.0,293714203.0,21111738945.36,21111738945.36,607497288.52,340322268.39,4353024236.49,7511348212.0,3158323975.51,116093504.64000002,18242.84,17483.71,3628.61,4295.55,6359.12,6258.24,1140.85,1333.92,,,Y,,,,医药生物,医疗器械,医疗设备,193.8,193.61,191.79
sh688301,奕瑞科技,2024-04-30,202.85,204.86,198.0,198.71,206.98,1226777.0,246280189.0,20268207777.72,20268207777.72,610062387.3,339139184.46,4498003493.73,8081355865.21,3583352371.48,139287790.89,11117.27,12960.06,6247.6,5729.64,3756.29,5183.57,3506.85,754.75,,,Y,,,,医药生物,医疗器械,医疗设备,202.84,203.82,201.81
sh688301,奕瑞科技,2024-05-06,202.95,211.6,202.95,209.47,198.71,1356796.0,282705940.0,21365716286.04,21365716286.04,610062387.3,339139184.46,4498003493.73,8081355865.21,3583352371.48,139287790.89,20327.91,19633.0,4512.67,5132.28,2386.5,2106.47,1043.51,1398.85,,,Y,,,,医药生物,医疗器械,医疗设备,206.37,206.04,204.27
sh688301,奕瑞科技,2024-05-07,210.9,219.0,208.51,217.58,209.47,1391569.0,300906668.0,22192927624.56,22192927624.56,610062387.3,339139184.46,4498003493.73,8081355865.21,3583352371.48,139287790.89,21565.93,20695.91,5042.75,4505.1,2377.21,2434.91,1104.78,2454.75,,,Y,,,,医药生物,医疗器械,医疗设备,212.46,215.9,217.19
sh688301,奕瑞科技,2024-05-08,218.51,218.99,210.2,211.78,217.58,673926.0,143247893.0,21601333818.96,21601333818.96,610062387.3,339139184.46,4498003493.73,8081355865.21,3583352371.48,139287790.89,11056.95,10774.95,1368.14,1240.42,1162.07,2110.71,737.63,198.72,,,Y,,,,医药生物,医疗器械,医疗设备,215.7,216.53,213.45
sh688301,奕瑞科技,2024-05-09,212.7,223.9,208.1,219.23,211.78,1110087.0,242292850.0,22361225862.36,22361225862.36,610062387.3,339139184.46,4498003493.73,8081355865.21,3583352371.48,139287790.89,17333.52,16704.49,4011.87,5291.75,1975.79,1515.53,908.11,717.52,,,Y,,,,医药生物,医疗器械,医疗设备,210.01,213.9,213.66
sh688301,奕瑞科技,2024-05-10,219.79,221.0,208.02,209.99,219.23,1214591.0,259282822.0,21418755730.68,21418755730.68,610062387.3,339139184.46,4498003493.73,8081355865.21,3583352371.48,139287790.89,16914.09,18665.25,6254.15,2743.43,1532.51,2289.01,1227.53,2230.6,,,Y,,,,医药生物,医疗器械,医疗设备,218.25,215.68,215.83
sh688301,奕瑞科技,2024-05-13,208.78,214.64,198.9,213.27,209.99,1521520.0,315575313.0,21753312227.64,21753312227.64,610062387.3,339139184.46,4498003493.73,8081355865.21,3583352371.48,139287790.89,22467.84,21088.69,4208.24,6236.57,3231.49,2853.34,1649.96,1378.93,,,Y,,,,医药生物,医疗器械,医疗设备,207.67,202.56,201.58
sh688301,奕瑞科技,2024-05-14,211.99,215.6,206.54,207.5,213.27,1218065.0,256395840.0,21164778390.0,21164778390.0,610062387.3,339139184.46,4498003493.73,8081355865.21,3583352371.48,139287790.89,17961.29,19237.96,5096.28,3585.71,1857.54,2445.21,724.47,370.71,,,Y,,,,医药生物,医疗器械,医疗设备,210.5,214.61,210.56
sh688301,奕瑞科技,2024-05-15,206.22,210.7,202.6,204.01,207.5,960702.0,198007943.0,20808802117.32,20808802117.32,610062387.3,339139184.46,4498003493.73,8081355865.21,3583352371.48,139287790.89,14308.02,13055.63,3684.32,4104.83,1360.15,1424.84,448.31,1215.5,,,Y,,,,医药生物,医疗器械,医疗设备,204.2,206.28,209.11
sh688301,奕瑞科技,2024-05-16,206.0,206.0,199.2,200.09,204.01,1109709.0,224177990.0,20408966303.88,20408966303.88,610062387.3,339139184.46,4498003493.73,8081355865.21,3583352371.48,139287790.89,16552.3,15483.83,3056.65,2566.49,2051.67,3470.6,757.18,896.88,,,Y,,,,医药生物,医疗器械,医疗设备,200.87,202.37,200.33
sh688301,奕瑞科技,2024-05-17,200.0,202.8,196.71,201.91,200.09,920798.0,184195537.0,20594604360.12,20594604360.12,610062387.3,339139184.46,4498003493.73,8081355865.21,3583352371.48,139287790.89,9372.99,8670.93,1885.93,4391.84,4897.78,4581.16,2262.85,775.61,,,Y,,,,医药生物,医疗器械,医疗设备,199.2,199.29,198.23
sh688301,奕瑞科技,2024-05-20,202.03,205.88,199.03,204.98,201.91,600261.0,121343860.0,20907741081.36,20907741081.36,610062387.3,339139184.46,4498003493.73,8081355865.21,3583352371.48,139287790.89,8597.66,8071.91,1516.93,1866.3,1538.64,1421.78,481.15,774.38,,,Y,,,,医药生物,医疗器械,医疗设备,201.16,200.84,201.97
sh688301,奕瑞科技,2024-05-21,204.96,204.96,195.57,196.9,204.98,761069.0,151264444.0,20083589710.8,20083589710.8,610062387.3,339139184.46,4498003493.73,8081355865.21,3583352371.48,139287790.89,6623.51,7301.63,2161.18,2149.37,5757.51,5400.63,584.24,274.81,,,Y,,,,医药生物,医疗器械,医疗设备,201.6,201.38,201.12
sh688301,奕瑞科技,2024-05-22,196.66,198.0,189.34,192.8,196.9,863749.0,166391901.0,19665394089.6,19665394089.6,610062387.3,339139184.46,4498003493.73,8081355865.21,3583352371.48,139287790.89,6797.15,5854.15,2402.35,2845.3,7128.82,7483.94,310.87,455.8,,,Y,,,,医药生物,医疗器械,医疗设备,196.48,195.61,194.83
sh688301,奕瑞科技,2024-05-23,193.01,193.47,189.1,190.14,192.8,940764.0,179518561.0,19394076930.48,19394076930.48,610062387.3,339139184.46,4498003493.73,8081355865.21,3583352371.48,139287790.89,7635.58,8188.73,2219.07,1300.53,7354.42,7819.68,742.79,642.91,,,Y,,,,医药生物,医疗器械,医疗设备,190.63,191.57,190.97
sh688301,奕瑞科技,2024-05-24,188.7,191.27,184.68,186.5,190.14,856311.0,160403711.0,19022800818.0,19022800818.0,610062387.3,339139184.46,4498003493.73,8081355865.21,3583352371.48,139287790.89,4981.34,5105.03,3724.15,2422.31,6097.23,6280.62,1237.65,2232.41,,,Y,,,,医药生物,医疗器械,医疗设备,189.99,190.08,188.88
sh688301,奕瑞科技,2024-05-27,185.53,187.28,177.24,179.59,186.5,1219665.0,218951407.0,18317988197.88,18317988197.88,610062387.3,339139184.46,4498003493.73,8081355865.21,3583352371.48,139287790.89,7845.18,7995.03,4648.06,3450.69,7703.26,9189.17,1698.63,1260.25,,,Y,,,,医药生物,医疗器械,医疗设备,181.52,179.66,180.9
sh688301,奕瑞科技,2024-05-28,180.59,180.59,173.0,178.51,179.59,1243239.0,218634837.0,18207829351.32,18207829351.32,610062387.3,339139184.46,4498003493.73,8081355865.21,3583352371.48,139287790.89,6925.9,9090.81,2243.82,1720.87,12365.6,10924.39,328.16,127.42,,,Y,,,,医药生物,医疗器械,医疗设备,175.5,173.48,173.55
sh688301,奕瑞科技,2024-05-29,177.08,179.48,171.54,172.01,178.51,862997.0,150165222.0,17544836293.32,17544836293.32,610062387.3,339139184.46,4498003493.73,8081355865.21,3583352371.48,139287790.89,5061.21,5741.06,2040.17,1453.82,7086.97,6815.29,828.18,1006.35,,,Y,,,,医药生物,医疗器械,医疗设备,178.41,177.42,175.51
sh688301,奕瑞科技,2024-05-30,171.0,174.87,170.31,171.92,172.01,529642.0,91358870.0,17535656389.44,17535656389.44,610062387.3,339139184.46,4498003493.73,8081355865.21,3583352371.48,139287790.89,2622.51,2754.5,847.25,1232.21,5370.08,5149.18,296.04,0.0,,,Y,,,,医药生物,医疗器械,医疗设备,170.84,172.86,174.27
sh688301,奕瑞科技,2024-05-31,171.92,174.48,170.25,170.25,171.92,1245873.0,213759844.0,17365318173.0,17365318173.0,610062387.3,339139184.46,4498003493.73,8081355865.21,3583352371.48,139287790.89,4903.47,6020.91,4638.95,2497.16,7860.94,7446.73,3972.62,5411.18,,,Y,,,,医药生物,医疗器械,医疗设备,170.5,172.51,172.58
sh688301,奕瑞科技,2024-06-03,169.07,173.8,166.36,168.94,170.25,974903.0,165132246.0,17231699572.079998,17231699572.079998,610062387.3,339139184.46,4498003493.73,8081355865.21,3583352371.48,139287790.89,4851.11,4790.23,2004.15,1922.99,9011.15,8731.21,646.81,1068.79,,,Y,,,,医药生物,医疗器械,医疗设备,168.65,166.71,169.97
sh688301,奕瑞科技,2024-06-04,168.88,173.63,168.38,170.07,168.94,797126.0,136567261.0,17346958365.239998,17346958365.239998,610062387.3,339139184.46,4498003493.73,8081355865.21,3583352371.48,139287790.89,4679.46,4282.71,1784.49,1536.97,5877.91,6869.48,1314.87,967.57,,,Y,,,,医药生物,医疗器械,医疗设备,169.84,170.33,171.96
sh688301,奕瑞科技,2024-06-05,169.94,181.99,168.23,177.18,170.07,1320219.0,234113375.0,18072170771.76,18072170771.76,610062387.3,339139184.46,4498003493.73,8081355865.21,3583352371.48,139287790.89,7730.36,8517.17,4179.62,3446.03,9965.66,11116.03,1535.7,332.1,,,Y,,,,医药生物,医疗器械,医疗设备,171.77,174.33,174.68
sh688301,奕瑞科技,2024-06-06,177.65,185.57,177.65,181.88,177.18,1325253.0,242466939.0,18551565752.16,18551565752.16,610062387.3,339139184.46,4498003493.73,8081355865.21,3583352371.48,139287790.89,9289.43,7652.29,3981.21,3239.73,9626.94,11894.5,1349.11,1460.17,,,Y,,,,医药生物,医疗器械,医疗设备,183.07,182.44,184.98
sh688301,奕瑞科技,2024-06-07,182.55,183.58,177.99,181.15,181.88,738277.0,133391304.0,18477106531.8,18477106531.8,610062387.3,339139184.46,4498003493.73,8081355865.21,3583352371.48,139287790.89,4643.77,4197.86,2759.0,1192.33,5674.76,7580.0,261.6,368.95,,,Y,,,,医药生物,医疗器械,医疗设备,180.35,182.34,181.0
sh688301,奕瑞科技,2024-06-11,180.33,183.0,175.03,179.87,181.15,795778.0,141920116.0,18346549337.8,18346549337.8,610062387.3,339139184.46,4498003493.73,8081355865.21,3583352371.48,139287790.89,4408.46,4011.42,2292.33,1451.93,6932.69,6998.62,558.53,1730.05,,,Y,,,,医药生物,医疗器械,医疗设备,177.93,175.51,176.51
sh688301,奕瑞科技,2024-06-12,180.34,195.76,179.87,185.7,179.87,2006255.0,379691546.0,18941203158.0,18941203158.0,610062387.3,339139184.46,4498003493.73,8081355865.21,3583352371.48,139287790.89,15486.31,14862.22,6621.6,7138.82,14541.33,14830.26,1319.91,1137.85,,,Y,,,,医药生物,医疗器械,医疗设备,185.15,187.87,190.74
sh688301,奕瑞科技,2024-06-13,188.0,193.0,183.23,191.48,185.7,1785328.0,336581841.0,19530757031.2,19530757031.2,610062387.3,339139184.46,4498003493.73,8081355865.21,3583352371.48,139287790.89,12312.0,11753.77,7863.24,6488.83,12880.13,14260.28,602.81,1155.31,,,Y,,,,医药生物,医疗器械,医疗设备,186.3,186.8,185.06
sh688301,奕瑞科技,2024-06-14,191.48,196.0,189.83,189.83,191.48,1797880.0,346293872.0,19362458780.2,19362458780.2,610062387.3,339139184.46,4498003493.73,8081355865.21,3583352371.48,139287790.89,13058.63,10615.24,4129.67,6379.07,12653.45,12067.78,4787.64,5567.3,,,Y,,,,医药生物,医疗器械,医疗设备,194.71,194.11,192.41
sh688301,DR奕瑞科,2024-06-17,133.0,133.0,124.09,128.15,134.23,2704936.0,345314706.0,18290712635.8,18290712635.8,610062387.3,339139184.46,4498003493.73,8081355865.21,3583352371.48,139287790.89,9974.54,11040.06,4389.1,3916.26,19044.53,17861.28,1123.3,1713.88,,,Y,,,,医药生物,医疗器械,医疗设备,130.22,128.59,127.8
sh688301,奕瑞科技,2024-06-18,127.8,128.59,122.88,124.66,128.15,1971849.0,246003989.0,17792588663.12,17792588663.12,610062387.3,339139184.46,4498003493.73,8081355865.21,3583352371.48,139287790.89,8406.79,8643.39,4577.16,4628.13,10205.03,9130.63,1411.43,2198.25,,,Y,,,,医药生物,医疗器械,医疗设备,128.5,126.82,125.1
sh688301,奕瑞科技,2024-06-19,124.27,125.51,119.69,120.27,124.66,1651715.0,201169173.0,17166008651.64,17166008651.64,610062387.3,339139184.46,4498003493.73,8081355865.21,3583352371.48,139287790.89,5525.11,6200.77,2872.59,2882.34,11100.35,9345.91,618.87,1687.9,,,Y,,,,医药生物,医疗器械,医疗设备,124.5,123.8,124.5
sh688301,奕瑞科技,2024-06-20,120.27,123.46,117.86,122.37,120.27,1811683.0,218771946.0,17465739408.84,17465739408.84,610062387.3,339139184.46,4498003493.73,8081355865.21,3583352371.48,139287790.89,5473.91,6643.85,2557.93,2886.08,12760.54,10395.03,1084.82,1952.24,,,Y,,,,医药生物,医疗器械,医疗设备,120.2,119.24,119.33
sh688301,奕瑞科技,2024-06-21,122.3,124.95,120.15,124.13,122.37,1302410.0,160542536.0,17716942329.16,17716942329.16,610062387.3,339139184.46,4498003493.73,8081355865.21,3583352371.48,139287790.89,5220.83,4602.34,1914.07,2573.76,8607.52,8210.75,311.83,667.4,,,Y,,,,医药生物,医疗器械,医疗设备,120.91,121.65,122.16
sh688301,奕瑞科技,2024-06-24,123.44,129.1,123.0,123.37,124.13,1234669.0,155540115.0,17608468340.84,17608468340.84,610062387.3,339139184.46,4498003493.73,8081355865.21,3583352371.48,139287790.89,4602.47,4238.56,2580.7,2595.72,8143.04,8098.66,227.81,621.06,,,Y,,,,医药生物,医疗器械,医疗设备,125.7,128.2,126.21
sh688301,奕瑞科技,2024-06-25,123.37,124.91,119.76,120.64,123.37,798281.0,97460647.0,17218818356.48,17218818356.48,610062387.3,339139184.46,4498003493.73,8081355865.21,3583352371.48,139287790.89,3031.34,3096.33,1489.16,1100.65,4936.8,5135.27,288.76,413.81,,,Y,,,,医药生物,医疗器械,医疗设备,123.33,124.19,124.17
sh688301,奕瑞科技,2024-06-26,120.61,121.49,117.76,120.12,120.64,1070055.0,127327865.0,17144599311.84,17144599311.84,610062387.3,339139184.46,4498003493.73,8081355865.21,3583352371.48,139287790.89,4459.11,2844.56,2490.78,2059.3,5662.29,5484.83,120.61,2344.09,,,Y,,,,医药生物,医疗器械,医疗设备,118.9,119.19,120.0
sh688301,奕瑞科技,2024-06-27,119.49,120.28,115.0,117.66,120.12,991620.0,116824446.0,16793486139.12,16793486139.12,610062387.3,339139184.46,4498003493.73,8081355865.21,3583352371.48,139287790.89,4016.85,3915.06,945.8,1401.72,6605.26,6093.2,114.54,272.47,,,Y,,,,医药生物,医疗器械,医疗设备,118.78,117.64,116.51
sh688301,奕瑞科技,2024-06-28,116.31,120.19,114.5,115.23,117.66,729667.0,85541238.0,16446654834.36,16446654834.36,610062387.3,339139184.46,4498003493.73,8081355865.21,3583352371.48,139287790.89,2326.89,2980.23,1383.53,1000.11,4047.72,4303.34,795.98,270.43,,,Y,,,,医药生物,医疗器械,医疗设备,117.3,118.21,119.45
sh688301,奕瑞科技,2024-07-01,115.23,115.23,110.5,112.37,115.23,971059.0,109265304.0,16038450088.839998,16038450088.839998,610062387.3,339139184.46,4498003493.73,8081355865.21,3583352371.48,139287790.89,4001.27,3368.0,1262.62,1824.63,5415.72,4785.45,246.92,948.45,,,Y,,,,医药生物,医疗器械,医疗设备,113.85,113.6,112.27
sh688301,奕瑞科技,2024-07-02,112.0,113.88,109.23,110.22,112.37,838017.0,93224613.0,15731582885.04,15731582885.04,610062387.3,339139184.46,4498003493.73,8081355865.21,3583352371.48,139287790.89,2293.53,3152.19,827.56,890.82,5474.23,5175.03,727.14,104.42,,,Y,,,,医药生物,医疗器械,医疗设备,111.96,112.62,113.23
sh688301,奕瑞科技,2024-07-03,110.01,111.0,107.41,107.79,110.22,868805.0,94507059.0,15384751580.28,15384751580.28,610062387.3,339139184.46,4498003493.73,8081355865.21,3583352371.48,139287790.89,3272.69,2889.25,1039.86,1389.28,4954.95,5172.18,183.21,0.0,,,Y,,,,医药生物,医疗器械,医疗设备,109.42,109.39,110.24
sh688301,奕瑞科技,2024-07-04,108.0,109.3,104.33,104.98,107.79,681881.0,72388887.0,14989948697.72,14989948697.72,610062387.3,339139184.46,4498003493.73,8081355865.21,3583352371.48,139287790.89,1948.79,1763.37,637.35,1319.01,4036.08,3746.68,616.66,409.83,,,Y,,,,医药生物,医疗器械,医疗设备,108.81,108.84,107.32
sh688301,奕瑞科技,2024-07-05,104.0,108.14,103.49,107.63,104.98,976389.0,103890493.0,15368338524.82,15368338524.82,610062387.3,339139184.46,4498003493.73,8081355865.21,3583352371.48,139287790.89,3689.91,2941.36,1013.87,2018.84,5685.26,4848.01,0.0,580.84,,,Y,,,,医药生物,医疗器械,医疗设备,103.96,104.3,105.47
sh688301,奕瑞科技,2024-07-08,107.06,107.39,101.0,101.75,107.63,1070662.0,110084927.0,14528741474.5,14528741474.5,610062387.3,339139184.46,4498003493.73,8081355865.21,3583352371.48,139287790.89,3688.78,2695.8,1787.97,1894.35,5531.74,5637.97,0.0,780.37,,,Y,,,,医药生物,医疗器械,医疗设备,104.5,104.25,104.32
sh688301,奕瑞科技,2024-07-09,100.43,102.78,99.17,100.43,101.75,1503144.0,150772075.0,14340260504.02,14340260504.02,610062387.3,339139184.46,4498003493.73,8081355865.21,3583352371.48,139287790.89,4391.94,5224.72,2547.47,2250.51,7130.73,6881.62,1007.07,720.36,,,Y,,,,医药生物,医疗器械,医疗设备,101.08,100.82,102.42
sh688301,奕瑞科技,2024-07-10,99.83,104.47,98.8,102.13,100.43,1463642.0,150174951.0,14583001147.82,14583001147.82,610062387.3,339139184.46,4498003493.73,8081355865.21,3583352371.48,139287790.89,4580.53,5845.0,2023.5,2496.42,7942.37,6321.17,471.1,354.91,,,Y,,,,医药生物,医疗器械,医疗设备,98.92,101.29,102.0
sh688301,奕瑞科技,2024-07-11,103.37,108.08,102.4,106.45,102.13,1544981.0,163006093.0,15199847960.3,15199847960.3,610062387.3,339139184.46,4498003493.73,8081355865.21,3583352371.48,139287790.89,4769.02,5570.17,2429.36,1507.44,8343.84,8762.64,758.39,460.37,,,Y,,,,医药生物,医疗器械,医疗设备,104.69,103.21,103.55
sh688301,奕瑞科技,2024-07-12,106.98,109.8,106.47,106.99,106.45,907673.0,97986566.0,15276953811.86,15276953811.86,610062387.3,339139184.46,4498003493.73,8081355865.21,3583352371.48,139287790.89,3182.56,3158.56,2243.2,1511.67,4278.28,4963.1,94.61,165.32,,,Y,,,,医药生物,医疗器械,医疗设备,109.77,108.92,108.55
sh688301,奕瑞科技,2024-07-15,106.66,108.19,101.5,104.75,106.99,1038219.0,107630934.0,14957107316.5,14957107316.5,610062387.3,339139184.46,4498003493.73,8081355865.21,3583352371.48,139287790.89,2863.11,3189.43,852.75,787.59,7047.23,6294.11,0.0,491.95,,,Y,,,,医药生物,医疗器械,医疗设备,105.53,103.61,102.73
sh688301,奕瑞科技,2024-07-16,103.35,106.61,103.35,105.91,104.75,746356.0,78815684.0,15122742108.740002,15122742108.740002,610062387.3,339139184.46,4498003493.73,8081355865.21,3583352371.48,139287790.89,1625.68,1953.33,664.33,472.01,5591.56,5456.23,0.0,0.0,,,Y,,,,医药生物,医疗器械,医疗设备,104.84,104.77,105.61
sh688301,奕瑞科技,2024-07-17,105.92,112.99,105.08,111.64,105.91,1567983.0,172964026.0,15940920866.96,15940920866.96,610062387.3,339139184.46,4498003493.73,8081355865.21,3583352371.48,139287790.89,6462.26,5748.49,1968.52,2043.44,8547.51,9315.32,318.1,189.15,,,Y,,,,医药生物,医疗器械,医疗设备,107.19,106.32,106.52
sh688301,奕瑞科技,2024-07-18,111.9,115.8,109.51,114.0,111.64,1374485.0,155974612.0,16277901996.0,16277901996.0,610062387.3,339139184.46,4498003493.73,8081355865.21,3583352371.48,139287790.89,4366.62,4344.41,2801.7,1611.47,7762.66,8977.25,666.48,664.34,,,Y,,,,医药生物,医疗器械,医疗设备,112.98,113.72,114.37
sh688301,奕瑞科技,2024-07-19,113.81,114.26,111.21,112.87,114.0,774596.0,87302485.0,16116550862.179998,16116550862.179998,610062387.3,339139184.46,4498003493.73,8081355865.21,3583352371.48,139287790.89,2696.32,2157.85,885.07,1354.14,4803.38,4987.72,345.48,230.53,,,Y,,,,医药生物,医疗器械,医疗设备,112.52,112.84,112.24
sh688301,奕瑞科技,2024-07-22,113.33,114.6,111.11,112.56,112.87,1000838.0,112955333.0,16072286391.84,16072286391.84,610062387.3,339139184.46,4498003493.73,8081355865.21,3583352371.48,139287790.89,3101.04,2404.68,2002.09,2557.79,5464.05,5309.11,728.36,1023.95,,,Y,,,,医药生物,医疗器械,医疗设备,112.74,112.18,112.61
sh688301,奕瑞科技,2024-07-23,113.22,113.22,108.58,109.2,112.56,910696.0,100688665.0,15592516648.8,15592516648.8,610062387.3,339139184.46,4498003493.73,8081355865.21,3583352371.48,139287790.89,2757.79,3311.84,2393.56,1400.1,4795.65,5004.79,121.87,352.14,,,Y,,,,医药生物,医疗器械,医疗设备,110.36,111.37,110.91
sh688301,奕瑞科技,2024-07-24,107.94,110.61,104.14,104.36,109.2,994904.0,105939667.0,14901419757.04,14901419757.04,610062387.3,339139184.46,4498003493.73,8081355865.21,3583352371.48,139287790.89,3253.62,2972.66,1113.5,1552.13,5879.46,6004.85,347.37,64.32,,,Y,,,,医药生物,医疗器械,医疗设备,109.01,109.52,108.93
sh688301,奕瑞科技,2024-07-25,103.93,105.69,103.0,103.63,104.36,789794.0,82487722.0,14797184068.82,14797184068.82,610062387.3,339139184.46,4498003493.73,8081355865.21,3583352371.48,139287790.89,2613.7,2679.09,832.04,1105.0,4803.03,4464.68,0.0,0.0,,,Y,,,,医药生物,医疗器械,医疗设备,103.9,104.22,104.96
sh688301,奕瑞科技,2024-07-26,104.48,104.58,101.43,102.66,103.63,758980.0,78193259.0,14658679113.24,14658679113.24,610062387.3,339139184.46,4498003493.73,8081355865.21,3583352371.48,139287790.89,2217.4,1609.78,1077.23,1186.76,4406.28,3773.3,118.42,1249.5,,,Y,,,,医药生物,医疗器械,医疗设备,103.16,103.99,104.07
sh688301,奕瑞科技,2024-07-29,103.13,103.13,100.2,100.63,102.66,644635.0,65385643.0,14368818226.82,14368818226.82,610062387.3,339139184.46,4498003493.73,8081355865.21,3583352371.48,139287790.89,1554.38,1880.02,777.45,578.74,3956.09,4079.8,250.64,0.0,,,Y,,,,医药生物,医疗器械,医疗设备,101.53,100.67,101.48
sh688301,奕瑞科技,2024-07-30,100.9,101.3,98.6,99.04,100.63,684244.0,68204348.0,14141784330.56,14141784330.56,610062387.3,339139184.46,4498003493.73,8081355865.21,3583352371.48,139287790.89,1965.6,1628.07,703.15,998.79,4151.69,3903.47,0.0,290.09,,,Y,,,,医药生物,医疗器械,医疗设备,100.72,100.12,99.68
sh688301,奕瑞科技,2024-07-31,98.76,107.85,97.24,107.36,99.04,1094577.0,113812741.0,15329785599.04,15329785599.04,610062387.3,339139184.46,4498003493.73,8081355865.21,3583352371.48,139287790.89,3411.28,3763.05,1395.61,1766.51,6528.98,5851.71,45.41,0.0,,,Y,,,,医药生物,医疗器械,医疗设备,97.8,100.17,101.35
sh688301,奕瑞科技,2024-08-01,107.01,109.51,103.78,104.6,107.36,931275.0,98258905.0,14935689024.400002,14935689024.400002,610062387.3,339139184.46,4498003493.73,8081355865.21,3583352371.48,139287790.89,3283.61,3329.01,1518.31,1157.64,5023.97,5026.41,0.0,312.84,,,Y,,,,医药生物,医疗器械,医疗设备,109.5,107.04,107.02
sh688301,奕瑞科技,2024-08-02,104.36,107.39,102.37,103.26,104.6,738345.0,77286522.0,14744352281.64,14744352281.64,610062387.3,339139184.46,4498003493.73,8081355865.21,3583352371.48,139287790.89,2362.6,2740.68,1015.49,729.98,4350.56,4211.65,0.0,46.35,,,Y,,,,医药生物,医疗器械,医疗设备,105.7,105.79,107.11
sh688301,奕瑞科技,2024-08-05,101.75,103.62,96.88,96.89,103.26,1361057.0,135386771.0,13834788810.46,13834788810.46,610062387.3,339139184.46,4498003493.73,8081355865.21,3583352371.48,139287790.89,4426.64,3957.39,1968.39,2297.96,7143.65,7054.13,0.0,229.2,,,Y,,,,医药生物,医疗器械,医疗设备,100.73,102.25,101.63
sh688301,奕瑞科技,2024-08-06,98.98,103.11,97.3,101.99,96.89,1237151.0,125320987.0,14563010741.86,14563010741.86,610062387.3,339139184.46,4498003493.73,8081355865.21,3583352371.48,139287790.89,3467.01,4138.75,1730.82,2345.93,7133.71,5733.54,200.55,313.88,,,Y,,,,医药生物,医疗器械,医疗设备,97.9,99.96,101.71
sh688301,奕瑞科技,2024-08-07,100.99,101.88,99.0,100.33,101.99,764398.0,76430172.0,14325981642.62,14325981642.62,610062387.3,339139184.46,4498003493.73,8081355865.21,3583352371.48,139287790.89,2307.95,1730.06,826.06,824.76,4372.88,5004.32,136.12,83.88,,,Y,,,,医药生物,医疗器械,医疗设备,100.3,99.88,100.25
sh688301,奕瑞科技,2024-08-08,100.23,102.98,99.33,101.04,100.33,683430.0,69272370.0,14427361558.56,14427361558.56,610062387.3,339139184.46,4498003493.73,8081355865.21,3583352371.48,139287790.89,2109.71,2381.9,744.52,654.74,4073.0,3890.6,0.0,0.0,,,Y,,,,医药生物,医疗器械,医疗设备,101.65,102.32,100.33
sh688301,奕瑞科技,2024-08-09,102.05,103.6,99.51,99.59,101.04,573787.0,58013342.0,14220318068.26,14220318068.26,610062387.3,339139184.46,4498003493.73,8081355865.21,3583352371.48,139287790.89,1717.89,1882.23,666.83,449.48,3217.34,3469.62,199.28,0.0,,,Y,,,,医药生物,医疗器械,医疗设备,102.14,101.85,102.44
sh688301,奕瑞科技,2024-08-12,99.59,101.8,97.56,99.9,99.59,524994.0,52312864.0,14264582538.6,14264582538.6,610062387.3,339139184.46,4498003493.73,8081355865.21,3583352371.48,139287790.89,1733.64,1427.52,421.39,630.53,3076.25,3173.24,0.0,0.0,,,Y,,,,医药生物,医疗器械,医疗设备,99.42,97.79,98.71
sh688301,奕瑞科技,2024-08-13,99.94,99.98,97.74,99.31,99.9,443879.0,43839771.0,14180337256.34,14180337256.34,610062387.3,339139184.46,4498003493.73,8081355865.21,3583352371.48,139287790.89,857.64,973.09,362.08,239.35,2870.4,3070.54,293.86,101.0,,,Y,,,,医药生物,医疗器械,医疗设备,98.43,98.4,98.7
sh688301,奕瑞科技,2024-08-14,99.06,99.29,96.18,96.53,99.31,475271.0,46144536.0,13783384909.42,13783384909.42,610062387.3,339139184.46,4498003493.73,8081355865.21,3583352371.48,139287790.89,1514.95,1277.35,346.08,454.9,2753.43,2882.2,0.0,0.0,,,Y,,,,医药生物,医疗器械,医疗设备,98.1,97.83,97.03
sh688301,奕瑞科技,2024-08-15,96.89,99.5,95.1,95.66,96.53,677962.0,65660458.0,13659158815.240002,13659158815.240002,610062387.3,339139184.46,4498003493.73,8081355865.21,3583352371.48,139287790.89,1828.37,2187.49,491.23,372.63,3973.29,4005.93,273.16,0.0,,,Y,,,,医药生物,医疗器械,医疗设备,97.52,96.5,95.8
sh688301,奕瑞科技,2024-08-16,95.6,95.72,93.03,93.65,95.66,787390.0,74463316.0,13372153701.1,13372153701.1,610062387.3,339139184.46,4498003493.73,8081355865.21,3583352371.48,139287790.89,2207.22,2535.88,777.18,1462.93,4461.93,3447.52,0.0,0.0,,,Y,,,,医药生物,医疗器械,医疗设备,94.95,95.4,94.87
sh688301,奕瑞科技,2024-08-19,93.6,96.73,92.46,92.82,93.65,712596.0,67062315.0,13253639151.48,13253639151.48,610062387.3,339139184.46,4498003493.73,8081355865.21,3583352371.48,139287790.89,1999.66,1633.69,534.74,790.43,4063.47,4109.62,108.36,172.49,,,Y,,,,医药生物,医疗器械,医疗设备,95.35,93.8,94.74
sh688301,奕瑞科技,2024-08-20,92.3,93.09,88.68,88.92,92.82,838743.0,75338157.0,12696763556.88,12696763556.88,610062387.3,339139184.46,4498003493.73,8081355865.21,3583352371.48,139287790.89,2214.24,2093.78,1108.04,787.21,4011.51,4652.83,200.02,0.0,,,Y,,,,医药生物,医疗器械,医疗设备,90.96,90.86,90.59
sh688301,奕瑞科技,2024-08-21,89.1,90.89,87.61,88.14,88.92,691730.0,61570055.0,12585388437.96,12585388437.96,610062387.3,339139184.46,4498003493.73,8081355865.21,3583352371.48,139287790.89,1722.58,1950.97,330.3,395.67,4104.12,3810.37,0.0,0.0,,,Y,,,,医药生物,医疗器械,医疗设备,89.34,90.0,89.89
sh688301,奕瑞科技,2024-08-22,87.89,88.85,87.03,87.81,88.14,556173.0,48899163.0,12538268195.34,12538268195.34,610062387.3,339139184.46,4498003493.73,8081355865.21,3583352371.48,139287790.89,1213.46,910.74,620.45,947.52,3056.01,2911.28,0.0,120.38,,,Y,,,,医药生物,医疗器械,医疗设备,87.83,88.57,87.84
sh688301,奕瑞科技,2024-08-23,87.71,88.18,86.4,87.5,87.81,720311.0,62792781.0,12494003725.0,12494003725.0,610062387.3,339139184.46,4498003493.73,8081355865.21,3583352371.48,139287790.89,1915.55,1745.35,654.17,786.29,3709.55,3747.64,0.0,0.0,,,Y,,,,医药生物,医疗器械,医疗设备,87.79,87.46,87.08
sh688301,奕瑞科技,2024-08-26,87.23,89.13,85.88,87.31,87.5,757854.0,65961335.0,12466873888.34,12466873888.34,610062387.3,339139184.46,4498003493.73,8081355865.21,3583352371.48,139287790.89,1703.45,1477.14,628.56,646.31,4264.12,4472.68,0.0,0.0,,,Y,,,,医药生物,医疗器械,医疗设备,87.56,88.25,86.6
sh688301,奕瑞科技,2024-08-27,86.87,88.31,86.02,87.46,87.31,610554.0,53168295.0,12488292180.44,12488292180.44,610062387.3,339139184.46,4498003493.73,8081355865.21,3583352371.48,139287790.89,1392.54,1357.3,528.14,432.41,3396.15,3527.12,0.0,0.0,,,Y,,,,医药生物,医疗器械,医疗设备,87.04,87.16,86.86
sh688301,奕瑞科技,2024-08-28,87.02,91.0,86.87,89.5,87.46,746728.0,66779227.0,12779580953.0,12779580953.0,610062387.3,339139184.46,4498003493.73,8081355865.21,3583352371.48,139287790.89,2010.06,2110.24,729.86,708.05,3938.0,3859.64,0.0,0.0,,,Y,,,,医药生物,医疗器械,医疗设备,88.06,88.38,87.87
sh688301,奕瑞科技,2024-08-29,89.75,92.22,88.02,91.36,89.5,907747.0,82163197.0,13045167775.04,13045167775.04,610062387.3,339139184.46,4498003493.73,8081355865.21,3583352371.48,139287790.89,2581.1,1931.64,511.64,946.49,5123.58,5219.48,0.0,118.71,,,Y,,,,医药生物,医疗器械,医疗设备,88.68,89.12,90.32
sh688301,奕瑞科技,2024-08-30,92.75,93.5,90.68,91.94,91.36,821143.0,75965953.0,13127985171.16,13127985171.16,610062387.3,339139184.46,4498003493.73,8081355865.21,3583352371.48,139287790.89,1873.2,1663.38,1041.91,735.86,4661.39,4950.8,20.09,246.55,,,Y,,,,医药生物,医疗器械,医疗设备,90.89,92.09,92.1
sh688301,奕瑞科技,2024-09-02,91.0,93.33,90.4,91.19,91.94,723038.0,66272315.0,13020893710.66,13020893710.66,590304010.1899999,416110746.28000003,4486677182.849999,8104240142.23,3617562959.38,168154013.5,1259.34,1407.23,686.32,477.63,4681.58,4742.37,0.0,0.0,,,Y,,,,医药生物,医疗器械,医疗设备,92.18,90.8,90.89
sh688301,奕瑞科技,2024-09-03,91.2,95.86,90.47,95.0,91.19,1055203.0,99289850.0,13564918330.000002,13564918330.000002,590304010.1899999,416110746.28000003,4486677182.849999,8104240142.23,3617562959.38,168154013.5,3116.22,3042.7,1584.92,1423.93,4828.67,5241.23,399.17,221.14,,,Y,,,,医药生物,医疗器械,医疗设备,91.05,91.87,92.97
sh688301,奕瑞科技,2024-09-04,95.89,97.9,94.01,95.22,95.0,928114.0,88881047.0,13596331825.08,13596331825.08,590304010.1899999,416110746.28000003,4486677182.849999,8104240142.23,3617562959.38,168154013.5,2581.56,2528.25,1132.53,1303.36,5174.02,4744.38,0.0,312.11,,,Y,,,,医药生物,医疗器械,医疗设备,94.33,96.42,95.5
sh688301,奕瑞科技,2024-09-05,95.22,97.6,95.16,95.75,95.22,543157.0,52380436.0,13672009790.5,13672009790.5,590304010.1899999,416110746.28000003,4486677182.849999,8104240142.23,3617562959.38,168154013.5,1330.07,1230.66,413.74,573.99,3494.23,3261.29,0.0,172.1,,,Y,,,,医药生物,医疗器械,医疗设备,96.64,95.55,96.7
sh688301,奕瑞科技,2024-09-06,96.04,96.04,92.6,93.28,95.75,682113.0,63748739.0,13319321913.92,13319321913.92,590304010.1899999,416110746.28000003,4486677182.849999,8104240142.23,3617562959.38,168154013.5,2126.0,1399.6,577.66,884.78,3424.81,3659.77,246.4,430.72,,,Y,,,,医药生物,医疗器械,医疗设备,94.72,94.38,94.34
sh688301,奕瑞科技,2024-09-09,93.1,93.52,90.0,90.52,93.28,734634.0,67178995.0,12925225339.28,12925225339.28,590304010.1899999,416110746.28000003,4486677182.849999,8104240142.23,3617562959.38,168154013.5,1833.88,1838.89,482.4,666.72,4401.62,3955.06,0.0,257.22,,,Y,,,,医药生物,医疗器械,医疗设备,93.12,92.67,92.33
sh688301,奕瑞科技,2024-09-10,90.72,90.76,87.33,88.27,90.52,950565.0,83943243.0,12603950957.78,12603950957.78,590304010.1899999,416110746.28000003,4486677182.849999,8104240142.23,3617562959.38,168154013.5,1824.86,2286.68,946.74,786.02,5622.73,5321.62,0.0,0.0,,,Y,,,,医药生物,医疗器械,医疗设备,89.87,88.49,87.81
sh688301,奕瑞科技,2024-09-11,88.46,91.53,87.19,88.71,88.27,765407.0,68647295.0,12666777947.94,12666777947.94,590304010.1899999,416110746.28000003,4486677182.849999,8104240142.23,3617562959.38,168154013.5,1596.67,1390.62,187.31,357.51,4906.38,5116.6,174.37,0.0,,,Y,,,,医药生物,医疗器械,医疗设备,88.21,89.12,89.42
sh688301,奕瑞科技,2024-09-12,89.1,90.61,85.6,85.96,88.71,858609.0,74875394.0,12274109259.44,12274109259.44,590304010.1899999,416110746.28000003,4486677182.849999,8104240142.23,3617562959.38,168154013.5,2030.42,2038.57,621.85,388.79,4835.27,5060.18,0.0,0.0,,,Y,,,,医药生物,医疗器械,医疗设备,89.59,89.32,89.43
sh688301,奕瑞科技,2024-09-13,85.58,87.23,83.88,84.8,85.96,967312.0,82361818.0,12108474467.2,12108474467.2,590304010.1899999,416110746.28000003,4486677182.849999,8104240142.23,3617562959.38,168154013.5,2115.99,1954.82,609.06,1059.88,5409.84,5221.49,101.29,0.0,,,Y,,,,医药生物,医疗器械,医疗设备,87.16,86.69,85.39
sh688301,奕瑞科技,2024-09-18,84.8,87.22,83.01,84.23,84.8,593319.0,50234567.0,12027084957.22,12027084957.22,590304010.1899999,416110746.28000003,4486677182.849999,8104240142.23,3617562959.38,168154013.5,1300.18,1275.73,292.48,214.54,3430.79,3388.85,0.0,144.33,,,Y,,,,医药生物,医疗器械,医疗设备,84.7,86.3,86.28
sh688301,奕瑞科技,2024-09-19,84.0,89.42,83.64,87.45,84.23,941239.0,81725795.0,12486864294.3,12486864294.3,590304010.1899999,416110746.28000003,4486677182.849999,8104240142.23,3617562959.38,168154013.5,1978.93,2345.58,639.46,599.26,5554.19,5016.95,0.0,210.78,,,Y,,,,医药生物,医疗器械,医疗设备,84.72,84.15,84.48
sh688301,奕瑞科技,2024-09-20,87.27,88.33,86.05,87.54,87.45,558869.0,48612013.0,12499715269.56,12499715269.56,590304010.1899999,416110746.28000003,4486677182.849999,8104240142.23,3617562959.38,168154013.5,743.18,693.97,306.89,323.15,3811.13,3844.08,0.0,0.0,,,Y,,,,医药生物,医疗器械,医疗设备,86.35,87.15,86.91
sh688301,奕瑞科技,2024-09-23,87.99,87.99,82.51,82.51,87.54,862729.0,72595523.0,11781488541.14,11781488541.14,590304010.1899999,416110746.28000003,4486677182.849999,8104240142.23,3617562959.38,168154013.5,2039.97,1598.38,979.81,544.84,4239.78,5116.33,0.0,0.0,,,Y,,,,医药生物,医疗器械,医疗设备,86.16,86.36,85.72
sh688301,奕瑞科技,2024-09-24,83.25,89.26,83.2,89.12,82.51,1614563.0,139839314.0,12725321279.68,12725321279.68,590304010.1899999,416110746.28000003,4486677182.849999,8104240142.23,3617562959.38,168154013.5,3174.62,4384.86,1334.78,1627.23,9254.26,7754.48,220.28,217.36,,,Y,,,,医药生物,医疗器械,医疗设备,85.08,84.1,84.17
sh688301,奕瑞科技,2024-09-25,90.35,92.39,89.17,89.9,89.12,1486007.0,134955080.0,12836696398.6,12836696398.6,590304010.1899999,416110746.28000003,4486677182.849999,8104240142.23,3617562959.38,168154013.5,3459.22,3686.96,2587.36,1423.66,6952.66,8114.21,496.26,270.68,,,Y,,,,医药生物,医疗器械,医疗设备,89.74,91.86,90.88
sh688301,奕瑞科技,2024-09-26,90.64,99.27,89.04,98.77,89.9,1983492.0,188088602.0,14103231404.78,14103231404.78,590304010.1899999,416110746.28000003,4486677182.849999,8104240142.23,3617562959.38,168154013.5,4691.5,5867.44,4766.46,3093.29,8664.28,9166.61,686.63,681.51,,,Y,,,,医药生物,医疗器械,医疗设备,90.07,89.75,90.57
sh688301,奕瑞科技,2024-09-27,104.25,115.6,101.75,112.0,98.77,1756604.0,189444924.0,15992324768.0,15992324768.0,590304010.1899999,416110746.28000003,4486677182.849999,8104240142.23,3617562959.38,168154013.5,7409.51,7104.51,4649.55,3470.97,5670.66,6611.74,1214.78,1757.27,,,Y,,,,医药生物,医疗器械,医疗设备,104.65,104.64,107.46
sh688301,奕瑞科技,2024-09-30,122.49,130.6,115.08,126.84,112.0,4487677.0,555671293.0,18111307799.76,18111307799.76,590304010.1899999,416110746.28000003,4486677182.849999,8104240142.23,3617562959.38,168154013.5,16030.14,16813.93,14496.59,15018.5,21095.01,19709.4,3945.39,4025.31,,,Y,,,,医药生物,医疗器械,医疗设备,126.06,120.88,117.34
sh688301,奕瑞科技,2024-10-08,151.0,152.21,130.02,152.21,126.84,5119146.0,740751273.0,21733854936.94,21733854936.94,590304010.1899999,416110746.28000003,4486677182.849999,8104240142.23,3617562959.38,168154013.5,25407.68,23535.99,23782.38,21212.17,15089.59,14731.71,9795.48,14595.25,,,Y,,,,医药生物,医疗器械,医疗设备,143.78,140.17,142.01
sh688301,奕瑞科技,2024-10-09,144.06,155.0,131.98,140.9,152.21,3872036.0,556897665.0,20118915712.6,20118915712.6,590304010.1899999,416110746.28000003,4486677182.849999,8104240142.23,3617562959.38,168154013.5,19161.0,18682.07,11977.58,12755.46,18785.79,18684.15,5765.39,5568.08,,,Y,,,,医药生物,医疗器械,医疗设备,149.48,149.05,148.53
sh688301,奕瑞科技,2024-10-10,142.01,147.02,130.11,136.56,140.9,3118788.0,424996787.0,19499213127.84,19499213127.84,590304010.1899999,416110746.28000003,4486677182.849999,8104240142.23,3617562959.38,168154013.5,16208.84,13767.7,8962.06,8217.95,13933.18,14477.5,3395.6,6036.53,,,Y,,,,医药生物,医疗器械,医疗设备,143.5,143.79,138.52
sh688301,奕瑞科技,2024-10-11,137.0,138.0,123.01,130.09,136.56,2381144.0,308077988.0,18575370795.26,18575370795.26,590304010.1899999,416110746.28000003,4486677182.849999,8104240142.23,3617562959.38,168154013.5,10625.89,8582.84,3922.32,6441.88,14197.92,12529.4,2061.66,3253.67,,,Y,,,,医药生物,医疗器械,医疗设备,132.0,130.21,128.91
sh688301,奕瑞科技,2024-10-14,131.0,132.0,121.98,129.12,130.09,2020943.0,255198766.0,18436865839.68,18436865839.68,590304010.1899999,416110746.28000003,4486677182.849999,8104240142.23,3617562959.38,168154013.5,8774.12,9469.05,3671.72,3466.55,12660.99,11961.37,413.05,622.91,,,Y,,,,医药生物,医疗器械,医疗设备,127.01,127.23,126.01
sh688301,奕瑞科技,2024-10-15,129.61,134.51,124.25,124.36,129.12,1615103.0,208365062.0,17757192037.04,17757192037.04,590304010.1899999,416110746.28000003,4486677182.849999,8104240142.23,3617562959.38,168154013.5,7898.89,7248.18,4106.87,3122.63,7976.04,10192.01,854.7,273.69,,,Y,,,,医药生物,医疗器械,医疗设备,128.24,129.31,130.0
sh688301,奕瑞科技,2024-10-16,123.0,124.0,112.83,112.83,124.36,2391315.0,283698609.0,16110839317.62,16110839317.62,590304010.1899999,416110746.28000003,4486677182.849999,8104240142.23,3617562959.38,168154013.5,11681.06,10476.84,3977.74,6110.09,12075.65,10099.83,635.42,1683.1,,,Y,,,,医药生物,医疗器械,医疗设备,121.65,121.7,122.48
sh688301,奕瑞科技,2024-10-17,116.0,117.49,112.64,112.85,112.83,1829604.0,210718182.0,16113695089.9,16113695089.9,590304010.1899999,416110746.28000003,4486677182.849999,8104240142.23,3617562959.38,168154013.5,6841.47,6409.55,3625.44,3939.47,9032.15,8509.21,1572.76,2213.58,,,Y,,,,医药生物,医疗器械,医疗设备,116.19,116.87,114.7
sh688301,奕瑞科技,2024-10-18,112.85,126.5,110.66,120.08,112.85,3583474.0,428030403.0,17146056769.12,17146056769.12,590304010.1899999,416110746.28000003,4486677182.849999,8104240142.23,3617562959.38,168154013.5,12990.83,16649.02,7906.43,11222.14,16830.71,13409.74,5075.07,1522.14,,,Y,,,,医药生物,医疗器械,医疗设备,112.9,112.4,111.5
sh688301,奕瑞科技,2024-10-21,123.6,126.99,118.02,122.11,120.08,3077119.0,377190241.0,17435917655.54,17435917655.54,590304010.1899999,416110746.28000003,4486677182.849999,8104240142.23,3617562959.38,168154013.5,15557.54,12313.35,5862.14,6661.05,14748.8,16773.1,1550.55,1971.53,,,Y,,,,医药生物,医疗器械,医疗设备,122.48,122.24,120.5
sh688301,奕瑞科技,2024-10-22,120.81,122.85,117.95,119.0,122.11,1748261.0,209634428.0,16991845066.0,16991845066.0,590304010.1899999,416110746.28000003,4486677182.849999,8104240142.23,3617562959.38,168154013.5,7112.42,5649.39,3977.54,3442.98,8840.5,9037.11,1032.98,2833.96,,,Y,,,,医药生物,医疗器械,医疗设备,120.45,119.05,121.39
sh688301,奕瑞科技,2024-10-23,118.9,120.85,117.25,118.57,119.0,1611291.0,191512716.0,16930445961.98,16930445961.98,590304010.1899999,416110746.28000003,4486677182.849999,8104240142.23,3617562959.38,168154013.5,6437.93,6288.97,3233.04,3864.93,7533.51,7833.8,1946.79,1163.58,,,Y,,,,医药生物,医疗器械,医疗设备,119.11,118.61,117.85
sh688301,奕瑞科技,2024-10-24,117.0,119.32,115.71,116.96,118.57,922056.0,108082906.0,16700556293.44,16700556293.44,590304010.1899999,416110746.28000003,4486677182.849999,8104240142.23,3617562959.38,168154013.5,4198.98,3949.83,989.59,1087.97,5505.06,5765.21,114.66,5.28,,,Y,,,,医药生物,医疗器械,医疗设备,117.97,117.4,117.06
sh688301,奕瑞科技,2024-10-25,116.28,123.24,114.62,122.3,116.96,2204029.0,263658259.0,17463047492.2,17463047492.2,590304010.1899999,416110746.28000003,4486677182.849999,8104240142.23,3617562959.38,168154013.5,11269.81,10858.54,4893.43,4515.1,9025.48,10164.32,1177.1,827.87,,,Y,,,,医药生物,医疗器械,医疗设备,115.25,116.72,115.9
sh688301,奕瑞科技,2024-10-28,122.0,125.58,116.0,122.37,122.3,2328981.0,284805844.0,17473042695.18,17473042695.18,564722856.3600001,412289414.87,4595750679.200001,8198192582.97,3602441903.77,82699892.27000004,10646.21,10212.55,6755.67,6295.5,8537.81,10086.24,2540.9,1886.3,,,Y,,,,医药生物,医疗器械,医疗设备,118.57,122.78,121.53
sh688301,奕瑞科技,2024-10-29,121.4,122.12,115.91,120.59,122.37,1937694.0,227958123.0,17218878962.260002,17218878962.260002,564722856.3600001,412289414.87,4595750679.200001,8198192582.97,3602441903.77,82699892.27000004,8132.86,8354.6,4162.91,4899.7,8909.08,8926.32,1590.97,615.19,,,Y,,,,医药生物,医疗器械,医疗设备,119.5,118.79,118.37
sh688301,奕瑞科技,2024-10-30,117.59,120.22,115.15,115.88,120.59,1399725.0,165148432.0,16546344590.32,16546344590.32,564722856.3600001,412289414.87,4595750679.200001,8198192582.97,3602441903.77,82699892.27000004,5331.74,5481.01,2909.16,3051.37,6590.94,6505.58,1683.0,1476.89,,,Y,,,,医药生物,医疗器械,医疗设备,117.89,119.03,120.0
sh688301,奕瑞科技,2024-10-31,115.75,117.8,113.58,117.44,115.88,1897294.0,219218257.0,16769094828.16,16769094828.16,564722856.3600001,412289414.87,4595750679.200001,8198192582.97,3602441903.77,82699892.27000004,8120.98,7418.81,3445.23,5341.58,8827.79,7250.92,1527.83,1910.52,,,Y,,,,医药生物,医疗器械,医疗设备,116.7,116.0,116.14
sh688301,奕瑞科技,2024-11-01,116.54,119.51,115.77,116.75,117.44,1063416.0,125129364.0,16670570684.499998,16670570684.499998,564722856.3600001,412289414.87,4595750679.200001,8198192582.97,3602441903.77,82699892.27000004,3753.76,4225.52,1198.47,1693.61,7225.27,6464.14,335.43,129.67,,,Y,,,,医药生物,医疗器械,医疗设备,118.71,118.39,119.28
sh688301,奕瑞科技,2024-11-04,116.7,117.09,111.62,116.45,116.75,2234503.0,255432126.0,16627734100.3,16627734100.3,564722856.3600001,412289414.87,4595750679.200001,8198192582.97,3602441903.77,82699892.27000004,10623.6,9398.5,5099.91,5446.28,9471.24,10380.93,348.47,317.51,,,Y,,,,医药生物,医疗器械,医疗设备,115.6,114.77,113.14
sh688301,奕瑞科技,2024-11-05,115.02,117.2,113.33,115.31,116.45,2492880.0,287580992.0,16464955080.34,16464955080.34,564722856.3600001,412289414.87,4595750679.200001,8198192582.97,3602441903.77,82699892.27000004,11543.09,12592.99,4342.42,4254.08,11311.44,10802.72,1561.15,1108.31,,,Y,,,,医药生物,医疗器械,医疗设备,113.93,113.84,113.69
sh688301,奕瑞科技,2024-11-06,115.06,116.2,110.05,110.87,115.31,2979304.0,335622002.0,15830973634.18,15830973634.18,564722856.3600001,412289414.87,4595750679.200001,8198192582.97,3602441903.77,82699892.27000004,11437.01,11107.54,7320.36,4825.87,13061.17,14477.25,1743.66,3151.54,,,Y,,,,医药生物,医疗器械,医疗设备,115.65,114.02,114.24
sh688301,奕瑞科技,2024-11-07,109.87,115.36,107.71,114.51,110.87,2341212.0,264510231.0,16350724189.14,16350724189.14,564722856.3600001,412289414.87,4595750679.200001,8198192582.97,3602441903.77,82699892.27000004,9705.77,9274.88,4057.7,5855.93,9987.64,9815.69,2699.91,1504.53,,,Y,,,,医药生物,医疗器械,医疗设备,108.56,109.59,112.5
sh688301,奕瑞科技,2024-11-08,115.31,125.57,115.0,122.68,114.51,3629888.0,438908679.0,17517307165.52,17517307165.52,564722856.3600001,412289414.87,4595750679.200001,8198192582.97,3602441903.77,82699892.27000004,14341.97,16005.28,9318.76,8303.5,18229.34,15175.94,2000.8,4406.15,,,Y,,,,医药生物,医疗器械,医疗设备,117.0,115.18,116.21
sh688301,奕瑞科技,2024-11-11,123.05,129.97,121.5,125.0,122.68,3461488.0,436590876.0,17848576750.0,17848576750.0,564722856.3600001,412289414.87,4595750679.200001,8198192582.97,3602441903.77,82699892.27000004,14448.06,13287.43,8615.73,8374.67,16124.34,17841.23,4470.95,4155.75,,,Y,,,,医药生物,医疗器械,医疗设备,125.09,126.28,129.28
sh688301,奕瑞科技,2024-11-12,127.0,134.29,127.0,128.6,125.0,3252722.0,425694342.0,18362615760.4,18362615760.4,564722856.3600001,412289414.87,4595750679.200001,8198192582.97,3602441903.77,82699892.27000004,16230.37,15559.31,8250.23,8366.86,13864.82,13903.01,4224.01,4740.25,,,Y,,,,医药生物,医疗器械,医疗设备,129.75,131.71,133.3
sh688301,奕瑞科技,2024-11-13,130.0,130.98,122.0,128.0,128.6,2233365.0,281225578.0,18276942592.0,18276942592.0,564722856.3600001,412289414.87,4595750679.200001,8198192582.97,3602441903.77,82699892.27000004,11018.32,9983.92,5578.25,5139.36,10492.42,11488.81,1033.56,1510.47,,,Y,,,,医药生物,医疗器械,医疗设备,128.89,125.65,125.04
sh688301,奕瑞科技,2024-11-14,128.1,128.1,119.26,119.65,128.0,1594147.0,195541183.0,17084657665.1,17084657665.1,564722856.3600001,412289414.87,4595750679.200001,8198192582.97,3602441903.77,82699892.27000004,6905.7,7221.68,3333.69,2963.47,8763.65,8563.11,551.08,805.85,,,Y,,,,医药生物,医疗器械,医疗设备,126.62,126.01,125.9
sh688301,奕瑞科技,2024-11-15,119.31,120.0,111.75,112.2,119.65,2361399.0,269421907.0,16020882490.8,16020882490.8,564722856.3600001,412289414.87,4595750679.200001,8198192582.97,3602441903.77,82699892.27000004,10415.34,8843.76,4989.69,4948.97,10455.2,12434.59,1081.97,714.86,,,Y,,,,医药生物,医疗器械,医疗设备,118.49,116.93,115.9
sh688301,奕瑞科技,2024-11-18,112.37,117.68,110.78,113.32,112.2,1750717.0,199497562.0,16180805738.48,16180805738.48,564722856.3600001,412289414.87,4595750679.200001,8198192582.97,3602441903.77,82699892.27000004,6898.32,7761.51,4483.75,3116.12,7900.85,8485.03,666.85,587.09,,,Y,,,,医药生物,医疗器械,医疗设备,113.35,114.47,114.29
sh688301,奕瑞科技,2024-11-19,113.18,115.3,111.66,114.87,113.32,888311.0,100977048.0,16402128090.18,16402128090.18,564722856.3600001,412289414.87,4595750679.200001,8198192582.97,3602441903.77,82699892.27000004,2985.32,3378.77,1501.05,1634.17,4785.15,4779.62,826.19,305.14,,,Y,,,,医药生物,医疗器械,医疗设备,113.51,114.02,113.5
sh688301,奕瑞科技,2024-11-20,114.83,117.53,112.0,117.0,114.87,1031719.0,119440986.0,16706267838.0,16706267838.0,564722856.3600001,412289414.87,4595750679.200001,8198192582.97,3602441903.77,82699892.27000004,3831.97,4089.05,2411.63,2059.78,5445.83,5578.42,254.67,216.85,,,Y,,,,医药生物,医疗器械,医疗设备,117.18,114.5,114.57
sh688301,奕瑞科技,2024-11-21,117.6,117.6,112.11,112.93,117.0,1131564.0,128822133.0,16125118179.02,16125118179.02,564722856.3600001,412289414.87,4595750679.200001,8198192582.97,3602441903.77,82699892.27000004,5396.87,4483.43,2240.89,1666.06,5183.01,6407.12,61.44,325.6,,,Y,,,,医药生物,医疗器械,医疗设备,116.8,117.28,115.54
sh688301,奕瑞科技,2024-11-22,112.9,112.93,108.54,108.85,112.93,1313262.0,144720262.0,15542540633.9,15542540633.9,564722856.3600001,412289414.87,4595750679.200001,8198192582.97,3602441903.77,82699892.27000004,4369.5,4602.2,2590.29,1920.91,6390.48,7154.35,1121.75,794.57,,,Y,,,,医药生物,医疗器械,医疗设备,110.88,112.12,111.59
sh688301,奕瑞科技,2024-11-25,108.0,113.55,108.0,112.26,108.85,1557633.0,173058590.0,16029449807.64,16029449807.64,564722856.3600001,412289414.87,4595750679.200001,8198192582.97,3602441903.77,82699892.27000004,5866.41,6429.6,2286.21,3345.41,6768.93,7245.29,2384.31,285.56,,,Y,,,,医药生物,医疗器械,医疗设备,109.84,109.54,109.59
sh688301,奕瑞科技,2024-11-26,112.2,113.87,110.1,111.48,112.26,814581.0,91280436.0,15918074688.72,15918074688.72,564722856.3600001,412289414.87,4595750679.200001,8198192582.97,3602441903.77,82699892.27000004,3707.6,2906.29,1056.14,1298.88,4243.74,4592.06,120.57,330.81,,,Y,,,,医药生物,医疗器械,医疗设备,112.27,112.88,112.52
sh688301,奕瑞科技,2024-11-27,111.52,114.35,109.51,113.8,111.48,914127.0,102759033.0,16249344273.2,16249344273.2,564722856.3600001,412289414.87,4595750679.200001,8198192582.97,3602441903.77,82699892.27000004,3216.07,3540.55,829.09,874.57,6068.12,5375.47,162.62,485.32,,,Y,,,,医药生物,医疗器械,医疗设备,111.37,110.14,110.13
sh688301,奕瑞科技,2024-11-28,113.39,113.52,111.26,111.99,113.8,677641.0,76140118.0,15990896881.86,15990896881.86,564722856.3600001,412289414.87,4595750679.200001,8198192582.97,3602441903.77,82699892.27000004,2353.23,2196.66,1037.55,924.72,4221.36,4492.63,1.87,0.0,,,Y,,,,医药生物,医疗器械,医疗设备,113.03,112.88,112.01
sh688301,奕瑞科技,2024-11-29,113.0,117.98,111.66,116.11,111.99,1239695.0,143624570.0,16579185971.54,16579185971.54,564722856.3600001,412289414.87,4595750679.200001,8198192582.97,3602441903.77,82699892.27000004,4286.99,4844.47,2334.7,1996.19,6830.88,6234.47,909.89,1287.32,,,Y,,,,医药生物,医疗器械,医疗设备,115.1,113.56,113.44
sh688301,奕瑞科技,2024-12-02,116.2,116.97,112.62,114.15,116.11,1309038.0,150224451.0,16299320288.1,16299320288.1,564722856.3600001,412289414.87,4595750679.200001,8198192582.97,3602441903.77,82699892.27000004,5023.94,5501.98,2548.86,1669.66,6670.08,7547.21,779.57,303.59,,,Y,,,,医药生物,医疗器械,医疗设备,115.05,113.35,114.78
sh688301,奕瑞科技,2024-12-03,114.0,114.17,109.06,112.5,114.15,1618525.0,179932683.0,16063719075.0,16063719075.0,564722856.3600001,412289414.87,4595750679.200001,8198192582.97,3602441903.77,82699892.27000004,6557.14,6460.24,2458.03,2806.77,7281.11,8415.68,1696.98,310.58,,,Y,,,,医药生物,医疗器械,医疗设备,113.05,109.14,110.3
sh688301,奕瑞科技,2024-12-04,112.5,112.5,109.2,109.82,112.5,1145443.0,126179900.0,15711158672.76,15711158672.76,564722856.3600001,412289414.87,4595750679.200001,8198192582.97,3602441903.77,82699892.27000004,4222.86,3882.21,1508.29,1888.36,5093.99,6690.87,1792.85,156.56,,,Y,,,,医药生物,医疗器械,医疗设备,111.16,111.56,110.17
sh688301,奕瑞科技,2024-12-05,109.65,110.8,104.7,104.9,109.82,1833609.0,197377179.0,15007289608.2,15007289608.2,564722856.3600001,412289414.87,4595750679.200001,8198192582.97,3602441903.77,82699892.27000004,7683.4,5558.94,4085.67,3120.56,6841.86,8650.29,1126.79,2407.92,,,Y,,,,医药生物,医疗器械,医疗设备,109.49,109.99,109.56
sh688301,奕瑞科技,2024-12-06,108.28,113.86,107.5,111.93,104.9,2581267.0,287311104.0,16013021218.74,16013021218.74,564722856.3600001,412289414.87,4595750679.200001,8198192582.97,3602441903.77,82699892.27000004,11379.71,11526.41,6046.64,6557.39,9923.21,9208.66,1381.55,1438.66,,,Y,,,,医药生物,医疗器械,医疗设备,111.17,111.09,110.01
sh688301,奕瑞科技,2024-12-09,110.2,112.48,107.76,107.84,111.93,1274032.0,139639355.0,15427894293.12,15427894293.12,564722856.3600001,412289414.87,4595750679.200001,8198192582.97,3602441903.77,82699892.27000004,4565.03,4804.4,1964.65,2683.21,6843.56,6206.64,590.69,269.67,,,Y,,,,医药生物,医疗器械,医疗设备,111.07,109.87,110.5
sh688301,奕瑞科技,2024-12-10,112.48,113.0,109.0,110.3,107.84,1410786.0,156997320.0,15779828825.4,15779828825.4,564722856.3600001,412289414.87,4595750679.200001,8198192582.97,3602441903.77,82699892.27000004,4569.23,5695.09,2676.46,2083.01,7760.05,6344.22,693.99,1577.42,,,Y,,,,医药生物,医疗器械,医疗设备,110.69,109.8,110.08
sh688301,奕瑞科技,2024-12-11,110.01,111.98,109.0,109.06,110.3,888650.0,97555318.0,15602430931.08,15602430931.08,564722856.3600001,412289414.87,4595750679.200001,8198192582.97,3602441903.77,82699892.27000004,3176.18,3228.44,1603.24,1526.54,4837.42,4842.57,138.69,157.98,,,Y,,,,医药生物,医疗器械,医疗设备,110.72,110.23,111.39
sh688301,奕瑞科技,2024-12-12,109.06,112.43,108.6,109.95,109.06,953138.0,105115772.0,15729756839.099998,15729756839.099998,564722856.3600001,412289414.87,4595750679.200001,8198192582.97,3602441903.77,82699892.27000004,3504.56,3488.18,1960.08,2220.7,4935.55,4585.3,111.39,217.4,,,Y,,,,医药生物,医疗器械,医疗设备,109.21,109.41,109.46
sh688301,奕瑞科技,2024-12-13,109.08,109.98,106.16,106.16,109.95,1220621.0,130975793.0,15187548758.88,15187548758.88,564722856.3600001,412289414.87,4595750679.200001,8198192582.97,3602441903.77,82699892.27000004,4639.56,4148.52,1931.45,1802.02,5754.95,6938.92,771.62,208.13,,,Y,,,,医药生物,医疗器械,医疗设备,108.26,108.01,107.7
sh688301,奕瑞科技,2024-12-16,106.16,106.44,102.6,103.88,106.16,1244726.0,129171123.0,14861365533.84,14861365533.84,564722856.3600001,412289414.87,4595750679.200001,8198192582.97,3602441903.77,82699892.27000004,3889.56,4281.62,1435.1,1159.35,6868.69,7335.31,723.75,140.83,,,Y,,,,医药生物,医疗器械,医疗设备,105.8,104.8,105.0
sh688301,奕瑞科技,2024-12-17,103.38,104.86,101.66,102.5,103.88,879137.0,90435433.0,14663938845.0,14663938845.0,564722856.3600001,412289414.87,4595750679.200001,8198192582.97,3602441903.77,82699892.27000004,2670.24,2458.72,1032.35,840.34,5125.32,5528.57,215.63,215.91,,,Y,,,,医药生物,医疗器械,医疗设备,103.25,102.83,102.8
sh688301,奕瑞科技,2024-12-18,102.73,103.36,100.58,102.42,102.5,1003636.0,102358659.0,14652493819.56,14652493819.56,564722856.3600001,412289414.87,4595750679.200001,8198192582.97,3602441903.77,82699892.27000004,2619.54,2532.67,1184.6,2439.25,5902.98,5159.89,528.75,104.05,,,Y,,,,医药生物,医疗器械,医疗设备,102.57,102.54,101.5
sh688301,奕瑞科技,2024-12-19,101.02,102.13,99.21,99.67,102.42,1349004.0,134733308.0,14259071070.06,14259071070.06,564722856.3600001,412289414.87,4595750679.200001,8198192582.97,3602441903.77,82699892.27000004,5014.86,5000.7,1986.51,1780.59,5825.63,6567.05,646.33,124.99,,,Y,,,,医药生物,医疗器械,医疗设备,101.07,100.32,100.73
sh688301,奕瑞科技,2024-12-20,99.51,103.5,99.02,100.29,99.67,1530216.0,154678018.0,14347770017.22,14347770017.22,564722856.3600001,412289414.87,4595750679.200001,8198192582.97,3602441903.77,82699892.27000004,5798.36,4950.57,2811.6,2561.81,6304.85,7441.4,552.99,514.03,,,Y,,,,医药生物,医疗器械,医疗设备,99.32,99.38,99.63
sh688301,奕瑞科技,2024-12-23,100.33,101.43,97.82,98.0,100.29,1354210.0,134780314.0,14020156164.0,14020156164.0,564722856.3600001,412289414.87,4595750679.200001,8198192582.97,3602441903.77,82699892.27000004,3478.86,2700.92,1993.91,1597.28,7474.94,6657.19,530.31,2522.65,,,Y,,,,医药生物,医疗器械,医疗设备,101.2,100.97,100.11
sh688301,奕瑞科技,2024-12-24,98.08,99.8,98.01,98.31,98.0,627834.0,61960546.0,14064505637.58,14064505637.58,564722856.3600001,412289414.87,4595750679.200001,8198192582.97,3602441903.77,82699892.27000004,2226.08,1496.62,903.02,708.44,2934.42,3261.53,132.53,729.46,,,Y,,,,医药生物,医疗器械,医疗设备,98.95,99.35,99.72
sh688301,奕瑞科技,2024-12-25,98.88,98.88,94.5,95.18,98.31,1683620.0,161294729.0,13616719017.24,13616719017.24,564722856.3600001,412289414.87,4595750679.200001,8198192582.97,3602441903.77,82699892.27000004,5425.06,4814.18,2606.15,2444.37,6424.81,8772.58,1673.45,98.33,,,Y,,,,医药生物,医疗器械,医疗设备,97.5,96.94,96.62
sh688301,奕瑞科技,2024-12-26,94.96,95.6,93.8,94.91,95.18,934374.0,88657727.0,13578092056.38,13578092056.38,564722856.3600001,412289414.87,4595750679.200001,8198192582.97,3602441903.77,82699892.27000004,2910.67,2845.51,1381.64,980.62,4573.46,5039.64,0.0,0.0,,,Y,,,,医药生物,医疗器械,医疗设备,93.97,94.11,95.05
sh688301,奕瑞科技,2024-12-27,94.95,96.79,94.43,95.05,94.91,874737.0,83748135.0,13598120850.9,13598120850.9,564722856.3600001,412289414.87,4595750679.200001,8198192582.97,3602441903.77,82699892.27000004,2905.06,2853.19,1114.77,922.85,4354.98,4598.78,0.0,0.0,,,Y,,,,医药生物,医疗器械,医疗设备,95.5,94.73,95.33
sh688301,奕瑞科技,2024-12-30,94.58,96.27,93.2,95.53,95.05,1141787.0,108003904.0,13666791003.54,13666791003.54,564722856.3600001,412289414.87,4595750679.200001,8198192582.97,3602441903.77,82699892.27000004,3414.27,3835.09,1771.89,1734.49,4648.8,5084.51,965.43,146.3,,,Y,,,,医药生物,医疗器械,医疗设备,94.89,93.99,93.98
sh688301,奕瑞科技,2024-12-31,95.53,96.6,93.18,95.57,95.53,1329844.0,126560809.0,13672513516.259998,13672513516.259998,564722856.3600001,412289414.87,4595750679.200001,8198192582.97,3602441903.77,82699892.27000004,3731.26,4081.7,1813.48,2622.65,5261.65,5494.36,1849.69,457.37,,,Y,,,,医药生物,医疗器械,医疗设备,95.0,95.34,95.35
sh688301,奕瑞科技,2025-01-02,93.88,99.36,93.4,98.6,95.57,2135076.0,207875205.0,14105993854.8,14105993854.8,564722856.3600001,412289414.87,4595750679.200001,8198192582.97,3602441903.77,82699892.27000004,7785.57,8440.29,3652.95,2742.12,8575.17,8772.75,773.83,832.36,,,Y,,,,医药生物,医疗器械,医疗设备,95.0,95.66,96.72
sh688301,奕瑞科技,2025-01-03,98.0,100.85,96.24,96.62,98.6,1370278.0,134931041.0,13822729475.16,13822729475.16,564722856.3600001,412289414.87,4595750679.200001,8198192582.97,3602441903.77,82699892.27000004,5606.59,4300.84,2156.78,2102.27,5331.03,6022.89,398.72,1067.1,,,Y,,,,医药生物,医疗器械,医疗设备,99.5,100.6,99.0
sh688301,奕瑞科技,2025-01-06,96.05,100.44,94.76,98.62,96.62,1211299.0,118316409.0,14108855111.16,14108855111.16,564722856.3600001,412289414.87,4595750679.200001,8198192582.97,3602441903.77,82699892.27000004,4449.6,4188.84,1358.73,1103.06,5774.71,6139.18,248.6,400.56,,,Y,,,,医药生物,医疗器械,医疗设备,95.5,96.41,97.79
sh688301,奕瑞科技,2025-01-07,97.61,98.0,94.14,97.0,98.62,1071875.0,102900207.0,13877093346.0,13877093346.0,564722856.3600001,412289414.87,4595750679.200001,8198192582.97,3602441903.77,82699892.27000004,3821.58,3195.75,2211.61,1353.77,3782.46,5511.58,474.37,228.92,,,Y,,,,医药生物,医疗器械,医疗设备,96.3,95.94,94.57
sh688301,奕瑞科技,2025-01-08,97.05,98.32,95.02,97.41,97.0,841718.0,81400957.0,13935749101.38,13935749101.38,564722856.3600001,412289414.87,4595750679.200001,8198192582.97,3602441903.77,82699892.27000004,3033.23,2613.04,1359.82,1794.38,3747.04,3549.86,0.0,182.81,,,Y,,,,医药生物,医疗器械,医疗设备,96.63,96.25,95.53
sh688301,奕瑞科技,2025-01-09,97.41,98.8,95.33,97.45,97.41,624264.0,60650886.0,13941471614.099998,13941471614.099998,564722856.3600001,412289414.87,4595750679.200001,8198192582.97,3602441903.77,82699892.27000004,2351.63,2416.23,1391.79,756.74,2321.66,2734.19,0.0,157.93,,,Y,,,,医药生物,医疗器械,医疗设备,97.79,97.09,96.7
sh688301,奕瑞科技,2025-01-10,97.18,99.77,95.24,95.53,97.45,783251.0,76566091.0,13666791003.54,13666791003.54,564722856.3600001,412289414.87,4595750679.200001,8198192582.97,3602441903.77,82699892.27000004,2730.4,2293.61,1407.32,1036.63,3518.89,4135.88,0.0,190.49,,,Y,,,,医药生物,医疗器械,医疗设备,98.36,99.12,98.65
sh688301,奕瑞科技,2025-01-13,95.01,96.88,94.05,94.85,95.53,610496.0,58251670.0,13569508287.3,13569508287.3,564722856.3600001,412289414.87,4595750679.200001,8198192582.97,3602441903.77,82699892.27000004,1561.65,1491.16,935.11,397.65,3328.4,3692.23,0.0,244.12,,,Y,,,,医药生物,医疗器械,医疗设备,95.38,95.54,95.5
sh688301,奕瑞科技,2025-01-14,95.49,98.46,94.64,97.5,94.85,834333.0,80864464.0,13948624755.0,13948624755.0,564722856.3600001,412289414.87,4595750679.200001,8198192582.97,3602441903.77,82699892.27000004,3132.87,2847.26,1346.78,1123.84,3602.15,3909.57,4.65,205.77,,,Y,,,,医药生物,医疗器械,医疗设备,94.75,95.4,95.28
sh688301,奕瑞科技,2025-01-15,97.31,97.88,95.51,96.3,97.5,658666.0,63491001.0,13776949373.4,13776949373.4,564722856.3600001,412289414.87,4595750679.200001,8198192582.97,3602441903.77,82699892.27000004,2514.43,2202.9,1040.92,889.04,2687.12,3257.16,106.63,0.0,,,Y,,,,医药生物,医疗器械,医疗设备,96.6,96.15,96.18
sh688301,奕瑞科技,2025-01-16,96.3,98.43,96.12,97.85,96.3,697989.0,67992270.0,13998696741.3,13998696741.3,564722856.3600001,412289414.87,4595750679.200001,8198192582.97,3602441903.77,82699892.27000004,2143.47,2478.44,573.7,985.5,4082.06,3335.28,0.0,0.0,,,Y,,,,医药生物,医疗器械,医疗设备,96.49,97.8,97.58
sh688301,奕瑞科技,2025-01-17,97.53,107.5,97.08,105.72,97.85,2102208.0,217757132.0,15124601118.96,15124601118.96,564722856.3600001,412289414.87,4595750679.200001,8198192582.97,3602441903.77,82699892.27000004,7950.86,8350.37,3807.95,4195.95,8806.82,7212.04,1210.08,2017.35,,,Y,,,,医药生物,医疗器械,医疗设备,98.08,98.4,99.0
sh688301,奕瑞科技,2025-01-20,110.0,110.0,103.07,104.06,105.72,1593204.0,168619720.0,14887116841.08,14887116841.08,564722856.3600001,412289414.87,4595750679.200001,8198192582.97,3602441903.77,82699892.27000004,6886.72,5503.27,3832.44,4955.74,5416.42,4594.19,726.39,1808.78,,,Y,,,,医药生物,医疗器械,医疗设备,107.8,107.81,106.73
sh688301,奕瑞科技,2025-01-21,103.7,109.65,101.31,108.58,104.06,1755566.0,186510702.0,15533760778.44,15533760778.44,564722856.3600001,412289414.87,4595750679.200001,8198192582.97,3602441903.77,82699892.27000004,6848.99,6518.77,2549.83,2845.62,8315.41,8360.51,936.84,926.17,,,Y,,,,医药生物,医疗器械,医疗设备,105.69,102.61,101.86
sh688301,奕瑞科技,2025-01-22,107.5,107.99,105.01,106.55,108.58,779905.0,83161172.0,15243343257.9,15243343257.9,564722856.3600001,412289414.87,4595750679.200001,8198192582.97,3602441903.77,82699892.27000004,3953.47,3090.6,828.0,1000.51,3534.65,4225.01,0.0,0.0,,,Y,,,,医药生物,医疗器械,医疗设备,107.02,107.11,106.95
sh688301,奕瑞科技,2025-01-23,108.68,110.0,103.26,103.56,106.55,1104932.0,115654994.0,14815585432.08,14815585432.08,564722856.3600001,412289414.87,4595750679.200001,8198192582.97,3602441903.77,82699892.27000004,4324.28,3902.68,2617.96,2590.52,4413.61,4912.34,209.65,159.97,,,Y,,,,医药生物,医疗器械,医疗设备,106.94,106.13,104.65
sh688301,奕瑞科技,2025-01-24,103.56,103.79,101.75,102.99,103.56,805304.0,82628071.0,14734039625.820002,14734039625.820002,564722856.3600001,412289414.87,4595750679.200001,8198192582.97,3602441903.77,82699892.27000004,3000.45,2636.48,1519.23,912.59,3452.79,3444.96,290.34,1268.78,,,Y,,,,医药生物,医疗器械,医疗设备,102.84,101.8,102.13
sh688301,奕瑞科技,2025-01-27,103.46,104.9,100.22,101.9,102.99,678947.0,69544176.0,14578101154.2,14578101154.2,564722856.3600001,412289414.87,4595750679.200001,8198192582.97,3602441903.77,82699892.27000004,2428.56,2085.35,1310.81,1530.46,2905.48,3216.21,309.57,122.4,,,Y,,,,医药生物,医疗器械,医疗设备,103.35,102.81,103.01
sh688301,奕瑞科技,2025-02-05,102.46,103.33,98.72,100.1,101.9,1084705.0,108695219.0,14320588081.8,14320588081.8,564722856.3600001,412289414.87,4595750679.200001,8198192582.97,3602441903.77,82699892.27000004,4033.3,3552.83,2107.15,1321.39,4497.18,5716.04,188.86,236.23,,,Y,,,,医药生物,医疗器械,医疗设备,100.68,99.9,99.33
sh688301,奕瑞科技,2025-02-06,99.61,103.25,98.5,101.45,100.1,1043575.0,105454054.0,14513722886.099998,14513722886.099998,564722856.3600001,412289414.87,4595750679.200001,8198192582.97,3602441903.77,82699892.27000004,3745.93,3225.63,1886.02,1320.83,4913.45,4995.15,0.0,1003.8,,,Y,,,,医药生物,医疗器械,医疗设备,99.59,98.91,99.19
sh688301,奕瑞科技,2025-02-07,101.83,107.5,100.4,104.34,101.45,2397199.0,248281245.0,14927174430.12,14927174430.12,564722856.3600001,412289414.87,4595750679.200001,8198192582.97,3602441903.77,82699892.27000004,8880.31,10568.27,6087.59,4608.11,8522.73,9007.56,1337.5,644.18,,,Y,,,,医药生物,医疗器械,医疗设备,103.49,102.33,100.69
sh688301,奕瑞科技,2025-02-10,104.26,108.88,102.11,108.3,104.34,1951509.0,206646918.0,15493703189.4,15493703189.4,564722856.3600001,412289414.87,4595750679.200001,8198192582.97,3602441903.77,82699892.27000004,7795.06,7617.18,5304.67,3700.31,6695.81,7218.48,869.16,2128.72,,,Y,,,,医药生物,医疗器械,医疗设备,103.36,102.96,103.2
sh688301,奕瑞科技,2025-02-11,107.96,108.81,104.6,104.66,108.3,1053377.0,111803234.0,14972954531.88,14972954531.88,564722856.3600001,412289414.87,4595750679.200001,8198192582.97,3602441903.77,82699892.27000004,4560.98,4789.25,2642.78,1770.42,3583.11,4477.24,393.45,143.41,,,Y,,,,医药生物,医疗器械,医疗设备,107.04,107.9,106.71
sh688301,奕瑞科技,2025-02-12,104.23,105.95,103.02,104.93,104.66,837297.0,87535253.0,15011581492.74,15011581492.74,564722856.3600001,412289414.87,4595750679.200001,8198192582.97,3602441903.77,82699892.27000004,3464.32,3378.49,1378.77,1151.19,3778.8,4218.69,131.63,5.15,,,Y,,,,医药生物,医疗器械,医疗设备,104.0,103.52,103.6
sh688301,奕瑞科技,2025-02-13,105.05,105.55,101.0,101.03,104.93,1409092.0,144343369.0,14453636502.54,14453636502.54,564722856.3600001,412289414.87,4595750679.200001,8198192582.97,3602441903.77,82699892.27000004,4926.13,4910.21,3648.04,2139.61,5205.91,6946.09,654.25,438.42,,,Y,,,,医药生物,医疗器械,医疗设备,104.4,104.0,103.84
sh688301,奕瑞科技,2025-02-14,101.05,109.33,101.05,107.45,101.03,2513994.0,267179681.0,15372099794.099998,15372099794.099998,564722856.3600001,412289414.87,4595750679.200001,8198192582.97,3602441903.77,82699892.27000004,11465.67,9926.85,5361.37,7398.98,7608.95,7185.99,2281.98,2206.14,,,Y,,,,医药生物,医疗器械,医疗设备,102.47,104.24,105.55
sh688301,奕瑞科技,2025-02-17,108.0,114.0,106.55,113.04,107.45,3364520.0,372287161.0,16171820946.72,16171820946.72,564722856.3600001,412289414.87,4595750679.200001,8198192582.97,3602441903.77,82699892.27000004,13367.58,14088.57,9134.36,8755.06,12156.17,12840.41,2570.6,1544.68,,,Y,,,,医药生物,医疗器械,医疗设备,108.6,108.35,109.12
sh688301,奕瑞科技,2025-02-18,112.02,113.8,105.43,108.46,113.04,2246635.0,245870109.0,15516593240.28,15516593240.28,564722856.3600001,412289414.87,4595750679.200001,8198192582.97,3602441903.77,82699892.27000004,9782.05,9463.1,3274.0,4204.88,10498.62,9100.32,1032.35,1818.7,,,Y,,,,医药生物,医疗器械,医疗设备,113.04,110.5,109.83
sh688301,奕瑞科技,2025-02-19,108.48,110.48,105.5,109.12,108.46,1121633.0,121681564.0,15611014700.160002,15611014700.160002,564722856.3600001,412289414.87,4595750679.200001,8198192582.97,3602441903.77,82699892.27000004,5028.95,4290.08,1883.65,1921.11,4739.63,5463.77,515.94,493.19,,,Y,,,,医药生物,医疗器械,医疗设备,105.55,107.56,106.87
sh688301,奕瑞科技,2025-02-20,108.5,115.89,108.0,114.58,109.12,2533409.0,288091059.0,16392137686.44,16392137686.44,564722856.3600001,412289414.87,4595750679.200001,8198192582.97,3602441903.77,82699892.27000004,9982.46,9656.75,7621.25,7466.03,7567.57,7128.95,3637.83,4557.38,,,Y,,,,医药生物,医疗器械,医疗设备,112.18,114.28,113.34
sh688301,奕瑞科技,2025-02-21,113.9,115.53,112.0,114.8,114.58,2074659.0,235270354.0,16423611506.4,16423611506.4,564722856.3600001,412289414.87,4595750679.200001,8198192582.97,3602441903.77,82699892.27000004,7997.74,8436.89,5130.01,4984.83,7057.8,8875.09,3341.48,1230.22,,,Y,,,,医药生物,医疗器械,医疗设备,113.0,112.44,112.5
sh688301,奕瑞科技,2025-02-24,114.8,115.0,110.5,112.56,114.8,1655174.0,185410122.0,16103150794.08,16103150794.08,564722856.3600001,412289414.87,4595750679.200001,8198192582.97,3602441903.77,82699892.27000004,6683.73,7279.93,4424.6,3216.57,5675.73,6995.65,1756.95,1048.87,,,Y,,,,医药生物,医疗器械,医疗设备,112.09,114.56,112.16
sh688301,奕瑞科技,2025-02-25,111.49,114.45,109.22,112.85,112.56,1391716.0,156541630.0,16144639011.3,16144639011.3,564722856.3600001,412289414.87,4595750679.200001,8198192582.97,3602441903.77,82699892.27000004,5872.11,5869.2,3042.56,3442.79,5793.95,5358.73,945.54,983.44,,,Y,,,,医药生物,医疗器械,医疗设备,110.05,110.24,110.57
sh688301,奕瑞科技,2025-02-26,114.3,118.86,112.5,117.39,112.85,1952169.0,227680786.0,16794144205.02,16794144205.02,564722856.3600001,412289414.87,4595750679.200001,8198192582.97,3602441903.77,82699892.27000004,7018.14,8361.86,4564.27,4928.11,9706.78,7724.54,1478.9,1753.57,,,Y,,,,医药生物,医疗器械,医疗设备,115.38,115.3,115.22
sh688301,奕瑞科技,2025-02-27,117.39,119.3,115.46,116.16,117.39,1357913.0,159142747.0,16618176938.88,16618176938.88,564722856.3600001,412289414.87,4595750679.200001,8198192582.97,3602441903.77,82699892.27000004,5999.15,5847.22,3220.57,3483.04,5963.9,5771.69,730.65,812.32,,,Y,,,,医药生物,医疗器械,医疗设备,116.53,117.0,116.43
sh688301,奕瑞科技,2025-02-28,115.5,115.99,109.85,111.3,116.16,1607376.0,179720268.0,15922891643.4,15922891643.4,564722856.3600001,412289414.87,4595750679.200001,8198192582.97,3602441903.77,82699892.27000004,6093.01,6366.17,3408.48,4505.2,7752.74,5959.59,717.8,1141.07,,,Y,,,,医药生物,医疗器械,医疗设备,114.5,112.6,112.47
sh688301,奕瑞科技,2025-03-03,111.9,115.75,109.78,110.16,111.3,1417850.0,159406665.0,15759800030.88,15759800030.88,564722856.3600001,412289414.87,4595750679.200001,8198192582.97,3602441903.77,82699892.27000004,4912.73,6205.36,3409.94,3187.64,5722.53,5490.25,1895.47,1057.41,,,Y,,,,医药生物,医疗器械,医疗设备,111.76,112.42,113.68
sh688301,奕瑞科技,2025-03-04,109.5,112.01,109.0,111.3,110.16,898155.0,99114049.0,15922891643.4,15922891643.4,564722856.3600001,412289414.87,4595750679.200001,8198192582.97,3602441903.77,82699892.27000004,3163.27,3803.53,2386.19,1242.43,3867.78,4453.53,494.16,411.92,,,Y,,,,医药生物,医疗器械,医疗设备,110.32,110.15,110.13
sh688301,奕瑞科技,2025-03-05,111.5,111.5,107.6,109.95,111.3,1140081.0,124663234.0,15729756839.099998,15729756839.099998,564722856.3600001,412289414.87,4595750679.200001,8198192582.97,3602441903.77,82699892.27000004,4127.03,4824.77,2032.74,2097.71,4996.08,5131.04,1310.47,412.8,,,Y,,,,医药生物,医疗器械,医疗设备,110.11,109.1,108.53
sh688301,奕瑞科技,2025-03-06,110.0,116.48,109.3,114.39,109.95,1885863.0,213981616.0,16364955751.02,16364955751.02,564722856.3600001,412289414.87,4595750679.200001,8198192582.97,3602441903.77,82699892.27000004,7584.78,7328.55,3187.62,4196.65,9816.34,8158.26,809.42,1714.7,,,Y,,,,医药生物,医疗器械,医疗设备,111.39,110.23,110.27
sh688301,奕瑞科技,2025-03-07,114.5,117.12,112.18,116.6,114.39,1486575.0,172062157.0,16681124578.8,16681124578.8,564722856.3600001,412289414.87,4595750679.200001,8198192582.97,3602441903.77,82699892.27000004,7574.2,6579.12,2266.34,3024.68,7365.67,7021.66,0.0,580.76,,,Y,,,,医药生物,医疗器械,医疗设备,112.96,114.0,113.31
sh688301,奕瑞科技,2025-03-10,118.31,118.79,114.6,116.18,116.6,1111650.0,129276763.0,16621038195.24,16621038195.24,564722856.3600001,412289414.87,4595750679.200001,8198192582.97,3602441903.77,82699892.27000004,5234.95,4555.87,1869.57,2206.78,5664.8,5699.07,158.36,465.95,,,Y,,,,医药生物,医疗器械,医疗设备,116.56,117.05,115.53
sh688301,奕瑞科技,2025-03-11,115.0,116.0,111.12,113.32,116.18,1231771.0,139207575.0,16211878535.76,16211878535.76,564722856.3600001,412289414.87,4595750679.200001,8198192582.97,3602441903.77,82699892.27000004,4976.22,5419.79,2419.54,1848.64,6055.45,5827.49,469.55,824.83,,,Y,,,,医药生物,医疗器械,医疗设备,114.55,115.47,114.32
sh688301,奕瑞科技,2025-03-12,113.15,114.5,112.01,113.41,113.32,1089186.0,123560553.0,16224754189.38,16224754189.38,564722856.3600001,412289414.87,4595750679.200001,8198192582.97,3602441903.77,82699892.27000004,4309.9,4277.91,2481.78,2082.67,4809.34,5470.14,755.04,525.34,,,Y,,,,医药生物,医疗器械,医疗设备,112.59,112.46,113.69
sh688301,奕瑞科技,2025-03-13,112.82,118.6,111.98,115.21,113.41,2442710.0,282923529.0,16482267261.78,16482267261.78,564722856.3600001,412289414.87,4595750679.200001,8198192582.97,3602441903.77,82699892.27000004,12171.4,11329.01,3757.28,5903.69,12137.14,10206.86,226.54,852.79,,,Y,,,,医药生物,医疗器械,医疗设备,112.32,112.66,113.22
sh688301,奕瑞科技,2025-03-14,113.67,116.5,112.46,114.66,115.21,3031694.0,346485888.0,16403582711.88,16403582711.88,564722856.3600001,412289414.87,4595750679.200001,8198192582.97,3602441903.77,82699892.27000004,13950.29,16259.97,5190.27,4236.62,12617.75,11361.73,2890.28,2790.27,,,Y,,,,医药生物,医疗器械,医疗设备,114.25,114.76,113.11
sh688301,奕瑞科技,2025-03-17,114.99,115.1,111.18,111.5,114.66,2338231.0,263371256.0,15951504206.999998,15951504206.999998,564722856.3600001,412289414.87,4595750679.200001,8198192582.97,3602441903.77,82699892.27000004,12543.62,11593.66,5451.22,5593.74,6869.22,7814.37,1473.06,1335.36,,,Y,,,,医药生物,医疗器械,医疗设备,114.0,113.1,112.28
sh688301,奕瑞科技,2025-03-18,112.82,114.36,110.69,113.72,111.5,1633628.0,184360444.0,16269103662.96,16269103662.96,564722856.3600001,412289414.87,4595750679.200001,8198192582.97,3602441903.77,82699892.27000004,7137.96,7751.62,4045.26,4021.36,6562.1,6309.65,690.72,353.42,,,Y,,,,医药生物,医疗器械,医疗设备,111.07,112.07,112.3
sh688301,奕瑞科技,2025-03-19,113.36,114.42,110.0,110.49,113.72,1804648.0,201625783.0,15807010760.82,15807010760.82,564722856.3600001,412289414.87,4595750679.200001,8198192582.97,3602441903.77,82699892.27000004,7978.06,10264.24,4479.79,2790.86,6730.96,6499.02,973.76,608.47,,,Y,,,,医药生物,医疗器械,医疗设备,113.34,112.5,111.52
sh688301,奕瑞科技,2025-03-20,110.6,114.73,109.53,110.0,110.49,2444705.0,274529545.0,15736909980.0,15736909980.0,564722856.3600001,412289414.87,4595750679.200001,8198192582.97,3602441903.77,82699892.27000004,10784.05,8105.47,7093.53,6540.99,7695.68,7549.78,1879.7,5256.72,,,Y,,,,医药生物,医疗器械,医疗设备,109.85,110.2,111.64
sh688301,奕瑞科技,2025-03-21,110.0,110.02,104.63,105.88,110.0,1699427.0,181144035.0,15147491169.84,15147491169.84,564722856.3600001,412289414.87,4595750679.200001,8198192582.97,3602441903.77,82699892.27000004,7490.43,6869.42,4545.05,3810.3,5426.84,6378.22,652.08,1056.46,,,Y,,,,医药生物,医疗器械,医疗设备,107.86,108.01,107.12
sh688301,奕瑞科技,2025-03-24,105.0,107.1,104.63,105.85,105.88,1165737.0,123351129.0,15143199285.3,15143199285.3,564722856.3600001,412289414.87,4595750679.200001,8198192582.97,3602441903.77,82699892.27000004,4365.82,4463.7,1036.99,1657.17,6753.8,5924.99,178.5,289.25,,,Y,,,,医药生物,医疗器械,医疗设备,106.43,105.7,104.82
sh688301,奕瑞科技,2025-03-25,105.85,111.28,104.52,109.45,105.85,2319952.0,253003283.0,15658225430.099998,15658225430.099998,564722856.3600001,412289414.87,4595750679.200001,8198192582.97,3602441903.77,82699892.27000004,11064.69,9471.87,1957.59,5087.85,11647.74,10291.91,630.31,448.7,,,Y,,,,医药生物,医疗器械,医疗设备,105.76,108.88,108.6
