本数据策略分享会专用，由邢不行整理，微信：xbx6660
股票代码,股票名称,交易日期,开盘价,最高价,最低价,收盘价,前收盘价,成交量,成交额,流通市值,总市值,净利润TTM,现金流TTM,净资产,总资产,总负债,净利润(当季),中户资金买入额,中户资金卖出额,大户资金买入额,大户资金卖出额,散户资金买入额,散户资金卖出额,机构资金买入额,机构资金卖出额,沪深300成分股,上证50成分股,中证500成分股,中证1000成分股,中证2000成分股,创业板指成分股,新版申万一级行业名称,新版申万二级行业名称,新版申万三级行业名称,09:35收盘价,09:45收盘价,09:55收盘价
sh688819,N天能,2021-01-18,80.0,80.16,59.58,61.48,41.79,68051581.0,4400725023.0,6213064837.32,59764708000.0,1158289306.53,1481447303.6899998,3984968149.5700016,17908381003.4,13923412853.83,,134947.93,121695.51,147227.0,114020.0,71436.95,157803.73,86460.62,46553.27,,,,,,,电力设备,电源设备,储能设备,69.93,62.72,63.8
sh688819,天能股份,2021-01-19,58.93,63.63,56.94,57.07,61.48,37913515.0,2251757994.0,5767397694.63,55477747000.0,1158289306.53,1481447303.6899998,3984968149.5700016,17908381003.4,13923412853.83,,77333.28,65636.7,71049.33,73518.22,40478.89,36663.49,36314.3,49357.39,,,,,,,电力设备,电源设备,储能设备,61.6,62.2,59.93
sh688819,天能股份,2021-01-20,57.0,57.07,54.0,54.59,57.07,26770012.0,1475202368.0,5516773088.31,53066939000.0,1158289306.53,1481447303.6899998,3984968149.5700016,17908381003.4,13923412853.83,,55081.32,42691.15,47079.87,47377.45,30659.68,22423.48,14699.37,35028.16,,,,,,,电力设备,电源设备,储能设备,55.2,54.97,55.2
sh688819,天能股份,2021-01-21,54.33,56.89,53.31,55.63,54.59,26130958.0,1439041268.0,5621873729.67,54077923000.0,1158289306.53,1481447303.6899998,3984968149.5700016,17908381003.4,13923412853.83,,53955.79,46168.07,50598.85,49438.75,25611.91,24806.09,13737.58,23491.22,,,,,,,电力设备,电源设备,储能设备,55.2,54.41,53.71
sh688819,天能股份,2021-01-22,54.98,59.0,54.07,57.31,55.63,23326875.0,1325111011.0,5791651688.79,55711051000.0,1158289306.53,1481447303.6899998,3984968149.5700016,17908381003.4,13923412853.83,,50636.75,47905.69,47996.88,48387.34,19869.86,24516.93,14007.61,11701.14,,,,,,,电力设备,电源设备,储能设备,54.4,54.28,55.6
sh688819,天能股份,2021-01-25,57.32,58.48,52.88,52.89,57.31,24278100.0,1349692236.0,5344973963.01,51414369000.0,1158289306.53,1481447303.6899998,3984968149.5700016,17908381003.4,13923412853.83,,55222.61,41290.19,39307.95,54310.87,30585.35,15812.72,9853.31,23555.44,,,,,,,电力设备,电源设备,储能设备,56.79,57.77,57.18
sh688819,天能股份,2021-01-26,52.48,52.78,49.8,49.85,52.89,16274902.0,830683553.0,5037756703.650001,48459185000.0,1158289306.53,1481447303.6899998,3984968149.5700016,17908381003.4,13923412853.83,,32602.59,30225.04,23274.44,32639.51,20463.28,11040.74,6728.05,9163.07,,,,,,,电力设备,电源设备,储能设备,51.73,52.45,52.42
sh688819,天能股份,2021-01-27,49.88,51.97,49.88,51.28,49.85,11139272.0,570108300.0,5182270085.52,49849288000.0,1158289306.53,1481447303.6899998,3984968149.5700016,17908381003.4,13923412853.83,,21547.98,20892.46,20888.73,20781.58,7926.11,11565.13,5910.22,3033.86,,,,,,,电力设备,电源设备,储能设备,50.08,51.6,51.1
sh688819,天能股份,2021-01-28,50.39,52.4,49.83,50.02,51.28,10256117.0,523536009.0,5054936616.18,48624442000.0,1158289306.53,1481447303.6899998,3984968149.5700016,17908381003.4,13923412853.83,,21175.8,19740.93,15868.27,17542.33,10111.76,7684.13,3850.68,6039.11,,,,,,,电力设备,电源设备,储能设备,50.68,51.25,51.5
sh688819,天能股份,2021-01-29,50.95,54.66,50.1,53.26,50.02,17712687.0,936102020.0,5382365537.339999,51774046000.0,1158289306.53,1481447303.6899998,3984968149.5700016,17908381003.4,13923412853.83,,34697.43,37754.16,36985.13,30274.03,11543.22,19675.25,10379.81,5902.14,,,,,,,电力设备,电源设备,储能设备,50.69,50.3,50.53
sh688819,天能股份,2021-02-01,53.0,55.59,52.35,53.88,53.26,13995934.0,757176458.0,5445021688.92,52376748000.0,1158289306.53,1481447303.6899998,3984968149.5700016,17908381003.4,13923412853.83,,29810.47,26634.0,27219.04,27798.6,12040.51,12050.76,6647.62,9234.28,,,,,,,电力设备,电源设备,储能设备,53.27,52.62,52.88
sh688819,天能股份,2021-02-02,53.84,55.15,52.18,52.2,53.88,12196454.0,651208515.0,5275243729.8,50743620000.0,1158289306.53,1481447303.6899998,3984968149.5700016,17908381003.4,13923412853.83,,27778.27,22472.74,19633.59,25340.78,13359.24,8310.85,4349.75,8996.48,,,,,,,电力设备,电源设备,储能设备,53.54,53.05,53.52
sh688819,天能股份,2021-02-03,51.6,52.89,50.9,50.9,52.2,9071155.0,469274827.0,5143867928.1,49479890000.0,1158289306.53,1481447303.6899998,3984968149.5700016,17908381003.4,13923412853.83,,17551.19,17011.7,14377.44,18083.39,10356.43,6489.71,4642.42,5342.68,,,,,,,电力设备,电源设备,储能设备,51.47,51.88,52.01
sh688819,天能股份,2021-02-04,50.39,51.39,47.2,47.86,50.9,12692478.0,618636555.0,4836650668.74,46524706000.0,1158289306.53,1481447303.6899998,3984968149.5700016,17908381003.4,13923412853.83,,26762.42,22159.93,17912.37,24905.55,15241.4,7680.98,1947.47,7117.19,,,,,,,电力设备,电源设备,储能设备,51.07,50.85,50.31
sh688819,天能股份,2021-02-05,47.9,48.22,44.92,44.96,47.86,10394478.0,481751688.0,4543581572.639999,43705616000.0,1158289306.53,1481447303.6899998,3984968149.5700016,17908381003.4,13923412853.83,,21349.95,17879.67,13518.03,19631.38,12362.6,6247.7,944.59,4416.42,,,,,,,电力设备,电源设备,储能设备,47.99,47.85,47.09
sh688819,天能股份,2021-02-08,45.2,46.45,44.52,45.41,44.96,6439453.0,293981393.0,4589057811.690001,44143061000.0,1158289306.53,1481447303.6899998,3984968149.5700016,17908381003.4,13923412853.83,,12419.58,11357.43,9074.12,10027.24,4859.4,5110.73,3045.04,2902.74,,,,,,,电力设备,电源设备,储能设备,44.92,44.9,45.85
sh688819,天能股份,2021-02-09,45.47,46.53,45.2,46.04,45.41,6338735.0,292046082.0,4652724546.36,44755484000.0,1158289306.53,1481447303.6899998,3984968149.5700016,17908381003.4,13923412853.83,,12264.73,13003.67,11006.6,9816.91,4584.77,4996.33,1348.51,1387.7,,,,,,,电力设备,电源设备,储能设备,45.82,46.2,46.0
sh688819,天能股份,2021-02-10,46.39,46.39,44.56,44.72,46.04,8716593.0,392682679.0,4519327578.48,43472312000.0,1158289306.53,1481447303.6899998,3984968149.5700016,17908381003.4,13923412853.83,,16467.43,13282.67,12951.64,17728.88,8506.57,3926.46,1342.64,4330.26,,,,,,,电力设备,电源设备,储能设备,46.23,45.76,45.67
sh688819,天能股份,2021-02-18,45.63,48.18,45.12,47.4,44.72,8200895.0,381250363.0,4790163846.599999,46077540000.0,1158289306.53,1481447303.6899998,3984968149.5700016,17908381003.4,13923412853.83,,15127.86,15577.31,14552.13,12850.91,5820.08,8452.79,2624.97,1244.03,,,,,,,电力设备,电源设备,储能设备,45.31,45.85,45.85
sh688819,天能股份,2021-02-19,47.3,49.08,46.68,48.34,47.4,7037312.0,337463878.0,4885158657.06,46991314000.0,1158289306.53,1481447303.6899998,3984968149.5700016,17908381003.4,13923412853.83,,13026.56,13041.38,12394.85,12376.12,5617.75,6885.18,1865.29,601.77,,,,,,,电力设备,电源设备,储能设备,47.74,47.12,47.0
sh688819,天能股份,2021-02-22,48.34,48.86,46.68,46.73,48.34,8986408.0,428791930.0,4722454779.570001,45426233000.0,1158289306.53,1481447303.6899998,3984968149.5700016,17908381003.4,13923412853.83,,18155.65,13450.41,13015.2,17351.44,9200.27,4348.62,2508.08,7728.72,,,,,,,电力设备,电源设备,储能设备,48.85,47.99,47.94
sh688819,天能股份,2021-02-23,46.72,46.72,45.4,45.96,46.73,5773495.0,265075052.0,4644639881.639999,44677716000.0,1158289306.53,1481447303.6899998,3984968149.5700016,17908381003.4,13923412853.83,,10795.14,9301.58,8549.36,11433.1,5820.24,3921.92,1342.76,1850.9,,,,,,,电力设备,电源设备,储能设备,46.55,45.86,45.5
sh688819,天能股份,2021-02-24,45.96,46.69,45.48,46.35,45.96,4766272.0,219694450.0,4684052622.15,45056835000.0,1158289306.53,1481447303.6899998,3984968149.5700016,17908381003.4,13923412853.83,,9383.77,9369.74,7023.57,8129.92,4400.21,3683.57,1161.89,786.22,,,,,,,电力设备,电源设备,储能设备,46.4,46.65,46.37
sh688819,天能股份,2021-02-25,46.5,46.75,44.85,45.04,46.35,6247007.0,285491473.0,4551666237.36,43783384000.0,1158289306.53,1481447303.6899998,3984968149.5700016,17908381003.4,13923412853.83,,12187.29,9422.29,8685.49,12437.65,6369.83,3042.8,1306.54,3646.41,,,,,,,电力设备,电源设备,储能设备,46.71,46.24,46.11
sh688819,天能股份,2021-02-26,44.58,44.58,43.5,43.56,45.04,6455706.0,283866006.0,4402099940.04,42344676000.0,1158289306.53,1481447303.6899998,3984968149.5700016,17908381003.4,13923412853.83,,11728.71,9940.37,7787.12,12221.2,7367.97,3100.72,1502.81,3124.31,,,,,,,电力设备,电源设备,储能设备,44.4,44.27,44.26
sh688819,天能股份,2021-03-01,44.0,45.19,44.0,45.04,43.56,4936321.0,221022648.0,4551666237.36,43783384000.0,1158289306.53,1481447303.6899998,3984968149.5700016,17908381003.4,13923412853.83,,9099.83,8877.95,7468.22,7465.54,3814.49,4231.0,1719.73,1527.76,,,,,,,电力设备,电源设备,储能设备,44.3,44.62,44.67
sh688819,天能股份,2021-03-02,45.4,45.48,44.08,44.32,45.04,4289413.0,191087363.0,4478904254.88,43083472000.0,1158289306.53,1481447303.6899998,3984968149.5700016,17908381003.4,13923412853.83,,8313.5,7494.41,5503.17,7826.94,4564.2,2774.62,727.86,1012.77,,,,,,,电力设备,电源设备,储能设备,45.21,45.05,44.91
sh688819,天能股份,2021-03-03,44.16,46.82,44.15,46.16,44.32,6143561.0,280737859.0,4664851543.44,44872136000.0,1158289306.53,1481447303.6899998,3984968149.5700016,17908381003.4,13923412853.83,,11558.17,11657.23,10107.98,6580.29,4497.0,7237.98,833.63,1521.29,,,,,,,电力设备,电源设备,储能设备,44.3,44.56,44.99
sh688819,天能股份,2021-03-04,45.8,46.3,45.02,45.3,46.16,4909966.0,223507433.0,4577941397.7,44036130000.0,1158289306.53,1481447303.6899998,3984968149.5700016,17908381003.4,13923412853.83,,10741.39,9641.26,6238.78,8879.38,5130.74,3141.58,239.83,688.52,,,,,,,电力设备,电源设备,储能设备,45.68,45.9,45.65
sh688819,天能股份,2021-03-05,45.1,46.06,45.1,45.61,45.3,4019107.0,183442020.0,4609269473.49,44337481000.0,1158289306.53,1481447303.6899998,3984968149.5700016,17908381003.4,13923412853.83,,8306.15,7229.68,5933.1,6420.61,2943.86,3298.71,330.25,564.36,,,,,,,电力设备,电源设备,储能设备,45.49,45.7,45.63
sh688819,天能股份,2021-03-08,46.0,46.0,44.5,44.5,45.61,4649523.0,210123211.0,4497094750.5,43258450000.0,1158289306.53,1481447303.6899998,3984968149.5700016,17908381003.4,13923412853.83,,10037.83,8494.56,5010.71,8374.87,5117.46,2313.29,846.33,1829.6,,,,,,,电力设备,电源设备,储能设备,45.79,45.66,45.72
sh688819,天能股份,2021-03-09,44.74,44.76,43.63,43.85,44.5,3992008.0,176431762.0,4431406849.650001,42626585000.0,1158289306.53,1481447303.6899998,3984968149.5700016,17908381003.4,13923412853.83,,7980.84,7521.99,4883.94,6479.55,4030.26,2659.65,748.13,981.99,,,,,,,电力设备,电源设备,储能设备,44.2,44.47,44.29
sh688819,天能股份,2021-03-10,44.48,44.6,43.66,43.89,43.85,3274629.0,144194559.0,4435449182.01,42665469000.0,1158289306.53,1481447303.6899998,3984968149.5700016,17908381003.4,13923412853.83,,6609.26,5823.85,4701.35,5736.88,2641.02,1883.11,467.83,975.62,,,,,,,电力设备,电源设备,储能设备,44.35,44.05,44.23
sh688819,天能股份,2021-03-11,43.87,44.54,43.3,44.23,43.89,4242096.0,187096432.0,4469809007.07,42995983000.0,1158289306.53,1481447303.6899998,3984968149.5700016,17908381003.4,13923412853.83,,7871.11,7027.94,6343.44,6758.58,3329.66,2677.81,1165.43,2245.32,,,,,,,电力设备,电源设备,储能设备,43.82,43.7,43.98
sh688819,天能股份,2021-03-12,44.31,45.97,44.17,45.63,44.23,6295673.0,286400002.0,4611290639.67,44356923000.0,1158289306.53,1481447303.6899998,3984968149.5700016,17908381003.4,13923412853.83,,12992.14,12855.83,10419.59,8404.56,4100.54,6523.81,1127.73,855.81,,,,,,,电力设备,电源设备,储能设备,44.6,45.1,45.78
sh688819,天能股份,2021-03-15,45.81,45.83,44.3,44.52,45.63,4368108.0,195827001.0,4499115916.679999,43277892000.0,1158289306.53,1481447303.6899998,3984968149.5700016,17908381003.4,13923412853.83,,8329.76,7764.22,5370.44,8449.33,4496.34,2378.61,1386.16,990.55,,,,,,,电力设备,电源设备,储能设备,45.52,44.9,44.82
sh688819,天能股份,2021-03-16,44.66,45.22,44.18,44.77,44.52,3250055.0,145117301.0,4524380493.93,43520917000.0,1158289306.53,1481447303.6899998,3984968149.5700016,17908381003.4,13923412853.83,,6196.24,5985.95,3984.99,3888.28,2750.1,2238.12,1197.58,2016.56,,,,,,,电力设备,电源设备,储能设备,44.72,44.9,44.97
sh688819,天能股份,2021-03-17,44.68,45.86,44.25,45.53,44.77,4732639.0,213608136.0,4601184808.77,44259713000.0,1158289306.53,1481447303.6899998,3984968149.5700016,17908381003.4,13923412853.83,,8486.2,8823.31,6689.42,6526.87,3384.12,3616.39,1774.44,1367.62,,,,,,,电力设备,电源设备,储能设备,44.35,44.48,44.38
sh688819,天能股份,2021-03-18,45.58,49.18,45.35,48.5,45.53,11403054.0,540086198.0,4901327986.5,47146850000.0,1158289306.53,1481447303.6899998,3984968149.5700016,17908381003.4,13923412853.83,,20185.25,22452.39,21581.15,13395.65,7754.63,12177.26,3770.99,5266.72,,,,,,,电力设备,电源设备,储能设备,45.58,45.48,45.74
sh688819,天能股份,2021-03-19,47.85,50.97,47.57,48.71,48.5,11369488.0,563717158.0,4922550231.39,47350991000.0,1158289306.53,1481447303.6899998,3984968149.5700016,17908381003.4,13923412853.83,,21629.6,23542.48,20105.01,19424.23,9942.39,11079.71,4694.72,2325.3,,,,,,,电力设备,电源设备,储能设备,49.17,49.08,49.77
sh688819,天能股份,2021-03-22,48.8,50.6,48.8,49.53,48.71,7841343.0,391190396.0,5005418044.77,48148113000.0,1158289306.53,1481447303.6899998,3984968149.5700016,17908381003.4,13923412853.83,,14664.26,15285.42,12684.51,14587.6,8596.62,6882.17,3173.64,2363.85,,,,,,,电力设备,电源设备,储能设备,50.5,49.93,49.87
sh688819,天能股份,2021-03-23,49.9,49.97,48.0,48.3,49.53,5653815.0,276031613.0,4881116324.7,46952430000.0,1158289306.53,1481447303.6899998,3984968149.5700016,17908381003.4,13923412853.83,,12068.2,11034.1,7288.49,9889.4,7190.81,4788.75,1055.66,1890.92,,,,,,,电力设备,电源设备,储能设备,49.47,48.78,48.8
sh688819,天能股份,2021-03-24,47.99,48.4,46.63,47.0,48.3,4922447.0,232395775.0,4749740523.0,45688700000.0,1158289306.53,1481447303.6899998,3984968149.5700016,17908381003.4,13923412853.83,,9875.98,8694.41,5796.52,9045.79,6502.53,3160.69,1064.55,2338.69,,,,,,,电力设备,电源设备,储能设备,48.04,47.7,47.48
sh688819,天能股份,2021-03-25,46.65,48.09,46.57,47.25,47.0,3627122.0,171922748.0,4775005100.25,45931725000.0,1158289306.53,1481447303.6899998,3984968149.5700016,17908381003.4,13923412853.83,,7702.3,6457.05,5509.02,5122.03,3280.74,4495.56,700.22,1117.63,,,,,,,电力设备,电源设备,储能设备,47.11,47.9,47.54
sh688819,天能股份,2021-03-26,47.47,49.55,47.21,49.38,47.25,6328248.0,308950360.0,4990259298.42,48002298000.0,1158289306.53,1481447303.6899998,3984968149.5700016,17908381003.4,13923412853.83,,12289.81,11867.05,11960.61,9858.54,4398.64,7546.43,2245.98,1623.01,,,,,,,电力设备,电源设备,储能设备,47.88,47.73,48.59
sh688819,天能股份,2021-03-29,49.0,49.9,46.9,47.0,49.38,7725986.0,372748268.0,4749740523.0,45688700000.0,2279814402.97,2700655064.04,7128027955.599998,19643121290.01,12515093334.41,,14807.61,12208.17,10999.92,15293.96,9027.51,4708.42,2439.79,5064.28,,,,,,,电力设备,电源设备,储能设备,49.69,49.17,48.91
sh688819,天能股份,2021-03-30,47.0,47.49,46.16,46.95,47.0,4570380.0,214140050.0,4744687607.55,45640095000.0,2279814402.97,2700655064.04,7128027955.599998,19643121290.01,12515093334.41,,8668.46,8128.78,7431.2,9270.39,4923.36,3211.85,390.99,802.99,,,,,,,电力设备,电源设备,储能设备,46.83,46.47,46.38
sh688819,天能股份,2021-03-31,46.9,47.44,46.46,46.71,46.95,3019653.0,141253595.0,4720433613.39,45406791000.0,2279814402.97,2700655064.04,7128027955.599998,19643121290.01,12515093334.41,,5837.34,5315.03,4361.53,4827.94,3464.28,2708.64,142.43,953.96,,,,,,,电力设备,电源设备,储能设备,47.1,47.18,46.88
sh688819,天能股份,2021-04-01,46.7,47.1,46.23,46.58,46.71,3466241.0,161466730.0,4707296033.22,45280418000.0,2279814402.97,2700655064.04,7128027955.599998,19643121290.01,12515093334.41,,6921.29,5948.94,4528.8,5197.33,3717.13,3310.12,979.46,1690.28,,,,,,,电力设备,电源设备,储能设备,47.03,46.58,46.5
sh688819,天能股份,2021-04-02,46.68,47.18,46.2,46.93,46.58,3388188.0,158425963.0,4742666441.37,45620653000.0,2279814402.97,2700655064.04,7128027955.599998,19643121290.01,12515093334.41,,7142.56,6695.25,5016.39,5702.41,3101.13,2872.64,582.51,572.3,,,,,,,电力设备,电源设备,储能设备,46.34,46.46,46.36
sh688819,天能股份,2021-04-06,46.9,48.2,46.8,47.93,46.93,4083277.0,194933160.0,4843724750.37,46592753000.0,2279814402.97,2700655064.04,7128027955.599998,19643121290.01,12515093334.41,,8370.48,7359.36,7065.16,6721.52,3041.39,3819.32,1016.29,1593.12,,,,,,,电力设备,电源设备,储能设备,47.31,47.61,47.9
sh688819,天能股份,2021-04-07,48.09,48.09,47.18,47.67,47.93,3128675.0,148530132.0,4817449590.03,46340007000.0,2279814402.97,2700655064.04,7128027955.599998,19643121290.01,12515093334.41,,6889.24,5781.84,4144.93,5605.47,3222.34,2177.6,596.5,1288.1,,,,,,,电力设备,电源设备,储能设备,47.62,47.52,47.43
sh688819,天能股份,2021-04-08,47.9,49.07,47.52,47.91,47.67,4673626.0,226456633.0,4841703584.19,46573311000.0,2279814402.97,2700655064.04,7128027955.599998,19643121290.01,12515093334.41,,9840.24,9568.3,7743.07,7213.48,4036.6,4656.03,560.62,742.7,,,,,,,电力设备,电源设备,储能设备,47.72,48.47,48.89
sh688819,天能股份,2021-04-09,48.1,48.58,46.68,46.8,47.91,4723582.0,224525076.0,4729528861.2,45494280000.0,2279814402.97,2700655064.04,7128027955.599998,19643121290.01,12515093334.41,,9487.65,8107.86,6846.24,9364.73,5474.35,2506.78,644.27,2473.14,,,,,,,电力设备,电源设备,储能设备,48.3,48.45,48.19
sh688819,天能股份,2021-04-12,46.71,46.81,44.14,44.46,46.8,5964307.0,269036588.0,4493052418.14,43219566000.0,2279814402.97,2700655064.04,7128027955.599998,19643121290.01,12515093334.41,,11720.41,9648.89,6652.91,12291.03,8021.19,2375.22,509.15,2588.53,,,,,,,电力设备,电源设备,储能设备,45.96,45.71,45.37
sh688819,天能股份,2021-04-13,44.45,44.94,44.21,44.25,44.46,2546915.0,113243601.0,4471830173.25,43015425000.0,2279814402.97,2700655064.04,7128027955.599998,19643121290.01,12515093334.41,,4998.45,4753.25,3319.22,4173.17,2814.79,1635.22,191.91,762.72,,,,,,,电力设备,电源设备,储能设备,44.5,44.5,44.73
sh688819,天能股份,2021-04-14,44.37,44.82,44.3,44.73,44.25,2194056.0,97975190.0,4520338161.570001,43482033000.0,2279814402.97,2700655064.04,7128027955.599998,19643121290.01,12515093334.41,,4381.01,4356.86,3284.48,3144.94,1746.51,1649.84,134.13,394.48,,,,,,,电力设备,电源设备,储能设备,44.47,44.79,44.63
sh688819,天能股份,2021-04-15,44.44,44.44,43.54,43.98,44.73,3373562.0,147894199.0,4444544429.82,42752958000.0,2279814402.97,2700655064.04,7128027955.599998,19643121290.01,12515093334.41,,6601.9,5789.74,3330.12,5724.27,4451.6,1873.44,405.8,1401.97,,,,,,,电力设备,电源设备,储能设备,44.37,43.9,43.83
sh688819,天能股份,2021-04-16,44.1,44.76,43.57,44.5,43.98,3096001.0,136903021.0,4497094750.5,43258450000.0,2279814402.97,2700655064.04,7128027955.599998,19643121290.01,12515093334.41,,6411.32,6416.65,4102.59,3888.64,2864.96,2659.89,311.43,725.13,,,,,,,电力设备,电源设备,储能设备,43.86,43.8,43.7
sh688819,天能股份,2021-04-19,44.69,46.36,44.64,45.96,44.5,5083658.0,232328443.0,4644639881.639999,44677716000.0,2279814402.97,2700655064.04,7128027955.599998,19643121290.01,12515093334.41,,9280.01,9859.69,8142.76,6376.6,3669.78,5106.22,2140.31,1890.34,,,,,,,电力设备,电源设备,储能设备,44.8,45.28,45.65
sh688819,天能股份,2021-04-20,45.58,46.25,45.01,45.02,45.96,4252260.0,193629046.0,4549645071.18,43763942000.0,2279814402.97,2700655064.04,7128027955.599998,19643121290.01,12515093334.41,,7923.33,7119.44,4811.99,7175.47,5070.5,2102.68,1557.09,2965.32,,,,,,,电力设备,电源设备,储能设备,46.0,45.73,45.83
sh688819,天能股份,2021-04-21,44.65,44.85,44.12,44.57,45.02,3052230.0,135984832.0,4504168832.13,43326497000.0,2279814402.97,2700655064.04,7128027955.599998,19643121290.01,12515093334.41,,5423.39,5063.02,3493.58,5286.93,3304.98,1838.85,1376.53,1409.69,,,,,,,电力设备,电源设备,储能设备,44.56,44.31,44.29
sh688819,天能股份,2021-04-22,45.0,45.62,44.6,44.82,44.57,3406561.0,153607904.0,4529433409.38,43569522000.0,2279814402.97,2700655064.04,7128027955.599998,19643121290.01,12515093334.41,,6379.8,6112.56,4230.13,4421.87,2992.25,3162.9,1758.61,1663.46,,,,,,,电力设备,电源设备,储能设备,45.58,45.31,45.42
sh688819,天能股份,2021-04-23,44.9,45.88,44.37,45.4,44.82,4002696.0,181035931.0,4588047228.599999,44133340000.0,2279814402.97,2700655064.04,7128027955.599998,19643121290.01,12515093334.41,,7623.12,7674.62,6297.07,6106.22,3628.72,3855.75,554.67,467.0,,,,,,,电力设备,电源设备,储能设备,44.78,44.63,44.54
sh688819,天能股份,2021-04-26,45.7,46.27,45.0,45.05,45.4,4279019.0,195431562.0,4552676820.45,43793105000.0,2279814402.97,2700655064.04,7128027955.599998,19643121290.01,12515093334.41,,8800.7,8407.5,6447.74,6837.42,3572.31,3498.97,722.41,799.26,,,,,,,电力设备,电源设备,储能设备,45.09,45.93,46.1
sh688819,天能股份,2021-04-27,45.04,45.04,44.05,44.34,45.05,3110538.0,137921560.0,4480925421.06,43102914000.0,2279814402.97,2700655064.04,7128027955.599998,19643121290.01,12515093334.41,,5652.44,5865.3,4435.63,5371.5,3305.71,2377.72,398.38,177.64,,,,,,,电力设备,电源设备,储能设备,44.69,44.2,44.43
sh688819,天能股份,2021-04-28,44.32,45.97,44.21,45.53,44.34,4777175.0,216497838.0,4601184808.77,44259713000.0,2279814402.97,2700655064.04,7128027955.599998,19643121290.01,12515093334.41,,9361.73,9487.82,7995.49,7440.22,3494.54,4216.93,798.03,504.81,,,,,,,电力设备,电源设备,储能设备,44.46,44.77,44.75
sh688819,天能股份,2021-04-29,45.4,45.65,44.2,44.65,45.53,4423917.0,197900599.0,4512253496.85,43404265000.0,2279814402.97,2700655064.04,7128027955.599998,19643121290.01,12515093334.41,,9187.22,7394.69,5340.55,7487.2,5052.49,3049.71,209.81,1858.47,,,,,,,电力设备,电源设备,储能设备,45.32,45.4,45.3
sh688819,天能股份,2021-04-30,43.88,43.88,41.81,42.1,44.65,8309589.0,353410821.0,4254554808.9,40925410000.0,2279814402.97,2700655064.04,12270360429.78,26431219497.2,14160859067.42,411927361.97,16040.45,12211.33,8483.83,14997.61,9441.09,3650.3,1375.71,4481.84,,,,,,,电力设备,电源设备,储能设备,43.32,42.84,42.85
sh688819,天能股份,2021-05-06,41.98,42.36,41.58,41.83,42.1,3128854.0,131003594.0,4227269065.47,40662943000.0,2279814402.97,2700655064.04,12270360429.78,26431219497.2,14160859067.42,411927361.97,5734.62,5541.83,3662.35,5408.43,3326.53,1508.44,376.86,641.65,,,,,,,电力设备,电源设备,储能设备,42.11,41.91,42.2
sh688819,天能股份,2021-05-07,41.7,42.19,41.08,41.18,41.83,3130265.0,130329878.0,4161581164.62,40031078000.0,2279814402.97,2700655064.04,12270360429.78,26431219497.2,14160859067.42,411927361.97,5496.01,5277.06,3936.97,5162.37,3263.21,1406.9,336.8,1186.66,,,,,,,电力设备,电源设备,储能设备,41.97,42.1,42.06
sh688819,天能股份,2021-05-10,41.42,41.42,39.21,39.4,41.18,5814127.0,232334968.0,3981697374.6,38300740000.0,2279814402.97,2700655064.04,12270360429.78,26431219497.2,14160859067.42,411927361.97,9078.35,7667.49,5658.39,9198.22,8152.71,2298.91,344.05,4068.87,,,,,,,电力设备,电源设备,储能设备,41.12,41.01,40.87
sh688819,天能股份,2021-05-11,39.21,39.76,39.0,39.67,39.4,2475321.0,97437305.0,4008983118.03,38563207000.0,2279814402.97,2700655064.04,12270360429.78,26431219497.2,14160859067.42,411927361.97,3916.31,3679.0,2641.58,3647.94,2953.98,2235.87,231.86,180.92,,,,,,,电力设备,电源设备,储能设备,39.26,39.05,39.22
sh688819,天能股份,2021-05-12,39.5,40.25,39.07,40.15,39.67,2758637.0,109420559.0,4057491106.35,39029815000.0,2279814402.97,2700655064.04,12270360429.78,26431219497.2,14160859067.42,411927361.97,4929.22,4815.69,3038.58,3345.49,2974.26,2637.19,0.0,143.68,,,,,,,电力设备,电源设备,储能设备,39.6,39.35,39.23
sh688819,天能股份,2021-05-13,39.8,39.94,39.38,39.49,40.15,2321839.0,91997810.0,3990792622.41,38388229000.0,2279814402.97,2700655064.04,12270360429.78,26431219497.2,14160859067.42,411927361.97,3749.25,3620.05,2176.99,3609.05,3064.95,1736.49,208.59,234.18,,,,,,,电力设备,电源设备,储能设备,39.88,39.86,39.55
sh688819,天能股份,2021-05-14,39.59,40.42,39.5,40.12,39.49,2699226.0,108030718.0,4054459357.08,39000652000.0,2279814402.97,2700655064.04,12270360429.78,26431219497.2,14160859067.42,411927361.97,4766.24,4813.07,3672.28,3067.6,1954.64,2443.92,160.76,229.32,,,,,,,电力设备,电源设备,储能设备,39.55,39.64,39.61
sh688819,天能股份,2021-05-17,40.4,41.43,40.23,40.95,40.12,3177870.0,130172760.0,4138337753.55,39807495000.0,2279814402.97,2700655064.04,12270360429.78,26431219497.2,14160859067.42,411927361.97,5173.63,6086.64,4698.35,3498.81,2164.59,3096.03,980.7,335.79,,,,,,,电力设备,电源设备,储能设备,40.41,40.6,40.85
sh688819,天能股份,2021-05-18,40.95,41.94,40.66,41.86,40.95,3818961.0,158755023.0,4230300814.74,40692106000.0,2279814402.97,2700655064.04,12270360429.78,26431219497.2,14160859067.42,411927361.97,5664.85,6175.38,5897.37,5014.97,2314.97,3059.12,1998.31,1626.04,,,,,,,电力设备,电源设备,储能设备,41.16,40.94,41.19
sh688819,天能股份,2021-05-19,41.87,41.96,41.23,41.96,41.86,2298655.0,95627496.0,4240406645.64,40789316000.0,2279814402.97,2700655064.04,12270360429.78,26431219497.2,14160859067.42,411927361.97,4377.12,4499.58,2796.11,3223.93,2054.96,1839.24,334.56,0.0,,,,,,,电力设备,电源设备,储能设备,41.61,41.26,41.45
sh688819,天能股份,2021-05-20,41.68,42.06,41.28,41.34,41.96,2127631.0,88324550.0,4177750494.06,40186614000.0,2279814402.97,2700655064.04,12270360429.78,26431219497.2,14160859067.42,411927361.97,4074.39,3681.73,2259.72,3770.1,2233.29,1255.81,265.05,124.82,,,,,,,电力设备,电源设备,储能设备,41.96,41.61,41.7
sh688819,XD天能股,2021-05-21,41.0,41.15,39.66,39.79,40.74,2550811.0,102256220.0,4021110115.11,38679859000.0,2279814402.97,2700655064.04,12270360429.78,26431219497.2,14160859067.42,411927361.97,4223.14,4363.92,2353.67,3529.24,3517.83,1503.12,130.98,829.34,,,,,,,电力设备,电源设备,储能设备,40.87,40.9,40.2
sh688819,天能股份,2021-05-24,40.0,41.47,40.0,40.88,39.79,2598894.0,106563792.0,4131263671.92,39739448000.0,2279814402.97,2700655064.04,12270360429.78,26431219497.2,14160859067.42,411927361.97,4787.06,4515.09,3387.61,3551.86,1894.98,2333.13,586.73,256.29,,,,,,,电力设备,电源设备,储能设备,40.98,41.09,41.19
sh688819,天能股份,2021-05-25,40.58,40.9,40.2,40.7,40.88,2488795.0,100743755.0,4113073176.3,39564470000.0,2279814402.97,2700655064.04,12270360429.78,26431219497.2,14160859067.42,411927361.97,4798.96,4250.57,2490.43,3636.19,2652.38,1544.12,132.61,643.51,,,,,,,电力设备,电源设备,储能设备,40.3,40.33,40.42
sh688819,天能股份,2021-05-26,40.66,41.58,40.66,41.19,40.7,2776161.0,114345062.0,4162591747.71,40040799000.0,2279814402.97,2700655064.04,12270360429.78,26431219497.2,14160859067.42,411927361.97,4578.04,5279.38,3532.16,3485.58,2854.29,2490.38,470.02,179.17,,,,,,,电力设备,电源设备,储能设备,40.7,41.07,41.19
sh688819,天能股份,2021-05-27,41.2,41.51,40.91,41.13,41.19,2314683.0,95338211.0,4156528249.17,39982473000.0,2279814402.97,2700655064.04,12270360429.78,26431219497.2,14160859067.42,411927361.97,4744.37,4242.05,2425.53,3679.21,2255.36,1485.23,108.56,127.34,,,,,,,电力设备,电源设备,储能设备,41.13,40.96,41.0
sh688819,天能股份,2021-05-28,41.3,42.4,41.15,41.6,41.13,3956775.0,165380942.0,4204025654.4,40439360000.0,2279814402.97,2700655064.04,12270360429.78,26431219497.2,14160859067.42,411927361.97,7272.96,6934.83,4971.7,4788.56,2925.6,3342.95,737.66,841.57,,,,,,,电力设备,电源设备,储能设备,41.29,41.89,42.11
sh688819,天能股份,2021-05-31,41.55,42.98,40.89,42.67,41.6,4722206.0,199655075.0,4312158045.03,41479507000.0,2279814402.97,2700655064.04,12270360429.78,26431219497.2,14160859067.42,411927361.97,9240.26,9498.65,5005.02,3869.71,5361.11,6446.44,359.12,150.71,,,,,,,电力设备,电源设备,储能设备,40.94,40.97,41.3
sh688819,天能股份,2021-06-01,42.53,43.44,42.0,43.05,42.67,4360739.0,186089091.0,4350560202.45,41848905000.0,2279814402.97,2700655064.04,12270360429.78,26431219497.2,14160859067.42,411927361.97,9093.26,8294.32,4174.92,4636.6,5269.6,5293.41,73.06,386.52,,,,,,,电力设备,电源设备,储能设备,42.39,42.32,42.08
sh688819,天能股份,2021-06-02,43.07,43.75,42.28,42.76,43.05,4651974.0,200856407.0,4321253292.84,41566996000.0,2279814402.97,2700655064.04,12270360429.78,26431219497.2,14160859067.42,411927361.97,8606.3,8521.12,5997.0,5417.32,5233.45,5584.64,248.89,562.56,,,,,,,电力设备,电源设备,储能设备,43.09,43.4,43.23
sh688819,天能股份,2021-06-03,42.99,43.59,42.43,42.88,42.76,3742255.0,160903989.0,4333380289.92,41683648000.0,2279814402.97,2700655064.04,12270360429.78,26431219497.2,14160859067.42,411927361.97,7355.6,6283.43,4263.95,5511.33,4279.88,4276.74,190.97,18.9,,,,,,,电力设备,电源设备,储能设备,42.92,42.48,42.63
sh688819,天能股份,2021-06-04,42.8,45.67,42.17,44.84,42.88,8358879.0,370167594.0,4531454575.559999,43588964000.0,2279814402.97,2700655064.04,12270360429.78,26431219497.2,14160859067.42,411927361.97,16064.76,16135.05,10063.72,8234.8,8846.62,10666.47,2045.25,1984.03,,,,,,,电力设备,电源设备,储能设备,42.4,42.29,42.63
sh688819,天能股份,2021-06-07,44.85,45.34,44.1,44.48,44.84,4647961.0,207158069.0,4495073584.32,43239008000.0,2279814402.97,2700655064.04,12270360429.78,26431219497.2,14160859067.42,411927361.97,9832.93,8807.27,5018.12,5316.82,5565.25,5274.76,221.12,1238.58,,,,,,,电力设备,电源设备,储能设备,44.79,44.79,44.7
sh688819,天能股份,2021-06-08,44.56,44.92,42.81,43.22,44.48,4554925.0,198919197.0,4367740114.9800005,42014162000.0,2279814402.97,2700655064.04,12270360429.78,26431219497.2,14160859067.42,411927361.97,9412.33,8364.88,3743.2,5975.48,6727.93,4925.21,8.47,626.35,,,,,,,电力设备,电源设备,储能设备,44.35,44.9,44.53
sh688819,天能股份,2021-06-09,43.11,43.3,42.4,42.61,43.22,2809613.0,120109969.0,4306094546.49,41421181000.0,2279814402.97,2700655064.04,12270360429.78,26431219497.2,14160859067.42,411927361.97,5012.12,4840.91,2578.19,3704.28,4420.69,3235.34,0.0,230.47,,,,,,,电力设备,电源设备,储能设备,42.84,43.3,43.02
sh688819,天能股份,2021-06-10,42.87,43.59,42.62,42.92,42.61,2949235.0,127159895.0,4337422622.28,41722532000.0,2279814402.97,2700655064.04,12270360429.78,26431219497.2,14160859067.42,411927361.97,5399.81,5510.96,3105.44,2223.98,3596.78,4385.38,613.96,595.67,,,,,,,电力设备,电源设备,储能设备,42.74,42.99,42.73
sh688819,天能股份,2021-06-11,43.41,44.37,43.18,43.21,42.92,4148623.0,180885204.0,4366729531.89,42004441000.0,2279814402.97,2700655064.04,12270360429.78,26431219497.2,14160859067.42,411927361.97,8489.54,7892.86,4525.78,4696.86,4472.63,4712.16,600.57,786.65,,,,,,,电力设备,电源设备,储能设备,43.95,43.9,43.91
sh688819,天能股份,2021-06-15,43.34,43.77,41.28,41.37,43.21,4283029.0,179652273.0,4180782243.33,40215777000.0,2279814402.97,2700655064.04,12270360429.78,26431219497.2,14160859067.42,411927361.97,8206.74,7224.65,3168.22,5201.55,6590.26,4543.37,0.0,995.65,,,,,,,电力设备,电源设备,储能设备,42.65,42.55,42.28
sh688819,天能股份,2021-06-16,41.11,41.41,40.02,40.07,41.37,3728188.0,150861774.0,4049406441.63,38952047000.0,2279814402.97,2700655064.04,12270360429.78,26431219497.2,14160859067.42,411927361.97,7098.49,6201.81,2382.19,4172.64,5605.5,3695.89,0.0,1015.84,,,,,,,电力设备,电源设备,储能设备,41.28,40.88,40.96
sh688819,天能股份,2021-06-17,40.15,40.66,40.07,40.38,40.07,2344226.0,94541129.0,4080734517.42,39253398000.0,2279814402.97,2700655064.04,12270360429.78,26431219497.2,14160859067.42,411927361.97,4396.48,4023.02,1847.03,2338.35,2973.4,2985.25,237.2,107.5,,,,,,,电力设备,电源设备,储能设备,40.31,40.29,40.39
sh688819,天能股份,2021-06-18,40.33,41.27,40.21,40.86,40.38,2798281.0,114391670.0,4129242505.74,39720006000.0,2279814402.97,2700655064.04,12270360429.78,26431219497.2,14160859067.42,411927361.97,5265.71,4886.27,3016.23,2396.44,3064.15,3462.37,93.07,694.08,,,,,,,电力设备,电源设备,储能设备,40.31,40.52,40.74
sh688819,天能股份,2021-06-21,40.72,42.3,40.42,42.12,40.86,3670653.0,153109164.0,4256575975.08,40944852000.0,2279814402.97,2700655064.04,12270360429.78,26431219497.2,14160859067.42,411927361.97,6452.48,6470.54,3273.44,3745.74,4547.74,4633.18,1037.25,461.45,,,,,,,电力设备,电源设备,储能设备,40.75,41.12,41.36
sh688819,天能股份,2021-06-22,42.12,42.27,41.5,41.62,42.12,2609800.0,108981881.0,4206046820.58,40458802000.0,2279814402.97,2700655064.04,12270360429.78,26431219497.2,14160859067.42,411927361.97,5079.64,4688.67,1955.93,2714.59,3862.62,2956.84,0.0,538.09,,,,,,,电力设备,电源设备,储能设备,41.92,41.78,41.77
sh688819,天能股份,2021-06-23,41.75,42.95,41.75,42.25,41.62,3003807.0,126906451.0,4269713555.25,41071225000.0,2279814402.97,2700655064.04,12270360429.78,26431219497.2,14160859067.42,411927361.97,5532.73,5871.68,2846.28,2032.3,4052.49,4642.52,259.14,144.16,,,,,,,电力设备,电源设备,储能设备,42.25,42.35,42.25
sh688819,天能股份,2021-06-24,42.34,42.9,41.95,42.25,42.25,2776721.0,117814562.0,4269713555.25,41071225000.0,2279814402.97,2700655064.04,12270360429.78,26431219497.2,14160859067.42,411927361.97,5208.99,5201.6,2867.97,2637.57,3613.61,3938.08,90.88,4.2,,,,,,,电力设备,电源设备,储能设备,42.52,42.41,42.38
sh688819,天能股份,2021-06-25,42.05,42.3,41.18,41.76,42.25,3514018.0,146125299.0,4220194983.84,40594896000.0,2279814402.97,2700655064.04,12270360429.78,26431219497.2,14160859067.42,411927361.97,5888.52,5767.74,3414.41,4155.12,4940.34,3735.0,369.26,954.67,,,,,,,电力设备,电源设备,储能设备,42.13,41.93,41.79
sh688819,天能股份,2021-06-28,41.88,44.36,41.88,43.9,41.76,7010690.0,305064082.0,4436459765.1,42675190000.0,2279814402.97,2700655064.04,12270360429.78,26431219497.2,14160859067.42,411927361.97,12021.33,13848.01,8231.89,6530.93,8621.4,9524.76,1631.79,602.7,,,,,,,电力设备,电源设备,储能设备,42.14,41.9,42.16
sh688819,天能股份,2021-06-29,44.26,45.35,43.53,43.68,43.9,6139080.0,272168219.0,4414226937.12,42461328000.0,2279814402.97,2700655064.04,12270360429.78,26431219497.2,14160859067.42,411927361.97,12829.51,11577.12,6218.69,6713.29,7612.22,8184.71,556.4,741.7,,,,,,,电力设备,电源设备,储能设备,43.81,44.28,44.9
sh688819,天能股份,2021-06-30,43.4,44.98,43.31,44.49,43.68,4724901.0,209656603.0,4496084167.41,43248729000.0,2279814402.97,2700655064.04,12270360429.78,26431219497.2,14160859067.42,411927361.97,8880.79,9176.12,5172.23,5149.71,6142.31,6145.34,772.55,496.71,,,,,,,电力设备,电源设备,储能设备,43.58,44.07,44.4
sh688819,天能股份,2021-07-01,44.46,45.4,43.63,43.67,44.49,5209162.0,231628626.0,4413216354.03,42451607000.0,2279814402.97,2700655064.04,12270360429.78,26431219497.2,14160859067.42,411927361.97,8986.94,9276.22,6295.37,6193.02,6494.8,6378.05,1386.62,1316.45,,,,,,,电力设备,电源设备,储能设备,44.95,44.42,45.1
sh688819,天能股份,2021-07-02,43.48,45.29,43.38,44.74,43.67,6750890.0,300786207.0,4521348744.66,43491754000.0,2279814402.97,2700655064.04,12270360429.78,26431219497.2,14160859067.42,411927361.97,12220.47,12394.24,8883.99,7353.14,7593.33,8705.63,1381.73,1626.52,,,,,,,电力设备,电源设备,储能设备,43.75,43.86,44.49
sh688819,天能股份,2021-07-05,44.6,46.33,44.28,45.8,44.74,7046017.0,321252972.0,4628470552.2,44522180000.0,2279814402.97,2700655064.04,12270360429.78,26431219497.2,14160859067.42,411927361.97,13392.17,14474.44,9958.57,7698.24,8046.92,9486.65,727.64,465.97,,,,,,,电力设备,电源设备,储能设备,44.73,44.44,45.37
sh688819,天能股份,2021-07-06,45.51,45.7,43.91,44.51,45.8,5658423.0,252631696.0,4498105333.59,43268171000.0,2279814402.97,2700655064.04,12270360429.78,26431219497.2,14160859067.42,411927361.97,10844.92,10405.82,6084.05,8120.8,7688.52,5976.18,645.68,760.37,,,,,,,电力设备,电源设备,储能设备,45.28,44.88,44.76
sh688819,天能股份,2021-07-07,44.2,46.32,44.09,45.76,44.51,7112425.0,324312440.0,4624428219.84,44483296000.0,2279814402.97,2700655064.04,12270360429.78,26431219497.2,14160859067.42,411927361.97,13473.16,13827.06,8048.45,9156.54,9579.16,8886.41,1331.38,562.15,,,,,,,电力设备,电源设备,储能设备,44.14,44.8,44.74
sh688819,天能股份,2021-07-08,45.89,46.75,45.31,45.69,45.76,5647904.0,259257525.0,4617354138.21,44415249000.0,2279814402.97,2700655064.04,12270360429.78,26431219497.2,14160859067.42,411927361.97,11257.63,11446.05,6763.4,6301.47,7002.52,7553.44,902.2,624.8,,,,,,,电力设备,电源设备,储能设备,46.39,46.11,45.95
sh688819,天能股份,2021-07-09,45.6,47.38,43.56,46.55,45.69,9264854.0,421102356.0,4704264283.95,45251255000.0,2279814402.97,2700655064.04,12270360429.78,26431219497.2,14160859067.42,411927361.97,17047.73,18544.58,10409.51,9814.1,12304.68,11892.97,2349.24,1859.52,,,,,,,电力设备,电源设备,储能设备,44.97,44.39,43.91
sh688819,天能股份,2021-07-12,46.4,46.96,45.6,45.74,46.55,7216313.0,333967443.0,4622407053.66,44463854000.0,2279814402.97,2700655064.04,12270360429.78,26431219497.2,14160859067.42,411927361.97,15204.29,13937.7,8389.06,9070.19,8791.09,8938.56,1016.88,1454.87,,,,,,,电力设备,电源设备,储能设备,46.83,46.92,46.55
sh688819,天能股份,2021-07-13,45.5,46.29,44.28,44.73,45.74,5770381.0,259804414.0,4520338161.570001,43482033000.0,2279814402.97,2700655064.04,12270360429.78,26431219497.2,14160859067.42,411927361.97,10475.53,10602.28,5915.49,7563.03,7559.35,6263.56,2030.07,1551.57,,,,,,,电力设备,电源设备,储能设备,44.96,45.96,45.27
sh688819,天能股份,2021-07-14,44.6,45.53,44.23,44.35,44.73,3603670.0,161560203.0,4481936004.15,43112635000.0,2279814402.97,2700655064.04,12270360429.78,26431219497.2,14160859067.42,411927361.97,6363.08,6994.06,3843.62,3519.41,4285.17,4757.41,1664.15,885.13,,,,,,,电力设备,电源设备,储能设备,44.35,44.9,45.47
sh688819,天能股份,2021-07-15,44.44,44.82,42.9,43.7,44.35,4370720.0,190721104.0,4416248103.3,42480770000.0,2279814402.97,2700655064.04,12270360429.78,26431219497.2,14160859067.42,411927361.97,7879.14,7266.94,5113.4,5243.78,5487.7,4065.97,591.86,2495.43,,,,,,,电力设备,电源设备,储能设备,44.37,44.5,44.31
sh688819,天能股份,2021-07-16,43.69,46.59,43.41,45.83,43.7,7876242.0,358259228.0,4631502301.47,44551343000.0,2279814402.97,2700655064.04,12270360429.78,26431219497.2,14160859067.42,411927361.97,15156.71,16111.68,8952.27,8270.5,8820.36,9762.3,2900.78,1685.63,,,,,,,电力设备,电源设备,储能设备,43.86,44.32,44.16
sh688819,天能股份,2021-07-19,45.65,47.2,44.75,44.8,45.83,8264859.0,379140990.0,4758928070.4,43550080000.0,2279814402.97,2700655064.04,12270360429.78,26431219497.2,14160859067.42,411927361.97,15181.7,12605.08,10128.34,10457.74,9449.62,10757.71,1390.75,2329.89,,,,,,,电力设备,电源设备,储能设备,46.38,46.82,46.68
sh688819,天能股份,2021-07-20,44.1,49.55,43.66,48.35,44.8,12656469.0,603410186.0,5136030629.55,47001035000.0,2279814402.97,2700655064.04,12270360429.78,26431219497.2,14160859067.42,411927361.97,26613.32,24844.51,15832.21,16992.9,15499.03,15807.67,2396.46,2695.94,,,,,,,电力设备,电源设备,储能设备,43.98,44.82,44.65
sh688819,天能股份,2021-07-21,48.89,49.35,47.56,48.39,48.35,7871706.0,381081306.0,5140279672.47,47039919000.0,2279814402.97,2700655064.04,12270360429.78,26431219497.2,14160859067.42,411927361.97,16477.29,15052.69,9707.45,9525.32,10151.11,11261.56,1773.25,2269.53,,,,,,,电力设备,电源设备,储能设备,48.25,48.5,48.58
sh688819,天能股份,2021-07-22,48.46,51.71,48.2,50.51,48.39,12726023.0,640500083.0,5365478947.2300005,49100771000.0,2279814402.97,2700655064.04,12270360429.78,26431219497.2,14160859067.42,411927361.97,26127.9,26351.69,21687.41,16522.07,12610.7,18422.75,3624.0,2753.5,,,,,,,电力设备,电源设备,储能设备,48.99,49.15,49.91
sh688819,天能股份,2021-07-23,50.2,52.55,49.6,50.75,50.51,10370890.0,531916863.0,5390973204.75,49334075000.0,2279814402.97,2700655064.04,12270360429.78,26431219497.2,14160859067.42,411927361.97,22463.19,22596.05,16330.04,15824.21,12114.88,13321.59,2285.1,1451.36,,,,,,,电力设备,电源设备,储能设备,50.24,50.5,49.86
sh688819,天能股份,2021-07-26,51.19,52.48,49.58,51.03,50.75,10246859.0,524406949.0,5420716505.190001,49606263000.0,2279814402.97,2700655064.04,12270360429.78,26431219497.2,14160859067.42,411927361.97,22844.66,22601.75,14673.24,15229.12,11476.0,11238.34,3450.88,3375.56,,,,,,,电力设备,电源设备,储能设备,50.99,51.93,51.77
sh688819,天能股份,2021-07-27,50.76,50.9,47.7,47.81,51.03,11627488.0,570317629.0,5078668550.13,46476101000.0,2279814402.97,2700655064.04,12270360429.78,26431219497.2,14160859067.42,411927361.97,23719.8,22924.22,15283.01,19166.35,14862.69,9894.69,3168.17,5048.42,,,,,,,电力设备,电源设备,储能设备,50.12,49.86,48.8
sh688819,天能股份,2021-07-28,47.52,48.11,45.16,45.3,47.81,7859897.0,363189812.0,4812041106.9,44036130000.0,2279814402.97,2700655064.04,12270360429.78,26431219497.2,14160859067.42,411927361.97,16328.98,14164.41,8653.38,11806.99,9777.73,7946.68,1559.42,2401.44,,,,,,,电力设备,电源设备,储能设备,47.3,45.5,46.14
sh688819,天能股份,2021-07-29,46.1,48.77,46.1,48.63,45.3,8888476.0,424391964.0,5165773929.99,47273223000.0,2279814402.97,2700655064.04,12270360429.78,26431219497.2,14160859067.42,411927361.97,18310.58,17467.64,10691.86,12748.68,10902.33,11048.63,2534.42,1174.25,,,,,,,电力设备,电源设备,储能设备,47.09,46.89,47.09
sh688819,天能股份,2021-07-30,48.0,58.36,47.88,58.36,48.63,27815515.0,1570367614.0,6199353620.28,56731756000.0,2279814402.97,2700655064.04,12270360429.78,26431219497.2,14160859067.42,411927361.97,47661.39,54617.64,46115.19,52784.83,25684.17,31574.29,37578.35,18062.34,,,,,,,电力设备,电池,蓄电池及其他电池,51.12,54.76,56.44
sh688819,天能股份,2021-08-02,60.8,62.01,58.01,58.8,58.36,23013371.0,1378382621.0,6246093092.4,57159480000.0,2279814402.97,2700655064.04,12270360429.78,26431219497.2,14160859067.42,411927361.97,49931.28,49714.62,45832.64,48320.5,27509.85,23890.77,14565.67,15913.55,,,,,,,电力设备,电池,蓄电池及其他电池,61.7,60.71,59.99
sh688819,天能股份,2021-08-03,58.01,58.66,52.86,53.35,58.8,17398361.0,962615284.0,5667160994.55,51861535000.0,2279814402.97,2700655064.04,12270360429.78,26431219497.2,14160859067.42,411927361.97,41425.51,32016.83,22559.63,31301.54,27837.42,20689.38,4440.03,12254.84,,,,,,,电力设备,电池,蓄电池及其他电池,57.27,57.32,56.84
sh688819,天能股份,2021-08-04,53.99,57.49,53.5,56.7,53.35,13753915.0,766723424.0,6023018339.1,55118070000.0,2279814402.97,2700655064.04,12270360429.78,26431219497.2,14160859067.42,411927361.97,29009.95,34823.51,23733.61,18359.41,15978.82,21361.59,7951.1,2128.97,,,,,,,电力设备,电池,蓄电池及其他电池,54.5,54.62,54.5
sh688819,天能股份,2021-08-05,56.0,56.42,54.02,54.28,56.7,9332590.0,509750200.0,5765951242.44,52765588000.0,2279814402.97,2700655064.04,12270360429.78,26431219497.2,14160859067.42,411927361.97,21701.15,19751.81,13513.75,16667.99,14272.53,10653.2,1490.84,3905.29,,,,,,,电力设备,电池,蓄电池及其他电池,54.8,54.8,55.12
sh688819,天能股份,2021-08-06,55.0,58.5,54.3,55.95,54.28,12523695.0,708772308.0,5943348784.349999,54388995000.0,2279814402.97,2700655064.04,12270360429.78,26431219497.2,14160859067.42,411927361.97,28192.01,28923.67,23112.32,17680.91,14565.65,18649.6,5009.83,5625.62,,,,,,,电力设备,电池,蓄电池及其他电池,55.1,54.34,56.76
sh688819,天能股份,2021-08-09,55.21,58.3,54.5,56.25,55.95,9510473.0,535466854.0,5975216606.25,54680625000.0,2279814402.97,2700655064.04,12270360429.78,26431219497.2,14160859067.42,411927361.97,22276.54,21883.16,15413.3,15586.22,13117.28,12155.18,2739.57,3922.13,,,,,,,电力设备,电池,蓄电池及其他电池,57.49,57.2,56.38
sh688819,天能股份,2021-08-10,56.85,59.0,55.85,57.54,56.25,12152722.0,700480604.0,6112248240.42,55934634000.0,2279814402.97,2700655064.04,12270360429.78,26431219497.2,14160859067.42,411927361.97,29893.01,29958.48,20927.45,19301.55,15492.23,17291.59,3735.36,3496.44,,,,,,,电力设备,电池,蓄电池及其他电池,57.27,58.49,57.77
sh688819,天能股份,2021-08-11,58.12,64.53,58.12,60.62,57.54,17425460.0,1062591857.0,6439424545.259999,58928702000.0,2279814402.97,2700655064.04,12270360429.78,26431219497.2,14160859067.42,411927361.97,40997.94,41166.11,35770.55,32139.92,19981.46,24365.79,9509.23,8587.37,,,,,,,电力设备,电池,蓄电池及其他电池,58.95,60.49,60.36
sh688819,天能股份,2021-08-12,60.74,62.98,59.06,60.74,60.62,12247838.0,745987859.0,6452171674.02,59045354000.0,2279814402.97,2700655064.04,12270360429.78,26431219497.2,14160859067.42,411927361.97,32512.91,30128.59,22356.24,25541.7,16479.21,14414.41,3251.64,4515.31,,,,,,,电力设备,电池,蓄电池及其他电池,60.0,59.47,60.9
sh688819,天能股份,2021-08-13,59.92,60.7,57.27,58.87,60.74,10818758.0,636073831.0,6253528917.509999,57227527000.0,2279814402.97,2700655064.04,12270360429.78,26431219497.2,14160859067.42,411927361.97,26496.78,25646.91,17101.02,21555.67,15118.39,11418.4,4892.37,4987.58,,,,,,,电力设备,电池,蓄电池及其他电池,59.7,58.4,57.99
sh688819,天能股份,2021-08-16,58.11,58.33,55.77,55.98,58.87,8501279.0,481869616.0,5946535566.54,54418158000.0,2279814402.97,2700655064.04,12270360429.78,26431219497.2,14160859067.42,411927361.97,19842.77,18323.9,11899.1,16581.87,13104.57,8699.37,3341.64,4582.94,,,,,,,电力设备,电池,蓄电池及其他电池,57.77,57.3,55.97
sh688819,天能股份,2021-08-17,56.01,57.16,54.78,55.2,55.98,6821694.0,381212407.0,5863679229.6,53659920000.0,2279814402.97,2700655064.04,12270360429.78,26431219497.2,14160859067.42,411927361.97,16631.15,15550.75,10657.77,11107.35,10028.07,8699.01,805.35,2765.23,,,,,,,电力设备,电池,蓄电池及其他电池,57.13,56.66,55.8
sh688819,天能股份,2021-08-18,55.35,56.26,52.91,53.15,55.2,8626838.0,469000966.0,5645915779.950001,51667115000.0,2279814402.97,2700655064.04,12270360429.78,26431219497.2,14160859067.42,411927361.97,19885.82,17827.12,11259.93,16166.76,13133.46,8930.71,2620.89,3975.51,,,,,,,电力设备,电池,蓄电池及其他电池,55.84,55.37,55.32
sh688819,天能股份,2021-08-19,53.26,55.07,52.51,54.38,53.15,6817553.0,368161115.0,5776573849.740001,52862798000.0,2279814402.97,2700655064.04,12270360429.78,26431219497.2,14160859067.42,411927361.97,14061.07,14352.56,8349.24,10445.3,10191.07,8783.76,4214.73,3234.49,,,,,,,电力设备,电池,蓄电池及其他电池,53.12,53.32,54.49
sh688819,天能股份,2021-08-20,54.29,54.4,52.72,53.55,54.38,6060742.0,324164462.0,5688406209.15,52055955000.0,2279814402.97,2700655064.04,12270360429.78,26431219497.2,14160859067.42,411927361.97,12478.18,11834.38,7704.93,8865.41,9984.85,7406.49,2248.48,4310.17,,,,,,,电力设备,电池,蓄电池及其他电池,53.47,53.41,53.27
sh688819,天能股份,2021-08-23,53.36,56.18,53.28,55.53,53.55,5822724.0,321337266.0,5898733833.690001,53980713000.0,2279814402.97,2700655064.04,12270360429.78,26431219497.2,14160859067.42,411927361.97,13871.53,13993.61,8264.91,7654.09,8030.88,8919.12,1966.41,1566.92,,,,,,,电力设备,电池,蓄电池及其他电池,54.07,54.73,55.96
sh688819,天能股份,2021-08-24,55.99,56.42,54.6,55.73,55.53,6913685.0,383933239.0,5919979048.29,54175133000.0,2279814402.97,2700655064.04,12270360429.78,26431219497.2,14160859067.42,411927361.97,14813.55,15266.75,12102.62,10713.54,8699.78,9258.38,2780.16,3157.44,,,,,,,电力设备,电池,蓄电池及其他电池,54.98,55.02,55.0
sh688819,天能股份,2021-08-25,55.89,55.89,53.56,54.53,55.73,6352688.0,344792970.0,5792507760.690001,53008613000.0,2279814402.97,2700655064.04,12270360429.78,26431219497.2,14160859067.42,411927361.97,14644.64,13662.38,8850.34,10267.5,9647.04,7837.59,1340.55,2715.09,,,,,,,电力设备,电池,蓄电池及其他电池,54.9,55.0,54.68
sh688819,天能股份,2021-08-26,54.99,57.75,54.99,57.11,54.53,10027654.0,569343828.0,6066571029.03,55516631000.0,2279814402.97,2700655064.04,12270360429.78,26431219497.2,14160859067.42,411927361.97,22816.91,23781.06,17523.22,15289.91,11241.38,15889.91,5354.01,1974.65,,,,,,,电力设备,电池,蓄电池及其他电池,56.22,57.2,57.06
sh688819,天能股份,2021-08-27,57.14,58.88,55.28,58.51,57.11,8943540.0,509664559.0,6215287531.2300005,56877571000.0,2279814402.97,2700655064.04,12270360429.78,26431219497.2,14160859067.42,411927361.97,21268.48,22079.6,13419.14,11458.42,11110.3,12083.62,5173.21,5349.49,,,,,,,电力设备,电池,蓄电池及其他电池,56.8,56.03,55.8
sh688819,天能股份,2021-08-30,55.0,55.8,50.02,50.8,58.51,16425161.0,857808952.0,5396284508.4,49382680000.0,2279814402.97,2700655064.04,12061339597.119999,26848579896.12,14787240299.0,260017202.24,36850.88,28877.96,23484.04,29907.97,18438.85,12020.04,7008.14,14975.94,,,,,,,电力设备,电池,蓄电池及其他电池,50.88,52.16,51.68
sh688819,天能股份,2021-08-31,51.38,51.38,48.68,48.72,50.8,8338441.0,412693264.0,5175334276.56,47360712000.0,2279814402.97,2700655064.04,12061339597.119999,26848579896.12,14787240299.0,260017202.24,17825.87,16302.09,10328.9,13142.54,11315.69,7569.3,1801.31,4257.83,,,,,,,电力设备,电池,蓄电池及其他电池,49.49,50.19,50.09
sh688819,天能股份,2021-09-01,48.9,49.6,45.86,46.72,48.72,8982247.0,424534783.0,4962882130.56,45416512000.0,2279814402.97,2700655064.04,12061339597.119999,26848579896.12,14787240299.0,260017202.24,17760.06,16972.3,11175.06,12800.45,11640.61,8259.91,1877.75,4420.81,,,,,,,电力设备,电池,蓄电池及其他电池,49.42,49.04,49.07
sh688819,天能股份,2021-09-02,46.87,47.76,46.43,46.89,46.72,5993379.0,282292494.0,4980940562.969999,45581769000.0,2279814402.97,2700655064.04,12061339597.119999,26848579896.12,14787240299.0,260017202.24,12358.89,9920.68,8201.36,8210.35,6678.77,6067.56,990.23,4030.66,,,,,,,电力设备,电池,蓄电池及其他电池,46.97,46.99,46.72
sh688819,天能股份,2021-09-03,46.9,48.55,46.6,47.3,46.89,5179080.0,246360924.0,5024493252.9,45980330000.0,2279814402.97,2700655064.04,12061339597.119999,26848579896.12,14787240299.0,260017202.24,11034.95,10608.37,6505.07,7142.73,6163.08,5633.65,932.99,1251.35,,,,,,,电力设备,电池,蓄电池及其他电池,47.12,47.85,48.44
sh688819,天能股份,2021-09-06,47.95,48.29,47.1,48.26,47.3,3941257.0,188195264.0,5126470282.98,46913546000.0,2279814402.97,2700655064.04,12061339597.119999,26848579896.12,14787240299.0,260017202.24,8730.31,8109.56,4236.45,4848.37,4436.53,5064.36,1416.24,797.24,,,,,,,电力设备,电池,蓄电池及其他电池,47.6,47.76,47.6
sh688819,天能股份,2021-09-07,48.41,49.9,47.72,49.25,48.26,4985333.0,244552577.0,5231634095.25,47875925000.0,2279814402.97,2700655064.04,12061339597.119999,26848579896.12,14787240299.0,260017202.24,11086.0,9750.0,6372.46,5693.89,5955.35,6890.35,1041.45,2121.02,,,,,,,电力设备,电池,蓄电池及其他电池,47.93,48.23,48.49
sh688819,天能股份,2021-09-08,50.24,50.95,48.27,48.68,49.25,6402558.0,317793805.0,5171085233.64,47321828000.0,2279814402.97,2700655064.04,12061339597.119999,26848579896.12,14787240299.0,260017202.24,13145.54,12990.91,7856.74,9148.43,7816.02,7105.58,2961.09,2534.46,,,,,,,电力设备,电池,蓄电池及其他电池,50.79,50.58,50.5
sh688819,天能股份,2021-09-09,48.81,48.81,46.5,47.04,48.68,6527671.0,308119832.0,4996874473.92,45727584000.0,2279814402.97,2700655064.04,12061339597.119999,26848579896.12,14787240299.0,260017202.24,13674.05,11075.79,6352.12,9463.85,9261.07,6481.12,1198.06,3464.54,,,,,,,电力设备,电池,蓄电池及其他电池,48.11,47.69,48.29
sh688819,天能股份,2021-09-10,47.06,47.3,45.67,47.12,47.04,6440711.0,299312369.0,5005372559.76,45805352000.0,2279814402.97,2700655064.04,12061339597.119999,26848579896.12,14787240299.0,260017202.24,13229.29,12535.76,6380.98,8799.31,8649.7,6945.12,1675.97,1655.76,,,,,,,电力设备,电池,蓄电池及其他电池,46.98,47.05,47.17
sh688819,天能股份,2021-09-13,47.04,47.19,45.92,46.04,47.12,4169577.0,193122073.0,4890648400.92,44755484000.0,2279814402.97,2700655064.04,12061339597.119999,26848579896.12,14787240299.0,260017202.24,7974.02,8194.55,5169.38,4461.24,5706.09,5020.17,462.72,1636.25,,,,,,,电力设备,电池,蓄电池及其他电池,46.78,46.75,46.78
sh688819,天能股份,2021-09-14,46.04,47.2,45.58,46.19,46.04,4785558.0,222114227.0,4906582311.87,44901299000.0,2279814402.97,2700655064.04,12061339597.119999,26848579896.12,14787240299.0,260017202.24,9360.94,9215.44,5527.94,5249.37,5381.47,6428.68,1941.07,1317.93,,,,,,,电力设备,电池,蓄电池及其他电池,45.86,45.71,45.88
sh688819,天能股份,2021-09-15,46.28,46.65,45.05,46.23,46.19,4254397.0,194794713.0,4910831354.79,44940183000.0,2279814402.97,2700655064.04,12061339597.119999,26848579896.12,14787240299.0,260017202.24,7932.63,8379.26,4467.83,5211.8,5633.78,5224.44,1446.62,665.36,,,,,,,电力设备,电池,蓄电池及其他电池,46.08,45.65,45.16
sh688819,天能股份,2021-09-16,46.2,46.2,43.89,43.92,46.23,5459960.0,243907093.0,4665449126.16,42694632000.0,2279814402.97,2700655064.04,12061339597.119999,26848579896.12,14787240299.0,260017202.24,10922.05,9959.13,5370.04,6486.21,7849.72,5641.75,248.9,2303.63,,,,,,,电力设备,电池,蓄电池及其他电池,45.83,45.66,45.44
sh688819,天能股份,2021-09-17,43.95,44.47,43.08,44.04,43.92,3054168.0,133989027.0,4678196254.92,42811284000.0,2279814402.97,2700655064.04,12061339597.119999,26848579896.12,14787240299.0,260017202.24,5443.33,5095.64,2930.01,4408.52,4358.76,3702.98,666.81,191.75,,,,,,,电力设备,电池,蓄电池及其他电池,44.18,44.13,43.97
sh688819,天能股份,2021-09-22,44.0,45.1,43.6,44.89,44.04,2686222.0,120073807.0,4768488416.97,43637569000.0,2279814402.97,2700655064.04,12061339597.119999,26848579896.12,14787240299.0,260017202.24,5212.71,4833.15,3067.37,2687.64,3311.0,3894.98,419.0,594.31,,,,,,,电力设备,电池,蓄电池及其他电池,44.58,44.77,44.67
sh688819,天能股份,2021-09-23,45.08,45.2,44.28,44.58,44.89,2547627.0,113912164.0,4735558334.34,43336218000.0,2279814402.97,2700655064.04,12061339597.119999,26848579896.12,14787240299.0,260017202.24,5465.0,4478.97,2467.29,3390.55,2907.08,2643.68,562.16,888.33,,,,,,,电力设备,电池,蓄电池及其他电池,45.05,44.9,44.89
sh688819,天能股份,2021-09-24,44.57,45.44,44.32,44.74,44.58,2398014.0,107673250.0,4752554506.02,43491754000.0,2279814402.97,2700655064.04,12061339597.119999,26848579896.12,14787240299.0,260017202.24,4491.11,4418.13,3001.68,2641.12,2623.41,3397.87,651.13,310.21,,,,,,,电力设备,电池,蓄电池及其他电池,44.78,44.4,44.63
sh688819,天能股份,2021-09-27,44.91,45.47,42.52,43.23,44.74,3351023.0,146684468.0,4592153135.79,42023883000.0,2279814402.97,2700655064.04,12061339597.119999,26848579896.12,14787240299.0,260017202.24,5913.8,5771.27,3392.05,3464.64,4927.43,3473.29,437.33,1961.42,,,,,,,电力设备,电池,蓄电池及其他电池,45.0,44.85,44.84
sh688819,天能股份,2021-09-28,43.45,43.61,42.89,43.18,43.23,1652114.0,71452240.0,4586841832.14,41975278000.0,2279814402.97,2700655064.04,12061339597.119999,26848579896.12,14787240299.0,260017202.24,3020.75,2867.3,1253.73,1599.85,2381.44,2157.43,489.31,520.64,,,,,,,电力设备,电池,蓄电池及其他电池,43.2,43.23,43.37
sh688819,天能股份,2021-09-29,42.7,43.98,42.61,43.01,43.18,2559354.0,110958447.0,4568783399.73,41810021000.0,2279814402.97,2700655064.04,12061339597.119999,26848579896.12,14787240299.0,260017202.24,4508.62,4465.45,3010.61,2119.36,3236.99,4005.05,339.62,505.99,,,,,,,电力设备,电池,蓄电池及其他电池,43.2,43.19,43.87
sh688819,天能股份,2021-09-30,43.04,44.26,43.04,43.88,43.01,2229844.0,97732066.0,4661200083.24,42655748000.0,2279814402.97,2700655064.04,12061339597.119999,26848579896.12,14787240299.0,260017202.24,4275.22,3906.36,2360.8,2685.94,2902.0,2724.12,235.19,456.79,,,,,,,电力设备,电池,蓄电池及其他电池,43.43,43.43,43.73
sh688819,天能股份,2021-10-08,44.01,44.58,43.66,43.83,43.88,1910553.0,84022929.0,4655888779.59,42607143000.0,2279814402.97,2700655064.04,12061339597.119999,26848579896.12,14787240299.0,260017202.24,3678.91,3222.39,2165.52,2527.06,2407.85,2170.52,150.01,482.32,,,,,,,电力设备,电池,蓄电池及其他电池,44.4,44.23,44.3
sh688819,天能股份,2021-10-11,43.84,44.09,43.39,43.89,43.83,1501475.0,65807258.0,4662262343.97,42665469000.0,2279814402.97,2700655064.04,12061339597.119999,26848579896.12,14787240299.0,260017202.24,2828.48,2838.05,1598.1,1835.94,2044.48,1824.8,109.66,81.93,,,,,,,电力设备,电池,蓄电池及其他电池,43.76,43.7,43.55
sh688819,天能股份,2021-10-12,43.89,45.14,42.94,44.88,43.89,3973622.0,175755653.0,4767426156.240001,43627848000.0,2279814402.97,2700655064.04,12061339597.119999,26848579896.12,14787240299.0,260017202.24,7414.61,7116.64,5197.41,4583.14,4665.7,5232.84,300.53,645.64,,,,,,,电力设备,电池,蓄电池及其他电池,43.95,44.09,43.96
sh688819,天能股份,2021-10-13,44.47,46.24,44.45,45.49,44.88,3547918.0,161244087.0,4832224060.77,44220829000.0,2279814402.97,2700655064.04,12061339597.119999,26848579896.12,14787240299.0,260017202.24,7754.98,8027.92,3835.98,3219.96,4533.44,4843.27,0.0,33.25,,,,,,,电力设备,电池,蓄电池及其他电池,44.87,44.71,45.14
sh688819,天能股份,2021-10-14,45.49,45.8,44.65,45.51,45.49,2090631.0,94552940.0,4834348582.2300005,44240271000.0,2279814402.97,2700655064.04,12061339597.119999,26848579896.12,14787240299.0,260017202.24,4653.18,4662.34,1433.1,1988.92,3069.14,2746.72,299.87,57.32,,,,,,,电力设备,电池,蓄电池及其他电池,45.36,44.82,45.08
sh688819,天能股份,2021-10-15,45.51,45.51,44.04,44.15,45.51,2400310.0,106974079.0,4689881122.95,42918215000.0,2279814402.97,2700655064.04,12061339597.119999,26848579896.12,14787240299.0,260017202.24,5503.17,4905.73,1384.21,2583.03,3810.02,3033.91,0.0,174.73,,,,,,,电力设备,电池,蓄电池及其他电池,45.17,44.83,44.85
sh688819,天能股份,2021-10-18,44.02,45.3,44.0,44.84,44.15,1864408.0,83315048.0,4763177113.32,43588964000.0,2279814402.97,2700655064.04,12061339597.119999,26848579896.12,14787240299.0,260017202.24,3587.22,4092.39,1735.69,1711.16,2727.79,2442.63,195.48,0.0,,,,,,,电力设备,电池,蓄电池及其他电池,44.04,44.38,44.16
sh688819,天能股份,2021-10-19,45.0,46.38,44.67,45.65,44.84,3158518.0,144802385.0,4849220232.45,44376365000.0,2279814402.97,2700655064.04,12061339597.119999,26848579896.12,14787240299.0,260017202.24,6917.93,6447.25,3269.16,3201.17,4230.89,4475.04,62.26,356.78,,,,,,,电力设备,电池,蓄电池及其他电池,45.66,45.8,46.21
sh688819,天能股份,2021-10-20,45.26,46.46,45.26,46.22,45.65,3066808.0,141059666.0,4909769094.059999,44930462000.0,2279814402.97,2700655064.04,12061339597.119999,26848579896.12,14787240299.0,260017202.24,6417.72,5846.11,3061.92,3562.77,4079.56,3995.98,546.78,701.1,,,,,,,电力设备,电池,蓄电池及其他电池,45.47,45.3,45.7
sh688819,天能股份,2021-10-21,46.22,46.46,45.25,45.28,46.22,2740847.0,125388412.0,4809916585.44,44016688000.0,2279814402.97,2700655064.04,12061339597.119999,26848579896.12,14787240299.0,260017202.24,5824.54,5654.77,2691.0,2273.76,3791.68,3628.73,231.62,981.58,,,,,,,电力设备,电池,蓄电池及其他电池,45.8,45.74,45.79
sh688819,天能股份,2021-10-22,45.5,45.94,44.03,44.19,45.28,2445238.0,109488042.0,4694130165.87,42957099000.0,2279814402.97,2700655064.04,12061339597.119999,26848579896.12,14787240299.0,260017202.24,4996.06,5204.06,1613.9,2154.69,4338.84,3482.4,0.0,107.66,,,,,,,电力设备,电池,蓄电池及其他电池,45.22,45.2,45.29
sh688819,天能股份,2021-10-25,44.19,45.57,43.88,45.5,44.19,3209770.0,144378816.0,4833286321.5,44230550000.0,2279814402.97,2700655064.04,12061339597.119999,26848579896.12,14787240299.0,260017202.24,6191.94,6363.02,3006.61,3487.78,4691.21,4307.67,548.13,279.42,,,,,,,电力设备,电池,蓄电池及其他电池,44.88,44.7,44.38
sh688819,天能股份,2021-10-26,45.71,46.55,44.7,44.92,45.5,3538820.0,161868920.0,4771675199.16,43666732000.0,2279814402.97,2700655064.04,12061339597.119999,26848579896.12,14787240299.0,260017202.24,7056.15,7034.42,3364.23,3648.42,5475.03,4705.8,291.48,798.25,,,,,,,电力设备,电池,蓄电池及其他电池,46.38,46.14,46.0
sh688819,天能股份,2021-10-27,44.31,44.85,42.66,42.98,44.92,3979797.0,173058986.0,4565596617.54,41780858000.0,2279814402.97,2700655064.04,12061339597.119999,26848579896.12,14787240299.0,260017202.24,7918.07,7763.45,3674.06,4066.31,5599.07,5311.28,114.7,164.86,,,,,,,电力设备,电池,蓄电池及其他电池,44.63,44.7,44.67
sh688819,天能股份,2021-10-28,42.7,42.9,40.2,40.48,42.98,3964572.0,163458131.0,4300031435.04,39350608000.0,2279814402.97,2700655064.04,12061339597.119999,26848579896.12,14787240299.0,260017202.24,7429.24,6932.17,2594.01,4352.81,5993.92,4850.6,328.64,210.23,,,,,,,电力设备,电池,蓄电池及其他电池,42.42,42.71,42.3
sh688819,天能股份,2021-10-29,40.51,41.11,40.01,40.75,40.48,1897303.0,77267238.0,4328712474.75,39613075000.0,2279814402.97,2700655064.04,12061339597.119999,26848579896.12,14787240299.0,260017202.24,3498.42,3136.69,1323.57,1317.99,2700.95,3037.7,204.6,235.17,,,,,,,电力设备,电池,蓄电池及其他电池,40.96,40.85,40.47
sh688819,天能股份,2021-11-01,40.58,43.29,40.3,43.06,40.75,4329843.0,183532235.0,4574094703.38,41858626000.0,2279814402.97,2700655064.04,12468265187.910002,29129405125.24,16661139937.33,393594383.5899999,7444.75,7944.33,2967.55,3422.94,7587.04,5768.03,357.76,1221.8,,,,,,,电力设备,电池,蓄电池及其他电池,41.7,41.92,41.75
sh688819,天能股份,2021-11-02,43.06,43.18,41.5,42.17,43.06,2862930.0,121411055.0,4479553498.41,40993457000.0,2279814402.97,2700655064.04,12468265187.910002,29129405125.24,16661139937.33,393594383.5899999,5253.59,5162.16,2132.14,2956.4,4269.53,3624.15,485.85,398.4,,,,,,,电力设备,电池,蓄电池及其他电池,42.9,42.78,43.14
sh688819,天能股份,2021-11-03,42.2,42.67,41.8,42.21,42.17,1757172.0,74242696.0,4483802541.33,41032341000.0,2279814402.97,2700655064.04,12468265187.910002,29129405125.24,16661139937.33,393594383.5899999,3387.3,3013.84,1122.46,889.05,2599.41,3407.99,315.1,113.38,,,,,,,电力设备,电池,蓄电池及其他电池,42.33,42.38,42.42
sh688819,天能股份,2021-11-04,42.47,43.66,42.37,43.3,42.21,2426268.0,104963902.0,4599588960.9,42091930000.0,2279814402.97,2700655064.04,12468265187.910002,29129405125.24,16661139937.33,393594383.5899999,4357.98,4221.43,2213.74,2475.87,3521.76,3601.25,402.91,197.84,,,,,,,电力设备,电池,蓄电池及其他电池,43.08,43.4,43.47
sh688819,天能股份,2021-11-05,43.22,43.73,42.8,42.85,43.3,2236412.0,96683141.0,4551787228.05,41654485000.0,2279814402.97,2700655064.04,12468265187.910002,29129405125.24,16661139937.33,393594383.5899999,4433.65,4178.75,1898.36,1890.19,3064.43,3481.62,271.87,117.76,,,,,,,电力设备,电池,蓄电池及其他电池,43.05,43.08,43.68
sh688819,天能股份,2021-11-08,43.56,45.09,43.4,44.61,42.85,4320825.0,192352984.0,4738745116.530001,43365381000.0,2279814402.97,2700655064.04,12468265187.910002,29129405125.24,16661139937.33,393594383.5899999,7522.11,8091.07,5431.96,5262.62,5901.2,5569.56,380.03,312.06,,,,,,,电力设备,电池,蓄电池及其他电池,44.06,44.1,44.2
sh688819,天能股份,2021-11-09,44.43,45.3,44.4,44.63,44.61,2816767.0,126024643.0,4740869637.99,43384823000.0,2279814402.97,2700655064.04,12468265187.910002,29129405125.24,16661139937.33,393594383.5899999,5305.68,5444.7,2762.22,3795.48,4341.14,3142.12,193.43,220.16,,,,,,,电力设备,电池,蓄电池及其他电池,45.04,45.15,44.87
sh688819,天能股份,2021-11-10,44.31,44.65,43.53,44.27,44.63,2693673.0,118615147.0,4702628251.71,43034867000.0,2279814402.97,2700655064.04,12468265187.910002,29129405125.24,16661139937.33,393594383.5899999,5149.96,4795.79,2850.27,2786.64,3839.12,3549.25,22.17,729.84,,,,,,,电力设备,电池,蓄电池及其他电池,44.33,44.27,44.29
sh688819,天能股份,2021-11-11,44.14,44.75,43.83,44.02,44.27,2500871.0,110444782.0,4676071733.46,42791842000.0,2279814402.97,2700655064.04,12468265187.910002,29129405125.24,16661139937.33,393594383.5899999,5048.67,4057.0,2257.69,2909.49,3553.72,3319.38,184.4,758.6,,,,,,,电力设备,电池,蓄电池及其他电池,44.57,44.38,44.66
sh688819,天能股份,2021-11-12,44.15,45.19,44.02,44.79,44.02,3199955.0,142734039.0,4757865809.67,43540359000.0,2279814402.97,2700655064.04,12468265187.910002,29129405125.24,16661139937.33,393594383.5899999,6158.88,5957.79,3213.01,3489.87,4323.28,4386.4,578.23,439.34,,,,,,,电力设备,电池,蓄电池及其他电池,44.3,44.09,44.48
sh688819,天能股份,2021-11-15,45.01,45.01,44.09,44.64,44.79,2624541.0,116930713.0,4741931898.72,43394544000.0,2279814402.97,2700655064.04,12468265187.910002,29129405125.24,16661139937.33,393594383.5899999,4979.23,4665.44,2731.25,2893.16,3782.42,3564.81,200.17,569.67,,,,,,,电力设备,电池,蓄电池及其他电池,44.75,44.8,44.61
sh688819,天能股份,2021-11-16,44.64,44.64,42.72,42.74,44.64,3887697.0,168837964.0,4540102360.02,41547554000.0,2279814402.97,2700655064.04,12468265187.910002,29129405125.24,16661139937.33,393594383.5899999,7242.69,6846.05,3436.56,3554.59,5805.98,5788.47,399.42,695.55,,,,,,,电力设备,电池,蓄电池及其他电池,44.6,43.81,43.94
sh688819,天能股份,2021-11-17,42.9,44.56,42.82,44.44,42.74,3883696.0,170608584.0,4720686684.12,43200124000.0,2279814402.97,2700655064.04,12468265187.910002,29129405125.24,16661139937.33,393594383.5899999,6939.47,6671.63,2879.16,4263.53,6988.23,5574.21,254.0,551.49,,,,,,,电力设备,电池,蓄电池及其他电池,43.17,43.05,42.95
sh688819,天能股份,2021-11-18,44.61,46.5,44.5,45.66,44.44,6566507.0,300610491.0,4850282493.18,44386086000.0,2279814402.97,2700655064.04,12468265187.910002,29129405125.24,16661139937.33,393594383.5899999,12686.82,12666.66,7652.38,6592.73,8785.61,10200.08,936.24,601.57,,,,,,,电力设备,电池,蓄电池及其他电池,45.85,45.34,45.21
sh688819,天能股份,2021-11-19,45.3,48.28,45.11,47.74,45.66,7791351.0,368668236.0,5071232725.02,46408054000.0,2279814402.97,2700655064.04,12468265187.910002,29129405125.24,16661139937.33,393594383.5899999,16191.7,16411.64,10437.15,8269.83,9778.62,11990.46,461.64,197.19,,,,,,,电力设备,电池,蓄电池及其他电池,46.65,46.05,46.22
sh688819,天能股份,2021-11-22,48.0,48.7,47.36,48.01,47.74,6621354.0,318046179.0,5099913764.73,46670521000.0,2279814402.97,2700655064.04,12468265187.910002,29129405125.24,16661139937.33,393594383.5899999,12824.2,12685.52,9191.63,8551.93,9008.69,8668.66,780.1,1898.51,,,,,,,电力设备,电池,蓄电池及其他电池,48.55,47.5,47.79
sh688819,天能股份,2021-11-23,48.0,48.38,46.9,47.64,48.01,4979271.0,236589342.0,5060610117.72,46310844000.0,2279814402.97,2700655064.04,12468265187.910002,29129405125.24,16661139937.33,393594383.5899999,9833.67,9083.74,6047.04,5593.92,7468.26,7221.78,309.97,1759.49,,,,,,,电力设备,电池,蓄电池及其他电池,47.43,47.23,47.26
sh688819,天能股份,2021-11-24,47.67,49.87,47.1,48.17,47.64,7160956.0,347668094.0,5116909936.41,46826057000.0,2279814402.97,2700655064.04,12468265187.910002,29129405125.24,16661139937.33,393594383.5899999,12756.19,13437.9,10371.03,8545.2,8238.82,10554.89,3400.77,2228.82,,,,,,,电力设备,电池,蓄电池及其他电池,47.63,49.54,49.01
sh688819,天能股份,2021-11-25,48.1,48.65,46.62,46.79,48.17,5655940.0,268108570.0,4970317955.67,45484559000.0,2279814402.97,2700655064.04,12468265187.910002,29129405125.24,16661139937.33,393594383.5899999,11034.11,10610.12,5053.06,7733.06,10427.12,6667.56,297.5,1801.05,,,,,,,电力设备,电池,蓄电池及其他电池,47.81,48.18,48.61
sh688819,天能股份,2021-11-26,46.79,47.76,46.7,47.13,46.79,3511359.0,165888541.0,5006434820.49,45815073000.0,2279814402.97,2700655064.04,12468265187.910002,29129405125.24,16661139937.33,393594383.5899999,6835.36,6776.11,3436.34,4238.78,6311.62,5196.56,5.55,377.4,,,,,,,电力设备,电池,蓄电池及其他电池,47.2,47.28,47.16
sh688819,天能股份,2021-11-29,46.01,49.6,45.88,49.3,47.13,7649793.0,368974657.0,5236945398.900001,47924530000.0,2279814402.97,2700655064.04,12468265187.910002,29129405125.24,16661139937.33,393594383.5899999,14155.4,14852.77,11066.72,9871.42,10576.91,11322.36,1100.41,852.9,,,,,,,电力设备,电池,蓄电池及其他电池,46.66,47.01,46.98
sh688819,天能股份,2021-11-30,49.3,49.56,47.8,48.4,49.3,5378818.0,261021722.0,5141341933.2,47049640000.0,2279814402.97,2700655064.04,12468265187.910002,29129405125.24,16661139937.33,393594383.5899999,11385.93,9711.22,6161.47,6834.98,7991.94,9202.96,562.83,353.0,,,,,,,电力设备,电池,蓄电池及其他电池,48.82,48.86,48.93
sh688819,天能股份,2021-12-01,48.12,48.54,47.2,47.55,48.4,4841813.0,230821285.0,5051049771.150001,46223355000.0,2279814402.97,2700655064.04,12468265187.910002,29129405125.24,16661139937.33,393594383.5899999,10286.86,8676.83,4091.74,6161.7,8703.53,7235.32,0.0,1008.27,,,,,,,电力设备,电池,蓄电池及其他电池,48.41,47.98,47.58
sh688819,天能股份,2021-12-02,47.55,47.96,46.5,47.0,47.55,3619819.0,170184753.0,4992625431.0,45688700000.0,2279814402.97,2700655064.04,12468265187.910002,29129405125.24,16661139937.33,393594383.5899999,7677.77,6830.44,3444.9,4242.28,5793.2,5838.26,102.6,107.5,,,,,,,电力设备,电池,蓄电池及其他电池,47.33,47.18,47.58
sh688819,天能股份,2021-12-03,47.1,47.4,46.41,47.15,47.0,3063857.0,143832830.0,5008559341.95,45834515000.0,2279814402.97,2700655064.04,12468265187.910002,29129405125.24,16661139937.33,393594383.5899999,6881.42,5319.27,2639.96,2451.68,4433.23,5825.69,428.67,786.65,,,,,,,电力设备,电池,蓄电池及其他电池,47.29,46.81,46.57
sh688819,天能股份,2021-12-06,46.83,47.14,44.95,45.08,47.15,5621440.0,255948252.0,4788671370.84,43822268000.0,2279814402.97,2700655064.04,12468265187.910002,29129405125.24,16661139937.33,393594383.5899999,10436.76,9694.06,5809.0,6797.58,7591.69,6769.79,1757.38,2333.4,,,,,,,电力设备,电池,蓄电池及其他电池,46.53,46.6,45.69
sh688819,天能股份,2021-12-07,45.22,45.49,43.2,43.86,45.08,3789791.0,166541752.0,4659075561.78,42636306000.0,2279814402.97,2700655064.04,12468265187.910002,29129405125.24,16661139937.33,393594383.5899999,7408.83,7551.03,2940.61,3465.69,6001.93,4885.33,302.81,752.13,,,,,,,电力设备,电池,蓄电池及其他电池,44.93,44.48,44.53
sh688819,天能股份,2021-12-08,43.86,44.4,43.85,44.11,43.86,2491229.0,109940146.0,4685632080.03,42879331000.0,2279814402.97,2700655064.04,12468265187.910002,29129405125.24,16661139937.33,393594383.5899999,4570.47,4663.59,2213.78,1832.07,3555.62,4109.61,654.15,388.74,,,,,,,电力设备,电池,蓄电池及其他电池,44.03,44.29,43.93
sh688819,天能股份,2021-12-09,44.11,44.49,43.5,43.95,44.11,2883192.0,126680512.0,4668635908.349999,42723795000.0,2279814402.97,2700655064.04,12468265187.910002,29129405125.24,16661139937.33,393594383.5899999,5536.66,5155.82,2899.87,2439.19,4056.11,4302.72,175.4,770.32,,,,,,,电力设备,电池,蓄电池及其他电池,43.81,43.79,43.88
sh688819,天能股份,2021-12-10,43.98,44.32,43.4,43.75,43.95,3615968.0,158351697.0,4647390693.75,42529375000.0,2279814402.97,2700655064.04,12468265187.910002,29129405125.24,16661139937.33,393594383.5899999,7019.98,6552.57,4024.44,3383.81,4790.75,5320.81,0.0,577.97,,,,,,,电力设备,电池,蓄电池及其他电池,44.0,44.01,44.27
sh688819,天能股份,2021-12-13,43.55,44.42,43.55,43.78,43.75,3176588.0,139551444.0,4650577475.940001,42558538000.0,2279814402.97,2700655064.04,12468265187.910002,29129405125.24,16661139937.33,393594383.5899999,6388.86,5808.83,2869.76,2638.67,4190.76,4793.27,505.76,714.38,,,,,,,电力设备,电池,蓄电池及其他电池,43.66,44.1,43.85
sh688819,天能股份,2021-12-14,43.7,44.29,43.1,44.22,43.78,3358293.0,146417577.0,4697316948.059999,42986262000.0,2279814402.97,2700655064.04,12468265187.910002,29129405125.24,16661139937.33,393594383.5899999,6441.05,6738.26,2879.94,2837.71,4762.02,4977.37,558.74,88.41,,,,,,,电力设备,电池,蓄电池及其他电池,43.62,43.36,43.31
sh688819,天能股份,2021-12-15,44.18,45.29,44.02,44.41,44.22,3521857.0,157040572.0,4717499901.93,43170961000.0,2279814402.97,2700655064.04,12468265187.910002,29129405125.24,16661139937.33,393594383.5899999,7162.06,6894.78,4107.14,3300.41,3856.8,4866.66,580.32,644.48,,,,,,,电力设备,电池,蓄电池及其他电池,44.28,44.29,44.25
sh688819,天能股份,2021-12-16,44.83,44.83,43.95,44.55,44.41,2402107.0,106408509.0,4732371552.15,43307055000.0,2279814402.97,2700655064.04,12468265187.910002,29129405125.24,16661139937.33,393594383.5899999,5119.72,4847.45,2003.91,2155.67,3346.73,3055.8,170.49,581.93,,,,,,,电力设备,电池,蓄电池及其他电池,44.5,44.32,44.07
sh688819,天能股份,2021-12-17,44.55,44.98,43.55,43.75,44.55,3534185.0,155790244.0,4647390693.75,42529375000.0,2279814402.97,2700655064.04,12468265187.910002,29129405125.24,16661139937.33,393594383.5899999,6507.2,6449.55,3573.39,3353.5,5022.7,4646.25,476.61,1130.6,,,,,,,电力设备,电池,蓄电池及其他电池,44.44,44.85,44.66
sh688819,天能股份,2021-12-20,44.11,44.14,42.36,42.39,43.75,3231135.0,138625788.0,4502923234.47,41207319000.0,2279814402.97,2700655064.04,12468265187.910002,29129405125.24,16661139937.33,393594383.5899999,5928.99,5257.45,3233.99,4705.2,4571.4,3470.56,128.19,429.37,,,,,,,电力设备,电池,蓄电池及其他电池,43.53,43.55,43.16
sh688819,天能股份,2021-12-21,42.8,43.13,42.5,42.97,42.39,1622417.0,69454025.0,4564534356.81,41771137000.0,2279814402.97,2700655064.04,12468265187.910002,29129405125.24,16661139937.33,393594383.5899999,3042.16,3015.64,1290.41,1553.05,2142.22,2128.66,470.61,248.06,,,,,,,电力设备,电池,蓄电池及其他电池,42.73,42.67,42.77
sh688819,天能股份,2021-12-22,43.15,43.28,42.72,42.97,42.97,1701832.0,73213509.0,4564534356.81,41771137000.0,2279814402.97,2700655064.04,12468265187.910002,29129405125.24,16661139937.33,393594383.5899999,3223.03,3109.9,1691.08,1930.91,2112.4,1991.82,294.85,288.73,,,,,,,电力设备,电池,蓄电池及其他电池,43.0,42.93,42.9
sh688819,天能股份,2021-12-23,43.0,43.14,42.72,42.9,42.97,1466643.0,62908068.0,4557098531.7,41703090000.0,2279814402.97,2700655064.04,12468265187.910002,29129405125.24,16661139937.33,393594383.5899999,2849.51,2787.49,1232.83,1325.03,1836.06,1796.96,374.13,383.05,,,,,,,电力设备,电池,蓄电池及其他电池,42.8,42.9,42.95
sh688819,天能股份,2021-12-24,42.99,43.14,41.9,41.98,42.9,2570955.0,108570259.0,4459370544.54,40808758000.0,2279814402.97,2700655064.04,12468265187.910002,29129405125.24,16661139937.33,393594383.5899999,4566.8,5129.12,1974.29,2216.85,3980.45,3460.59,338.49,53.47,,,,,,,电力设备,电池,蓄电池及其他电池,42.85,42.84,42.6
sh688819,天能股份,2021-12-27,41.98,42.44,41.88,42.12,41.98,1307597.0,55120616.0,4474242194.76,40944852000.0,2279814402.97,2700655064.04,12468265187.910002,29129405125.24,16661139937.33,393594383.5899999,2534.52,2297.35,1224.54,1616.28,1753.01,1598.43,0.0,0.0,,,,,,,电力设备,电池,蓄电池及其他电池,42.18,42.06,42.25
sh688819,天能股份,2021-12-28,42.4,42.87,42.06,42.72,42.12,1506287.0,63974801.0,4537977838.56,41528112000.0,2279814402.97,2700655064.04,12468265187.910002,29129405125.24,16661139937.33,393594383.5899999,2749.01,2628.9,1415.05,1241.74,2006.35,1993.96,227.08,532.87,,,,,,,电力设备,电池,蓄电池及其他电池,42.2,42.2,42.14
sh688819,天能股份,2021-12-29,42.6,42.68,42.21,42.33,42.72,1025163.0,43423082.0,4496549670.09,41148993000.0,2279814402.97,2700655064.04,12468265187.910002,29129405125.24,16661139937.33,393594383.5899999,1944.22,1897.47,783.04,758.86,1615.05,1685.98,0.0,0.0,,,,,,,电力设备,电池,蓄电池及其他电池,42.53,42.53,42.36
sh688819,天能股份,2021-12-30,42.48,42.78,42.33,42.5,42.33,1443660.0,61399930.0,4514608102.5,41314250000.0,2279814402.97,2700655064.04,12468265187.910002,29129405125.24,16661139937.33,393594383.5899999,2553.71,2569.16,1207.36,1322.77,1675.82,1744.86,703.1,503.2,,,,,,,电力设备,电池,蓄电池及其他电池,42.44,42.54,42.51
sh688819,天能股份,2021-12-31,42.5,42.88,42.39,42.8,42.5,1525722.0,65170710.0,4546475924.4,41605880000.0,2279814402.97,2700655064.04,12468265187.910002,29129405125.24,16661139937.33,393594383.5899999,2792.05,3097.9,1686.55,1496.06,2034.62,1923.1,3.85,0.0,,,,,,,电力设备,电池,蓄电池及其他电池,42.48,42.65,42.64
sh688819,天能股份,2022-01-04,42.92,42.96,42.34,42.48,42.8,1928816.0,82084430.0,4512483581.04,41294808000.0,2279814402.97,2700655064.04,12468265187.910002,29129405125.24,16661139937.33,393594383.5899999,3718.89,3264.99,1350.53,1969.02,2836.74,2030.21,302.28,944.23,,,,,,,电力设备,电池,蓄电池及其他电池,42.68,42.81,42.66
sh688819,天能股份,2022-01-05,42.53,42.53,41.53,41.65,42.48,2474840.0,103749805.0,4424315940.45,40487965000.0,2279814402.97,2700655064.04,12468265187.910002,29129405125.24,16661139937.33,393594383.5899999,4636.77,4374.01,1705.11,2874.38,3828.07,2889.03,205.02,237.56,,,,,,,电力设备,电池,蓄电池及其他电池,42.03,42.31,42.37
sh688819,天能股份,2022-01-06,41.79,42.05,41.5,41.85,41.65,1349912.0,56430313.0,4445561155.05,40682385000.0,2279814402.97,2700655064.04,12468265187.910002,29129405125.24,16661139937.33,393594383.5899999,2424.35,2315.83,881.3,1471.76,2085.8,1689.23,251.58,166.2,,,,,,,电力设备,电池,蓄电池及其他电池,41.9,41.62,41.72
sh688819,天能股份,2022-01-07,41.99,42.16,41.64,41.91,41.85,1817250.0,76071216.0,4451934719.429999,40740711000.0,2279814402.97,2700655064.04,12468265187.910002,29129405125.24,16661139937.33,393594383.5899999,3024.21,3484.79,2389.82,1698.32,2193.09,2298.01,0.0,126.0,,,,,,,电力设备,电池,蓄电池及其他电池,41.89,41.96,41.94
sh688819,天能股份,2022-01-10,41.9,42.35,41.62,42.19,41.91,1435103.0,60336167.0,4481678019.87,41012899000.0,2279814402.97,2700655064.04,12468265187.910002,29129405125.24,16661139937.33,393594383.5899999,2797.87,2979.7,1042.18,871.25,2193.56,1842.27,0.0,340.39,,,,,,,电力设备,电池,蓄电池及其他电池,42.12,41.77,41.86
sh688819,天能股份,2022-01-11,42.2,42.4,41.7,41.98,42.19,1522408.0,63992887.0,4459370544.54,40808758000.0,2279814402.97,2700655064.04,12468265187.910002,29129405125.24,16661139937.33,393594383.5899999,2790.94,2380.16,973.86,1841.27,2294.58,2002.67,339.91,175.19,,,,,,,电力设备,电池,蓄电池及其他电池,42.25,42.16,42.3
sh688819,天能股份,2022-01-12,42.1,42.33,42.0,42.25,41.98,1298776.0,54812759.0,4488051584.25,41071225000.0,2279814402.97,2700655064.04,12468265187.910002,29129405125.24,16661139937.33,393594383.5899999,2543.84,2374.64,967.04,1212.88,1849.49,1772.02,120.9,121.74,,,,,,,电力设备,电池,蓄电池及其他电池,42.23,42.2,42.13
sh688819,天能股份,2022-01-13,42.26,42.38,41.66,41.76,42.25,1550461.0,64932981.0,4436000808.4800005,40594896000.0,2279814402.97,2700655064.04,12468265187.910002,29129405125.24,16661139937.33,393594383.5899999,3065.8,2829.18,1310.66,1691.36,2116.84,1967.07,0.0,5.69,,,,,,,电力设备,电池,蓄电池及其他电池,42.09,42.08,41.8
sh688819,天能股份,2022-01-14,41.85,41.97,41.05,41.47,41.76,1894252.0,78627606.0,4405195247.31,40312987000.0,2279814402.97,2700655064.04,12468265187.910002,29129405125.24,16661139937.33,393594383.5899999,3729.96,3697.79,1760.13,1870.88,2372.68,2130.8,0.0,163.3,,,,,,,电力设备,电池,蓄电池及其他电池,41.6,41.68,41.77
sh688819,天能股份,2022-01-17,41.39,41.68,41.0,41.42,41.47,1756517.0,72584812.0,4399883943.66,40264382000.0,2279814402.97,2700655064.04,12468265187.910002,29129405125.24,16661139937.33,393594383.5899999,3014.71,3136.44,1045.53,1590.19,3198.24,2132.96,0.0,398.89,,,,,,,电力设备,电池,蓄电池及其他电池,41.08,41.37,41.2
sh688819,天能股份,2022-01-18,41.68,42.72,41.35,42.29,41.42,3164833.0,133684250.0,5434564582.360001,41110109000.0,2279814402.97,2700655064.04,12468265187.910002,29129405125.24,16661139937.33,393594383.5899999,5550.34,6373.43,2148.77,2635.98,5259.65,4289.6,410.51,70.25,,,,,,,电力设备,电池,蓄电池及其他电池,41.84,42.66,42.25
sh688819,天能股份,2022-01-19,42.23,42.23,41.61,41.97,42.29,1224059.0,51315769.0,5393442315.4800005,40799037000.0,2279814402.97,2700655064.04,12468265187.910002,29129405125.24,16661139937.33,393594383.5899999,2437.79,2438.71,855.87,761.2,1837.92,1880.77,0.0,50.89,,,,,,,电力设备,电池,蓄电池及其他电池,41.85,41.94,41.93
sh688819,天能股份,2022-01-20,42.0,42.19,41.02,41.09,41.97,1872055.0,77392943.0,5280356081.56,39943589000.0,2279814402.97,2700655064.04,12468265187.910002,29129405125.24,16661139937.33,393594383.5899999,3132.39,2822.88,1684.21,1413.5,2924.75,3504.97,0.0,0.0,,,,,,,电力设备,电池,蓄电池及其他电池,42.0,41.74,41.7
sh688819,天能股份,2022-01-21,41.03,41.25,40.41,40.45,41.09,1503347.0,61338033.0,5198111547.8,39321445000.0,2279814402.97,2700655064.04,12468265187.910002,29129405125.24,16661139937.33,393594383.5899999,2534.65,2508.03,1104.31,1282.91,2230.67,2342.86,264.17,0.0,,,,,,,电力设备,电池,蓄电池及其他电池,41.01,41.07,41.1
sh688819,天能股份,2022-01-24,40.44,41.0,40.15,40.59,40.45,1033437.0,41782509.0,5216102539.559999,39457539000.0,2279814402.97,2700655064.04,12468265187.910002,29129405125.24,16661139937.33,393594383.5899999,1963.98,1704.18,636.77,933.58,1577.5,1540.49,0.0,0.0,,,,,,,电力设备,电池,蓄电池及其他电池,40.5,40.42,40.5
sh688819,天能股份,2022-01-25,40.59,40.6,38.68,38.7,40.59,2289698.0,90345187.0,4973224150.8,37620270000.0,2279814402.97,2700655064.04,12468265187.910002,29129405125.24,16661139937.33,393594383.5899999,3422.19,3573.44,1283.68,1779.08,4133.64,3449.59,195.0,232.42,,,,,,,电力设备,电池,蓄电池及其他电池,40.43,40.55,40.23
sh688819,天能股份,2022-01-26,38.8,39.45,38.8,38.9,38.7,1214884.0,47456103.0,4998925567.6,37814690000.0,2279814402.97,2700655064.04,12468265187.910002,29129405125.24,16661139937.33,393594383.5899999,2347.55,2152.86,700.0,1066.21,1698.06,1526.54,0.0,0.0,,,,,,,电力设备,电池,蓄电池及其他电池,39.36,39.11,39.18
sh688819,天能股份,2022-01-27,38.92,38.94,37.2,37.21,38.9,2216782.0,84000267.0,4781748595.639999,36171841000.0,2279814402.97,2700655064.04,12468265187.910002,29129405125.24,16661139937.33,393594383.5899999,2829.75,3202.93,1218.63,1942.15,3976.45,2923.35,375.2,331.6,,,,,,,电力设备,电池,蓄电池及其他电池,38.82,38.77,38.89
sh688819,天能股份,2022-01-28,37.51,37.74,36.82,37.04,37.21,1248283.0,46555980.0,4759902391.36,36006584000.0,2279814402.97,2700655064.04,12468265187.910002,29129405125.24,16661139937.33,393594383.5899999,1883.8,2005.15,731.07,982.82,2040.73,1665.71,0.0,1.92,,,,,,,电力设备,电池,蓄电池及其他电池,37.53,37.35,37.3
sh688819,天能股份,2022-02-07,37.93,38.44,37.5,37.77,37.04,1268498.0,48094752.0,4853712562.68,36716217000.0,2279814402.97,2700655064.04,12468265187.910002,29129405125.24,16661139937.33,393594383.5899999,1817.81,1920.84,1053.79,1279.77,1876.39,1597.16,61.49,11.71,,,,,,,电力设备,电池,蓄电池及其他电池,37.95,38.12,37.9
sh688819,天能股份,2022-02-08,37.99,38.16,37.65,38.15,37.77,1025307.0,38902976.0,4902545254.599999,37085615000.0,2279814402.97,2700655064.04,12468265187.910002,29129405125.24,16661139937.33,393594383.5899999,1342.75,1572.32,809.25,697.74,1738.29,1517.8,0.0,102.44,,,,,,,电力设备,电池,蓄电池及其他电池,37.77,37.88,37.88
sh688819,天能股份,2022-02-09,38.2,38.55,38.08,38.5,38.15,1195128.0,45815676.0,4947522734.0,37425850000.0,2279814402.97,2700655064.04,12468265187.910002,29129405125.24,16661139937.33,393594383.5899999,1885.94,1705.55,641.08,1046.93,2054.55,1829.1,0.0,0.0,,,,,,,电力设备,电池,蓄电池及其他电池,38.16,38.3,38.09
sh688819,天能股份,2022-02-10,38.45,38.57,37.9,38.36,38.5,1424692.0,54371894.0,4929531742.24,37289756000.0,2279814402.97,2700655064.04,12468265187.910002,29129405125.24,16661139937.33,393594383.5899999,1773.87,1927.49,1300.39,1217.75,2362.93,2085.11,0.0,206.84,,,,,,,电力设备,电池,蓄电池及其他电池,38.53,38.48,38.23
sh688819,天能股份,2022-02-11,38.3,38.3,37.74,37.74,38.36,999093.0,37906053.0,4849857350.16,36687054000.0,2279814402.97,2700655064.04,12468265187.910002,29129405125.24,16661139937.33,393594383.5899999,1074.59,1581.21,919.7,833.34,1796.31,1376.06,0.0,0.0,,,,,,,电力设备,电池,蓄电池及其他电池,38.05,37.95,37.99
sh688819,天能股份,2022-02-14,37.47,37.89,37.38,37.55,37.74,733576.0,27580254.0,4825441004.2,36502355000.0,2279814402.97,2700655064.04,12468265187.910002,29129405125.24,16661139937.33,393594383.5899999,1223.45,996.17,302.4,528.89,1232.17,1232.96,0.0,0.0,,,,,,,电力设备,电池,蓄电池及其他电池,37.7,37.54,37.72
sh688819,天能股份,2022-02-15,37.55,38.16,37.52,37.98,37.55,910293.0,34472049.0,4880699050.32,36920358000.0,2279814402.97,2700655064.04,12468265187.910002,29129405125.24,16661139937.33,393594383.5899999,1456.65,1081.76,538.29,754.7,1420.79,1610.74,31.49,0.0,,,,,,,电力设备,电池,蓄电池及其他电池,37.74,37.53,37.62
sh688819,天能股份,2022-02-16,38.16,38.29,38.0,38.06,37.98,887230.0,33795617.0,4890979617.04,36998126000.0,2279814402.97,2700655064.04,12468265187.910002,29129405125.24,16661139937.33,393594383.5899999,1420.52,1375.2,457.26,736.84,1501.78,1267.52,0.0,0.0,,,,,,,电力设备,电池,蓄电池及其他电池,38.12,38.02,38.1
sh688819,天能股份,2022-02-17,38.03,39.18,37.9,38.52,38.06,2136156.0,82579922.0,4950092875.68,37445292000.0,2279814402.97,2700655064.04,12468265187.910002,29129405125.24,16661139937.33,393594383.5899999,3220.09,3424.53,1847.69,1168.0,3190.21,3487.48,0.0,177.99,,,,,,,电力设备,电池,蓄电池及其他电池,38.13,38.2,38.19
sh688819,天能股份,2022-02-18,38.2,38.29,37.88,38.02,38.52,1467111.0,55810152.0,4885839333.68,36959242000.0,2279814402.97,2700655064.04,12468265187.910002,29129405125.24,16661139937.33,393594383.5899999,2058.47,1848.68,1078.56,1643.53,2443.99,2088.8,0.0,0.0,,,,,,,电力设备,电池,蓄电池及其他电池,38.12,38.05,38.14
sh688819,天能股份,2022-02-21,38.07,38.28,37.7,38.12,38.02,1171716.0,44477561.0,4898690042.08,37056452000.0,2279814402.97,2700655064.04,12468265187.910002,29129405125.24,16661139937.33,393594383.5899999,2012.14,1751.5,447.28,676.8,1991.67,2018.0,0.0,4.79,,,,,,,电力设备,电池,蓄电池及其他电池,37.96,37.88,37.85
sh688819,天能股份,2022-02-22,37.95,37.95,37.3,37.45,38.12,1401740.0,52682212.0,4812590295.8,36405145000.0,2279814402.97,2700655064.04,12468265187.910002,29129405125.24,16661139937.33,393594383.5899999,2279.51,2007.13,473.25,917.27,2403.11,2231.06,112.35,112.77,,,,,,,电力设备,电池,蓄电池及其他电池,37.76,37.77,37.57
sh688819,天能股份,2022-02-23,37.7,38.58,37.58,38.42,37.45,2063918.0,78821990.0,4937242167.280001,37348082000.0,2279814402.97,2700655064.04,12468265187.910002,29129405125.24,16661139937.33,393594383.5899999,2853.97,2981.51,1057.48,1253.24,3970.74,3508.76,0.0,138.68,,,,,,,电力设备,电池,蓄电池及其他电池,37.86,37.96,37.88
sh688819,天能股份,2022-02-24,38.34,38.8,37.0,37.12,38.42,2644496.0,100067537.0,4770182958.08,36084352000.0,2279814402.97,2700655064.04,12468265187.910002,29129405125.24,16661139937.33,393594383.5899999,4247.64,3653.73,1280.23,1934.16,4480.37,3858.97,0.0,561.38,,,,,,,电力设备,电池,蓄电池及其他电池,38.5,38.37,38.47
sh688819,天能股份,2022-02-25,37.48,37.92,37.3,37.37,37.12,1369186.0,51452222.0,4802309729.08,36327377000.0,2279814402.97,2700655064.04,12468265187.910002,29129405125.24,16661139937.33,393594383.5899999,1935.59,2177.7,532.8,842.43,2531.33,2127.02,147.43,0.0,,,,,,,电力设备,电池,蓄电池及其他电池,37.53,37.58,37.57
sh688819,天能股份,2022-02-28,36.95,37.06,34.8,36.07,37.37,3896183.0,139001216.0,4635250519.88,35063647000.0,2279814402.97,2700655064.04,12468265187.910002,29129405125.24,16661139937.33,393594383.5899999,5559.29,5609.05,2013.18,2280.91,6328.88,4996.87,2.39,1016.9,,,,,,,电力设备,电池,蓄电池及其他电池,36.7,35.33,34.98
sh688819,天能股份,2022-03-01,35.91,37.77,35.91,36.91,36.07,2662088.0,98759950.0,4743196470.44,35880211000.0,2279814402.97,2700655064.04,12468265187.910002,29129405125.24,16661139937.33,393594383.5899999,3891.53,3668.07,1392.68,1888.29,4428.07,4319.63,163.71,0.0,,,,,,,电力设备,电池,蓄电池及其他电池,36.39,36.86,37.7
sh688819,天能股份,2022-03-02,36.68,36.8,36.13,36.42,36.91,1092813.0,39778457.0,4680227999.280001,35403882000.0,2279814402.97,2700655064.04,12468265187.910002,29129405125.24,16661139937.33,393594383.5899999,1382.5,1521.63,374.27,526.98,2221.08,1929.24,0.0,0.0,,,,,,,电力设备,电池,蓄电池及其他电池,36.43,36.25,36.36
sh688819,天能股份,2022-03-03,36.56,36.78,35.71,35.76,36.42,1603231.0,57794444.0,4595413323.84,34762296000.0,2279814402.97,2700655064.04,12468265187.910002,29129405125.24,16661139937.33,393594383.5899999,1827.3,2001.96,990.22,786.96,2922.36,2990.52,39.56,0.0,,,,,,,电力设备,电池,蓄电池及其他电池,36.45,36.21,36.21
sh688819,天能股份,2022-03-04,35.61,35.92,35.08,35.15,35.76,1325564.0,47056030.0,4517024002.6,34169315000.0,2279814402.97,2700655064.04,12468265187.910002,29129405125.24,16661139937.33,393594383.5899999,1486.98,1548.12,672.16,926.51,2260.15,1847.23,286.31,383.74,,,,,,,电力设备,电池,蓄电池及其他电池,35.79,35.62,35.7
sh688819,天能股份,2022-03-07,35.3,35.34,33.63,33.89,35.15,2364658.0,80548837.0,4355105076.76,32944469000.0,2279814402.97,2700655064.04,12468265187.910002,29129405125.24,16661139937.33,393594383.5899999,2667.56,3046.91,940.05,1073.99,4447.28,3815.7,0.0,118.29,,,,,,,电力设备,电池,蓄电池及其他电池,34.52,34.33,34.0
sh688819,天能股份,2022-03-08,34.0,34.2,32.91,33.03,33.89,1436079.0,48002295.0,4244588984.52,32108463000.0,2279814402.97,2700655064.04,12468265187.910002,29129405125.24,16661139937.33,393594383.5899999,1685.91,1586.97,499.83,777.39,2614.49,2396.28,0.0,39.59,,,,,,,电力设备,电池,蓄电池及其他电池,33.8,33.96,33.75
sh688819,天能股份,2022-03-09,33.08,33.3,31.02,31.83,33.03,2122349.0,68230839.0,4090380483.72,30941943000.0,2279814402.97,2700655064.04,12468265187.910002,29129405125.24,16661139937.33,393594383.5899999,2453.25,2599.28,746.77,1085.57,3623.06,2957.18,0.0,181.06,,,,,,,电力设备,电池,蓄电池及其他电池,32.6,33.28,33.06
sh688819,天能股份,2022-03-10,32.55,32.87,32.26,32.32,31.83,1578548.0,51322028.0,4153348954.88,31418272000.0,2279814402.97,2700655064.04,12468265187.910002,29129405125.24,16661139937.33,393594383.5899999,1989.89,2257.67,776.73,747.89,2365.58,2126.64,0.0,0.0,,,,,,,电力设备,电池,蓄电池及其他电池,32.47,32.5,32.64
sh688819,天能股份,2022-03-11,32.0,32.77,31.31,32.71,32.32,1513181.0,48577392.0,4203466717.64,31797391000.0,2279814402.97,2700655064.04,12468265187.910002,29129405125.24,16661139937.33,393594383.5899999,1768.68,1869.2,603.38,827.61,2488.95,2164.2,0.0,0.0,,,,,,,电力设备,电池,蓄电池及其他电池,31.55,31.86,32.15
sh688819,天能股份,2022-03-14,32.48,32.62,31.53,31.53,32.71,1014625.0,32674456.0,4051828358.52,30650313000.0,2279814402.97,2700655064.04,12468265187.910002,29129405125.24,16661139937.33,393594383.5899999,1156.85,1000.04,255.5,506.94,1855.1,1630.19,0.0,130.28,,,,,,,电力设备,电池,蓄电池及其他电池,32.49,32.43,32.18
sh688819,天能股份,2022-03-15,31.15,32.08,30.48,30.5,31.53,1961725.0,61329296.0,3919466062.0,29649050000.0,2279814402.97,2700655064.04,12468265187.910002,29129405125.24,16661139937.33,393594383.5899999,2453.81,2127.94,706.79,1052.2,2861.23,2941.53,111.1,11.26,,,,,,,电力设备,电池,蓄电池及其他电池,31.11,31.44,31.12
sh688819,天能股份,2022-03-16,31.08,31.45,30.19,31.42,30.5,1548478.0,47839174.0,4037692579.28,30543382000.0,2279814402.97,2700655064.04,12468265187.910002,29129405125.24,16661139937.33,393594383.5899999,1825.79,1786.13,874.78,889.53,2083.35,2000.69,0.0,107.57,,,,,,,电力设备,电池,蓄电池及其他电池,30.71,30.32,30.77
sh688819,天能股份,2022-03-17,31.62,32.3,31.6,31.75,31.42,1970922.0,62919065.0,4080099917.0,30864175000.0,2279814402.97,2700655064.04,12468265187.910002,29129405125.24,16661139937.33,393594383.5899999,2089.89,2436.45,1357.99,1011.35,2844.03,2717.04,0.0,127.06,,,,,,,电力设备,电池,蓄电池及其他电池,31.9,31.89,32.02
sh688819,天能股份,2022-03-18,31.75,32.01,31.5,31.95,31.75,1051899.0,33452265.0,4105801333.8,31058595000.0,2279814402.97,2700655064.04,12468265187.910002,29129405125.24,16661139937.33,393594383.5899999,1217.31,1285.39,537.41,642.12,1590.51,1417.72,0.0,0.0,,,,,,,电力设备,电池,蓄电池及其他电池,31.61,31.81,31.88
sh688819,天能股份,2022-03-21,31.95,32.62,31.88,32.17,31.95,1326358.0,42833348.0,4134072892.28,31272457000.0,2279814402.97,2700655064.04,12468265187.910002,29129405125.24,16661139937.33,393594383.5899999,1887.01,1530.69,446.59,592.38,1949.74,2160.26,0.0,0.0,,,,,,,电力设备,电池,蓄电池及其他电池,32.25,32.28,32.42
sh688819,天能股份,2022-03-22,32.36,32.78,31.9,32.59,32.17,1315063.0,42602519.0,4188045867.56,31680739000.0,2279814402.97,2700655064.04,12468265187.910002,29129405125.24,16661139937.33,393594383.5899999,1672.34,1919.28,629.66,496.12,1958.25,1844.86,0.0,0.0,,,,,,,电力设备,电池,蓄电池及其他电池,32.26,32.01,32.2
sh688819,天能股份,2022-03-23,33.0,34.29,33.0,33.56,32.59,3291169.0,111261607.0,4312697739.04,32623676000.0,2279814402.97,2700655064.04,12468265187.910002,29129405125.24,16661139937.33,393594383.5899999,4905.42,4859.57,2187.11,1523.64,4023.81,4742.95,9.82,0.0,,,,,,,电力设备,电池,蓄电池及其他电池,33.44,34.03,34.13
sh688819,天能股份,2022-03-24,33.69,33.69,32.51,32.65,33.56,1841569.0,60489671.0,4195756292.6,31739065000.0,2279814402.97,2700655064.04,12468265187.910002,29129405125.24,16661139937.33,393594383.5899999,2382.14,2489.91,1013.92,1095.22,2652.91,2463.84,0.0,0.0,,,,,,,电力设备,电池,蓄电池及其他电池,33.1,33.02,32.87
sh688819,天能股份,2022-03-25,32.46,32.69,31.79,31.84,32.65,1672090.0,53673147.0,4091665554.56,30951664000.0,2279814402.97,2700655064.04,12468265187.910002,29129405125.24,16661139937.33,393594383.5899999,2099.9,1996.77,353.64,768.91,2464.52,2007.59,449.25,594.05,,,,,,,电力设备,电池,蓄电池及其他电池,32.36,32.24,32.28
sh688819,天能股份,2022-03-28,31.57,31.88,31.0,31.61,31.84,1070694.0,33667815.0,4062108925.24,30728081000.0,2279814402.97,2700655064.04,12468265187.910002,29129405125.24,16661139937.33,393594383.5899999,1325.81,1190.38,158.96,652.9,1882.01,1523.5,0.0,0.0,,,,,,,电力设备,电池,蓄电池及其他电池,31.45,31.05,31.25
sh688819,天能股份,2022-03-29,31.77,31.77,30.88,30.88,31.61,1087728.0,33953050.0,3968298753.92,30018448000.0,2279814402.97,2700655064.04,12468265187.910002,29129405125.24,16661139937.33,393594383.5899999,1297.57,1427.47,325.68,450.01,1772.06,1517.83,0.0,0.0,,,,,,,电力设备,电池,蓄电池及其他电池,31.52,31.59,31.64
sh688819,天能股份,2022-03-30,31.25,31.79,31.07,31.77,30.88,1291643.0,40675298.0,4082670058.68,30883617000.0,2279814402.97,2700655064.04,12468265187.910002,29129405125.24,16661139937.33,393594383.5899999,1162.88,1593.81,527.23,341.94,2196.12,2010.27,181.31,121.51,,,,,,,电力设备,电池,蓄电池及其他电池,31.29,31.44,31.38
sh688819,天能股份,2022-03-31,32.17,33.29,32.07,32.23,31.77,2102621.0,68476679.0,4222068247.32,31330783000.0,1908185726.18,1704211027.39,14073395163.330002,32377566653.38,18304171490.05,393594383.5899999,2544.72,2314.52,951.5,750.62,3217.5,3782.52,133.96,0.0,,,,,,,电力设备,电池,蓄电池及其他电池,32.93,32.66,32.6
sh688819,天能股份,2022-04-01,32.15,32.16,31.74,31.96,32.23,1156379.0,36900817.0,4186698764.64,31068316000.0,1908185726.18,1704211027.39,14073395163.330002,32377566653.38,18304171490.05,393594383.5899999,1152.44,1223.02,339.55,493.11,2198.09,1973.95,0.0,0.0,,,,,,,电力设备,电池,蓄电池及其他电池,31.91,31.95,31.78
sh688819,天能股份,2022-04-06,31.95,32.3,31.61,32.05,31.96,1034673.0,33137985.0,4198488592.2,31155805000.0,1908185726.18,1704211027.39,14073395163.330002,32377566653.38,18304171490.05,393594383.5899999,1008.44,1015.9,211.69,372.62,2093.67,1885.27,0.0,40.01,,,,,,,电力设备,电池,蓄电池及其他电池,31.65,31.89,32.05
sh688819,天能股份,2022-04-07,31.92,32.23,31.42,31.47,32.05,1008810.0,32009966.0,4122509703.48,30591987000.0,1908185726.18,1704211027.39,14073395163.330002,32377566653.38,18304171490.05,393594383.5899999,1052.62,1167.19,239.75,320.9,1786.04,1712.91,122.59,0.0,,,,,,,电力设备,电池,蓄电池及其他电池,32.03,32.19,32.03
sh688819,天能股份,2022-04-08,31.44,31.58,30.6,30.9,31.47,1217597.0,37726035.0,4047840795.6,30037890000.0,1908185726.18,1704211027.39,14073395163.330002,32377566653.38,18304171490.05,393594383.5899999,1185.85,1369.99,361.4,507.7,2225.35,1894.91,0.0,0.0,,,,,,,电力设备,电池,蓄电池及其他电池,31.44,31.24,31.15
sh688819,天能股份,2022-04-11,30.76,30.98,29.12,29.22,30.9,1869260.0,55786546.0,3827764014.48,28404762000.0,1908185726.18,1704211027.39,14073395163.330002,32377566653.38,18304171490.05,393594383.5899999,2141.05,1809.61,545.27,1023.51,2743.08,2462.92,149.25,282.62,,,,,,,电力设备,电池,蓄电池及其他电池,30.5,30.37,30.31
sh688819,天能股份,2022-04-12,29.32,29.79,29.17,29.76,29.22,1028798.0,30331821.0,3898502979.84,28929696000.0,1908185726.18,1704211027.39,14073395163.330002,32377566653.38,18304171490.05,393594383.5899999,1180.47,1134.96,187.83,275.04,1664.88,1513.04,0.0,110.15,,,,,,,电力设备,电池,蓄电池及其他电池,29.46,29.22,29.31
sh688819,天能股份,2022-04-13,29.75,29.75,29.16,29.2,29.76,846637.0,24884458.0,3825144052.8,28385320000.0,1908185726.18,1704211027.39,14073395163.330002,32377566653.38,18304171490.05,393594383.5899999,835.27,994.47,327.02,282.39,1326.15,1211.58,0.0,0.0,,,,,,,电力设备,电池,蓄电池及其他电池,29.36,29.48,29.31
sh688819,天能股份,2022-04-14,29.55,29.7,29.26,29.47,29.2,712364.0,20977699.0,3860513535.48,28647787000.0,1908185726.18,1704211027.39,14073395163.330002,32377566653.38,18304171490.05,393594383.5899999,701.23,716.39,402.6,411.45,993.95,969.93,0.0,0.0,,,,,,,电力设备,电池,蓄电池及其他电池,29.35,29.31,29.3
sh688819,天能股份,2022-04-15,29.44,29.44,28.31,28.37,29.47,1568094.0,44900474.0,3716415643.08,27578477000.0,1908185726.18,1704211027.39,14073395163.330002,32377566653.38,18304171490.05,393594383.5899999,1600.5,1883.02,488.61,704.43,2225.66,1902.6,175.27,0.0,,,,,,,电力设备,电池,蓄电池及其他电池,28.9,28.66,28.9
sh688819,天能股份,2022-04-18,28.26,29.49,28.2,29.27,28.37,1243839.0,36126797.0,3834313918.68,28453367000.0,1908185726.18,1704211027.39,14073395163.330002,32377566653.38,18304171490.05,393594383.5899999,1395.19,1353.23,452.54,497.59,1764.95,1761.86,0.0,0.0,,,,,,,电力设备,电池,蓄电池及其他电池,28.39,28.48,28.68
sh688819,天能股份,2022-04-19,29.27,29.72,29.12,29.32,29.27,756760.0,22248323.0,3840863822.88,28501972000.0,1908185726.18,1704211027.39,14073395163.330002,32377566653.38,18304171490.05,393594383.5899999,841.82,828.64,229.36,275.39,1153.65,1120.8,0.0,0.0,,,,,,,电力设备,电池,蓄电池及其他电池,29.53,29.55,29.47
sh688819,天能股份,2022-04-20,29.32,29.65,28.63,28.85,29.32,737284.0,21515349.0,3779294723.4,28045085000.0,1908185726.18,1704211027.39,14073395163.330002,32377566653.38,18304171490.05,393594383.5899999,618.23,812.77,216.32,174.05,1316.98,1162.67,0.0,2.05,,,,,,,电力设备,电池,蓄电池及其他电池,29.34,29.55,29.46
sh688819,天能股份,2022-04-21,28.84,28.88,27.58,27.6,28.85,1305916.0,36744731.0,3615547118.4,26829960000.0,1908185726.18,1704211027.39,14073395163.330002,32377566653.38,18304171490.05,393594383.5899999,1253.79,1278.23,296.62,544.33,2124.06,1851.91,0.0,0.0,,,,,,,电力设备,电池,蓄电池及其他电池,28.7,28.66,28.8
sh688819,天能股份,2022-04-22,27.6,27.75,27.0,27.05,27.6,1163948.0,31769143.0,3543498172.200001,26295305000.0,1908185726.18,1704211027.39,14073395163.330002,32377566653.38,18304171490.05,393594383.5899999,1149.3,1180.54,250.76,522.42,1776.85,1473.96,0.0,0.0,,,,,,,电力设备,电池,蓄电池及其他电池,27.42,27.49,27.57
sh688819,天能股份,2022-04-25,26.8,26.8,24.53,24.6,27.05,2242466.0,57260314.0,3222552866.4,23913660000.0,1908185726.18,1704211027.39,14073395163.330002,32377566653.38,18304171490.05,393594383.5899999,1890.96,2178.41,550.39,1085.27,3284.68,2460.22,0.0,2.13,,,,,,,电力设备,电池,蓄电池及其他电池,26.27,26.09,26.11
sh688819,天能股份,2022-04-26,24.6,25.0,23.7,23.7,24.6,2012713.0,49105501.0,3104654590.8,23038770000.0,1908185726.18,1704211027.39,14073395163.330002,32377566653.38,18304171490.05,393594383.5899999,1526.7,1684.74,500.95,728.92,2712.03,2202.33,170.87,294.57,,,,,,,电力设备,电池,蓄电池及其他电池,24.58,24.63,24.54
sh688819,天能股份,2022-04-27,23.13,24.76,22.99,24.61,23.7,2079872.0,49635045.0,3223862847.24,23923381000.0,1908185726.18,1704211027.39,14073395163.330002,32377566653.38,18304171490.05,393594383.5899999,1667.34,1901.42,477.9,595.74,2666.9,2314.98,0.0,0.0,,,,,,,电力设备,电池,蓄电池及其他电池,23.08,23.51,23.24
sh688819,天能股份,2022-04-28,24.55,24.72,23.83,23.87,24.61,1587871.0,38367526.0,3126924265.08,23204027000.0,1908185726.18,1704211027.39,14073395163.330002,32377566653.38,18304171490.05,393594383.5899999,1332.09,1493.5,379.76,519.99,2091.14,1789.51,0.0,0.0,,,,,,,电力设备,电池,蓄电池及其他电池,24.52,24.42,24.2
sh688819,天能股份,2022-04-29,24.35,25.43,24.16,25.39,23.87,2040561.0,51080384.0,3326041352.76,24681619000.0,1908185726.18,1704211027.39,14073395163.330002,32377566653.38,18304171490.05,393594383.5899999,1302.81,1631.48,310.07,722.27,3496.19,2755.32,0.0,0.0,,,,,,,电力设备,电池,蓄电池及其他电池,24.3,24.28,24.38
sh688819,天能股份,2022-05-05,25.6,27.49,25.6,26.98,25.39,2924565.0,78775803.0,3534328306.32,26227258000.0,1908185726.18,1704211027.39,14073395163.330002,32377566653.38,18304171490.05,393594383.5899999,2411.95,2417.67,860.57,1020.68,4605.06,4439.23,0.0,0.0,,,,,,,电力设备,电池,蓄电池及其他电池,26.2,26.6,26.64
sh688819,天能股份,2022-05-06,26.35,28.42,26.1,27.95,26.98,3558285.0,98479909.0,3661396447.8,27170195000.0,1908185726.18,1704211027.39,14073395163.330002,32377566653.38,18304171490.05,393594383.5899999,3549.2,3638.75,1626.97,1270.69,4592.32,4870.2,11.15,0.0,,,,,,,电力设备,电池,蓄电池及其他电池,26.73,27.65,27.54
sh688819,天能股份,2022-05-09,27.86,28.14,27.37,27.52,27.95,1885884.0,52117856.0,3605067271.68,26752192000.0,1908185726.18,1704211027.39,14073395163.330002,32377566653.38,18304171490.05,393594383.5899999,1906.88,1579.91,980.42,641.46,2277.44,2860.27,47.05,130.15,,,,,,,电力设备,电池,蓄电池及其他电池,27.63,27.69,27.6
sh688819,天能股份,2022-05-10,27.19,28.29,27.05,28.18,27.52,1746418.0,48865809.0,3691526007.12,27393778000.0,1908185726.18,1704211027.39,14073395163.330002,32377566653.38,18304171490.05,393594383.5899999,1611.52,2006.23,555.93,356.04,2708.84,2514.02,0.0,0.0,,,,,,,电力设备,电池,蓄电池及其他电池,27.4,27.68,27.79
sh688819,天能股份,2022-05-11,28.35,29.63,28.24,28.79,28.18,2753898.0,80185628.0,3771434838.36,27986759000.0,1908185726.18,1704211027.39,14073395163.330002,32377566653.38,18304171490.05,393594383.5899999,2819.89,2846.05,593.46,1038.34,4545.46,4074.43,0.0,0.0,,,,,,,电力设备,电池,蓄电池及其他电池,28.34,28.68,28.7
sh688819,天能股份,2022-05-12,28.58,29.25,28.49,29.0,28.79,2038793.0,59092978.0,3798944436.0,28190900000.0,1908185726.18,1704211027.39,14073395163.330002,32377566653.38,18304171490.05,393594383.5899999,1961.58,1922.79,217.35,1442.13,3713.01,2277.99,0.0,249.03,,,,,,,电力设备,电池,蓄电池及其他电池,29.09,28.87,29.02
sh688819,天能股份,2022-05-13,29.25,29.3,28.5,28.9,29.0,1641687.0,47361945.0,3785844627.6,28093690000.0,1908185726.18,1704211027.39,14073395163.330002,32377566653.38,18304171490.05,393594383.5899999,1515.66,1932.46,128.5,1005.09,3093.77,1800.38,0.0,0.0,,,,,,,电力设备,电池,蓄电池及其他电池,29.16,29.0,29.08
sh688819,天能股份,2022-05-16,29.11,29.58,28.71,28.76,28.9,1630395.0,47650556.0,3767504895.84,27957596000.0,1908185726.18,1704211027.39,14073395163.330002,32377566653.38,18304171490.05,393594383.5899999,1471.89,1612.69,654.46,798.52,2620.24,2335.38,0.0,0.0,,,,,,,电力设备,电池,蓄电池及其他电池,29.43,29.3,29.56
sh688819,天能股份,2022-05-17,28.76,29.55,28.7,29.11,28.76,1966399.0,57531457.0,3813354225.24,28297831000.0,1908185726.18,1704211027.39,14073395163.330002,32377566653.38,18304171490.05,393594383.5899999,1848.26,1717.44,692.16,1078.92,3172.1,2724.25,1.47,193.39,,,,,,,电力设备,电池,蓄电池及其他电池,28.97,28.9,29.19
sh688819,天能股份,2022-05-18,29.12,29.64,29.03,29.25,29.11,1663745.0,48993711.0,3831693957.0,28433925000.0,1908185726.18,1704211027.39,14073395163.330002,32377566653.38,18304171490.05,393594383.5899999,1362.23,1786.08,476.52,710.88,3009.2,2211.47,0.0,139.53,,,,,,,电力设备,电池,蓄电池及其他电池,29.2,29.3,29.44
sh688819,天能股份,2022-05-19,28.94,30.75,28.81,30.37,29.25,3572652.0,107520403.0,3978411811.08,29522677000.0,1908185726.18,1704211027.39,14073395163.330002,32377566653.38,18304171490.05,393594383.5899999,3613.49,2849.03,1711.35,2102.6,5186.65,5601.16,156.35,115.06,,,,,,,电力设备,电池,蓄电池及其他电池,29.23,29.27,29.36
sh688819,天能股份,2022-05-20,30.53,30.68,30.01,30.58,30.37,1980446.0,60302988.0,4005921408.72,29726818000.0,1908185726.18,1704211027.39,14073395163.330002,32377566653.38,18304171490.05,393594383.5899999,1969.13,1755.11,617.26,772.86,3245.08,3140.74,0.0,162.77,,,,,,,电力设备,电池,蓄电池及其他电池,30.55,30.4,30.2
sh688819,天能股份,2022-05-23,30.55,31.92,30.55,31.74,30.58,2466485.0,77831475.0,4157879186.16,30854454000.0,1908185726.18,1704211027.39,14073395163.330002,32377566653.38,18304171490.05,393594383.5899999,1946.42,2102.55,876.19,811.62,4464.31,4372.75,0.0,0.0,,,,,,,电力设备,电池,蓄电池及其他电池,30.96,31.56,31.67
sh688819,天能股份,2022-05-24,31.7,32.27,30.07,30.1,31.74,2798971.0,87184316.0,3943042328.4,29260210000.0,1908185726.18,1704211027.39,14073395163.330002,32377566653.38,18304171490.05,393594383.5899999,2564.63,3060.77,929.27,1117.04,5142.59,4251.72,0.0,206.96,,,,,,,电力设备,电池,蓄电池及其他电池,31.38,31.66,32.18
sh688819,天能股份,2022-05-25,29.81,30.53,29.49,30.4,30.1,2142032.0,64266998.0,3982341753.6,29551840000.0,1908185726.18,1704211027.39,14073395163.330002,32377566653.38,18304171490.05,393594383.5899999,2033.05,2192.18,412.12,999.17,3981.52,3129.27,0.0,106.09,,,,,,,电力设备,电池,蓄电池及其他电池,30.3,29.8,30.09
sh688819,天能股份,2022-05-26,30.44,30.44,29.5,29.94,30.4,1718308.0,51395447.0,3922082634.960001,29104674000.0,1908185726.18,1704211027.39,14073395163.330002,32377566653.38,18304171490.05,393594383.5899999,1556.8,1522.39,631.26,666.58,2951.49,2950.58,0.0,0.0,,,,,,,电力设备,电池,蓄电池及其他电池,30.03,29.92,29.8
sh688819,天能股份,2022-05-27,30.22,31.09,30.0,30.26,29.94,2049067.0,62707489.0,3964002021.84,29415746000.0,1908185726.18,1704211027.39,14073395163.330002,32377566653.38,18304171490.05,393594383.5899999,2086.55,1957.47,276.61,708.16,3907.6,3605.12,0.0,0.0,,,,,,,电力设备,电池,蓄电池及其他电池,30.55,30.74,30.73
sh688819,天能股份,2022-05-30,30.56,31.72,30.21,31.28,30.26,2900702.0,90176649.0,4097620067.52,30407288000.0,1908185726.18,1704211027.39,14073395163.330002,32377566653.38,18304171490.05,393594383.5899999,3500.2,2973.76,823.44,451.49,4694.03,5592.41,0.0,0.0,,,,,,,电力设备,电池,蓄电池及其他电池,30.83,30.78,30.22
sh688819,天能股份,2022-05-31,31.4,31.8,30.68,31.48,31.28,2380457.0,74711857.0,4123819684.32,30601708000.0,1908185726.18,1704211027.39,14073395163.330002,32377566653.38,18304171490.05,393594383.5899999,2953.15,2331.56,612.68,872.98,3903.81,4155.63,1.55,111.01,,,,,,,电力设备,电池,蓄电池及其他电池,31.02,31.0,30.71
sh688819,天能股份,2022-06-01,31.4,32.78,31.26,32.5,31.48,3291360.0,106456822.0,4257437730.0,31593250000.0,1908185726.18,1704211027.39,14073395163.330002,32377566653.38,18304171490.05,393594383.5899999,4586.02,3888.29,775.38,1109.05,5029.52,5343.55,254.75,304.79,,,,,,,电力设备,电池,蓄电池及其他电池,31.68,31.71,32.06
sh688819,天能股份,2022-06-02,32.48,33.98,32.16,33.64,32.5,3733844.0,124317278.0,4406775545.76,32701444000.0,1908185726.18,1704211027.39,14073395163.330002,32377566653.38,18304171490.05,393594383.5899999,3665.55,3553.97,1541.96,1869.44,5701.34,5551.19,353.72,287.97,,,,,,,电力设备,电池,蓄电池及其他电池,32.44,32.8,32.83
sh688819,天能股份,2022-06-06,34.2,35.65,34.05,35.1,33.64,4676522.0,163835462.0,4598032748.400001,34120710000.0,1908185726.18,1704211027.39,14073395163.330002,32377566653.38,18304171490.05,393594383.5899999,5098.71,5404.48,1644.98,2838.17,9431.2,7862.48,208.66,278.42,,,,,,,电力设备,电池,蓄电池及其他电池,34.34,35.2,34.84
sh688819,天能股份,2022-06-07,35.3,35.4,34.08,34.86,35.1,3239648.0,112455081.0,4566593208.24,33887406000.0,1908185726.18,1704211027.39,14073395163.330002,32377566653.38,18304171490.05,393594383.5899999,3968.08,4094.24,852.41,1497.16,6168.55,5478.39,139.21,58.45,,,,,,,电力设备,电池,蓄电池及其他电池,35.1,34.89,34.61
sh688819,天能股份,2022-06-08,34.82,35.06,33.84,34.86,34.86,3443410.0,119219165.0,4566593208.24,33887406000.0,1908185726.18,1704211027.39,14073395163.330002,32377566653.38,18304171490.05,393594383.5899999,3551.51,3661.88,1185.61,2296.49,6867.5,5309.89,0.0,336.37,,,,,,,电力设备,电池,蓄电池及其他电池,34.67,34.91,34.81
sh688819,天能股份,2022-06-09,34.86,34.95,33.92,34.09,34.86,2524991.0,86506254.0,4465724683.56,33138889000.0,1908185726.18,1704211027.39,14073395163.330002,32377566653.38,18304171490.05,393594383.5899999,2355.44,2898.95,879.5,1112.89,5028.45,4562.77,311.22,0.0,,,,,,,电力设备,电池,蓄电池及其他电池,34.63,34.69,34.76
sh688819,天能股份,2022-06-10,33.75,35.08,33.65,34.73,34.09,4959109.0,172193121.0,4549563457.32,33761033000.0,1908185726.18,1704211027.39,14073395163.330002,32377566653.38,18304171490.05,393594383.5899999,4784.21,4468.99,1592.72,1762.29,10050.84,10376.48,791.54,611.56,,,,,,,电力设备,电池,蓄电池及其他电池,34.38,34.75,34.66
sh688819,天能股份,2022-06-13,34.4,35.72,34.22,35.51,34.73,3166845.0,112029423.0,4651741962.84,34519271000.0,1908185726.18,1704211027.39,14073395163.330002,32377566653.38,18304171490.05,393594383.5899999,3626.68,3427.0,1072.01,1254.85,6504.96,6397.82,0.0,123.99,,,Y,,,,电力设备,电池,蓄电池及其他电池,34.99,35.43,35.57
sh688819,天能股份,2022-06-14,35.0,35.3,34.0,35.24,35.51,2721487.0,94401745.0,4616372480.16,34256804000.0,1908185726.18,1704211027.39,14073395163.330002,32377566653.38,18304171490.05,393594383.5899999,2468.98,2513.65,1055.01,1545.23,5775.11,5313.86,141.08,67.44,,,Y,,,,电力设备,电池,蓄电池及其他电池,35.16,34.91,34.99
sh688819,天能股份,2022-06-15,35.4,35.77,34.43,34.43,35.24,2504675.0,87882854.0,4510264032.12,33469403000.0,1908185726.18,1704211027.39,14073395163.330002,32377566653.38,18304171490.05,393594383.5899999,3075.34,2416.33,1106.94,1194.3,4472.44,4985.58,134.25,192.76,,,Y,,,,电力设备,电池,蓄电池及其他电池,35.64,35.34,34.9
sh688819,天能股份,2022-06-16,34.42,35.35,34.23,34.98,34.43,2368815.0,82974366.0,4582312978.32,34004058000.0,1908185726.18,1704211027.39,14073395163.330002,32377566653.38,18304171490.05,393594383.5899999,2857.73,2574.62,852.63,1344.6,4497.98,4079.47,0.0,209.64,,,Y,,,,电力设备,电池,蓄电池及其他电池,34.83,34.97,34.8
sh688819,天能股份,2022-06-17,34.69,35.59,34.61,35.41,34.98,2424435.0,85652074.0,4638642154.44,34422061000.0,1908185726.18,1704211027.39,14073395163.330002,32377566653.38,18304171490.05,393594383.5899999,2478.66,2586.07,1610.88,1898.74,4374.81,3835.16,102.28,246.65,,,Y,,,,电力设备,电池,蓄电池及其他电池,35.0,35.15,35.12
sh688819,XD天能股,2022-06-20,35.77,35.97,34.91,35.12,34.81,2441650.0,86656914.0,4600652710.08,34140152000.0,1908185726.18,1704211027.39,14073395163.330002,32377566653.38,18304171490.05,393594383.5899999,2921.4,2638.23,1319.28,1351.9,4273.4,4442.8,151.61,232.77,,,Y,,,,电力设备,电池,蓄电池及其他电池,35.84,35.47,35.18
sh688819,天能股份,2022-06-21,35.49,35.49,34.26,34.49,35.12,2065931.0,71647502.0,4518123917.16,33527729000.0,1908185726.18,1704211027.39,14073395163.330002,32377566653.38,18304171490.05,393594383.5899999,1950.5,2208.78,726.44,1352.24,4487.81,3502.05,0.0,101.68,,,Y,,,,电力设备,电池,蓄电池及其他电池,34.95,34.92,34.85
sh688819,天能股份,2022-06-22,34.55,36.58,34.54,35.3,34.49,3424868.0,122148739.0,4624232365.2,34315130000.0,1908185726.18,1704211027.39,14073395163.330002,32377566653.38,18304171490.05,393594383.5899999,4158.84,3608.39,2203.65,1939.48,5832.7,6575.23,0.0,72.09,,,Y,,,,电力设备,电池,蓄电池及其他电池,34.76,34.89,35.1
sh688819,天能股份,2022-06-23,35.57,37.35,35.02,36.96,35.3,3980736.0,144469468.0,4841689184.64,35928816000.0,1908185726.18,1704211027.39,14073395163.330002,32377566653.38,18304171490.05,393594383.5899999,6237.97,4888.6,1882.69,2632.06,6037.73,6758.21,288.56,168.08,,,Y,,,,电力设备,电池,蓄电池及其他电池,35.45,35.73,35.92
sh688819,天能股份,2022-06-24,36.89,37.1,36.32,36.57,36.96,2353396.0,86126597.0,4790599931.88,35549697000.0,1908185726.18,1704211027.39,14073395163.330002,32377566653.38,18304171490.05,393594383.5899999,3031.31,3212.01,1329.05,1138.43,4153.71,4264.78,101.15,0.0,,,Y,,,,电力设备,电池,蓄电池及其他电池,36.59,36.45,36.48
sh688819,天能股份,2022-06-27,37.0,37.15,36.06,36.38,36.57,2094547.0,76551571.0,4765710295.92,35364998000.0,1908185726.18,1704211027.39,14073395163.330002,32377566653.38,18304171490.05,393594383.5899999,2554.14,2481.43,1042.1,1306.07,4058.92,3780.33,0.0,87.32,,,Y,,,,电力设备,电池,蓄电池及其他电池,36.76,36.47,36.57
sh688819,天能股份,2022-06-28,36.38,36.5,35.88,36.26,36.38,1878012.0,67956397.0,4749990525.84,35248346000.0,1908185726.18,1704211027.39,14073395163.330002,32377566653.38,18304171490.05,393594383.5899999,1668.42,1921.24,917.48,960.26,2833.71,2538.11,0.0,0.0,,,Y,,,,电力设备,电池,蓄电池及其他电池,36.14,36.22,35.94
sh688819,天能股份,2022-06-29,36.13,36.15,34.2,34.22,36.26,3822929.0,133181846.0,4482754434.4800005,33265262000.0,1908185726.18,1704211027.39,14073395163.330002,32377566653.38,18304171490.05,393594383.5899999,3211.23,3538.52,1142.16,1823.72,5869.95,4911.02,213.57,163.64,,,Y,,,,电力设备,电池,蓄电池及其他电池,35.99,35.25,34.99
sh688819,天能股份,2022-06-30,34.53,35.18,34.12,34.58,34.22,2686324.0,93249265.0,4529913744.72,33615218000.0,1908185726.18,1704211027.39,14073395163.330002,32377566653.38,18304171490.05,393594383.5899999,2497.1,3200.78,930.34,1623.75,5740.61,4011.38,0.0,332.13,,,Y,,,,电力设备,电池,蓄电池及其他电池,34.93,34.68,34.71
sh688819,天能股份,2022-07-01,34.75,34.75,34.05,34.08,34.58,1788430.0,61310737.0,4464414702.72,33129168000.0,1908185726.18,1704211027.39,14073395163.330002,32377566653.38,18304171490.05,393594383.5899999,1877.92,1800.59,716.37,919.51,3536.78,3410.97,0.0,0.0,,,Y,,,,电力设备,电池,蓄电池及其他电池,34.56,34.39,34.41
sh688819,天能股份,2022-07-04,34.2,36.98,33.7,36.48,34.08,3763339.0,134419446.0,4778810104.32,35462208000.0,1908185726.18,1704211027.39,14073395163.330002,32377566653.38,18304171490.05,393594383.5899999,3741.04,4412.73,1994.32,2100.57,6943.84,6818.36,762.75,110.28,,,Y,,,,电力设备,电池,蓄电池及其他电池,33.71,34.01,34.41
sh688819,天能股份,2022-07-05,36.71,36.95,35.15,35.64,36.48,2503901.0,89998895.0,4668771713.76,34645644000.0,1908185726.18,1704211027.39,14073395163.330002,32377566653.38,18304171490.05,393594383.5899999,3307.13,2718.97,1296.06,1758.81,4396.7,4437.13,0.0,84.97,,,Y,,,,电力设备,电池,蓄电池及其他电池,36.5,36.32,36.38
sh688819,天能股份,2022-07-06,35.53,36.69,35.41,35.88,35.64,2208804.0,79573657.0,4700211253.92,34878948000.0,1908185726.18,1704211027.39,14073395163.330002,32377566653.38,18304171490.05,393594383.5899999,1843.21,2153.93,1159.32,755.69,4471.31,5047.75,483.52,0.0,,,Y,,,,电力设备,电池,蓄电池及其他电池,35.7,36.48,36.32
sh688819,天能股份,2022-07-07,35.8,36.45,34.76,35.95,35.88,3215023.0,114738931.0,4709381119.8,34946995000.0,1908185726.18,1704211027.39,14073395163.330002,32377566653.38,18304171490.05,393594383.5899999,3829.25,3771.68,1852.55,1434.34,5677.51,6136.38,114.58,131.49,,,Y,,,,电力设备,电池,蓄电池及其他电池,35.22,34.99,34.93
sh688819,天能股份,2022-07-08,36.01,37.66,35.42,35.47,35.95,3748442.0,137054877.0,4646502039.48,34480387000.0,1908185726.18,1704211027.39,14073395163.330002,32377566653.38,18304171490.05,393594383.5899999,4670.71,4638.85,2401.73,3082.56,5547.02,5960.52,1086.03,23.57,,,Y,,,,电力设备,电池,蓄电池及其他电池,36.46,37.33,36.95
sh688819,天能股份,2022-07-11,35.23,35.48,34.0,34.58,35.47,2824283.0,97465773.0,4529913744.72,33615218000.0,1908185726.18,1704211027.39,14073395163.330002,32377566653.38,18304171490.05,393594383.5899999,3640.56,3883.08,1424.68,1202.38,4681.34,4467.25,0.0,193.87,,,Y,,,,电力设备,电池,蓄电池及其他电池,35.08,35.08,34.91
sh688819,天能股份,2022-07-12,34.58,34.88,33.99,34.02,34.58,1822972.0,62619763.0,4456554817.68,33070842000.0,1908185726.18,1704211027.39,14073395163.330002,32377566653.38,18304171490.05,393594383.5899999,1628.15,1523.58,451.36,466.68,4182.47,4271.72,0.0,0.0,,,Y,,,,电力设备,电池,蓄电池及其他电池,34.45,34.24,34.19
sh688819,天能股份,2022-07-13,34.02,34.3,33.34,33.99,34.02,1767869.0,59915190.0,4452624875.16,33041679000.0,1908185726.18,1704211027.39,14073395163.330002,32377566653.38,18304171490.05,393594383.5899999,1995.0,1345.86,549.03,512.69,3447.49,3389.3,0.0,743.67,,,Y,,,,电力设备,电池,蓄电池及其他电池,33.99,34.11,33.83
sh688819,天能股份,2022-07-14,34.04,38.76,33.81,38.22,33.99,9310611.0,345987367.0,5006746770.48,37153662000.0,1908185726.18,1704211027.39,14073395163.330002,32377566653.38,18304171490.05,393594383.5899999,11664.24,11536.71,6827.45,6704.52,14832.06,14098.99,1276.13,2259.66,,,Y,,,,电力设备,电池,蓄电池及其他电池,34.26,35.11,34.94
sh688819,天能股份,2022-07-15,37.58,38.6,36.96,37.03,38.22,5058021.0,190750955.0,4850859050.52,35996863000.0,1908185726.18,1704211027.39,14073395163.330002,32377566653.38,18304171490.05,393594383.5899999,6874.19,5832.62,2629.03,3770.45,8974.53,8926.85,597.35,545.18,,,Y,,,,电力设备,电池,蓄电池及其他电池,38.1,38.1,37.93
sh688819,天能股份,2022-07-18,37.24,37.77,36.6,37.18,37.03,5166215.0,191797640.0,4870508763.12,36142678000.0,1908185726.18,1704211027.39,14073395163.330002,32377566653.38,18304171490.05,393594383.5899999,6646.98,6186.29,3698.79,2999.09,7843.39,9166.44,990.61,827.94,,,Y,,,,电力设备,电池,蓄电池及其他电池,37.55,36.88,37.53
sh688819,天能股份,2022-07-19,38.01,39.18,37.01,37.02,37.18,6587969.0,250659917.0,4849549069.68,35987142000.0,1908185726.18,1704211027.39,14073395163.330002,32377566653.38,18304171490.05,393594383.5899999,9365.49,8824.31,5333.62,4772.23,9705.37,10422.83,661.5,1046.62,,,Y,,,,电力设备,电池,蓄电池及其他电池,38.7,38.56,38.3
sh688819,天能股份,2022-07-20,38.3,41.18,37.3,40.1,37.02,11249583.0,442782619.0,5253023168.4,38981210000.0,1908185726.18,1704211027.39,14073395163.330002,32377566653.38,18304171490.05,393594383.5899999,15690.97,18208.82,10858.73,8763.82,14116.41,16153.97,3287.47,826.96,,,Y,,,,电力设备,电池,蓄电池及其他电池,37.99,37.96,37.5
sh688819,天能股份,2022-07-21,40.09,40.8,38.6,38.75,40.1,7658768.0,301846925.0,5076175755.0,37668875000.0,1908185726.18,1704211027.39,14073395163.330002,32377566653.38,18304171490.05,393594383.5899999,10560.54,10588.59,6721.57,6568.83,11335.32,11566.02,1567.27,1461.25,,,Y,,,,电力设备,电池,蓄电池及其他电池,39.36,40.18,39.82
sh688819,天能股份,2022-07-22,38.52,41.85,38.52,41.3,38.75,11567537.0,473201175.0,5410220869.200001,40147730000.0,1908185726.18,1704211027.39,14073395163.330002,32377566653.38,18304171490.05,393594383.5899999,18825.46,19383.3,12412.88,11071.75,12712.82,13682.72,3370.32,3183.71,,,Y,,,,电力设备,电池,蓄电池及其他电池,39.18,41.1,40.06
sh688819,天能股份,2022-07-25,41.2,42.07,38.3,38.59,41.3,9163649.0,364917564.0,5055216061.56,37513339000.0,1908185726.18,1704211027.39,14073395163.330002,32377566653.38,18304171490.05,393594383.5899999,14395.61,13836.56,8520.46,7360.47,12544.9,13668.64,1031.57,1626.85,,,Y,,,,电力设备,电池,蓄电池及其他电池,40.76,40.76,40.51
sh688819,天能股份,2022-07-26,38.5,39.03,37.05,38.45,38.59,6173416.0,235822528.0,5036876329.8,37377245000.0,1908185726.18,1704211027.39,14073395163.330002,32377566653.38,18304171490.05,393594383.5899999,7932.38,7867.62,4738.26,5420.37,9273.78,8995.56,1638.9,1299.77,,,Y,,,,电力设备,电池,蓄电池及其他电池,37.8,37.69,37.26
sh688819,天能股份,2022-07-27,38.86,41.44,38.21,40.9,38.45,7843174.0,316382752.0,5357821635.6,39758890000.0,1908185726.18,1704211027.39,14073395163.330002,32377566653.38,18304171490.05,393594383.5899999,11963.93,12606.07,6306.22,6048.82,12600.14,11592.63,767.99,1390.76,,,Y,,,,电力设备,电池,蓄电池及其他电池,39.2,39.17,39.23
sh688819,天能股份,2022-07-28,41.32,42.77,40.09,42.5,40.9,9772675.0,408103569.0,5567418570.0,41314250000.0,1908185726.18,1704211027.39,14073395163.330002,32377566653.38,18304171490.05,393594383.5899999,15850.91,15084.54,10452.96,10150.29,11847.99,14844.87,2658.5,730.66,,,Y,,,,电力设备,电池,蓄电池及其他电池,40.6,40.27,40.49
sh688819,天能股份,2022-07-29,42.5,43.29,41.22,41.86,42.5,6331140.0,266796610.0,5483579796.240001,40692106000.0,1908185726.18,1704211027.39,14073395163.330002,32377566653.38,18304171490.05,393594383.5899999,10702.55,10041.65,5407.52,5647.28,10002.63,9624.83,566.95,1365.9,,,Y,,,,电力设备,电池,蓄电池及其他电池,42.56,43.2,43.0
sh688819,天能股份,2022-08-01,42.34,44.24,42.05,43.57,41.86,8698831.0,379032422.0,5707586519.88,42354397000.0,1908185726.18,1704211027.39,14073395163.330002,32377566653.38,18304171490.05,393594383.5899999,14970.18,16055.23,8093.41,6835.53,12455.69,13906.43,2383.97,1106.05,,,Y,,,,电力设备,电池,蓄电池及其他电池,43.53,43.77,43.77
sh688819,天能股份,2022-08-02,42.18,43.62,41.8,43.1,43.57,8195193.0,349742386.0,5646017420.400001,41897510000.0,1908185726.18,1704211027.39,14073395163.330002,32377566653.38,18304171490.05,393594383.5899999,14180.91,14499.28,8885.37,9452.81,9867.46,9564.33,2040.49,1457.82,,,Y,,,,电力设备,电池,蓄电池及其他电池,42.3,42.29,42.59
sh688819,天能股份,2022-08-03,42.75,44.0,39.33,39.72,43.1,9201946.0,381435000.0,5203243896.4800005,38611812000.0,1908185726.18,1704211027.39,14073395163.330002,32377566653.38,18304171490.05,393594383.5899999,15254.71,14740.48,9194.87,9641.81,12499.15,10645.42,1194.77,3115.79,,,Y,,,,电力设备,电池,蓄电池及其他电池,42.91,42.81,42.8
sh688819,天能股份,2022-08-04,39.72,41.14,39.5,39.85,39.72,4778435.0,191679757.0,5220273647.4,38738185000.0,1908185726.18,1704211027.39,14073395163.330002,32377566653.38,18304171490.05,393594383.5899999,6702.92,8043.59,3492.27,4280.72,8591.96,6372.83,380.82,470.84,,,Y,,,,电力设备,电池,蓄电池及其他电池,40.11,41.0,40.72
sh688819,天能股份,2022-08-05,39.28,40.92,39.06,39.57,39.85,4547117.0,181261152.0,5183594183.88,38465997000.0,1908185726.18,1704211027.39,14073395163.330002,32377566653.38,18304171490.05,393594383.5899999,6444.51,6697.65,3319.53,3631.92,7651.43,6652.78,535.17,968.29,,,Y,,,,电力设备,电池,蓄电池及其他电池,39.66,40.76,40.41
sh688819,天能股份,2022-08-08,39.25,43.24,38.07,42.65,39.57,7679607.0,316218875.0,5587068282.599999,41460065000.0,1908185726.18,1704211027.39,14073395163.330002,32377566653.38,18304171490.05,393594383.5899999,11877.4,12658.43,7228.78,7617.78,11921.31,10535.86,595.68,811.09,,,Y,,,,电力设备,电池,蓄电池及其他电池,38.4,38.6,39.49
sh688819,天能股份,2022-08-09,42.19,43.14,41.11,41.53,42.65,5449546.0,229481349.0,5440350428.52,40371313000.0,1908185726.18,1704211027.39,14073395163.330002,32377566653.38,18304171490.05,393594383.5899999,8571.73,7956.4,5150.62,4853.85,9105.59,9360.71,120.19,777.18,,,Y,,,,电力设备,电池,蓄电池及其他电池,42.68,42.36,42.5
sh688819,天能股份,2022-08-10,41.3,44.25,41.15,43.66,41.53,7893775.0,342490430.0,5719376347.440001,42441886000.0,1908185726.18,1704211027.39,14073395163.330002,32377566653.38,18304171490.05,393594383.5899999,13721.82,14132.46,7118.83,7919.54,12370.45,11277.48,1037.94,919.55,,,Y,,,,电力设备,电池,蓄电池及其他电池,41.99,43.48,42.89
sh688819,天能股份,2022-08-11,44.0,44.45,42.85,43.56,43.66,4070850.0,177551686.0,5706276539.039999,42344676000.0,1908185726.18,1704211027.39,14073395163.330002,32377566653.38,18304171490.05,393594383.5899999,6997.37,7228.18,4869.87,3825.81,5641.7,6291.17,246.22,410.0,,,Y,,,,电力设备,电池,蓄电池及其他电池,44.01,43.64,43.22
sh688819,天能股份,2022-08-12,43.13,44.25,42.21,42.45,43.56,4003472.0,171953362.0,5560868665.8,41265645000.0,1908185726.18,1704211027.39,14073395163.330002,32377566653.38,18304171490.05,393594383.5899999,6015.34,5799.21,3715.85,3353.62,6899.44,6613.68,564.7,1428.83,,,Y,,,,电力设备,电池,蓄电池及其他电池,43.4,43.51,43.49
sh688819,天能股份,2022-08-15,41.5,43.32,41.5,42.53,42.45,3783313.0,161451031.0,5571348512.52,41343413000.0,1908185726.18,1704211027.39,14073395163.330002,32377566653.38,18304171490.05,393594383.5899999,5436.51,5380.62,3867.22,3454.85,5758.31,4633.74,1083.06,2675.89,,,Y,,,,电力设备,电池,蓄电池及其他电池,42.63,43.02,42.95
sh688819,天能股份,2022-08-16,43.12,46.2,43.12,45.0,42.53,8806375.0,397939356.0,5894913780.0,43744500000.0,1908185726.18,1704211027.39,14073395163.330002,32377566653.38,18304171490.05,393594383.5899999,13988.85,15851.14,10345.45,9866.07,11092.26,11122.99,4367.38,2953.74,,,Y,,,,电力设备,电池,蓄电池及其他电池,44.44,44.69,44.87
sh688819,天能股份,2022-08-17,45.0,45.55,43.81,44.42,45.0,6384072.0,284298611.0,5818934891.28,43180682000.0,1908185726.18,1704211027.39,14073395163.330002,32377566653.38,18304171490.05,393594383.5899999,11218.45,10419.55,8178.26,7725.42,7921.36,8818.25,1112.68,1467.53,,,Y,,,,电力设备,电池,蓄电池及其他电池,44.9,44.89,44.53
sh688819,天能股份,2022-08-18,44.65,46.88,44.38,46.45,44.42,8491121.0,391868560.0,6084861001.799999,45154045000.0,1908185726.18,1704211027.39,14073395163.330002,32377566653.38,18304171490.05,393594383.5899999,17896.61,15910.0,10378.78,10660.39,9735.32,11530.44,1177.53,1087.4,,,Y,,,,电力设备,电池,蓄电池及其他电池,45.29,45.65,46.1
sh688819,天能股份,2022-08-19,46.28,48.4,45.48,45.5,46.45,9905906.0,465816479.0,5960412822.0,44230550000.0,1908185726.18,1704211027.39,14073395163.330002,32377566653.38,18304171490.05,393594383.5899999,15738.88,17108.39,12869.32,13541.76,12312.68,12713.77,5660.77,3217.73,,,Y,,,,电力设备,电池,蓄电池及其他电池,47.18,47.93,47.86
sh688819,天能股份,2022-08-22,45.45,46.57,44.55,45.94,45.5,6055045.0,275656785.0,6018051978.96,44658274000.0,1908185726.18,1704211027.39,14073395163.330002,32377566653.38,18304171490.05,393594383.5899999,9983.27,10292.57,7231.05,5396.02,9124.5,10106.54,1226.86,1770.55,,,Y,,,,电力设备,电池,蓄电池及其他电池,46.3,44.63,45.33
sh688819,天能股份,2022-08-23,45.61,48.88,45.4,48.82,45.94,9296159.0,442935188.0,6395326460.88,47457922000.0,1908185726.18,1704211027.39,14073395163.330002,32377566653.38,18304171490.05,393594383.5899999,15750.68,15997.46,12489.4,14229.3,12348.75,12296.76,3706.16,1771.47,,,Y,,,,电力设备,电池,蓄电池及其他电池,46.08,46.49,46.75
sh688819,天能股份,2022-08-24,49.0,50.49,46.5,46.5,48.82,10445015.0,504637171.0,6091410906.0,45202650000.0,1908185726.18,1704211027.39,14073395163.330002,32377566653.38,18304171490.05,393594383.5899999,22476.16,18620.54,13342.12,13650.28,11985.46,16301.56,2659.98,1891.33,,,Y,,,,电力设备,电池,蓄电池及其他电池,48.9,49.94,50.0
sh688819,天能股份,2022-08-25,46.57,46.97,43.18,44.12,46.5,8214799.0,366586633.0,5779635466.08,42889052000.0,1908185726.18,1704211027.39,14073395163.330002,32377566653.38,18304171490.05,393594383.5899999,14667.88,15112.05,10351.23,9073.36,10244.7,8983.93,1394.85,3489.32,,,Y,,,,电力设备,电池,蓄电池及其他电池,46.1,46.3,45.02
sh688819,天能股份,2022-08-26,44.5,46.6,44.38,45.32,44.12,5617200.0,256495452.0,5936833166.88,44055572000.0,1908185726.18,1704211027.39,14073395163.330002,32377566653.38,18304171490.05,393594383.5899999,12068.88,11303.32,5776.23,6769.09,7615.76,7393.29,189.58,184.74,,,Y,,,,电力设备,电池,蓄电池及其他电池,44.64,45.16,45.2
sh688819,天能股份,2022-08-29,43.99,45.26,42.5,44.1,45.32,6357727.0,278944133.0,5736324434.4,42869610000.0,1908185726.18,1704211027.39,14073395163.330002,32377566653.38,18304171490.05,393594383.5899999,12074.76,10513.56,5776.49,5611.66,9220.51,9395.36,823.54,2374.73,,,Y,,,,电力设备,电池,蓄电池及其他电池,43.29,43.11,44.64
sh688819,天能股份,2022-08-30,44.6,44.6,40.7,41.01,44.1,8269288.0,344458777.0,5334391497.84,39865821000.0,1908185726.18,1704211027.39,14073395163.330002,32377566653.38,18304171490.05,393594383.5899999,14642.52,15309.11,6777.87,8458.88,12471.44,9787.14,554.05,890.74,,,Y,,,,电力设备,电池,蓄电池及其他电池,42.88,41.94,41.9
sh688819,天能股份,2022-08-31,40.18,41.39,38.7,38.97,41.01,7701929.0,307423523.0,5069037714.48,37882737000.0,1908185726.18,1704211027.39,14073395163.330002,32377566653.38,18304171490.05,393594383.5899999,12150.33,12179.54,4365.53,6856.59,13313.05,9841.37,913.44,1864.86,,,Y,,,,电力设备,电池,蓄电池及其他电池,41.02,40.72,40.0
sh688819,天能股份,2022-09-01,39.06,39.26,37.5,37.65,38.97,4483919.0,170168308.0,4897338207.599999,36599565000.0,1908185726.18,1704211027.39,14073395163.330002,32377566653.38,18304171490.05,393594383.5899999,6351.06,6287.25,2584.39,3007.43,6838.0,6783.05,1243.38,939.09,,,Y,,,,电力设备,电池,蓄电池及其他电池,38.85,38.32,38.5
sh688819,天能股份,2022-09-02,37.72,38.2,37.1,37.46,37.65,2389739.0,89851890.0,4872623884.64,36414866000.0,1908185726.18,1704211027.39,14073395163.330002,32377566653.38,18304171490.05,393594383.5899999,2917.44,2778.45,1536.09,1265.46,4248.64,4886.32,285.26,57.21,,,Y,,,,电力设备,电池,蓄电池及其他电池,37.9,37.28,37.68
sh688819,天能股份,2022-09-05,37.19,39.21,37.0,38.7,37.46,4666594.0,178532648.0,5033917360.8,37620270000.0,1908185726.18,1704211027.39,14073395163.330002,32377566653.38,18304171490.05,393594383.5899999,8492.51,6441.21,2035.69,2163.44,7241.45,9248.61,83.61,0.0,,,Y,,,,电力设备,电池,蓄电池及其他电池,37.16,37.51,37.73
sh688819,天能股份,2022-09-06,38.73,41.34,37.83,40.99,38.7,4853659.0,194521004.0,5331789990.16,39846379000.0,1908185726.18,1704211027.39,14073395163.330002,32377566653.38,18304171490.05,393594383.5899999,7008.41,7220.29,5166.12,4367.25,6489.7,7106.59,787.87,757.96,,,Y,,,,电力设备,电池,蓄电池及其他电池,38.38,37.85,37.99
sh688819,天能股份,2022-09-07,40.92,42.75,40.51,42.08,40.99,4106514.0,172210171.0,5473572158.719999,40905968000.0,1908185726.18,1704211027.39,14073395163.330002,32377566653.38,18304171490.05,393594383.5899999,6351.87,6832.84,3317.84,3253.99,7075.1,6739.2,476.2,394.99,,,Y,,,,电力设备,电池,蓄电池及其他电池,41.29,41.6,41.66
sh688819,天能股份,2022-09-08,41.75,43.23,41.32,41.62,42.08,3063783.0,129256493.0,5413737482.08,40458802000.0,1908185726.18,1704211027.39,14073395163.330002,32377566653.38,18304171490.05,393594383.5899999,4724.55,5095.21,1367.77,2317.92,6383.96,4693.0,449.37,819.52,,,Y,,,,电力设备,电池,蓄电池及其他电池,42.15,43.03,43.02
sh688819,天能股份,2022-09-09,41.73,41.98,40.5,41.2,41.62,1971404.0,80942185.0,5359105820.799999,40050520000.0,1908185726.18,1704211027.39,14073395163.330002,32377566653.38,18304171490.05,393594383.5899999,2538.66,2309.16,1374.67,1307.31,4068.54,4063.58,112.34,414.18,,,Y,,,,电力设备,电池,蓄电池及其他电池,41.31,40.96,40.66
sh688819,天能股份,2022-09-13,41.5,41.88,39.75,40.4,41.2,2653067.0,107006766.0,5255045513.6,39272840000.0,1908185726.18,1704211027.39,14073395163.330002,32377566653.38,18304171490.05,393594383.5899999,3394.79,2961.33,1648.87,1410.46,5209.46,4812.36,447.55,1516.52,,,Y,,,,电力设备,电池,蓄电池及其他电池,41.35,41.22,40.36
sh688819,天能股份,2022-09-14,39.58,40.7,38.8,39.2,40.4,2855554.0,112794118.0,5098955052.8,38106320000.0,1908185726.18,1704211027.39,14073395163.330002,32377566653.38,18304171490.05,393594383.5899999,3882.51,3496.51,1750.15,1900.75,5512.26,4457.24,134.48,1424.91,,,Y,,,,电力设备,电池,蓄电池及其他电池,40.2,40.09,39.81
sh688819,天能股份,2022-09-15,39.53,39.6,36.33,36.88,39.2,3831324.0,142811100.0,4797180161.92,35851048000.0,1908185726.18,1704211027.39,14073395163.330002,32377566653.38,18304171490.05,393594383.5899999,4577.7,4554.4,1988.31,2268.03,7613.07,7304.05,103.5,156.11,,,Y,,,,电力设备,电池,蓄电池及其他电池,38.8,37.9,37.52
sh688819,天能股份,2022-09-16,36.9,37.34,36.08,36.09,36.88,2141064.0,78407066.0,4694420608.56,35083089000.0,1908185726.18,1704211027.39,14073395163.330002,32377566653.38,18304171490.05,393594383.5899999,2850.46,2597.18,840.37,755.74,3829.25,4487.79,320.63,0.0,,,Y,,,,电力设备,电池,蓄电池及其他电池,36.65,36.77,37.1
sh688819,天能股份,2022-09-19,35.84,36.8,34.78,35.49,36.09,2590401.0,92170691.0,4616375378.16,34499829000.0,1908185726.18,1704211027.39,14073395163.330002,32377566653.38,18304171490.05,393594383.5899999,2994.14,2578.45,1249.61,1352.44,4973.32,4943.15,0.0,343.03,,,Y,,,,电力设备,电池,蓄电池及其他电池,36.1,35.99,36.5
sh688819,天能股份,2022-09-20,35.69,37.17,35.69,36.58,35.49,2612252.0,95537724.0,4758157546.72,35559418000.0,1908185726.18,1704211027.39,14073395163.330002,32377566653.38,18304171490.05,393594383.5899999,2722.06,2769.65,1175.58,1211.98,5083.56,5441.69,572.58,130.45,,,Y,,,,电力设备,电池,蓄电池及其他电池,36.01,35.81,36.62
sh688819,天能股份,2022-09-21,36.56,36.72,35.64,35.81,36.58,1451440.0,52343169.0,4657999501.04,34810901000.0,1908185726.18,1704211027.39,14073395163.330002,32377566653.38,18304171490.05,393594383.5899999,1696.45,1582.36,503.91,607.81,2815.27,2822.22,0.0,3.24,,,Y,,,,电力设备,电池,蓄电池及其他电池,36.34,35.94,36.34
sh688819,天能股份,2022-09-22,35.82,36.79,35.01,35.91,35.81,1687942.0,60840627.0,4671007039.440001,34908111000.0,1908185726.18,1704211027.39,14073395163.330002,32377566653.38,18304171490.05,393594383.5899999,2063.72,1963.03,657.35,520.58,3362.99,3421.75,0.0,178.71,,,Y,,,,电力设备,电池,蓄电池及其他电池,35.18,35.61,36.45
sh688819,天能股份,2022-09-23,36.1,36.68,34.45,34.55,35.91,2315074.0,81263446.0,4494104517.2,33586055000.0,1908185726.18,1704211027.39,14073395163.330002,32377566653.38,18304171490.05,393594383.5899999,2880.74,3062.41,658.04,878.51,4304.33,3761.81,283.23,423.62,,,Y,,,,电力设备,电池,蓄电池及其他电池,36.34,35.83,35.6
sh688819,天能股份,2022-09-26,34.21,36.07,34.21,35.21,34.55,2588808.0,91188069.0,4579954270.64,34227641000.0,1908185726.18,1704211027.39,14073395163.330002,32377566653.38,18304171490.05,393594383.5899999,3358.56,3353.9,927.22,1363.0,4815.15,4401.9,17.87,0.0,,,Y,,,,电力设备,电池,蓄电池及其他电池,34.31,34.75,34.8
sh688819,天能股份,2022-09-27,35.02,36.28,35.02,35.87,35.21,1896962.0,67806112.0,4665804024.08,34869227000.0,1908185726.18,1704211027.39,14073395163.330002,32377566653.38,18304171490.05,393594383.5899999,2161.68,2406.79,1069.73,654.03,3237.08,3528.65,312.13,191.15,,,Y,,,,电力设备,电池,蓄电池及其他电池,35.6,36.05,35.59
sh688819,天能股份,2022-09-28,35.87,36.0,34.38,34.51,35.87,1967216.0,68466141.0,4488901501.84,33547171000.0,1908185726.18,1704211027.39,14073395163.330002,32377566653.38,18304171490.05,393594383.5899999,2284.75,2016.47,568.35,793.04,3993.52,3650.78,0.0,386.33,,,Y,,,,电力设备,电池,蓄电池及其他电池,35.83,35.07,34.55
sh688819,天能股份,2022-09-29,34.81,35.1,34.06,34.51,34.51,1773526.0,61426005.0,4488901501.84,33547171000.0,1908185726.18,1704211027.39,14073395163.330002,32377566653.38,18304171490.05,393594383.5899999,1998.49,1735.55,723.7,973.65,3293.77,2982.34,126.65,451.07,,,Y,,,,电力设备,电池,蓄电池及其他电池,34.65,34.35,34.38
sh688819,天能股份,2022-09-30,34.12,34.92,32.88,32.9,34.51,2161002.0,72339448.0,4279480133.6,31982090000.0,1908185726.18,1704211027.39,14073395163.330002,32377566653.38,18304171490.05,393594383.5899999,2050.11,2247.57,1033.75,1690.61,4150.09,3161.49,0.0,134.28,,,Y,,,,电力设备,电池,蓄电池及其他电池,34.19,34.23,33.78
sh688819,天能股份,2022-10-10,33.12,33.39,31.9,32.09,32.9,1722902.0,56071482.0,4174119072.56,31194689000.0,1908185726.18,1704211027.39,14073395163.330002,32377566653.38,18304171490.05,393594383.5899999,1712.72,1743.22,226.69,1345.02,3667.74,2329.94,0.0,188.97,,,Y,,,,电力设备,电池,蓄电池及其他电池,32.56,33.39,32.97
sh688819,天能股份,2022-10-11,32.21,32.94,31.0,31.46,32.09,3105907.0,99059926.0,4092171580.64,30582266000.0,1908185726.18,1704211027.39,14073395163.330002,32377566653.38,18304171490.05,393594383.5899999,3151.72,3574.39,1207.71,1538.84,5378.32,4459.26,168.88,334.14,,,Y,,,,电力设备,电池,蓄电池及其他电池,32.55,32.5,32.85
sh688819,天能股份,2022-10-12,31.34,34.2,31.0,33.99,31.46,3554440.0,115840564.0,4421262302.16,33041679000.0,1908185726.18,1704211027.39,14073395163.330002,32377566653.38,18304171490.05,393594383.5899999,3426.61,3550.77,1024.43,1509.22,6871.5,6525.09,262.54,0.0,,,Y,,,,电力设备,电池,蓄电池及其他电池,31.94,31.73,31.39
sh688819,天能股份,2022-10-13,33.8,37.65,33.35,37.1,33.99,5668230.0,205754275.0,4825796746.4,36064910000.0,1908185726.18,1704211027.39,14073395163.330002,32377566653.38,18304171490.05,393594383.5899999,7007.1,7883.29,2931.03,2503.48,9876.83,10188.66,760.47,0.0,,,Y,,,,电力设备,电池,蓄电池及其他电池,35.3,35.1,36.05
sh688819,天能股份,2022-10-14,37.4,37.58,36.25,36.99,37.1,3607561.0,133190862.0,4811488454.16,35957979000.0,1908185726.18,1704211027.39,14073395163.330002,32377566653.38,18304171490.05,393594383.5899999,4337.67,4761.04,1773.14,2394.61,6476.37,5291.59,731.91,871.85,,,Y,,,,电力设备,电池,蓄电池及其他电池,36.81,36.88,36.54
sh688819,天能股份,2022-10-17,36.5,37.15,35.88,36.71,36.99,3300410.0,120343955.0,4775067346.64,35685791000.0,1908185726.18,1704211027.39,14073395163.330002,32377566653.38,18304171490.05,393594383.5899999,4391.21,3872.0,1320.35,2165.82,6322.84,5665.88,0.0,330.69,,,Y,,,,电力设备,电池,蓄电池及其他电池,36.88,36.61,36.4
sh688819,天能股份,2022-10-18,37.3,40.37,36.77,39.43,36.71,5827706.0,226574334.0,5128872391.12,38329903000.0,1908185726.18,1704211027.39,14073395163.330002,32377566653.38,18304171490.05,393594383.5899999,8916.03,8649.38,3916.89,3267.4,9308.1,10431.1,516.73,309.87,,,Y,,,,电力设备,电池,蓄电池及其他电池,37.11,37.34,37.22
sh688819,天能股份,2022-10-19,40.18,42.47,39.5,40.14,39.43,7109244.0,289577204.0,5221225913.76,39020094000.0,1908185726.18,1704211027.39,14073395163.330002,32377566653.38,18304171490.05,393594383.5899999,11481.98,11790.36,4951.81,6337.88,11897.66,10398.99,627.08,431.3,,,Y,,,,电力设备,电池,蓄电池及其他电池,40.24,41.93,42.08
sh688819,天能股份,2022-10-20,39.86,40.3,38.66,39.75,40.14,4425996.0,174746548.0,5170496514.0,38640975000.0,1908185726.18,1704211027.39,14073395163.330002,32377566653.38,18304171490.05,393594383.5899999,6424.95,6017.24,2066.6,2379.2,8789.84,7917.44,193.26,1160.78,,,Y,,,,电力设备,电池,蓄电池及其他电池,39.45,39.33,39.25
sh688819,天能股份,2022-10-21,41.4,42.37,40.7,41.0,39.75,5501252.0,228498864.0,5333090744.0,39856100000.0,1908185726.18,1704211027.39,14073395163.330002,32377566653.38,18304171490.05,393594383.5899999,7168.91,8404.99,3813.75,4032.47,10251.27,9084.39,1564.38,1276.46,,,Y,,,,电力设备,电池,蓄电池及其他电池,41.19,42.07,41.8
sh688819,天能股份,2022-10-24,41.43,41.64,39.52,39.65,41.0,5418843.0,218527579.0,5157488975.6,38543765000.0,1908185726.18,1704211027.39,14073395163.330002,32377566653.38,18304171490.05,393594383.5899999,8092.74,7689.95,2549.08,2919.47,10378.89,8989.69,832.05,2253.65,,,Y,,,,电力设备,电池,蓄电池及其他电池,40.31,39.9,40.04
sh688819,天能股份,2022-10-25,39.72,41.79,39.01,41.2,39.65,4415663.0,181108249.0,5359105820.799999,40050520000.0,1908185726.18,1704211027.39,14073395163.330002,32377566653.38,18304171490.05,393594383.5899999,5224.28,6841.83,2309.46,2930.94,9988.46,7777.17,588.62,560.88,,,Y,,,,电力设备,电池,蓄电池及其他电池,39.86,41.25,41.24
sh688819,天能股份,2022-10-26,41.19,42.42,40.63,41.56,41.2,3511791.0,146258425.0,5405932959.040001,40400476000.0,1908185726.18,1704211027.39,14073395163.330002,32377566653.38,18304171490.05,393594383.5899999,4758.98,5162.3,2862.73,2602.49,6479.29,6339.99,524.84,521.07,,,Y,,,,电力设备,电池,蓄电池及其他电池,41.08,41.16,41.29
sh688819,天能股份,2022-10-27,41.58,42.57,39.89,39.96,41.56,3716350.0,152405668.0,5197812344.639999,38845116000.0,1908185726.18,1704211027.39,14073395163.330002,32377566653.38,18304171490.05,393594383.5899999,5935.65,5627.51,1653.25,2520.72,7448.29,6665.37,203.38,426.98,,,Y,,,,电力设备,电池,蓄电池及其他电池,42.33,41.86,41.62
sh688819,天能股份,2022-10-28,39.52,40.64,38.7,38.7,39.96,3368114.0,132854171.0,5033917360.8,37620270000.0,1908185726.18,1704211027.39,14073395163.330002,32377566653.38,18304171490.05,393594383.5899999,4073.34,4286.79,1600.56,2388.06,7464.5,6370.72,147.01,239.85,,,Y,,,,电力设备,电池,蓄电池及其他电池,40.32,40.37,39.96
sh688819,天能股份,2022-10-31,39.57,41.4,39.19,41.02,38.7,3489354.0,142269363.0,5335692251.679999,39875542000.0,1908185726.18,1704211027.39,14073395163.330002,32377566653.38,18304171490.05,393594383.5899999,4745.83,5235.13,2290.81,1777.15,7009.91,7103.09,180.39,111.57,,,Y,,,,电力设备,电池,蓄电池及其他电池,40.95,40.63,41.12
sh688819,天能股份,2022-11-01,40.6,42.33,40.25,41.15,41.02,4867387.0,200047613.0,5352602051.6,40001915000.0,1908185726.18,1704211027.39,14073395163.330002,32377566653.38,18304171490.05,393594383.5899999,6738.92,5131.88,3204.85,2778.62,9681.44,11765.31,379.55,328.95,,,Y,,,,电力设备,电池,蓄电池及其他电池,41.81,42.13,41.37
sh688819,天能股份,2022-11-02,40.89,41.8,40.35,41.2,41.15,3820331.0,157311828.0,5359105820.799999,40050520000.0,1908185726.18,1704211027.39,14073395163.330002,32377566653.38,18304171490.05,393594383.5899999,5358.71,5456.6,1750.01,3092.04,7743.1,6421.05,879.37,761.49,,,Y,,,,电力设备,电池,蓄电池及其他电池,41.04,41.42,41.08
sh688819,天能股份,2022-11-03,41.4,43.22,41.01,42.5,41.2,5062613.0,215138868.0,5528203820.0,41314250000.0,1908185726.18,1704211027.39,14073395163.330002,32377566653.38,18304171490.05,393594383.5899999,8700.3,8994.05,4311.24,2770.19,8321.06,9519.9,182.98,231.45,,,Y,,,,电力设备,电池,蓄电池及其他电池,41.85,42.06,41.79
sh688819,天能股份,2022-11-04,42.99,43.21,42.01,42.85,42.5,4414795.0,188788672.0,5573730204.4,41654485000.0,1908185726.18,1704211027.39,14073395163.330002,32377566653.38,18304171490.05,393594383.5899999,6423.28,6294.81,3834.33,4232.54,8328.71,7689.44,292.55,662.08,,,Y,,,,电力设备,电池,蓄电池及其他电池,42.46,42.37,42.45
sh688819,天能股份,2022-11-07,42.98,43.43,42.11,42.87,42.85,3332915.0,142499375.0,5576331712.080001,41673927000.0,1908185726.18,1704211027.39,14073395163.330002,32377566653.38,18304171490.05,393594383.5899999,4783.93,5383.57,2556.83,2681.45,6061.4,5831.54,847.77,353.38,,,Y,,,,电力设备,电池,蓄电池及其他电池,42.64,42.89,42.49
sh688819,天能股份,2022-11-08,42.8,42.83,41.49,41.76,42.87,2731244.0,114320592.0,5431948035.84,40594896000.0,1908185726.18,1704211027.39,14073395163.330002,32377566653.38,18304171490.05,393594383.5899999,4413.16,4699.05,1611.62,2531.69,5407.27,4167.13,0.0,34.19,,,Y,,,,电力设备,电池,蓄电池及其他电池,42.3,41.77,41.65
sh688819,天能股份,2022-11-09,41.79,42.13,41.32,41.46,41.76,1511712.0,63056861.0,5392925420.64,40303266000.0,1908185726.18,1704211027.39,14073395163.330002,32377566653.38,18304171490.05,393594383.5899999,11490.9,11933.14,3261.97,4343.78,21272.48,19363.95,710.48,1094.96,,,Y,,,,电力设备,电池,蓄电池及其他电池,41.74,41.45,41.46
sh688819,天能股份,2022-11-10,41.11,41.91,40.63,40.64,41.46,1893125.0,78087616.0,5286263605.759999,39506144000.0,1908185726.18,1704211027.39,14073395163.330002,32377566653.38,18304171490.05,393594383.5899999,2524.34,2905.36,615.93,1248.37,4668.49,3490.99,0.0,164.05,,,Y,,,,电力设备,电池,蓄电池及其他电池,41.48,41.68,41.38
sh688819,天能股份,2022-11-11,41.8,41.98,39.6,39.6,40.64,3310484.0,134456557.0,5150985206.4,38495160000.0,1908185726.18,1704211027.39,14073395163.330002,32377566653.38,18304171490.05,393594383.5899999,4694.97,4237.91,2613.85,1987.4,6136.83,6619.87,0.0,600.48,,,Y,,,,电力设备,电池,蓄电池及其他电池,41.39,41.4,40.88
sh688819,天能股份,2022-11-14,39.9,40.9,39.4,40.31,39.6,3364954.0,135546803.0,5243338729.04,39185351000.0,1908185726.18,1704211027.39,14073395163.330002,32377566653.38,18304171490.05,393594383.5899999,3436.44,4842.77,1110.4,2035.69,8806.49,6572.31,201.35,103.91,,,Y,,,,电力设备,电池,蓄电池及其他电池,39.77,39.99,40.42
sh688819,天能股份,2022-11-15,40.78,40.78,39.3,40.1,40.31,3404807.0,135609667.0,5216022898.4,38981210000.0,1908185726.18,1704211027.39,14073395163.330002,32377566653.38,18304171490.05,393594383.5899999,4836.59,4171.39,1994.84,2153.01,6729.54,7215.68,0.0,20.89,,,Y,,,,电力设备,电池,蓄电池及其他电池,39.95,39.63,39.5
sh688819,天能股份,2022-11-16,40.4,40.87,39.83,39.86,40.1,1875567.0,75285229.0,5184804806.24,38747906000.0,1908185726.18,1704211027.39,14073395163.330002,32377566653.38,18304171490.05,393594383.5899999,2498.06,2711.69,1581.38,1256.92,3449.08,3426.89,0.0,133.03,,,Y,,,,电力设备,电池,蓄电池及其他电池,40.42,40.41,39.96
sh688819,天能股份,2022-11-17,39.58,39.74,37.87,38.24,39.86,3747848.0,143744224.0,4974082684.16,37173104000.0,1908185726.18,1704211027.39,14073395163.330002,32377566653.38,18304171490.05,393594383.5899999,4791.02,5357.94,1970.77,2190.74,7438.71,6578.83,174.69,247.67,,,Y,,,,电力设备,电池,蓄电池及其他电池,39.35,38.94,38.77
sh688819,天能股份,2022-11-18,38.27,39.19,37.9,37.95,38.24,3009980.0,115750964.0,4936360822.8,36891195000.0,1908185726.18,1704211027.39,14073395163.330002,32377566653.38,18304171490.05,393594383.5899999,3711.45,4179.21,1632.46,1823.24,6231.19,5572.65,0.0,0.0,,,Y,,,,电力设备,电池,蓄电池及其他电池,38.35,39.06,38.98
sh688819,天能股份,2022-11-21,37.96,38.86,37.63,38.76,37.95,2443253.0,94016795.0,5041721883.84,37678596000.0,1908185726.18,1704211027.39,14073395163.330002,32377566653.38,18304171490.05,393594383.5899999,2791.57,3171.41,1010.0,698.34,5600.1,5531.93,0.0,0.0,,,Y,,,,电力设备,电池,蓄电池及其他电池,38.48,38.37,38.15
sh688819,天能股份,2022-11-22,38.99,38.99,37.6,37.71,38.76,2449344.0,93015805.0,4905142730.64,36657891000.0,1908185726.18,1704211027.39,14073395163.330002,32377566653.38,18304171490.05,393594383.5899999,2676.76,3420.79,901.71,1070.64,5595.6,4540.04,127.52,270.1,,,Y,,,,电力设备,电池,蓄电池及其他电池,38.53,38.4,38.51
sh688819,天能股份,2022-11-23,37.5,38.69,37.5,38.41,37.71,1840956.0,70341034.0,4996195499.440001,37338361000.0,1908185726.18,1704211027.39,14073395163.330002,32377566653.38,18304171490.05,393594383.5899999,2206.77,1930.49,452.84,1095.33,4374.49,4000.56,0.0,7.72,,,Y,,,,电力设备,电池,蓄电池及其他电池,37.94,37.99,38.13
sh688819,天能股份,2022-11-24,38.5,40.63,38.41,39.68,38.41,3215718.0,127127427.0,5161391237.12,38572928000.0,1908185726.18,1704211027.39,14073395163.330002,32377566653.38,18304171490.05,393594383.5899999,3993.25,4563.1,1985.13,1781.97,6014.25,6262.71,720.12,104.96,,,Y,,,,电力设备,电池,蓄电池及其他电池,38.9,38.79,39.13
sh688819,天能股份,2022-11-25,39.5,39.5,37.8,37.84,39.68,2676959.0,102648168.0,4922052530.559999,36784264000.0,1908185726.18,1704211027.39,14073395163.330002,32377566653.38,18304171490.05,393594383.5899999,3483.43,2922.33,936.51,1512.84,5616.31,5826.14,228.57,3.5,,,Y,,,,电力设备,电池,蓄电池及其他电池,38.95,38.42,38.56
sh688819,天能股份,2022-11-28,37.65,38.43,37.3,38.1,37.84,1599300.0,60831470.0,4955872130.4,37037010000.0,1908185726.18,1704211027.39,14073395163.330002,32377566653.38,18304171490.05,393594383.5899999,1395.19,1386.92,241.92,335.32,4446.03,4244.38,0.0,116.52,,,Y,,,,电力设备,电池,蓄电池及其他电池,37.83,37.91,37.97
sh688819,天能股份,2022-11-29,38.38,38.99,37.99,38.58,38.1,1953820.0,75567113.0,5018308314.72,37503618000.0,1908185726.18,1704211027.39,14073395163.330002,32377566653.38,18304171490.05,393594383.5899999,1691.4,2041.47,336.32,702.15,5522.7,4814.25,7.44,0.0,,,Y,,,,电力设备,电池,蓄电池及其他电池,38.47,38.6,38.78
sh688819,天能股份,2022-11-30,38.3,39.15,38.09,38.14,38.58,1597998.0,61587845.0,4961075145.76,37075894000.0,1908185726.18,1704211027.39,14073395163.330002,32377566653.38,18304171490.05,393594383.5899999,1686.89,1823.15,293.76,310.35,4178.14,4025.29,0.0,0.0,,,Y,,,,电力设备,电池,蓄电池及其他电池,38.6,38.39,38.33
sh688819,天能股份,2022-12-01,38.69,39.08,38.41,38.5,38.14,1600248.0,61937213.0,5007902284.0,37425850000.0,1908185726.18,1704211027.39,14073395163.330002,32377566653.38,18304171490.05,393594383.5899999,1452.46,1547.66,766.63,796.83,3852.78,3849.22,121.86,0.0,,,Y,,,,电力设备,电池,蓄电池及其他电池,38.64,38.71,38.85
sh688819,天能股份,2022-12-02,38.89,40.1,38.43,39.4,38.5,2980894.0,117932667.0,5124970129.6,38300740000.0,1908185726.18,1704211027.39,14073395163.330002,32377566653.38,18304171490.05,393594383.5899999,4361.65,3798.28,1470.77,1139.07,5675.85,5832.17,286.57,1025.33,,,Y,,,,电力设备,电池,蓄电池及其他电池,38.97,39.09,39.09
sh688819,天能股份,2022-12-05,39.5,40.0,38.88,39.25,39.4,2017517.0,78926274.0,5105458822.0,38154925000.0,1908185726.18,1704211027.39,14073395163.330002,32377566653.38,18304171490.05,393594383.5899999,1889.12,2002.8,821.44,433.59,5065.23,5344.19,116.83,112.05,,,Y,,,,电力设备,电池,蓄电池及其他电池,39.17,39.06,38.99
sh688819,天能股份,2022-12-06,39.05,39.38,38.19,39.1,39.25,2124842.0,82509028.0,5085947514.400001,38009110000.0,1908185726.18,1704211027.39,14073395163.330002,32377566653.38,18304171490.05,393594383.5899999,2861.56,2289.77,496.06,1400.46,4825.91,4264.19,0.0,229.11,,,Y,,,,电力设备,电池,蓄电池及其他电池,39.0,38.8,38.34
sh688819,天能股份,2022-12-07,38.9,39.86,38.9,38.92,39.1,2111428.0,83186026.0,5062533945.28,37834132000.0,1908185726.18,1704211027.39,14073395163.330002,32377566653.38,18304171490.05,393594383.5899999,2872.71,2391.42,961.99,621.11,4183.0,5157.02,300.91,149.05,,,Y,,,,电力设备,电池,蓄电池及其他电池,39.79,39.45,39.35
sh688819,天能股份,2022-12-08,38.98,39.66,38.45,38.51,38.92,2302729.0,89710390.0,5009203037.84,37435571000.0,1908185726.18,1704211027.39,14073395163.330002,32377566653.38,18304171490.05,393594383.5899999,2997.51,2291.77,856.49,838.97,5119.74,5672.14,0.0,170.85,,,Y,,,,电力设备,电池,蓄电池及其他电池,38.51,39.1,39.19
sh688819,天能股份,2022-12-09,38.51,38.75,36.82,37.14,38.51,5794565.0,217512945.0,4830999761.76,36103794000.0,1908185726.18,1704211027.39,14073395163.330002,32377566653.38,18304171490.05,393594383.5899999,6572.62,8088.26,2462.38,2782.94,12500.82,9997.33,215.48,882.76,,,Y,,,,电力设备,电池,蓄电池及其他电池,37.85,38.03,37.91
sh688819,天能股份,2022-12-12,37.05,37.85,36.83,37.55,37.14,3056145.0,114365440.0,4884330669.2,36502355000.0,1908185726.18,1704211027.39,14073395163.330002,32377566653.38,18304171490.05,393594383.5899999,2634.0,3194.97,870.79,1073.95,7931.76,7074.06,0.0,93.57,,,Y,,,,电力设备,电池,蓄电池及其他电池,37.0,37.15,37.14
sh688819,天能股份,2022-12-13,37.98,38.49,37.6,37.61,37.55,2635623.0,100265831.0,4892135192.24,36560681000.0,1908185726.18,1704211027.39,14073395163.330002,32377566653.38,18304171490.05,393594383.5899999,2632.7,3085.93,1216.03,1305.38,6175.26,5522.93,2.59,112.35,,,Y,,,,电力设备,电池,蓄电池及其他电池,38.22,38.45,38.26
sh688819,天能股份,2022-12-14,37.47,37.86,36.8,36.95,37.61,2121367.0,79222728.0,4806285438.8,35919095000.0,1908185726.18,1704211027.39,14073395163.330002,32377566653.38,18304171490.05,393594383.5899999,2746.29,2359.18,1136.9,959.17,4039.08,4465.66,0.0,138.27,,,Y,,,,电力设备,电池,蓄电池及其他电池,37.61,37.42,37.35
sh688819,天能股份,2022-12-15,36.92,37.69,36.71,37.5,36.95,1434090.0,53427699.0,4877826900.0,36453750000.0,1908185726.18,1704211027.39,14073395163.330002,32377566653.38,18304171490.05,393594383.5899999,1268.65,1402.95,646.74,633.05,3257.79,3090.92,169.58,215.85,,,Y,,,,电力设备,电池,蓄电池及其他电池,37.07,37.25,36.99
sh688819,天能股份,2022-12-16,37.0,37.74,36.44,36.67,37.5,1432832.0,52857319.0,4769864331.28,35646907000.0,1908185726.18,1704211027.39,14073395163.330002,32377566653.38,18304171490.05,393594383.5899999,1143.99,1604.3,532.5,406.48,3609.24,3104.85,0.0,170.1,,,Y,,,,电力设备,电池,蓄电池及其他电池,37.13,37.15,37.21
sh688819,天能股份,2022-12-19,36.11,37.34,36.05,36.42,36.67,1795515.0,65645726.0,4737345485.28,35403882000.0,1908185726.18,1704211027.39,14073395163.330002,32377566653.38,18304171490.05,393594383.5899999,1376.88,1819.82,654.1,421.92,4426.57,4322.83,107.03,0.0,,,Y,,,,电力设备,电池,蓄电池及其他电池,37.06,37.11,37.2
sh688819,天能股份,2022-12-20,36.5,36.67,35.81,36.02,36.42,1872600.0,67703913.0,4685315331.68,35015042000.0,1908185726.18,1704211027.39,14073395163.330002,32377566653.38,18304171490.05,393594383.5899999,1585.46,2033.31,299.42,224.9,4528.33,4091.54,357.18,420.65,,,Y,,,,电力设备,电池,蓄电池及其他电池,36.57,36.47,36.04
sh688819,天能股份,2022-12-21,36.01,36.17,35.11,35.4,36.02,1968144.0,69954732.0,4604668593.6,34412340000.0,1908185726.18,1704211027.39,14073395163.330002,32377566653.38,18304171490.05,393594383.5899999,2004.03,2041.84,515.84,884.45,4475.6,3981.11,0.0,88.08,,,Y,,,,电力设备,电池,蓄电池及其他电池,35.89,35.84,35.88
sh688819,天能股份,2022-12-22,35.91,35.91,34.67,34.67,35.4,1223124.0,43009822.0,4509713563.280001,33702707000.0,1908185726.18,1704211027.39,14073395163.330002,32377566653.38,18304171490.05,393594383.5899999,1202.96,971.87,537.31,1053.43,2560.72,2063.98,0.0,211.7,,,Y,,,,电力设备,电池,蓄电池及其他电池,35.42,35.42,35.51
sh688819,天能股份,2022-12-23,34.5,34.94,34.11,34.49,34.67,1139495.0,39261592.0,4486299994.16,33527729000.0,1908185726.18,1704211027.39,14073395163.330002,32377566653.38,18304171490.05,393594383.5899999,766.42,1217.61,266.15,317.11,2893.58,2391.44,0.0,0.0,,,Y,,,,电力设备,电池,蓄电池及其他电池,34.58,34.43,34.33
sh688819,天能股份,2022-12-26,34.5,36.35,34.5,36.18,34.49,2012013.0,72213470.0,4706127393.12,35170578000.0,1908185726.18,1704211027.39,14073395163.330002,32377566653.38,18304171490.05,393594383.5899999,1605.45,1753.68,563.39,491.09,5052.5,4976.57,0.0,0.0,,,Y,,,,电力设备,电池,蓄电池及其他电池,35.42,35.38,35.62
sh688819,天能股份,2022-12-27,36.5,37.06,35.98,36.76,36.18,1639413.0,59947781.0,4781571115.84,35734396000.0,1908185726.18,1704211027.39,14073395163.330002,32377566653.38,18304171490.05,393594383.5899999,1605.98,1661.13,619.21,776.39,3769.58,3460.16,0.0,97.1,,,Y,,,,电力设备,电池,蓄电池及其他电池,36.87,36.47,36.4
sh688819,天能股份,2022-12-28,36.6,36.95,36.06,36.68,36.76,1337774.0,48961637.0,4771165085.12,35656628000.0,1908185726.18,1704211027.39,14073395163.330002,32377566653.38,18304171490.05,393594383.5899999,1059.42,1274.82,490.38,880.48,3346.37,2740.87,0.0,0.0,,,Y,,,,电力设备,电池,蓄电池及其他电池,36.47,36.2,36.19
sh688819,天能股份,2022-12-29,36.65,37.17,36.42,36.52,36.68,1486192.0,54444190.0,4750353023.679999,35501092000.0,1908185726.18,1704211027.39,14073395163.330002,32377566653.38,18304171490.05,393594383.5899999,1866.16,2307.28,308.94,581.32,3164.92,2467.25,104.39,88.57,,,Y,,,,电力设备,电池,蓄电池及其他电池,36.71,36.81,36.73
sh688819,天能股份,2022-12-30,36.52,37.15,36.52,36.74,36.52,1148110.0,42335740.0,4778969608.16,35714954000.0,1908185726.18,1704211027.39,14073395163.330002,32377566653.38,18304171490.05,393594383.5899999,823.11,997.06,594.38,478.07,2816.09,2758.45,0.0,0.0,,,Y,,,,电力设备,电池,蓄电池及其他电池,36.67,37.14,37.09
sh688819,天能股份,2023-01-03,36.74,37.78,36.43,37.75,36.74,2236061.0,83222755.0,4910345746.0,36696775000.0,1908185726.18,1704211027.39,14073395163.330002,32377566653.38,18304171490.05,393594383.5899999,2698.0,2404.99,1286.29,1302.03,4337.99,4615.26,0.0,0.0,,,Y,,,,电力设备,电池,蓄电池及其他电池,36.87,37.0,36.8
sh688819,天能股份,2023-01-04,37.6,37.79,36.97,37.28,37.75,1660360.0,61992719.0,4849210315.52,36239888000.0,1908185726.18,1704211027.39,14073395163.330002,32377566653.38,18304171490.05,393594383.5899999,1614.88,1256.51,601.62,809.77,3982.78,4133.0,0.0,0.0,,,Y,,,,电力设备,电池,蓄电池及其他电池,37.4,37.4,37.4
sh688819,天能股份,2023-01-05,37.57,38.18,37.08,37.95,37.28,2268056.0,85605669.0,4936360822.8,36891195000.0,1908185726.18,1704211027.39,14073395163.330002,32377566653.38,18304171490.05,393594383.5899999,2358.3,3304.46,720.47,758.0,5481.8,4498.12,0.0,0.0,,,Y,,,,电力设备,电池,蓄电池及其他电池,37.14,37.14,37.27
sh688819,天能股份,2023-01-06,38.01,38.72,37.6,37.99,37.95,2483232.0,95093993.0,4941563838.16,36930079000.0,1908185726.18,1704211027.39,14073395163.330002,32377566653.38,18304171490.05,393594383.5899999,2661.06,2830.92,1157.49,1702.77,5690.36,4908.33,0.5,67.38,,,Y,,,,电力设备,电池,蓄电池及其他电池,38.09,38.34,38.33
sh688819,天能股份,2023-01-09,38.49,38.69,37.99,38.26,37.99,1752521.0,67296038.0,4976684191.84,37192546000.0,1908185726.18,1704211027.39,14073395163.330002,32377566653.38,18304171490.05,393594383.5899999,1817.15,2066.09,609.49,593.33,4182.55,3793.55,120.42,276.64,,,Y,,,,电力设备,电池,蓄电池及其他电池,38.53,38.57,38.57
sh688819,天能股份,2023-01-10,38.6,38.7,37.93,38.32,38.26,1540191.0,59116850.0,4984488714.88,37250872000.0,1908185726.18,1704211027.39,14073395163.330002,32377566653.38,18304171490.05,393594383.5899999,1303.39,1671.47,750.32,577.55,3479.75,3412.87,378.22,249.79,,,Y,,,,电力设备,电池,蓄电池及其他电池,38.07,38.21,38.23
sh688819,天能股份,2023-01-11,38.47,39.43,37.9,38.31,38.32,2445742.0,94310655.0,4983187961.04,37241151000.0,1908185726.18,1704211027.39,14073395163.330002,32377566653.38,18304171490.05,393594383.5899999,2825.4,2885.85,2351.57,1918.13,4212.22,4368.78,41.88,258.3,,,Y,,,,电力设备,电池,蓄电池及其他电池,37.95,38.0,38.1
sh688819,天能股份,2023-01-12,38.47,38.69,37.96,38.0,38.31,1719980.0,65739076.0,4942864592.0,36939800000.0,1908185726.18,1704211027.39,14073395163.330002,32377566653.38,18304171490.05,393594383.5899999,1855.69,2043.03,854.6,1004.38,3863.62,3343.13,0.0,183.36,,,Y,,,,电力设备,电池,蓄电池及其他电池,38.31,38.25,38.14
sh688819,天能股份,2023-01-13,38.21,38.65,37.96,38.21,38.0,1432406.0,54947149.0,4970180422.64,37143941000.0,1908185726.18,1704211027.39,14073395163.330002,32377566653.38,18304171490.05,393594383.5899999,1349.34,1523.09,693.14,424.26,3333.94,3125.54,118.3,421.83,,,Y,,,,电力设备,电池,蓄电池及其他电池,38.4,38.58,38.46
sh688819,天能股份,2023-01-16,38.22,38.6,37.94,38.23,38.21,1680406.0,64427220.0,4972781930.32,37163383000.0,1908185726.18,1704211027.39,14073395163.330002,32377566653.38,18304171490.05,393594383.5899999,1854.39,2260.46,599.42,449.28,3988.91,3622.05,0.0,110.93,,,Y,,,,电力设备,电池,蓄电池及其他电池,38.32,38.22,38.09
sh688819,天能股份,2023-01-17,38.36,38.86,37.02,38.23,38.23,2241461.0,85399805.0,4972781930.32,37163383000.0,1908185726.18,1704211027.39,14073395163.330002,32377566653.38,18304171490.05,393594383.5899999,2106.27,1726.18,1169.78,1105.76,5263.93,4603.2,0.0,1104.83,,,Y,,,,电力设备,电池,蓄电池及其他电池,38.65,38.53,38.24
sh688819,天能股份,2023-01-18,37.5,38.58,37.5,38.43,38.23,1344977.0,51612612.0,5030487000.0,37357803000.0,1908185726.18,1704211027.39,14073395163.330002,32377566653.38,18304171490.05,393594383.5899999,914.09,1119.32,712.25,765.98,3534.93,3150.49,0.0,125.47,,,Y,,,,电力设备,电池,蓄电池及其他电池,38.19,38.48,38.46
sh688819,天能股份,2023-01-19,38.48,38.48,37.82,38.02,38.43,1575036.0,59909485.0,4976818000.0,36959242000.0,1908185726.18,1704211027.39,14073395163.330002,32377566653.38,18304171490.05,393594383.5899999,1720.02,1388.92,638.92,1046.37,3510.09,2876.21,121.92,679.46,,,Y,,,,电力设备,电池,蓄电池及其他电池,38.11,38.0,38.21
sh688819,天能股份,2023-01-20,38.23,38.75,38.13,38.74,38.02,1441594.0,55502130.0,5071066000.0,37659154000.0,1908185726.18,1704211027.39,14073395163.330002,32377566653.38,18304171490.05,393594383.5899999,1244.15,1446.91,470.81,471.59,3673.52,3631.72,161.74,0.0,,,Y,,,,电力设备,电池,蓄电池及其他电池,38.2,38.36,38.48
sh688819,天能股份,2023-01-30,39.28,39.65,38.74,38.78,38.74,2373705.0,93000453.0,5076302000.0,37698038000.0,1908185726.18,1704211027.39,14073395163.330002,32377566653.38,18304171490.05,393594383.5899999,2525.75,2648.11,1638.75,1200.72,4926.75,5315.56,208.79,135.65,,,Y,,,,电力设备,电池,蓄电池及其他电池,39.44,39.62,39.31
sh688819,天能股份,2023-01-31,39.0,39.64,38.82,39.47,38.78,1876789.0,73993835.0,5166623000.0,38368787000.0,1908185726.18,1704211027.39,14073395163.330002,32377566653.38,18304171490.05,393594383.5899999,2362.65,2110.6,1007.62,1046.78,4029.11,4242.0,0.0,0.0,,,Y,,,,电力设备,电池,蓄电池及其他电池,39.35,39.29,39.12
sh688819,天能股份,2023-02-01,39.45,39.8,38.72,38.99,39.47,3338384.0,130551568.0,5103791000.0,37902179000.0,1908185726.18,1704211027.39,14073395163.330002,32377566653.38,18304171490.05,393594383.5899999,4205.42,4389.06,2087.15,1975.69,6483.6,5826.32,278.97,864.1,,,Y,,,,电力设备,电池,蓄电池及其他电池,39.65,39.66,39.63
sh688819,天能股份,2023-02-02,39.0,39.26,38.55,38.99,38.99,1833406.0,71440406.0,5103791000.0,37902179000.0,1908185726.18,1704211027.39,14073395163.330002,32377566653.38,18304171490.05,393594383.5899999,2090.33,2164.83,1397.88,1059.58,3554.21,3826.07,8.07,0.0,,,Y,,,,电力设备,电池,蓄电池及其他电池,38.91,38.59,39.01
sh688819,天能股份,2023-02-03,38.82,38.9,37.72,38.03,38.99,2487061.0,94744564.0,4978127000.0,36968963000.0,1908185726.18,1704211027.39,14073395163.330002,32377566653.38,18304171490.05,393594383.5899999,3221.72,3006.93,1369.08,1629.21,4883.66,3984.47,0.0,853.84,,,Y,,,,电力设备,电池,蓄电池及其他电池,38.67,38.47,38.22
sh688819,天能股份,2023-02-06,38.02,38.8,37.91,38.01,38.03,1802175.0,69007828.0,4975509000.0,36949521000.0,1908185726.18,1704211027.39,14073395163.330002,32377566653.38,18304171490.05,393594383.5899999,1625.9,1673.18,564.49,934.01,4710.4,3995.93,0.0,297.67,,,Y,,,,电力设备,电池,蓄电池及其他电池,38.32,38.57,38.52
sh688819,天能股份,2023-02-07,38.02,38.4,37.75,38.17,38.01,1553954.0,59109933.0,4996453000.0,37105057000.0,1908185726.18,1704211027.39,14073395163.330002,32377566653.38,18304171490.05,393594383.5899999,1253.77,1349.97,971.34,1173.81,3480.44,3285.86,205.45,101.36,,,Y,,,,电力设备,电池,蓄电池及其他电池,38.34,38.11,38.12
sh688819,天能股份,2023-02-08,38.22,38.8,38.05,38.42,38.17,1568050.0,60435181.0,5029178000.0,37348082000.0,1908185726.18,1704211027.39,14073395163.330002,32377566653.38,18304171490.05,393594383.5899999,1893.73,1788.32,527.46,966.9,3620.19,3288.29,2.14,0.0,,,Y,,,,电力设备,电池,蓄电池及其他电池,38.35,38.41,38.47
sh688819,天能股份,2023-02-09,38.48,39.09,38.1,39.01,38.42,2012439.0,78158317.0,5106409000.0,37921621000.0,1908185726.18,1704211027.39,14073395163.330002,32377566653.38,18304171490.05,393594383.5899999,2113.06,2540.29,1170.89,1006.24,4531.88,4269.3,0.0,0.0,,,Y,,,,电力设备,电池,蓄电池及其他电池,38.22,38.34,38.6
sh688819,天能股份,2023-02-10,38.96,39.16,38.4,38.54,39.01,1480240.0,57292920.0,5044886000.0,37464734000.0,1908185726.18,1704211027.39,14073395163.330002,32377566653.38,18304171490.05,393594383.5899999,1644.39,1657.06,693.79,376.34,3391.12,3695.9,0.0,0.0,,,Y,,,,电力设备,电池,蓄电池及其他电池,38.89,38.75,38.9
sh688819,天能股份,2023-02-13,38.62,39.28,38.59,39.14,38.54,1899272.0,74235370.0,5123426000.0,38047994000.0,1908185726.18,1704211027.39,14073395163.330002,32377566653.38,18304171490.05,393594383.5899999,2227.05,2164.0,670.75,1197.85,4389.99,4061.68,135.75,0.0,,,Y,,,,电力设备,电池,蓄电池及其他电池,38.91,39.05,39.02
sh688819,天能股份,2023-02-14,39.32,39.34,38.43,39.15,39.14,1967990.0,76435463.0,5124735000.0,38057715000.0,1908185726.18,1704211027.39,14073395163.330002,32377566653.38,18304171490.05,393594383.5899999,2268.29,1811.5,920.61,1190.76,4438.96,4629.06,15.68,12.24,,,Y,,,,电力设备,电池,蓄电池及其他电池,39.1,38.74,38.89
sh688819,天能股份,2023-02-15,39.11,39.28,38.61,38.79,39.15,1480773.0,57470683.0,5077611000.0,37707759000.0,1908185726.18,1704211027.39,14073395163.330002,32377566653.38,18304171490.05,393594383.5899999,1690.61,1331.3,578.42,609.0,3478.03,3604.51,0.0,202.25,,,Y,,,,电力设备,电池,蓄电池及其他电池,39.08,39.01,39.08
sh688819,天能股份,2023-02-16,38.9,38.99,37.02,37.48,38.79,3118020.0,118876446.0,4906132000.0,36434308000.0,1908185726.18,1704211027.39,14073395163.330002,32377566653.38,18304171490.05,393594383.5899999,3660.08,4180.24,1217.5,1724.09,7010.06,5811.35,0.0,171.96,,,Y,,,,电力设备,电池,蓄电池及其他电池,38.77,38.54,38.47
sh688819,天能股份,2023-02-17,37.47,37.76,37.07,37.18,37.48,1606015.0,60029436.0,4866862000.0,36142678000.0,1908185726.18,1704211027.39,14073395163.330002,32377566653.38,18304171490.05,393594383.5899999,1450.59,1874.6,676.35,764.15,3419.19,3217.4,456.82,146.8,,,Y,,,,电力设备,电池,蓄电池及其他电池,37.44,37.48,37.5
sh688819,天能股份,2023-02-20,36.93,37.46,36.74,37.07,37.18,1670498.0,61877810.0,4852463000.0,36035747000.0,1908185726.18,1704211027.39,14073395163.330002,32377566653.38,18304171490.05,393594383.5899999,1454.9,2182.08,729.21,879.31,4003.68,3126.39,0.0,0.0,,,Y,,,,电力设备,电池,蓄电池及其他电池,36.82,37.05,37.27
sh688819,天能股份,2023-02-21,37.1,37.76,36.95,37.5,37.07,1987833.0,74329560.0,4908750000.0,36453750000.0,1908185726.18,1704211027.39,14073395163.330002,32377566653.38,18304171490.05,393594383.5899999,1793.57,2323.88,842.04,983.22,4797.34,4019.48,0.0,106.38,,,Y,,,,电力设备,电池,蓄电池及其他电池,36.96,37.25,37.17
sh688819,天能股份,2023-02-22,37.4,37.73,36.96,37.0,37.5,1422442.0,52937306.0,4843300000.0,35967700000.0,1908185726.18,1704211027.39,14073395163.330002,32377566653.38,18304171490.05,393594383.5899999,1442.46,2014.01,367.57,420.13,3370.74,2858.83,112.2,0.0,,,Y,,,,电力设备,电池,蓄电池及其他电池,37.71,37.46,37.48
sh688819,天能股份,2023-02-23,36.98,37.33,36.71,36.86,37.0,1339777.0,49519782.0,4824974000.0,35831606000.0,1908185726.18,1704211027.39,14073395163.330002,32377566653.38,18304171490.05,393594383.5899999,1554.49,1302.45,336.48,683.76,3061.01,2459.28,0.0,506.48,,,Y,,,,电力设备,电池,蓄电池及其他电池,37.24,37.05,37.03
sh688819,天能股份,2023-02-24,37.01,37.03,36.51,36.76,36.86,1167503.0,42898915.0,4811884000.0,35734396000.0,1908185726.18,1704211027.39,14073395163.330002,32377566653.38,18304171490.05,393594383.5899999,956.14,1152.82,530.75,541.45,2803.0,2438.03,0.0,157.6,,,Y,,,,电力设备,电池,蓄电池及其他电池,36.88,36.78,36.82
sh688819,天能股份,2023-02-27,36.76,36.84,36.02,36.17,36.76,1609997.0,58473636.0,4734653000.0,35160857000.0,1908185726.18,1704211027.39,14073395163.330002,32377566653.38,18304171490.05,393594383.5899999,1278.95,1501.15,279.83,348.66,4288.58,3997.55,0.0,0.0,,,Y,,,,电力设备,电池,蓄电池及其他电池,36.39,36.55,36.73
sh688819,天能股份,2023-02-28,36.55,37.33,36.5,37.15,36.17,2673889.0,99127784.0,4862935000.0,36113515000.0,1908185726.18,1704211027.39,14073395163.330002,32377566653.38,18304171490.05,393594383.5899999,3147.3,3245.43,1508.22,1462.69,5257.26,5204.66,0.0,0.0,,,Y,,,,电力设备,电池,蓄电池及其他电池,36.74,37.01,36.82
sh688819,天能股份,2023-03-01,37.31,37.38,36.88,37.16,37.15,1455314.0,54066053.0,4864244000.0,36123236000.0,1908185726.18,1704211027.39,14073395163.330002,32377566653.38,18304171490.05,393594383.5899999,1265.75,1240.16,254.85,548.16,3774.71,3618.29,111.3,0.0,,,Y,,,,电力设备,电池,蓄电池及其他电池,36.96,37.0,37.11
sh688819,天能股份,2023-03-02,37.18,37.24,36.53,36.68,37.16,1459733.0,53729647.0,4801412000.0,35656628000.0,1908185726.18,1704211027.39,14073395163.330002,32377566653.38,18304171490.05,393594383.5899999,1429.51,1430.16,386.9,585.17,3377.7,3183.18,178.86,174.46,,,Y,,,,电力设备,电池,蓄电池及其他电池,37.1,37.21,37.16
sh688819,天能股份,2023-03-03,36.41,36.77,36.31,36.43,36.68,1860062.0,67862285.0,4768687000.0,35413603000.0,1908185726.18,1704211027.39,14073395163.330002,32377566653.38,18304171490.05,393594383.5899999,1602.35,1528.25,391.88,532.57,4792.0,4725.41,0.0,0.0,,,Y,,,,电力设备,电池,蓄电池及其他电池,36.65,36.46,36.47
sh688819,天能股份,2023-03-06,36.49,36.8,36.12,36.58,36.43,1737664.0,63377230.0,4788322000.0,35559418000.0,1908185726.18,1704211027.39,14073395163.330002,32377566653.38,18304171490.05,393594383.5899999,1850.27,1625.56,590.83,467.03,3785.92,4136.38,110.7,108.75,,,Y,,,,电力设备,电池,蓄电池及其他电池,36.46,36.31,36.17
sh688819,天能股份,2023-03-07,36.7,37.08,36.2,36.35,36.58,1528872.0,56224193.0,4758215000.0,35335835000.0,1908185726.18,1704211027.39,14073395163.330002,32377566653.38,18304171490.05,393594383.5899999,1030.63,1613.97,405.76,682.71,3494.2,3026.41,691.82,299.32,,,Y,,,,电力设备,电池,蓄电池及其他电池,36.69,36.73,37.01
sh688819,天能股份,2023-03-08,36.21,36.73,36.14,36.36,36.35,866120.0,31510261.0,4759524000.0,35345556000.0,1908185726.18,1704211027.39,14073395163.330002,32377566653.38,18304171490.05,393594383.5899999,650.91,722.83,130.47,114.6,2369.65,2206.24,0.0,107.35,,,Y,,,,电力设备,电池,蓄电池及其他电池,36.55,36.55,36.49
sh688819,天能股份,2023-03-09,36.47,36.55,36.06,36.09,36.36,1170894.0,42434747.0,4724181000.0,35083089000.0,1908185726.18,1704211027.39,14073395163.330002,32377566653.38,18304171490.05,393594383.5899999,948.07,753.55,402.22,435.14,2893.9,2958.99,0.0,96.51,,,Y,,,,电力设备,电池,蓄电池及其他电池,36.38,36.37,36.44
sh688819,天能股份,2023-03-10,35.35,36.25,35.35,36.02,36.09,1075369.0,38650315.0,4715018000.0,35015042000.0,1908185726.18,1704211027.39,14073395163.330002,32377566653.38,18304171490.05,393594383.5899999,867.98,1065.34,343.08,366.45,2653.97,2231.71,0.0,201.54,,,Y,,,,电力设备,电池,蓄电池及其他电池,35.91,35.8,35.74
sh688819,天能股份,2023-03-13,35.88,36.36,34.57,35.23,36.02,3399749.0,120023998.0,4611607000.0,34247083000.0,1908185726.18,1704211027.39,14073395163.330002,32377566653.38,18304171490.05,393594383.5899999,4039.2,2581.15,886.22,701.42,7071.09,8506.45,5.89,213.38,,,Y,,,,电力设备,电池,蓄电池及其他电池,36.25,36.21,36.17
sh688819,天能股份,2023-03-14,35.57,35.57,33.7,34.46,35.23,3070107.0,105164746.0,4510814000.0,33498566000.0,1908185726.18,1704211027.39,14073395163.330002,32377566653.38,18304171490.05,393594383.5899999,2885.42,2254.2,701.03,833.57,6930.03,7428.7,0.0,0.0,,,Y,,,,电力设备,电池,蓄电池及其他电池,35.14,34.83,34.74
sh688819,天能股份,2023-03-15,34.69,34.75,34.27,34.39,34.46,1870823.0,64493654.0,4501651000.0,33430519000.0,1908185726.18,1704211027.39,14073395163.330002,32377566653.38,18304171490.05,393594383.5899999,1534.48,953.17,653.94,251.26,4123.72,5244.94,137.22,0.0,,,Y,,,,电力设备,电池,蓄电池及其他电池,34.68,34.66,34.48
sh688819,天能股份,2023-03-16,34.27,34.5,33.88,33.97,34.39,1744640.0,59645968.0,4446673000.0,33022237000.0,1908185726.18,1704211027.39,14073395163.330002,32377566653.38,18304171490.05,393594383.5899999,1737.67,1596.19,350.08,203.51,3876.84,4023.25,0.0,141.65,,,Y,,,,电力设备,电池,蓄电池及其他电池,34.2,34.37,34.32
sh688819,天能股份,2023-03-17,34.31,34.31,33.47,33.48,33.97,1986573.0,67167745.0,4382532000.0,32545908000.0,1908185726.18,1704211027.39,14073395163.330002,32377566653.38,18304171490.05,393594383.5899999,1624.32,1412.77,1155.35,823.29,3937.1,4053.46,0.0,427.26,,,Y,,,,电力设备,电池,蓄电池及其他电池,34.0,34.07,34.0
sh688819,天能股份,2023-03-20,33.6,34.46,33.17,33.93,33.48,2287728.0,77641051.0,4441437000.0,32983353000.0,1908185726.18,1704211027.39,14073395163.330002,32377566653.38,18304171490.05,393594383.5899999,1837.54,1842.43,995.66,529.9,4930.9,5391.78,0.0,0.0,,,Y,,,,电力设备,电池,蓄电池及其他电池,33.48,33.54,33.61
sh688819,天能股份,2023-03-21,34.2,34.57,33.96,34.38,33.93,1593841.0,54589923.0,4500342000.0,33420798000.0,1908185726.18,1704211027.39,14073395163.330002,32377566653.38,18304171490.05,393594383.5899999,1179.99,1081.24,474.63,360.68,3803.91,4019.13,2.52,0.0,,,Y,,,,电力设备,电池,蓄电池及其他电池,34.06,34.06,34.14
sh688819,天能股份,2023-03-22,34.38,34.96,34.38,34.63,34.38,1552270.0,53929553.0,4533067000.0,33663823000.0,1908185726.18,1704211027.39,14073395163.330002,32377566653.38,18304171490.05,393594383.5899999,1347.07,1665.16,517.37,428.57,3202.85,3299.23,325.66,0.0,,,Y,,,,电力设备,电池,蓄电池及其他电池,34.78,34.8,34.82
sh688819,天能股份,2023-03-23,34.63,35.12,34.33,34.53,34.63,1903981.0,66109686.0,4519977000.0,33566613000.0,1908185726.18,1704211027.39,14073395163.330002,32377566653.38,18304171490.05,393594383.5899999,1783.02,1708.47,850.98,537.11,3916.0,4365.39,60.97,0.0,,,Y,,,,电力设备,电池,蓄电池及其他电池,34.44,34.35,34.48
sh688819,天能股份,2023-03-24,34.54,35.12,34.42,34.6,34.53,1533157.0,53252453.0,4529140000.0,33634660000.0,1908185726.18,1704211027.39,14073395163.330002,32377566653.38,18304171490.05,393594383.5899999,1577.31,1533.92,341.53,383.68,3247.41,3407.64,158.99,0.0,,,Y,,,,电力设备,电池,蓄电池及其他电池,34.65,34.67,34.7
sh688819,天能股份,2023-03-27,34.45,35.16,34.45,34.63,34.6,2271982.0,78914792.0,4533067000.0,33663823000.0,2304503188.38,2533763559.74,15618670661.230003,35831963205.83,20213292544.6,393594383.5899999,2155.25,2169.28,761.06,902.6,4861.39,4767.48,113.78,52.13,,,Y,,,,电力设备,电池,蓄电池及其他电池,35.13,34.81,35.01
sh688819,天能股份,2023-03-28,34.63,34.77,33.95,34.03,34.63,1833695.0,62732549.0,4454527000.0,33080563000.0,2304503188.38,2533763559.74,15618670661.230003,35831963205.83,20213292544.6,393594383.5899999,1849.9,1767.54,346.83,690.73,4076.52,3814.99,0.0,0.0,,,Y,,,,电力设备,电池,蓄电池及其他电池,34.3,34.26,34.4
sh688819,天能股份,2023-03-29,34.33,34.4,33.82,34.06,34.03,1328820.0,45254078.0,4458454000.0,33109726000.0,2304503188.38,2533763559.74,15618670661.230003,35831963205.83,20213292544.6,393594383.5899999,1153.82,895.68,395.06,243.07,2976.53,3386.66,0.0,0.0,,,Y,,,,电力设备,电池,蓄电池及其他电池,34.34,34.08,34.06
sh688819,天能股份,2023-03-30,33.98,34.21,33.76,34.05,34.06,1427772.0,48524022.0,4457145000.0,33100005000.0,2304503188.38,2533763559.74,15618670661.230003,35831963205.83,20213292544.6,393594383.5899999,1365.43,1092.49,264.46,613.78,3222.51,3036.92,0.0,109.22,,,Y,,,,电力设备,电池,蓄电池及其他电池,33.79,33.83,33.96
sh688819,天能股份,2023-03-31,34.11,34.6,34.0,34.46,34.05,1522254.0,52334950.0,4510814000.0,33498566000.0,2304503188.38,2533763559.74,15618670661.230003,35831963205.83,20213292544.6,393594383.5899999,1386.15,1230.71,415.44,555.36,3260.8,3281.62,171.1,165.8,,,Y,,,,电力设备,电池,蓄电池及其他电池,34.18,34.11,34.23
sh688819,天能股份,2023-04-03,34.5,35.35,34.2,35.27,34.46,3141906.0,109589670.0,4616843000.0,34285967000.0,2304503188.38,2533763559.74,15618670661.230003,35831963205.83,20213292544.6,393594383.5899999,3069.89,3967.15,1264.48,841.03,6073.23,6150.78,551.38,0.0,,,Y,,,,电力设备,电池,蓄电池及其他电池,34.54,34.42,34.41
sh688819,天能股份,2023-04-04,35.08,35.16,34.19,34.28,35.27,2704566.0,93207341.0,4487252000.0,33323588000.0,2304503188.38,2533763559.74,15618670661.230003,35831963205.83,20213292544.6,393594383.5899999,2602.69,2100.67,1212.48,781.2,4947.05,6438.86,558.51,0.0,,,Y,,,,电力设备,电池,蓄电池及其他电池,34.78,34.74,34.53
sh688819,天能股份,2023-04-06,34.21,34.36,33.02,33.39,34.28,3112849.0,103839171.0,4370751000.0,32458419000.0,2304503188.38,2533763559.74,15618670661.230003,35831963205.83,20213292544.6,393594383.5899999,3834.29,2794.02,1319.86,1119.69,5229.77,5962.46,0.0,507.74,,,Y,,,,电力设备,电池,蓄电池及其他电池,33.72,33.56,33.47
sh688819,天能股份,2023-04-07,33.5,33.65,33.24,33.31,33.39,1574286.0,52588716.0,4360279000.0,32380651000.0,2304503188.38,2533763559.74,15618670661.230003,35831963205.83,20213292544.6,393594383.5899999,1538.57,1538.78,676.52,259.24,3043.78,3317.3,0.0,143.56,,,Y,,,,电力设备,电池,蓄电池及其他电池,33.54,33.56,33.56
sh688819,天能股份,2023-04-10,33.32,34.15,33.32,33.62,33.31,2354002.0,79179382.0,4400858000.0,32682002000.0,2304503188.38,2533763559.74,15618670661.230003,35831963205.83,20213292544.6,393594383.5899999,2874.56,2295.37,1038.62,1553.52,3381.4,3800.54,354.86,0.0,,,Y,,,,电力设备,电池,蓄电池及其他电池,34.02,33.63,33.85
sh688819,天能股份,2023-04-11,33.76,33.76,33.2,33.36,33.62,2098162.0,70066104.0,4366824000.0,32429256000.0,2304503188.38,2533763559.74,15618670661.230003,35831963205.83,20213292544.6,393594383.5899999,1905.42,1496.34,828.56,942.25,4163.05,4120.46,109.59,447.56,,,Y,,,,电力设备,电池,蓄电池及其他电池,33.44,33.49,33.32
sh688819,天能股份,2023-04-12,33.36,33.64,33.08,33.2,33.36,1779009.0,59206455.0,4345880000.0,32273720000.0,2304503188.38,2533763559.74,15618670661.230003,35831963205.83,20213292544.6,393594383.5899999,1824.76,1548.52,596.36,708.7,3499.52,3663.42,0.0,0.0,,,Y,,,,电力设备,电池,蓄电池及其他电池,33.51,33.36,33.41
sh688819,天能股份,2023-04-13,33.11,33.58,32.65,32.86,33.2,2270478.0,75046528.0,4301374000.0,31943206000.0,2304503188.38,2533763559.74,15618670661.230003,35831963205.83,20213292544.6,393594383.5899999,1879.13,1800.04,759.36,495.06,4825.65,5209.56,40.52,0.0,,,Y,,,,电力设备,电池,蓄电池及其他电池,33.19,33.48,33.5
sh688819,天能股份,2023-04-14,32.77,33.39,32.75,33.16,32.86,1720162.0,57097021.0,4340644000.0,32234836000.0,2304503188.38,2533763559.74,15618670661.230003,35831963205.83,20213292544.6,393594383.5899999,1398.33,1565.84,406.71,766.28,3904.67,3377.59,0.0,0.0,,,Y,,,,电力设备,电池,蓄电池及其他电池,33.11,32.98,32.99
sh688819,天能股份,2023-04-17,33.14,34.0,33.0,33.32,33.16,2127161.0,71410496.0,4361588000.0,32390372000.0,2304503188.38,2533763559.74,15618670661.230003,35831963205.83,20213292544.6,393594383.5899999,2023.32,2407.26,638.32,1285.18,4482.74,3445.96,0.0,5.98,,,Y,,,,电力设备,电池,蓄电池及其他电池,33.5,33.59,33.73
sh688819,天能股份,2023-04-18,33.34,33.97,33.19,33.61,33.32,2147771.0,72191510.0,4399549000.0,32672281000.0,2304503188.38,2533763559.74,15618670661.230003,35831963205.83,20213292544.6,393594383.5899999,2316.64,1935.7,925.1,1246.32,3958.22,4037.13,19.19,0.0,,,Y,,,,电力设备,电池,蓄电池及其他电池,33.53,33.61,33.46
sh688819,天能股份,2023-04-19,33.5,33.5,32.88,33.22,33.61,1645986.0,54651560.0,4348498000.0,32293162000.0,2304503188.38,2533763559.74,15618670661.230003,35831963205.83,20213292544.6,393594383.5899999,1854.11,1734.0,533.68,615.22,3077.36,3115.93,0.0,0.0,,,Y,,,,电力设备,电池,蓄电池及其他电池,33.06,33.0,33.17
sh688819,天能股份,2023-04-20,33.12,33.25,32.37,32.56,33.22,2104417.0,68670656.0,4262104000.0,31651576000.0,2304503188.38,2533763559.74,15618670661.230003,35831963205.83,20213292544.6,393594383.5899999,2288.92,2208.67,720.58,739.06,3857.57,3919.34,0.0,0.0,,,Y,,,,电力设备,电池,蓄电池及其他电池,32.96,32.82,32.85
sh688819,天能股份,2023-04-21,32.6,33.19,32.02,32.1,32.56,2025937.0,66181606.0,4201890000.0,31204410000.0,2304503188.38,2533763559.74,15618670661.230003,35831963205.83,20213292544.6,393594383.5899999,1896.54,2173.51,713.57,603.71,4008.06,3800.61,0.0,40.33,,,Y,,,,电力设备,电池,蓄电池及其他电池,32.96,32.88,32.77
sh688819,天能股份,2023-04-24,32.08,32.27,31.42,31.68,32.1,2175855.0,69217682.0,4146912000.0,30796128000.0,2304503188.38,2533763559.74,15618670661.230003,35831963205.83,20213292544.6,393594383.5899999,1562.21,1330.43,765.51,892.23,4594.05,4699.11,0.0,0.0,,,Y,,,,电力设备,电池,蓄电池及其他电池,31.95,31.94,31.96
sh688819,天能股份,2023-04-25,31.52,31.95,31.03,31.22,31.68,2172413.0,68211621.0,4086698000.0,30348962000.0,2304503188.38,2533763559.74,15618670661.230003,35831963205.83,20213292544.6,393594383.5899999,1172.93,1767.74,300.15,632.49,5348.09,4420.93,0.0,0.0,,,Y,,,,电力设备,电池,蓄电池及其他电池,31.86,31.72,31.53
sh688819,天能股份,2023-04-26,31.22,33.25,31.11,32.99,31.22,3242757.0,105520147.0,4318391000.0,32069579000.0,2304503188.38,2533763559.74,15618670661.230003,35831963205.83,20213292544.6,393594383.5899999,3337.97,3499.22,1252.05,1390.59,5826.72,5337.59,135.29,324.62,,,Y,,,,电力设备,电池,蓄电池及其他电池,31.37,31.58,31.92
sh688819,天能股份,2023-04-27,33.23,34.15,32.5,33.98,32.99,3606590.0,120712270.0,4447982000.0,33031958000.0,2304503188.38,2533763559.74,15618670661.230003,35831963205.83,20213292544.6,393594383.5899999,3696.04,3784.57,3045.8,2187.14,4996.79,6054.8,332.6,44.72,,,Y,,,,电力设备,电池,蓄电池及其他电池,32.89,32.72,32.78
sh688819,天能股份,2023-04-28,33.97,34.1,33.2,33.39,33.98,2104564.0,70582529.0,4370751000.0,32458419000.0,2304503188.38,2533763559.74,15618670661.230003,35831963205.83,20213292544.6,393594383.5899999,1942.59,1586.24,978.59,928.96,3794.36,4543.05,342.71,0.0,,,Y,,,,电力设备,电池,蓄电池及其他电池,33.91,33.74,33.76
sh688819,天能股份,2023-05-04,34.46,34.95,33.7,34.73,33.39,4574794.0,158553218.0,4546157000.0,33761033000.0,2304503188.38,2533763559.74,15618670661.230003,35831963205.83,20213292544.6,393594383.5899999,4479.22,5166.48,1732.54,2821.92,9622.9,7636.69,20.66,230.23,,,Y,,,,电力设备,电池,蓄电池及其他电池,34.22,34.59,34.7
sh688819,天能股份,2023-05-05,34.83,34.95,33.8,34.19,34.73,2731672.0,93229156.0,4475471000.0,33236099000.0,2304503188.38,2533763559.74,15618670661.230003,35831963205.83,20213292544.6,393594383.5899999,2576.11,2125.4,1184.73,1253.46,5177.5,5656.24,371.12,274.36,,,Y,,,,电力设备,电池,蓄电池及其他电池,34.39,34.35,34.2
sh688819,天能股份,2023-05-08,34.28,35.2,33.87,34.66,34.19,2829750.0,97865797.0,4536994000.0,33692986000.0,2304503188.38,2533763559.74,15618670661.230003,35831963205.83,20213292544.6,393594383.5899999,3017.56,2595.99,1252.2,1604.53,5516.83,5586.06,0.0,0.0,,,Y,,,,电力设备,电池,蓄电池及其他电池,34.16,34.09,33.99
sh688819,天能股份,2023-05-09,34.66,34.93,34.18,34.32,34.66,1470939.0,50714223.0,4492488000.0,33362472000.0,2304503188.38,2533763559.74,15618670661.230003,35831963205.83,20213292544.6,393594383.5899999,1355.69,1332.95,191.69,614.97,3414.97,3123.51,109.07,0.0,,,Y,,,,电力设备,电池,蓄电池及其他电池,34.44,34.38,34.28
sh688819,天能股份,2023-05-10,34.47,34.96,34.32,34.74,34.32,1983950.0,68966096.0,4547466000.0,33770754000.0,2304503188.38,2533763559.74,15618670661.230003,35831963205.83,20213292544.6,393594383.5899999,1679.08,1851.87,1017.58,869.62,4199.95,4175.12,0.0,0.0,,,Y,,,,电力设备,电池,蓄电池及其他电池,34.57,34.71,34.72
sh688819,天能股份,2023-05-11,34.9,35.04,34.4,34.62,34.74,2014286.0,69900336.0,4531758000.0,33654102000.0,2304503188.38,2533763559.74,15618670661.230003,35831963205.83,20213292544.6,393594383.5899999,2257.06,2194.42,716.3,613.77,3878.43,4065.57,139.28,117.32,,,Y,,,,电力设备,电池,蓄电池及其他电池,34.81,34.53,34.68
sh688819,天能股份,2023-05-12,34.77,35.05,34.55,34.62,34.62,1361406.0,47381958.0,4531758000.0,33654102000.0,2304503188.38,2533763559.74,15618670661.230003,35831963205.83,20213292544.6,393594383.5899999,1174.06,1152.82,290.72,683.58,3273.41,2901.79,0.0,0.0,,,Y,,,,电力设备,电池,蓄电池及其他电池,34.68,34.72,34.95
sh688819,天能股份,2023-05-15,34.78,35.83,34.78,35.81,34.62,3000042.0,106887756.0,4687529000.0,34810901000.0,2304503188.38,2533763559.74,15618670661.230003,35831963205.83,20213292544.6,393594383.5899999,3883.24,4000.64,1439.18,1624.75,5366.36,5063.39,0.0,0.0,,,Y,,,,电力设备,电池,蓄电池及其他电池,35.23,35.67,35.6
sh688819,天能股份,2023-05-16,35.85,36.63,35.66,36.0,35.81,3135590.0,113531331.0,4712400000.0,34995600000.0,2304503188.38,2533763559.74,15618670661.230003,35831963205.83,20213292544.6,393594383.5899999,4091.06,4286.48,1608.44,749.53,5524.78,6317.12,128.84,0.0,,,Y,,,,电力设备,电池,蓄电池及其他电池,35.98,36.09,36.26
sh688819,天能股份,2023-05-17,36.2,36.37,35.83,36.2,36.0,1704679.0,61555775.0,4738580000.0,35190020000.0,2304503188.38,2533763559.74,15618670661.230003,35831963205.83,20213292544.6,393594383.5899999,1913.99,2133.4,391.01,1160.09,3850.58,2862.09,0.0,0.0,,,Y,,,,电力设备,电池,蓄电池及其他电池,36.0,35.99,35.95
sh688819,天能股份,2023-05-18,36.48,36.48,35.48,35.86,36.2,2035697.0,72750268.0,4694074000.0,34859506000.0,2304503188.38,2533763559.74,15618670661.230003,35831963205.83,20213292544.6,393594383.5899999,2484.54,2600.01,605.48,970.53,4185.0,3704.48,0.0,0.0,,,Y,,,,电力设备,电池,蓄电池及其他电池,36.11,35.78,35.64
sh688819,XD天能股,2023-05-19,35.01,35.68,34.97,35.55,35.26,1340747.0,47504134.0,4653495000.0,34558155000.0,2304503188.38,2533763559.74,15618670661.230003,35831963205.83,20213292544.6,393594383.5899999,1212.54,1314.28,313.35,516.74,3223.29,2919.39,1.24,0.0,,,Y,,,,电力设备,电池,蓄电池及其他电池,35.09,35.18,35.44
sh688819,天能股份,2023-05-22,35.41,36.03,35.33,35.62,35.55,1827911.0,65329361.0,4662658000.0,34626202000.0,2304503188.38,2533763559.74,15618670661.230003,35831963205.83,20213292544.6,393594383.5899999,1610.04,1607.07,582.52,1400.72,3420.01,2604.79,0.0,0.0,,,Y,,,,电力设备,电池,蓄电池及其他电池,35.89,35.64,35.73
sh688819,天能股份,2023-05-23,35.65,36.06,35.36,35.54,35.62,1224933.0,43736859.0,4652186000.0,34548434000.0,2304503188.38,2533763559.74,15618670661.230003,35831963205.83,20213292544.6,393594383.5899999,1121.11,1215.62,366.86,425.35,2885.71,2629.28,0.0,103.43,,,Y,,,,电力设备,电池,蓄电池及其他电池,35.69,35.51,35.41
sh688819,天能股份,2023-05-24,35.52,36.05,35.21,35.74,35.54,1801141.0,64571369.0,4678366000.0,34742854000.0,2304503188.38,2533763559.74,15618670661.230003,35831963205.83,20213292544.6,393594383.5899999,2036.69,2081.3,413.19,782.93,4007.26,3588.59,0.0,4.32,,,Y,,,,电力设备,电池,蓄电池及其他电池,35.5,35.9,35.95
sh688819,天能股份,2023-05-25,35.81,36.19,35.49,35.76,35.74,1664751.0,59742602.0,4680984000.0,34762296000.0,2304503188.38,2533763559.74,15618670661.230003,35831963205.83,20213292544.6,393594383.5899999,1928.89,1674.07,710.7,443.23,3334.67,3727.52,0.0,129.44,,,Y,,,,电力设备,电池,蓄电池及其他电池,35.79,35.99,36.05
sh688819,天能股份,2023-05-26,35.95,35.95,35.4,35.81,35.76,1137894.0,40568563.0,4687529000.0,34810901000.0,2304503188.38,2533763559.74,15618670661.230003,35831963205.83,20213292544.6,393594383.5899999,904.59,1225.34,143.44,359.97,3006.65,2351.57,0.0,117.8,,,Y,,,,电力设备,电池,蓄电池及其他电池,35.5,35.65,35.73
sh688819,天能股份,2023-05-29,35.61,35.88,34.92,35.11,35.81,2883202.0,101536161.0,4595899000.0,34130431000.0,2304503188.38,2533763559.74,15618670661.230003,35831963205.83,20213292544.6,393594383.5899999,3316.79,3500.5,862.08,2898.94,5974.75,3658.95,0.0,95.22,,,Y,,,,电力设备,电池,蓄电池及其他电池,35.6,35.34,35.11
sh688819,天能股份,2023-05-30,35.16,35.52,34.41,35.29,35.11,2595201.0,90697576.0,4619461000.0,34305409000.0,2304503188.38,2533763559.74,15618670661.230003,35831963205.83,20213292544.6,393594383.5899999,2861.54,2670.38,1218.15,2203.61,4990.07,3893.62,0.0,302.14,,,Y,,,,电力设备,电池,蓄电池及其他电池,35.2,35.33,35.32
sh688819,天能股份,2023-05-31,35.11,35.99,34.92,35.15,35.29,1638050.0,58000041.0,4601135000.0,34169315000.0,2304503188.38,2533763559.74,15618670661.230003,35831963205.83,20213292544.6,393594383.5899999,1483.31,1641.05,566.1,571.77,3750.59,3587.19,0.0,0.0,,,Y,,,,电力设备,电池,蓄电池及其他电池,35.19,34.92,35.05
sh688819,天能股份,2023-06-01,35.45,35.55,34.56,34.56,35.15,1523698.0,53255674.0,4523904000.0,33595776000.0,2304503188.38,2533763559.74,15618670661.230003,35831963205.83,20213292544.6,393594383.5899999,1478.96,1319.56,235.15,365.11,3611.46,3640.89,0.0,0.0,,,Y,,,,电力设备,电池,蓄电池及其他电池,35.17,35.31,35.42
sh688819,天能股份,2023-06-02,34.67,35.16,34.67,35.07,34.56,1414285.0,49531997.0,4590663000.0,34091547000.0,2304503188.38,2533763559.74,15618670661.230003,35831963205.83,20213292544.6,393594383.5899999,1108.97,1042.91,440.47,603.06,3320.3,3096.62,83.46,210.6,,,Y,,,,电力设备,电池,蓄电池及其他电池,34.95,35.03,34.96
sh688819,天能股份,2023-06-05,35.2,35.24,34.42,34.61,35.07,1625594.0,56314172.0,4530449000.0,33644381000.0,2304503188.38,2533763559.74,15618670661.230003,35831963205.83,20213292544.6,393594383.5899999,2030.32,1884.89,383.72,564.56,3217.37,3181.96,0.0,0.0,,,Y,,,,电力设备,电池,蓄电池及其他电池,34.67,34.72,34.75
sh688819,天能股份,2023-06-06,34.51,34.98,34.22,34.44,34.61,1915928.0,66299208.0,4508196000.0,33479124000.0,2304503188.38,2533763559.74,15618670661.230003,35831963205.83,20213292544.6,393594383.5899999,1714.63,1822.09,302.24,528.14,4613.05,4162.35,0.0,117.34,,,Y,,,,电力设备,电池,蓄电池及其他电池,34.44,34.28,34.27
sh688819,天能股份,2023-06-07,34.35,34.74,34.09,34.14,34.44,1315499.0,45221397.0,4468926000.0,33187494000.0,2304503188.38,2533763559.74,15618670661.230003,35831963205.83,20213292544.6,393594383.5899999,1194.5,1095.06,470.67,790.1,2857.64,2346.73,0.0,290.94,,,Y,,,,电力设备,电池,蓄电池及其他电池,34.45,34.51,34.6
sh688819,天能股份,2023-06-08,34.02,34.96,34.02,34.35,34.14,2450968.0,84901516.0,4496415000.0,33391635000.0,2304503188.38,2533763559.74,15618670661.230003,35831963205.83,20213292544.6,393594383.5899999,2413.34,2106.57,657.84,804.84,5036.84,4401.53,382.13,1177.21,,,Y,,,,电力设备,电池,蓄电池及其他电池,34.59,34.75,34.82
sh688819,天能股份,2023-06-09,34.6,34.79,34.23,34.68,34.35,2246130.0,77378191.0,4539612000.0,33712428000.0,2304503188.38,2533763559.74,15618670661.230003,35831963205.83,20213292544.6,393594383.5899999,2147.83,1797.54,532.51,967.95,4517.32,4807.61,540.17,164.73,,,Y,,,,电力设备,电池,蓄电池及其他电池,34.58,34.72,34.58
sh688819,天能股份,2023-06-12,34.41,34.6,33.59,34.38,34.68,2055572.0,70127946.0,4500342000.0,33420798000.0,2304503188.38,2533763559.74,15618670661.230003,35831963205.83,20213292544.6,393594383.5899999,1959.18,2120.5,491.82,355.55,4561.79,4536.75,0.0,0.0,,,Y,,,,电力设备,电池,蓄电池及其他电池,34.2,33.96,33.8
sh688819,天能股份,2023-06-13,34.38,34.79,34.14,34.41,34.38,1175691.0,40536735.0,4504269000.0,33449961000.0,2304503188.38,2533763559.74,15618670661.230003,35831963205.83,20213292544.6,393594383.5899999,728.2,995.06,371.36,409.33,2955.14,2650.31,0.0,0.0,,,Y,,,,电力设备,电池,蓄电池及其他电池,34.69,34.45,34.41
sh688819,天能股份,2023-06-14,34.6,34.61,34.04,34.07,34.41,1029721.0,35250665.0,4459763000.0,33119447000.0,2304503188.38,2533763559.74,15618670661.230003,35831963205.83,20213292544.6,393594383.5899999,1019.97,919.97,247.17,185.98,2257.93,2419.11,0.0,0.0,,,Y,,,,电力设备,电池,蓄电池及其他电池,34.24,34.2,34.36
sh688819,天能股份,2023-06-15,34.07,34.95,33.86,34.87,34.07,1895216.0,65748499.0,4564483000.0,33897127000.0,2304503188.38,2533763559.74,15618670661.230003,35831963205.83,20213292544.6,393594383.5899999,1820.81,2238.11,566.02,724.36,4188.02,3509.95,0.0,102.43,,,Y,,,,电力设备,电池,蓄电池及其他电池,33.94,34.33,34.51
sh688819,天能股份,2023-06-16,34.88,35.27,34.7,35.05,34.87,1455449.0,50930816.0,4588045000.0,34072105000.0,2304503188.38,2533763559.74,15618670661.230003,35831963205.83,20213292544.6,393594383.5899999,1263.93,1307.19,386.94,204.8,3442.21,3369.5,0.0,211.59,,,Y,,,,电力设备,电池,蓄电池及其他电池,34.92,34.85,34.73
sh688819,天能股份,2023-06-19,35.07,35.96,34.89,35.58,35.05,2584290.0,91792046.0,4657422000.0,34587318000.0,2304503188.38,2533763559.74,15618670661.230003,35831963205.83,20213292544.6,393594383.5899999,2925.4,2722.47,1210.59,978.93,4976.24,5477.81,66.97,0.0,,,Y,,,,电力设备,电池,蓄电池及其他电池,35.12,35.06,35.27
sh688819,天能股份,2023-06-20,35.5,35.84,35.0,35.23,35.58,1349340.0,47673511.0,4611607000.0,34247083000.0,2304503188.38,2533763559.74,15618670661.230003,35831963205.83,20213292544.6,393594383.5899999,1416.27,1040.5,162.14,351.21,3188.94,3301.18,0.0,74.46,,,Y,,,,电力设备,电池,蓄电池及其他电池,35.37,35.12,35.3
sh688819,天能股份,2023-06-21,35.6,35.63,35.05,35.2,35.23,1306970.0,46228913.0,4607680000.0,34217920000.0,2304503188.38,2533763559.74,15618670661.230003,35831963205.83,20213292544.6,393594383.5899999,1191.02,1350.58,282.42,131.22,2974.32,2966.34,175.13,174.76,,,Y,,,,电力设备,电池,蓄电池及其他电池,35.49,35.19,35.18
sh688819,天能股份,2023-06-26,35.0,35.99,34.89,35.55,35.2,1987815.0,70542043.0,4653495000.0,34558155000.0,2304503188.38,2533763559.74,15618670661.230003,35831963205.83,20213292544.6,393594383.5899999,2113.87,1930.8,569.19,893.37,4371.14,4230.03,0.0,0.0,,,Y,,,,电力设备,电池,蓄电池及其他电池,35.2,35.41,35.36
sh688819,天能股份,2023-06-27,35.6,36.04,35.31,35.98,35.55,2020082.0,72390716.0,4709782000.0,34976158000.0,2304503188.38,2533763559.74,15618670661.230003,35831963205.83,20213292544.6,393594383.5899999,2194.71,2072.95,772.61,625.87,3885.21,4223.63,386.54,316.62,,,Y,,,,电力设备,电池,蓄电池及其他电池,35.86,35.94,35.85
sh688819,天能股份,2023-06-28,35.9,36.29,35.55,36.17,35.98,1826826.0,65794149.0,4734653000.0,35160857000.0,2304503188.38,2533763559.74,15618670661.230003,35831963205.83,20213292544.6,393594383.5899999,1577.67,1917.64,434.74,517.06,4377.9,3982.0,189.1,162.71,,,Y,,,,电力设备,电池,蓄电池及其他电池,35.76,35.93,35.93
sh688819,天能股份,2023-06-29,36.24,36.94,35.97,36.75,36.17,1979542.0,72585774.0,4810575000.0,35724675000.0,2304503188.38,2533763559.74,15618670661.230003,35831963205.83,20213292544.6,393594383.5899999,2415.7,2423.26,1020.89,1010.86,3821.98,3824.46,0.0,0.0,,,Y,,,,电力设备,电池,蓄电池及其他电池,36.35,36.51,36.5
sh688819,天能股份,2023-06-30,36.95,37.19,36.53,36.84,36.75,2026630.0,74727814.0,4822356000.0,35812164000.0,2304503188.38,2533763559.74,15618670661.230003,35831963205.83,20213292544.6,393594383.5899999,2010.7,2270.23,1027.97,1023.52,4229.05,4075.45,205.06,103.59,,,Y,,,,电力设备,电池,蓄电池及其他电池,37.08,36.85,37.09
sh688819,天能股份,2023-07-03,37.0,37.26,36.48,36.71,36.84,2376670.0,87524740.0,4805339000.0,35685791000.0,2304503188.38,2533763559.74,15618670661.230003,35831963205.83,20213292544.6,393594383.5899999,2262.28,2340.97,726.01,1174.47,5683.98,5237.03,80.2,0.0,,,Y,,,,电力设备,电池,蓄电池及其他电池,37.14,37.03,36.96
sh688819,天能股份,2023-07-04,36.79,37.1,36.54,36.73,36.71,1800194.0,66316628.0,4807957000.0,35705233000.0,2304503188.38,2533763559.74,15618670661.230003,35831963205.83,20213292544.6,393594383.5899999,1302.53,1469.47,404.57,406.87,4924.56,4755.32,0.0,0.0,,,Y,,,,电力设备,电池,蓄电池及其他电池,36.78,36.95,36.83
sh688819,天能股份,2023-07-05,37.2,38.35,36.74,37.41,36.73,4167443.0,157528072.0,4896969000.0,36366261000.0,2304503188.38,2533763559.74,15618670661.230003,35831963205.83,20213292544.6,393594383.5899999,5189.27,4425.66,1172.69,1536.85,9248.73,9365.51,142.12,424.78,,,Y,,,,电力设备,电池,蓄电池及其他电池,37.26,37.83,38.17
sh688819,天能股份,2023-07-06,37.4,38.0,37.02,37.58,37.41,2328265.0,87373710.0,4919222000.0,36531518000.0,2304503188.38,2533763559.74,15618670661.230003,35831963205.83,20213292544.6,393594383.5899999,2721.44,2290.46,729.36,976.79,5287.32,5286.58,0.0,184.29,,,Y,,,,电力设备,电池,蓄电池及其他电池,37.39,37.17,37.12
sh688819,天能股份,2023-07-07,37.58,38.1,37.33,37.84,37.58,1962971.0,74365657.0,4953256000.0,36784264000.0,2304503188.38,2533763559.74,15618670661.230003,35831963205.83,20213292544.6,393594383.5899999,1276.26,1467.43,515.74,321.05,5550.52,5648.09,94.04,0.0,,,Y,,,,电力设备,电池,蓄电池及其他电池,37.68,37.76,38.02
sh688819,天能股份,2023-07-10,37.81,38.15,37.12,37.39,37.84,2670653.0,100051972.0,4894351000.0,36346819000.0,2304503188.38,2533763559.74,15618670661.230003,35831963205.83,20213292544.6,393594383.5899999,2530.7,2192.09,836.29,1149.27,6638.21,6663.84,0.0,0.0,,,Y,,,,电力设备,电池,蓄电池及其他电池,37.9,37.96,38.0
sh688819,天能股份,2023-07-11,37.37,38.15,36.8,38.0,37.39,2163888.0,81503433.0,4974200000.0,36939800000.0,2304503188.38,2533763559.74,15618670661.230003,35831963205.83,20213292544.6,393594383.5899999,1675.65,2183.35,549.38,1162.24,5925.32,4804.75,0.0,0.0,,,Y,,,,电力设备,电池,蓄电池及其他电池,37.19,37.32,36.91
sh688819,天能股份,2023-07-12,37.97,38.86,37.82,38.65,38.0,2861496.0,110286255.0,5059285000.0,37571665000.0,2304503188.38,2533763559.74,15618670661.230003,35831963205.83,20213292544.6,393594383.5899999,3407.05,3097.21,1458.61,1544.15,5912.87,6232.59,250.09,154.67,,,Y,,,,电力设备,电池,蓄电池及其他电池,38.22,38.63,38.57
sh688819,天能股份,2023-07-13,38.64,39.5,38.5,39.17,38.65,3620136.0,141648355.0,5127353000.0,38077157000.0,2304503188.38,2533763559.74,15618670661.230003,35831963205.83,20213292544.6,393594383.5899999,5547.44,4009.82,1953.71,2135.95,6267.63,7176.55,396.05,842.51,,,Y,,,,电力设备,电池,蓄电池及其他电池,38.91,38.82,38.86
sh688819,天能股份,2023-07-14,39.19,39.21,36.9,37.61,39.17,10226269.0,385434804.0,4923149000.0,36560681000.0,2304503188.38,2533763559.74,15618670661.230003,35831963205.83,20213292544.6,393594383.5899999,9308.02,9299.2,2149.3,3200.5,12146.14,11991.99,14940.02,14051.79,,,Y,,,,电力设备,电池,蓄电池及其他电池,38.57,38.5,38.31
sh688819,天能股份,2023-07-17,37.07,37.17,35.91,36.01,37.61,3268065.0,118488680.0,4713709000.0,35005321000.0,2304503188.38,2533763559.74,15618670661.230003,35831963205.83,20213292544.6,393594383.5899999,3696.48,3389.34,600.94,1445.94,7551.45,6995.92,0.0,17.67,,,Y,,,,电力设备,电池,蓄电池及其他电池,36.75,36.1,36.19
sh688819,天能股份,2023-07-18,36.12,36.96,35.79,36.78,36.01,2801014.0,102135545.0,4814502000.0,35753838000.0,2304503188.38,2533763559.74,15618670661.230003,35831963205.83,20213292544.6,393594383.5899999,2778.5,2895.37,368.79,1086.77,6928.81,6138.78,137.45,92.64,,,Y,,,,电力设备,电池,蓄电池及其他电池,36.18,36.25,35.88
sh688819,天能股份,2023-07-19,36.7,36.92,36.35,36.7,36.78,1500990.0,55004212.0,4804030000.0,35676070000.0,2304503188.38,2533763559.74,15618670661.230003,35831963205.83,20213292544.6,393594383.5899999,1344.06,1329.04,320.9,323.22,3681.17,3724.4,154.29,123.76,,,Y,,,,电力设备,电池,蓄电池及其他电池,36.43,36.58,36.7
sh688819,天能股份,2023-07-20,36.9,37.44,36.2,36.24,36.7,1855545.0,68415800.0,4743816000.0,35228904000.0,2304503188.38,2533763559.74,15618670661.230003,35831963205.83,20213292544.6,393594383.5899999,1753.01,1363.55,250.06,660.76,4807.72,4702.69,0.0,83.78,,,Y,,,,电力设备,电池,蓄电池及其他电池,37.16,37.16,37.15
sh688819,天能股份,2023-07-21,36.16,36.44,36.06,36.24,36.24,942390.0,34105568.0,4743816000.0,35228904000.0,2304503188.38,2533763559.74,15618670661.230003,35831963205.83,20213292544.6,393594383.5899999,632.58,740.13,137.65,214.36,2475.43,2456.06,164.89,0.0,,,Y,,,,电力设备,电池,蓄电池及其他电池,36.24,36.24,36.15
sh688819,天能股份,2023-07-24,36.11,36.67,35.65,36.23,36.24,1577255.0,56926770.0,4742507000.0,35219183000.0,2304503188.38,2533763559.74,15618670661.230003,35831963205.83,20213292544.6,393594383.5899999,2358.0,1472.38,436.59,483.26,2898.09,3681.23,0.0,55.8,,,Y,,,,电力设备,电池,蓄电池及其他电池,35.92,35.91,35.7
sh688819,天能股份,2023-07-25,36.43,36.99,36.32,36.72,36.23,1236988.0,45345595.0,4806648000.0,35695512000.0,2304503188.38,2533763559.74,15618670661.230003,35831963205.83,20213292544.6,393594383.5899999,1527.92,1174.36,503.93,249.14,2374.64,2734.62,128.06,376.43,,,Y,,,,电力设备,电池,蓄电池及其他电池,36.95,36.75,36.65
sh688819,天能股份,2023-07-26,36.8,36.8,35.96,36.05,36.72,915108.0,33121553.0,4718945000.0,35044205000.0,2304503188.38,2533763559.74,15618670661.230003,35831963205.83,20213292544.6,393594383.5899999,762.4,620.75,289.77,304.58,2142.67,2381.55,117.31,5.27,,,Y,,,,电力设备,电池,蓄电池及其他电池,36.54,36.48,36.33
sh688819,天能股份,2023-07-27,36.34,36.69,35.9,36.04,36.05,1114538.0,40447723.0,4717636000.0,35034484000.0,2304503188.38,2533763559.74,15618670661.230003,35831963205.83,20213292544.6,393594383.5899999,977.39,1165.5,152.54,262.05,2914.84,2617.22,0.0,0.0,,,Y,,,,电力设备,电池,蓄电池及其他电池,36.59,36.52,36.58
sh688819,天能股份,2023-07-28,36.09,37.01,35.64,36.93,36.04,1736176.0,63468568.0,4834137000.0,35899653000.0,2304503188.38,2533763559.74,15618670661.230003,35831963205.83,20213292544.6,393594383.5899999,1710.87,2197.74,650.34,602.79,3985.65,3412.44,0.0,133.88,,,Y,,,,电力设备,电池,蓄电池及其他电池,35.96,35.81,35.73
sh688819,天能股份,2023-07-31,37.0,37.74,36.86,37.17,36.93,1471175.0,54719081.0,4865553000.0,36132957000.0,2304503188.38,2533763559.74,15618670661.230003,35831963205.83,20213292544.6,393594383.5899999,1232.99,1159.87,794.48,975.44,3444.44,3219.39,0.0,117.21,,,Y,,,,电力设备,电池,蓄电池及其他电池,37.45,37.66,37.45
sh688819,天能股份,2023-08-01,37.0,37.52,36.52,36.72,37.17,1540350.0,56883064.0,4806648000.0,35695512000.0,2304503188.38,2533763559.74,15618670661.230003,35831963205.83,20213292544.6,393594383.5899999,1201.15,1220.64,674.92,521.38,3812.23,3922.87,0.0,23.41,,,Y,,,,电力设备,电池,蓄电池及其他电池,37.19,37.27,37.43
sh688819,天能股份,2023-08-02,36.89,37.28,36.49,37.02,36.72,1452034.0,53615407.0,4845918000.0,35987142000.0,2304503188.38,2533763559.74,15618670661.230003,35831963205.83,20213292544.6,393594383.5899999,1499.01,1368.63,316.24,654.4,3452.03,3226.72,94.27,111.79,,,Y,,,,电力设备,电池,蓄电池及其他电池,36.58,36.82,37.03
sh688819,天能股份,2023-08-03,36.84,37.23,36.6,36.93,37.02,1034690.0,38112170.0,4834137000.0,35899653000.0,2304503188.38,2533763559.74,15618670661.230003,35831963205.83,20213292544.6,393594383.5899999,899.41,872.77,422.5,331.09,2489.31,2607.35,0.0,0.0,,,Y,,,,电力设备,电池,蓄电池及其他电池,37.09,36.84,36.7
sh688819,天能股份,2023-08-04,37.07,37.45,36.8,37.08,36.93,1156105.0,43045399.0,4853772000.0,36045468000.0,2304503188.38,2533763559.74,15618670661.230003,35831963205.83,20213292544.6,393594383.5899999,1164.28,1315.33,453.81,331.08,2686.45,2546.11,0.0,112.02,,,Y,,,,电力设备,电池,蓄电池及其他电池,37.24,37.26,37.29
sh688819,天能股份,2023-08-07,37.38,37.49,36.73,37.14,37.08,1102234.0,40839836.0,4861626000.0,36103794000.0,2304503188.38,2533763559.74,15618670661.230003,35831963205.83,20213292544.6,393594383.5899999,1071.7,1074.82,189.69,305.14,2822.6,2704.02,0.0,0.0,,,Y,,,,电力设备,电池,蓄电池及其他电池,37.34,37.18,37.06
sh688819,天能股份,2023-08-08,36.82,37.27,36.82,36.9,37.14,706957.0,26110102.0,4830210000.0,35870490000.0,2304503188.38,2533763559.74,15618670661.230003,35831963205.83,20213292544.6,393594383.5899999,635.64,466.56,187.32,172.48,1788.06,1971.97,0.0,0.0,,,Y,,,,电力设备,电池,蓄电池及其他电池,37.08,37.0,36.91
sh688819,天能股份,2023-08-09,36.73,37.1,36.46,36.74,36.9,781917.0,28706905.0,4809266000.0,35714954000.0,2304503188.38,2533763559.74,15618670661.230003,35831963205.83,20213292544.6,393594383.5899999,766.32,726.36,235.9,308.44,1868.46,1668.95,0.0,166.94,,,Y,,,,电力设备,电池,蓄电池及其他电池,36.99,36.82,36.68
sh688819,天能股份,2023-08-10,36.88,37.29,36.58,36.7,36.74,913375.0,33783026.0,4804030000.0,35676070000.0,2304503188.38,2533763559.74,15618670661.230003,35831963205.83,20213292544.6,393594383.5899999,739.59,876.23,325.88,261.37,2312.83,2240.7,0.0,0.0,,,Y,,,,电力设备,电池,蓄电池及其他电池,37.18,37.05,37.15
sh688819,天能股份,2023-08-11,36.7,36.75,36.34,36.36,36.7,778324.0,28420689.0,4759524000.0,35345556000.0,2304503188.38,2533763559.74,15618670661.230003,35831963205.83,20213292544.6,393594383.5899999,705.19,828.92,46.94,98.31,2089.94,1914.84,0.0,0.0,,,Y,,,,电力设备,电池,蓄电池及其他电池,36.56,36.6,36.7
sh688819,天能股份,2023-08-14,36.22,36.28,33.83,34.63,36.36,2739416.0,94620996.0,4533067000.0,33663823000.0,2304503188.38,2533763559.74,15618670661.230003,35831963205.83,20213292544.6,393594383.5899999,3440.86,2726.69,437.94,963.42,5231.38,5707.27,351.93,64.72,,,Y,,,,电力设备,电池,蓄电池及其他电池,35.12,34.72,34.63
sh688819,天能股份,2023-08-15,34.6,35.07,34.5,34.79,34.63,1235138.0,42934739.0,4554011000.0,33819359000.0,2304503188.38,2533763559.74,15618670661.230003,35831963205.83,20213292544.6,393594383.5899999,742.87,868.56,233.63,216.25,3316.97,3208.66,0.0,0.0,,,Y,,,,电力设备,电池,蓄电池及其他电池,34.94,34.78,34.85
sh688819,天能股份,2023-08-16,34.75,35.15,34.54,34.62,34.79,1323579.0,46145157.0,4531758000.0,33654102000.0,2304503188.38,2533763559.74,15618670661.230003,35831963205.83,20213292544.6,393594383.5899999,1238.96,1288.6,47.17,304.57,3328.39,2796.92,0.0,224.43,,,Y,,,,电力设备,电池,蓄电池及其他电池,34.81,34.85,34.89
sh688819,天能股份,2023-08-17,34.79,35.35,34.48,35.27,34.62,1084041.0,37937323.0,4616843000.0,34285967000.0,2304503188.38,2533763559.74,15618670661.230003,35831963205.83,20213292544.6,393594383.5899999,848.14,887.93,528.24,400.29,2417.35,2135.38,0.0,370.13,,,Y,,,,电力设备,电池,蓄电池及其他电池,34.59,34.65,34.74
sh688819,天能股份,2023-08-18,35.44,36.14,35.21,35.74,35.27,1500166.0,53799215.0,4678366000.0,34742854000.0,2304503188.38,2533763559.74,15618670661.230003,35831963205.83,20213292544.6,393594383.5899999,823.04,1537.67,428.99,510.53,4027.65,3088.59,100.24,243.14,,,Y,,,,电力设备,电池,蓄电池及其他电池,35.81,35.9,35.87
sh688819,天能股份,2023-08-21,35.5,36.06,35.03,35.48,35.74,1325583.0,47064784.0,4644332000.0,34490108000.0,2304503188.38,2533763559.74,15618670661.230003,35831963205.83,20213292544.6,393594383.5899999,1488.87,1047.85,323.4,282.03,2894.21,3376.6,0.0,0.0,,,Y,,,,电力设备,电池,蓄电池及其他电池,35.32,35.34,35.24
sh688819,天能股份,2023-08-22,35.33,35.8,34.65,35.38,35.48,1750760.0,61682966.0,4631242000.0,34392898000.0,2304503188.38,2533763559.74,15618670661.230003,35831963205.83,20213292544.6,393594383.5899999,1589.23,1652.56,428.86,380.17,3798.81,3840.4,351.4,295.16,,,Y,,,,电力设备,电池,蓄电池及其他电池,35.33,35.43,35.29
sh688819,天能股份,2023-08-23,35.33,35.33,34.32,34.38,35.38,1544773.0,53474792.0,4500342000.0,33420798000.0,2304503188.38,2533763559.74,15618670661.230003,35831963205.83,20213292544.6,393594383.5899999,1356.5,1316.14,34.99,191.42,3955.98,3839.92,0.0,0.0,,,Y,,,,电力设备,电池,蓄电池及其他电池,34.9,34.79,34.78
sh688819,天能股份,2023-08-24,34.48,34.76,33.65,33.77,34.38,1396924.0,47458953.0,4420493000.0,32827817000.0,2304503188.38,2533763559.74,15618670661.230003,35831963205.83,20213292544.6,393594383.5899999,997.42,743.25,150.76,410.98,3597.72,3591.66,0.0,0.0,,,Y,,,,电力设备,电池,蓄电池及其他电池,34.46,34.14,33.96
sh688819,天能股份,2023-08-25,33.9,34.08,33.34,33.57,33.77,1183159.0,39815091.0,4394313000.0,32633397000.0,2304503188.38,2533763559.74,15618670661.230003,35831963205.83,20213292544.6,393594383.5899999,1074.44,1419.13,229.08,528.82,2678.0,1928.74,0.0,104.82,,,Y,,,,电力设备,电池,蓄电池及其他电池,33.74,33.8,33.86
sh688819,天能股份,2023-08-28,35.5,36.15,35.2,35.42,33.57,2619307.0,93494347.0,4636478000.0,34431782000.0,2304503188.38,2533763559.74,15618670661.230003,35831963205.83,20213292544.6,393594383.5899999,2203.62,2748.86,743.32,1022.12,6402.5,5578.45,0.0,0.0,,,Y,,,,电力设备,电池,蓄电池及其他电池,35.53,35.95,35.86
sh688819,天能股份,2023-08-29,34.66,35.68,34.66,35.32,35.42,2754982.0,96969296.0,4623388000.0,34334572000.0,2304503188.38,2533763559.74,15618670661.230003,35831963205.83,20213292544.6,393594383.5899999,3110.87,2323.86,905.33,675.99,5535.45,6298.78,145.27,398.3,,,Y,,,,电力设备,电池,蓄电池及其他电池,35.38,35.29,35.16
sh688819,天能股份,2023-08-30,35.84,36.26,35.3,36.12,35.32,1949155.0,70027473.0,4728108000.0,35112252000.0,2304503188.38,2533763559.74,15618670661.230003,35831963205.83,20213292544.6,393594383.5899999,1670.73,1792.18,741.98,849.4,4590.04,4361.17,0.0,0.0,,,Y,,,,电力设备,电池,蓄电池及其他电池,35.85,35.93,35.79
sh688819,天能股份,2023-08-31,36.14,36.14,35.22,35.5,36.12,1634662.0,58013685.0,4646950000.0,34509550000.0,2304503188.38,2533763559.74,15618670661.230003,35831963205.83,20213292544.6,393594383.5899999,1857.98,1809.39,241.53,368.29,3645.64,3581.75,14.28,0.0,,,Y,,,,电力设备,电池,蓄电池及其他电池,35.8,35.58,35.4
sh688819,天能股份,2023-09-01,35.54,35.74,35.07,35.45,35.5,1173544.0,41505092.0,4640405000.0,34460945000.0,2304503188.38,2533763559.74,15618670661.230003,35831963205.83,20213292544.6,393594383.5899999,879.21,627.84,197.9,235.23,3054.68,3268.71,0.0,0.0,,,Y,,,,电力设备,电池,蓄电池及其他电池,35.23,35.3,35.35
sh688819,天能股份,2023-09-04,35.58,35.91,35.12,35.9,35.45,1479485.0,52677708.0,4699310000.0,34898390000.0,2304503188.38,2533763559.74,15618670661.230003,35831963205.83,20213292544.6,393594383.5899999,822.61,1238.72,401.15,382.75,4041.13,3643.43,0.0,0.0,,,Y,,,,电力设备,电池,蓄电池及其他电池,35.56,35.18,35.2
sh688819,天能股份,2023-09-05,35.72,36.19,35.62,35.75,35.9,1096048.0,39286489.0,4679675000.0,34752575000.0,2304503188.38,2533763559.74,15618670661.230003,35831963205.83,20213292544.6,393594383.5899999,1176.1,886.04,211.67,221.76,2536.34,2816.31,0.0,0.0,,,Y,,,,电力设备,电池,蓄电池及其他电池,35.92,35.79,35.72
sh688819,天能股份,2023-09-06,35.85,35.85,35.24,35.35,35.75,1118478.0,39591974.0,4627315000.0,34363735000.0,2304503188.38,2533763559.74,15618670661.230003,35831963205.83,20213292544.6,393594383.5899999,1219.37,713.99,210.48,243.92,2529.35,2935.72,0.0,65.57,,,Y,,,,电力设备,电池,蓄电池及其他电池,35.49,35.36,35.41
sh688819,天能股份,2023-09-07,35.5,35.58,34.78,34.78,35.35,1540270.0,54166971.0,4552702000.0,33809638000.0,2304503188.38,2533763559.74,15618670661.230003,35831963205.83,20213292544.6,393594383.5899999,1605.73,933.96,341.18,567.65,3271.32,3664.38,163.72,215.95,,,Y,,,,电力设备,电池,蓄电池及其他电池,35.27,35.32,35.45
sh688819,天能股份,2023-09-08,34.68,34.9,34.47,34.6,34.78,908960.0,31469754.0,4529140000.0,33634660000.0,2304503188.38,2533763559.74,15618670661.230003,35831963205.83,20213292544.6,393594383.5899999,872.37,554.55,73.57,103.76,2201.04,2488.67,0.0,0.0,,,Y,,,,电力设备,电池,蓄电池及其他电池,34.69,34.71,34.55
sh688819,天能股份,2023-09-11,34.65,35.66,34.65,35.57,34.6,1236201.0,43655353.0,4656113000.0,34577597000.0,2304503188.38,2533763559.74,15618670661.230003,35831963205.83,20213292544.6,393594383.5899999,1107.0,1375.39,107.35,145.59,3151.18,2844.55,0.0,0.0,,,Y,,,,电力设备,电池,蓄电池及其他电池,34.85,34.96,34.85
sh688819,天能股份,2023-09-12,35.43,35.78,35.3,35.48,35.57,1050817.0,37339028.0,4644332000.0,34490108000.0,2304503188.38,2533763559.74,15618670661.230003,35831963205.83,20213292544.6,393594383.5899999,1157.61,913.13,126.87,248.22,2414.17,2537.3,0.0,0.0,,,Y,,,,电力设备,电池,蓄电池及其他电池,35.55,35.7,35.72
sh688819,天能股份,2023-09-13,35.53,35.6,34.71,34.86,35.48,925228.0,32466226.0,4563174000.0,33887406000.0,2304503188.38,2533763559.74,15618670661.230003,35831963205.83,20213292544.6,393594383.5899999,963.49,650.91,171.12,174.49,1941.95,2123.66,140.16,267.68,,,Y,,,,电力设备,电池,蓄电池及其他电池,35.48,35.47,35.45
sh688819,天能股份,2023-09-14,34.8,35.15,34.44,34.62,34.86,802212.0,27900305.0,4531758000.0,33654102000.0,2304503188.38,2533763559.74,15618670661.230003,35831963205.83,20213292544.6,393594383.5899999,371.33,475.95,133.55,87.73,2235.08,2176.29,0.0,0.0,,,Y,,,,电力设备,电池,蓄电池及其他电池,35.04,35.01,34.98
sh688819,天能股份,2023-09-15,34.68,35.09,34.45,35.09,34.62,1114662.0,38818919.0,4593281000.0,34110989000.0,2304503188.38,2533763559.74,15618670661.230003,35831963205.83,20213292544.6,393594383.5899999,475.16,931.29,271.76,429.36,1920.77,2135.54,1211.57,383.08,,,Y,,,,电力设备,电池,蓄电池及其他电池,34.73,34.69,34.61
sh688819,天能股份,2023-09-18,34.71,34.92,34.03,34.62,35.09,1508936.0,51996284.0,4531758000.0,33654102000.0,2304503188.38,2533763559.74,15618670661.230003,35831963205.83,20213292544.6,393594383.5899999,1610.78,1153.42,636.13,773.92,2925.83,3041.06,0.0,204.35,,,Y,,,,电力设备,电池,蓄电池及其他电池,34.2,34.22,34.25
sh688819,天能股份,2023-09-19,34.82,34.86,34.21,34.39,34.62,843455.0,29041574.0,4501651000.0,33430519000.0,2304503188.38,2533763559.74,15618670661.230003,35831963205.83,20213292544.6,393594383.5899999,616.18,627.51,86.25,153.86,2139.74,2060.8,0.0,0.0,,,Y,,,,电力设备,电池,蓄电池及其他电池,34.83,34.66,34.51
sh688819,天能股份,2023-09-20,34.13,34.53,34.0,34.11,34.39,888331.0,30349703.0,4464999000.0,33158331000.0,2304503188.38,2533763559.74,15618670661.230003,35831963205.83,20213292544.6,393594383.5899999,682.51,634.91,105.12,226.25,2232.01,2158.48,0.0,0.0,,,Y,,,,电力设备,电池,蓄电池及其他电池,34.19,34.38,34.36
sh688819,天能股份,2023-09-21,33.9,34.43,33.82,33.98,34.11,847190.0,28816185.0,4447982000.0,33031958000.0,2304503188.38,2533763559.74,15618670661.230003,35831963205.83,20213292544.6,393594383.5899999,534.63,613.16,217.53,373.42,2126.28,1891.86,0.0,0.0,,,Y,,,,电力设备,电池,蓄电池及其他电池,34.17,34.09,34.03
sh688819,天能股份,2023-09-22,34.17,34.98,33.94,34.96,33.98,1051507.0,36335684.0,4576264000.0,33984616000.0,2304503188.38,2533763559.74,15618670661.230003,35831963205.83,20213292544.6,393594383.5899999,737.7,1090.24,218.28,214.23,2677.59,2329.09,0.0,0.0,,,Y,,,,电力设备,电池,蓄电池及其他电池,34.04,34.26,34.51
sh688819,天能股份,2023-09-25,34.79,35.39,34.44,35.07,34.96,1526857.0,53349181.0,4590663000.0,34091547000.0,2304503188.38,2533763559.74,15618670661.230003,35831963205.83,20213292544.6,393594383.5899999,1427.46,1208.96,50.09,203.87,3857.37,3922.09,0.0,0.0,,,Y,,,,电力设备,电池,蓄电池及其他电池,34.58,34.54,34.57
sh688819,天能股份,2023-09-26,35.09,35.17,34.27,34.28,35.07,872172.0,30107791.0,4487252000.0,33323588000.0,2304503188.38,2533763559.74,15618670661.230003,35831963205.83,20213292544.6,393594383.5899999,1042.66,578.82,153.95,72.13,1766.65,2336.19,23.88,0.0,,,Y,,,,电力设备,电池,蓄电池及其他电池,34.86,34.77,34.71
sh688819,天能股份,2023-09-27,34.23,34.99,34.23,34.6,34.28,1047273.0,36312929.0,4529140000.0,33634660000.0,2304503188.38,2533763559.74,15618670661.230003,35831963205.83,20213292544.6,393594383.5899999,833.16,859.58,350.58,509.19,2148.55,1735.47,294.95,523.0,,,Y,,,,电力设备,电池,蓄电池及其他电池,34.45,34.48,34.76
sh688819,天能股份,2023-09-28,34.6,34.99,34.47,34.85,34.6,869556.0,30306437.0,4561865000.0,33877685000.0,2304503188.38,2533763559.74,15618670661.230003,35831963205.83,20213292544.6,393594383.5899999,585.47,537.72,43.54,226.36,2385.15,2250.07,0.0,0.0,,,Y,,,,电力设备,电池,蓄电池及其他电池,34.75,34.65,34.77
sh688819,天能股份,2023-10-09,34.96,35.5,34.7,35.44,34.85,1338997.0,47130174.0,4639096000.0,34451224000.0,2304503188.38,2533763559.74,15618670661.230003,35831963205.83,20213292544.6,393594383.5899999,942.19,1343.6,214.11,498.44,3556.72,2870.98,0.0,0.0,,,Y,,,,电力设备,电池,蓄电池及其他电池,34.96,34.86,34.77
sh688819,天能股份,2023-10-10,35.56,36.04,35.37,35.59,35.44,1887488.0,67490772.0,4658731000.0,34597039000.0,2304503188.38,2533763559.74,15618670661.230003,35831963205.83,20213292544.6,393594383.5899999,2149.0,2133.7,344.62,646.22,4076.46,3861.94,179.0,107.22,,,Y,,,,电力设备,电池,蓄电池及其他电池,35.78,35.51,35.82
sh688819,天能股份,2023-10-11,35.63,35.86,35.11,35.12,35.59,1214273.0,42943959.0,4597208000.0,34140152000.0,2304503188.38,2533763559.74,15618670661.230003,35831963205.83,20213292544.6,393594383.5899999,1392.6,1070.12,887.07,572.03,2014.73,2652.25,0.0,0.0,,,Y,,,,电力设备,电池,蓄电池及其他电池,35.65,35.75,35.52
sh688819,天能股份,2023-10-12,35.2,35.56,35.01,35.12,35.12,1002772.0,35322528.0,4597208000.0,34140152000.0,2304503188.38,2533763559.74,15618670661.230003,35831963205.83,20213292544.6,393594383.5899999,1112.93,749.82,129.84,0.0,2289.48,2782.43,0.0,0.0,,,Y,,,,电力设备,电池,蓄电池及其他电池,35.28,35.28,35.17
sh688819,天能股份,2023-10-13,35.12,35.23,34.59,34.74,35.12,938739.0,32712211.0,4547466000.0,33770754000.0,2304503188.38,2533763559.74,15618670661.230003,35831963205.83,20213292544.6,393594383.5899999,1068.45,1137.77,246.84,173.53,1955.94,1879.1,0.0,80.82,,,Y,,,,电力设备,电池,蓄电池及其他电池,35.23,35.19,34.96
sh688819,天能股份,2023-10-16,35.06,35.08,33.94,34.12,34.74,1390855.0,47894272.0,4466308000.0,33168052000.0,2304503188.38,2533763559.74,15618670661.230003,35831963205.83,20213292544.6,393594383.5899999,1614.12,1665.24,355.74,468.52,2819.57,2428.98,0.0,226.68,,,Y,,,,电力设备,电池,蓄电池及其他电池,34.87,34.69,34.61
sh688819,天能股份,2023-10-17,34.29,34.29,32.74,32.87,34.12,2096709.0,69970854.0,4302683000.0,31952927000.0,2304503188.38,2533763559.74,15618670661.230003,35831963205.83,20213292544.6,393594383.5899999,2356.3,1342.03,372.18,372.0,4268.6,5100.57,0.0,182.49,,,Y,,,,电力设备,电池,蓄电池及其他电池,33.92,34.05,33.94
sh688819,天能股份,2023-10-18,32.85,33.1,32.56,32.67,32.87,1557294.0,51000771.0,4276503000.0,31758507000.0,2304503188.38,2533763559.74,15618670661.230003,35831963205.83,20213292544.6,393594383.5899999,1118.03,1232.19,211.95,381.92,3770.1,3485.97,0.0,0.0,,,Y,,,,电力设备,电池,蓄电池及其他电池,32.76,32.63,32.71
sh688819,天能股份,2023-10-19,32.9,32.9,32.01,32.15,32.67,1571122.0,50718607.0,4208435000.0,31253015000.0,2304503188.38,2533763559.74,15618670661.230003,35831963205.83,20213292544.6,393594383.5899999,1390.78,1169.64,443.58,555.24,3237.5,3346.98,0.0,0.0,,,Y,,,,电力设备,电池,蓄电池及其他电池,32.61,32.34,32.2
sh688819,天能股份,2023-10-20,32.07,32.58,31.93,32.14,32.15,1530120.0,49216268.0,4207126000.0,31243294000.0,2304503188.38,2533763559.74,15618670661.230003,35831963205.83,20213292544.6,393594383.5899999,1088.88,1480.53,301.91,259.7,3529.25,3179.81,0.0,0.0,,,Y,,,,电力设备,电池,蓄电池及其他电池,32.31,32.49,32.32
sh688819,天能股份,2023-10-23,32.49,32.49,31.15,31.39,32.14,1551490.0,49281483.0,4108951000.0,30514219000.0,2304503188.38,2533763559.74,15618670661.230003,35831963205.83,20213292544.6,393594383.5899999,1257.28,1235.74,190.56,268.04,3480.31,3424.38,0.0,0.0,,,Y,,,,电力设备,电池,蓄电池及其他电池,32.1,32.05,32.02
sh688819,天能股份,2023-10-24,31.56,32.09,31.32,31.52,31.39,1487205.0,47067183.0,4125968000.0,30640592000.0,2304503188.38,2533763559.74,15618670661.230003,35831963205.83,20213292544.6,393594383.5899999,1323.6,1005.14,290.91,248.57,3063.91,3424.72,0.0,0.0,,,Y,,,,电力设备,电池,蓄电池及其他电池,31.99,31.8,31.78
sh688819,天能股份,2023-10-25,31.57,32.09,31.57,31.63,31.52,1105837.0,35193251.0,4140367000.0,30747523000.0,2304503188.38,2533763559.74,15618670661.230003,35831963205.83,20213292544.6,393594383.5899999,774.92,945.93,410.61,380.69,2333.8,2192.7,0.0,0.0,,,Y,,,,电力设备,电池,蓄电池及其他电池,31.9,31.97,31.83
sh688819,天能股份,2023-10-26,31.98,32.23,31.11,32.15,31.63,1441313.0,45608147.0,4208435000.0,31253015000.0,2304503188.38,2533763559.74,15618670661.230003,35831963205.83,20213292544.6,393594383.5899999,1329.08,1332.39,366.32,323.78,2750.56,2903.19,113.39,0.0,,,Y,,,,电力设备,电池,蓄电池及其他电池,31.33,31.37,31.14
sh688819,天能股份,2023-10-27,31.92,32.78,31.86,32.64,32.15,1152666.0,37434618.0,4272576000.0,31729344000.0,2304503188.38,2533763559.74,15618670661.230003,35831963205.83,20213292544.6,393594383.5899999,945.24,1072.51,352.74,290.0,2439.45,2374.92,0.0,0.0,,,Y,,,,电力设备,电池,蓄电池及其他电池,32.21,32.43,32.53
sh688819,天能股份,2023-10-30,32.66,32.79,31.8,32.62,32.64,1753850.0,56663599.0,4269958000.0,31709902000.0,2304503188.38,2533763559.74,15618670661.230003,35831963205.83,20213292544.6,393594383.5899999,1894.35,1629.91,540.24,291.36,3231.76,3745.09,0.0,0.0,,,Y,,,,电力设备,电池,蓄电池及其他电池,31.84,32.3,32.28
sh688819,天能股份,2023-10-31,32.41,32.61,31.97,32.1,32.62,1454673.0,46765504.0,4201890000.0,31204410000.0,2304503188.38,2533763559.74,15618670661.230003,35831963205.83,20213292544.6,393594383.5899999,1382.12,1000.17,838.88,312.92,2455.56,3363.46,0.0,0.0,,,Y,,,,电力设备,电池,蓄电池及其他电池,32.3,32.16,32.1
sh688819,天能股份,2023-11-01,32.09,32.31,31.89,32.08,32.1,1430645.0,45847324.0,4199272000.0,31184968000.0,2304503188.38,2533763559.74,15618670661.230003,35831963205.83,20213292544.6,393594383.5899999,1552.65,985.72,382.93,342.72,2567.78,3174.91,0.0,0.0,,,Y,,,,电力设备,电池,蓄电池及其他电池,32.17,32.28,32.05
sh688819,天能股份,2023-11-02,32.08,32.29,31.72,31.82,32.08,1144345.0,36552222.0,4165238000.0,30932222000.0,2304503188.38,2533763559.74,15618670661.230003,35831963205.83,20213292544.6,393594383.5899999,1098.26,1138.92,311.45,453.86,2245.52,1961.46,0.0,100.99,,,Y,,,,电力设备,电池,蓄电池及其他电池,32.1,32.01,31.94
sh688819,天能股份,2023-11-03,31.82,32.25,31.73,31.8,31.82,1245029.0,39825478.0,4162620000.0,30912780000.0,2304503188.38,2533763559.74,15618670661.230003,35831963205.83,20213292544.6,393594383.5899999,1441.32,1020.77,306.24,455.03,2234.99,2506.75,0.0,0.0,,,Y,,,,电力设备,电池,蓄电池及其他电池,31.87,32.06,31.98
sh688819,天能股份,2023-11-06,31.9,32.49,31.8,32.39,31.8,1718442.0,55433654.0,4239851000.0,31486319000.0,2304503188.38,2533763559.74,15618670661.230003,35831963205.83,20213292544.6,393594383.5899999,1813.12,1599.48,493.71,344.38,3236.53,3599.51,0.0,0.0,,,Y,,,,电力设备,电池,蓄电池及其他电池,32.22,32.11,32.07
sh688819,天能股份,2023-11-07,32.3,32.57,32.17,32.28,32.39,1344875.0,43547604.0,4225452000.0,31379388000.0,2304503188.38,2533763559.74,15618670661.230003,35831963205.83,20213292544.6,393594383.5899999,1266.68,971.93,160.57,338.01,2927.51,3044.82,0.0,0.0,,,Y,,,,电力设备,电池,蓄电池及其他电池,32.37,32.46,32.57
sh688819,天能股份,2023-11-08,32.25,32.33,31.72,32.13,32.28,2666848.0,85230234.0,4205817000.0,31233573000.0,2304503188.38,2533763559.74,15618670661.230003,35831963205.83,20213292544.6,393594383.5899999,2393.08,2405.28,949.78,618.39,4686.33,5499.35,493.84,0.0,,,Y,,,,电力设备,电池,蓄电池及其他电池,32.11,32.1,32.11
sh688819,天能股份,2023-11-09,31.98,32.12,31.66,31.93,32.13,1954598.0,62412638.0,4179637000.0,31039153000.0,2304503188.38,2533763559.74,15618670661.230003,35831963205.83,20213292544.6,393594383.5899999,2526.49,2652.21,379.88,545.83,3334.26,3042.59,0.0,0.0,,,Y,,,,电力设备,电池,蓄电池及其他电池,31.8,31.98,32.06
sh688819,天能股份,2023-11-10,31.91,31.91,31.43,31.62,31.93,1304519.0,41206719.0,4139058000.0,30737802000.0,2304503188.38,2533763559.74,15618670661.230003,35831963205.83,20213292544.6,393594383.5899999,1010.87,961.12,220.28,411.65,2756.47,2747.9,133.05,0.0,,,Y,,,,电力设备,电池,蓄电池及其他电池,31.68,31.59,31.58
sh688819,天能股份,2023-11-13,31.54,31.85,31.37,31.55,31.62,1334080.0,42079702.0,4129895000.0,30669755000.0,2304503188.38,2533763559.74,15618670661.230003,35831963205.83,20213292544.6,393594383.5899999,1062.28,818.69,271.65,227.08,2874.04,3162.2,0.0,0.0,,,Y,,,,电力设备,电池,蓄电池及其他电池,31.57,31.58,31.57
sh688819,天能股份,2023-11-14,31.55,31.78,31.41,31.65,31.55,1225738.0,38732327.0,4142985000.0,30766965000.0,2304503188.38,2533763559.74,15618670661.230003,35831963205.83,20213292544.6,393594383.5899999,842.16,946.35,344.9,243.96,2662.0,2658.74,0.0,0.0,,,Y,,,,电力设备,电池,蓄电池及其他电池,31.62,31.67,31.67
sh688819,天能股份,2023-11-15,31.89,32.1,31.74,31.97,31.65,1883760.0,60153461.0,4184873000.0,31078037000.0,2304503188.38,2533763559.74,15618670661.230003,35831963205.83,20213292544.6,393594383.5899999,1864.09,2242.61,1210.98,614.18,2685.72,3045.29,141.28,0.0,,,Y,,,,电力设备,电池,蓄电池及其他电池,31.81,31.9,31.85
sh688819,天能股份,2023-11-16,31.81,31.84,31.18,31.18,31.97,1779198.0,55939051.0,4081462000.0,30310078000.0,2304503188.38,2533763559.74,15618670661.230003,35831963205.83,20213292544.6,393594383.5899999,1834.22,1565.34,530.62,564.5,3229.07,3464.06,0.0,0.0,,,Y,,,,电力设备,电池,蓄电池及其他电池,31.68,31.68,31.51
sh688819,天能股份,2023-11-17,31.3,31.5,31.01,31.49,31.18,2086913.0,65333991.0,4122041000.0,30611429000.0,2304503188.38,2533763559.74,15618670661.230003,35831963205.83,20213292544.6,393594383.5899999,1637.78,2229.96,593.57,662.86,4150.58,3640.58,151.47,0.0,,,Y,,,,电力设备,电池,蓄电池及其他电池,31.37,31.45,31.33
sh688819,天能股份,2023-11-20,31.49,31.6,31.01,31.25,31.49,1676732.0,52361956.0,4090625000.0,30378125000.0,2304503188.38,2533763559.74,15618670661.230003,35831963205.83,20213292544.6,393594383.5899999,1647.24,1403.73,559.13,496.39,2850.92,3178.22,178.91,157.86,,,Y,,,,电力设备,电池,蓄电池及其他电池,31.38,31.1,31.04
sh688819,天能股份,2023-11-21,31.3,31.59,31.18,31.33,31.25,1533542.0,48211164.0,4101097000.0,30455893000.0,2304503188.38,2533763559.74,15618670661.230003,35831963205.83,20213292544.6,393594383.5899999,1353.27,1464.28,541.38,304.66,2926.46,2876.81,0.0,175.36,,,Y,,,,电力设备,电池,蓄电池及其他电池,31.27,31.42,31.58
sh688819,天能股份,2023-11-22,31.37,31.37,30.48,30.55,31.33,1811851.0,55988391.0,3998995000.0,29697655000.0,2304503188.38,2533763559.74,15618670661.230003,35831963205.83,20213292544.6,393594383.5899999,2235.08,1978.44,496.65,532.24,2867.11,3088.16,0.0,0.0,,,Y,,,,电力设备,电池,蓄电池及其他电池,31.26,31.22,31.18
sh688819,天能股份,2023-11-23,30.52,31.18,30.32,31.13,30.55,1814178.0,55942623.0,4074917000.0,30261473000.0,2304503188.38,2533763559.74,15618670661.230003,35831963205.83,20213292544.6,393594383.5899999,1803.33,1613.22,479.84,553.61,3311.09,3315.73,0.0,111.7,,,Y,,,,电力设备,电池,蓄电池及其他电池,30.5,30.39,30.43
sh688819,天能股份,2023-11-24,31.18,31.18,30.7,30.81,31.13,1270344.0,39167534.0,4033029000.0,29950401000.0,2304503188.38,2533763559.74,15618670661.230003,35831963205.83,20213292544.6,393594383.5899999,1250.83,1001.85,341.34,241.35,2324.59,2673.55,0.0,0.0,,,Y,,,,电力设备,电池,蓄电池及其他电池,30.83,30.75,30.8
sh688819,天能股份,2023-11-27,30.81,30.94,30.26,30.37,30.81,1366824.0,41631555.0,3975433000.0,29522677000.0,2304503188.38,2533763559.74,15618670661.230003,35831963205.83,20213292544.6,393594383.5899999,1317.22,1003.88,310.15,421.06,2535.78,2738.21,0.0,0.0,,,Y,,,,电力设备,电池,蓄电池及其他电池,30.75,30.55,30.48
sh688819,天能股份,2023-11-28,30.7,31.05,30.2,30.97,30.37,2054492.0,62848815.0,4053973000.0,30105937000.0,2304503188.38,2533763559.74,15618670661.230003,35831963205.83,20213292544.6,393594383.5899999,1867.35,2595.82,947.51,753.19,3470.02,2935.87,0.0,0.0,,,Y,,,,电力设备,电池,蓄电池及其他电池,30.43,30.23,30.4
sh688819,天能股份,2023-11-29,30.91,31.1,29.68,29.86,30.97,3110715.0,93554835.0,3908674000.0,29026906000.0,2304503188.38,2533763559.74,15618670661.230003,35831963205.83,20213292544.6,393594383.5899999,3673.19,3500.88,1113.7,962.72,4467.62,4891.88,100.97,0.0,,,Y,,,,电力设备,电池,蓄电池及其他电池,30.51,30.42,30.28
sh688819,天能股份,2023-11-30,29.65,29.99,29.49,29.6,29.86,1252506.0,37124205.0,3874640000.0,28774160000.0,2304503188.38,2533763559.74,15618670661.230003,35831963205.83,20213292544.6,393594383.5899999,954.37,1234.17,165.35,190.93,2592.7,2287.31,0.0,0.0,,,Y,,,,电力设备,电池,蓄电池及其他电池,29.74,29.67,29.57
sh688819,天能股份,2023-12-01,29.6,29.6,29.06,29.27,29.6,1905987.0,55768918.0,3831443000.0,28453367000.0,2304503188.38,2533763559.74,15618670661.230003,35831963205.83,20213292544.6,393594383.5899999,1998.67,1957.61,357.77,353.31,3220.46,3265.97,0.0,0.0,,,Y,,,,电力设备,电池,蓄电池及其他电池,29.42,29.28,29.25
sh688819,天能股份,2023-12-04,29.14,29.49,28.89,28.9,29.27,1874011.0,54595936.0,3783010000.0,28093690000.0,2304503188.38,2533763559.74,15618670661.230003,35831963205.83,20213292544.6,393594383.5899999,1331.86,1946.79,399.95,427.49,3727.79,3085.31,0.0,0.0,,,Y,,,,电力设备,电池,蓄电池及其他电池,29.21,29.36,29.42
sh688819,天能股份,2023-12-05,28.81,28.96,28.07,28.15,28.9,1983966.0,56296793.0,3684835000.0,27364615000.0,2304503188.38,2533763559.74,15618670661.230003,35831963205.83,20213292544.6,393594383.5899999,1660.22,1941.91,593.43,790.53,3259.38,2897.23,116.65,0.0,,,Y,,,,电力设备,电池,蓄电池及其他电池,28.72,28.52,28.52
sh688819,天能股份,2023-12-06,28.25,28.88,28.07,28.42,28.15,2076371.0,59385089.0,3720178000.0,27627082000.0,2304503188.38,2533763559.74,15618670661.230003,35831963205.83,20213292544.6,393594383.5899999,1624.36,1619.32,739.13,398.81,3575.02,3920.38,0.0,0.0,,,Y,,,,电力设备,电池,蓄电池及其他电池,28.23,28.48,28.58
sh688819,天能股份,2023-12-07,28.49,28.6,28.01,28.4,28.42,1839977.0,52083693.0,3717560000.0,27607640000.0,2304503188.38,2533763559.74,15618670661.230003,35831963205.83,20213292544.6,393594383.5899999,1113.79,1236.17,142.65,198.49,3951.92,3773.71,0.0,0.0,,,Y,,,,电力设备,电池,蓄电池及其他电池,28.2,28.16,28.11
sh688819,天能股份,2023-12-08,28.5,29.15,28.5,29.15,28.4,3784156.0,109311733.0,3815735000.0,28336715000.0,2304503188.38,2533763559.74,15618670661.230003,35831963205.83,20213292544.6,393594383.5899999,2416.25,2312.76,1404.9,1189.16,6684.27,7398.95,425.76,30.3,,,Y,,,,电力设备,电池,蓄电池及其他电池,28.61,28.73,28.65
sh688819,天能股份,2023-12-11,29.37,29.37,28.55,28.95,29.15,2521511.0,72742359.0,3789555000.0,28142295000.0,2304503188.38,2533763559.74,15618670661.230003,35831963205.83,20213292544.6,393594383.5899999,1918.28,1492.84,614.28,414.63,4631.63,5247.23,110.04,119.53,,,Y,,,,电力设备,电池,蓄电池及其他电池,28.76,28.96,28.96
sh688819,天能股份,2023-12-12,28.95,28.95,28.55,28.7,28.95,1411778.0,40526155.0,3756830000.0,27899270000.0,2304503188.38,2533763559.74,15618670661.230003,35831963205.83,20213292544.6,393594383.5899999,1085.21,1172.99,365.1,248.77,2602.3,2630.85,0.0,0.0,,,Y,,,,电力设备,电池,蓄电池及其他电池,28.82,28.78,28.85
sh688819,天能股份,2023-12-13,28.75,28.75,28.28,28.35,28.7,1364164.0,38743480.0,3711015000.0,27559035000.0,2304503188.38,2533763559.74,15618670661.230003,35831963205.83,20213292544.6,393594383.5899999,1097.59,995.51,632.02,362.04,2144.74,2516.8,0.0,0.0,,,Y,,,,电力设备,电池,蓄电池及其他电池,28.55,28.55,28.47
sh688819,天能股份,2023-12-14,28.39,28.73,28.32,28.39,28.35,1263400.0,36019612.0,3716251000.0,27597919000.0,2304503188.38,2533763559.74,15618670661.230003,35831963205.83,20213292544.6,393594383.5899999,1220.82,999.82,330.71,381.22,2028.0,2220.92,22.43,0.0,,,Y,,,,电力设备,电池,蓄电池及其他电池,28.53,28.63,28.58
sh688819,天能股份,2023-12-15,28.47,28.9,28.32,28.38,28.39,1437266.0,41049727.0,3714942000.0,27588198000.0,2304503188.38,2533763559.74,15618670661.230003,35831963205.83,20213292544.6,393594383.5899999,1218.78,917.33,90.61,324.4,2512.55,2688.93,283.03,174.31,,,Y,,,,电力设备,电池,蓄电池及其他电池,28.81,28.76,28.52
sh688819,天能股份,2023-12-18,28.3,28.35,27.64,27.67,28.38,1626024.0,45399842.0,3622003000.0,26898007000.0,2304503188.38,2533763559.74,15618670661.230003,35831963205.83,20213292544.6,393594383.5899999,1260.61,997.3,361.5,589.62,2917.88,2940.48,0.0,12.58,,,Y,,,,电力设备,电池,蓄电池及其他电池,28.23,28.22,28.11
sh688819,天能股份,2023-12-19,27.67,27.67,27.15,27.46,27.67,1506838.0,41255564.0,3594514000.0,26693866000.0,2304503188.38,2533763559.74,15618670661.230003,35831963205.83,20213292544.6,393594383.5899999,1022.27,641.54,259.87,356.29,2843.42,2996.31,0.0,131.42,,,Y,,,,电力设备,电池,蓄电池及其他电池,27.43,27.52,27.47
sh688819,天能股份,2023-12-20,27.47,27.58,27.07,27.07,27.46,1233800.0,33711314.0,3543463000.0,26314747000.0,2304503188.38,2533763559.74,15618670661.230003,35831963205.83,20213292544.6,393594383.5899999,799.93,810.86,71.61,261.78,2499.59,2298.49,0.0,0.0,,,Y,,,,电力设备,电池,蓄电池及其他电池,27.51,27.44,27.38
sh688819,天能股份,2023-12-21,27.01,27.75,26.93,27.66,27.07,1487903.0,40730101.0,3620694000.0,26888286000.0,2304503188.38,2533763559.74,15618670661.230003,35831963205.83,20213292544.6,393594383.5899999,970.29,910.33,190.47,293.98,2709.4,2763.98,202.85,104.72,,,Y,,,,电力设备,电池,蓄电池及其他电池,27.16,27.11,27.22
sh688819,天能股份,2023-12-22,27.68,27.99,27.18,27.82,27.66,2058853.0,56999326.0,3641638000.0,27043822000.0,2304503188.38,2533763559.74,15618670661.230003,35831963205.83,20213292544.6,393594383.5899999,1567.95,1552.52,248.43,919.56,3632.54,3227.85,251.02,0.0,,,Y,,,,电力设备,电池,蓄电池及其他电池,27.35,27.3,27.24
sh688819,天能股份,2023-12-25,27.76,27.98,27.5,27.58,27.82,961203.0,26598000.0,3610222000.0,26810518000.0,2304503188.38,2533763559.74,15618670661.230003,35831963205.83,20213292544.6,393594383.5899999,623.69,575.99,158.57,9.36,1877.54,2074.45,0.0,0.0,,,Y,,,,电力设备,电池,蓄电池及其他电池,27.8,27.92,27.71
sh688819,天能股份,2023-12-26,27.52,27.75,27.45,27.59,27.58,1175918.0,32412736.0,3611531000.0,26820239000.0,2304503188.38,2533763559.74,15618670661.230003,35831963205.83,20213292544.6,393594383.5899999,691.56,626.44,148.61,114.26,2401.1,2500.57,0.0,0.0,,,Y,,,,电力设备,电池,蓄电池及其他电池,27.57,27.65,27.61
sh688819,天能股份,2023-12-27,27.45,27.63,27.0,27.21,27.59,1379527.0,37485745.0,3561789000.0,26450841000.0,2304503188.38,2533763559.74,15618670661.230003,35831963205.83,20213292544.6,393594383.5899999,800.9,615.83,236.54,198.73,2349.19,2708.58,361.95,225.43,,,Y,,,,电力设备,电池,蓄电池及其他电池,27.43,27.21,27.15
sh688819,天能股份,2023-12-28,27.02,28.26,27.02,27.91,27.21,3608329.0,100525556.0,3653419000.0,27131311000.0,2304503188.38,2533763559.74,15618670661.230003,35831963205.83,20213292544.6,393594383.5899999,3165.78,3749.24,1265.84,1120.75,5620.93,5041.65,0.0,140.93,,,Y,,,,电力设备,电池,蓄电池及其他电池,27.28,27.25,27.41
sh688819,天能股份,2023-12-29,28.0,28.25,27.83,27.92,27.91,2640792.0,74029860.0,3654728000.0,27141032000.0,2304503188.38,2533763559.74,15618670661.230003,35831963205.83,20213292544.6,393594383.5899999,2430.31,2915.27,891.07,382.32,4081.61,4105.4,0.0,0.0,,,Y,,,,电力设备,电池,蓄电池及其他电池,28.11,28.08,27.91
sh688819,天能股份,2024-01-02,27.84,28.36,27.72,28.1,27.92,2366392.0,66645171.0,3678290000.0,27316010000.0,2304503188.38,2533763559.74,15618670661.230003,35831963205.83,20213292544.6,393594383.5899999,1829.96,1986.62,830.57,436.95,4003.99,4068.87,0.0,172.07,,,Y,,,,电力设备,电池,蓄电池及其他电池,28.05,28.02,28.06
sh688819,天能股份,2024-01-03,28.09,28.09,27.51,27.75,28.1,1659614.0,46104793.0,3632475000.0,26975775000.0,2304503188.38,2533763559.74,15618670661.230003,35831963205.83,20213292544.6,393594383.5899999,1293.74,954.67,349.69,432.54,2967.05,3096.41,0.0,126.86,,,Y,,,,电力设备,电池,蓄电池及其他电池,27.86,27.8,27.87
sh688819,天能股份,2024-01-04,27.8,27.87,27.43,27.49,27.75,1293480.0,35692891.0,3598441000.0,26723029000.0,2304503188.38,2533763559.74,15618670661.230003,35831963205.83,20213292544.6,393594383.5899999,1050.36,1010.44,110.75,238.39,2408.17,2320.46,0.0,0.0,,,Y,,,,电力设备,电池,蓄电池及其他电池,27.72,27.71,27.77
sh688819,天能股份,2024-01-05,27.27,28.06,27.23,27.36,27.49,2068170.0,57170687.0,3581424000.0,26596656000.0,2304503188.38,2533763559.74,15618670661.230003,35831963205.83,20213292544.6,393594383.5899999,1115.65,1441.14,113.74,344.0,4487.67,3931.93,0.0,0.0,,,Y,,,,电力设备,电池,蓄电池及其他电池,27.82,27.95,27.88
sh688819,天能股份,2024-01-08,27.2,27.2,26.02,26.02,27.36,2525263.0,66954852.0,3406018000.0,25294042000.0,2304503188.38,2533763559.74,15618670661.230003,35831963205.83,20213292544.6,393594383.5899999,1873.76,2107.89,239.12,500.42,4569.25,3984.58,1.01,90.25,,,Y,,,,电力设备,电池,蓄电池及其他电池,26.81,26.77,26.73
sh688819,天能股份,2024-01-09,26.05,26.88,26.05,26.67,26.02,2241882.0,59682706.0,3491103000.0,25925907000.0,2304503188.38,2533763559.74,15618670661.230003,35831963205.83,20213292544.6,393594383.5899999,1014.59,1837.71,239.04,563.51,4714.63,3500.79,0.0,66.26,,,Y,,,,电力设备,电池,蓄电池及其他电池,26.32,26.29,26.33
sh688819,天能股份,2024-01-10,26.65,27.15,26.22,26.95,26.67,1938836.0,52107605.0,3527755000.0,26198095000.0,2304503188.38,2533763559.74,15618670661.230003,35831963205.83,20213292544.6,393594383.5899999,921.42,960.33,399.91,672.36,3889.43,3578.07,0.0,0.0,,,Y,,,,电力设备,电池,蓄电池及其他电池,26.35,26.28,26.58
sh688819,天能股份,2024-01-11,26.95,27.74,26.78,27.6,26.95,1692755.0,46289793.0,3612840000.0,26829960000.0,2304503188.38,2533763559.74,15618670661.230003,35831963205.83,20213292544.6,393594383.5899999,967.3,1113.93,380.0,323.82,3251.39,3132.13,30.3,59.1,,,Y,,,,电力设备,电池,蓄电池及其他电池,27.0,26.91,26.89
sh688819,天能股份,2024-01-12,27.63,27.93,27.47,27.69,27.6,1785062.0,49486386.0,3624621000.0,26917449000.0,2304503188.38,2533763559.74,15618670661.230003,35831963205.83,20213292544.6,393594383.5899999,1030.46,1185.11,388.06,383.7,3150.17,2852.75,379.95,527.08,,,Y,,,,电力设备,电池,蓄电池及其他电池,27.72,27.78,27.86
sh688819,天能股份,2024-01-15,27.69,27.74,27.12,27.38,27.69,1627733.0,44644162.0,3584042000.0,26616098000.0,2304503188.38,2533763559.74,15618670661.230003,35831963205.83,20213292544.6,393594383.5899999,936.59,938.04,361.77,518.41,3016.71,3007.96,149.34,0.0,,,Y,,,,电力设备,电池,蓄电池及其他电池,27.39,27.18,27.28
sh688819,天能股份,2024-01-16,27.51,27.78,27.28,27.58,27.38,1761709.0,48443810.0,3610222000.0,26810518000.0,2304503188.38,2533763559.74,15618670661.230003,35831963205.83,20213292544.6,393594383.5899999,948.33,810.27,237.83,418.44,3658.22,3431.88,0.0,183.79,,,Y,,,,电力设备,电池,蓄电池及其他电池,27.52,27.53,27.7
sh688819,天能股份,2024-01-17,27.53,27.53,26.89,26.91,27.58,1471233.0,40144640.0,3522519000.0,26159211000.0,2304503188.38,2533763559.74,15618670661.230003,35831963205.83,20213292544.6,393594383.5899999,743.38,580.42,168.5,258.96,3102.59,3175.08,0.0,0.0,,,Y,,,,电力设备,电池,蓄电池及其他电池,27.36,27.43,27.33
sh688819,天能股份,2024-01-18,26.66,27.12,26.13,26.82,26.91,1868447.0,49512792.0,26071722000.0,26071722000.0,2304503188.38,2533763559.74,15618670661.230003,35831963205.83,20213292544.6,393594383.5899999,1214.49,859.96,97.57,370.51,3639.23,3720.81,0.0,0.0,,,Y,,,,电力设备,电池,蓄电池及其他电池,26.69,26.73,26.68
sh688819,天能股份,2024-01-19,26.92,27.39,26.66,26.69,26.82,1333034.0,35932872.0,25945349000.0,25945349000.0,2304503188.38,2533763559.74,15618670661.230003,35831963205.83,20213292544.6,393594383.5899999,927.09,744.7,367.54,311.32,2298.65,2537.27,0.0,0.0,,,Y,,,,电力设备,电池,蓄电池及其他电池,27.23,27.05,27.32
sh688819,天能股份,2024-01-22,26.6,26.91,25.41,25.56,26.69,2285139.0,60100712.0,24846876000.0,24846876000.0,2304503188.38,2533763559.74,15618670661.230003,35831963205.83,20213292544.6,393594383.5899999,1537.98,1483.84,280.02,357.21,4192.07,4169.01,0.0,0.0,,,Y,,,,电力设备,电池,蓄电池及其他电池,26.27,26.33,26.6
sh688819,天能股份,2024-01-23,25.48,26.1,25.06,25.87,25.56,1877025.0,48174924.0,25148227000.0,25148227000.0,2304503188.38,2533763559.74,15618670661.230003,35831963205.83,20213292544.6,393594383.5899999,1079.21,980.98,470.62,563.63,3267.66,3272.89,0.0,0.0,,,Y,,,,电力设备,电池,蓄电池及其他电池,25.2,25.26,25.29
sh688819,天能股份,2024-01-24,25.95,26.24,25.07,25.9,25.87,2239306.0,57410750.0,25177390000.0,25177390000.0,2304503188.38,2533763559.74,15618670661.230003,35831963205.83,20213292544.6,393594383.5899999,1440.43,1445.87,410.45,234.13,3890.2,4058.02,0.0,3.06,,,Y,,,,电力设备,电池,蓄电池及其他电池,26.2,26.0,26.19
sh688819,天能股份,2024-01-25,25.81,26.87,25.5,26.83,25.9,2542005.0,67238922.0,26081443000.0,26081443000.0,2304503188.38,2533763559.74,15618670661.230003,35831963205.83,20213292544.6,393594383.5899999,1663.96,1891.49,671.84,693.77,4149.59,4025.23,238.5,113.4,,,Y,,,,电力设备,电池,蓄电池及其他电池,25.86,26.04,25.96
sh688819,天能股份,2024-01-26,26.83,27.25,26.31,26.71,26.83,2812517.0,75402412.0,25964791000.0,25964791000.0,2304503188.38,2533763559.74,15618670661.230003,35831963205.83,20213292544.6,393594383.5899999,2521.15,2183.78,273.32,319.73,4639.3,5024.7,106.47,12.04,,,Y,,,,电力设备,电池,蓄电池及其他电池,26.78,26.92,26.73
sh688819,天能股份,2024-01-29,27.19,27.19,25.68,25.82,26.71,2238794.0,58948104.0,25099622000.0,25099622000.0,2304503188.38,2533763559.74,15618670661.230003,35831963205.83,20213292544.6,393594383.5899999,1888.99,1339.3,542.96,389.11,3315.81,4105.99,147.06,60.42,,,Y,,,,电力设备,电池,蓄电池及其他电池,27.1,26.81,26.73
sh688819,天能股份,2024-01-30,25.93,26.27,24.7,24.72,25.82,2097584.0,53598940.0,24030312000.0,24030312000.0,2304503188.38,2533763559.74,15618670661.230003,35831963205.83,20213292544.6,393594383.5899999,1362.95,1404.49,619.26,377.17,3377.68,3446.67,0.0,131.57,,,Y,,,,电力设备,电池,蓄电池及其他电池,26.02,26.0,26.05
sh688819,天能股份,2024-01-31,24.73,25.76,24.67,24.68,24.72,2534591.0,63655849.0,23991428000.0,23991428000.0,2304503188.38,2533763559.74,15618670661.230003,35831963205.83,20213292544.6,393594383.5899999,1448.49,1858.15,383.63,359.93,4533.46,4147.5,0.0,0.0,,,Y,,,,电力设备,电池,蓄电池及其他电池,25.54,25.51,25.44
sh688819,天能股份,2024-02-01,24.49,25.08,24.2,24.41,24.68,1775963.0,43713851.0,23728961000.0,23728961000.0,2304503188.38,2533763559.74,15618670661.230003,35831963205.83,20213292544.6,393594383.5899999,665.51,646.44,187.33,108.1,3518.55,3616.85,0.0,0.0,,,Y,,,,电力设备,电池,蓄电池及其他电池,24.67,24.43,24.51
sh688819,天能股份,2024-02-02,24.5,25.0,23.37,23.98,24.41,2889917.0,70299721.0,23310958000.0,23310958000.0,2304503188.38,2533763559.74,15618670661.230003,35831963205.83,20213292544.6,393594383.5899999,1489.18,1496.88,520.93,729.91,4808.26,4636.8,211.6,166.38,,,Y,,,,电力设备,电池,蓄电池及其他电池,24.41,24.52,24.47
sh688819,天能股份,2024-02-05,24.05,24.36,21.92,22.91,23.98,3614648.0,83525180.0,22270811000.0,22270811000.0,2304503188.38,2533763559.74,15618670661.230003,35831963205.83,20213292544.6,393594383.5899999,2325.33,2483.45,822.56,932.42,5079.54,4413.83,125.1,522.82,,,Y,,,,电力设备,电池,蓄电池及其他电池,23.65,23.57,23.15
sh688819,天能股份,2024-02-06,23.0,27.25,22.59,26.93,22.91,5854550.0,148725864.0,26178653000.0,26178653000.0,2304503188.38,2533763559.74,15618670661.230003,35831963205.83,20213292544.6,393594383.5899999,4024.66,5008.53,1598.46,1849.73,9247.3,8014.32,2.17,0.0,,,Y,,,,电力设备,电池,蓄电池及其他电池,23.2,22.95,23.62
sh688819,天能股份,2024-02-07,26.92,28.32,26.92,28.24,26.93,5954313.0,165421930.0,27452104000.0,27452104000.0,2304503188.38,2533763559.74,15618670661.230003,35831963205.83,20213292544.6,393594383.5899999,3072.43,5459.16,630.12,1606.93,12836.78,9276.48,3.42,200.2,,,Y,,,,电力设备,电池,蓄电池及其他电池,27.6,27.41,27.65
sh688819,天能股份,2024-02-08,28.24,30.55,28.0,29.34,28.24,5165960.0,152821964.0,28521414000.0,28521414000.0,2304503188.38,2533763559.74,15618670661.230003,35831963205.83,20213292544.6,393594383.5899999,3472.65,4458.35,947.49,1328.35,10753.17,9380.0,108.89,115.49,,,Y,,,,电力设备,电池,蓄电池及其他电池,29.03,29.16,29.71
sh688819,天能股份,2024-02-19,29.51,29.51,27.69,28.21,29.34,4494540.0,126606612.0,27422941000.0,27422941000.0,2304503188.38,2533763559.74,15618670661.230003,35831963205.83,20213292544.6,393594383.5899999,3687.74,2384.74,1042.64,1292.14,7771.75,8884.45,158.53,99.34,,,Y,,,,电力设备,电池,蓄电池及其他电池,28.22,28.04,28.15
sh688819,天能股份,2024-02-20,28.09,28.24,27.41,27.85,28.21,2062461.0,57372702.0,27072985000.0,27072985000.0,2304503188.38,2533763559.74,15618670661.230003,35831963205.83,20213292544.6,393594383.5899999,1593.75,1157.56,216.56,398.23,3926.97,4181.48,0.0,0.0,,,Y,,,,电力设备,电池,蓄电池及其他电池,27.97,28.16,28.03
sh688819,天能股份,2024-02-21,27.9,28.7,27.54,28.15,27.85,2698062.0,76438037.0,27364615000.0,27364615000.0,2304503188.38,2533763559.74,15618670661.230003,35831963205.83,20213292544.6,393594383.5899999,2084.18,2030.77,781.11,525.36,4432.95,4511.25,345.56,576.42,,,Y,,,,电力设备,电池,蓄电池及其他电池,27.72,27.86,27.83
sh688819,天能股份,2024-02-22,27.99,28.34,27.66,28.05,28.15,1930234.0,53932148.0,27267405000.0,27267405000.0,2304503188.38,2533763559.74,15618670661.230003,35831963205.83,20213292544.6,393594383.5899999,1662.41,1192.94,342.87,610.84,3387.93,3589.43,0.0,0.0,,,Y,,,,电力设备,电池,蓄电池及其他电池,28.3,27.96,28.1
sh688819,天能股份,2024-02-23,28.06,28.19,27.72,28.07,28.05,1995868.0,55828200.0,27286847000.0,27286847000.0,2304503188.38,2533763559.74,15618670661.230003,35831963205.83,20213292544.6,393594383.5899999,1618.51,1243.06,379.44,205.4,3584.87,4134.36,0.0,0.0,,,Y,,,,电力设备,电池,蓄电池及其他电池,28.08,28.04,27.89
sh688819,天能股份,2024-02-26,28.0,28.98,27.63,28.4,28.07,3342911.0,94609965.0,27607640000.0,27607640000.0,2304503188.38,2533763559.74,15618670661.230003,35831963205.83,20213292544.6,393594383.5899999,2712.01,2351.87,912.28,614.21,5720.4,6115.05,116.3,379.86,,,Y,,,,电力设备,电池,蓄电池及其他电池,28.01,27.9,27.81
sh688819,天能股份,2024-02-27,28.3,28.77,28.16,28.75,28.4,2572542.0,73105024.0,27947875000.0,27947875000.0,2304503188.38,2533763559.74,15618670661.230003,35831963205.83,20213292544.6,393594383.5899999,2161.85,1869.59,629.54,424.75,4519.11,4874.36,0.0,141.8,,,Y,,,,电力设备,电池,蓄电池及其他电池,28.52,28.45,28.25
sh688819,天能股份,2024-02-28,28.76,29.48,27.97,28.01,28.75,3060634.0,88003763.0,27228521000.0,27228521000.0,2304503188.38,2533763559.74,15618670661.230003,35831963205.83,20213292544.6,393594383.5899999,3045.72,3042.29,599.34,618.63,5051.14,5139.46,104.18,0.0,,,Y,,,,电力设备,电池,蓄电池及其他电池,28.8,28.98,28.96
sh688819,天能股份,2024-02-29,28.01,29.22,27.98,29.2,28.01,3673399.0,106106529.0,28385320000.0,28385320000.0,2304503188.38,2533763559.74,15618670661.230003,35831963205.83,20213292544.6,393594383.5899999,2952.87,3473.25,1727.84,1389.36,5896.73,5456.04,33.21,292.0,,,Y,,,,电力设备,电池,蓄电池及其他电池,28.8,28.7,28.78
sh688819,天能股份,2024-03-01,29.36,29.76,29.02,29.42,29.2,2975947.0,87111525.0,28599182000.0,28599182000.0,2304503188.38,2533763559.74,15618670661.230003,35831963205.83,20213292544.6,393594383.5899999,2673.96,2900.94,1011.81,548.47,5012.19,5258.46,13.2,3.29,,,Y,,,,电力设备,电池,蓄电池及其他电池,29.63,29.23,29.11
sh688819,天能股份,2024-03-04,29.42,29.62,28.77,29.2,29.42,2972830.0,86765839.0,28385320000.0,28385320000.0,2304503188.38,2533763559.74,15618670661.230003,35831963205.83,20213292544.6,393594383.5899999,2442.06,2372.58,676.46,750.36,5270.41,5076.1,287.65,477.54,,,Y,,,,电力设备,电池,蓄电池及其他电池,29.22,29.54,29.38
sh688819,天能股份,2024-03-05,28.88,29.19,28.81,28.91,29.2,2385252.0,69018487.0,28103411000.0,28103411000.0,2304503188.38,2533763559.74,15618670661.230003,35831963205.83,20213292544.6,393594383.5899999,1524.08,1751.0,507.76,701.53,4751.51,4289.65,118.49,159.66,,,Y,,,,电力设备,电池,蓄电池及其他电池,28.88,28.95,29.01
sh688819,天能股份,2024-03-06,29.15,29.45,28.61,28.89,28.91,2359753.0,68345370.0,28083969000.0,28083969000.0,2304503188.38,2533763559.74,15618670661.230003,35831963205.83,20213292544.6,393594383.5899999,1945.18,1962.07,566.52,614.26,4322.84,4258.21,0.0,0.0,,,Y,,,,电力设备,电池,蓄电池及其他电池,28.88,28.84,28.78
sh688819,天能股份,2024-03-07,29.0,29.44,28.65,28.65,28.89,2561119.0,74481642.0,27850665000.0,27850665000.0,2304503188.38,2533763559.74,15618670661.230003,35831963205.83,20213292544.6,393594383.5899999,1841.6,1951.1,728.9,957.22,4760.76,4413.41,116.9,126.43,,,Y,,,,电力设备,电池,蓄电池及其他电池,29.05,29.23,29.39
sh688819,天能股份,2024-03-08,28.85,28.99,28.49,28.72,28.65,1585890.0,45541209.0,27918712000.0,27918712000.0,2304503188.38,2533763559.74,15618670661.230003,35831963205.83,20213292544.6,393594383.5899999,1223.89,1033.85,391.35,442.05,2818.25,2791.02,120.63,287.2,,,Y,,,,电力设备,电池,蓄电池及其他电池,28.88,28.66,28.7
sh688819,天能股份,2024-03-11,29.1,30.28,29.0,30.2,28.72,4109112.0,122049367.0,29357420000.0,29357420000.0,2304503188.38,2533763559.74,15618670661.230003,35831963205.83,20213292544.6,393594383.5899999,4453.32,4037.14,1127.2,902.32,6624.41,6900.72,0.0,364.75,,,Y,,,,电力设备,电池,蓄电池及其他电池,29.4,29.39,29.39
sh688819,天能股份,2024-03-12,29.91,30.12,29.42,29.7,30.2,3151434.0,93658261.0,28871370000.0,28871370000.0,2304503188.38,2533763559.74,15618670661.230003,35831963205.83,20213292544.6,393594383.5899999,2735.92,2307.56,874.55,1167.27,5755.35,5793.45,0.0,97.55,,,Y,,,,电力设备,电池,蓄电池及其他电池,30.03,29.84,29.94
sh688819,天能股份,2024-03-13,29.7,29.78,29.35,29.52,29.7,1840942.0,54417662.0,28696392000.0,28696392000.0,2304503188.38,2533763559.74,15618670661.230003,35831963205.83,20213292544.6,393594383.5899999,1749.59,1478.4,364.25,463.95,3327.93,3415.51,0.0,83.9,,,Y,,,,电力设备,电池,蓄电池及其他电池,29.52,29.38,29.52
sh688819,天能股份,2024-03-14,29.38,29.64,28.9,29.11,29.52,1774521.0,51886505.0,28297831000.0,28297831000.0,2304503188.38,2533763559.74,15618670661.230003,35831963205.83,20213292544.6,393594383.5899999,1433.95,1398.97,363.53,481.74,3391.17,3307.94,0.0,0.0,,,Y,,,,电力设备,电池,蓄电池及其他电池,29.49,29.6,29.36
sh688819,天能股份,2024-03-15,29.09,29.59,28.95,29.47,29.11,2060818.0,60345781.0,28647787000.0,28647787000.0,2304503188.38,2533763559.74,15618670661.230003,35831963205.83,20213292544.6,393594383.5899999,1374.97,1342.56,564.45,732.68,3646.21,3569.83,448.95,389.51,,,Y,,,,电力设备,电池,蓄电池及其他电池,29.34,29.07,29.08
sh688819,天能股份,2024-03-18,29.6,30.0,29.35,29.98,29.47,2297761.0,68234003.0,29143558000.0,29143558000.0,2304503188.38,2533763559.74,15618670661.230003,35831963205.83,20213292544.6,393594383.5899999,1753.48,1708.9,748.17,1178.86,4317.36,3935.65,4.4,0.0,,,Y,,,,电力设备,电池,蓄电池及其他电池,29.58,29.67,29.45
sh688819,天能股份,2024-03-19,30.18,30.36,29.77,29.84,29.98,1962784.0,58922426.0,29007464000.0,29007464000.0,2304503188.38,2533763559.74,15618670661.230003,35831963205.83,20213292544.6,393594383.5899999,1697.07,1699.55,663.01,722.01,3532.16,3470.68,0.0,0.0,,,Y,,,,电力设备,电池,蓄电池及其他电池,30.14,29.96,30.02
sh688819,天能股份,2024-03-20,29.83,29.99,29.62,29.81,29.84,1441425.0,42964516.0,28978301000.0,28978301000.0,2304503188.38,2533763559.74,15618670661.230003,35831963205.83,20213292544.6,393594383.5899999,1143.16,892.6,458.66,320.0,2694.63,3083.84,0.0,0.0,,,Y,,,,电力设备,电池,蓄电池及其他电池,29.93,29.94,29.92
sh688819,天能股份,2024-03-21,29.81,29.99,29.61,29.64,29.81,1545704.0,45992811.0,28813044000.0,28813044000.0,2304503188.38,2533763559.74,15618670661.230003,35831963205.83,20213292544.6,393594383.5899999,1066.87,989.19,609.38,245.99,2923.03,3229.72,0.0,134.39,,,Y,,,,电力设备,电池,蓄电池及其他电池,29.83,29.71,29.71
sh688819,天能股份,2024-03-22,29.61,29.75,28.55,28.7,29.64,2386616.0,69052167.0,27899270000.0,27899270000.0,2304503188.38,2533763559.74,15618670661.230003,35831963205.83,20213292544.6,393594383.5899999,2384.48,1804.9,825.01,1185.78,3695.73,3773.46,0.0,141.08,,,Y,,,,电力设备,电池,蓄电池及其他电池,29.6,29.47,29.4
sh688819,天能股份,2024-03-25,28.71,29.4,28.44,28.61,28.7,1694425.0,49049835.0,27811781000.0,27811781000.0,2304503188.38,2533763559.74,15618670661.230003,35831963205.83,20213292544.6,393594383.5899999,841.88,1130.92,192.01,268.51,3871.09,3505.55,0.0,0.0,,,Y,,,,电力设备,电池,蓄电池及其他电池,28.61,28.65,28.57
sh688819,天能股份,2024-03-26,28.53,29.14,28.53,28.93,28.61,1690829.0,48726611.0,28122853000.0,28122853000.0,2304503188.38,2533763559.74,15618670661.230003,35831963205.83,20213292544.6,393594383.5899999,1217.71,1285.93,233.79,345.56,3421.17,3241.17,0.0,0.0,,,Y,,,,电力设备,电池,蓄电池及其他电池,28.83,28.75,28.81
sh688819,天能股份,2024-03-27,28.89,29.12,28.12,28.14,28.93,1411839.0,40246046.0,27354894000.0,27354894000.0,2304503188.38,2533763559.74,15618670661.230003,35831963205.83,20213292544.6,393594383.5899999,696.56,829.61,331.83,287.34,2996.21,2907.66,0.0,0.0,,,Y,,,,电力设备,电池,蓄电池及其他电池,28.77,28.76,28.58
sh688819,天能股份,2024-03-28,28.2,28.63,28.03,28.27,28.14,1284326.0,36461913.0,27481267000.0,27481267000.0,2304503188.38,2533763559.74,15618670661.230003,35831963205.83,20213292544.6,393594383.5899999,967.77,729.8,330.76,204.49,2347.66,2711.9,0.0,0.0,,,Y,,,,电力设备,电池,蓄电池及其他电池,28.34,28.25,28.35
sh688819,天能股份,2024-03-29,28.2,28.56,27.91,28.5,28.27,1488140.0,41977249.0,27704850000.0,27704850000.0,2304503188.38,2533763559.74,15618670661.230003,35831963205.83,20213292544.6,393594383.5899999,1192.15,1028.84,253.12,382.86,2752.46,2748.13,0.0,37.9,,,Y,,,,电力设备,电池,蓄电池及其他电池,28.29,28.06,27.99
sh688819,天能股份,2024-04-01,28.9,29.86,28.5,29.66,28.5,2590815.0,76326728.0,28832486000.0,28832486000.0,2304503188.38,2533763559.74,15618670661.230003,35831963205.83,20213292544.6,393594383.5899999,2049.42,2229.88,524.27,709.64,5058.99,4693.16,0.0,0.0,,,Y,,,,电力设备,电池,蓄电池及其他电池,29.02,29.25,29.48
sh688819,天能股份,2024-04-02,29.6,30.08,29.4,29.83,29.66,2270040.0,67533692.0,28997743000.0,28997743000.0,2304503188.38,2533763559.74,15618670661.230003,35831963205.83,20213292544.6,393594383.5899999,1692.06,1856.61,1041.33,412.18,4019.98,4484.58,0.0,0.0,,,Y,,,,电力设备,电池,蓄电池及其他电池,29.62,29.68,29.63
sh688819,天能股份,2024-04-03,29.77,30.1,29.43,29.53,29.83,1623457.0,48319322.0,28706113000.0,28706113000.0,2304503188.38,2533763559.74,15618670661.230003,35831963205.83,20213292544.6,393594383.5899999,1356.33,1161.32,170.42,251.59,3305.18,3419.03,0.0,0.0,,,Y,,,,电力设备,电池,蓄电池及其他电池,29.71,30.04,30.06
sh688819,天能股份,2024-04-08,29.53,29.78,28.8,28.8,29.53,2212903.0,64716616.0,27996480000.0,27996480000.0,2304503188.38,2533763559.74,15618670661.230003,35831963205.83,20213292544.6,393594383.5899999,1344.27,1375.18,213.58,655.94,4913.82,4440.54,0.0,0.0,,,Y,,,,电力设备,电池,蓄电池及其他电池,29.65,29.43,29.42
sh688819,天能股份,2024-04-09,29.05,30.03,28.73,29.81,28.8,2747303.0,81576934.0,28978301000.0,28978301000.0,2304503188.38,2533763559.74,15618670661.230003,35831963205.83,20213292544.6,393594383.5899999,1608.67,1973.98,929.8,683.44,5610.75,5500.27,8.47,0.0,,,Y,,,,电力设备,电池,蓄电池及其他电池,29.28,29.26,29.28
sh688819,天能股份,2024-04-10,30.03,30.07,29.18,29.3,29.81,1948389.0,57454692.0,28482530000.0,28482530000.0,2304503188.38,2533763559.74,15618670661.230003,35831963205.83,20213292544.6,393594383.5899999,1670.15,1208.63,562.18,553.39,3342.3,3861.29,170.84,122.16,,,Y,,,,电力设备,电池,蓄电池及其他电池,29.77,29.67,29.7
sh688819,天能股份,2024-04-11,29.34,29.73,28.88,29.09,29.3,1644385.0,48220663.0,28278389000.0,28278389000.0,2304503188.38,2533763559.74,15618670661.230003,35831963205.83,20213292544.6,393594383.5899999,1003.85,939.75,191.14,395.24,3627.08,3487.08,0.0,0.0,,,Y,,,,电力设备,电池,蓄电池及其他电池,29.04,28.99,29.15
sh688819,天能股份,2024-04-12,29.0,29.65,28.66,29.17,29.09,2554690.0,74494350.0,28356157000.0,28356157000.0,2304503188.38,2533763559.74,15618670661.230003,35831963205.83,20213292544.6,393594383.5899999,1397.01,1670.88,94.86,472.74,5957.56,5305.82,0.0,0.0,,,Y,,,,电力设备,电池,蓄电池及其他电池,29.0,28.89,28.91
sh688819,天能股份,2024-04-15,29.18,29.96,28.43,29.03,29.17,2981603.0,87082201.0,28220063000.0,28220063000.0,2304503188.38,2533763559.74,15618670661.230003,35831963205.83,20213292544.6,393594383.5899999,2510.17,2990.21,461.8,180.09,5736.26,5537.92,0.0,0.0,,,Y,,,,电力设备,电池,蓄电池及其他电池,29.89,29.5,29.1
sh688819,天能股份,2024-04-16,29.15,29.23,28.18,28.19,29.03,2602973.0,74506393.0,27403499000.0,27403499000.0,2304503188.38,2533763559.74,15618670661.230003,35831963205.83,20213292544.6,393594383.5899999,1626.63,1748.8,767.83,437.93,5056.18,5263.91,0.0,0.0,,,Y,,,,电力设备,电池,蓄电池及其他电池,29.12,29.09,28.68
sh688819,天能股份,2024-04-17,28.6,29.35,28.54,29.34,28.19,2055790.0,59582914.0,28521414000.0,28521414000.0,2304503188.38,2533763559.74,15618670661.230003,35831963205.83,20213292544.6,393594383.5899999,1338.76,1678.16,348.65,267.73,4270.89,4012.4,0.0,0.0,,,Y,,,,电力设备,电池,蓄电池及其他电池,28.8,28.83,28.98
sh688819,天能股份,2024-04-18,29.38,29.85,28.82,29.6,29.34,2267341.0,66838035.0,28774160000.0,28774160000.0,2304503188.38,2533763559.74,15618670661.230003,35831963205.83,20213292544.6,393594383.5899999,1571.72,1712.9,474.05,667.8,4464.97,4303.1,173.07,0.0,,,Y,,,,电力设备,电池,蓄电池及其他电池,29.02,29.05,29.41
sh688819,天能股份,2024-04-19,29.83,29.95,29.4,29.52,29.6,2330088.0,69150172.0,28696392000.0,28696392000.0,2304503188.38,2533763559.74,15618670661.230003,35831963205.83,20213292544.6,393594383.5899999,1871.35,1924.76,685.07,734.65,4242.23,4255.61,116.37,0.0,,,Y,,,,电力设备,电池,蓄电池及其他电池,29.49,29.68,29.78
sh688819,天能股份,2024-04-22,29.7,30.4,29.41,30.11,29.52,3404520.0,101902361.0,29269931000.0,29269931000.0,2304503188.38,2533763559.74,15618670661.230003,35831963205.83,20213292544.6,393594383.5899999,3384.17,2870.2,1099.99,554.77,5706.08,6585.26,0.0,180.0,,,Y,,,,电力设备,电池,蓄电池及其他电池,29.82,29.75,29.76
sh688819,天能股份,2024-04-23,30.12,30.32,28.81,29.05,30.11,3230963.0,94991807.0,28239505000.0,28239505000.0,2304503188.38,2533763559.74,15618670661.230003,35831963205.83,20213292544.6,393594383.5899999,2959.01,2872.17,1245.79,684.37,5203.11,5942.64,91.27,0.0,,,Y,,,,电力设备,电池,蓄电池及其他电池,30.22,30.09,30.02
sh688819,天能股份,2024-04-24,29.16,29.16,28.45,28.89,29.05,1721045.0,49493512.0,28083969000.0,28083969000.0,2304503188.38,2533763559.74,15618670661.230003,35831963205.83,20213292544.6,393594383.5899999,1396.34,1135.92,494.46,496.12,3058.55,3317.31,0.0,0.0,,,Y,,,,电力设备,电池,蓄电池及其他电池,28.47,28.54,28.68
sh688819,天能股份,2024-04-25,28.91,29.72,28.9,29.59,28.89,2078403.0,61145152.0,28764439000.0,28764439000.0,2304503188.38,2533763559.74,15618670661.230003,35831963205.83,20213292544.6,393594383.5899999,1693.3,2083.51,305.35,291.38,4115.86,3576.32,0.0,163.3,,,Y,,,,电力设备,电池,蓄电池及其他电池,28.97,29.05,29.21
sh688819,天能股份,2024-04-26,29.44,30.1,29.39,30.02,29.59,2678493.0,80135957.0,29182442000.0,29182442000.0,2304503188.38,2533763559.74,15618670661.230003,35831963205.83,20213292544.6,393594383.5899999,2123.37,2439.91,612.48,769.88,5277.75,4668.71,0.0,135.09,,,Y,,,,电力设备,电池,蓄电池及其他电池,29.85,29.83,29.78
sh688819,天能股份,2024-04-29,28.99,29.75,28.32,28.98,30.02,6637677.0,190911056.0,28171458000.0,28171458000.0,2189381650.63,4396556834.11,16147134008.3,43210797144.31,27063663136.01,502489763.96,6465.63,4686.7,2092.88,1563.02,9898.72,12841.39,633.88,0.0,,,Y,,,,电力设备,电池,蓄电池及其他电池,28.41,28.74,28.33
sh688819,天能股份,2024-04-30,28.9,28.96,28.62,28.76,28.98,3007549.0,86494769.0,27957596000.0,27957596000.0,2189381650.63,4396556834.11,16147134008.3,43210797144.31,27063663136.01,502489763.96,2104.38,1987.05,774.86,1126.01,5770.23,5530.49,0.0,5.93,,,Y,,,,电力设备,电池,蓄电池及其他电池,28.63,28.69,28.69
sh688819,天能股份,2024-05-06,29.14,30.22,29.08,29.96,28.76,4626660.0,137579160.0,29124116000.0,29124116000.0,2189381650.63,4396556834.11,16147134008.3,43210797144.31,27063663136.01,502489763.96,4008.79,5439.01,1366.82,1497.59,7957.98,6821.32,424.32,0.0,,,Y,,,,电力设备,电池,蓄电池及其他电池,29.28,29.34,29.46
sh688819,天能股份,2024-05-07,29.95,30.07,29.42,29.72,29.96,2792900.0,82809977.0,28890812000.0,28890812000.0,2189381650.63,4396556834.11,16147134008.3,43210797144.31,27063663136.01,502489763.96,2749.62,1910.55,986.84,1009.79,4334.52,4824.68,210.01,535.98,,,Y,,,,电力设备,电池,蓄电池及其他电池,29.86,29.78,29.66
sh688819,天能股份,2024-05-08,29.57,29.65,29.0,29.04,29.72,2258919.0,66239498.0,28229784000.0,28229784000.0,2189381650.63,4396556834.11,16147134008.3,43210797144.31,27063663136.01,502489763.96,1492.9,1236.87,377.22,406.32,4753.84,4980.76,0.0,0.0,,,Y,,,,电力设备,电池,蓄电池及其他电池,29.41,29.54,29.5
sh688819,天能股份,2024-05-09,29.04,30.26,29.04,29.93,29.04,4498012.0,134852501.0,29094953000.0,29094953000.0,2189381650.63,4396556834.11,16147134008.3,43210797144.31,27063663136.01,502489763.96,4762.98,4631.78,1755.26,1728.84,6967.01,6772.71,0.0,351.92,,,Y,,,,电力设备,电池,蓄电池及其他电池,29.53,29.9,29.95
sh688819,天能股份,2024-05-10,29.86,29.9,29.23,29.6,29.93,3258871.0,96100339.0,28774160000.0,28774160000.0,2189381650.63,4396556834.11,16147134008.3,43210797144.31,27063663136.01,502489763.96,3041.52,3259.08,843.47,1282.03,5590.22,4996.39,134.83,72.53,,,Y,,,,电力设备,电池,蓄电池及其他电池,29.53,29.53,29.34
sh688819,天能股份,2024-05-13,29.5,29.7,28.9,29.35,29.6,2620804.0,76928143.0,28531135000.0,28531135000.0,2189381650.63,4396556834.11,16147134008.3,43210797144.31,27063663136.01,502489763.96,1987.6,1856.18,726.65,523.9,4905.21,5222.22,73.35,90.5,,,Y,,,,电力设备,电池,蓄电池及其他电池,29.13,29.13,29.16
sh688819,天能股份,2024-05-14,29.29,29.83,29.15,29.23,29.35,2230649.0,65635002.0,28414483000.0,28414483000.0,2189381650.63,4396556834.11,16147134008.3,43210797144.31,27063663136.01,502489763.96,1577.35,1820.75,631.7,733.79,4289.71,4008.96,64.73,0.0,,,Y,,,,电力设备,电池,蓄电池及其他电池,29.76,29.56,29.57
sh688819,天能股份,2024-05-15,29.21,29.46,28.82,28.85,29.23,2006526.0,58147675.0,28045085000.0,28045085000.0,2189381650.63,4396556834.11,16147134008.3,43210797144.31,27063663136.01,502489763.96,1843.16,1737.83,828.93,833.85,2853.68,3243.09,289.0,0.0,,,Y,,,,电力设备,电池,蓄电池及其他电池,29.15,29.07,29.09
sh688819,天能股份,2024-05-16,28.8,29.04,28.45,28.45,28.85,2184600.0,62729635.0,27656245000.0,27656245000.0,2189381650.63,4396556834.11,16147134008.3,43210797144.31,27063663136.01,502489763.96,1711.81,1529.52,505.05,596.75,4056.11,4146.69,0.0,0.0,,,Y,,,,电力设备,电池,蓄电池及其他电池,28.85,28.88,28.9
sh688819,天能股份,2024-05-17,28.46,28.95,28.24,28.93,28.45,2139460.0,61174114.0,28122853000.0,28122853000.0,2189381650.63,4396556834.11,16147134008.3,43210797144.31,27063663136.01,502489763.96,1948.07,1655.63,391.05,689.76,3778.29,3772.03,0.0,0.0,,,Y,,,,电力设备,电池,蓄电池及其他电池,28.31,28.61,28.59
sh688819,天能股份,2024-05-20,28.9,29.29,28.62,28.71,28.93,2194788.0,63463692.0,27908991000.0,27908991000.0,2189381650.63,4396556834.11,16147134008.3,43210797144.31,27063663136.01,502489763.96,1714.35,1584.77,733.88,1046.1,3898.14,3715.5,0.0,0.0,,,Y,,,,电力设备,电池,蓄电池及其他电池,29.19,29.28,29.21
sh688819,天能股份,2024-05-21,28.8,28.8,27.44,27.44,28.71,2848082.0,79769852.0,26674424000.0,26674424000.0,2189381650.63,4396556834.11,16147134008.3,43210797144.31,27063663136.01,502489763.96,2416.52,2019.54,1051.9,599.94,3872.5,4043.51,636.06,1313.99,,,Y,,,,电力设备,电池,蓄电池及其他电池,28.44,28.33,28.34
sh688819,天能股份,2024-05-22,27.7,27.92,26.82,27.14,27.44,2932727.0,80054076.0,26382794000.0,26382794000.0,2189381650.63,4396556834.11,16147134008.3,43210797144.31,27063663136.01,502489763.96,2345.32,2718.84,615.87,961.62,5044.22,4324.95,0.0,0.0,,,Y,,,,电力设备,电池,蓄电池及其他电池,27.79,27.8,27.65
sh688819,天能股份,2024-05-23,27.02,27.15,26.73,26.93,27.14,1972840.0,53014936.0,26178653000.0,26178653000.0,2189381650.63,4396556834.11,16147134008.3,43210797144.31,27063663136.01,502489763.96,1360.01,1398.09,289.46,704.66,3396.81,3198.75,255.21,0.0,,,Y,,,,电力设备,电池,蓄电池及其他电池,26.85,26.9,26.86
sh688819,天能股份,2024-05-24,26.97,27.28,26.54,26.55,26.93,2140242.0,57455931.0,25809255000.0,25809255000.0,2189381650.63,4396556834.11,16147134008.3,43210797144.31,27063663136.01,502489763.96,1115.18,1115.35,113.59,294.36,4038.73,4244.04,478.09,91.84,,,Y,,,,电力设备,电池,蓄电池及其他电池,27.12,27.28,26.97
sh688819,天能股份,2024-05-27,26.55,27.32,26.43,27.28,26.55,2295664.0,61870528.0,26518888000.0,26518888000.0,2189381650.63,4396556834.11,16147134008.3,43210797144.31,27063663136.01,502489763.96,1594.72,1684.43,278.71,356.93,4313.62,4020.24,0.0,125.45,,,Y,,,,电力设备,电池,蓄电池及其他电池,26.72,26.47,26.61
sh688819,天能股份,2024-05-28,27.35,27.52,27.02,27.25,27.28,1461651.0,39881537.0,26489725000.0,26489725000.0,2189381650.63,4396556834.11,16147134008.3,43210797144.31,27063663136.01,502489763.96,736.5,856.33,344.93,314.42,2906.73,2707.18,0.0,110.22,,,Y,,,,电力设备,电池,蓄电池及其他电池,27.15,27.08,27.09
sh688819,天能股份,2024-05-29,27.4,27.78,27.34,27.56,27.25,1508394.0,41582683.0,26791076000.0,26791076000.0,2189381650.63,4396556834.11,16147134008.3,43210797144.31,27063663136.01,502489763.96,1027.57,1260.5,128.84,354.27,3001.86,2437.94,0.0,105.55,,,Y,,,,电力设备,电池,蓄电池及其他电池,27.63,27.39,27.46
sh688819,天能股份,2024-05-30,27.58,27.85,27.43,27.67,27.56,1476689.0,40884938.0,26898007000.0,26898007000.0,2189381650.63,4396556834.11,16147134008.3,43210797144.31,27063663136.01,502489763.96,1118.18,767.04,215.23,684.9,2755.08,2229.56,0.0,407.0,,,Y,,,,电力设备,电池,蓄电池及其他电池,27.69,27.57,27.69
sh688819,天能股份,2024-05-31,27.8,28.15,27.67,27.97,27.67,1749321.0,48956863.0,27189637000.0,27189637000.0,2189381650.63,4396556834.11,16147134008.3,43210797144.31,27063663136.01,502489763.96,951.68,1215.23,326.01,485.19,3618.0,3057.89,0.0,137.38,,,Y,,,,电力设备,电池,蓄电池及其他电池,27.72,27.85,27.89
sh688819,天能股份,2024-06-03,28.16,28.16,27.01,27.17,27.97,2766254.0,75833129.0,26411957000.0,26411957000.0,2189381650.63,4396556834.11,16147134008.3,43210797144.31,27063663136.01,502489763.96,1706.07,1199.72,588.08,535.82,5289.17,5846.37,0.0,1.41,,,Y,,,,电力设备,电池,蓄电池及其他电池,27.63,27.67,27.73
sh688819,天能股份,2024-06-04,27.3,27.58,26.82,27.42,27.17,1896099.0,51518326.0,26654982000.0,26654982000.0,2189381650.63,4396556834.11,16147134008.3,43210797144.31,27063663136.01,502489763.96,712.24,628.77,170.42,288.78,4260.3,4234.29,8.87,0.0,,,Y,,,,电力设备,电池,蓄电池及其他电池,26.88,27.04,27.11
sh688819,天能股份,2024-06-05,27.43,27.61,27.0,27.0,27.42,1481315.0,40359173.0,26246700000.0,26246700000.0,2189381650.63,4396556834.11,16147134008.3,43210797144.31,27063663136.01,502489763.96,837.28,558.3,374.31,277.61,2632.83,3200.01,191.5,0.0,,,Y,,,,电力设备,电池,蓄电池及其他电池,27.32,27.48,27.3
sh688819,天能股份,2024-06-06,27.28,27.39,26.69,26.75,27.0,1682791.0,45392276.0,26003675000.0,26003675000.0,2189381650.63,4396556834.11,16147134008.3,43210797144.31,27063663136.01,502489763.96,804.63,978.65,98.1,339.62,3636.49,3220.96,0.0,0.0,,,Y,,,,电力设备,电池,蓄电池及其他电池,27.11,27.1,27.17
sh688819,天能股份,2024-06-07,26.9,27.14,26.13,26.25,26.75,2237218.0,59120431.0,25517625000.0,25517625000.0,2189381650.63,4396556834.11,16147134008.3,43210797144.31,27063663136.01,502489763.96,1329.81,1031.31,510.42,514.82,4071.81,4337.47,0.0,28.44,,,Y,,,,电力设备,电池,蓄电池及其他电池,26.9,26.87,26.8
sh688819,天能股份,2024-06-11,26.25,26.25,25.6,25.98,26.25,2014137.0,52103906.0,25255158000.0,25255158000.0,2189381650.63,4396556834.11,16147134008.3,43210797144.31,27063663136.01,502489763.96,1041.25,1040.75,303.41,239.57,3865.74,3930.06,0.0,0.0,,,Y,,,,电力设备,电池,蓄电池及其他电池,26.01,26.0,25.88
sh688819,天能股份,2024-06-12,26.16,26.3,25.88,26.05,25.98,1263217.0,33110212.0,25323205000.0,25323205000.0,2189381650.63,4396556834.11,16147134008.3,43210797144.31,27063663136.01,502489763.96,659.66,661.61,180.43,203.42,2470.93,2445.99,0.0,0.0,,,Y,,,,电力设备,电池,蓄电池及其他电池,26.2,26.24,26.19
sh688819,天能股份,2024-06-13,26.09,26.79,25.87,26.46,26.05,1692634.0,44615791.0,25721766000.0,25721766000.0,2189381650.63,4396556834.11,16147134008.3,43210797144.31,27063663136.01,502489763.96,1120.06,1247.41,397.59,220.36,2943.92,2993.81,0.0,0.0,,,Y,,,,电力设备,电池,蓄电池及其他电池,26.3,26.0,25.95
sh688819,天能股份,2024-06-14,26.3,26.46,25.93,26.39,26.46,1783028.0,46776111.0,25653719000.0,25653719000.0,2189381650.63,4396556834.11,16147134008.3,43210797144.31,27063663136.01,502489763.96,987.16,803.26,213.3,396.74,3338.21,3477.62,138.94,0.0,,,Y,,,,电力设备,电池,蓄电池及其他电池,26.29,26.19,26.19
sh688819,天能股份,2024-06-17,26.33,26.77,26.18,26.3,26.39,1773907.0,46941658.0,25566230000.0,25566230000.0,2189381650.63,4396556834.11,16147134008.3,43210797144.31,27063663136.01,502489763.96,1226.0,898.34,394.56,370.45,3073.6,3425.38,0.0,0.0,,,Y,,,,电力设备,电池,蓄电池及其他电池,26.48,26.48,26.72
sh688819,天能股份,2024-06-18,26.38,26.54,26.11,26.22,26.3,1728146.0,45430452.0,25488462000.0,25488462000.0,2189381650.63,4396556834.11,16147134008.3,43210797144.31,27063663136.01,502489763.96,959.02,1091.71,442.91,179.91,2930.71,3271.43,210.4,0.0,,,Y,,,,电力设备,电池,蓄电池及其他电池,26.17,26.37,26.34
sh688819,XD天能股,2024-06-19,25.74,25.74,24.86,24.92,25.57,2001688.0,50411886.0,24224732000.0,24224732000.0,2189381650.63,4396556834.11,16147134008.3,43210797144.31,27063663136.01,502489763.96,1298.42,1103.56,92.54,331.73,3650.23,3605.89,0.0,0.0,,,Y,,,,电力设备,电池,蓄电池及其他电池,25.57,25.71,25.43
sh688819,天能股份,2024-06-20,24.87,24.99,24.31,24.43,24.92,1766943.0,43385574.0,23748403000.0,23748403000.0,2189381650.63,4396556834.11,16147134008.3,43210797144.31,27063663136.01,502489763.96,888.0,728.71,269.93,429.43,3180.63,3180.42,0.0,0.0,,,Y,,,,电力设备,电池,蓄电池及其他电池,24.84,24.8,24.73
sh688819,天能股份,2024-06-21,24.41,24.97,24.31,24.9,24.43,1495048.0,37096373.0,24205290000.0,24205290000.0,2189381650.63,4396556834.11,16147134008.3,43210797144.31,27063663136.01,502489763.96,710.41,929.7,293.47,311.04,2705.76,2468.9,0.0,0.0,,,Y,,,,电力设备,电池,蓄电池及其他电池,24.56,24.78,24.85
sh688819,天能股份,2024-06-24,24.75,25.16,24.19,24.21,24.9,1620344.0,39808444.0,23534541000.0,23534541000.0,2189381650.63,4396556834.11,16147134008.3,43210797144.31,27063663136.01,502489763.96,734.56,808.61,235.05,429.4,3011.23,2742.84,0.0,0.0,,,Y,,,,电力设备,电池,蓄电池及其他电池,24.81,25.05,25.13
sh688819,天能股份,2024-06-25,24.19,24.55,23.86,24.14,24.21,1359511.0,32954336.0,23466494000.0,23466494000.0,2189381650.63,4396556834.11,16147134008.3,43210797144.31,27063663136.01,502489763.96,639.14,599.95,194.49,442.06,2461.8,2253.43,0.0,0.0,,,Y,,,,电力设备,电池,蓄电池及其他电池,24.31,24.35,24.53
sh688819,天能股份,2024-06-26,24.22,24.65,23.96,24.57,24.14,1166104.0,28427083.0,23884497000.0,23884497000.0,2189381650.63,4396556834.11,16147134008.3,43210797144.31,27063663136.01,502489763.96,694.25,611.78,250.89,204.29,1897.57,2026.63,0.0,0.0,,,Y,,,,电力设备,电池,蓄电池及其他电池,24.29,24.22,24.23
sh688819,天能股份,2024-06-27,24.55,24.56,23.85,23.85,24.57,1257702.0,30286248.0,23184585000.0,23184585000.0,2189381650.63,4396556834.11,16147134008.3,43210797144.31,27063663136.01,502489763.96,770.55,518.56,159.36,141.18,2098.72,2256.69,0.0,112.19,,,Y,,,,电力设备,电池,蓄电池及其他电池,24.4,24.36,24.21
sh688819,天能股份,2024-06-28,23.83,24.28,23.83,23.86,23.85,1014134.0,24416405.0,23194306000.0,23194306000.0,2189381650.63,4396556834.11,16147134008.3,43210797144.31,27063663136.01,502489763.96,521.2,477.93,76.99,232.01,1843.45,1731.7,0.0,0.0,,,Y,,,,电力设备,电池,蓄电池及其他电池,24.08,24.12,24.15
sh688819,天能股份,2024-07-01,23.83,24.13,23.44,23.87,23.86,1212736.0,28842203.0,23204027000.0,23204027000.0,2189381650.63,4396556834.11,16147134008.3,43210797144.31,27063663136.01,502489763.96,619.19,540.76,110.45,195.84,2154.58,2147.62,0.0,0.0,,,Y,,,,电力设备,电池,蓄电池及其他电池,24.06,23.68,23.8
sh688819,天能股份,2024-07-02,24.0,24.0,23.53,23.61,23.87,1456001.0,34499016.0,22951281000.0,22951281000.0,2189381650.63,4396556834.11,16147134008.3,43210797144.31,27063663136.01,502489763.96,791.28,555.07,230.5,118.85,2428.12,2775.98,0.0,0.0,,,Y,,,,电力设备,电池,蓄电池及其他电池,23.71,23.78,23.82
sh688819,天能股份,2024-07-03,23.61,23.72,23.21,23.35,23.61,1350528.0,31606269.0,22698535000.0,22698535000.0,2189381650.63,4396556834.11,16147134008.3,43210797144.31,27063663136.01,502489763.96,982.8,662.14,316.94,348.05,1860.88,2150.44,0.0,0.0,,,Y,,,,电力设备,电池,蓄电池及其他电池,23.62,23.65,23.66
sh688819,天能股份,2024-07-04,23.33,23.44,22.72,22.8,23.35,1351349.0,31059431.0,22163880000.0,22163880000.0,2189381650.63,4396556834.11,16147134008.3,43210797144.31,27063663136.01,502489763.96,683.08,684.71,340.46,314.09,2032.16,1939.1,50.24,168.05,,,Y,,,,电力设备,电池,蓄电池及其他电池,23.36,23.35,23.16
sh688819,天能股份,2024-07-05,22.8,22.91,22.55,22.83,22.8,1558031.0,35440325.0,22193043000.0,22193043000.0,2189381650.63,4396556834.11,16147134008.3,43210797144.31,27063663136.01,502489763.96,742.6,666.07,176.83,298.72,2558.85,2579.24,65.75,0.0,,,Y,,,,电力设备,电池,蓄电池及其他电池,22.75,22.79,22.83
sh688819,天能股份,2024-07-08,23.07,23.07,22.08,22.19,22.83,2338506.0,52425670.0,21570899000.0,21570899000.0,2189381650.63,4396556834.11,16147134008.3,43210797144.31,27063663136.01,502489763.96,1352.54,1070.48,147.09,210.1,3742.95,3961.99,0.0,0.0,,,Y,,,,电力设备,电池,蓄电池及其他电池,22.54,22.56,22.5
sh688819,天能股份,2024-07-09,21.94,22.71,21.91,22.6,22.19,1971805.0,44109335.0,21969460000.0,21969460000.0,2189381650.63,4396556834.11,16147134008.3,43210797144.31,27063663136.01,502489763.96,730.32,759.56,138.88,207.16,3541.73,3444.21,0.0,0.0,,,Y,,,,电力设备,电池,蓄电池及其他电池,22.17,22.24,22.4
sh688819,天能股份,2024-07-10,22.6,23.09,22.41,22.91,22.6,1816825.0,41611498.0,22270811000.0,22270811000.0,2189381650.63,4396556834.11,16147134008.3,43210797144.31,27063663136.01,502489763.96,926.36,750.47,176.37,277.98,3058.42,3132.7,0.0,0.0,,,Y,,,,电力设备,电池,蓄电池及其他电池,22.46,22.86,23.01
sh688819,天能股份,2024-07-11,23.21,23.98,23.08,23.91,22.91,2719958.0,64373815.0,23242911000.0,23242911000.0,2189381650.63,4396556834.11,16147134008.3,43210797144.31,27063663136.01,502489763.96,1762.78,1289.08,320.85,467.5,4353.75,4680.8,0.0,0.0,,,Y,,,,电力设备,电池,蓄电池及其他电池,23.26,23.18,23.09
sh688819,天能股份,2024-07-12,23.9,23.9,23.0,23.43,23.91,4896575.0,114227762.0,22776303000.0,22776303000.0,2189381650.63,4396556834.11,16147134008.3,43210797144.31,27063663136.01,502489763.96,2010.94,1455.29,1042.48,883.02,4021.27,4930.03,4348.08,4154.44,,,Y,,,,电力设备,电池,蓄电池及其他电池,23.64,23.38,23.45
sh688819,天能股份,2024-07-15,23.09,23.41,21.58,21.82,23.43,4966533.0,109279414.0,21211222000.0,21211222000.0,2189381650.63,4396556834.11,16147134008.3,43210797144.31,27063663136.01,502489763.96,3708.98,2972.5,1481.1,513.75,5629.31,7441.69,108.55,0.0,,,Y,,,,电力设备,电池,蓄电池及其他电池,22.77,22.56,22.43
sh688819,天能股份,2024-07-16,21.75,22.0,21.43,21.63,21.82,3241435.0,70230733.0,21026523000.0,21026523000.0,2189381650.63,4396556834.11,16147134008.3,43210797144.31,27063663136.01,502489763.96,2039.62,2106.7,659.27,786.28,3847.49,4027.18,476.7,102.91,,,Y,,,,电力设备,电池,蓄电池及其他电池,21.79,21.93,21.72
sh688819,天能股份,2024-07-17,21.6,22.11,21.49,21.95,21.63,2201654.0,48040394.0,21337595000.0,21337595000.0,2189381650.63,4396556834.11,16147134008.3,43210797144.31,27063663136.01,502489763.96,1149.28,1318.67,489.49,617.54,2622.26,2867.84,543.01,0.0,,,Y,,,,电力设备,电池,蓄电池及其他电池,21.65,21.64,21.5
sh688819,天能股份,2024-07-18,21.85,22.08,21.5,22.0,21.95,1648818.0,36112742.0,21386200000.0,21386200000.0,2189381650.63,4396556834.11,16147134008.3,43210797144.31,27063663136.01,502489763.96,696.03,851.36,141.54,289.61,2773.71,2470.3,0.0,0.0,,,Y,,,,电力设备,电池,蓄电池及其他电池,21.57,21.73,21.9
sh688819,天能股份,2024-07-19,21.9,22.24,21.75,22.15,22.0,1660356.0,36610326.0,21532015000.0,21532015000.0,2189381650.63,4396556834.11,16147134008.3,43210797144.31,27063663136.01,502489763.96,1064.37,884.12,186.93,286.59,2409.74,2401.78,0.0,88.54,,,Y,,,,电力设备,电池,蓄电池及其他电池,21.88,21.89,21.9
sh688819,天能股份,2024-07-22,22.0,22.55,21.99,22.2,22.15,1730837.0,38519846.0,21580620000.0,21580620000.0,2189381650.63,4396556834.11,16147134008.3,43210797144.31,27063663136.01,502489763.96,785.65,838.7,397.84,148.31,2557.5,2864.98,111.0,0.0,,,Y,,,,电力设备,电池,蓄电池及其他电池,22.3,22.36,22.39
sh688819,天能股份,2024-07-23,22.2,22.33,21.7,21.72,22.2,1395938.0,30802495.0,21114012000.0,21114012000.0,2189381650.63,4396556834.11,16147134008.3,43210797144.31,27063663136.01,502489763.96,507.57,580.41,93.96,105.79,2478.73,2394.05,0.0,0.0,,,Y,,,,电力设备,电池,蓄电池及其他电池,22.19,22.19,22.24
sh688819,天能股份,2024-07-24,21.69,21.73,21.4,21.46,21.72,1352537.0,29106832.0,20861266000.0,20861266000.0,2189381650.63,4396556834.11,16147134008.3,43210797144.31,27063663136.01,502489763.96,618.31,647.36,198.87,347.23,1985.83,1916.1,107.67,0.0,,,Y,,,,电力设备,电池,蓄电池及其他电池,21.61,21.56,21.52
sh688819,天能股份,2024-07-25,21.22,21.99,21.21,21.72,21.46,1328075.0,28809100.0,21114012000.0,21114012000.0,2189381650.63,4396556834.11,16147134008.3,43210797144.31,27063663136.01,502489763.96,523.78,719.32,187.38,128.02,2169.75,2033.57,0.0,0.0,,,Y,,,,电力设备,电池,蓄电池及其他电池,21.35,21.45,21.62
sh688819,天能股份,2024-07-26,21.76,22.2,21.76,21.95,21.72,1173436.0,25825881.0,21337595000.0,21337595000.0,2189381650.63,4396556834.11,16147134008.3,43210797144.31,27063663136.01,502489763.96,472.6,471.42,250.26,130.17,1859.73,1981.0,0.0,0.0,,,Y,,,,电力设备,电池,蓄电池及其他电池,21.92,22.04,22.12
sh688819,天能股份,2024-07-29,21.99,21.99,21.56,21.61,21.95,1135088.0,24605764.0,21007081000.0,21007081000.0,2189381650.63,4396556834.11,16147134008.3,43210797144.31,27063663136.01,502489763.96,414.58,370.84,116.73,206.78,1812.12,1759.67,117.15,123.29,,,Y,,,,电力设备,电池,蓄电池及其他电池,21.82,21.62,21.7
sh688819,天能股份,2024-07-30,21.51,21.56,21.23,21.5,21.61,1375888.0,29444592.0,20900150000.0,20900150000.0,2189381650.63,4396556834.11,16147134008.3,43210797144.31,27063663136.01,502489763.96,615.58,665.45,241.67,129.7,2087.2,2149.31,0.0,0.0,,,Y,,,,电力设备,电池,蓄电池及其他电池,21.41,21.4,21.33
sh688819,天能股份,2024-07-31,21.5,22.6,21.4,22.56,21.5,2215264.0,49162128.0,21930576000.0,21930576000.0,2189381650.63,4396556834.11,16147134008.3,43210797144.31,27063663136.01,502489763.96,1388.78,1525.58,246.32,623.15,3281.12,2767.49,0.0,0.0,,,Y,,,,电力设备,电池,蓄电池及其他电池,21.42,21.75,21.8
sh688819,天能股份,2024-08-01,22.6,22.72,22.28,22.35,22.56,1469888.0,32979104.0,21726435000.0,21726435000.0,2189381650.63,4396556834.11,16147134008.3,43210797144.31,27063663136.01,502489763.96,757.45,863.52,346.36,309.76,2194.1,2124.64,0.0,0.0,,,Y,,,,电力设备,电池,蓄电池及其他电池,22.64,22.52,22.45
sh688819,天能股份,2024-08-02,22.23,22.48,21.93,22.0,22.35,1641181.0,36414241.0,21386200000.0,21386200000.0,2189381650.63,4396556834.11,16147134008.3,43210797144.31,27063663136.01,502489763.96,758.49,458.9,325.71,370.68,2557.22,2811.84,0.0,0.0,,,Y,,,,电力设备,电池,蓄电池及其他电池,22.41,22.36,22.41
sh688819,天能股份,2024-08-05,22.15,22.27,21.58,21.66,22.0,1861329.0,40859226.0,21055686000.0,21055686000.0,2189381650.63,4396556834.11,16147134008.3,43210797144.31,27063663136.01,502489763.96,796.83,883.04,99.99,57.17,3189.1,3145.71,0.0,0.0,,,Y,,,,电力设备,电池,蓄电池及其他电池,22.07,22.19,22.18
sh688819,天能股份,2024-08-06,21.89,22.21,21.72,21.94,21.66,1495402.0,32802677.0,21327874000.0,21327874000.0,2189381650.63,4396556834.11,16147134008.3,43210797144.31,27063663136.01,502489763.96,609.74,524.35,221.57,350.7,2372.47,2405.22,76.49,0.0,,,Y,,,,电力设备,电池,蓄电池及其他电池,21.89,22.0,22.15
sh688819,天能股份,2024-08-07,21.87,22.26,21.77,22.11,21.94,1197868.0,26453912.0,21493131000.0,21493131000.0,2189381650.63,4396556834.11,16147134008.3,43210797144.31,27063663136.01,502489763.96,477.51,527.02,209.57,310.34,1958.3,1808.04,0.0,0.0,,,Y,,,,电力设备,电池,蓄电池及其他电池,22.04,22.05,22.02
sh688819,天能股份,2024-08-08,22.02,22.62,21.88,22.42,22.11,1733818.0,38676420.0,21794482000.0,21794482000.0,2189381650.63,4396556834.11,16147134008.3,43210797144.31,27063663136.01,502489763.96,1344.22,922.66,629.81,337.3,1893.61,2607.69,0.0,0.0,,,Y,,,,电力设备,电池,蓄电池及其他电池,22.03,21.98,21.89
sh688819,天能股份,2024-08-09,22.34,22.65,22.25,22.35,22.42,1441243.0,32448905.0,21726435000.0,21726435000.0,2189381650.63,4396556834.11,16147134008.3,43210797144.31,27063663136.01,502489763.96,910.7,657.38,326.76,486.3,1859.81,2101.2,147.63,0.0,,,Y,,,,电力设备,电池,蓄电池及其他电池,22.58,22.48,22.46
sh688819,天能股份,2024-08-12,22.41,22.59,22.25,22.34,22.35,1113954.0,24961352.0,21716714000.0,21716714000.0,2189381650.63,4396556834.11,16147134008.3,43210797144.31,27063663136.01,502489763.96,508.21,493.35,126.04,211.9,1861.88,1790.89,0.0,0.0,,,Y,,,,电力设备,电池,蓄电池及其他电池,22.52,22.43,22.37
sh688819,天能股份,2024-08-13,22.45,22.55,22.2,22.46,22.34,959572.0,21449468.0,21833366000.0,21833366000.0,2189381650.63,4396556834.11,16147134008.3,43210797144.31,27063663136.01,502489763.96,378.95,294.54,148.71,134.82,1617.28,1602.19,0.0,113.4,,,Y,,,,电力设备,电池,蓄电池及其他电池,22.27,22.32,22.25
sh688819,天能股份,2024-08-14,22.58,22.58,22.03,22.1,22.46,1191224.0,26400433.0,21483410000.0,21483410000.0,2189381650.63,4396556834.11,16147134008.3,43210797144.31,27063663136.01,502489763.96,844.49,565.31,211.4,154.1,1584.15,1906.05,0.0,14.58,,,Y,,,,电力设备,电池,蓄电池及其他电池,22.29,22.13,22.11
sh688819,天能股份,2024-08-15,21.93,22.4,21.81,22.33,22.1,1678199.0,37238057.0,21706993000.0,21706993000.0,2189381650.63,4396556834.11,16147134008.3,43210797144.31,27063663136.01,502489763.96,821.43,867.92,231.67,364.63,2503.89,2491.26,166.82,0.0,,,Y,,,,电力设备,电池,蓄电池及其他电池,22.01,21.97,21.81
sh688819,天能股份,2024-08-16,22.35,22.36,22.01,22.14,22.33,1174963.0,26024634.0,21522294000.0,21522294000.0,2189381650.63,4396556834.11,16147134008.3,43210797144.31,27063663136.01,502489763.96,647.13,700.96,228.88,204.7,1726.45,1696.8,0.0,0.0,,,Y,,,,电力设备,电池,蓄电池及其他电池,22.24,22.28,22.24
sh688819,天能股份,2024-08-19,22.02,22.26,21.8,21.9,22.14,1368353.0,30064054.0,21288990000.0,21288990000.0,2189381650.63,4396556834.11,16147134008.3,43210797144.31,27063663136.01,502489763.96,708.15,712.0,153.75,263.01,2144.5,2018.96,0.0,12.45,,,Y,,,,电力设备,电池,蓄电池及其他电池,22.08,22.09,22.08
sh688819,天能股份,2024-08-20,21.95,21.95,21.25,21.57,21.9,1645466.0,35418016.0,20968197000.0,20968197000.0,2189381650.63,4396556834.11,16147134008.3,43210797144.31,27063663136.01,502489763.96,947.39,987.71,681.87,412.0,1759.59,2042.76,152.94,99.34,,,Y,,,,电力设备,电池,蓄电池及其他电池,21.74,21.8,21.72
sh688819,天能股份,2024-08-21,21.44,21.76,21.37,21.61,21.57,892386.0,19311640.0,21007081000.0,21007081000.0,2189381650.63,4396556834.11,16147134008.3,43210797144.31,27063663136.01,502489763.96,420.39,416.09,38.0,134.32,1472.78,1374.31,0.0,6.45,,,Y,,,,电力设备,电池,蓄电池及其他电池,21.57,21.62,21.54
sh688819,天能股份,2024-08-22,21.66,21.73,21.22,21.28,21.61,926305.0,19854571.0,20686288000.0,20686288000.0,2189381650.63,4396556834.11,16147134008.3,43210797144.31,27063663136.01,502489763.96,493.92,406.61,97.93,281.02,1393.61,1297.82,0.0,0.0,,,Y,,,,电力设备,电池,蓄电池及其他电池,21.62,21.69,21.56
sh688819,天能股份,2024-08-23,21.22,21.64,21.11,21.57,21.28,1066037.0,22858986.0,20968197000.0,20968197000.0,2189381650.63,4396556834.11,16147134008.3,43210797144.31,27063663136.01,502489763.96,458.35,511.65,170.93,255.7,1656.62,1518.54,0.0,0.0,,,Y,,,,电力设备,电池,蓄电池及其他电池,21.29,21.5,21.5
sh688819,天能股份,2024-08-26,21.52,22.33,21.48,21.97,21.57,1695122.0,37348635.0,21357037000.0,21357037000.0,2189381650.63,4396556834.11,16147134008.3,43210797144.31,27063663136.01,502489763.96,815.11,802.52,359.3,326.66,2390.37,2414.78,170.08,190.91,,,Y,,,,电力设备,电池,蓄电池及其他电池,21.83,22.01,22.24
sh688819,天能股份,2024-08-27,21.85,22.06,21.57,21.65,21.97,1051632.0,22829480.0,21045965000.0,21045965000.0,2189381650.63,4396556834.11,16147134008.3,43210797144.31,27063663136.01,502489763.96,410.7,430.22,237.27,102.0,1634.98,1552.64,0.0,198.08,,,Y,,,,电力设备,电池,蓄电池及其他电池,21.72,21.71,21.64
sh688819,天能股份,2024-08-28,21.65,22.17,21.55,22.1,21.65,1448315.0,31839906.0,21483410000.0,21483410000.0,2189381650.63,4396556834.11,16147134008.3,43210797144.31,27063663136.01,502489763.96,800.68,853.18,283.53,380.06,2099.78,1950.75,0.0,0.0,,,Y,,,,电力设备,电池,蓄电池及其他电池,21.76,21.84,21.91
sh688819,天能股份,2024-08-29,22.8,24.24,22.76,24.07,22.1,6403259.0,152540118.0,23398447000.0,23398447000.0,2406355532.7,2679373448.25,15963625534.899998,42025671293.52,26062045758.62,691696744.31,4405.41,5157.42,1410.9,2747.41,9322.55,7315.4,115.15,33.79,,,Y,,,,电力设备,电池,蓄电池及其他电池,23.73,23.79,23.97
sh688819,天能股份,2024-08-30,24.13,24.86,23.94,24.66,24.07,5070550.0,124218336.0,23971986000.0,23971986000.0,2406355532.7,2679373448.25,15963625534.899998,42025671293.52,26062045758.62,691696744.31,4259.45,3936.32,1755.26,1173.61,6202.3,7003.33,204.83,308.57,,,Y,,,,电力设备,电池,蓄电池及其他电池,24.18,24.44,24.37
sh688819,天能股份,2024-09-02,26.5,27.18,25.79,25.99,24.66,9734832.0,257460321.0,25264879000.0,25264879000.0,2406355532.7,2679373448.25,15963625534.899998,42025671293.52,26062045758.62,691696744.31,7497.75,8289.51,3993.86,3797.23,13174.83,13459.15,1079.6,200.14,,,Y,,,,电力设备,电池,蓄电池及其他电池,26.43,25.88,26.2
sh688819,天能股份,2024-09-03,25.79,26.29,25.68,26.21,25.99,5400726.0,140411125.0,25478741000.0,25478741000.0,2406355532.7,2679373448.25,15963625534.899998,42025671293.52,26062045758.62,691696744.31,3569.07,3627.13,2125.04,2192.49,7880.43,7844.07,466.58,377.42,,,Y,,,,电力设备,电池,蓄电池及其他电池,25.73,26.03,26.05
sh688819,天能股份,2024-09-04,26.01,26.5,25.7,26.23,26.21,4116119.0,107834000.0,25498183000.0,25498183000.0,2406355532.7,2679373448.25,15963625534.899998,42025671293.52,26062045758.62,691696744.31,2505.4,2281.73,955.98,1324.32,7196.57,6525.06,125.44,652.3,,,Y,,,,电力设备,电池,蓄电池及其他电池,25.87,26.09,26.3
sh688819,天能股份,2024-09-05,26.23,26.85,26.23,26.76,26.23,3379799.0,90046769.0,26013396000.0,26013396000.0,2406355532.7,2679373448.25,15963625534.899998,42025671293.52,26062045758.62,691696744.31,2179.3,2501.28,492.52,915.76,6229.83,5227.81,103.02,359.83,,,Y,,,,电力设备,电池,蓄电池及其他电池,26.41,26.39,26.43
sh688819,天能股份,2024-09-06,26.72,26.94,26.34,26.56,26.76,2539366.0,67669892.0,25818976000.0,25818976000.0,2406355532.7,2679373448.25,15963625534.899998,42025671293.52,26062045758.62,691696744.31,1584.36,1718.21,460.25,508.48,4722.37,4087.59,0.0,452.71,,,Y,,,,电力设备,电池,蓄电池及其他电池,26.4,26.43,26.64
sh688819,天能股份,2024-09-09,26.4,26.7,26.01,26.3,26.56,3082113.0,81387243.0,25566230000.0,25566230000.0,2406355532.7,2679373448.25,15963625534.899998,42025671293.52,26062045758.62,691696744.31,1374.4,2110.66,272.45,634.9,6491.88,5264.84,0.0,128.33,,,Y,,,,电力设备,电池,蓄电池及其他电池,26.42,26.54,26.57
sh688819,天能股份,2024-09-10,26.18,27.06,26.18,26.93,26.3,2930832.0,78054143.0,26178653000.0,26178653000.0,2406355532.7,2679373448.25,15963625534.899998,42025671293.52,26062045758.62,691696744.31,2317.28,2108.74,736.69,828.8,4661.35,4560.32,90.1,307.56,,,Y,,,,电力设备,电池,蓄电池及其他电池,26.36,26.36,26.37
sh688819,天能股份,2024-09-11,27.0,27.6,26.7,27.41,26.93,2426361.0,66355004.0,26645261000.0,26645261000.0,2406355532.7,2679373448.25,15963625534.899998,42025671293.52,26062045758.62,691696744.31,1943.91,1566.81,815.53,793.37,3876.07,4275.32,0.0,0.0,,,Y,,,,电力设备,电池,蓄电池及其他电池,26.92,27.05,27.28
sh688819,天能股份,2024-09-12,27.32,27.6,27.21,27.4,27.41,1935283.0,53132026.0,26635540000.0,26635540000.0,2406355532.7,2679373448.25,15963625534.899998,42025671293.52,26062045758.62,691696744.31,1136.86,1302.08,596.69,847.0,3579.65,2930.23,0.0,233.9,,,Y,,,,电力设备,电池,蓄电池及其他电池,27.55,27.28,27.49
sh688819,天能股份,2024-09-13,27.46,27.83,27.1,27.25,27.4,2312761.0,63402235.0,26489725000.0,26489725000.0,2406355532.7,2679373448.25,15963625534.899998,42025671293.52,26062045758.62,691696744.31,1262.84,1571.28,410.23,809.66,4506.09,3801.33,161.07,157.95,,,Y,,,,电力设备,电池,蓄电池及其他电池,27.78,27.52,27.6
sh688819,天能股份,2024-09-18,26.43,27.38,26.43,27.03,27.25,2087296.0,56419105.0,26275863000.0,26275863000.0,2406355532.7,2679373448.25,15963625534.899998,42025671293.52,26062045758.62,691696744.31,1019.73,1039.04,307.6,778.34,4314.58,3703.58,0.0,120.96,,,Y,,,,电力设备,电池,蓄电池及其他电池,27.03,27.12,27.32
sh688819,天能股份,2024-09-19,27.12,27.7,26.88,27.43,27.03,2270984.0,62129294.0,26664703000.0,26664703000.0,2406355532.7,2679373448.25,15963625534.899998,42025671293.52,26062045758.62,691696744.31,1195.79,1081.98,364.41,258.17,4652.73,4745.53,0.0,127.25,,,Y,,,,电力设备,电池,蓄电池及其他电池,27.03,27.07,27.02
sh688819,天能股份,2024-09-20,27.7,28.12,27.34,27.38,27.43,2475023.0,68300202.0,26616098000.0,26616098000.0,2406355532.7,2679373448.25,15963625534.899998,42025671293.52,26062045758.62,691696744.31,2031.72,1252.69,957.33,258.93,3840.97,5069.77,0.0,248.64,,,Y,,,,电力设备,电池,蓄电池及其他电池,28.08,27.56,27.44
sh688819,天能股份,2024-09-23,27.73,27.75,27.08,27.45,27.38,2113751.0,58038738.0,26684145000.0,26684145000.0,2406355532.7,2679373448.25,15963625534.899998,42025671293.52,26062045758.62,691696744.31,1072.33,1108.56,328.98,509.4,4402.57,4185.91,0.0,0.0,,,Y,,,,电力设备,电池,蓄电池及其他电池,27.39,27.38,27.21
sh688819,天能股份,2024-09-24,27.45,28.05,27.28,27.92,27.45,2733754.0,75871058.0,27141032000.0,27141032000.0,2406355532.7,2679373448.25,15963625534.899998,42025671293.52,26062045758.62,691696744.31,1451.24,1675.23,349.83,801.25,5629.09,5110.63,156.95,0.0,,,Y,,,,电力设备,电池,蓄电池及其他电池,27.67,27.47,27.29
sh688819,天能股份,2024-09-25,27.99,28.41,27.86,27.86,27.92,2960400.0,83238620.0,27082706000.0,27082706000.0,2406355532.7,2679373448.25,15963625534.899998,42025671293.52,26062045758.62,691696744.31,1881.58,1874.55,773.71,855.7,5440.56,5507.48,228.01,86.14,,,Y,,,,电力设备,电池,蓄电池及其他电池,27.89,27.91,28.12
sh688819,天能股份,2024-09-26,28.22,28.33,27.56,28.25,27.86,2383207.0,66809725.0,27461825000.0,27461825000.0,2406355532.7,2679373448.25,15963625534.899998,42025671293.52,26062045758.62,691696744.31,1381.7,1557.56,362.13,932.78,4937.14,4190.63,0.0,0.0,,,Y,,,,电力设备,电池,蓄电池及其他电池,27.79,27.9,27.89
sh688819,天能股份,2024-09-27,28.78,29.8,28.29,29.73,28.25,2139036.0,62531245.0,28900533000.0,28900533000.0,2406355532.7,2679373448.25,15963625534.899998,42025671293.52,26062045758.62,691696744.31,1725.24,2040.24,959.5,688.43,3568.38,3410.32,0.0,114.14,,,Y,,,,电力设备,电池,蓄电池及其他电池,28.47,28.62,29.41
sh688819,天能股份,2024-09-30,30.48,34.22,30.47,33.9,29.73,7660300.0,247977731.0,32954190000.0,32954190000.0,2406355532.7,2679373448.25,15963625534.899998,42025671293.52,26062045758.62,691696744.31,6379.87,7173.27,4220.69,4052.19,13562.96,13231.1,634.25,341.22,,,Y,,,,电力设备,电池,蓄电池及其他电池,32.19,31.52,30.82
sh688819,天能股份,2024-10-08,40.26,40.27,35.71,38.99,33.9,10702937.0,408955738.0,37902179000.0,37902179000.0,2406355532.7,2679373448.25,15963625534.899998,42025671293.52,26062045758.62,691696744.31,13021.3,13827.33,10564.86,9529.72,15026.5,15176.92,2282.91,2361.6,,,Y,,,,电力设备,电池,蓄电池及其他电池,38.32,37.3,38.71
sh688819,天能股份,2024-10-09,37.58,38.88,33.88,33.92,38.99,9197313.0,333653824.0,32973632000.0,32973632000.0,2406355532.7,2679373448.25,15963625534.899998,42025671293.52,26062045758.62,691696744.31,9284.73,7949.21,5015.15,7328.87,18674.29,17026.9,391.22,1060.4,,,Y,,,,电力设备,电池,蓄电池及其他电池,37.54,38.35,38.03
sh688819,天能股份,2024-10-10,35.0,36.76,34.3,34.42,33.92,6914112.0,245029684.0,33459682000.0,33459682000.0,2406355532.7,2679373448.25,15963625534.899998,42025671293.52,26062045758.62,691696744.31,6396.9,6517.68,2735.65,3065.66,14895.42,14283.56,474.99,636.07,,,Y,,,,电力设备,电池,蓄电池及其他电池,35.4,36.54,36.05
sh688819,天能股份,2024-10-11,34.42,34.51,32.49,33.1,34.42,3984579.0,133701814.0,32176510000.0,32176510000.0,2406355532.7,2679373448.25,15963625534.899998,42025671293.52,26062045758.62,691696744.31,3475.04,2819.21,758.93,1709.77,9034.87,8321.04,101.34,520.16,,,Y,,,,电力设备,电池,蓄电池及其他电池,34.19,34.04,34.3
sh688819,天能股份,2024-10-14,32.5,33.3,31.94,33.09,33.1,4726394.0,154696054.0,32166789000.0,32166789000.0,2406355532.7,2679373448.25,15963625534.899998,42025671293.52,26062045758.62,691696744.31,3307.3,3249.95,2581.47,2275.93,8889.09,9817.68,691.74,126.05,,,Y,,,,电力设备,电池,蓄电池及其他电池,32.63,32.75,32.61
sh688819,天能股份,2024-10-15,33.0,33.46,32.17,32.17,33.09,3492718.0,114482149.0,31272457000.0,31272457000.0,2406355532.7,2679373448.25,15963625534.899998,42025671293.52,26062045758.62,691696744.31,3740.87,3737.62,1380.82,1133.63,6326.53,6576.96,0.0,0.0,,,Y,,,,电力设备,电池,蓄电池及其他电池,32.63,32.94,32.76
sh688819,天能股份,2024-10-16,31.76,32.37,31.42,31.65,32.17,2958197.0,94094312.0,30766965000.0,30766965000.0,2406355532.7,2679373448.25,15963625534.899998,42025671293.52,26062045758.62,691696744.31,2498.46,2046.14,661.25,1408.77,6249.72,5551.91,0.0,402.62,,,Y,,,,电力设备,电池,蓄电池及其他电池,31.93,31.85,31.85
sh688819,天能股份,2024-10-17,31.97,32.05,30.93,30.97,31.65,2735933.0,85979803.0,30105937000.0,30105937000.0,2406355532.7,2679373448.25,15963625534.899998,42025671293.52,26062045758.62,691696744.31,2132.22,1802.58,845.1,1189.79,5620.66,5540.95,0.0,64.65,,,Y,,,,电力设备,电池,蓄电池及其他电池,31.7,31.74,31.66
sh688819,天能股份,2024-10-18,31.09,33.52,30.66,32.42,30.97,4815148.0,153834480.0,31515482000.0,31515482000.0,2406355532.7,2679373448.25,15963625534.899998,42025671293.52,26062045758.62,691696744.31,4300.98,4770.15,1815.44,1953.28,9041.49,8518.99,225.54,141.03,,,Y,,,,电力设备,电池,蓄电池及其他电池,31.04,30.91,30.89
sh688819,天能股份,2024-10-21,32.83,33.45,32.35,32.56,32.42,4850750.0,159724152.0,31651576000.0,31651576000.0,2406355532.7,2679373448.25,15963625534.899998,42025671293.52,26062045758.62,691696744.31,4119.33,4125.24,2430.35,2070.87,9304.28,9623.64,118.46,152.67,,,Y,,,,电力设备,电池,蓄电池及其他电池,33.19,33.06,32.99
sh688819,天能股份,2024-10-22,32.56,32.64,31.95,32.0,32.56,3409419.0,109745335.0,31107200000.0,31107200000.0,2406355532.7,2679373448.25,15963625534.899998,42025671293.52,26062045758.62,691696744.31,2936.28,2950.84,1191.56,1224.35,6846.69,6799.34,0.0,0.0,,,Y,,,,电力设备,电池,蓄电池及其他电池,32.16,32.29,32.19
sh688819,天能股份,2024-10-23,32.11,33.25,32.05,32.85,32.0,4010256.0,131366321.0,31933485000.0,31933485000.0,2406355532.7,2679373448.25,15963625534.899998,42025671293.52,26062045758.62,691696744.31,4121.13,4218.85,1620.93,1044.64,7293.4,7873.14,101.17,0.0,,,Y,,,,电力设备,电池,蓄电池及其他电池,32.48,32.27,32.46
sh688819,天能股份,2024-10-24,33.03,33.03,32.01,32.09,32.85,2529035.0,81504512.0,31194689000.0,31194689000.0,2406355532.7,2679373448.25,15963625534.899998,42025671293.52,26062045758.62,691696744.31,2667.83,1740.21,1022.82,667.11,4459.8,5682.35,0.0,60.78,,,Y,,,,电力设备,电池,蓄电池及其他电池,32.62,32.43,32.33
sh688819,天能股份,2024-10-25,32.09,33.67,32.09,33.12,32.09,4331873.0,142888931.0,32195952000.0,32195952000.0,2406355532.7,2679373448.25,15963625534.899998,42025671293.52,26062045758.62,691696744.31,4451.72,4622.17,2931.35,2383.19,6356.65,7009.51,549.18,274.03,,,Y,,,,电力设备,电池,蓄电池及其他电池,32.43,32.5,32.63
sh688819,天能股份,2024-10-28,33.58,33.73,32.71,32.95,33.12,4056675.0,134140086.0,32030695000.0,32030695000.0,2406355532.7,2679373448.25,15963625534.899998,42025671293.52,26062045758.62,691696744.31,4378.22,4262.15,2437.25,2038.07,6495.26,6894.36,103.28,219.44,,,Y,,,,电力设备,电池,蓄电池及其他电池,32.87,32.95,33.1
sh688819,天能股份,2024-10-29,32.97,33.47,32.12,32.25,32.95,3514434.0,114602098.0,31350225000.0,31350225000.0,2406355532.7,2679373448.25,15963625534.899998,42025671293.52,26062045758.62,691696744.31,3357.85,3379.95,1477.58,1993.09,6624.78,5870.59,0.0,216.59,,,Y,,,,电力设备,电池,蓄电池及其他电池,33.06,32.83,32.89
sh688819,天能股份,2024-10-30,30.5,30.6,29.39,29.55,32.25,6948916.0,207675186.0,28725555000.0,28725555000.0,2057116049.1000004,2396181245.7599998,16236788033.149998,45446629152.13,29209841118.98,269994327.28,7605.72,5798.09,2898.9,4673.42,9738.59,9431.4,524.3,864.61,,,Y,,,,电力设备,电池,蓄电池及其他电池,30.24,29.98,30.1
sh688819,天能股份,2024-10-31,29.5,30.14,29.36,29.47,29.55,5909319.0,175389689.0,28647787000.0,28647787000.0,2057116049.1000004,2396181245.7599998,16236788033.149998,45446629152.13,29209841118.98,269994327.28,5120.25,5150.4,1946.88,2522.29,10471.84,9416.24,0.0,450.04,,,Y,,,,电力设备,电池,蓄电池及其他电池,29.56,30.02,30.01
sh688819,天能股份,2024-11-01,29.46,29.56,28.61,28.64,29.47,4416643.0,127978429.0,27840944000.0,27840944000.0,2057116049.1000004,2396181245.7599998,16236788033.149998,45446629152.13,29209841118.98,269994327.28,3834.32,3501.95,835.95,1458.61,8064.58,7576.79,62.98,260.49,,,Y,,,,电力设备,电池,蓄电池及其他电池,29.32,28.94,29.16
sh688819,天能股份,2024-11-04,28.74,28.8,27.98,28.3,28.64,5871432.0,165995202.0,27510430000.0,27510430000.0,2057116049.1000004,2396181245.7599998,16236788033.149998,45446629152.13,29209841118.98,269994327.28,5708.49,5551.7,2411.08,2932.08,8197.77,7928.01,282.18,187.73,,,Y,,,,电力设备,电池,蓄电池及其他电池,28.6,28.72,28.45
sh688819,天能股份,2024-11-05,28.29,29.24,28.06,29.11,28.3,5634298.0,162317706.0,28297831000.0,28297831000.0,2057116049.1000004,2396181245.7599998,16236788033.149998,45446629152.13,29209841118.98,269994327.28,5418.99,5306.57,3240.62,2137.83,7450.1,8698.34,122.06,89.02,,,Y,,,,电力设备,电池,蓄电池及其他电池,28.08,28.34,28.43
sh688819,天能股份,2024-11-06,29.5,30.31,29.24,29.62,29.11,7079071.0,211622782.0,28793602000.0,28793602000.0,2057116049.1000004,2396181245.7599998,16236788033.149998,45446629152.13,29209841118.98,269994327.28,6768.6,6984.51,4904.08,3429.3,8981.43,10223.52,508.16,524.96,,,Y,,,,电力设备,电池,蓄电池及其他电池,29.88,30.26,30.09
sh688819,天能股份,2024-11-07,29.9,30.28,29.52,30.18,29.62,5533252.0,165527169.0,29337978000.0,29337978000.0,2057116049.1000004,2396181245.7599998,16236788033.149998,45446629152.13,29209841118.98,269994327.28,5999.17,5435.42,3757.3,2750.49,6620.09,7709.44,176.17,657.37,,,Y,,,,电力设备,电池,蓄电池及其他电池,29.6,29.81,29.84
sh688819,天能股份,2024-11-08,30.25,31.18,29.91,29.97,30.18,5486480.0,167252854.0,29133837000.0,29133837000.0,2057116049.1000004,2396181245.7599998,16236788033.149998,45446629152.13,29209841118.98,269994327.28,6213.82,5446.47,3096.77,3615.97,6857.35,7347.17,557.34,315.68,,,Y,,,,电力设备,电池,蓄电池及其他电池,31.04,30.78,30.77
sh688819,天能股份,2024-11-11,29.9,31.43,29.74,31.41,29.97,7283005.0,225235955.0,30533661000.0,30533661000.0,2057116049.1000004,2396181245.7599998,16236788033.149998,45446629152.13,29209841118.98,269994327.28,8079.94,8080.15,4053.17,3826.96,9412.07,10353.09,978.42,263.39,,,Y,,,,电力设备,电池,蓄电池及其他电池,30.07,30.61,30.87
sh688819,天能股份,2024-11-12,31.41,32.07,30.81,31.2,31.41,6988181.0,220578760.0,30329520000.0,30329520000.0,2057116049.1000004,2396181245.7599998,16236788033.149998,45446629152.13,29209841118.98,269994327.28,7791.86,7742.03,5382.34,4408.14,7867.93,8725.08,1015.75,1182.63,,,Y,,,,电力设备,电池,蓄电池及其他电池,31.44,31.59,32.0
sh688819,天能股份,2024-11-13,31.0,31.45,30.46,31.39,31.2,5574451.0,172611547.0,30514219000.0,30514219000.0,2057116049.1000004,2396181245.7599998,16236788033.149998,45446629152.13,29209841118.98,269994327.28,5497.75,5365.22,2759.26,3981.65,8523.64,7179.3,480.51,734.99,,,Y,,,,电力设备,电池,蓄电池及其他电池,31.11,31.15,31.26
sh688819,天能股份,2024-11-14,31.38,32.25,30.9,31.07,31.39,6117093.0,193640490.0,30203147000.0,30203147000.0,2057116049.1000004,2396181245.7599998,16236788033.149998,45446629152.13,29209841118.98,269994327.28,6442.53,6206.81,2523.85,4130.83,8852.09,8199.1,1545.58,827.32,,,Y,,,,电力设备,电池,蓄电池及其他电池,31.8,31.59,31.93
sh688819,天能股份,2024-11-15,31.0,31.0,29.81,29.9,31.07,4255736.0,129646524.0,29065790000.0,29065790000.0,2057116049.1000004,2396181245.7599998,16236788033.149998,45446629152.13,29209841118.98,269994327.28,4114.29,4208.34,2200.25,2433.62,6464.39,6020.66,185.72,302.03,,,Y,,,,电力设备,电池,蓄电池及其他电池,30.8,30.51,30.41
sh688819,天能股份,2024-11-18,30.07,30.6,29.65,29.87,29.9,3135956.0,94411718.0,29036627000.0,29036627000.0,2057116049.1000004,2396181245.7599998,16236788033.149998,45446629152.13,29209841118.98,269994327.28,2666.86,2870.25,764.96,1143.14,6009.34,5306.22,0.0,121.56,,,Y,,,,电力设备,电池,蓄电池及其他电池,29.96,29.91,30.14
sh688819,天能股份,2024-11-19,30.14,30.63,29.52,30.62,29.87,3331316.0,100293016.0,29765702000.0,29765702000.0,2057116049.1000004,2396181245.7599998,16236788033.149998,45446629152.13,29209841118.98,269994327.28,3125.21,2570.0,1457.87,2132.1,5027.18,4891.73,419.04,435.47,,,Y,,,,电力设备,电池,蓄电池及其他电池,29.91,30.04,29.92
sh688819,天能股份,2024-11-20,30.69,30.75,29.84,30.24,30.62,3671144.0,110899781.0,29396304000.0,29396304000.0,2057116049.1000004,2396181245.7599998,16236788033.149998,45446629152.13,29209841118.98,269994327.28,4234.29,3436.9,1786.18,1240.91,4738.88,5573.2,330.62,838.97,,,Y,,,,电力设备,电池,蓄电池及其他电池,30.44,30.56,30.35
sh688819,天能股份,2024-11-21,30.29,30.6,29.88,30.06,30.24,3370740.0,101913571.0,29221326000.0,29221326000.0,2057116049.1000004,2396181245.7599998,16236788033.149998,45446629152.13,29209841118.98,269994327.28,3281.35,2971.33,1922.66,1485.46,4579.62,5313.73,407.72,420.83,,,Y,,,,电力设备,电池,蓄电池及其他电池,29.97,30.29,30.21
sh688819,天能股份,2024-11-22,29.86,29.93,28.5,28.53,30.06,4034856.0,118076920.0,27734013000.0,27734013000.0,2057116049.1000004,2396181245.7599998,16236788033.149998,45446629152.13,29209841118.98,269994327.28,4252.65,3863.61,1719.54,2363.94,5491.76,5100.42,343.74,479.73,,,Y,,,,电力设备,电池,蓄电池及其他电池,29.77,29.73,29.7
sh688819,天能股份,2024-11-25,28.5,29.43,28.5,29.11,28.53,2771844.0,80379924.0,28297831000.0,28297831000.0,2057116049.1000004,2396181245.7599998,16236788033.149998,45446629152.13,29209841118.98,269994327.28,2300.24,2129.65,1000.97,1483.24,4736.78,4425.11,0.0,0.0,,,Y,,,,电力设备,电池,蓄电池及其他电池,29.05,28.92,28.78
sh688819,天能股份,2024-11-26,29.18,29.18,28.26,28.46,29.11,2154164.0,61788349.0,27665966000.0,27665966000.0,2057116049.1000004,2396181245.7599998,16236788033.149998,45446629152.13,29209841118.98,269994327.28,1751.43,1546.07,701.02,827.85,3726.39,3804.91,0.0,0.0,,,Y,,,,电力设备,电池,蓄电池及其他电池,28.94,28.94,28.81
sh688819,天能股份,2024-11-27,28.45,28.87,27.93,28.81,28.46,2825760.0,80186668.0,28006201000.0,28006201000.0,2057116049.1000004,2396181245.7599998,16236788033.149998,45446629152.13,29209841118.98,269994327.28,2025.52,1809.15,789.18,651.98,5036.79,5557.54,167.17,0.0,,,Y,,,,电力设备,电池,蓄电池及其他电池,28.31,28.3,28.13
sh688819,天能股份,2024-11-28,28.58,28.91,28.45,28.45,28.81,2012430.0,57705315.0,27656245000.0,27656245000.0,2057116049.1000004,2396181245.7599998,16236788033.149998,45446629152.13,29209841118.98,269994327.28,1566.29,1506.46,779.38,616.83,3227.96,3647.24,196.9,0.0,,,Y,,,,电力设备,电池,蓄电池及其他电池,28.88,28.8,28.89
sh688819,天能股份,2024-11-29,28.5,29.18,28.23,28.9,28.45,2887219.0,83061501.0,28093690000.0,28093690000.0,2057116049.1000004,2396181245.7599998,16236788033.149998,45446629152.13,29209841118.98,269994327.28,2007.74,2350.89,1709.49,1024.57,4497.92,4698.01,90.99,232.67,,,Y,,,,电力设备,电池,蓄电池及其他电池,28.4,28.53,28.39
sh688819,天能股份,2024-12-02,28.91,29.04,28.41,28.8,28.9,3978671.0,114239518.0,27996480000.0,27996480000.0,2057116049.1000004,2396181245.7599998,16236788033.149998,45446629152.13,29209841118.98,269994327.28,3492.06,2794.96,2714.78,2200.52,4737.52,6138.21,479.59,290.27,,,Y,,,,电力设备,电池,蓄电池及其他电池,28.56,28.63,28.73
sh688819,天能股份,2024-12-03,28.84,29.0,28.5,28.86,28.8,3422813.0,98504086.0,28054806000.0,28054806000.0,2057116049.1000004,2396181245.7599998,16236788033.149998,45446629152.13,29209841118.98,269994327.28,3184.99,2933.88,1531.19,1278.98,4550.8,5517.56,583.43,119.99,,,Y,,,,电力设备,电池,蓄电池及其他电池,28.77,28.64,28.61
sh688819,天能股份,2024-12-04,28.9,28.9,28.2,28.33,28.86,2886601.0,82154136.0,27539593000.0,27539593000.0,2057116049.1000004,2396181245.7599998,16236788033.149998,45446629152.13,29209841118.98,269994327.28,2683.35,2647.09,1438.42,1330.89,3951.45,4088.37,142.2,149.07,,,Y,,,,电力设备,电池,蓄电池及其他电池,28.56,28.51,28.48
sh688819,天能股份,2024-12-05,28.33,28.45,28.12,28.32,28.33,1773630.0,50148318.0,27529872000.0,27529872000.0,2057116049.1000004,2396181245.7599998,16236788033.149998,45446629152.13,29209841118.98,269994327.28,1480.45,1382.98,889.09,912.19,2645.3,2719.66,0.0,0.0,,,Y,,,,电力设备,电池,蓄电池及其他电池,28.25,28.24,28.16
sh688819,天能股份,2024-12-06,28.29,28.68,27.95,28.63,28.32,2826675.0,80079735.0,27831223000.0,27831223000.0,2057116049.1000004,2396181245.7599998,16236788033.149998,45446629152.13,29209841118.98,269994327.28,2843.34,2710.18,1218.69,917.44,3945.94,4380.36,0.0,0.0,,,Y,,,,电力设备,电池,蓄电池及其他电池,28.1,28.17,28.11
sh688819,天能股份,2024-12-09,28.46,28.95,28.46,28.77,28.63,2572111.0,73795561.0,27967317000.0,27967317000.0,2057116049.1000004,2396181245.7599998,16236788033.149998,45446629152.13,29209841118.98,269994327.28,2307.31,2752.25,1272.71,874.82,3554.16,3752.48,245.38,0.0,,,Y,,,,电力设备,电池,蓄电池及其他电池,28.59,28.63,28.65
sh688819,天能股份,2024-12-10,29.65,30.0,28.92,28.95,28.77,4551073.0,133790668.0,28142295000.0,28142295000.0,2057116049.1000004,2396181245.7599998,16236788033.149998,45446629152.13,29209841118.98,269994327.28,4207.74,4096.38,2632.24,2636.1,5612.96,5987.57,926.13,659.02,,,Y,,,,电力设备,电池,蓄电池及其他电池,29.51,29.44,29.38
sh688819,天能股份,2024-12-11,28.9,29.28,28.8,29.23,28.95,2574608.0,74722263.0,28414483000.0,28414483000.0,2057116049.1000004,2396181245.7599998,16236788033.149998,45446629152.13,29209841118.98,269994327.28,2028.72,2334.07,976.78,1153.48,4256.91,3984.68,209.82,0.0,,,Y,,,,电力设备,电池,蓄电池及其他电池,28.95,28.87,28.85
sh688819,天能股份,2024-12-12,29.27,29.43,28.98,29.24,29.23,4129008.0,120629351.0,28424204000.0,28424204000.0,2057116049.1000004,2396181245.7599998,16236788033.149998,45446629152.13,29209841118.98,269994327.28,4670.83,3518.92,2300.23,2610.36,4980.65,5536.24,111.23,397.41,,,Y,,,,电力设备,电池,蓄电池及其他电池,29.08,29.13,29.07
sh688819,天能股份,2024-12-13,29.19,29.23,28.5,28.62,29.24,3418449.0,98107113.0,27821502000.0,27821502000.0,2057116049.1000004,2396181245.7599998,16236788033.149998,45446629152.13,29209841118.98,269994327.28,2737.49,2741.77,1820.29,1229.84,5252.93,5463.28,0.0,375.83,,,Y,,,,电力设备,电池,蓄电池及其他电池,28.9,28.83,28.67
sh688819,天能股份,2024-12-16,28.55,28.7,28.14,28.25,28.62,2457188.0,69572015.0,27461825000.0,27461825000.0,2057116049.1000004,2396181245.7599998,16236788033.149998,45446629152.13,29209841118.98,269994327.28,2200.01,1813.44,575.31,1197.79,4046.14,3830.14,135.74,115.83,,,Y,,,,电力设备,电池,蓄电池及其他电池,28.61,28.52,28.49
sh688819,天能股份,2024-12-17,28.25,28.75,28.11,28.27,28.25,2101942.0,59687726.0,27481267000.0,27481267000.0,2057116049.1000004,2396181245.7599998,16236788033.149998,45446629152.13,29209841118.98,269994327.28,1627.1,1712.58,423.36,644.59,3918.31,3611.6,0.0,0.0,,,Y,,,,电力设备,电池,蓄电池及其他电池,28.42,28.37,28.47
sh688819,天能股份,2024-12-18,28.33,28.48,28.13,28.19,28.27,1689932.0,47819522.0,27403499000.0,27403499000.0,2057116049.1000004,2396181245.7599998,16236788033.149998,45446629152.13,29209841118.98,269994327.28,1407.85,997.07,748.17,754.69,2625.93,3030.19,0.0,0.0,,,Y,,,,电力设备,电池,蓄电池及其他电池,28.38,28.47,28.43
sh688819,天能股份,2024-12-19,28.19,28.19,27.71,27.98,28.19,1730091.0,48237548.0,27199358000.0,27199358000.0,2057116049.1000004,2396181245.7599998,16236788033.149998,45446629152.13,29209841118.98,269994327.28,1538.27,1323.41,505.81,741.45,2779.68,2749.78,0.0,9.11,,,Y,,,,电力设备,电池,蓄电池及其他电池,27.83,27.91,28.01
sh688819,天能股份,2024-12-20,27.95,28.01,27.65,27.66,27.98,2632647.0,73223736.0,26888286000.0,26888286000.0,2057116049.1000004,2396181245.7599998,16236788033.149998,45446629152.13,29209841118.98,269994327.28,2695.1,1634.32,1456.44,827.16,3170.83,4170.35,0.0,690.54,,,Y,,,,电力设备,电池,蓄电池及其他电池,27.9,27.83,27.89
sh688819,天能股份,2024-12-23,27.73,28.08,27.56,27.66,27.66,2791570.0,77765155.0,26888286000.0,26888286000.0,2057116049.1000004,2396181245.7599998,16236788033.149998,45446629152.13,29209841118.98,269994327.28,2200.1,2260.77,1569.75,1428.43,3983.17,4087.31,23.48,0.0,,,Y,,,,电力设备,电池,蓄电池及其他电池,27.77,27.92,27.99
sh688819,天能股份,2024-12-24,27.73,28.42,27.63,28.41,27.66,3289245.0,92604566.0,27617361000.0,27617361000.0,2057116049.1000004,2396181245.7599998,16236788033.149998,45446629152.13,29209841118.98,269994327.28,2277.01,3042.1,1405.73,1395.51,5435.92,4709.46,141.8,113.38,,,Y,,,,电力设备,电池,蓄电池及其他电池,27.95,28.03,28.03
sh688819,天能股份,2024-12-25,28.39,28.5,27.56,27.63,28.41,3092476.0,85956712.0,26859123000.0,26859123000.0,2057116049.1000004,2396181245.7599998,16236788033.149998,45446629152.13,29209841118.98,269994327.28,2790.96,1989.05,1294.16,993.54,4174.39,5490.36,336.17,122.72,,,Y,,,,电力设备,电池,蓄电池及其他电池,28.03,28.07,27.92
sh688819,天能股份,2024-12-26,27.72,28.44,27.67,28.33,27.63,3056046.0,86264352.0,27539593000.0,27539593000.0,2057116049.1000004,2396181245.7599998,16236788033.149998,45446629152.13,29209841118.98,269994327.28,2875.74,2936.05,1165.69,1430.2,4450.49,4167.75,134.52,92.44,,,Y,,,,电力设备,电池,蓄电池及其他电池,27.83,28.04,28.13
sh688819,天能股份,2024-12-27,28.35,28.39,27.87,28.0,28.33,2676247.0,75109185.0,27218800000.0,27218800000.0,2057116049.1000004,2396181245.7599998,16236788033.149998,45446629152.13,29209841118.98,269994327.28,2856.78,2111.39,932.05,433.12,3471.13,4840.79,250.97,125.62,,,Y,,,,电力设备,电池,蓄电池及其他电池,28.05,27.92,27.93
sh688819,天能股份,2024-12-30,27.97,28.27,27.66,27.85,28.0,1944343.0,54283663.0,27072985000.0,27072985000.0,2057116049.1000004,2396181245.7599998,16236788033.149998,45446629152.13,29209841118.98,269994327.28,1714.44,1799.87,524.26,906.53,2970.32,2721.96,219.34,0.0,,,Y,,,,电力设备,电池,蓄电池及其他电池,28.06,28.03,28.1
sh688819,天能股份,2024-12-31,27.75,27.95,27.12,27.22,27.85,2023063.0,55555364.0,26460562000.0,26460562000.0,2057116049.1000004,2396181245.7599998,16236788033.149998,45446629152.13,29209841118.98,269994327.28,1620.72,1813.66,554.46,465.81,3380.36,3139.85,0.0,136.22,,,Y,,,,电力设备,电池,蓄电池及其他电池,27.9,27.81,27.78
sh688819,天能股份,2025-01-02,27.18,27.64,26.39,26.67,27.22,3060073.0,82823709.0,25925907000.0,25925907000.0,2057116049.1000004,2396181245.7599998,16236788033.149998,45446629152.13,29209841118.98,269994327.28,2039.14,2449.52,793.11,1061.79,5267.48,4690.1,182.63,80.97,,,Y,,,,电力设备,电池,蓄电池及其他电池,27.1,27.19,27.2
sh688819,天能股份,2025-01-03,26.58,27.18,26.31,26.49,26.67,2545296.0,68015023.0,25750929000.0,25750929000.0,2057116049.1000004,2396181245.7599998,16236788033.149998,45446629152.13,29209841118.98,269994327.28,1950.1,2069.68,721.4,1158.35,3918.69,3165.88,211.32,407.59,,,Y,,,,电力设备,电池,蓄电池及其他电池,26.65,26.96,26.9
sh688819,天能股份,2025-01-06,26.49,26.81,26.17,26.5,26.49,1912178.0,50621699.0,25760650000.0,25760650000.0,2057116049.1000004,2396181245.7599998,16236788033.149998,45446629152.13,29209841118.98,269994327.28,1397.26,1447.97,356.94,575.75,3201.43,2918.07,106.54,120.38,,,Y,,,,电力设备,电池,蓄电池及其他电池,26.46,26.46,26.49
sh688819,天能股份,2025-01-07,26.48,26.78,26.18,26.32,26.5,1878161.0,49504649.0,25585672000.0,25585672000.0,2057116049.1000004,2396181245.7599998,16236788033.149998,45446629152.13,29209841118.98,269994327.28,1912.66,1335.74,683.9,768.74,2353.91,2845.96,0.0,0.03,,,Y,,,,电力设备,电池,蓄电池及其他电池,26.6,26.74,26.56
sh688819,天能股份,2025-01-08,26.34,26.42,25.45,26.18,26.32,2514121.0,65346053.0,25449578000.0,25449578000.0,2057116049.1000004,2396181245.7599998,16236788033.149998,45446629152.13,29209841118.98,269994327.28,2420.64,2354.01,632.7,1041.56,3327.54,3032.2,153.72,106.84,,,Y,,,,电力设备,电池,蓄电池及其他电池,26.18,26.13,25.99
sh688819,天能股份,2025-01-09,26.29,26.29,25.95,26.08,26.18,1740554.0,45431980.0,25352368000.0,25352368000.0,2057116049.1000004,2396181245.7599998,16236788033.149998,45446629152.13,29209841118.98,269994327.28,1331.64,1181.38,756.54,749.38,1939.25,2409.66,515.77,202.77,,,Y,,,,电力设备,电池,蓄电池及其他电池,26.16,26.2,26.05
sh688819,天能股份,2025-01-10,26.0,26.21,25.48,25.48,26.08,1683861.0,43409075.0,24769108000.0,24769108000.0,2057116049.1000004,2396181245.7599998,16236788033.149998,45446629152.13,29209841118.98,269994327.28,1307.22,1523.22,632.95,569.21,2367.22,2248.47,33.52,0.0,,,Y,,,,电力设备,电池,蓄电池及其他电池,25.98,25.9,25.89
sh688819,天能股份,2025-01-13,25.6,26.12,25.38,25.85,25.48,2163355.0,55899347.0,25128785000.0,25128785000.0,2057116049.1000004,2396181245.7599998,16236788033.149998,45446629152.13,29209841118.98,269994327.28,1360.9,2007.45,490.03,401.03,3254.98,3053.91,484.03,127.54,,,Y,,,,电力设备,电池,蓄电池及其他电池,25.46,25.74,25.98
sh688819,天能股份,2025-01-14,25.99,26.45,25.81,26.35,25.85,3142347.0,82320718.0,25614835000.0,25614835000.0,2057116049.1000004,2396181245.7599998,16236788033.149998,45446629152.13,29209841118.98,269994327.28,3004.1,2254.22,1336.48,1038.18,3759.94,4679.54,131.55,260.13,,,Y,,,,电力设备,电池,蓄电池及其他电池,25.85,26.0,25.99
sh688819,天能股份,2025-01-15,26.26,26.29,25.87,26.0,26.35,1997719.0,51883622.0,25274600000.0,25274600000.0,2057116049.1000004,2396181245.7599998,16236788033.149998,45446629152.13,29209841118.98,269994327.28,1941.54,1551.84,601.17,489.53,2620.54,3043.13,25.11,103.86,,,Y,,,,电力设备,电池,蓄电池及其他电池,26.14,25.89,25.96
sh688819,天能股份,2025-01-16,25.89,26.43,25.86,26.16,26.0,2598867.0,67996153.0,25430136000.0,25430136000.0,2057116049.1000004,2396181245.7599998,16236788033.149998,45446629152.13,29209841118.98,269994327.28,1865.29,2282.88,1276.8,1718.45,3474.49,2798.28,183.04,0.0,,,Y,,,,电力设备,电池,蓄电池及其他电池,26.27,26.34,26.26
sh688819,天能股份,2025-01-17,26.05,26.56,26.05,26.39,26.16,2350750.0,62022491.0,25653719000.0,25653719000.0,2057116049.1000004,2396181245.7599998,16236788033.149998,45446629152.13,29209841118.98,269994327.28,2141.61,2048.67,811.01,1253.75,2975.39,2643.2,274.24,256.62,,,Y,,,,电力设备,电池,蓄电池及其他电池,26.28,26.24,26.31
sh688819,天能股份,2025-01-20,26.48,26.98,26.48,26.64,26.39,1593157.0,42554335.0,25896744000.0,25896744000.0,2057116049.1000004,2396181245.7599998,16236788033.149998,45446629152.13,29209841118.98,269994327.28,1352.83,1370.16,435.79,569.87,2466.81,2315.4,0.0,0.0,,,Y,,,,电力设备,电池,蓄电池及其他电池,26.76,26.67,26.85
sh688819,天能股份,2025-01-21,26.94,26.94,26.24,26.48,26.64,1541977.0,40770677.0,25741208000.0,25741208000.0,2057116049.1000004,2396181245.7599998,16236788033.149998,45446629152.13,29209841118.98,269994327.28,1288.7,893.97,443.6,995.08,2344.77,2188.03,0.0,0.0,,,Y,,,,电力设备,电池,蓄电池及其他电池,26.52,26.42,26.31
sh688819,天能股份,2025-01-22,26.36,26.55,26.01,26.42,26.48,1772591.0,46565897.0,25682882000.0,25682882000.0,2057116049.1000004,2396181245.7599998,16236788033.149998,45446629152.13,29209841118.98,269994327.28,1341.45,1305.98,530.53,626.25,2411.96,2724.37,372.65,0.0,,,Y,,,,电力设备,电池,蓄电池及其他电池,26.47,26.26,26.19
sh688819,天能股份,2025-01-23,26.62,26.91,26.48,26.54,26.42,1692095.0,45190887.0,25799534000.0,25799534000.0,2057116049.1000004,2396181245.7599998,16236788033.149998,45446629152.13,29209841118.98,269994327.28,1395.36,1691.76,402.2,339.41,2721.53,2252.95,0.0,234.96,,,Y,,,,电力设备,电池,蓄电池及其他电池,26.68,26.85,26.79
sh688819,天能股份,2025-01-24,26.47,26.85,26.41,26.77,26.54,1584772.0,42321514.0,26023117000.0,26023117000.0,2057116049.1000004,2396181245.7599998,16236788033.149998,45446629152.13,29209841118.98,269994327.28,1287.89,1457.92,347.99,528.26,2524.28,2245.97,71.98,0.0,,,Y,,,,电力设备,电池,蓄电池及其他电池,26.66,26.57,26.55
sh688819,天能股份,2025-01-27,26.9,26.98,26.5,26.5,26.77,2021707.0,54005688.0,25760650000.0,25760650000.0,2057116049.1000004,2396181245.7599998,16236788033.149998,45446629152.13,29209841118.98,269994327.28,1149.32,1643.02,1372.22,945.18,2639.62,2586.06,239.4,226.31,,,Y,,,,电力设备,电池,蓄电池及其他电池,26.91,26.89,26.81
sh688819,天能股份,2025-02-05,26.61,26.69,25.82,25.9,26.5,2863019.0,74576862.0,25177390000.0,25177390000.0,2057116049.1000004,2396181245.7599998,16236788033.149998,45446629152.13,29209841118.98,269994327.28,2298.95,1482.18,1235.01,470.09,3869.65,5445.46,0.0,5.89,,,Y,,,,电力设备,电池,蓄电池及其他电池,26.2,26.23,26.17
sh688819,天能股份,2025-02-06,25.8,26.5,25.8,26.49,25.9,2745227.0,72070789.0,25750929000.0,25750929000.0,2057116049.1000004,2396181245.7599998,16236788033.149998,45446629152.13,29209841118.98,269994327.28,2673.01,2568.98,452.47,1308.96,4081.6,3329.14,0.0,0.0,,,Y,,,,电力设备,电池,蓄电池及其他电池,26.02,25.93,25.91
sh688819,天能股份,2025-02-07,26.36,27.07,26.36,26.9,26.49,3061888.0,82096358.0,26149490000.0,26149490000.0,2057116049.1000004,2396181245.7599998,16236788033.149998,45446629152.13,29209841118.98,269994327.28,2654.44,3093.37,1343.05,944.35,4144.97,4036.35,67.17,135.57,,,Y,,,,电力设备,电池,蓄电池及其他电池,26.54,26.57,26.82
sh688819,天能股份,2025-02-10,26.88,26.97,26.48,26.75,26.9,2498569.0,66603958.0,26003675000.0,26003675000.0,2057116049.1000004,2396181245.7599998,16236788033.149998,45446629152.13,29209841118.98,269994327.28,2085.4,2010.0,1240.82,1007.64,3087.57,3642.76,246.61,0.0,,,Y,,,,电力设备,电池,蓄电池及其他电池,26.75,26.59,26.53
sh688819,天能股份,2025-02-11,26.62,26.78,26.32,26.52,26.75,1931825.0,51091510.0,25780092000.0,25780092000.0,2057116049.1000004,2396181245.7599998,16236788033.149998,45446629152.13,29209841118.98,269994327.28,1646.02,1577.35,805.03,559.31,2658.1,2972.48,0.0,0.0,,,Y,,,,电力设备,电池,蓄电池及其他电池,26.51,26.49,26.4
sh688819,天能股份,2025-02-12,26.34,26.74,26.28,26.7,26.52,2403011.0,63665544.0,25955070000.0,25955070000.0,2057116049.1000004,2396181245.7599998,16236788033.149998,45446629152.13,29209841118.98,269994327.28,2219.01,2038.54,1099.13,1072.12,2872.83,3254.31,175.58,1.59,,,Y,,,,电力设备,电池,蓄电池及其他电池,26.55,26.4,26.42
sh688819,天能股份,2025-02-13,26.63,27.22,26.62,26.78,26.7,3198600.0,86213193.0,26032838000.0,26032838000.0,2057116049.1000004,2396181245.7599998,16236788033.149998,45446629152.13,29209841118.98,269994327.28,3096.33,3026.95,1539.16,1096.17,3922.86,4363.53,62.97,134.67,,,Y,,,,电力设备,电池,蓄电池及其他电池,26.86,26.73,26.9
sh688819,天能股份,2025-02-14,26.79,27.38,26.76,27.22,26.78,3455297.0,93927361.0,26460562000.0,26460562000.0,2057116049.1000004,2396181245.7599998,16236788033.149998,45446629152.13,29209841118.98,269994327.28,3472.55,3484.94,1378.6,1386.86,4406.31,4256.92,135.28,264.01,,,Y,,,,电力设备,电池,蓄电池及其他电池,27.17,27.26,27.25
sh688819,天能股份,2025-02-17,27.04,27.15,26.75,26.96,27.22,3108127.0,83775600.0,26207816000.0,26207816000.0,2057116049.1000004,2396181245.7599998,16236788033.149998,45446629152.13,29209841118.98,269994327.28,3021.67,2413.94,2070.1,1461.49,3285.79,4502.13,0.0,0.0,,,Y,,,,电力设备,电池,蓄电池及其他电池,26.98,27.0,27.04
sh688819,天能股份,2025-02-18,27.15,29.68,27.02,28.78,26.96,12103431.0,346099935.0,27977038000.0,27977038000.0,2057116049.1000004,2396181245.7599998,16236788033.149998,45446629152.13,29209841118.98,269994327.28,11707.91,12842.41,9342.9,6818.91,12361.44,13760.15,1197.76,1188.52,,,Y,,,,电力设备,电池,蓄电池及其他电池,27.07,27.31,27.66
sh688819,天能股份,2025-02-19,28.78,28.78,28.02,28.64,28.78,7357402.0,208874265.0,27840944000.0,27840944000.0,2057116049.1000004,2396181245.7599998,16236788033.149998,45446629152.13,29209841118.98,269994327.28,7514.34,6490.61,5551.98,4161.26,6648.54,9479.14,1172.56,756.42,,,Y,,,,电力设备,电池,蓄电池及其他电池,28.17,28.36,28.27
sh688819,天能股份,2025-02-20,28.44,28.62,28.1,28.45,28.64,4471493.0,126677375.0,27656245000.0,27656245000.0,2057116049.1000004,2396181245.7599998,16236788033.149998,45446629152.13,29209841118.98,269994327.28,4806.96,4262.33,2752.01,2317.62,4699.04,5983.89,409.72,103.89,,,Y,,,,电力设备,电池,蓄电池及其他电池,28.23,28.3,28.46
sh688819,天能股份,2025-02-21,28.6,30.33,28.55,29.91,28.45,11931345.0,354767849.0,29075511000.0,29075511000.0,2057116049.1000004,2396181245.7599998,16236788033.149998,45446629152.13,29209841118.98,269994327.28,13065.36,13274.3,8407.58,7100.32,11839.85,12577.7,2164.0,2524.46,,,Y,,,,电力设备,电池,蓄电池及其他电池,28.9,29.75,29.74
sh688819,天能股份,2025-02-24,30.45,30.47,29.2,29.54,29.91,6837726.0,202192803.0,28715834000.0,28715834000.0,2057116049.1000004,2396181245.7599998,16236788033.149998,45446629152.13,29209841118.98,269994327.28,7776.7,6867.66,4584.9,4202.64,7127.13,8607.9,730.54,541.08,,,Y,,,,电力设备,电池,蓄电池及其他电池,29.41,29.58,29.6
sh688819,天能股份,2025-02-25,29.28,29.71,29.01,29.27,29.54,4476728.0,131520141.0,28453367000.0,28453367000.0,2057116049.1000004,2396181245.7599998,16236788033.149998,45446629152.13,29209841118.98,269994327.28,4661.63,5280.05,2524.27,2977.5,5786.56,4775.38,179.56,119.09,,,Y,,,,电力设备,电池,蓄电池及其他电池,29.14,29.37,29.33
sh688819,天能股份,2025-02-26,29.4,29.91,29.28,29.42,29.27,5148795.0,152140372.0,28599182000.0,28599182000.0,2057116049.1000004,2396181245.7599998,16236788033.149998,45446629152.13,29209841118.98,269994327.28,5883.46,5802.87,2998.76,3125.85,6132.43,5694.94,199.39,590.39,,,Y,,,,电力设备,电池,蓄电池及其他电池,29.68,29.51,29.67
sh688819,天能股份,2025-02-27,29.5,30.25,29.3,30.1,29.42,8189122.0,245323569.0,29260210000.0,29260210000.0,2057116049.1000004,2396181245.7599998,16236788033.149998,45446629152.13,29209841118.98,269994327.28,8104.81,9776.16,4420.45,5282.02,9161.57,8842.87,2845.53,631.31,,,Y,,,,电力设备,电池,蓄电池及其他电池,29.56,29.64,29.74
sh688819,天能股份,2025-02-28,29.61,29.61,28.5,28.62,30.1,6435662.0,185970404.0,27821502000.0,27821502000.0,2057116049.1000004,2396181245.7599998,16236788033.149998,45446629152.13,29209841118.98,269994327.28,6303.84,6595.79,4022.12,5184.9,8089.02,6161.38,182.07,654.97,,,Y,,,,电力设备,电池,蓄电池及其他电池,28.66,29.08,28.88
sh688819,天能股份,2025-03-03,28.99,31.3,28.94,30.28,28.62,10339690.0,313702026.0,29435188000.0,29435188000.0,2057116049.1000004,2396181245.7599998,16236788033.149998,45446629152.13,29209841118.98,269994327.28,10324.6,12117.73,6873.6,8037.19,13589.98,10945.14,582.02,270.14,,,Y,,,,电力设备,电池,蓄电池及其他电池,29.39,30.23,30.5
sh688819,天能股份,2025-03-04,29.74,30.09,29.63,29.9,30.28,4496257.0,134088647.0,29065790000.0,29065790000.0,2057116049.1000004,2396181245.7599998,16236788033.149998,45446629152.13,29209841118.98,269994327.28,5238.05,4110.64,2072.14,2424.43,6031.36,6805.24,67.32,68.56,,,Y,,,,电力设备,电池,蓄电池及其他电池,29.96,29.96,29.77
sh688819,天能股份,2025-03-05,29.99,30.9,29.49,30.42,29.9,6386391.0,193150609.0,29571282000.0,29571282000.0,2057116049.1000004,2396181245.7599998,16236788033.149998,45446629152.13,29209841118.98,269994327.28,6666.74,6415.41,5776.71,4416.06,6250.67,7879.24,620.94,604.35,,,Y,,,,电力设备,电池,蓄电池及其他电池,29.65,29.56,29.51
sh688819,天能股份,2025-03-06,30.48,30.78,30.02,30.56,30.42,5610500.0,171075264.0,29707376000.0,29707376000.0,2057116049.1000004,2396181245.7599998,16236788033.149998,45446629152.13,29209841118.98,269994327.28,6244.7,4853.43,4598.87,3993.43,5956.99,8057.67,306.97,202.99,,,Y,,,,电力设备,电池,蓄电池及其他电池,30.03,30.38,30.42
sh688819,天能股份,2025-03-07,30.42,30.56,29.52,29.76,30.56,4570859.0,136783089.0,28929696000.0,28929696000.0,2057116049.1000004,2396181245.7599998,16236788033.149998,45446629152.13,29209841118.98,269994327.28,5011.14,4446.17,2466.97,3404.3,5780.2,5047.49,420.0,780.36,,,Y,,,,电力设备,电池,蓄电池及其他电池,30.12,30.08,29.9
sh688819,天能股份,2025-03-10,29.95,30.04,29.26,29.47,29.76,4024855.0,118872202.0,28647787000.0,28647787000.0,2057116049.1000004,2396181245.7599998,16236788033.149998,45446629152.13,29209841118.98,269994327.28,3681.8,3072.02,1953.14,3370.57,5983.59,4999.23,268.69,445.4,,,Y,,,,电力设备,电池,蓄电池及其他电池,29.81,29.7,29.68
sh688819,天能股份,2025-03-11,29.04,29.46,29.0,29.29,29.47,2901829.0,84823879.0,28472809000.0,28472809000.0,2057116049.1000004,2396181245.7599998,16236788033.149998,45446629152.13,29209841118.98,269994327.28,2731.89,2420.35,1518.43,1645.85,3934.37,4068.46,297.7,347.73,,,Y,,,,电力设备,电池,蓄电池及其他电池,29.26,29.27,29.33
sh688819,天能股份,2025-03-12,29.45,29.56,28.88,28.95,29.29,4299430.0,124973532.0,28142295000.0,28142295000.0,2057116049.1000004,2396181245.7599998,16236788033.149998,45446629152.13,29209841118.98,269994327.28,4701.28,4209.47,2781.18,2089.62,4814.95,5975.43,199.95,222.83,,,Y,,,,电力设备,电池,蓄电池及其他电池,29.15,29.26,29.18
sh688819,天能股份,2025-03-13,28.95,29.28,28.63,28.9,28.95,2852468.0,82511993.0,28093690000.0,28093690000.0,2057116049.1000004,2396181245.7599998,16236788033.149998,45446629152.13,29209841118.98,269994327.28,2459.47,3266.15,1717.13,1600.92,3958.64,3384.13,115.96,0.0,,,Y,,,,电力设备,电池,蓄电池及其他电池,29.15,29.13,29.17
sh688819,天能股份,2025-03-14,28.9,29.3,28.71,29.2,28.9,3060114.0,89074666.0,28385320000.0,28385320000.0,2057116049.1000004,2396181245.7599998,16236788033.149998,45446629152.13,29209841118.98,269994327.28,3032.12,3346.12,1750.68,1686.45,4121.2,3413.81,3.46,461.09,,,Y,,,,电力设备,电池,蓄电池及其他电池,28.96,28.74,28.85
sh688819,天能股份,2025-03-17,29.31,29.62,29.15,29.44,29.2,2552144.0,75117886.0,28618624000.0,28618624000.0,2057116049.1000004,2396181245.7599998,16236788033.149998,45446629152.13,29209841118.98,269994327.28,2681.45,2765.76,1029.75,923.69,3180.74,3352.93,619.85,469.41,,,Y,,,,电力设备,电池,蓄电池及其他电池,29.41,29.36,29.43
sh688819,天能股份,2025-03-18,29.56,31.18,29.34,30.75,29.44,7471511.0,228090500.0,29892075000.0,29892075000.0,2057116049.1000004,2396181245.7599998,16236788033.149998,45446629152.13,29209841118.98,269994327.28,7979.05,9319.88,6029.66,4121.8,8289.47,8577.89,510.87,789.48,,,Y,,,,电力设备,电池,蓄电池及其他电池,29.53,30.25,30.26
sh688819,天能股份,2025-03-19,30.5,30.62,30.17,30.36,30.75,3909613.0,118654954.0,29512956000.0,29512956000.0,2057116049.1000004,2396181245.7599998,16236788033.149998,45446629152.13,29209841118.98,269994327.28,3780.02,3729.15,2882.98,3348.65,4118.88,4142.28,1083.62,645.42,,,Y,,,,电力设备,电池,蓄电池及其他电池,30.46,30.29,30.26
sh688819,天能股份,2025-03-20,30.23,30.73,30.01,30.13,30.36,2969201.0,90198274.0,29289373000.0,29289373000.0,2057116049.1000004,2396181245.7599998,16236788033.149998,45446629152.13,29209841118.98,269994327.28,3215.34,2966.0,1879.45,2254.01,3925.04,3675.41,0.0,124.4,,,Y,,,,电力设备,电池,蓄电池及其他电池,30.3,30.53,30.45
sh688819,天能股份,2025-03-21,30.03,30.28,29.4,29.46,30.13,2937932.0,87489529.0,28638066000.0,28638066000.0,2057116049.1000004,2396181245.7599998,16236788033.149998,45446629152.13,29209841118.98,269994327.28,2791.25,2953.38,1247.49,1973.63,4709.61,3675.32,0.6,146.61,,,Y,,,,电力设备,电池,蓄电池及其他电池,29.97,30.13,30.06
sh688819,天能股份,2025-03-24,29.41,29.54,28.7,29.15,29.46,2936008.0,85346912.0,28336715000.0,28336715000.0,2057116049.1000004,2396181245.7599998,16236788033.149998,45446629152.13,29209841118.98,269994327.28,2648.15,2646.95,1157.56,1927.45,4728.98,3785.81,0.0,174.47,,,Y,,,,电力设备,电池,蓄电池及其他电池,29.33,29.24,29.17
sh688819,天能股份,2025-03-25,29.18,29.48,28.92,29.13,29.15,1580039.0,46131054.0,28317273000.0,28317273000.0,2057116049.1000004,2396181245.7599998,16236788033.149998,45446629152.13,29209841118.98,269994327.28,1343.25,1469.93,631.67,840.9,2398.47,2255.44,239.72,46.84,,,Y,,,,电力设备,电池,蓄电池及其他电池,29.28,29.34,29.45
