本数据策略分享会专用，由邢不行整理，微信：xbx6660
股票代码,股票名称,交易日期,开盘价,最高价,最低价,收盘价,前收盘价,成交量,成交额,流通市值,总市值,净利润TTM,现金流TTM,净资产,总资产,总负债,净利润(当季),中户资金买入额,中户资金卖出额,大户资金买入额,大户资金卖出额,散户资金买入额,散户资金卖出额,机构资金买入额,机构资金卖出额,沪深300成分股,上证50成分股,中证500成分股,中证1000成分股,中证2000成分股,创业板指成分股,新版申万一级行业名称,新版申万二级行业名称,新版申万三级行业名称,09:35收盘价,09:45收盘价,09:55收盘价
sz300214,N日科,2011-05-11,21.71,21.9,20.81,20.9,22.0,7525909.0,158501849.5,585200000.0,2821500000.0,,,292261813.75,574746085.39,282484271.64,20281310.74,4927.12,533.52,2531.04,419.91,7654.18,14305.13,516.0,369.77,,,,,,,基础化工,塑料,其他塑料制品,21.12,21.13,20.97
sz300214,日科化学,2011-05-12,20.51,21.52,20.51,21.0,20.9,3821826.0,80605230.0,588000000.0,2835000000.0,,,292261813.75,574746085.39,282484271.64,20281310.74,3192.75,2653.26,1435.4,879.29,2900.44,4034.87,358.28,319.46,,,,,,,基础化工,塑料,其他塑料制品,20.73,21.06,21.46
sz300214,日科化学,2011-05-13,21.15,21.49,20.87,21.45,21.0,2922720.0,62122693.7,600600000.0,2895750000.0,,,292261813.75,574746085.39,282484271.64,20281310.74,2860.21,2160.87,1368.66,635.68,1827.96,3131.98,101.6,229.9,,,,,,,基础化工,塑料,其他塑料制品,21.08,21.08,20.91
sz300214,日科化学,2011-05-16,21.45,22.05,21.21,21.69,21.45,3327549.0,72307728.9,607320000.0,2928150000.0,,,292261813.75,574746085.39,282484271.64,20281310.74,3027.99,2472.52,1564.72,1048.05,2363.68,3546.0,110.2,,,,,,,,基础化工,塑料,其他塑料制品,21.6,21.49,21.35
sz300214,日科化学,2011-05-17,21.41,21.69,21.0,21.34,21.69,2168192.0,46261623.9,597520000.0,2880900000.0,,,292261813.75,574746085.39,282484271.64,20281310.74,2150.03,1821.05,428.91,827.07,1874.57,1654.57,138.94,289.76,,,,,,,基础化工,塑料,其他塑料制品,21.41,21.5,21.53
sz300214,日科化学,2011-05-18,21.28,21.48,20.93,21.15,21.34,1428842.0,30172041.7,592200000.0,2855250000.0,,,292261813.75,574746085.39,282484271.64,20281310.74,1323.24,1156.93,251.83,501.65,1428.18,1239.61,0.0,105.06,,,,,,,基础化工,塑料,其他塑料制品,21.15,21.18,21.32
sz300214,日科化学,2011-05-19,21.21,21.5,21.05,21.09,21.15,880659.0,18691035.6,590520000.0,2847150000.0,,,292261813.75,574746085.39,282484271.64,20281310.74,801.86,803.78,141.75,156.19,916.01,899.65,0.0,,,,,,,,基础化工,塑料,其他塑料制品,21.24,21.39,21.42
sz300214,日科化学,2011-05-20,21.1,21.12,20.8,21.08,21.09,1395024.0,29186890.9,590240000.0,2845800000.0,,,292261813.75,574746085.39,282484271.64,20281310.74,1493.06,1167.55,245.68,649.91,1082.14,1003.41,0.0,,,,,,,,基础化工,塑料,其他塑料制品,21.06,20.96,20.96
sz300214,日科化学,2011-05-23,21.0,21.44,20.87,21.01,21.08,1572709.0,33256841.4,588280000.0,2836350000.0,,,292261813.75,574746085.39,282484271.64,20281310.74,1372.35,1029.35,867.1,552.05,995.6,1656.41,2.76,,,,,,,,基础化工,塑料,其他塑料制品,20.99,20.98,21.08
sz300214,日科化学,2011-05-24,20.91,21.05,20.13,20.73,21.01,1659549.0,34079696.1,580440000.0,2798550000.0,,,292261813.75,574746085.39,282484271.64,20281310.74,1575.35,1473.72,329.66,432.03,1469.38,1460.12,0.0,8.51,,,,,,,基础化工,塑料,其他塑料制品,20.9,20.82,20.32
sz300214,日科化学,2011-05-25,20.77,20.88,19.41,19.65,20.73,1666699.0,33623070.4,550200000.0,2652750000.0,,,292261813.75,574746085.39,282484271.64,20281310.74,861.4,1310.37,505.61,902.99,1937.92,1091.57,0.0,,,,,,,,基础化工,塑料,其他塑料制品,20.68,20.84,20.71
sz300214,日科化学,2011-05-26,19.69,19.92,19.55,19.62,19.65,959878.0,18933989.7,549360000.0,2648700000.0,,,292261813.75,574746085.39,282484271.64,20281310.74,1198.89,803.03,115.65,294.62,561.79,778.68,0.0,,,,,,,,基础化工,塑料,其他塑料制品,19.69,19.72,19.88
sz300214,日科化学,2011-05-27,19.49,19.66,19.11,19.35,19.62,678431.0,13127110.0,541800000.0,2612250000.0,,,292261813.75,574746085.39,282484271.64,20281310.74,616.46,397.78,71.56,166.45,616.76,740.54,0.0,,,,,,,,基础化工,塑料,其他塑料制品,19.52,19.5,19.48
sz300214,日科化学,2011-05-30,19.19,19.64,19.19,19.37,19.35,387884.0,7555091.2,542360000.0,2614950000.0,,,292261813.75,574746085.39,282484271.64,20281310.74,337.85,236.87,2.88,,409.55,513.41,0.0,,,,,,,,基础化工,塑料,其他塑料制品,19.23,19.47,19.5
sz300214,日科化学,2011-05-31,19.52,19.59,19.18,19.48,19.37,398555.0,7720408.7,545440000.0,2629800000.0,,,292261813.75,574746085.39,282484271.64,20281310.74,329.92,297.3,0.0,21.45,433.63,444.8,0.0,,,,,,,,基础化工,塑料,其他塑料制品,19.52,19.42,19.4
sz300214,日科化学,2011-06-01,19.42,19.68,19.36,19.6,19.48,426067.0,8313389.8,548800000.0,2646000000.0,,,292261813.75,574746085.39,282484271.64,20281310.74,305.89,351.77,80.93,57.19,430.8,408.66,0.0,,,,,,,,基础化工,塑料,其他塑料制品,19.36,19.46,19.5
sz300214,日科化学,2011-06-02,19.41,19.42,18.9,19.29,19.6,586203.0,11243587.6,540120000.0,2604150000.0,,,292261813.75,574746085.39,282484271.64,20281310.74,425.3,474.82,63.41,105.18,606.91,515.61,0.0,,,,,,,,基础化工,塑料,其他塑料制品,19.4,19.31,19.35
sz300214,日科化学,2011-06-03,19.17,19.56,19.06,19.5,19.29,376960.0,7299840.1,546000000.0,2632500000.0,,,292261813.75,574746085.39,282484271.64,20281310.74,264.99,272.34,100.44,,353.64,446.73,0.0,,,,,,,,基础化工,塑料,其他塑料制品,19.21,19.11,19.27
sz300214,日科化学,2011-06-07,19.48,19.55,19.1,19.26,19.5,306452.0,5926691.3,539280000.0,2600100000.0,,,292261813.75,574746085.39,282484271.64,20281310.74,176.6,237.79,99.2,158.74,316.29,195.56,0.0,,,,,,,,基础化工,塑料,其他塑料制品,19.4,19.47,19.48
sz300214,日科化学,2011-06-08,19.33,19.68,19.18,19.68,19.26,610273.0,11882704.3,551040000.0,2656800000.0,,,292261813.75,574746085.39,282484271.64,20281310.74,502.94,259.23,196.0,218.89,408.32,629.13,0.0,,,,,,,,基础化工,塑料,其他塑料制品,19.3,19.46,19.46
sz300214,日科化学,2011-06-09,19.68,20.15,19.3,19.3,19.68,686072.0,13545083.7,540400000.0,2605500000.0,,,292261813.75,574746085.39,282484271.64,20281310.74,485.1,511.08,193.23,124.54,623.49,666.2,0.0,,,,,,,,基础化工,塑料,其他塑料制品,19.81,19.8,19.8
sz300214,日科化学,2011-06-10,19.39,19.75,19.25,19.74,19.3,498406.0,9725997.2,552720000.0,2664900000.0,,,292261813.75,574746085.39,282484271.64,20281310.74,381.77,321.82,67.19,95.38,440.33,472.1,0.0,,,,,,,,基础化工,塑料,其他塑料制品,19.34,19.32,19.3
sz300214,日科化学,2011-06-13,19.66,19.93,19.45,19.79,19.74,299858.0,5918009.1,554120000.0,2671650000.0,,,292261813.75,574746085.39,282484271.64,20281310.74,254.04,149.46,0.0,73.35,328.26,359.49,0.0,,,,,,,,基础化工,塑料,其他塑料制品,19.61,19.6,19.58
sz300214,日科化学,2011-06-14,19.71,19.93,19.62,19.81,19.79,248070.0,4914571.1,554680000.0,2674350000.0,,,292261813.75,574746085.39,282484271.64,20281310.74,193.78,114.68,33.38,44.25,259.75,327.97,0.0,,,,,,,,基础化工,塑料,其他塑料制品,19.72,19.65,19.75
sz300214,日科化学,2011-06-15,19.72,19.86,19.45,19.55,19.81,405300.0,7982484.8,547400000.0,2639250000.0,,,292261813.75,574746085.39,282484271.64,20281310.74,191.81,309.92,77.17,53.07,514.42,420.4,0.0,,,,,,,,基础化工,塑料,其他塑料制品,19.86,19.76,19.7
sz300214,日科化学,2011-06-16,19.55,19.55,19.19,19.3,19.55,243390.0,4706019.7,540400000.0,2605500000.0,,,292261813.75,574746085.39,282484271.64,20281310.74,152.08,139.52,0.0,24.78,306.17,293.94,0.0,,,,,,,,基础化工,塑料,其他塑料制品,19.55,19.48,19.51
sz300214,日科化学,2011-06-17,19.4,19.48,19.08,19.18,19.3,164800.0,3174106.8,537040000.0,2589300000.0,,,292261813.75,574746085.39,282484271.64,20281310.74,73.7,113.23,0.0,,236.99,197.47,0.0,,,,,,,,基础化工,塑料,其他塑料制品,19.4,19.36,19.39
sz300214,日科化学,2011-06-20,19.18,19.63,19.01,19.4,19.18,327963.0,6336461.6,543200000.0,2619000000.0,,,292261813.75,574746085.39,282484271.64,20281310.74,258.67,141.05,79.56,89.21,291.15,399.11,0.0,,,,,,,,基础化工,塑料,其他塑料制品,19.18,19.03,19.18
sz300214,日科化学,2011-06-21,19.32,20.12,19.29,19.85,19.4,619101.0,12270763.8,555800000.0,2679750000.0,,,292261813.75,574746085.39,282484271.64,20281310.74,473.29,324.76,388.21,41.88,352.87,847.73,0.0,,,,,,,,基础化工,塑料,其他塑料制品,19.35,19.36,19.37
sz300214,日科化学,2011-06-22,19.85,20.12,19.76,19.91,19.85,637938.0,12735384.8,557480000.0,2687850000.0,,,292261813.75,574746085.39,282484271.64,20281310.74,512.37,418.6,406.33,224.41,348.07,623.76,0.0,,,,,,,,基础化工,塑料,其他塑料制品,19.85,20.0,19.88
sz300214,日科化学,2011-06-23,19.91,20.74,19.81,20.46,19.91,1006630.0,20542547.4,572880000.0,2762100000.0,,,292261813.75,574746085.39,282484271.64,20281310.74,904.42,520.22,690.95,372.12,435.4,1138.42,0.0,,,,,,,,基础化工,塑料,其他塑料制品,19.81,19.89,19.91
sz300214,日科化学,2011-06-24,20.4,20.78,20.39,20.55,20.46,1330177.0,27373789.5,575400000.0,2774250000.0,,,292261813.75,574746085.39,282484271.64,20281310.74,697.94,855.49,350.3,755.72,1440.82,1000.86,225.5,102.5,,,,,,,基础化工,塑料,其他塑料制品,20.42,20.49,20.56
sz300214,日科化学,2011-06-27,20.45,21.33,20.41,21.15,20.55,1594577.0,33556378.6,592200000.0,2855250000.0,,,292261813.75,574746085.39,282484271.64,20281310.74,1549.2,886.92,1216.55,508.61,556.87,1960.1,33.03,,,,,,,,基础化工,塑料,其他塑料制品,20.48,20.44,20.47
sz300214,日科化学,2011-06-28,21.45,21.98,21.15,21.72,21.15,2557962.0,55156563.2,608160000.0,2932200000.0,,,292261813.75,574746085.39,282484271.64,20281310.74,1960.18,1351.77,1844.78,1480.11,803.38,2596.68,820.22,,,,,,,,基础化工,塑料,其他塑料制品,21.16,21.2,21.4
sz300214,日科化学,2011-06-29,21.59,21.75,21.25,21.45,21.72,760874.0,16363048.0,600600000.0,2895750000.0,,,292261813.75,574746085.39,282484271.64,20281310.74,496.1,531.39,385.08,99.4,710.72,848.12,0.0,112.99,,,,,,,基础化工,塑料,其他塑料制品,21.51,21.5,21.51
sz300214,日科化学,2011-07-01,21.58,22.12,21.51,22.03,21.45,2386387.0,52307811.9,616840000.0,2974050000.0,,,292261813.75,574746085.39,282484271.64,20281310.74,1556.78,1186.87,2428.96,693.93,860.58,3289.78,324.92,0.66,,,,,,,基础化工,塑料,其他塑料制品,21.6,21.67,21.65
sz300214,日科化学,2011-07-04,22.09,22.16,21.9,22.09,22.03,2399152.0,52910263.2,618520000.0,2982150000.0,,,292261813.75,574746085.39,282484271.64,20281310.74,2212.15,1395.26,1253.81,1007.94,1527.92,2811.61,220.94,,,,,,,,基础化工,塑料,其他塑料制品,21.96,22.05,22.1
sz300214,日科化学,2011-07-05,22.0,22.55,21.91,22.49,22.09,3174071.0,70559090.9,629720000.0,3036150000.0,,,292261813.75,574746085.39,282484271.64,20281310.74,2254.03,1454.63,2542.6,1485.8,1479.28,4063.75,728.27,,,,,,,,基础化工,塑料,其他塑料制品,21.95,21.93,22.01
sz300214,日科化学,2011-07-06,22.4,22.6,21.92,22.24,22.49,1940159.0,43234696.0,622720000.0,3002400000.0,,,292261813.75,574746085.39,282484271.64,20281310.74,1559.52,1310.7,1211.7,926.17,1444.33,2086.6,107.93,,,,,,,,基础化工,塑料,其他塑料制品,22.27,22.11,22.08
sz300214,日科化学,2011-07-07,22.2,23.2,22.2,22.52,22.24,2625573.0,59838921.5,630560000.0,3040200000.0,,,292261813.75,574746085.39,282484271.64,20281310.74,2125.82,1425.49,2293.35,1059.52,1321.79,3366.31,213.2,102.84,,,,,,,基础化工,塑料,其他塑料制品,22.23,22.38,22.39
sz300214,日科化学,2011-07-08,22.58,22.84,22.41,22.76,22.52,1241732.0,28150341.2,637280000.0,3072600000.0,,,292261813.75,574746085.39,282484271.64,20281310.74,1195.56,1000.59,875.55,332.64,598.76,1304.38,111.26,143.51,,,,,,,基础化工,塑料,其他塑料制品,22.5,22.54,22.49
sz300214,日科化学,2011-07-11,22.77,23.12,22.5,22.77,22.76,1216470.0,27857406.1,637560000.0,3073950000.0,,,292261813.75,574746085.39,282484271.64,20281310.74,1338.5,1019.79,908.83,624.74,538.41,1083.08,0.0,58.14,,,,,,,基础化工,塑料,其他塑料制品,22.67,22.98,22.77
sz300214,日科化学,2011-07-12,22.7,22.7,22.16,22.24,22.77,928633.0,20751351.8,622720000.0,3002400000.0,,,292261813.75,574746085.39,282484271.64,20281310.74,1094.74,863.28,270.55,260.08,683.04,924.98,0.0,,,,,,,,基础化工,塑料,其他塑料制品,22.61,22.5,22.35
sz300214,日科化学,2011-07-13,22.21,23.0,22.05,22.83,22.24,1207152.0,27378222.0,639240000.0,3082050000.0,,,292261813.75,574746085.39,282484271.64,20281310.74,1085.22,1014.38,864.26,366.22,607.37,1338.85,162.6,,,,,,,,基础化工,塑料,其他塑料制品,22.31,22.42,22.56
sz300214,日科化学,2011-07-14,22.87,23.2,22.64,23.2,22.83,1528112.0,35095039.7,649600000.0,3132000000.0,,,292261813.75,574746085.39,282484271.64,20281310.74,1373.18,827.6,825.84,675.62,750.51,1630.11,386.2,202.41,,,,,,,基础化工,塑料,其他塑料制品,22.9,22.99,22.86
sz300214,日科化学,2011-07-15,23.16,23.8,22.28,22.32,23.2,2674907.0,60968549.5,624960000.0,3013200000.0,,,292261813.75,574746085.39,282484271.64,20281310.74,2497.63,1681.92,992.57,1839.36,2493.15,2305.37,113.5,270.21,,,,,,,基础化工,塑料,其他塑料制品,23.15,23.32,23.65
sz300214,日科化学,2011-07-18,22.45,22.65,22.1,22.3,22.32,1275474.0,28412119.6,624400000.0,3010500000.0,,,292261813.75,574746085.39,282484271.64,20281310.74,1297.91,1216.96,291.12,532.68,1222.74,1062.13,0.0,,,,,,,,基础化工,塑料,其他塑料制品,22.38,22.2,22.2
sz300214,日科化学,2011-07-19,22.0,22.59,21.79,22.46,22.3,883927.0,19724962.4,628880000.0,3032100000.0,,,292261813.75,574746085.39,282484271.64,20281310.74,906.4,875.56,203.17,141.73,742.7,943.75,108.78,,,,,,,,基础化工,塑料,其他塑料制品,22.0,22.05,22.09
sz300214,日科化学,2011-07-20,22.47,22.57,22.09,22.29,22.46,636275.0,14166509.7,624120000.0,3009150000.0,,,292261813.75,574746085.39,282484271.64,20281310.74,757.01,588.93,166.3,365.79,483.75,452.35,0.0,,,,,,,,基础化工,塑料,其他塑料制品,22.54,22.41,22.46
sz300214,日科化学,2011-07-21,22.29,22.46,22.14,22.16,22.29,593360.0,13208805.4,620480000.0,2991600000.0,,,292261813.75,574746085.39,282484271.64,20281310.74,722.11,652.67,262.69,280.06,316.14,368.21,0.0,,,,,,,,基础化工,塑料,其他塑料制品,22.16,22.17,22.2
sz300214,日科化学,2011-07-22,22.16,22.78,22.13,22.38,22.16,804419.0,18073633.3,626640000.0,3021300000.0,,,292261813.75,574746085.39,282484271.64,20281310.74,907.33,595.69,315.76,377.24,577.57,827.72,0.0,,,,,,,,基础化工,塑料,其他塑料制品,22.13,22.16,22.36
sz300214,日科化学,2011-07-25,22.3,22.41,21.44,21.82,22.38,1195390.0,26071827.9,610960000.0,2945700000.0,,,292261813.75,574746085.39,282484271.64,20281310.74,1161.61,1172.15,625.85,719.53,819.72,604.11,0.0,111.39,,,,,,,基础化工,塑料,其他塑料制品,22.1,22.03,22.1
sz300214,日科化学,2011-07-26,21.61,21.98,21.46,21.79,21.82,527618.0,11458086.2,610120000.0,2941650000.0,,,292261813.75,574746085.39,282484271.64,20281310.74,607.59,518.46,78.54,175.6,424.38,416.45,0.0,,,,,,,,基础化工,塑料,其他塑料制品,21.65,21.66,21.63
sz300214,日科化学,2011-07-27,21.67,22.78,21.62,22.5,21.79,1396821.0,31319886.2,630000000.0,3037500000.0,,,292261813.75,574746085.39,282484271.64,20281310.74,1205.03,1228.84,1015.32,590.85,641.95,1089.62,150.08,103.05,,,,,,,基础化工,塑料,其他塑料制品,21.67,21.65,21.84
sz300214,日科化学,2011-07-28,22.3,23.0,22.19,23.0,22.5,1522227.0,34625359.3,644000000.0,3105000000.0,,,292261813.75,574746085.39,282484271.64,20281310.74,1421.28,1426.78,1069.34,620.64,746.75,1189.94,0.0,,,,,,,,基础化工,塑料,其他塑料制品,22.28,22.52,22.6
sz300214,日科化学,2011-07-29,23.03,23.29,22.65,22.71,23.0,849847.0,19431321.9,635880000.0,3065850000.0,,,292261813.75,574746085.39,282484271.64,20281310.74,916.46,875.17,383.94,425.27,612.3,612.26,0.0,,,,,,,,基础化工,塑料,其他塑料制品,23.09,22.98,22.81
sz300214,日科化学,2011-08-01,22.49,23.45,22.49,23.26,22.71,1263527.0,29327124.5,651280000.0,3140100000.0,,,292261813.75,574746085.39,282484271.64,20281310.74,1436.43,994.62,681.28,590.12,737.07,1300.29,30.25,,,,,,,,基础化工,塑料,其他塑料制品,22.86,23.2,23.09
sz300214,日科化学,2011-08-02,23.19,23.22,22.15,22.55,23.26,1084238.0,24405308.5,631400000.0,3044250000.0,,,292261813.75,574746085.39,282484271.64,20281310.74,1030.27,1419.48,169.22,290.1,1200.44,690.36,0.0,,,,,,,,基础化工,塑料,其他塑料制品,23.12,22.86,22.7
sz300214,日科化学,2011-08-03,22.44,22.66,22.2,22.31,22.55,756638.0,16969949.3,624680000.0,3011850000.0,,,292261813.75,574746085.39,282484271.64,20281310.74,971.47,1012.32,134.6,181.18,572.18,484.75,0.0,,,,,,,,基础化工,塑料,其他塑料制品,22.33,22.32,22.46
sz300214,日科化学,2011-08-04,22.53,23.06,22.28,22.92,22.31,1194464.0,27167323.3,641760000.0,3094200000.0,,,292261813.75,574746085.39,282484271.64,20281310.74,1294.02,1249.03,601.84,418.98,694.59,922.43,0.0,,,,,,,,基础化工,塑料,其他塑料制品,22.67,22.8,22.92
sz300214,日科化学,2011-08-05,22.1,22.67,22.05,22.22,22.92,962740.0,21525690.8,622160000.0,2999700000.0,,,292261813.75,574746085.39,282484271.64,20281310.74,1086.92,804.8,223.65,662.2,702.03,523.17,121.86,144.28,,,,,,,基础化工,塑料,其他塑料制品,22.3,22.32,22.51
sz300214,日科化学,2011-08-08,21.83,22.15,20.8,21.99,22.22,984294.0,21188385.5,615720000.0,2968650000.0,,,292261813.75,574746085.39,282484271.64,20281310.74,825.8,1049.45,728.76,421.3,564.28,648.09,0.0,,,,,,,,基础化工,塑料,其他塑料制品,21.91,21.88,21.99
sz300214,日科化学,2011-08-09,21.2,21.88,20.9,21.45,21.99,554513.0,11854860.3,600600000.0,2895750000.0,,,292261813.75,574746085.39,282484271.64,20281310.74,518.94,504.02,110.53,310.26,545.07,360.27,0.0,,,,,,,,基础化工,塑料,其他塑料制品,21.12,21.0,20.98
sz300214,日科化学,2011-08-10,21.8,22.1,21.6,21.9,21.45,709204.0,15545761.1,613200000.0,2956500000.0,,,292261813.75,574746085.39,282484271.64,20281310.74,727.41,563.58,473.58,470.03,339.35,506.74,0.0,,,,,,,,基础化工,塑料,其他塑料制品,21.66,21.8,21.8
sz300214,日科化学,2011-08-11,21.6,21.8,20.91,21.64,21.9,3575783.0,76235238.1,757400000.0,2921400000.0,,,292261813.75,574746085.39,282484271.64,20281310.74,2761.69,2579.89,2781.4,3284.63,1636.89,1032.88,429.51,712.08,,,,,,,基础化工,塑料,其他塑料制品,21.59,21.53,21.3
sz300214,日科化学,2011-08-12,21.63,22.15,21.56,21.6,21.64,1373588.0,30023251.7,756000000.0,2916000000.0,,,292261813.75,574746085.39,282484271.64,20281310.74,1510.83,1598.19,534.22,636.88,936.91,746.89,0.0,,,,,,,,基础化工,塑料,其他塑料制品,21.86,21.91,22.09
sz300214,日科化学,2011-08-15,21.9,23.33,21.85,23.13,21.6,3214965.0,72599760.7,809550000.0,3122550000.0,,,292261813.75,574746085.39,282484271.64,20281310.74,2983.2,3096.67,1942.1,1874.6,1562.92,2071.76,665.62,110.81,,,,,,,基础化工,塑料,其他塑料制品,22.05,22.18,22.21
sz300214,日科化学,2011-08-16,23.14,23.66,22.82,23.65,23.13,2969677.0,69003221.3,827750000.0,3192750000.0,,,292261813.75,574746085.39,282484271.64,20281310.74,3027.89,3069.59,1881.3,1385.21,1407.18,2187.67,442.13,116.05,,,,,,,基础化工,塑料,其他塑料制品,23.1,22.82,23.01
sz300214,日科化学,2011-08-17,23.62,24.1,23.41,23.74,23.65,2861122.0,68089047.1,830900000.0,3204900000.0,,,292261813.75,574746085.39,282484271.64,20281310.74,3531.23,2970.72,1200.97,1667.29,1752.77,1858.74,274.31,262.54,,,,,,,基础化工,塑料,其他塑料制品,23.63,23.97,23.81
sz300214,日科化学,2011-08-18,23.46,24.38,23.22,23.6,23.74,3359387.0,80221400.2,826000000.0,3186000000.0,,,292261813.75,574746085.39,282484271.64,20281310.74,2776.14,2057.64,3487.52,3409.25,1178.07,1725.01,485.07,734.89,,,,,,,基础化工,塑料,其他塑料制品,23.57,23.88,24.05
sz300214,日科化学,2011-08-19,23.05,23.55,22.8,23.45,23.6,1822526.0,42214382.7,820750000.0,3165750000.0,,,292261813.75,574746085.39,282484271.64,20281310.74,1651.65,1234.62,1436.78,1599.09,910.65,726.06,127.65,566.96,,,,,,,基础化工,塑料,其他塑料制品,23.3,23.3,23.15
sz300214,日科化学,2011-08-22,22.98,23.4,22.54,23.09,23.45,2360355.0,54123155.2,808150000.0,3117150000.0,90576678.75999999,-46367122.28,1018268408.6899999,1138422062.61,120153653.92,29591072.669999998,2855.54,2061.9,1056.98,2005.37,1439.3,1284.55,0.0,,,,,,,,基础化工,塑料,其他塑料制品,22.95,22.7,22.88
sz300214,日科化学,2011-08-23,23.06,24.66,22.92,24.49,23.09,3686231.0,87982043.8,857150000.0,3306150000.0,90576678.75999999,-46367122.28,1018268408.6899999,1138422062.61,120153653.92,29591072.669999998,3594.51,4022.74,2815.43,1768.45,1963.73,2612.12,234.0,204.36,,,,,,,基础化工,塑料,其他塑料制品,23.09,22.99,22.96
sz300214,日科化学,2011-08-24,24.49,24.85,23.66,23.82,24.49,2622934.0,63813266.0,833700000.0,3215700000.0,90576678.75999999,-46367122.28,1018268408.6899999,1138422062.61,120153653.92,29591072.669999998,2636.49,3224.04,1462.64,1187.97,2084.46,1524.02,147.47,395.03,,,,,,,基础化工,塑料,其他塑料制品,24.58,24.4,24.81
sz300214,日科化学,2011-08-25,23.93,24.14,23.16,23.71,23.82,1907113.0,44991187.1,829850000.0,3200850000.0,90576678.75999999,-46367122.28,1018268408.6899999,1138422062.61,120153653.92,29591072.669999998,2270.33,1862.77,675.16,1015.06,1305.87,1135.29,247.76,486.0,,,,,,,基础化工,塑料,其他塑料制品,23.86,24.08,23.8
sz300214,日科化学,2011-08-26,23.62,24.38,23.5,24.38,23.71,1996290.0,47889733.8,853300000.0,3291300000.0,90576678.75999999,-46367122.28,1018268408.6899999,1138422062.61,120153653.92,29591072.669999998,2159.49,2104.02,996.28,884.25,1478.49,1522.48,0.0,123.51,,,,,,,基础化工,塑料,其他塑料制品,23.6,23.65,23.91
sz300214,日科化学,2011-08-29,24.31,25.6,24.0,25.09,24.38,4252371.0,106109098.1,878150000.0,3387150000.0,90576678.75999999,-46367122.28,1018268408.6899999,1138422062.61,120153653.92,29591072.669999998,3579.95,4150.03,4195.36,3400.57,2122.39,2785.61,669.41,230.91,,,,,,,基础化工,塑料,其他塑料制品,24.4,24.25,24.23
sz300214,日科化学,2011-08-30,24.95,25.19,24.28,24.78,25.09,2527257.0,62320010.8,867300000.0,3345300000.0,90576678.75999999,-46367122.28,1018268408.6899999,1138422062.61,120153653.92,29591072.669999998,2343.78,2594.76,2013.95,2103.04,1635.73,1256.51,102.75,141.9,,,,,,,基础化工,塑料,其他塑料制品,24.9,24.85,24.85
sz300214,日科化学,2011-08-31,24.52,24.74,23.58,24.4,24.78,1681209.0,40702435.4,854000000.0,3294000000.0,90576678.75999999,-46367122.28,1018268408.6899999,1138422062.61,120153653.92,29591072.669999998,1756.07,1670.8,1137.69,1333.14,1123.21,941.48,53.27,124.83,,,,,,,基础化工,塑料,其他塑料制品,24.54,24.7,24.5
sz300214,日科化学,2011-09-01,24.32,24.88,24.02,24.25,24.4,905755.0,22162733.6,848750000.0,3273750000.0,90576678.75999999,-46367122.28,1018268408.6899999,1138422062.61,120153653.92,29591072.669999998,1090.99,1007.66,366.47,238.72,673.7,762.87,0.0,121.9,,,,,,,基础化工,塑料,其他塑料制品,24.42,24.42,24.38
sz300214,日科化学,2011-09-02,24.25,24.26,23.52,23.61,24.25,1258546.0,29882045.1,826350000.0,3187350000.0,90576678.75999999,-46367122.28,1018268408.6899999,1138422062.61,120153653.92,29591072.669999998,1302.02,1423.2,787.66,983.27,868.78,551.99,0.0,,,,,,,,基础化工,塑料,其他塑料制品,24.2,24.2,24.0
sz300214,日科化学,2011-09-05,23.35,23.67,23.17,23.42,23.61,847331.0,19815232.1,819700000.0,3161700000.0,90576678.75999999,-46367122.28,1018268408.6899999,1138422062.61,120153653.92,29591072.669999998,862.84,833.49,463.18,479.6,539.01,551.93,116.5,116.5,,,,,,,基础化工,塑料,其他塑料制品,23.21,23.2,23.28
sz300214,日科化学,2011-09-06,23.1,23.6,23.1,23.43,23.42,950384.0,22223119.8,820050000.0,3163050000.0,90576678.75999999,-46367122.28,1018268408.6899999,1138422062.61,120153653.92,29591072.669999998,1264.57,950.19,549.76,446.2,398.1,589.75,0.0,226.29,,,,,,,基础化工,塑料,其他塑料制品,23.35,23.41,23.45
sz300214,日科化学,2011-09-07,23.5,24.18,23.2,24.06,23.43,853377.0,20189139.0,842100000.0,3248100000.0,90576678.75999999,-46367122.28,1018268408.6899999,1138422062.61,120153653.92,29591072.669999998,842.63,787.11,620.23,367.75,539.69,616.11,0.0,231.59,,,,,,,基础化工,塑料,其他塑料制品,23.55,23.51,23.46
sz300214,日科化学,2011-09-08,24.1,24.25,23.82,23.9,24.06,651961.0,15652570.9,836500000.0,3226500000.0,90576678.75999999,-46367122.28,1018268408.6899999,1138422062.61,120153653.92,29591072.669999998,764.59,765.55,329.53,253.88,424.53,499.22,0.0,,,,,,,,基础化工,塑料,其他塑料制品,24.01,24.2,24.09
sz300214,日科化学,2011-09-09,23.6,23.95,23.11,23.5,23.9,607973.0,14256509.7,822500000.0,3172500000.0,90576678.75999999,-46367122.28,1018268408.6899999,1138422062.61,120153653.92,29591072.669999998,635.35,687.52,346.48,323.62,441.47,412.16,0.0,,,,,,,,基础化工,塑料,其他塑料制品,23.8,23.8,23.67
sz300214,日科化学,2011-09-13,23.15,23.15,22.66,22.84,23.5,406405.0,9296807.3,799400000.0,3083400000.0,90576678.75999999,-46367122.28,1018268408.6899999,1138422062.61,120153653.92,29591072.669999998,441.21,359.41,105.94,322.87,371.56,236.44,0.0,,,,,,,,基础化工,塑料,其他塑料制品,23.04,22.97,22.89
sz300214,日科化学,2011-09-14,22.8,23.38,22.66,23.3,22.84,377194.0,8644881.7,815500000.0,3145500000.0,90576678.75999999,-46367122.28,1018268408.6899999,1138422062.61,120153653.92,29591072.669999998,449.3,420.3,53.76,23.26,340.45,399.96,0.0,,,,,,,,基础化工,塑料,其他塑料制品,22.95,22.78,22.81
sz300214,日科化学,2011-09-15,23.15,23.6,23.1,23.1,23.3,508292.0,11899001.0,808500000.0,3118500000.0,90576678.75999999,-46367122.28,1018268408.6899999,1138422062.61,120153653.92,29591072.669999998,302.07,509.69,20.05,110.82,857.61,559.23,0.0,,,,,,,,基础化工,塑料,其他塑料制品,23.15,23.27,23.37
sz300214,日科化学,2011-09-16,23.2,23.54,22.93,22.94,23.1,347278.0,8105773.0,802900000.0,3096900000.0,90576678.75999999,-46367122.28,1018268408.6899999,1138422062.61,120153653.92,29591072.669999998,414.09,353.39,73.27,182.89,323.22,274.3,0.0,,,,,,,,基础化工,塑料,其他塑料制品,23.4,23.33,23.26
sz300214,日科化学,2011-09-19,22.9,22.9,22.31,22.38,22.94,330101.0,7434615.7,783300000.0,3021300000.0,90576678.75999999,-46367122.28,1018268408.6899999,1138422062.61,120153653.92,29591072.669999998,389.25,288.04,56.7,213.71,272.33,216.52,0.0,,,,,,,,基础化工,塑料,其他塑料制品,22.65,22.72,22.63
sz300214,日科化学,2011-09-20,22.5,22.68,22.31,22.47,22.38,180707.0,4065223.3,786450000.0,3033450000.0,90576678.75999999,-46367122.28,1018268408.6899999,1138422062.61,120153653.92,29591072.669999998,193.36,166.0,42.91,110.15,168.61,128.73,0.0,,,,,,,,基础化工,塑料,其他塑料制品,22.31,22.41,22.41
sz300214,日科化学,2011-09-21,22.6,23.09,22.31,23.05,22.47,439181.0,10052639.8,806750000.0,3111750000.0,90576678.75999999,-46367122.28,1018268408.6899999,1138422062.61,120153653.92,29591072.669999998,526.54,495.17,64.92,171.16,406.43,331.56,0.0,0.0,,,,,,,基础化工,塑料,其他塑料制品,22.6,22.39,22.34
sz300214,日科化学,2011-09-22,22.83,22.97,22.01,22.03,23.05,609125.0,13666602.4,771050000.0,2974050000.0,90576678.75999999,-46367122.28,1018268408.6899999,1138422062.61,120153653.92,29591072.669999998,753.65,777.22,113.11,289.46,495.17,295.24,0.0,0.0,,,,,,,基础化工,塑料,其他塑料制品,22.73,22.72,22.72
sz300214,日科化学,2011-09-23,21.85,22.2,21.53,22.2,22.03,554962.0,12090284.2,777000000.0,2997000000.0,90576678.75999999,-46367122.28,1018268408.6899999,1138422062.61,120153653.92,29591072.669999998,630.7,632.69,107.15,229.83,435.88,311.2,0.0,0.0,,,,,,,基础化工,塑料,其他塑料制品,21.69,21.67,21.69
sz300214,日科化学,2011-09-26,21.83,22.27,21.83,22.0,22.2,270021.0,5950963.3,770000000.0,2970000000.0,90576678.75999999,-46367122.28,1018268408.6899999,1138422062.61,120153653.92,29591072.669999998,358.0,275.77,64.02,150.12,165.2,161.33,0.0,0.0,,,,,,,基础化工,塑料,其他塑料制品,21.83,22.01,22.18
sz300214,日科化学,2011-09-27,22.3,22.5,22.01,22.25,22.0,457439.0,10227140.4,778750000.0,3003750000.0,90576678.75999999,-46367122.28,1018268408.6899999,1138422062.61,120153653.92,29591072.669999998,387.11,371.31,480.5,438.01,155.1,213.39,0.0,0.0,,,,,,,基础化工,塑料,其他塑料制品,22.3,22.34,22.45
sz300214,日科化学,2011-09-28,22.25,22.4,21.45,22.22,22.25,461957.0,10098331.3,777700000.0,2999700000.0,90576678.75999999,-46367122.28,1018268408.6899999,1138422062.61,120153653.92,29591072.669999998,519.61,422.63,165.2,349.93,271.69,183.95,0.0,0.0,,,,,,,基础化工,塑料,其他塑料制品,22.26,22.26,22.39
sz300214,日科化学,2011-09-29,21.81,23.0,21.64,22.3,22.22,601916.0,13304342.8,780500000.0,3010500000.0,90576678.75999999,-46367122.28,1018268408.6899999,1138422062.61,120153653.92,29591072.669999998,501.74,481.35,471.88,388.9,301.51,404.66,0.0,0.22,,,,,,,基础化工,塑料,其他塑料制品,21.81,21.7,21.93
sz300214,日科化学,2011-09-30,22.15,22.6,22.0,22.5,22.3,285124.0,6378994.5,787500000.0,3037500000.0,90576678.75999999,-46367122.28,1018268408.6899999,1138422062.61,120153653.92,29591072.669999998,189.02,224.01,147.75,96.23,140.71,157.23,0.0,0.0,,,,,,,基础化工,塑料,其他塑料制品,22.3,22.48,22.3
sz300214,日科化学,2011-10-10,22.6,22.6,22.14,22.35,22.5,317899.0,7102173.2,782250000.0,3017250000.0,90576678.75999999,-46367122.28,1018268408.6899999,1138422062.61,120153653.92,29591072.669999998,162.5,368.95,86.27,0.0,147.07,139.0,112.11,0.0,,,,,,,基础化工,化学制品,其他化学制品,22.4,22.27,22.29
sz300214,日科化学,2011-10-11,22.59,22.8,20.82,21.25,22.35,601400.0,13102546.0,743750000.0,2868750000.0,90576678.75999999,-46367122.28,1018268408.6899999,1138422062.61,120153653.92,29591072.669999998,501.86,636.88,384.52,451.96,423.87,221.42,0.0,0.0,,,,,,,基础化工,化学制品,其他化学制品,22.65,22.58,22.34
sz300214,日科化学,2011-10-12,21.05,21.67,20.78,21.62,21.25,910169.0,19291470.9,756700000.0,2918700000.0,90576678.75999999,-46367122.28,1018268408.6899999,1138422062.61,120153653.92,29591072.669999998,915.83,754.35,285.76,653.69,643.87,457.3,19.87,0.0,,,,,,,基础化工,化学制品,其他化学制品,20.91,20.88,20.78
sz300214,日科化学,2011-10-13,21.63,21.79,20.8,21.15,21.62,1276730.0,27120200.4,740250000.0,2855250000.0,90576678.75999999,-46367122.28,1018268408.6899999,1138422062.61,120153653.92,29591072.669999998,1228.36,961.54,435.46,834.45,924.76,546.42,123.45,369.61,,,,,,,基础化工,化学制品,其他化学制品,21.66,21.68,21.6
sz300214,日科化学,2011-10-14,21.0,21.0,20.16,20.39,21.15,1745201.0,35544387.9,713650000.0,2752650000.0,90576678.75999999,-46367122.28,1018268408.6899999,1138422062.61,120153653.92,29591072.669999998,1522.27,1546.53,524.22,1027.98,1152.94,511.17,313.61,427.37,,,,,,,基础化工,化学制品,其他化学制品,20.95,20.7,20.5
sz300214,日科化学,2011-10-17,20.41,20.83,20.2,20.77,20.39,969971.0,19937861.2,726950000.0,2803950000.0,90576678.75999999,-46367122.28,1018268408.6899999,1138422062.61,120153653.92,29591072.669999998,968.19,808.32,462.44,475.62,540.73,688.04,0.62,0.0,,,,,,,基础化工,化学制品,其他化学制品,20.22,20.4,20.52
sz300214,日科化学,2011-10-18,20.6,20.6,19.35,19.35,20.77,1417031.0,28245253.4,677250000.0,2612250000.0,90576678.75999999,-46367122.28,1018268408.6899999,1138422062.61,120153653.92,29591072.669999998,1192.48,1315.31,405.79,938.92,1194.72,437.76,0.0,101.0,,,,,,,基础化工,化学制品,其他化学制品,20.48,20.48,20.43
sz300214,日科化学,2011-10-19,19.41,19.69,19.31,19.47,19.35,442411.0,8626531.8,681450000.0,2628450000.0,90576678.75999999,-46367122.28,1018268408.6899999,1138422062.61,120153653.92,29591072.669999998,307.72,293.65,148.58,154.74,403.23,411.14,0.0,0.0,,,,,,,基础化工,化学制品,其他化学制品,19.5,19.5,19.56
sz300214,日科化学,2011-10-20,19.47,19.47,18.56,18.65,19.47,577810.0,10916306.3,652750000.0,2517750000.0,90576678.75999999,-46367122.28,1018268408.6899999,1138422062.61,120153653.92,29591072.669999998,382.12,533.85,73.01,192.35,635.38,364.32,0.0,0.0,,,,,,,基础化工,化学制品,其他化学制品,19.4,19.2,19.14
sz300214,日科化学,2011-10-21,18.85,18.85,17.35,17.46,18.65,1120709.0,20053120.5,611100000.0,2357100000.0,90576678.75999999,-46367122.28,1018268408.6899999,1138422062.61,120153653.92,29591072.669999998,902.35,1061.79,104.9,374.34,987.94,559.06,0.0,0.0,,,,,,,基础化工,化学制品,其他化学制品,18.5,18.64,18.41
sz300214,日科化学,2011-10-24,17.45,17.8,17.01,17.67,17.46,611347.0,10657917.8,618450000.0,2385450000.0,90576678.75999999,-46367122.28,1018268408.6899999,1138422062.61,120153653.92,29591072.669999998,440.76,401.79,23.94,81.2,578.47,560.18,0.0,0.0,,,,,,,基础化工,化学制品,其他化学制品,17.5,17.35,17.46
sz300214,日科化学,2011-10-25,17.52,18.2,17.52,18.05,17.67,1115511.0,20024375.2,631750000.0,2436750000.0,90576678.75999999,-46367122.28,1018268408.6899999,1138422062.61,120153653.92,29591072.669999998,908.73,875.15,256.45,420.49,796.11,665.64,0.0,0.0,,,,,,,基础化工,化学制品,其他化学制品,17.56,17.75,17.8
sz300214,日科化学,2011-10-26,18.18,19.15,18.14,18.64,18.05,2689895.0,50436105.3,652400000.0,2516400000.0,90576678.75999999,-46367122.28,1041961803.61,1180796472.26,138834668.65,22493394.930000007,2682.71,2454.11,762.04,1112.93,1551.7,1429.42,0.0,0.0,,,,,,,基础化工,化学制品,其他化学制品,18.48,18.87,18.85
sz300214,日科化学,2011-10-27,18.7,19.08,18.5,18.6,18.64,1354871.0,25418581.0,651000000.0,2511000000.0,90576678.75999999,-46367122.28,1041961803.61,1180796472.26,138834668.65,22493394.930000007,1240.01,1354.54,420.2,374.59,881.64,812.73,0.0,0.0,,,,,,,基础化工,化学制品,其他化学制品,18.61,18.77,18.6
sz300214,日科化学,2011-10-31,19.15,19.57,18.88,19.16,18.6,3025712.0,58059023.3,670600000.0,2586600000.0,90576678.75999999,-46367122.28,1041961803.61,1180796472.26,138834668.65,22493394.930000007,2681.06,2618.15,1379.55,1557.0,1568.31,1212.88,114.52,355.4,,,,,,,基础化工,化学制品,其他化学制品,19.02,19.26,19.55
sz300214,日科化学,2011-11-01,18.98,19.3,18.84,19.25,19.16,1418940.0,27125349.1,673750000.0,2598750000.0,90576678.75999999,-46367122.28,1041961803.61,1180796472.26,138834668.65,22493394.930000007,1164.29,1054.59,347.67,720.18,1195.76,932.96,0.0,0.0,,,,,,,基础化工,化学制品,其他化学制品,18.94,19.06,19.17
sz300214,日科化学,2011-11-02,18.86,20.02,18.86,19.94,19.25,1957632.0,38224545.5,697900000.0,2691900000.0,90576678.75999999,-46367122.28,1041961803.61,1180796472.26,138834668.65,22493394.930000007,1924.89,1750.44,523.36,478.56,1374.21,1593.46,0.0,0.0,,,,,,,基础化工,化学制品,其他化学制品,19.1,19.02,19.13
sz300214,日科化学,2011-11-03,20.01,20.33,19.59,19.71,19.94,2684944.0,53775330.1,689850000.0,2660850000.0,90576678.75999999,-46367122.28,1041961803.61,1180796472.26,138834668.65,22493394.930000007,2491.43,2350.17,965.0,1597.56,1898.05,1242.58,0.0,164.16,,,,,,,基础化工,化学制品,其他化学制品,20.24,20.23,20.13
sz300214,日科化学,2011-11-04,19.74,19.98,19.53,19.66,19.71,1389167.0,27442850.5,688100000.0,2654100000.0,90576678.75999999,-46367122.28,1041961803.61,1180796472.26,138834668.65,22493394.930000007,1079.07,1154.62,479.5,787.61,1176.8,793.16,0.0,0.0,,,,,,,基础化工,化学制品,其他化学制品,19.82,19.83,19.87
sz300214,日科化学,2011-11-07,19.61,20.21,19.53,19.66,19.66,1837583.0,36353636.8,688100000.0,2654100000.0,90576678.75999999,-46367122.28,1041961803.61,1180796472.26,138834668.65,22493394.930000007,1518.81,1304.85,770.39,1438.76,1215.99,761.59,107.95,107.95,,,,,,,基础化工,化学制品,其他化学制品,19.78,19.79,19.73
sz300214,日科化学,2011-11-08,19.69,19.71,19.16,19.24,19.66,857921.0,16696365.1,673400000.0,2597400000.0,90576678.75999999,-46367122.28,1041961803.61,1180796472.26,138834668.65,22493394.930000007,595.85,834.34,104.86,203.79,968.93,631.51,0.0,0.0,,,,,,,基础化工,化学制品,其他化学制品,19.66,19.54,19.6
sz300214,日科化学,2011-11-09,19.35,19.74,18.98,19.69,19.24,1501713.0,29008138.3,689150000.0,2658150000.0,90576678.75999999,-46367122.28,1041961803.61,1180796472.26,138834668.65,22493394.930000007,1271.88,1323.95,356.63,424.44,1272.31,1152.42,0.0,0.0,,,,,,,基础化工,化学制品,其他化学制品,19.38,19.48,19.54
sz300214,日科化学,2011-11-10,19.46,20.1,19.3,19.69,19.69,2482833.0,48908766.4,689150000.0,2658150000.0,90576678.75999999,-46367122.28,1041961803.61,1180796472.26,138834668.65,22493394.930000007,2346.06,2507.59,667.98,958.52,1839.62,1387.55,0.0,0.0,,,,,,,基础化工,化学制品,其他化学制品,19.56,19.46,19.53
sz300214,日科化学,2011-11-11,19.68,19.82,19.3,19.41,19.69,1785341.0,34902394.9,679350000.0,2620350000.0,90576678.75999999,-46367122.28,1041961803.61,1180796472.26,138834668.65,22493394.930000007,1556.72,1525.32,356.93,1172.77,1576.59,792.15,0.0,0.0,,,,,,,基础化工,化学制品,其他化学制品,19.68,19.69,19.57
sz300214,日科化学,2011-11-14,19.72,20.49,19.7,20.43,19.41,2837299.0,57399466.7,715050000.0,2758050000.0,90576678.75999999,-46367122.28,1041961803.61,1180796472.26,138834668.65,22493394.930000007,2789.49,2538.92,1159.22,1393.09,1511.97,1648.79,120.12,0.0,,,,,,,基础化工,化学制品,其他化学制品,19.75,20.05,20.11
sz300214,日科化学,2011-11-15,20.43,20.95,20.4,20.59,20.43,2334633.0,48305701.5,720650000.0,2779650000.0,90576678.75999999,-46367122.28,1041961803.61,1180796472.26,138834668.65,22493394.930000007,2372.89,2581.57,951.23,770.84,1338.89,1342.84,152.12,119.87,,,,,,,基础化工,化学制品,其他化学制品,20.6,20.83,20.88
sz300214,日科化学,2011-11-16,20.66,20.8,19.75,19.95,20.59,1841667.0,37215857.0,698250000.0,2693250000.0,90576678.75999999,-46367122.28,1041961803.61,1180796472.26,138834668.65,22493394.930000007,1500.57,1898.45,455.22,826.25,1661.16,936.2,43.96,0.0,,,,,,,基础化工,化学制品,其他化学制品,20.7,20.58,20.46
sz300214,日科化学,2011-11-17,19.95,21.6,19.95,20.88,19.95,4149138.0,86907706.8,730800000.0,2818800000.0,90576678.75999999,-46367122.28,1041961803.61,1180796472.26,138834668.65,22493394.930000007,3546.27,3447.05,2241.83,1957.87,1822.03,2788.09,1080.64,497.75,,,,,,,基础化工,化学制品,其他化学制品,20.0,20.18,20.16
sz300214,日科化学,2011-11-18,20.66,21.2,20.15,21.1,20.88,4049257.0,84228644.0,738500000.0,2848500000.0,90576678.75999999,-46367122.28,1041961803.61,1180796472.26,138834668.65,22493394.930000007,3098.58,3694.95,2034.87,2096.74,2345.43,1866.07,750.26,571.39,,,,,,,基础化工,化学制品,其他化学制品,20.61,20.58,20.88
sz300214,日科化学,2011-11-21,20.9,21.58,20.35,20.7,21.1,3451833.0,72199280.6,724500000.0,2794500000.0,90576678.75999999,-46367122.28,1041961803.61,1180796472.26,138834668.65,22493394.930000007,3100.09,3473.36,1879.31,1363.46,2023.97,2123.76,216.55,259.35,,,,,,,基础化工,化学制品,其他化学制品,21.0,21.2,21.05
sz300214,日科化学,2011-11-22,20.36,21.55,20.32,21.49,20.7,2850704.0,60211268.5,752150000.0,2901150000.0,90576678.75999999,-46367122.28,1041961803.61,1180796472.26,138834668.65,22493394.930000007,2810.43,2849.9,1538.8,1112.41,1351.29,1838.75,206.27,105.74,,,,,,,基础化工,化学制品,其他化学制品,20.74,20.82,21.01
sz300214,日科化学,2011-11-23,21.4,21.45,20.9,21.21,21.49,2201492.0,46725184.0,742350000.0,2863350000.0,90576678.75999999,-46367122.28,1041961803.61,1180796472.26,138834668.65,22493394.930000007,2249.89,2096.74,771.03,1424.63,1503.4,1003.16,106.4,106.19,,,,,,,基础化工,化学制品,其他化学制品,21.31,21.36,21.39
sz300214,日科化学,2011-11-24,20.81,21.44,20.72,21.12,21.21,1484002.0,31282791.7,739200000.0,2851200000.0,90576678.75999999,-46367122.28,1041961803.61,1180796472.26,138834668.65,22493394.930000007,1845.79,1561.42,209.3,598.77,1007.5,902.41,0.0,0.0,,,,,,,基础化工,化学制品,其他化学制品,20.88,20.74,20.8
sz300214,日科化学,2011-11-25,21.15,21.46,20.72,20.8,21.12,1258554.0,26587206.9,728000000.0,2808000000.0,90576678.75999999,-46367122.28,1041961803.61,1180796472.26,138834668.65,22493394.930000007,1182.49,1171.43,503.65,661.2,904.43,795.31,37.36,0.0,,,,,,,基础化工,化学制品,其他化学制品,21.09,21.11,21.08
sz300214,日科化学,2011-11-28,20.82,21.08,20.1,20.52,20.8,1735591.0,35620371.7,718200000.0,2770200000.0,90576678.75999999,-46367122.28,1041961803.61,1180796472.26,138834668.65,22493394.930000007,1567.93,1615.02,553.31,1009.76,1333.47,937.26,107.33,0.0,,,,,,,基础化工,化学制品,其他化学制品,20.82,21.0,20.96
sz300214,日科化学,2011-11-29,20.7,20.92,20.49,20.8,20.52,1264392.0,26192146.9,728000000.0,2808000000.0,90576678.75999999,-46367122.28,1041961803.61,1180796472.26,138834668.65,22493394.930000007,1149.37,1376.28,592.39,297.92,743.67,806.49,103.0,107.74,,,,,,,基础化工,化学制品,其他化学制品,20.73,20.77,20.75
sz300214,日科化学,2011-11-30,20.8,20.88,19.0,19.3,20.8,1932981.0,38119725.7,675500000.0,2605500000.0,90576678.75999999,-46367122.28,1041961803.61,1180796472.26,138834668.65,22493394.930000007,1632.36,1574.84,400.8,1240.29,1733.27,951.3,0.0,0.0,,,,,,,基础化工,化学制品,其他化学制品,20.88,20.7,20.75
sz300214,日科化学,2011-12-01,19.99,20.57,19.8,19.93,19.3,1645921.0,33187388.0,697550000.0,2690550000.0,90576678.75999999,-46367122.28,1041961803.61,1180796472.26,138834668.65,22493394.930000007,1746.78,1468.32,532.63,439.39,1014.61,1386.32,0.0,0.0,,,,,,,基础化工,化学制品,其他化学制品,19.9,19.87,19.89
sz300214,日科化学,2011-12-02,19.78,19.87,19.27,19.48,19.93,698072.0,13647591.6,681800000.0,2629800000.0,90576678.75999999,-46367122.28,1041961803.61,1180796472.26,138834668.65,22493394.930000007,638.85,664.36,66.1,230.98,649.87,459.48,0.0,0.0,,,,,,,基础化工,化学制品,其他化学制品,19.77,19.68,19.7
sz300214,日科化学,2011-12-05,19.48,19.78,18.59,18.79,19.48,792051.0,15088481.8,657650000.0,2536650000.0,90576678.75999999,-46367122.28,1041961803.61,1180796472.26,138834668.65,22493394.930000007,563.18,705.87,155.22,297.16,771.65,487.03,0.0,0.0,,,,,,,基础化工,化学制品,其他化学制品,19.59,19.25,19.16
sz300214,日科化学,2011-12-06,18.61,19.24,18.55,19.11,18.79,638994.0,12092994.6,668850000.0,2579850000.0,90576678.75999999,-46367122.28,1041961803.61,1180796472.26,138834668.65,22493394.930000007,578.92,585.01,167.95,92.25,436.73,506.35,0.0,0.0,,,,,,,基础化工,化学制品,其他化学制品,18.8,18.87,18.69
sz300214,日科化学,2011-12-07,19.11,19.16,18.75,18.94,19.11,555693.0,10534884.1,662900000.0,2556900000.0,90576678.75999999,-46367122.28,1041961803.61,1180796472.26,138834668.65,22493394.930000007,426.26,631.0,0.0,0.0,608.29,403.55,0.0,0.0,,,,,,,基础化工,化学制品,其他化学制品,18.83,19.05,19.15
sz300214,日科化学,2011-12-08,18.81,19.55,18.3,19.27,18.94,861963.0,16372230.9,674450000.0,2601450000.0,90576678.75999999,-46367122.28,1041961803.61,1180796472.26,138834668.65,22493394.930000007,775.12,709.51,97.87,86.92,756.14,832.71,0.0,0.0,,,,,,,基础化工,化学制品,其他化学制品,18.8,18.6,18.6
sz300214,日科化学,2011-12-09,19.2,19.92,19.02,19.8,19.27,1166844.0,22862705.8,693000000.0,2673000000.0,90576678.75999999,-46367122.28,1041961803.61,1180796472.26,138834668.65,22493394.930000007,1182.05,1049.42,351.16,306.45,739.21,916.54,0.0,0.0,,,,,,,基础化工,化学制品,其他化学制品,19.15,19.26,19.57
sz300214,日科化学,2011-12-12,19.85,20.29,19.74,19.9,19.8,1049443.0,21058395.1,696500000.0,2686500000.0,90576678.75999999,-46367122.28,1041961803.61,1180796472.26,138834668.65,22493394.930000007,920.19,941.23,397.86,340.45,682.39,724.16,105.4,100.0,,,,,,,基础化工,化学制品,其他化学制品,19.95,19.93,20.15
sz300214,日科化学,2011-12-13,20.08,20.08,19.31,19.39,19.9,685499.0,13423846.0,678650000.0,2617650000.0,90576678.75999999,-46367122.28,1041961803.61,1180796472.26,138834668.65,22493394.930000007,627.04,595.77,20.31,172.83,657.23,535.97,0.0,0.0,,,,,,,基础化工,化学制品,其他化学制品,19.81,19.76,19.67
sz300214,日科化学,2011-12-14,19.2,19.63,19.05,19.37,19.39,525087.0,10145441.3,677950000.0,2614950000.0,90576678.75999999,-46367122.28,1041961803.61,1180796472.26,138834668.65,22493394.930000007,420.43,508.29,154.27,196.92,439.84,309.33,0.0,0.0,,,,,,,基础化工,化学制品,其他化学制品,19.44,19.21,19.59
sz300214,日科化学,2011-12-15,19.06,19.37,18.9,18.98,19.37,542164.0,10370736.7,664300000.0,2562300000.0,90576678.75999999,-46367122.28,1041961803.61,1180796472.26,138834668.65,22493394.930000007,367.18,433.2,54.62,20.77,615.28,583.1,0.0,0.0,,,,,,,基础化工,化学制品,其他化学制品,19.0,19.12,19.14
sz300214,日科化学,2011-12-16,19.01,20.0,19.0,19.94,18.98,710184.0,13764690.0,697900000.0,2691900000.0,90576678.75999999,-46367122.28,1041961803.61,1180796472.26,138834668.65,22493394.930000007,739.0,499.68,49.99,121.1,551.98,720.19,0.0,0.0,,,,,,,基础化工,化学制品,其他化学制品,19.11,19.1,19.05
sz300214,日科化学,2011-12-19,19.61,20.48,19.52,20.41,19.94,1083944.0,21631536.3,714350000.0,2755350000.0,90576678.75999999,-46367122.28,1041961803.61,1180796472.26,138834668.65,22493394.930000007,1019.57,1216.56,360.54,253.3,783.04,693.29,0.0,0.0,,,,,,,基础化工,化学制品,其他化学制品,19.66,19.65,19.63
sz300214,日科化学,2011-12-20,20.4,20.6,20.05,20.05,20.41,776598.0,15793019.8,701750000.0,2706750000.0,90576678.75999999,-46367122.28,1041961803.61,1180796472.26,138834668.65,22493394.930000007,830.34,892.24,132.34,176.58,583.99,477.85,0.0,0.0,,,,,,,基础化工,化学制品,其他化学制品,20.5,20.54,20.44
sz300214,日科化学,2011-12-21,20.26,21.0,20.14,20.35,20.05,1472022.0,30359668.4,712250000.0,2747250000.0,90576678.75999999,-46367122.28,1041961803.61,1180796472.26,138834668.65,22493394.930000007,1268.93,1100.56,786.32,743.97,730.01,1055.8,227.5,112.44,,,,,,,基础化工,化学制品,其他化学制品,20.15,20.18,20.29
sz300214,日科化学,2011-12-22,20.2,20.39,19.27,19.85,20.35,1227405.0,24239426.3,694750000.0,2679750000.0,90576678.75999999,-46367122.28,1041961803.61,1180796472.26,138834668.65,22493394.930000007,1167.23,1068.57,227.24,278.08,1029.47,951.07,0.0,126.23,,,,,,,基础化工,化学制品,其他化学制品,20.3,20.1,19.8
sz300214,日科化学,2011-12-23,19.9,20.8,19.78,20.4,19.85,1082014.0,22101216.0,714000000.0,2754000000.0,90576678.75999999,-46367122.28,1041961803.61,1180796472.26,138834668.65,22493394.930000007,856.62,921.18,699.43,270.72,625.92,785.54,0.0,204.53,,,,,,,基础化工,化学制品,其他化学制品,19.82,19.88,19.95
sz300214,日科化学,2011-12-27,20.05,20.66,19.78,19.9,20.4,984017.0,19823696.1,696500000.0,2686500000.0,90576678.75999999,-46367122.28,1041961803.61,1180796472.26,138834668.65,22493394.930000007,743.11,824.49,352.92,238.71,858.68,891.51,0.0,0.0,,,,,,,基础化工,化学制品,其他化学制品,20.13,20.11,20.07
sz300214,日科化学,2011-12-28,19.7,19.95,19.39,19.84,19.9,638692.0,12567005.6,694400000.0,2678400000.0,90576678.75999999,-46367122.28,1041961803.61,1180796472.26,138834668.65,22493394.930000007,625.63,651.61,57.57,95.15,561.16,497.6,0.0,0.0,,,,,,,基础化工,化学制品,其他化学制品,19.86,19.87,19.7
sz300214,日科化学,2011-12-29,19.7,20.86,19.56,20.72,19.84,912537.0,18645714.6,725200000.0,2797200000.0,90576678.75999999,-46367122.28,1041961803.61,1180796472.26,138834668.65,22493394.930000007,923.21,702.52,268.45,196.59,607.02,899.57,0.0,0.0,,,,,,,基础化工,化学制品,其他化学制品,19.7,19.7,19.8
sz300214,日科化学,2011-12-30,20.85,21.24,20.46,20.69,20.72,1077829.0,22473999.0,724150000.0,2793150000.0,90576678.75999999,-46367122.28,1041961803.61,1180796472.26,138834668.65,22493394.930000007,975.36,1113.03,303.16,252.31,877.37,790.54,0.0,0.0,,,,,,,基础化工,化学制品,其他化学制品,20.75,20.63,20.82
sz300214,日科化学,2012-01-04,20.75,20.95,18.62,18.62,20.69,2239333.0,43686945.6,651700000.0,2513700000.0,90576678.75999999,-46367122.28,1041961803.61,1180796472.26,138834668.65,22493394.930000007,2024.73,2369.98,485.14,885.94,1853.6,992.27,0.0,115.3,,,,,,,基础化工,化学制品,其他化学制品,20.53,20.95,20.71
sz300214,日科化学,2012-01-05,18.0,18.0,16.76,17.1,18.62,2338196.0,39922119.6,598500000.0,2308500000.0,90576678.75999999,-46367122.28,1041961803.61,1180796472.26,138834668.65,22493394.930000007,1597.59,2026.7,990.35,952.5,1262.8,976.79,118.55,13.3,,,,,,,基础化工,化学制品,其他化学制品,17.8,17.03,17.3
sz300214,日科化学,2012-01-06,16.75,17.55,16.31,17.3,17.1,1002367.0,16761365.5,605500000.0,2335500000.0,90576678.75999999,-46367122.28,1041961803.61,1180796472.26,138834668.65,22493394.930000007,644.96,880.09,359.8,269.52,642.66,497.81,0.0,0.0,,,,,,,基础化工,化学制品,其他化学制品,16.83,16.58,16.72
sz300214,日科化学,2012-01-09,17.04,18.3,16.73,17.9,17.3,1219184.0,21437075.6,626500000.0,2416500000.0,90576678.75999999,-46367122.28,1041961803.61,1180796472.26,138834668.65,22493394.930000007,959.71,981.54,403.32,278.87,764.57,866.5,0.0,0.69,,,,,,,基础化工,化学制品,其他化学制品,16.95,16.77,16.81
sz300214,日科化学,2012-01-10,17.85,18.48,17.81,18.33,17.9,937442.0,17108468.0,641550000.0,2474550000.0,90576678.75999999,-46367122.28,1041961803.61,1180796472.26,138834668.65,22493394.930000007,642.51,615.06,437.12,324.37,596.04,736.24,0.0,0.0,,,,,,,基础化工,化学制品,其他化学制品,17.85,17.9,17.96
sz300214,日科化学,2012-01-11,18.19,18.49,18.01,18.24,18.33,482961.0,8812889.8,638400000.0,2462400000.0,90576678.75999999,-46367122.28,1041961803.61,1180796472.26,138834668.65,22493394.930000007,343.96,433.85,62.55,51.93,472.04,392.78,0.0,0.0,,,,,,,基础化工,化学制品,其他化学制品,18.22,18.18,18.27
sz300214,日科化学,2012-01-12,17.95,18.29,17.45,17.51,18.24,717511.0,12754808.3,612850000.0,2363850000.0,90576678.75999999,-46367122.28,1041961803.61,1180796472.26,138834668.65,22493394.930000007,408.14,624.61,81.11,133.33,772.75,504.05,0.0,0.0,,,,,,,基础化工,化学制品,其他化学制品,18.0,18.02,18.24
sz300214,日科化学,2012-01-13,17.36,17.67,16.33,16.7,17.51,805308.0,13551505.7,584500000.0,2254500000.0,90576678.75999999,-46367122.28,1041961803.61,1180796472.26,138834668.65,22493394.930000007,404.99,529.67,303.99,221.52,646.17,499.94,0.0,104.01,,,,,,,基础化工,化学制品,其他化学制品,17.45,17.46,17.5
sz300214,日科化学,2012-01-16,16.7,17.0,16.39,16.56,16.7,302040.0,5043361.2,579600000.0,2235600000.0,90576678.75999999,-46367122.28,1041961803.61,1180796472.26,138834668.65,22493394.930000007,186.55,153.97,112.94,100.22,200.87,246.16,0.0,0.0,,,,,,,基础化工,化学制品,其他化学制品,16.39,16.7,16.81
sz300214,日科化学,2012-01-17,16.56,17.37,16.5,17.35,16.56,549256.0,9347293.6,607250000.0,2342250000.0,90576678.75999999,-46367122.28,1041961803.61,1180796472.26,138834668.65,22493394.930000007,358.96,410.81,151.97,51.91,398.81,447.02,0.0,0.0,,,,,,,基础化工,化学制品,其他化学制品,16.63,16.84,16.71
sz300214,日科化学,2012-01-18,17.25,17.63,16.48,16.52,17.35,474283.0,8071400.7,578200000.0,2230200000.0,90576678.75999999,-46367122.28,1041961803.61,1180796472.26,138834668.65,22493394.930000007,250.93,296.47,206.09,130.38,350.12,380.29,0.0,0.0,,,,,,,基础化工,化学制品,其他化学制品,17.16,17.25,17.32
sz300214,日科化学,2012-01-19,16.35,17.27,16.35,16.92,16.52,223150.0,3767711.7,592200000.0,2284200000.0,90576678.75999999,-46367122.28,1041961803.61,1180796472.26,138834668.65,22493394.930000007,119.97,114.53,20.19,0.0,226.48,252.12,0.0,0.0,,,,,,,基础化工,化学制品,其他化学制品,16.72,16.66,16.72
sz300214,日科化学,2012-01-20,16.71,17.42,16.71,17.14,16.92,583023.0,10045771.7,599900000.0,2313900000.0,90576678.75999999,-46367122.28,1041961803.61,1180796472.26,138834668.65,22493394.930000007,327.01,271.94,85.25,423.42,286.03,307.33,304.4,0.0,,,,,,,基础化工,化学制品,其他化学制品,16.8,16.93,16.95
sz300214,日科化学,2012-01-30,17.1,17.88,17.1,17.35,17.14,423793.0,7437409.0,607250000.0,2342250000.0,90576678.75999999,-46367122.28,1041961803.61,1180796472.26,138834668.65,22493394.930000007,319.46,241.79,42.85,49.57,377.78,448.74,0.0,0.0,,,,,,,基础化工,化学制品,其他化学制品,17.28,17.24,17.28
sz300214,日科化学,2012-01-31,17.58,17.58,17.2,17.3,17.35,221567.0,3836573.5,605500000.0,2335500000.0,90576678.75999999,-46367122.28,1041961803.61,1180796472.26,138834668.65,22493394.930000007,147.8,147.44,27.43,52.65,197.18,172.33,0.0,0.0,,,,,,,基础化工,化学制品,其他化学制品,17.53,17.5,17.34
sz300214,日科化学,2012-02-01,17.22,17.56,17.0,17.02,17.3,397412.0,6863642.4,595700000.0,2297700000.0,90576678.75999999,-46367122.28,1041961803.61,1180796472.26,138834668.65,22493394.930000007,235.05,326.04,57.56,52.83,369.82,281.99,0.0,1.56,,,,,,,基础化工,化学制品,其他化学制品,17.22,17.34,17.51
sz300214,日科化学,2012-02-02,17.16,17.25,15.38,17.07,17.02,1261034.0,21078434.0,597450000.0,2304450000.0,90576678.75999999,-46367122.28,1041961803.61,1180796472.26,138834668.65,22493394.930000007,784.64,848.73,316.38,640.87,992.52,552.16,0.0,51.78,,,,,,,基础化工,化学制品,其他化学制品,17.16,17.14,17.03
sz300214,日科化学,2012-02-03,16.9,17.5,16.8,17.36,17.07,808628.0,13869578.2,607600000.0,2343600000.0,90576678.75999999,-46367122.28,1041961803.61,1180796472.26,138834668.65,22493394.930000007,471.35,597.43,336.27,173.51,565.28,601.96,0.0,0.0,,,,,,,基础化工,化学制品,其他化学制品,17.05,16.98,16.93
sz300214,日科化学,2012-02-06,17.36,17.56,17.02,17.49,17.36,877875.0,15216114.4,612150000.0,2361150000.0,90576678.75999999,-46367122.28,1041961803.61,1180796472.26,138834668.65,22493394.930000007,808.9,773.15,153.14,212.45,559.56,536.01,0.0,0.0,,,,,,,基础化工,化学制品,其他化学制品,17.25,17.22,17.15
sz300214,日科化学,2012-02-07,17.36,17.45,17.0,17.16,17.49,596301.0,10276209.4,600600000.0,2316600000.0,90576678.75999999,-46367122.28,1041961803.61,1180796472.26,138834668.65,22493394.930000007,282.63,507.03,359.03,129.9,385.28,390.0,0.0,0.0,,,,,,,基础化工,化学制品,其他化学制品,17.35,17.3,17.1
sz300214,日科化学,2012-02-08,17.2,17.64,17.08,17.56,17.16,505681.0,8784557.2,614600000.0,2370600000.0,90576678.75999999,-46367122.28,1041961803.61,1180796472.26,138834668.65,22493394.930000007,424.95,429.88,49.92,65.7,403.59,382.88,0.0,0.0,,,,,,,基础化工,化学制品,其他化学制品,17.2,17.08,17.14
sz300214,日科化学,2012-02-09,17.41,17.86,17.41,17.49,17.56,585806.0,10344140.8,612150000.0,2361150000.0,90576678.75999999,-46367122.28,1041961803.61,1180796472.26,138834668.65,22493394.930000007,444.07,512.09,30.18,21.03,525.19,466.31,0.0,0.0,,,,,,,基础化工,化学制品,其他化学制品,17.5,17.52,17.56
sz300214,日科化学,2012-02-10,17.36,17.68,17.31,17.52,17.49,811462.0,14207678.4,613200000.0,2365200000.0,90576678.75999999,-46367122.28,1041961803.61,1180796472.26,138834668.65,22493394.930000007,484.82,531.09,255.69,438.86,570.53,446.09,105.0,0.0,,,,,,,基础化工,化学制品,其他化学制品,17.56,17.68,17.52
sz300214,日科化学,2012-02-13,17.4,18.18,17.3,17.92,17.52,931561.0,16617314.4,627200000.0,2419200000.0,90576678.75999999,-46367122.28,1041961803.61,1180796472.26,138834668.65,22493394.930000007,811.03,554.14,185.9,120.51,554.19,806.67,104.7,174.5,,,,,,,基础化工,化学制品,其他化学制品,17.34,17.5,17.78
sz300214,日科化学,2012-02-14,17.6,18.19,17.6,18.1,17.92,724127.0,13019466.9,633500000.0,2443500000.0,90576678.75999999,-46367122.28,1041961803.61,1180796472.26,138834668.65,22493394.930000007,572.01,544.47,197.48,102.02,355.23,481.63,154.6,151.2,,,,,,,基础化工,化学制品,其他化学制品,17.8,17.92,17.85
sz300214,日科化学,2012-02-15,18.1,18.32,17.88,18.23,18.1,722201.0,13113467.0,638050000.0,2461050000.0,90576678.75999999,-46367122.28,1041961803.61,1180796472.26,138834668.65,22493394.930000007,358.38,443.61,480.44,223.44,468.33,477.03,0.0,163.08,,,,,,,基础化工,化学制品,其他化学制品,18.09,18.1,18.0
sz300214,日科化学,2012-02-16,18.28,18.47,18.04,18.3,18.23,827862.0,15093783.3,640500000.0,2470500000.0,90576678.75999999,-46367122.28,1041961803.61,1180796472.26,138834668.65,22493394.930000007,437.16,490.99,316.61,81.67,313.65,442.23,354.85,407.39,,,,,,,基础化工,化学制品,其他化学制品,18.2,18.26,18.31
sz300214,日科化学,2012-02-17,18.39,18.47,17.95,18.2,18.3,411630.0,7469532.4,637000000.0,2457000000.0,90576678.75999999,-46367122.28,1041961803.61,1180796472.26,138834668.65,22493394.930000007,213.13,381.62,164.72,58.47,350.18,287.93,0.0,0.0,,,,,,,基础化工,化学制品,其他化学制品,18.31,18.3,18.25
sz300214,日科化学,2012-02-20,18.45,18.45,18.12,18.18,18.2,546981.0,9972471.6,636300000.0,2454300000.0,90576678.75999999,-46367122.28,1041961803.61,1180796472.26,138834668.65,22493394.930000007,390.42,427.15,259.27,177.8,324.65,369.38,0.0,0.0,,,,,,,基础化工,化学制品,其他化学制品,18.29,18.3,18.27
sz300214,日科化学,2012-02-21,18.23,18.23,17.9,18.12,18.18,1181095.0,21287821.0,634200000.0,2446200000.0,90576678.75999999,-46367122.28,1041961803.61,1180796472.26,138834668.65,22493394.930000007,1031.71,1028.51,444.92,780.82,624.25,291.55,0.0,0.0,,,,,,,基础化工,化学制品,其他化学制品,18.07,18.21,18.16
sz300214,日科化学,2012-02-22,18.16,18.78,18.12,18.77,18.12,1435546.0,26541245.7,656950000.0,2533950000.0,90576678.75999999,-46367122.28,1041961803.61,1180796472.26,138834668.65,22493394.930000007,1451.99,1247.09,401.67,286.57,800.46,1120.46,0.0,0.0,,,,,,,基础化工,化学制品,其他化学制品,18.17,18.19,18.21
sz300214,日科化学,2012-02-23,18.77,19.19,18.53,18.92,18.77,991116.0,18700718.1,662200000.0,2554200000.0,90576678.75999999,-46367122.28,1041961803.61,1180796472.26,138834668.65,22493394.930000007,1017.96,897.92,154.67,250.46,681.83,706.08,0.0,0.0,,,,,,,基础化工,化学制品,其他化学制品,18.81,19.02,19.04
sz300214,日科化学,2012-02-24,18.95,19.08,18.55,19.06,18.92,938206.0,17702743.2,667100000.0,2573100000.0,90576678.75999999,-46367122.28,1041961803.61,1180796472.26,138834668.65,22493394.930000007,809.22,837.6,263.0,277.9,655.75,612.46,0.0,0.0,,,,,,,基础化工,化学制品,其他化学制品,18.82,18.88,18.79
sz300214,日科化学,2012-02-27,19.09,19.25,18.9,19.05,19.06,889087.0,16978042.1,666750000.0,2571750000.0,90576678.75999999,-46367122.28,1041961803.61,1180796472.26,138834668.65,22493394.930000007,734.73,712.83,334.27,226.88,603.46,732.76,0.0,0.0,,,,,,,基础化工,化学制品,其他化学制品,19.06,18.97,19.0
sz300214,日科化学,2012-02-28,19.0,19.05,18.6,18.8,19.05,777011.0,14605106.3,658000000.0,2538000000.0,90576678.75999999,-46367122.28,1041961803.61,1180796472.26,138834668.65,22493394.930000007,654.32,776.68,198.11,188.1,578.57,466.22,0.0,0.0,,,,,,,基础化工,化学制品,其他化学制品,19.0,18.89,19.0
sz300214,日科化学,2012-02-29,18.8,18.8,18.23,18.23,18.8,989657.0,18289388.3,638050000.0,2461050000.0,90576678.75999999,-46367122.28,1041961803.61,1180796472.26,138834668.65,22493394.930000007,728.19,882.05,259.29,355.07,817.21,567.57,0.0,0.0,,,,,,,基础化工,化学制品,其他化学制品,18.52,18.55,18.51
sz300214,日科化学,2012-03-01,18.18,18.45,18.13,18.16,18.23,1095247.0,19974710.6,635600000.0,2451600000.0,90576678.75999999,-46367122.28,1041961803.61,1180796472.26,138834668.65,22493394.930000007,854.82,706.62,315.83,729.84,826.83,512.91,0.0,48.1,,,,,,,基础化工,化学制品,其他化学制品,18.18,18.18,18.23
sz300214,日科化学,2012-03-02,18.18,18.48,18.17,18.4,18.16,2414254.0,44108030.7,644000000.0,2484000000.0,90576678.75999999,-46367122.28,1041961803.61,1180796472.26,138834668.65,22493394.930000007,1882.52,1616.01,790.69,990.66,1697.18,900.78,0.0,862.94,,,,,,,基础化工,化学制品,其他化学制品,18.21,18.24,18.4
sz300214,日科化学,2012-03-05,18.43,18.91,18.4,18.67,18.4,1825753.0,34105471.6,653450000.0,2520450000.0,90576678.75999999,-46367122.28,1041961803.61,1180796472.26,138834668.65,22493394.930000007,1863.94,1891.67,376.59,469.48,1025.78,1023.63,118.47,0.0,,,,,,,基础化工,化学制品,其他化学制品,18.45,18.62,18.7
sz300214,日科化学,2012-03-06,18.65,18.79,18.2,18.65,18.67,1339613.0,24734271.6,652750000.0,2517750000.0,90576678.75999999,-46367122.28,1041961803.61,1180796472.26,138834668.65,22493394.930000007,971.08,1104.95,464.3,496.26,902.45,872.22,135.6,0.0,,,,,,,基础化工,化学制品,其他化学制品,18.55,18.4,18.35
sz300214,日科化学,2012-03-07,18.5,18.88,18.31,18.52,18.65,951560.0,17739631.6,648200000.0,2500200000.0,90576678.75999999,-46367122.28,1041961803.61,1180796472.26,138834668.65,22493394.930000007,857.57,906.2,272.6,184.2,614.15,653.92,0.0,0.0,,,,,,,基础化工,化学制品,其他化学制品,18.4,18.43,18.44
sz300214,日科化学,2012-03-08,18.75,19.08,18.6,18.94,18.52,812244.0,15298908.3,662900000.0,2556900000.0,90576678.75999999,-46367122.28,1041961803.61,1180796472.26,138834668.65,22493394.930000007,751.45,728.94,202.17,39.07,567.94,753.54,0.0,0.0,,,,,,,基础化工,化学制品,其他化学制品,18.61,18.63,18.6
sz300214,日科化学,2012-03-09,18.99,19.28,18.9,19.22,18.94,827472.0,15826757.6,672700000.0,2594700000.0,90576678.75999999,-46367122.28,1041961803.61,1180796472.26,138834668.65,22493394.930000007,677.8,701.9,146.21,100.55,724.99,746.55,0.0,0.0,,,,,,,基础化工,化学制品,其他化学制品,18.93,19.04,18.96
sz300214,日科化学,2012-03-12,19.22,19.38,18.74,19.23,19.22,1278230.0,24359592.4,673050000.0,2596050000.0,90576678.75999999,-46367122.28,1041961803.61,1180796472.26,138834668.65,22493394.930000007,1147.43,999.44,331.8,594.16,956.73,704.77,0.0,137.59,,,,,,,基础化工,化学制品,其他化学制品,19.21,19.2,19.18
sz300214,日科化学,2012-03-13,19.2,19.34,19.01,19.3,19.23,776123.0,14893902.5,675500000.0,2605500000.0,90576678.75999999,-46367122.28,1041961803.61,1180796472.26,138834668.65,22493394.930000007,798.14,863.38,82.74,94.46,583.81,506.85,0.0,0.0,,,,,,,基础化工,化学制品,其他化学制品,19.19,19.23,19.22
sz300214,日科化学,2012-03-14,19.35,19.62,18.31,18.6,19.3,2012620.0,38759763.1,651000000.0,2511000000.0,90576678.75999999,-46367122.28,1041961803.61,1180796472.26,138834668.65,22493394.930000007,2212.59,1956.49,454.41,741.92,1183.32,1151.91,0.0,0.0,,,,,,,基础化工,化学制品,其他化学制品,19.38,19.42,19.43
sz300214,日科化学,2012-03-15,18.76,19.09,18.42,18.81,18.6,918058.0,17240982.0,658350000.0,2539350000.0,90576678.75999999,-46367122.28,1041961803.61,1180796472.26,138834668.65,22493394.930000007,835.56,753.78,302.7,224.58,577.75,737.65,0.0,0.0,,,,,,,基础化工,化学制品,其他化学制品,18.8,18.77,18.6
sz300214,日科化学,2012-03-16,18.78,19.46,18.72,19.44,18.81,1688465.0,32463881.7,680400000.0,2624400000.0,90576678.75999999,-46367122.28,1041961803.61,1180796472.26,138834668.65,22493394.930000007,1357.85,1203.99,1118.7,1153.87,686.34,805.04,0.0,0.0,,,,,,,基础化工,化学制品,其他化学制品,18.77,18.97,19.15
sz300214,日科化学,2012-03-19,19.42,19.75,19.33,19.57,19.44,1457837.0,28398567.1,684950000.0,2641950000.0,90576678.75999999,-46367122.28,1041961803.61,1180796472.26,138834668.65,22493394.930000007,1090.0,1155.47,943.2,1094.61,779.64,562.77,0.0,0.0,,,,,,,基础化工,化学制品,其他化学制品,19.45,19.35,19.38
sz300214,日科化学,2012-03-20,19.49,19.6,19.01,19.08,19.57,1187546.0,22899133.4,667800000.0,2575800000.0,90576678.75999999,-46367122.28,1041961803.61,1180796472.26,138834668.65,22493394.930000007,1053.22,1029.33,243.25,304.44,641.16,603.09,332.83,333.6,,,,,,,基础化工,化学制品,其他化学制品,19.47,19.44,19.58
sz300214,日科化学,2012-03-21,19.1,19.25,18.5,18.78,19.08,757681.0,14225202.0,657300000.0,2535300000.0,90576678.75999999,-46367122.28,1041961803.61,1180796472.26,138834668.65,22493394.930000007,709.64,724.96,61.81,204.77,647.13,488.85,0.0,0.0,,,,,,,基础化工,化学制品,其他化学制品,19.15,19.13,18.94
sz300214,日科化学,2012-03-22,18.71,18.94,18.7,18.75,18.78,416050.0,7823243.7,656250000.0,2531250000.0,90576678.75999999,-46367122.28,1041961803.61,1180796472.26,138834668.65,22493394.930000007,415.18,319.91,60.1,113.54,268.99,310.81,0.0,0.0,,,,,,,基础化工,化学制品,其他化学制品,18.8,18.76,18.76
sz300214,日科化学,2012-03-23,18.7,18.85,18.35,18.38,18.75,372000.0,6900514.0,643300000.0,2481300000.0,90576678.75999999,-46367122.28,1041961803.61,1180796472.26,138834668.65,22493394.930000007,324.14,326.4,0.0,91.56,357.09,263.26,0.0,0.0,,,,,,,基础化工,化学制品,其他化学制品,18.7,18.78,18.78
sz300214,日科化学,2012-03-26,18.35,18.58,18.11,18.2,18.38,484289.0,8854416.5,637000000.0,2457000000.0,90576678.75999999,-46367122.28,1041961803.61,1180796472.26,138834668.65,22493394.930000007,383.21,461.91,28.29,119.85,472.85,302.6,0.0,0.0,,,,,,,基础化工,化学制品,其他化学制品,18.32,18.35,18.38
sz300214,日科化学,2012-03-27,18.2,18.44,18.16,18.21,18.2,334852.0,6135680.2,637350000.0,2458350000.0,90576678.75999999,-46367122.28,1041961803.61,1180796472.26,138834668.65,22493394.930000007,217.3,273.19,22.82,74.43,364.68,257.19,0.0,0.0,,,,,,,基础化工,化学制品,其他化学制品,18.35,18.35,18.41
sz300214,日科化学,2012-03-28,18.22,18.3,17.01,17.18,18.21,601100.0,10613800.2,601300000.0,2319300000.0,90576678.75999999,-46367122.28,1041961803.61,1180796472.26,138834668.65,22493394.930000007,565.89,462.88,0.0,200.9,494.63,396.74,0.0,0.0,,,,,,,基础化工,化学制品,其他化学制品,18.24,18.22,18.21
sz300214,日科化学,2012-03-29,17.18,17.45,16.8,17.2,17.18,312183.0,5362498.8,602000000.0,2322000000.0,90576678.75999999,-46367122.28,1041961803.61,1180796472.26,138834668.65,22493394.930000007,240.06,202.39,0.0,69.91,286.9,254.66,0.0,0.0,,,,,,,基础化工,化学制品,其他化学制品,17.18,17.18,17.16
sz300214,日科化学,2012-03-30,17.42,18.2,17.32,17.61,17.2,897602.0,15902120.9,616350000.0,2377350000.0,90576678.75999999,-46367122.28,1041961803.61,1180796472.26,138834668.65,22493394.930000007,778.98,949.01,35.52,22.93,763.65,606.21,0.0,0.0,,,,,,,基础化工,化学制品,其他化学制品,17.55,17.67,17.65
sz300214,日科化学,2012-04-05,17.52,18.13,17.52,18.05,17.61,511954.0,9166195.7,631750000.0,2436750000.0,90576678.75999999,-46367122.28,1041961803.61,1180796472.26,138834668.65,22493394.930000007,513.3,439.83,2.83,24.58,391.46,443.19,0.0,0.0,,,,,,,基础化工,化学制品,其他化学制品,17.72,17.79,17.84
sz300214,日科化学,2012-04-06,18.1,18.44,18.03,18.09,18.05,417093.0,7596040.9,633150000.0,2442150000.0,101447323.71,-46385488.32,1102612095.47,1247708582.56,145096487.09,29081545.36999999,308.4,336.58,92.93,53.1,354.67,366.31,0.0,0.0,,,,,,,基础化工,化学制品,其他化学制品,18.12,18.09,18.22
sz300214,日科化学,2012-04-09,18.0,18.11,17.8,17.82,18.09,360493.0,6481154.3,623700000.0,2405700000.0,101447323.71,-46385488.32,1102612095.47,1247708582.56,145096487.09,29081545.36999999,369.5,267.89,52.4,61.1,226.22,319.12,0.0,0.0,,,,,,,基础化工,化学制品,其他化学制品,17.91,17.97,18.02
sz300214,日科化学,2012-04-10,17.63,18.07,17.51,18.0,17.82,250917.0,4456810.3,630000000.0,2430000000.0,101447323.71,-46385488.32,1102612095.47,1247708582.56,145096487.09,29081545.36999999,157.84,122.71,35.36,79.58,236.46,227.37,0.0,0.0,,,,,,,基础化工,化学制品,其他化学制品,17.71,17.95,17.99
sz300214,日科化学,2012-04-11,17.81,18.4,17.75,18.28,18.0,598784.0,10925961.3,639800000.0,2467800000.0,101447323.71,-46385488.32,1102612095.47,1247708582.56,145096487.09,29081545.36999999,548.96,403.36,51.03,46.61,365.19,514.12,100.36,101.46,,,,,,,基础化工,化学制品,其他化学制品,17.8,18.08,18.13
sz300214,日科化学,2012-04-12,18.39,18.59,18.12,18.53,18.28,461010.0,8475791.5,648550000.0,2501550000.0,101447323.71,-46385488.32,1102612095.47,1247708582.56,145096487.09,29081545.36999999,441.04,371.23,52.37,75.37,353.61,400.42,0.0,0.0,,,,,,,基础化工,化学制品,其他化学制品,18.4,18.35,18.31
sz300214,日科化学,2012-04-13,18.5,18.55,18.25,18.42,18.53,467399.0,8602085.9,644700000.0,2486700000.0,101447323.71,-46385488.32,1102612095.47,1247708582.56,145096487.09,29081545.36999999,364.01,404.06,66.65,135.15,412.99,304.44,0.0,0.0,,,,,,,基础化工,化学制品,其他化学制品,18.5,18.46,18.53
sz300214,日科化学,2012-04-16,18.4,18.54,18.34,18.35,18.42,236742.0,4363893.8,642250000.0,2477250000.0,101447323.71,-46385488.32,1102612095.47,1247708582.56,145096487.09,29081545.36999999,197.35,194.92,0.0,20.93,235.0,216.51,0.0,0.0,,,,,,,基础化工,化学制品,其他化学制品,18.42,18.51,18.46
sz300214,日科化学,2012-04-17,18.25,18.29,18.03,18.06,18.35,339260.0,6160205.0,632100000.0,2438100000.0,101447323.71,-46385488.32,1102612095.47,1247708582.56,145096487.09,29081545.36999999,253.17,321.95,25.27,43.94,329.27,241.82,0.0,0.0,,,,,,,基础化工,化学制品,其他化学制品,18.21,18.23,18.18
sz300214,日科化学,2012-04-18,18.15,18.46,18.1,18.4,18.06,383087.0,7010965.4,644000000.0,2484000000.0,101447323.71,-46385488.32,1102612095.47,1247708582.56,145096487.09,29081545.36999999,317.95,198.84,66.38,151.66,301.86,335.7,0.0,0.0,,,,,,,基础化工,化学制品,其他化学制品,18.15,18.1,18.17
sz300214,日科化学,2012-04-19,18.46,18.49,18.25,18.4,18.4,391400.0,7186849.6,644000000.0,2484000000.0,101447323.71,-46385488.32,1102612095.47,1247708582.56,145096487.09,29081545.36999999,267.92,381.46,89.91,144.72,355.52,187.17,0.0,0.0,,,,,,,基础化工,化学制品,其他化学制品,18.41,18.39,18.4
sz300214,日科化学,2012-04-20,18.38,18.55,18.26,18.49,18.4,537902.0,9919480.5,647150000.0,2496150000.0,101447323.71,-46385488.32,1102612095.47,1247708582.56,145096487.09,29081545.36999999,528.06,501.06,93.18,188.28,357.21,289.12,0.0,0.0,,,,,,,基础化工,化学制品,其他化学制品,18.26,18.36,18.38
sz300214,日科化学,2012-04-23,18.5,18.52,17.57,17.8,18.49,604505.0,10843464.2,623000000.0,2403000000.0,101447323.71,-46385488.32,1102612095.47,1247708582.56,145096487.09,29081545.36999999,351.86,603.13,118.96,78.51,598.05,387.22,0.0,0.0,,,,,,,基础化工,化学制品,其他化学制品,18.5,18.37,18.33
sz300214,日科化学,2012-04-24,17.8,17.8,17.0,17.33,17.8,816266.0,14111710.4,606550000.0,2339550000.0,107859673.09,-9738189.02000001,1131691217.76,1259916204.35,128224986.59,26693660.12,486.25,658.74,217.04,335.32,701.99,411.22,0.0,0.0,,,,,,,基础化工,化学制品,其他化学制品,17.62,17.51,17.75
sz300214,日科化学,2012-04-25,17.35,17.48,17.17,17.26,17.33,492642.0,8513290.2,604100000.0,2330100000.0,107859673.09,-9738189.02000001,1131691217.76,1259916204.35,128224986.59,26693660.12,374.73,444.56,34.27,66.72,434.73,332.45,0.0,0.0,,,,,,,基础化工,化学制品,其他化学制品,17.33,17.19,17.28
sz300214,日科化学,2012-04-26,17.3,17.41,17.15,17.26,17.26,326872.0,5641894.3,604100000.0,2330100000.0,107859673.09,-9738189.02000001,1131691217.76,1259916204.35,128224986.59,26693660.12,246.49,237.52,63.27,119.89,254.43,206.78,0.0,0.0,,,,,,,基础化工,化学制品,其他化学制品,17.3,17.4,17.3
sz300214,日科化学,2012-05-02,17.58,17.75,17.35,17.73,17.26,554535.0,9733606.2,620550000.0,2393550000.0,107859673.09,-9738189.02000001,1131691217.76,1259916204.35,128224986.59,26693660.12,555.53,407.54,26.18,44.0,381.02,511.18,0.0,0.0,,,,,,,基础化工,化学制品,其他化学制品,17.57,17.38,17.38
sz300214,日科化学,2012-05-03,17.61,17.74,17.5,17.72,17.73,339111.0,5978428.5,620200000.0,2392200000.0,107859673.09,-9738189.02000001,1131691217.76,1259916204.35,128224986.59,26693660.12,253.05,178.89,35.18,202.64,294.37,201.07,0.0,0.0,,,,,,,基础化工,化学制品,其他化学制品,17.6,17.59,17.62
sz300214,日科化学,2012-05-04,17.73,18.05,17.56,18.02,17.72,418670.0,7469519.2,630700000.0,2432700000.0,107859673.09,-9738189.02000001,1131691217.76,1259916204.35,128224986.59,26693660.12,312.68,251.64,90.12,95.26,335.32,391.22,0.0,0.0,,,,,,,基础化工,化学制品,其他化学制品,17.56,17.72,17.6
sz300214,日科化学,2012-05-07,18.0,18.33,17.71,18.32,18.02,496301.0,8996104.5,641200000.0,2473200000.0,107859673.09,-9738189.02000001,1131691217.76,1259916204.35,128224986.59,26693660.12,495.65,409.98,0.0,35.45,395.72,445.94,0.0,0.0,,,,,,,基础化工,化学制品,其他化学制品,17.96,18.02,18.01
sz300214,日科化学,2012-05-08,18.27,18.29,17.51,17.79,18.32,616683.0,11115925.1,622650000.0,2401650000.0,107859673.09,-9738189.02000001,1131691217.76,1259916204.35,128224986.59,26693660.12,411.43,456.79,29.07,258.85,637.3,362.15,0.0,0.0,,,,,,,基础化工,化学制品,其他化学制品,18.12,18.11,18.1
sz300214,日科化学,2012-05-09,17.71,17.89,17.55,17.58,17.79,551193.0,9790811.9,615300000.0,2373300000.0,107859673.09,-9738189.02000001,1131691217.76,1259916204.35,128224986.59,26693660.12,425.37,514.75,42.95,29.88,509.54,433.23,0.0,0.0,,,,,,,基础化工,化学制品,其他化学制品,17.75,17.71,17.75
sz300214,日科化学,2012-05-10,17.52,17.85,17.51,17.73,17.58,350228.0,6197370.1,620550000.0,2393550000.0,107859673.09,-9738189.02000001,1131691217.76,1259916204.35,128224986.59,26693660.12,230.03,292.41,91.12,96.46,295.4,227.67,0.0,0.0,,,,,,,基础化工,化学制品,其他化学制品,17.51,17.55,17.64
sz300214,日科化学,2012-05-11,17.74,18.3,17.63,17.95,17.73,667971.0,12001506.1,952543926.3,2423250000.0,107859673.09,-9738189.02000001,1131691217.76,1259916204.35,128224986.59,26693660.12,629.36,583.04,52.82,54.64,510.61,555.11,0.0,0.0,,,,,,,基础化工,化学制品,其他化学制品,17.82,17.8,17.75
sz300214,日科化学,2012-05-14,18.1,18.35,17.92,18.26,17.95,836743.0,15189803.5,968994545.64,2465100000.0,107859673.09,-9738189.02000001,1131691217.76,1259916204.35,128224986.59,26693660.12,824.17,749.38,242.76,113.47,428.31,632.39,0.0,0.0,,,,,,,基础化工,化学制品,其他化学制品,18.01,17.92,18.04
sz300214,日科化学,2012-05-15,18.01,18.28,17.95,18.12,18.26,611320.0,11073613.2,961565233.68,2446200000.0,107859673.09,-9738189.02000001,1131691217.76,1259916204.35,128224986.59,26693660.12,583.44,581.16,64.15,196.22,441.12,311.32,0.0,0.0,,,,,,,基础化工,化学制品,其他化学制品,18.09,18.06,18.15
sz300214,日科化学,2012-05-16,18.08,18.2,17.99,18.09,18.12,383858.0,6933292.7,959973238.26,2442150000.0,107859673.09,-9738189.02000001,1131691217.76,1259916204.35,128224986.59,26693660.12,314.88,372.51,84.6,47.9,285.72,264.79,0.0,0.0,,,,,,,基础化工,化学制品,其他化学制品,18.12,18.12,18.09
sz300214,日科化学,2012-05-17,18.1,18.5,18.03,18.38,18.09,585987.0,10704783.0,975362527.32,2481300000.0,107859673.09,-9738189.02000001,1131691217.76,1259916204.35,128224986.59,26693660.12,605.03,436.93,129.06,143.14,326.09,480.12,0.0,0.0,,,,,,,基础化工,化学制品,其他化学制品,18.1,18.05,18.08
sz300214,日科化学,2012-05-18,18.17,18.45,17.8,17.86,18.38,635901.0,11514221.3,947767940.04,2411100000.0,107859673.09,-9738189.02000001,1131691217.76,1259916204.35,128224986.59,26693660.12,547.06,609.46,200.58,249.3,401.1,289.99,0.0,0.0,,,,,,,基础化工,化学制品,其他化学制品,18.19,,
sz300214,日科化学,2012-05-21,17.86,18.0,17.67,17.78,17.86,464325.0,8298937.8,943522618.92,2400300000.0,107859673.09,-9738189.02000001,1131691217.76,1259916204.35,128224986.59,26693660.12,460.31,364.34,22.64,42.87,346.94,422.68,0.0,0.0,,,,,,,基础化工,化学制品,其他化学制品,17.98,17.9,17.9
sz300214,日科化学,2012-05-22,17.97,18.02,17.8,17.9,17.78,426176.0,7631003.6,949890600.6,2416500000.0,107859673.09,-9738189.02000001,1131691217.76,1259916204.35,128224986.59,26693660.12,442.34,452.53,21.75,96.82,283.98,198.72,0.0,0.0,,,,,,,基础化工,化学制品,其他化学制品,17.82,17.9,17.95
sz300214,日科化学,2012-05-23,17.9,18.08,17.5,18.03,17.9,570169.0,10130122.7,956789247.42,2434050000.0,107859673.09,-9738189.02000001,1131691217.76,1259916204.35,128224986.59,26693660.12,338.54,432.7,312.35,177.63,362.12,402.68,0.0,0.0,,,,,,,基础化工,化学制品,其他化学制品,17.96,17.93,17.9
sz300214,日科化学,2012-05-24,18.0,18.14,17.72,18.0,18.03,437240.0,7844989.8,955197252.0,2430000000.0,107859673.09,-9738189.02000001,1131691217.76,1259916204.35,128224986.59,26693660.12,286.19,312.52,199.35,36.02,298.96,435.95,0.0,0.0,,,,,,,基础化工,化学制品,其他化学制品,17.86,18.03,18.02
sz300214,日科化学,2012-05-25,17.91,18.04,17.74,17.92,18.0,406401.0,7275910.6,950951930.88,2419200000.0,107859673.09,-9738189.02000001,1131691217.76,1259916204.35,128224986.59,26693660.12,349.82,322.62,140.88,24.99,180.8,323.89,0.0,0.0,,,,,,,基础化工,化学制品,其他化学制品,17.88,17.83,17.82
sz300214,日科化学,2012-05-28,17.73,18.89,17.58,18.7,17.92,1586193.0,29376279.6,992343811.8,2524500000.0,107859673.09,-9738189.02000001,1131691217.76,1259916204.35,128224986.59,26693660.12,705.1,1356.44,1613.34,377.25,573.66,978.92,0.0,179.48,,,,,,,基础化工,化学制品,其他化学制品,17.74,17.6,17.61
sz300214,日科化学,2012-05-29,18.52,18.65,17.95,18.25,18.7,2773618.0,50621088.4,968463880.5,2463750000.0,107859673.09,-9738189.02000001,1131691217.76,1259916204.35,128224986.59,26693660.12,2015.19,1966.22,700.29,1553.51,1857.38,869.63,443.56,627.07,,,,,,,基础化工,化学制品,其他化学制品,18.5,18.37,18.38
sz300214,日科化学,2012-05-30,18.17,18.38,18.01,18.15,18.25,687332.0,12515769.5,963157229.1,2450250000.0,107859673.09,-9738189.02000001,1131691217.76,1259916204.35,128224986.59,26693660.12,477.67,605.6,133.1,84.03,602.69,523.83,0.0,0.0,,,,,,,基础化工,化学制品,其他化学制品,18.11,18.13,18.18
sz300214,日科化学,2012-05-31,18.01,18.41,17.92,18.19,18.15,1090233.0,19841726.3,965279889.66,2455650000.0,107859673.09,-9738189.02000001,1131691217.76,1259916204.35,128224986.59,26693660.12,1072.61,1031.01,148.58,277.93,727.52,639.78,0.0,0.0,,,,,,,基础化工,化学制品,其他化学制品,18.07,18.06,18.11
sz300214,日科化学,2012-06-01,18.16,18.28,18.05,18.23,18.19,915640.0,16635242.6,967402550.22,2461050000.0,107859673.09,-9738189.02000001,1131691217.76,1259916204.35,128224986.59,26693660.12,618.16,787.27,182.84,229.03,771.37,556.07,0.0,0.0,,,,,,,基础化工,化学制品,其他化学制品,18.24,18.24,18.21
sz300214,日科化学,2012-06-04,17.93,17.95,17.3,17.53,18.23,1569643.0,27529754.9,930255990.42,2366550000.0,107859673.09,-9738189.02000001,1131691217.76,1259916204.35,128224986.59,26693660.12,1013.9,955.68,383.65,714.51,1104.65,821.01,163.13,174.12,,,,,,,基础化工,化学制品,其他化学制品,17.95,17.8,17.79
sz300214,日科化学,2012-06-05,17.4,17.55,17.2,17.35,17.53,369455.0,6410150.7,920704017.9,2342250000.0,107859673.09,-9738189.02000001,1131691217.76,1259916204.35,128224986.59,26693660.12,249.23,302.0,32.9,31.16,358.72,307.69,0.0,0.0,,,,,,,基础化工,化学制品,其他化学制品,17.5,17.38,17.3
sz300214,日科化学,2012-06-06,17.48,17.49,17.22,17.35,17.35,315099.0,5453098.4,920704017.9,2342250000.0,107859673.09,-9738189.02000001,1131691217.76,1259916204.35,128224986.59,26693660.12,167.5,256.38,82.86,101.76,294.95,187.17,0.0,0.0,,,,,,,基础化工,化学制品,其他化学制品,17.42,17.3,17.36
sz300214,日科化学,2012-06-07,17.48,17.55,17.12,17.12,17.35,494100.0,8555168.1,908498719.68,2311200000.0,107859673.09,-9738189.02000001,1131691217.76,1259916204.35,128224986.59,26693660.12,273.4,293.3,181.83,152.02,388.81,398.73,0.0,0.0,,,,,,,基础化工,化学制品,其他化学制品,17.42,17.35,17.31
sz300214,日科化学,2012-06-08,17.32,17.42,17.03,17.03,17.12,468568.0,8041748.7,903722733.42,2299050000.0,107859673.09,-9738189.02000001,1131691217.76,1259916204.35,128224986.59,26693660.12,318.59,405.03,143.9,95.56,305.31,267.21,0.0,0.0,,,,,,,基础化工,化学制品,其他化学制品,17.18,17.21,17.14
sz300214,日科化学,2012-06-11,17.0,17.32,17.0,17.18,17.03,623391.0,10673473.3,911682710.52,2319300000.0,107859673.09,-9738189.02000001,1131691217.76,1259916204.35,128224986.59,26693660.12,453.84,593.27,73.64,30.31,497.34,401.24,0.0,0.0,,,,,,,基础化工,化学制品,其他化学制品,17.11,17.12,17.05
sz300214,日科化学,2012-06-12,17.17,17.17,16.94,17.04,17.18,296277.0,5044202.7,904253398.56,2300400000.0,107859673.09,-9738189.02000001,1131691217.76,1259916204.35,128224986.59,26693660.12,126.03,210.28,56.23,71.4,303.59,187.8,0.0,16.37,,,,,,,基础化工,化学制品,其他化学制品,17.1,17.1,17.06
sz300214,日科化学,2012-06-13,17.2,17.42,17.16,17.31,17.04,612690.0,10596235.2,918581357.34,2336850000.0,107859673.09,-9738189.02000001,1131691217.76,1259916204.35,128224986.59,26693660.12,545.84,371.55,45.6,194.12,464.38,490.15,0.0,0.0,,,,,,,基础化工,化学制品,其他化学制品,17.27,17.26,17.24
sz300214,日科化学,2012-06-14,17.31,17.38,17.15,17.19,17.31,475445.0,8207962.2,912213375.66,2320650000.0,107859673.09,-9738189.02000001,1131691217.76,1259916204.35,128224986.59,26693660.12,331.81,438.08,56.76,94.02,425.53,282.0,0.0,0.0,,,,,,,基础化工,化学制品,其他化学制品,17.23,17.25,17.23
sz300214,日科化学,2012-06-15,17.24,17.33,17.05,17.22,17.19,317255.0,5462693.5,913805371.08,2324700000.0,107859673.09,-9738189.02000001,1131691217.76,1259916204.35,128224986.59,26693660.12,145.58,218.29,22.81,8.94,377.88,319.05,0.0,0.0,,,,,,,基础化工,化学制品,其他化学制品,17.23,17.23,17.28
sz300214,日科化学,2012-06-18,17.33,17.47,17.28,17.34,17.22,652271.0,11332188.6,920173352.76,2340900000.0,107859673.09,-9738189.02000001,1131691217.76,1259916204.35,128224986.59,26693660.12,452.76,499.68,66.61,98.48,467.81,494.7,105.68,0.0,,,,,,,基础化工,化学制品,其他化学制品,17.3,17.35,17.34
sz300214,日科化学,2012-06-19,11.46,11.46,11.22,11.31,11.46,479976.0,5443201.0,1976730957.63,2290275000.0,107859673.09,-9738189.02000001,1131691217.76,1259916204.35,128224986.59,26693660.12,197.86,265.39,22.3,22.3,323.87,256.35,0.0,0.0,,,,,,,基础化工,化学制品,其他化学制品,11.35,11.35,11.42
sz300214,日科化学,2012-06-20,11.33,11.56,11.32,11.53,11.31,736004.0,8445269.4,2015181957.69,2334825000.0,107859673.09,-9738189.02000001,1131691217.76,1259916204.35,128224986.59,26693660.12,382.3,356.57,20.62,0.0,401.51,447.86,0.0,0.0,,,,,,,基础化工,化学制品,其他化学制品,11.4,11.39,11.36
sz300214,日科化学,2012-06-21,11.53,11.53,11.23,11.29,11.53,451907.0,5110860.2,1973235412.17,2286225000.0,107859673.09,-9738189.02000001,1131691217.76,1259916204.35,128224986.59,26693660.12,162.31,239.7,0.0,22.19,348.78,249.19,0.0,0.0,,,,,,,基础化工,化学制品,其他化学制品,11.48,11.43,11.41
sz300214,日科化学,2012-06-25,11.29,11.29,10.9,10.95,11.29,536867.0,5930981.3,1913811139.35,2217375000.0,107859673.09,-9738189.02000001,1131691217.76,1259916204.35,128224986.59,26693660.12,185.87,256.47,27.83,80.68,372.89,249.43,0.0,0.0,,,,,,,基础化工,化学制品,其他化学制品,11.29,11.19,11.12
sz300214,日科化学,2012-06-26,11.04,11.12,10.6,10.79,10.95,654903.0,7031068.8,1885846775.67,2184975000.0,107859673.09,-9738189.02000001,1131691217.76,1259916204.35,128224986.59,26693660.12,219.44,335.35,114.9,98.95,362.46,262.49,0.0,0.0,,,,,,,基础化工,化学制品,其他化学制品,10.85,10.8,10.79
sz300214,日科化学,2012-06-27,10.74,10.9,10.6,10.78,10.79,448138.0,4845391.1,1884099002.94,2182950000.0,107859673.09,-9738189.02000001,1131691217.76,1259916204.35,128224986.59,26693660.12,237.43,175.89,19.69,43.81,226.34,263.76,0.0,0.0,,,,,,,基础化工,化学制品,其他化学制品,10.72,10.82,10.77
sz300214,日科化学,2012-06-28,10.78,10.94,10.61,10.61,10.78,379201.0,4083617.2,1854386866.53,2148525000.0,107859673.09,-9738189.02000001,1131691217.76,1259916204.35,128224986.59,26693660.12,128.62,176.16,55.67,75.27,219.08,151.94,0.0,0.0,,,,,,,基础化工,化学制品,其他化学制品,10.91,10.87,10.86
sz300214,日科化学,2012-06-29,10.61,10.77,10.5,10.73,10.61,263325.0,2806585.3,1875360139.29,2172825000.0,107859673.09,-9738189.02000001,1131691217.76,1259916204.35,128224986.59,26693660.12,102.1,107.07,0.0,0.0,178.56,173.59,0.0,0.0,,,,,,,基础化工,化学制品,其他化学制品,10.55,10.6,10.58
sz300214,日科化学,2012-07-02,10.86,10.88,10.73,10.81,10.73,412765.0,4469182.2,1889342321.13,2189025000.0,107859673.09,-9738189.02000001,1131691217.76,1259916204.35,128224986.59,26693660.12,220.43,232.67,0.0,27.53,224.32,184.55,0.0,0.0,,,,,,,基础化工,化学制品,其他化学制品,10.85,10.78,10.83
sz300214,日科化学,2012-07-03,10.85,10.99,10.76,10.86,10.81,434032.0,4731115.1,1898081184.78,2199150000.0,107859673.09,-9738189.02000001,1131691217.76,1259916204.35,128224986.59,26693660.12,194.52,231.88,67.36,21.27,211.23,219.96,0.0,0.0,,,,,,,基础化工,化学制品,其他化学制品,10.76,10.77,10.83
sz300214,日科化学,2012-07-04,10.85,10.97,10.77,10.8,10.86,385292.0,4191627.9,1887594548.4,2187000000.0,107859673.09,-9738189.02000001,1131691217.76,1259916204.35,128224986.59,26693660.12,177.56,194.44,21.31,31.66,192.02,164.79,0.0,0.0,,,,,,,基础化工,化学制品,其他化学制品,10.91,10.91,10.95
sz300214,日科化学,2012-07-05,10.76,10.76,10.5,10.55,10.8,499310.0,5287826.8,1843900230.15,2136375000.0,107859673.09,-9738189.02000001,1131691217.76,1259916204.35,128224986.59,26693660.12,208.54,234.35,43.21,63.46,277.03,230.98,0.0,0.0,,,,,,,基础化工,化学制品,其他化学制品,10.72,10.7,10.65
sz300214,日科化学,2012-07-06,10.51,10.99,10.48,10.99,10.55,1362613.0,14678417.7,1920802230.27,2225475000.0,107859673.09,-9738189.02000001,1131691217.76,1259916204.35,128224986.59,26693660.12,565.47,571.75,344.19,296.57,543.78,585.12,0.0,0.0,,,,,,,基础化工,化学制品,其他化学制品,10.51,10.53,10.55
sz300214,日科化学,2012-07-09,10.9,11.18,10.83,10.9,10.99,1089475.0,11996273.7,1905072275.7,2207250000.0,107859673.09,-9738189.02000001,1131691217.76,1259916204.35,128224986.59,26693660.12,674.2,676.06,54.22,97.74,451.04,405.66,0.0,0.0,,,,,,,基础化工,化学制品,其他化学制品,10.96,11.15,11.13
sz300214,日科化学,2012-07-10,10.99,11.2,10.89,10.95,10.9,722696.0,7935608.8,1913811139.35,2217375000.0,107859673.09,-9738189.02000001,1131691217.76,1259916204.35,128224986.59,26693660.12,358.19,331.26,58.73,133.57,348.01,300.09,0.0,0.0,,,,,,,基础化工,化学制品,其他化学制品,11.13,11.01,11.08
sz300214,日科化学,2012-07-11,10.83,11.08,10.83,11.03,10.95,468983.0,5146770.4,1927793321.19,2233575000.0,107859673.09,-9738189.02000001,1131691217.76,1259916204.35,128224986.59,26693660.12,156.18,227.67,143.42,92.56,208.33,187.72,0.0,0.0,,,,,,,基础化工,化学制品,其他化学制品,10.9,10.95,10.95
sz300214,日科化学,2012-07-12,11.1,11.43,10.91,11.23,11.03,945703.0,10646327.4,1962748775.79,2274075000.0,107859673.09,-9738189.02000001,1131691217.76,1259916204.35,128224986.59,26693660.12,593.6,438.59,194.8,137.66,273.42,485.58,0.0,0.0,,,,,,,基础化工,化学制品,其他化学制品,11.05,10.93,10.92
sz300214,日科化学,2012-07-13,11.23,11.45,10.92,10.99,11.23,699180.0,7827261.6,1920802230.27,2225475000.0,107859673.09,-9738189.02000001,1131691217.76,1259916204.35,128224986.59,26693660.12,335.98,276.17,28.1,171.03,412.38,329.27,0.0,0.0,,,,,,,基础化工,化学制品,其他化学制品,11.2,11.31,11.26
sz300214,日科化学,2012-07-16,11.28,11.49,10.98,11.01,10.99,1577354.0,17759076.2,1924297775.73,2229525000.0,107859673.09,-9738189.02000001,1131691217.76,1259916204.35,128224986.59,26693660.12,680.14,882.74,332.38,150.27,749.07,728.59,0.0,0.0,,,,,,,基础化工,化学制品,其他化学制品,11.33,11.45,11.34
sz300214,日科化学,2012-07-17,10.82,11.25,10.82,11.14,11.01,663919.0,7329361.3,1947018821.22,2255850000.0,107859673.09,-9738189.02000001,1131691217.76,1259916204.35,128224986.59,26693660.12,335.79,335.24,64.15,78.94,298.58,284.33,0.0,0.0,,,,,,,基础化工,化学制品,其他化学制品,10.97,10.9,11.04
sz300214,日科化学,2012-07-18,11.09,11.7,11.06,11.69,11.14,3050316.0,34998376.1,2043146321.37,2367225000.0,107859673.09,-9738189.02000001,1131691217.76,1259916204.35,128224986.59,26693660.12,1334.73,1055.33,1364.49,997.3,602.24,995.36,153.14,406.61,,,,,,,基础化工,化学制品,其他化学制品,11.12,11.13,11.15
sz300214,日科化学,2012-07-19,11.6,11.91,11.49,11.59,11.69,4205543.0,49111121.8,2025668594.07,2346975000.0,107859673.09,-9738189.02000001,1131691217.76,1259916204.35,128224986.59,26693660.12,2846.67,2633.49,403.26,419.9,1582.37,1683.85,31.47,126.52,,,,,,,基础化工,化学制品,其他化学制品,11.68,11.66,11.61
sz300214,日科化学,2012-07-20,11.52,11.69,11.48,11.62,11.59,1296473.0,15046367.2,2030911912.26,2353050000.0,107859673.09,-9738189.02000001,1131691217.76,1259916204.35,128224986.59,26693660.12,535.58,611.41,465.12,317.03,482.51,554.75,0.0,0.0,,,,,,,基础化工,化学制品,其他化学制品,11.5,11.53,11.59
sz300214,日科化学,2012-07-23,11.52,11.8,11.51,11.57,11.62,820803.0,9561131.6,2022173048.61,2342925000.0,107859673.09,-9738189.02000001,1131691217.76,1259916204.35,128224986.59,26693660.12,468.01,478.92,20.36,23.3,461.73,447.87,0.0,0.0,,,,,,,基础化工,化学制品,其他化学制品,11.62,11.79,11.79
sz300214,日科化学,2012-07-24,11.43,11.62,11.2,11.51,11.57,1034165.0,11805671.4,2011686412.23,2330775000.0,107859673.09,-9738189.02000001,1131691217.76,1259916204.35,128224986.59,26693660.12,419.68,579.0,123.08,110.4,624.75,478.1,0.0,0.0,,,,,,,基础化工,化学制品,其他化学制品,11.5,11.59,11.54
sz300214,日科化学,2012-07-25,11.48,11.51,11.18,11.26,11.51,1186019.0,13419374.1,1967992093.98,2280150000.0,107859673.09,-9738189.02000001,1131691217.76,1259916204.35,128224986.59,26693660.12,460.57,663.41,176.53,232.48,687.52,428.72,0.0,0.0,,,,,,,基础化工,化学制品,其他化学制品,11.46,11.42,11.35
sz300214,日科化学,2012-07-26,11.19,11.39,11.16,11.24,11.26,510101.0,5736207.7,1964496548.52,2276100000.0,107859673.09,-9738189.02000001,1131691217.76,1259916204.35,128224986.59,26693660.12,189.58,245.18,23.51,24.62,352.44,295.73,0.0,0.0,,,,,,,基础化工,化学制品,其他化学制品,11.21,11.18,11.2
sz300214,日科化学,2012-07-27,11.17,11.34,11.17,11.34,11.24,533271.0,6017684.8,1981974275.82,2296350000.0,107859673.09,-9738189.02000001,1131691217.76,1259916204.35,128224986.59,26693660.12,217.78,233.6,39.06,42.66,340.73,321.31,0.0,0.0,,,,,,,基础化工,化学制品,其他化学制品,11.25,11.29,11.25
sz300214,日科化学,2012-07-30,11.34,11.34,11.12,11.22,11.34,502258.0,5640829.4,1961001003.06,2272050000.0,107859673.09,-9738189.02000001,1131691217.76,1259916204.35,128224986.59,26693660.12,221.67,349.75,0.0,21.84,336.8,186.88,0.0,0.0,,,,,,,基础化工,化学制品,其他化学制品,11.3,11.32,11.27
sz300214,日科化学,2012-07-31,11.27,11.27,10.8,11.15,11.22,997614.0,10955836.3,1948766593.95,2257875000.0,107859673.09,-9738189.02000001,1131691217.76,1259916204.35,128224986.59,26693660.12,424.09,444.88,242.65,220.61,376.55,377.8,0.0,0.0,,,,,,,基础化工,化学制品,其他化学制品,11.2,11.11,10.89
sz300214,日科化学,2012-08-01,11.1,11.58,11.1,11.35,11.15,365972.0,4160703.8,1983722048.55,2298375000.0,107859673.09,-9738189.02000001,1131691217.76,1259916204.35,128224986.59,26693660.12,192.73,144.4,0.0,0.0,221.52,269.85,0.0,0.0,,,,,,,基础化工,化学制品,其他化学制品,11.1,11.18,11.18
sz300214,日科化学,2012-08-02,11.35,11.56,11.3,11.5,11.35,497867.0,5677600.3,2009938639.5,2328750000.0,107859673.09,-9738189.02000001,1131691217.76,1259916204.35,128224986.59,26693660.12,177.98,202.37,0.0,0.0,345.83,321.45,0.0,0.0,,,,,,,基础化工,化学制品,其他化学制品,11.35,11.4,11.37
sz300214,日科化学,2012-08-03,11.65,11.86,11.45,11.81,11.5,1478032.0,17247289.9,2064119594.13,2391525000.0,107859673.09,-9738189.02000001,1131691217.76,1259916204.35,128224986.59,26693660.12,505.79,714.42,510.29,229.26,661.41,718.45,0.0,15.37,,,,,,,基础化工,化学制品,其他化学制品,11.53,11.53,11.56
sz300214,日科化学,2012-08-06,11.8,12.1,11.67,12.04,11.81,1348817.0,16082847.2,2104318366.92,2438100000.0,107859673.09,-9738189.02000001,1131691217.76,1259916204.35,128224986.59,26693660.12,836.85,683.14,169.5,308.73,474.1,608.34,119.76,0.0,,,,,,,基础化工,化学制品,其他化学制品,11.75,11.73,11.69
sz300214,日科化学,2012-08-07,12.1,12.15,11.89,11.97,12.04,1090161.0,13083116.4,2092083957.81,2423925000.0,107859673.09,-9738189.02000001,1131691217.76,1259916204.35,128224986.59,26693660.12,526.06,501.26,20.55,356.48,518.62,435.49,228.0,0.0,,,,,,,基础化工,化学制品,其他化学制品,12.05,12.07,12.05
sz300214,日科化学,2012-08-08,11.9,12.13,11.85,11.97,11.97,1058941.0,12718249.6,952809258.87,2423925000.0,116668235.78999999,62150249.870000005,1147408390.2,1237289941.17,89881550.97,38399635.370000005,600.08,609.71,344.53,199.97,294.66,429.59,0.0,0.0,,,,,,,基础化工,化学制品,其他化学制品,11.96,11.87,11.9
sz300214,日科化学,2012-08-09,11.96,12.34,11.87,12.2,11.97,1485500.0,18058878.6,971117206.2,2470500000.0,116668235.78999999,62150249.870000005,1147408390.2,1237289941.17,89881550.97,38399635.370000005,988.06,626.53,288.54,564.47,522.33,607.93,0.0,0.0,,,,,,,基础化工,化学制品,其他化学制品,11.88,11.92,12.0
sz300214,日科化学,2012-08-10,12.2,12.54,12.04,12.5,12.2,2428780.0,30086797.1,994997137.5,2531250000.0,116668235.78999999,62150249.870000005,1147408390.2,1237289941.17,89881550.97,38399635.370000005,1314.51,1469.47,853.0,446.62,814.35,1065.77,0.0,0.0,,,,,,,基础化工,化学制品,其他化学制品,12.15,12.15,12.2
sz300214,日科化学,2012-08-13,12.48,12.63,12.2,12.22,12.5,1995117.0,24788157.6,972709201.62,2474550000.0,116668235.78999999,62150249.870000005,1147408390.2,1237289941.17,89881550.97,38399635.370000005,1133.5,1121.83,614.28,675.92,710.88,660.9,0.0,0.0,,,,,,,基础化工,化学制品,其他化学制品,12.48,12.57,12.56
sz300214,日科化学,2012-08-14,12.18,12.48,12.07,12.45,12.22,1201094.0,14735854.8,991017148.95,2521125000.0,116668235.78999999,62150249.870000005,1147408390.2,1237289941.17,89881550.97,38399635.370000005,674.36,778.75,200.14,118.61,597.92,575.07,0.0,0.0,,,,,,,基础化工,化学制品,其他化学制品,12.25,12.17,12.18
sz300214,日科化学,2012-08-15,12.36,12.45,12.13,12.18,12.45,1589655.0,19444756.5,969525210.78,2466450000.0,116668235.78999999,62150249.870000005,1147408390.2,1237289941.17,89881550.97,38399635.370000005,1009.33,753.81,361.93,772.37,569.93,415.0,0.0,0.0,,,,,,,基础化工,化学制品,其他化学制品,12.4,12.41,12.3
sz300214,日科化学,2012-08-16,12.15,12.21,12.04,12.11,12.18,401864.0,4869661.3,963953226.81,2452275000.0,116668235.78999999,62150249.870000005,1147408390.2,1237289941.17,89881550.97,38399635.370000005,179.38,217.4,20.52,27.6,269.27,224.17,0.0,0.0,,,,,,,基础化工,化学制品,其他化学制品,12.15,12.14,12.09
sz300214,日科化学,2012-08-17,12.15,12.15,11.91,12.14,12.11,515592.0,6207030.7,966341219.94,2458350000.0,116668235.78999999,62150249.870000005,1147408390.2,1237289941.17,89881550.97,38399635.370000005,231.97,272.1,47.19,64.22,237.01,178.16,103.44,105.13,,,,,,,基础化工,化学制品,其他化学制品,12.15,12.09,11.98
sz300214,日科化学,2012-08-20,12.11,12.5,11.95,12.4,12.14,959707.0,11832316.3,987037160.4,2511000000.0,116668235.78999999,62150249.870000005,1147408390.2,1237289941.17,89881550.97,38399635.370000005,632.92,546.73,126.61,120.56,390.61,482.84,0.0,0.0,,,,,,,基础化工,化学制品,其他化学制品,12.05,11.97,11.95
sz300214,日科化学,2012-08-21,12.47,12.78,12.25,12.66,12.4,1691258.0,21362006.4,1007733100.86,2563650000.0,116668235.78999999,62150249.870000005,1147408390.2,1237289941.17,89881550.97,38399635.370000005,1201.55,1022.73,285.39,368.39,629.39,725.21,0.0,0.0,,,,,,,基础化工,化学制品,其他化学制品,12.45,12.42,12.44
sz300214,日科化学,2012-08-22,12.55,13.06,12.55,12.85,12.66,2202524.0,28489772.2,1022857057.35,2602125000.0,116668235.78999999,62150249.870000005,1147408390.2,1237289941.17,89881550.97,38399635.370000005,1321.99,1447.71,487.7,316.65,1014.68,1060.01,0.0,0.0,,,,,,,基础化工,化学制品,其他化学制品,12.66,12.71,12.92
sz300214,日科化学,2012-08-23,12.85,13.03,12.81,12.93,12.85,1465711.0,18927774.0,1029225039.03,2618325000.0,116668235.78999999,62150249.870000005,1147408390.2,1237289941.17,89881550.97,38399635.370000005,815.63,1053.08,142.19,185.32,814.45,518.47,111.46,126.86,,,,,,,基础化工,化学制品,其他化学制品,12.89,13.0,13.0
sz300214,日科化学,2012-08-24,12.83,12.92,12.66,12.73,12.93,763029.0,9728864.7,1013305084.83,2577825000.0,116668235.78999999,62150249.870000005,1147408390.2,1237289941.17,89881550.97,38399635.370000005,351.73,407.47,148.4,162.82,460.92,390.76,0.0,0.0,,,,,,,基础化工,化学制品,其他化学制品,12.82,12.85,12.84
sz300214,日科化学,2012-08-27,12.6,12.92,12.41,12.72,12.73,724267.0,9215285.4,1012509087.12,2575800000.0,116668235.78999999,62150249.870000005,1147408390.2,1237289941.17,89881550.97,38399635.370000005,472.62,429.59,27.22,81.22,421.05,410.08,0.0,0.0,,,,,,,基础化工,化学制品,其他化学制品,12.5,12.66,12.67
sz300214,日科化学,2012-08-28,12.7,13.08,12.64,12.95,12.72,1031853.0,13331565.6,1030817034.45,2622375000.0,116668235.78999999,62150249.870000005,1147408390.2,1237289941.17,89881550.97,38399635.370000005,500.76,741.66,46.39,39.03,749.23,515.69,0.0,0.0,,,,,,,基础化工,化学制品,其他化学制品,12.87,12.8,12.74
sz300214,日科化学,2012-08-29,12.8,13.28,12.8,13.05,12.95,1595541.0,21018456.1,1038777011.55,2642625000.0,116668235.78999999,62150249.870000005,1147408390.2,1237289941.17,89881550.97,38399635.370000005,803.68,1000.78,264.42,357.44,1008.98,718.86,0.0,0.0,,,,,,,基础化工,化学制品,其他化学制品,12.96,12.96,12.98
sz300214,日科化学,2012-08-30,13.05,13.25,12.45,12.9,13.05,2702310.0,34845724.3,1026837045.9,2612250000.0,116668235.78999999,62150249.870000005,1147408390.2,1237289941.17,89881550.97,38399635.370000005,1526.98,1355.21,900.46,1106.49,1026.17,991.91,0.0,0.0,,,,,,,基础化工,化学制品,其他化学制品,13.05,13.22,13.2
sz300214,日科化学,2012-08-31,12.9,13.25,12.65,13.21,12.9,1315682.0,17224498.1,1051512974.91,2675025000.0,116668235.78999999,62150249.870000005,1147408390.2,1237289941.17,89881550.97,38399635.370000005,735.39,806.26,77.96,182.31,852.07,676.84,0.0,0.0,,,,,,,基础化工,化学制品,其他化学制品,12.91,12.8,12.85
sz300214,日科化学,2012-09-03,13.22,13.35,12.87,12.92,13.21,2406185.0,31438121.7,1028429041.32,2616300000.0,116668235.78999999,62150249.870000005,1147408390.2,1237289941.17,89881550.97,38399635.370000005,1212.62,1050.18,608.8,789.13,1322.39,1304.51,0.0,0.0,,,,,,,基础化工,化学制品,其他化学制品,13.04,13.27,13.22
sz300214,日科化学,2012-09-04,12.94,12.98,12.52,12.52,12.92,1880419.0,23961521.3,996589132.92,2535300000.0,116668235.78999999,62150249.870000005,1147408390.2,1237289941.17,89881550.97,38399635.370000005,694.09,807.97,258.9,219.64,1360.72,1286.1,0.0,0.0,,,,,,,基础化工,化学制品,其他化学制品,12.92,12.82,12.86
sz300214,日科化学,2012-09-05,12.48,12.76,12.46,12.66,12.52,520853.0,6593692.7,1007733100.86,2563650000.0,116668235.78999999,62150249.870000005,1147408390.2,1237289941.17,89881550.97,38399635.370000005,221.23,280.11,0.0,0.51,419.15,359.76,0.0,0.0,,,,,,,基础化工,化学制品,其他化学制品,12.57,12.6,12.55
sz300214,日科化学,2012-09-06,12.66,12.8,12.57,12.8,12.66,768650.0,9754475.7,1018877068.8,2592000000.0,116668235.78999999,62150249.870000005,1147408390.2,1237289941.17,89881550.97,38399635.370000005,349.07,385.54,149.96,199.98,463.94,377.45,0.0,0.0,,,,,,,基础化工,化学制品,其他化学制品,12.63,12.77,12.73
sz300214,日科化学,2012-09-07,12.88,13.8,12.8,13.75,12.8,3073969.0,41170662.6,1094496851.25,2784375000.0,116668235.78999999,62150249.870000005,1147408390.2,1237289941.17,89881550.97,38399635.370000005,2093.43,2073.27,1024.87,590.79,998.77,1347.27,0.0,105.74,,,,,,,基础化工,化学制品,其他化学制品,12.8,12.94,13.07
sz300214,日科化学,2012-09-10,14.11,14.11,13.51,13.71,13.75,1646505.0,22666327.4,1091312860.41,2776275000.0,116668235.78999999,62150249.870000005,1147408390.2,1237289941.17,89881550.97,38399635.370000005,987.05,1216.69,289.11,294.45,935.77,700.79,0.0,0.0,,,,,,,基础化工,化学制品,其他化学制品,13.76,13.83,13.85
sz300214,日科化学,2012-09-11,13.65,13.65,13.25,13.48,13.71,1719628.0,23020749.0,1073004913.08,2729700000.0,116668235.78999999,62150249.870000005,1147408390.2,1237289941.17,89881550.97,38399635.370000005,1203.81,1342.59,134.49,262.53,955.15,688.32,0.0,0.0,,,,,,,基础化工,化学制品,其他化学制品,13.42,13.31,13.32
sz300214,日科化学,2012-09-12,13.48,13.69,13.33,13.53,13.48,1081339.0,14610664.5,1076984901.63,2739825000.0,116668235.78999999,62150249.870000005,1147408390.2,1237289941.17,89881550.97,38399635.370000005,747.24,781.14,272.09,267.76,411.57,382.0,0.0,0.0,,,,,,,基础化工,化学制品,其他化学制品,13.6,13.6,13.55
sz300214,日科化学,2012-09-13,13.55,13.68,13.4,13.54,13.53,829050.0,11235700.4,1077780899.34,2741850000.0,116668235.78999999,62150249.870000005,1147408390.2,1237289941.17,89881550.97,38399635.370000005,499.63,469.97,241.31,216.81,287.17,341.33,0.0,0.0,,,,,,,基础化工,化学制品,其他化学制品,13.53,13.59,13.53
sz300214,日科化学,2012-09-14,13.62,13.7,13.2,13.51,13.54,657392.0,8808868.1,1075392906.21,2735775000.0,116668235.78999999,62150249.870000005,1147408390.2,1237289941.17,89881550.97,38399635.370000005,320.63,472.48,246.27,147.03,309.94,257.33,0.0,0.0,,,,,,,基础化工,化学制品,其他化学制品,13.61,13.4,13.4
sz300214,日科化学,2012-09-17,13.48,13.53,13.13,13.13,13.51,474362.0,6296878.9,1045144993.23,2658825000.0,116668235.78999999,62150249.870000005,1147408390.2,1237289941.17,89881550.97,38399635.370000005,229.63,322.0,143.77,75.39,248.01,224.03,0.0,0.0,,,,,,,基础化工,化学制品,其他化学制品,13.48,13.34,13.28
sz300214,日科化学,2012-09-18,13.11,13.3,12.87,13.22,13.13,439886.0,5789025.9,1052308972.62,2677050000.0,116668235.78999999,62150249.870000005,1147408390.2,1237289941.17,89881550.97,38399635.370000005,200.26,252.02,188.26,126.28,184.44,194.65,0.0,0.0,,,,,,,基础化工,化学制品,其他化学制品,13.13,13.13,13.13
sz300214,日科化学,2012-09-19,13.37,13.4,13.21,13.39,13.22,366221.0,4882596.4,1065840933.69,2711475000.0,116668235.78999999,62150249.870000005,1147408390.2,1237289941.17,89881550.97,38399635.370000005,169.37,188.42,40.89,65.13,267.28,224.0,0.0,0.0,,,,,,,基础化工,化学制品,其他化学制品,13.3,13.31,13.3
sz300214,日科化学,2012-09-20,13.39,13.39,13.15,13.24,13.39,633783.0,8391988.6,1053900968.04,2681100000.0,116668235.78999999,62150249.870000005,1147408390.2,1237289941.17,89881550.97,38399635.370000005,269.26,429.54,140.82,148.68,422.5,254.36,0.0,0.0,,,,,,,基础化工,化学制品,其他化学制品,13.39,13.35,13.35
sz300214,日科化学,2012-09-21,13.2,13.35,13.05,13.13,13.24,290081.0,3816765.2,1045144993.23,2658825000.0,116668235.78999999,62150249.870000005,1147408390.2,1237289941.17,89881550.97,38399635.370000005,152.89,152.97,25.99,52.47,201.48,174.92,0.0,0.0,,,,,,,基础化工,化学制品,其他化学制品,13.09,13.14,13.11
sz300214,日科化学,2012-09-24,13.1,13.1,12.28,12.93,13.13,882074.0,11319568.2,1029225039.03,2618325000.0,116668235.78999999,62150249.870000005,1147408390.2,1237289941.17,89881550.97,38399635.370000005,511.55,728.13,21.17,24.27,595.75,376.06,0.0,0.0,,,,,,,基础化工,化学制品,其他化学制品,12.96,12.98,12.95
sz300214,日科化学,2012-09-25,12.9,13.09,12.7,12.89,12.93,470483.0,6075859.8,1026041048.19,2610225000.0,116668235.78999999,62150249.870000005,1147408390.2,1237289941.17,89881550.97,38399635.370000005,215.76,357.93,0.0,77.18,391.82,172.47,0.0,0.0,,,,,,,基础化工,化学制品,其他化学制品,12.9,12.9,12.75
sz300214,日科化学,2012-09-26,12.61,12.98,12.61,12.8,12.89,484200.0,6239035.2,1018877068.8,2592000000.0,116668235.78999999,62150249.870000005,1147408390.2,1237289941.17,89881550.97,38399635.370000005,100.25,186.34,0.0,51.59,517.0,379.32,0.0,0.0,,,,,,,基础化工,化学制品,其他化学制品,12.9,12.89,12.7
sz300214,日科化学,2012-09-27,12.66,13.17,12.5,13.06,12.8,766915.0,9857564.9,1039573009.26,2644650000.0,116668235.78999999,62150249.870000005,1147408390.2,1237289941.17,89881550.97,38399635.370000005,272.71,543.02,55.11,93.87,656.5,347.43,0.0,0.0,,,,,,,基础化工,化学制品,其他化学制品,12.8,12.56,12.74
sz300214,日科化学,2012-09-28,13.0,13.45,12.68,13.45,13.06,914268.0,12051493.3,1070616919.95,2723625000.0,116668235.78999999,62150249.870000005,1147408390.2,1237289941.17,89881550.97,38399635.370000005,487.42,566.66,123.62,124.79,447.19,366.79,0.0,0.0,,,,,,,基础化工,化学制品,其他化学制品,12.97,12.88,12.92
sz300214,日科化学,2012-10-08,13.45,13.5,13.25,13.27,13.45,165200.0,2204250.0,1056288961.17,2687175000.0,116668235.78999999,62150249.870000005,1147408390.2,1237289941.17,89881550.97,38399635.370000005,81.69,120.84,26.18,1.74,112.56,97.85,0.0,0.0,,,,,,,基础化工,化学制品,其他化学制品,13.27,13.43,13.37
sz300214,日科化学,2012-10-09,13.43,13.92,13.36,13.88,13.27,978589.0,13462108.9,1104844821.48,2810700000.0,116668235.78999999,62150249.870000005,1147408390.2,1237289941.17,89881550.97,38399635.370000005,458.08,809.6,319.27,95.35,558.31,430.71,0.0,0.0,,,,,,,基础化工,化学制品,其他化学制品,13.43,13.52,13.5
sz300214,日科化学,2012-10-10,13.65,14.07,13.65,13.96,13.88,793848.0,11063845.4,1111212803.16,2826900000.0,116668235.78999999,62150249.870000005,1147408390.2,1237289941.17,89881550.97,38399635.370000005,299.38,274.46,151.34,248.55,655.39,329.63,0.0,253.47,,,,,,,基础化工,化学制品,其他化学制品,13.68,13.74,13.72
sz300214,日科化学,2012-10-11,13.7,14.2,13.2,13.48,13.96,1246200.0,17128301.3,1073004913.08,2729700000.0,116668235.78999999,62150249.870000005,1147408390.2,1237289941.17,89881550.97,38399635.370000005,531.5,972.99,279.12,113.02,861.77,586.38,0.0,0.0,,,,,,,基础化工,化学制品,其他化学制品,13.73,14.0,13.97
sz300214,日科化学,2012-10-12,13.4,13.59,13.3,13.49,13.48,474115.0,6359430.7,1073800910.79,2731725000.0,116668235.78999999,62150249.870000005,1147408390.2,1237289941.17,89881550.97,38399635.370000005,292.95,282.35,121.63,154.47,221.37,199.12,0.0,0.0,,,,,,,基础化工,化学制品,其他化学制品,13.58,13.51,13.45
sz300214,日科化学,2012-10-15,13.2,13.58,13.0,13.19,13.49,372855.0,4926500.3,1049920979.49,2670975000.0,116668235.78999999,62150249.870000005,1147408390.2,1237289941.17,89881550.97,38399635.370000005,218.31,224.08,34.45,105.81,238.57,161.43,0.0,0.0,,,,,,,基础化工,化学制品,其他化学制品,13.48,13.5,13.5
sz300214,日科化学,2012-10-16,13.2,13.3,12.9,12.94,13.19,420220.0,5521175.0,1030021036.74,2620350000.0,116668235.78999999,62150249.870000005,1147408390.2,1237289941.17,89881550.97,38399635.370000005,231.66,211.89,43.89,131.87,275.14,206.94,0.0,0.0,,,,,,,基础化工,化学制品,其他化学制品,13.2,13.2,13.21
sz300214,日科化学,2012-10-17,13.17,13.18,12.74,13.0,12.94,360265.0,4639547.1,1034797023.0,2632500000.0,116668235.78999999,62150249.870000005,1147408390.2,1237289941.17,89881550.97,38399635.370000005,176.55,200.44,40.91,108.03,241.03,150.02,0.0,0.0,,,,,,,基础化工,化学制品,其他化学制品,13.14,12.93,12.91
sz300214,日科化学,2012-10-18,13.0,13.18,12.99,13.18,13.0,385541.0,5040406.7,1049124981.78,2668950000.0,116668235.78999999,62150249.870000005,1147408390.2,1237289941.17,89881550.97,38399635.370000005,128.35,122.4,158.0,241.53,199.51,121.93,0.0,0.0,,,,,,,基础化工,化学制品,其他化学制品,12.99,13.01,13.02
sz300214,日科化学,2012-10-19,13.2,13.2,13.01,13.14,13.18,160611.0,2103544.9,1045940990.94,2660850000.0,116668235.78999999,62150249.870000005,1147408390.2,1237289941.17,89881550.97,38399635.370000005,35.02,53.64,48.6,31.18,126.6,125.41,0.0,0.0,,,,,,,基础化工,化学制品,其他化学制品,13.2,13.2,13.15
sz300214,日科化学,2012-10-22,13.18,13.6,13.05,13.59,13.14,527409.0,7087918.5,1081760887.89,2751975000.0,116668235.78999999,62150249.870000005,1147408390.2,1237289941.17,89881550.97,38399635.370000005,237.31,293.36,174.85,49.01,293.23,363.02,0.0,0.0,,,,,,,基础化工,化学制品,其他化学制品,13.1,13.1,13.1
sz300214,日科化学,2012-10-23,13.69,13.78,13.4,13.44,13.59,457566.0,6188771.6,1069820922.24,2721600000.0,122675307.22999999,82407026.00999999,1143924295.97,1215289345.31,71365049.34,28500466.369999997,319.74,289.01,37.43,73.06,259.42,254.52,0.0,0.0,,,,,,,基础化工,化学制品,其他化学制品,13.6,13.53,13.51
sz300214,日科化学,2012-10-24,13.41,13.65,13.3,13.42,13.44,454471.0,6132146.3,1068228926.82,2717550000.0,122675307.22999999,82407026.00999999,1143924295.97,1215289345.31,71365049.34,28500466.369999997,191.08,209.5,160.39,146.69,261.08,256.36,0.0,0.0,,,,,,,基础化工,化学制品,其他化学制品,13.41,13.39,13.42
sz300214,日科化学,2012-10-25,13.12,13.5,13.08,13.12,13.42,393850.0,5233032.0,1044348995.52,2656800000.0,122675307.22999999,82407026.00999999,1143924295.97,1215289345.31,71365049.34,28500466.369999997,207.55,222.92,107.06,54.21,208.57,246.05,0.0,0.0,,,,,,,基础化工,化学制品,其他化学制品,13.37,13.35,13.4
sz300214,日科化学,2012-10-26,13.22,13.22,12.9,12.95,13.12,231348.0,3011982.6,1030817034.45,2622375000.0,122675307.22999999,82407026.00999999,1143924295.97,1215289345.31,71365049.34,28500466.369999997,86.86,102.83,37.66,0.0,175.52,197.2,0.0,0.0,,,,,,,基础化工,化学制品,其他化学制品,13.17,13.1,13.09
sz300214,日科化学,2012-10-29,12.89,13.1,12.49,12.5,12.95,375174.0,4779311.9,994997137.5,2531250000.0,122675307.22999999,82407026.00999999,1143924295.97,1215289345.31,71365049.34,28500466.369999997,90.17,205.21,26.06,52.97,337.82,195.86,0.0,0.0,,,,,,,基础化工,化学制品,其他化学制品,13.1,13.05,13.0
sz300214,日科化学,2012-10-30,12.53,12.82,12.5,12.71,12.5,195598.0,2481342.7,1011713089.41,2573775000.0,122675307.22999999,82407026.00999999,1143924295.97,1215289345.31,71365049.34,28500466.369999997,93.55,103.23,74.71,34.84,79.75,109.94,0.0,0.0,,,,,,,基础化工,化学制品,其他化学制品,12.55,12.7,12.79
sz300214,日科化学,2012-10-31,12.82,12.83,12.62,12.77,12.71,84950.0,1078766.5,1016489075.67,2585925000.0,122675307.22999999,82407026.00999999,1143924295.97,1215289345.31,71365049.34,28500466.369999997,37.06,77.91,0.0,0.0,70.69,29.84,0.0,0.0,,,,,,,基础化工,化学制品,其他化学制品,12.82,12.83,12.73
sz300214,日科化学,2012-11-01,12.77,13.18,12.77,13.1,12.77,257272.0,3344030.8,1042757000.1,2652750000.0,122675307.22999999,82407026.00999999,1143924295.97,1215289345.31,71365049.34,28500466.369999997,158.48,154.24,63.88,0.0,100.91,169.03,0.0,0.0,,,,,,,基础化工,化学制品,其他化学制品,12.77,12.85,12.85
sz300214,日科化学,2012-11-02,13.05,13.25,12.93,13.11,13.1,170516.0,2231193.1,1043552997.81,2654775000.0,122675307.22999999,82407026.00999999,1143924295.97,1215289345.31,71365049.34,28500466.369999997,49.86,102.94,0.0,0.0,171.95,118.87,0.0,0.0,,,,,,,基础化工,化学制品,其他化学制品,13.25,13.12,13.1
sz300214,日科化学,2012-11-05,13.15,13.17,12.77,12.92,13.11,304133.0,3926917.5,1028429041.32,2616300000.0,122675307.22999999,82407026.00999999,1143924295.97,1215289345.31,71365049.34,28500466.369999997,123.0,120.53,31.72,99.94,227.12,161.38,0.0,0.0,,,,,,,基础化工,化学制品,其他化学制品,13.15,13.15,13.04
sz300214,日科化学,2012-11-06,12.85,12.97,12.66,12.78,12.92,216987.0,2779055.0,1017285073.38,2587950000.0,122675307.22999999,82407026.00999999,1143924295.97,1215289345.31,71365049.34,28500466.369999997,94.33,175.7,25.78,0.0,156.02,100.43,0.0,0.0,,,,,,,基础化工,化学制品,其他化学制品,12.97,12.95,12.86
sz300214,日科化学,2012-11-07,12.72,12.93,12.71,12.85,12.78,340173.0,4351625.9,1022857057.35,2602125000.0,122675307.22999999,82407026.00999999,1143924295.97,1215289345.31,71365049.34,28500466.369999997,102.26,88.33,1.94,43.55,136.01,81.87,191.1,217.56,,,,,,,基础化工,化学制品,其他化学制品,12.71,12.83,12.78
sz300214,日科化学,2012-11-08,12.62,12.79,12.4,12.41,12.85,158624.0,2005239.3,987833158.11,2513025000.0,122675307.22999999,82407026.00999999,1143924295.97,1215289345.31,71365049.34,28500466.369999997,46.99,106.29,15.29,0.0,131.79,87.78,0.0,0.0,,,,,,,基础化工,化学制品,其他化学制品,12.78,12.67,12.68
sz300214,日科化学,2012-11-09,12.25,12.57,12.25,12.48,12.41,196108.0,2442192.4,993405142.08,2527200000.0,122675307.22999999,82407026.00999999,1143924295.97,1215289345.31,71365049.34,28500466.369999997,58.99,74.85,58.31,68.53,87.0,99.71,38.8,0.0,,,,,,,基础化工,化学制品,其他化学制品,12.57,12.41,12.38
sz300214,日科化学,2012-11-12,12.54,12.92,12.45,12.58,12.48,306548.0,3891145.7,1001365119.18,2547450000.0,122675307.22999999,82407026.00999999,1143924295.97,1215289345.31,71365049.34,28500466.369999997,176.4,81.9,74.34,31.93,137.87,274.79,0.0,0.0,,,,,,,基础化工,化学制品,其他化学制品,12.54,12.53,12.46
sz300214,日科化学,2012-11-13,12.52,12.52,12.23,12.26,12.58,268640.0,3308585.2,975893192.46,2482650000.0,122675307.22999999,82407026.00999999,1143924295.97,1215289345.31,71365049.34,28500466.369999997,144.03,134.12,11.36,72.69,173.26,121.84,0.0,0.0,,,,,,,基础化工,化学制品,其他化学制品,12.5,12.46,12.3
sz300214,日科化学,2012-11-14,12.25,12.42,12.24,12.39,12.26,139141.0,1712895.9,986241162.69,2508975000.0,122675307.22999999,82407026.00999999,1143924295.97,1215289345.31,71365049.34,28500466.369999997,77.99,87.19,22.16,20.95,71.14,63.15,0.0,0.0,,,,,,,基础化工,化学制品,其他化学制品,12.24,12.39,12.39
sz300214,日科化学,2012-11-15,12.2,12.29,12.0,12.04,12.39,99798.0,1214996.0,958381242.84,2438100000.0,122675307.22999999,82407026.00999999,1143924295.97,1215289345.31,71365049.34,28500466.369999997,15.56,50.08,0.0,0.0,104.26,69.74,0.0,0.0,,,,,,,基础化工,化学制品,其他化学制品,12.2,12.2,12.2
sz300214,日科化学,2012-11-16,12.14,12.14,11.83,11.94,12.04,195520.0,2330320.2,950421265.74,2417850000.0,122675307.22999999,82407026.00999999,1143924295.97,1215289345.31,71365049.34,28500466.369999997,73.71,83.43,54.89,84.66,104.43,64.93,0.0,0.0,,,,,,,基础化工,化学制品,其他化学制品,12.14,12.0,12.0
sz300214,日科化学,2012-11-19,11.85,12.55,11.61,12.48,11.94,748137.0,9156096.1,993405142.08,2527200000.0,122675307.22999999,82407026.00999999,1143924295.97,1215289345.31,71365049.34,28500466.369999997,292.63,398.27,0.0,0.0,621.23,483.22,0.0,32.38,,,,,,,基础化工,化学制品,其他化学制品,11.61,11.87,11.91
sz300214,日科化学,2012-11-20,12.3,12.53,12.3,12.35,12.48,86631.0,1075318.6,983057171.85,2500875000.0,122675307.22999999,82407026.00999999,1143924295.97,1215289345.31,71365049.34,28500466.369999997,50.37,39.62,0.0,0.0,57.16,67.91,0.0,0.0,,,,,,,基础化工,化学制品,其他化学制品,12.3,12.45,12.39
sz300214,日科化学,2012-11-21,12.31,12.5,12.21,12.4,12.35,107654.0,1329413.1,987037160.4,2511000000.0,122675307.22999999,82407026.00999999,1143924295.97,1215289345.31,71365049.34,28500466.369999997,59.44,88.92,0.0,1.23,63.95,33.24,0.0,0.0,,,,,,,基础化工,化学制品,其他化学制品,12.31,12.4,12.38
sz300214,日科化学,2012-11-22,12.4,12.4,12.09,12.24,12.4,180850.0,2204254.5,974301197.04,2478600000.0,122675307.22999999,82407026.00999999,1143924295.97,1215289345.31,71365049.34,28500466.369999997,27.07,21.0,0.0,0.0,74.77,77.56,112.47,115.75,,,,,,,基础化工,化学制品,其他化学制品,12.4,12.34,12.35
sz300214,日科化学,2012-11-23,12.23,12.23,12.04,12.12,12.24,112640.0,1370310.8,964749224.52,2454300000.0,122675307.22999999,82407026.00999999,1143924295.97,1215289345.31,71365049.34,28500466.369999997,52.27,49.88,0.0,0.0,82.79,85.18,0.0,0.0,,,,,,,基础化工,化学制品,其他化学制品,12.23,12.1,12.1
sz300214,日科化学,2012-11-26,11.85,12.86,11.85,12.18,12.12,157850.0,1912639.4,969525210.78,2466450000.0,122675307.22999999,82407026.00999999,1143924295.97,1215289345.31,71365049.34,28500466.369999997,93.14,96.57,60.8,21.56,37.33,73.14,0.0,0.0,,,,,,,基础化工,化学制品,其他化学制品,12.32,12.2,12.03
sz300214,日科化学,2012-11-27,12.01,12.2,11.63,11.91,12.18,143858.0,1699001.4,948033272.61,2411775000.0,122675307.22999999,82407026.00999999,1143924295.97,1215289345.31,71365049.34,28500466.369999997,64.59,91.84,0.0,0.0,105.31,78.06,0.0,0.0,,,,,,,基础化工,化学制品,其他化学制品,12.01,12.2,12.01
sz300214,日科化学,2012-11-28,11.8,11.97,11.67,11.8,11.91,119435.0,1410652.1,939277297.8,2389500000.0,122675307.22999999,82407026.00999999,1143924295.97,1215289345.31,71365049.34,28500466.369999997,29.83,38.64,23.3,10.91,87.93,91.52,0.0,0.0,,,,,,,基础化工,化学制品,其他化学制品,11.76,11.7,11.67
sz300214,日科化学,2012-11-29,11.84,11.92,11.68,11.76,11.8,55700.0,655029.0,936093306.96,2381400000.0,122675307.22999999,82407026.00999999,1143924295.97,1215289345.31,71365049.34,28500466.369999997,10.3,33.39,0.0,0.0,54.02,30.93,0.0,0.0,,,,,,,基础化工,化学制品,其他化学制品,11.84,11.85,11.85
sz300214,日科化学,2012-11-30,11.7,11.94,11.54,11.66,11.76,148613.0,1746203.8,928133329.86,2361150000.0,122675307.22999999,82407026.00999999,1143924295.97,1215289345.31,71365049.34,28500466.369999997,81.15,88.44,0.0,25.73,91.54,58.53,0.0,0.0,,,,,,,基础化工,化学制品,其他化学制品,11.7,11.7,11.68
sz300214,日科化学,2012-12-03,11.6,11.8,11.45,11.45,11.66,133340.0,1541394.5,911417377.95,2318625000.0,122675307.22999999,82407026.00999999,1143924295.97,1215289345.31,71365049.34,28500466.369999997,36.7,38.26,32.43,30.48,85.01,85.41,0.0,0.0,,,,,,,基础化工,化学制品,其他化学制品,11.6,11.66,11.68
sz300214,日科化学,2012-12-04,11.36,11.45,11.16,11.44,11.45,318133.0,3582867.9,910621380.24,2316600000.0,122675307.22999999,82407026.00999999,1143924295.97,1215289345.31,71365049.34,28500466.369999997,174.74,151.32,20.36,112.76,163.18,94.21,0.0,0.0,,,,,,,基础化工,化学制品,其他化学制品,11.36,11.36,11.45
sz300214,日科化学,2012-12-05,11.39,11.92,11.36,11.7,11.44,272711.0,3204138.3,931317320.7,2369250000.0,122675307.22999999,82407026.00999999,1143924295.97,1215289345.31,71365049.34,28500466.369999997,141.98,117.0,0.0,0.0,178.44,203.42,0.0,0.0,,,,,,,基础化工,化学制品,其他化学制品,11.36,11.36,11.44
sz300214,日科化学,2012-12-06,11.7,11.83,11.6,11.72,11.7,197520.0,2308705.6,932909316.12,2373300000.0,122675307.22999999,82407026.00999999,1143924295.97,1215289345.31,71365049.34,28500466.369999997,59.48,108.47,37.65,0.0,133.74,122.4,0.0,0.0,,,,,,,基础化工,化学制品,其他化学制品,11.7,11.63,11.71
sz300214,日科化学,2012-12-07,11.6,12.17,11.42,12.15,11.72,347989.0,4172313.5,967137217.65,2460375000.0,122675307.22999999,82407026.00999999,1143924295.97,1215289345.31,71365049.34,28500466.369999997,241.14,191.81,26.83,0.0,149.26,225.42,0.0,0.0,,,,,,,基础化工,化学制品,其他化学制品,11.42,11.42,11.77
sz300214,日科化学,2012-12-10,12.05,12.23,12.05,12.17,12.15,463993.0,5629730.7,968729213.07,2464425000.0,122675307.22999999,82407026.00999999,1143924295.97,1215289345.31,71365049.34,28500466.369999997,212.31,239.28,44.56,112.56,306.08,211.1,0.0,0.0,,,,,,,基础化工,化学制品,其他化学制品,12.05,12.08,12.05
sz300214,日科化学,2012-12-11,12.15,12.21,12.07,12.09,12.17,143350.0,1737491.0,962361231.39,2448225000.0,122675307.22999999,82407026.00999999,1143924295.97,1215289345.31,71365049.34,28500466.369999997,89.8,59.21,0.0,21.42,83.95,93.12,0.0,0.0,,,,,,,基础化工,化学制品,其他化学制品,12.15,12.12,12.18
sz300214,日科化学,2012-12-12,12.07,12.17,11.83,11.91,12.09,350000.0,4192746.2,948033272.61,2411775000.0,122675307.22999999,82407026.00999999,1143924295.97,1215289345.31,71365049.34,28500466.369999997,129.02,198.84,32.99,35.14,257.26,185.3,0.0,0.0,,,,,,,基础化工,化学制品,其他化学制品,12.02,12.1,12.1
sz300214,日科化学,2012-12-13,12.0,12.0,11.5,11.59,11.91,481150.0,5585422.3,922561345.89,2346975000.0,122675307.22999999,82407026.00999999,1143924295.97,1215289345.31,71365049.34,28500466.369999997,159.06,113.87,49.58,22.76,349.89,421.9,0.0,0.0,,,,,,,基础化工,化学制品,其他化学制品,11.6,11.6,11.62
sz300214,日科化学,2012-12-14,11.55,11.98,11.48,11.89,11.59,1801804.0,21092192.4,946441277.19,2407725000.0,122675307.22999999,82407026.00999999,1143924295.97,1215289345.31,71365049.34,28500466.369999997,886.46,572.87,264.83,741.61,957.91,678.77,0.0,115.95,,,,,,,基础化工,化学制品,其他化学制品,11.5,11.5,11.61
sz300214,日科化学,2012-12-17,11.8,11.93,11.25,11.69,11.89,1484352.0,17361079.5,930521322.99,2367225000.0,122675307.22999999,82407026.00999999,1143924295.97,1215289345.31,71365049.34,28500466.369999997,686.43,645.94,272.72,569.16,776.94,521.0,0.0,0.0,,,,,,,基础化工,化学制品,其他化学制品,11.84,11.85,11.83
sz300214,日科化学,2012-12-18,11.64,11.85,11.48,11.74,11.69,686584.0,8008354.9,934501311.54,2377350000.0,122675307.22999999,82407026.00999999,1143924295.97,1215289345.31,71365049.34,28500466.369999997,290.24,366.88,74.21,63.47,436.37,370.48,0.0,0.0,,,,,,,基础化工,化学制品,其他化学制品,11.53,11.5,11.59
sz300214,日科化学,2012-12-19,11.6,11.76,11.56,11.67,11.74,674343.0,7849210.9,928929327.57,2363175000.0,122675307.22999999,82407026.00999999,1143924295.97,1215289345.31,71365049.34,28500466.369999997,357.65,366.51,51.65,170.99,375.62,247.42,0.0,0.0,,,,,,,基础化工,化学制品,其他化学制品,11.6,11.59,11.67
sz300214,日科化学,2012-12-20,11.67,11.67,11.39,11.5,11.67,754618.0,8691415.6,915397366.5,2328750000.0,122675307.22999999,82407026.00999999,1143924295.97,1215289345.31,71365049.34,28500466.369999997,317.43,436.37,0.0,79.26,551.7,353.5,0.0,0.0,,,,,,,基础化工,化学制品,其他化学制品,11.61,11.55,11.55
sz300214,日科化学,2012-12-21,11.51,11.72,11.5,11.72,11.5,1314463.0,15273232.7,932909316.12,2373300000.0,122675307.22999999,82407026.00999999,1143924295.97,1215289345.31,71365049.34,28500466.369999997,601.67,604.23,160.79,288.94,764.85,634.13,0.0,0.0,,,,,,,基础化工,化学制品,其他化学制品,11.62,11.59,11.56
sz300214,日科化学,2012-12-24,11.68,12.28,11.68,12.26,11.72,2174219.0,26139835.8,975893192.46,2482650000.0,122675307.22999999,82407026.00999999,1143924295.97,1215289345.31,71365049.34,28500466.369999997,988.58,1087.8,313.9,153.94,1311.48,1372.23,0.0,0.0,,,,,,,基础化工,化学制品,其他化学制品,11.75,11.75,11.78
sz300214,日科化学,2012-12-25,12.22,12.47,12.06,12.33,12.26,1472165.0,18060848.6,981465176.43,2496825000.0,122675307.22999999,82407026.00999999,1143924295.97,1215289345.31,71365049.34,28500466.369999997,736.46,836.98,133.38,93.66,936.24,875.44,0.0,0.0,,,,,,,基础化工,化学制品,其他化学制品,12.1,12.08,12.13
sz300214,日科化学,2012-12-26,12.37,12.61,12.28,12.59,12.33,1652085.0,20519984.7,1002161116.89,2549475000.0,122675307.22999999,82407026.00999999,1143924295.97,1215289345.31,71365049.34,28500466.369999997,947.13,1002.47,287.59,286.71,817.28,762.82,0.0,0.0,,,,,,,基础化工,化学制品,其他化学制品,12.37,12.37,12.35
sz300214,日科化学,2012-12-27,12.6,12.7,12.3,12.31,12.59,1342798.0,16746815.2,979873181.01,2492775000.0,122675307.22999999,82407026.00999999,1143924295.97,1215289345.31,71365049.34,28500466.369999997,664.08,830.94,243.02,198.27,765.72,645.46,1.87,0.0,,,,,,,基础化工,化学制品,其他化学制品,12.58,12.63,12.47
sz300214,日科化学,2012-12-28,12.31,12.4,12.13,12.34,12.31,1009874.0,12392196.7,982261174.14,2498850000.0,122675307.22999999,82407026.00999999,1143924295.97,1215289345.31,71365049.34,28500466.369999997,407.97,448.86,133.35,253.03,697.9,537.33,0.0,0.0,,,,,,,基础化工,化学制品,其他化学制品,12.25,12.4,12.28
sz300214,日科化学,2012-12-31,12.29,12.65,12.2,12.65,12.34,2262670.0,28033170.3,1006937103.15,2561625000.0,122675307.22999999,82407026.00999999,1143924295.97,1215289345.31,71365049.34,28500466.369999997,902.33,954.73,430.65,674.28,1470.33,1052.21,0.0,122.08,,,,,,,基础化工,化学制品,其他化学制品,12.28,12.27,12.32
sz300214,日科化学,2013-01-04,12.66,12.66,12.3,12.35,12.65,1409413.0,17484633.3,983057171.85,2500875000.0,122675307.22999999,82407026.00999999,1143924295.97,1215289345.31,71365049.34,28500466.369999997,828.24,940.62,171.22,354.16,749.0,453.68,0.0,0.0,,,,,,,基础化工,化学制品,其他化学制品,12.6,12.43,12.43
sz300214,日科化学,2013-01-07,12.2,12.38,12.2,12.37,12.35,1670592.0,20513430.4,984649167.27,2504925000.0,122675307.22999999,82407026.00999999,1143924295.97,1215289345.31,71365049.34,28500466.369999997,933.51,999.36,150.55,389.33,967.27,662.63,0.0,0.0,,,,,,,基础化工,化学制品,其他化学制品,12.27,12.3,12.29
sz300214,日科化学,2013-01-08,12.31,12.9,12.31,12.9,12.37,2751802.0,34978335.6,1026837045.9,2612250000.0,122675307.22999999,82407026.00999999,1143924295.97,1215289345.31,71365049.34,28500466.369999997,1780.29,1439.77,408.95,358.42,1308.57,1693.25,0.0,6.37,,,,,,,基础化工,化学制品,其他化学制品,12.37,12.4,12.49
sz300214,日科化学,2013-01-09,12.83,13.05,12.56,12.79,12.9,1817864.0,23327304.6,1018081071.09,2589975000.0,122675307.22999999,82407026.00999999,1143924295.97,1215289345.31,71365049.34,28500466.369999997,975.57,888.19,371.19,482.71,985.93,961.8,0.0,0.0,,,,,,,基础化工,化学制品,其他化学制品,12.85,13.0,12.96
sz300214,日科化学,2013-01-10,12.75,13.14,12.67,12.83,12.79,1385291.0,17836669.3,1021265061.93,2598075000.0,122675307.22999999,82407026.00999999,1143924295.97,1215289345.31,71365049.34,28500466.369999997,756.13,826.6,244.06,116.84,783.46,840.21,0.0,0.0,,,,,,,基础化工,化学制品,其他化学制品,12.72,12.9,12.93
sz300214,日科化学,2013-01-11,12.83,12.9,12.26,12.34,12.83,1684955.0,21178604.1,982261174.14,2498850000.0,122675307.22999999,82407026.00999999,1143924295.97,1215289345.31,71365049.34,28500466.369999997,774.95,778.29,145.72,334.25,1197.15,1005.29,0.0,0.0,,,,,,,基础化工,化学制品,其他化学制品,12.89,12.79,12.85
sz300214,日科化学,2013-01-14,12.3,12.87,12.25,12.79,12.34,1666313.0,21116053.9,1018081071.09,2589975000.0,122675307.22999999,82407026.00999999,1143924295.97,1215289345.31,71365049.34,28500466.369999997,796.54,750.03,288.98,444.39,1026.07,917.18,0.0,0.0,,,,,,,基础化工,化学制品,其他化学制品,12.4,12.52,12.52
sz300214,日科化学,2013-01-15,12.76,13.1,12.73,12.96,12.79,2817029.0,36395781.0,1031613032.16,2624400000.0,122675307.22999999,82407026.00999999,1143924295.97,1215289345.31,71365049.34,28500466.369999997,1674.92,1529.35,516.0,859.0,1448.65,1251.22,0.0,0.0,,,,,,,基础化工,化学制品,其他化学制品,12.87,13.0,12.9
sz300214,日科化学,2013-01-16,13.0,13.34,12.72,12.96,12.96,3736673.0,48765717.6,1031613032.16,2624400000.0,122675307.22999999,82407026.00999999,1143924295.97,1215289345.31,71365049.34,28500466.369999997,2023.01,2230.06,869.48,1038.18,1983.65,1607.9,0.0,0.0,,,,,,,基础化工,化学制品,其他化学制品,13.18,13.29,13.22
sz300214,日科化学,2013-01-17,12.99,13.07,12.79,12.82,12.96,1739560.0,22425240.6,1020469064.22,2596050000.0,122675307.22999999,82407026.00999999,1143924295.97,1215289345.31,71365049.34,28500466.369999997,892.36,866.36,426.5,635.8,893.65,740.36,30.01,0.0,,,,,,,基础化工,化学制品,其他化学制品,12.95,12.83,12.89
sz300214,日科化学,2013-01-18,12.87,13.25,12.8,13.12,12.82,2260354.0,29493579.8,1044348995.52,2656800000.0,122675307.22999999,82407026.00999999,1143924295.97,1215289345.31,71365049.34,28500466.369999997,1257.39,1147.67,498.81,548.03,1027.2,1152.09,165.95,101.55,,,,,,,基础化工,化学制品,其他化学制品,12.92,12.85,12.91
sz300214,日科化学,2013-01-21,13.21,13.42,13.05,13.11,13.12,2414180.0,31855566.9,1043552997.81,2654775000.0,122675307.22999999,82407026.00999999,1143924295.97,1215289345.31,71365049.34,28500466.369999997,1575.67,1532.99,320.28,525.59,1289.58,1126.95,0.0,0.0,,,,,,,基础化工,化学制品,其他化学制品,13.21,13.18,13.24
sz300214,日科化学,2013-01-22,13.17,13.17,12.56,12.72,13.11,2568782.0,32954927.5,1012509087.12,2575800000.0,122675307.22999999,82407026.00999999,1143924295.97,1215289345.31,71365049.34,28500466.369999997,1334.78,1321.26,487.18,1051.24,1473.49,922.95,0.0,0.0,,,,,,,基础化工,化学制品,其他化学制品,13.06,12.94,12.94
sz300214,日科化学,2013-01-23,12.6,12.76,12.42,12.66,12.72,1377957.0,17370690.3,1007733100.86,2563650000.0,122675307.22999999,82407026.00999999,1143924295.97,1215289345.31,71365049.34,28500466.369999997,562.02,895.36,149.22,150.15,1025.82,691.55,0.0,0.0,,,,,,,基础化工,化学制品,其他化学制品,12.62,12.72,12.75
sz300214,日科化学,2013-01-24,12.63,12.75,12.12,12.12,12.66,2296479.0,28687663.1,964749224.52,2454300000.0,122675307.22999999,82407026.00999999,1143924295.97,1215289345.31,71365049.34,28500466.369999997,1222.04,1429.85,363.47,488.19,1162.04,829.52,121.2,121.2,,,,,,,基础化工,化学制品,其他化学制品,12.63,12.68,12.57
sz300214,日科化学,2013-01-25,12.11,12.18,11.96,12.08,12.12,1311841.0,15854355.1,961565233.68,2446200000.0,122675307.22999999,82407026.00999999,1143924295.97,1215289345.31,71365049.34,28500466.369999997,458.92,819.53,65.44,107.59,1061.07,658.31,0.0,0.0,,,,,,,基础化工,化学制品,其他化学制品,12.1,12.02,12.08
sz300214,日科化学,2013-01-28,11.97,12.34,11.96,12.34,12.08,2272588.0,27701881.0,982261174.14,2498850000.0,122675307.22999999,82407026.00999999,1143924295.97,1215289345.31,71365049.34,28500466.369999997,1079.99,1161.47,242.2,324.51,1299.9,1136.12,148.08,148.08,,,,,,,基础化工,化学制品,其他化学制品,12.02,11.97,12.06
sz300214,日科化学,2013-01-29,12.32,12.48,12.26,12.41,12.34,1239159.0,15359055.1,987833158.11,2513025000.0,122675307.22999999,82407026.00999999,1143924295.97,1215289345.31,71365049.34,28500466.369999997,553.82,686.04,171.34,197.46,810.74,652.41,0.0,0.0,,,,,,,基础化工,化学制品,其他化学制品,12.26,12.31,12.37
sz300214,日科化学,2013-01-30,12.4,12.53,12.21,12.38,12.41,1131105.0,13975585.4,985445164.98,2506950000.0,122675307.22999999,82407026.00999999,1143924295.97,1215289345.31,71365049.34,28500466.369999997,491.51,707.22,87.81,165.05,818.24,525.28,0.0,0.0,,,,,,,基础化工,化学制品,其他化学制品,12.4,12.42,12.4
sz300214,日科化学,2013-01-31,12.01,12.01,11.35,11.5,12.38,5005027.0,57809319.4,915397366.5,2328750000.0,122675307.22999999,82407026.00999999,1143924295.97,1215289345.31,71365049.34,28500466.369999997,2578.77,2556.97,684.18,1800.02,2494.94,1422.43,21.52,0.0,,,,,,,基础化工,化学制品,其他化学制品,11.91,11.8,11.54
sz300214,日科化学,2013-02-01,11.44,11.64,11.37,11.45,11.5,2517490.0,28968784.0,911417377.95,2318625000.0,122675307.22999999,82407026.00999999,1143924295.97,1215289345.31,71365049.34,28500466.369999997,1098.47,1237.91,341.69,682.06,1448.0,860.05,0.0,108.14,,,,,,,基础化工,化学制品,其他化学制品,11.49,11.44,11.5
sz300214,日科化学,2013-02-04,11.46,11.53,11.16,11.23,11.45,3689529.0,41638625.8,893905428.33,2274075000.0,122675307.22999999,82407026.00999999,1143924295.97,1215289345.31,71365049.34,28500466.369999997,1428.58,1021.68,953.22,1433.54,1781.98,1540.47,0.0,168.08,,,,,,,基础化工,化学制品,其他化学制品,11.52,11.46,11.49
sz300214,日科化学,2013-02-05,11.18,11.37,11.14,11.37,11.23,1830417.0,20679278.6,905049396.27,2302425000.0,122675307.22999999,82407026.00999999,1143924295.97,1215289345.31,71365049.34,28500466.369999997,748.85,885.9,171.74,311.64,1147.33,870.37,0.0,0.0,,,,,,,基础化工,化学制品,其他化学制品,11.2,11.29,11.28
sz300214,日科化学,2013-02-06,11.42,11.57,11.37,11.48,11.37,3004573.0,34401499.9,913805371.08,2324700000.0,122675307.22999999,82407026.00999999,1143924295.97,1215289345.31,71365049.34,28500466.369999997,1427.2,1360.1,552.18,1071.57,1460.76,1008.47,0.0,0.0,,,,,,,基础化工,化学制品,其他化学制品,11.54,11.53,11.52
sz300214,日科化学,2013-02-07,11.49,11.51,11.28,11.43,11.48,2999818.0,34113645.8,909825382.53,2314575000.0,122675307.22999999,82407026.00999999,1143924295.97,1215289345.31,71365049.34,28500466.369999997,1381.34,1364.0,319.34,994.58,1710.66,1052.76,0.0,0.0,,,,,,,基础化工,化学制品,其他化学制品,11.49,11.45,11.42
sz300214,日科化学,2013-02-08,11.4,11.62,11.39,11.61,11.43,3316229.0,38296024.1,924153341.31,2351025000.0,122675307.22999999,82407026.00999999,1143924295.97,1215289345.31,71365049.34,28500466.369999997,1832.54,1507.64,513.03,947.1,1484.02,1374.85,0.0,0.0,,,,,,,基础化工,化学制品,其他化学制品,11.47,11.52,11.55
sz300214,日科化学,2013-02-18,11.65,11.84,11.65,11.77,11.61,4908821.0,57608278.8,936889304.67,2383425000.0,122675307.22999999,82407026.00999999,1143924295.97,1215289345.31,71365049.34,28500466.369999997,2902.21,2685.62,798.37,1438.11,2060.22,1527.64,0.0,109.45,,,,,,,基础化工,化学制品,其他化学制品,11.67,11.72,11.72
sz300214,日科化学,2013-02-19,11.7,11.87,11.68,11.74,11.77,3398742.0,39946647.4,934501311.54,2377350000.0,122675307.22999999,82407026.00999999,1143924295.97,1215289345.31,71365049.34,28500466.369999997,1695.7,1671.04,758.66,704.18,1540.26,1619.39,0.0,0.0,,,,,,,基础化工,化学制品,其他化学制品,11.78,11.87,11.78
sz300214,日科化学,2013-02-20,11.8,12.03,11.73,12.02,11.74,2959526.0,35180788.9,956789247.42,2434050000.0,122675307.22999999,82407026.00999999,1143924295.97,1215289345.31,71365049.34,28500466.369999997,1599.84,1540.66,686.33,330.88,1231.89,1633.9,0.0,12.6,,,,,,,基础化工,化学制品,其他化学制品,11.75,11.74,11.76
sz300214,日科化学,2013-02-21,11.95,12.01,11.63,11.74,12.02,3229119.0,38164135.7,934501311.54,2377350000.0,122675307.22999999,82407026.00999999,1143924295.97,1215289345.31,71365049.34,28500466.369999997,1647.42,1393.7,497.01,1122.09,1671.96,1300.6,0.0,0.0,,,,,,,基础化工,化学制品,其他化学制品,11.9,11.94,11.88
sz300214,日科化学,2013-02-22,11.71,11.79,11.62,11.68,11.74,2380056.0,27834371.8,929725325.28,2365200000.0,122675307.22999999,82407026.00999999,1143924295.97,1215289345.31,71365049.34,28500466.369999997,1286.35,1313.2,344.46,556.43,1152.62,913.79,0.0,0.0,,,,,,,基础化工,化学制品,其他化学制品,11.78,11.68,11.72
sz300214,日科化学,2013-02-25,11.7,11.87,11.69,11.82,11.68,1759982.0,20736629.7,940869293.22,2393550000.0,122675307.22999999,82407026.00999999,1143924295.97,1215289345.31,71365049.34,28500466.369999997,896.23,1049.79,261.85,155.96,915.58,867.9,0.0,0.0,,,,,,,基础化工,化学制品,其他化学制品,11.75,11.76,11.73
sz300214,日科化学,2013-02-26,11.75,11.89,11.53,11.57,11.82,2088189.0,24554853.4,920969350.47,2342925000.0,122675307.22999999,82407026.00999999,1143924295.97,1215289345.31,71365049.34,28500466.369999997,1027.56,1044.79,218.98,384.55,1208.91,1026.11,0.0,0.0,,,,,,,基础化工,化学制品,其他化学制品,11.76,11.82,11.82
sz300214,日科化学,2013-02-27,11.65,11.67,11.41,11.43,11.57,2002649.0,23056358.2,909825382.53,2314575000.0,122675307.22999999,82407026.00999999,1143924295.97,1215289345.31,71365049.34,28500466.369999997,920.58,932.2,380.13,356.51,1004.92,787.72,0.0,229.2,,,,,,,基础化工,化学制品,其他化学制品,11.55,11.63,11.66
sz300214,日科化学,2013-02-28,11.46,11.84,11.46,11.81,11.43,2188436.0,25676109.4,940073295.51,2391525000.0,122675307.22999999,82407026.00999999,1143924295.97,1215289345.31,71365049.34,28500466.369999997,1236.95,1064.72,204.06,230.81,1126.59,1272.07,0.0,0.0,,,,,,,基础化工,化学制品,其他化学制品,11.49,11.49,11.5
sz300214,日科化学,2013-03-01,11.9,12.68,11.69,12.25,11.81,6109592.0,74481385.0,975097194.75,2480625000.0,122675307.22999999,82407026.00999999,1143924295.97,1215289345.31,71365049.34,28500466.369999997,2904.96,3145.02,1579.35,1298.43,2670.3,3004.66,293.51,0.0,,,,,,,基础化工,化学制品,其他化学制品,11.81,11.77,11.8
sz300214,日科化学,2013-03-04,12.1,12.27,11.76,11.85,12.25,3838103.0,46091541.9,943257286.35,2399625000.0,122675307.22999999,82407026.00999999,1143924295.97,1215289345.31,71365049.34,28500466.369999997,2187.14,1875.03,404.18,732.55,2017.82,1585.19,0.0,416.37,,,,,,,基础化工,化学制品,其他化学制品,12.14,12.15,12.15
sz300214,日科化学,2013-03-05,11.92,12.15,11.81,12.12,11.85,2632573.0,31642313.0,964749224.52,2454300000.0,122675307.22999999,82407026.00999999,1143924295.97,1215289345.31,71365049.34,28500466.369999997,1313.76,1456.87,432.59,295.3,1201.19,1195.37,0.0,0.0,,,,,,,基础化工,化学制品,其他化学制品,11.93,11.83,11.9
sz300214,日科化学,2013-03-06,12.19,12.34,12.15,12.24,12.12,3017619.0,36968025.3,974301197.04,2478600000.0,122675307.22999999,82407026.00999999,1143924295.97,1215289345.31,71365049.34,28500466.369999997,1895.76,1667.44,233.25,586.75,1567.78,1442.6,0.0,0.0,,,,,,,基础化工,化学制品,其他化学制品,12.17,12.25,12.26
sz300214,日科化学,2013-03-07,12.29,12.29,11.99,12.05,12.24,2652618.0,32297800.1,959177240.55,2440125000.0,122675307.22999999,82407026.00999999,1143924295.97,1215289345.31,71365049.34,28500466.369999997,1467.54,1558.82,393.78,406.51,1368.45,1264.44,0.0,0.0,,,,,,,基础化工,化学制品,其他化学制品,12.23,12.21,12.23
sz300214,日科化学,2013-03-08,12.12,12.14,11.83,11.9,12.05,1462621.0,17490841.1,947237274.9,2409750000.0,122675307.22999999,82407026.00999999,1143924295.97,1215289345.31,71365049.34,28500466.369999997,736.04,648.53,72.31,409.03,940.72,691.52,0.0,0.0,,,,,,,基础化工,化学制品,其他化学制品,12.11,12.13,12.07
sz300214,日科化学,2013-03-11,11.85,11.99,11.8,11.92,11.9,1127047.0,13422079.4,948829270.32,2413800000.0,122675307.22999999,82407026.00999999,1143924295.97,1215289345.31,71365049.34,28500466.369999997,558.82,475.05,165.78,305.15,617.57,561.97,0.0,0.0,,,,,,,基础化工,化学制品,其他化学制品,11.9,11.89,11.85
sz300214,日科化学,2013-03-12,11.93,12.02,11.44,11.56,11.92,1720306.0,20098284.4,920173352.76,2340900000.0,122675307.22999999,82407026.00999999,1143924295.97,1215289345.31,71365049.34,28500466.369999997,629.99,846.53,259.11,212.79,1120.72,950.5,0.0,0.0,,,,,,,基础化工,化学制品,其他化学制品,11.87,11.9,11.92
sz300214,日科化学,2013-03-13,11.5,11.57,11.32,11.45,11.56,1016603.0,11626314.4,911417377.95,2318625000.0,122675307.22999999,82407026.00999999,1143924295.97,1215289345.31,71365049.34,28500466.369999997,373.97,392.76,218.21,213.05,570.74,557.11,0.0,0.0,,,,,,,基础化工,化学制品,其他化学制品,11.55,11.53,11.5
sz300214,日科化学,2013-03-14,11.38,11.57,11.38,11.45,11.45,720436.0,8274437.4,911417377.95,2318625000.0,122675307.22999999,82407026.00999999,1143924295.97,1215289345.31,71365049.34,28500466.369999997,342.08,360.99,63.0,84.62,422.36,381.83,0.0,0.0,,,,,,,基础化工,化学制品,其他化学制品,11.44,11.45,11.52
sz300214,日科化学,2013-03-15,11.5,11.8,11.4,11.68,11.45,1894792.0,22027133.3,929725325.28,2365200000.0,122675307.22999999,82407026.00999999,1143924295.97,1215289345.31,71365049.34,28500466.369999997,1008.32,1015.85,370.46,288.41,832.3,906.81,0.0,0.0,,,,,,,基础化工,化学制品,其他化学制品,11.49,11.5,11.46
sz300214,日科化学,2013-03-18,11.67,11.74,11.25,11.25,11.68,1594690.0,18343489.6,895497423.75,2278125000.0,122675307.22999999,82407026.00999999,1143924295.97,1215289345.31,71365049.34,28500466.369999997,702.62,773.33,172.79,371.79,930.32,689.19,28.58,0.0,,,,,,,基础化工,化学制品,其他化学制品,11.66,11.68,11.65
sz300214,日科化学,2013-03-19,11.26,11.58,11.23,11.44,11.25,1608485.0,18338811.2,910621380.24,2316600000.0,122675307.22999999,82407026.00999999,1143924295.97,1215289345.31,71365049.34,28500466.369999997,629.89,736.48,346.89,412.7,744.08,684.7,113.01,0.0,,,,,,,基础化工,化学制品,其他化学制品,11.31,11.29,11.27
sz300214,日科化学,2013-03-20,11.39,11.63,11.25,11.62,11.44,2524684.0,28981051.1,924949339.02,2353050000.0,122675307.22999999,82407026.00999999,1143924295.97,1215289345.31,71365049.34,28500466.369999997,1312.52,1390.6,360.53,732.9,1225.05,774.61,0.0,0.0,,,,,,,基础化工,化学制品,其他化学制品,11.41,11.44,11.29
sz300214,日科化学,2013-03-21,11.62,11.8,11.55,11.67,11.62,2710281.0,31683189.4,928929327.57,2363175000.0,122675307.22999999,82407026.00999999,1143924295.97,1215289345.31,71365049.34,28500466.369999997,1311.41,1421.11,571.34,682.51,1171.45,1064.69,114.11,0.0,,,,,,,基础化工,化学制品,其他化学制品,11.58,11.6,11.6
sz300214,日科化学,2013-03-22,11.65,11.69,11.47,11.55,11.67,1828184.0,21113390.3,919377355.05,2338875000.0,122675307.22999999,82407026.00999999,1143924295.97,1215289345.31,71365049.34,28500466.369999997,914.68,958.33,61.29,455.09,1135.36,683.8,0.0,14.12,,,,,,,基础化工,化学制品,其他化学制品,11.67,11.6,11.55
sz300214,日科化学,2013-03-25,11.55,11.67,11.48,11.63,11.55,1383299.0,16008570.9,925745336.73,2355075000.0,122675307.22999999,82407026.00999999,1143924295.97,1215289345.31,71365049.34,28500466.369999997,694.59,738.22,274.81,247.66,631.46,614.98,0.0,0.0,,,,,,,基础化工,化学制品,其他化学制品,11.6,11.57,11.53
sz300214,日科化学,2013-03-26,11.6,11.61,11.29,11.38,11.63,1740535.0,19829179.3,905845393.98,2304450000.0,122675307.22999999,82407026.00999999,1143924295.97,1215289345.31,71365049.34,28500466.369999997,789.06,893.09,200.27,356.91,993.57,732.9,0.0,0.0,,,,,,,基础化工,化学制品,其他化学制品,11.61,11.52,11.49
sz300214,日科化学,2013-03-27,11.38,11.49,11.33,11.43,11.38,979765.0,11170619.2,909825382.53,2314575000.0,122675307.22999999,82407026.00999999,1143924295.97,1215289345.31,71365049.34,28500466.369999997,458.69,485.98,88.41,103.7,569.95,527.37,0.0,0.0,,,,,,,基础化工,化学制品,其他化学制品,11.38,11.44,11.42
sz300214,日科化学,2013-03-28,11.35,11.35,10.71,10.8,11.43,3632120.0,39663215.8,859677526.8,2187000000.0,122675307.22999999,82407026.00999999,1143924295.97,1215289345.31,71365049.34,28500466.369999997,1463.96,1492.08,283.37,1028.31,2209.88,1436.82,0.0,0.0,,,,,,,基础化工,化学制品,其他化学制品,11.23,11.09,10.98
sz300214,日科化学,2013-03-29,10.83,10.87,10.72,10.82,10.8,1312770.0,14168025.8,861269522.22,2191050000.0,122675307.22999999,82407026.00999999,1143924295.97,1215289345.31,71365049.34,28500466.369999997,609.5,669.82,109.21,170.64,698.07,576.33,0.0,0.0,,,,,,,基础化工,化学制品,其他化学制品,10.8,10.81,10.76
sz300214,日科化学,2013-04-01,10.8,10.92,10.76,10.82,10.82,1278983.0,13832066.0,861269522.22,2191050000.0,122675307.22999999,82407026.00999999,1143924295.97,1215289345.31,71365049.34,28500466.369999997,525.65,531.29,114.97,220.4,742.57,631.49,0.0,0.0,,,,,,,基础化工,化学制品,其他化学制品,10.77,10.84,10.81
sz300214,日科化学,2013-04-02,10.81,10.88,10.12,10.17,10.82,4857717.0,50508814.4,809529671.07,2059425000.0,122675307.22999999,82407026.00999999,1143924295.97,1215289345.31,71365049.34,28500466.369999997,1845.03,2067.4,518.82,1283.66,2686.99,1578.83,0.0,120.95,,,,,,,基础化工,化学制品,其他化学制品,10.74,10.77,10.81
sz300214,日科化学,2013-04-03,10.18,10.26,9.7,9.87,10.17,4664640.0,46049649.0,785649739.77,1998675000.0,122675307.22999999,82407026.00999999,1143924295.97,1215289345.31,71365049.34,28500466.369999997,1374.36,1710.42,791.86,698.61,2438.69,2102.9,0.0,92.97,,,,,,,基础化工,化学制品,其他化学制品,10.2,10.1,10.1
sz300214,日科化学,2013-04-08,9.58,9.58,9.28,9.53,9.87,2575814.0,24257494.4,758585817.63,1929825000.0,122675307.22999999,82407026.00999999,1143924295.97,1215289345.31,71365049.34,28500466.369999997,892.8,1051.8,94.86,242.29,1438.09,1131.65,0.0,0.0,,,,,,,基础化工,化学制品,其他化学制品,9.31,9.31,9.34
sz300214,日科化学,2013-04-09,9.53,9.7,9.52,9.63,9.53,1780731.0,17115037.2,766545794.73,1950075000.0,97663221.31,67559984.35,1147811498.6599998,1198748309.37,50936810.71,4069459.450000003,783.96,656.89,48.3,229.53,879.25,825.09,0.0,0.0,,,,,,,基础化工,化学制品,其他化学制品,9.52,9.57,9.61
sz300214,日科化学,2013-04-10,9.63,9.64,9.45,9.55,9.63,1616244.0,15440911.7,760177813.05,1933875000.0,97663221.31,67559984.35,1147811498.6599998,1198748309.37,50936810.71,4069459.450000003,518.19,599.52,139.84,187.74,886.05,621.02,0.0,135.8,,,,,,,基础化工,化学制品,其他化学制品,9.59,9.56,9.61
sz300214,日科化学,2013-04-11,9.6,9.68,9.53,9.59,9.55,1234383.0,11864135.4,763361803.89,1941975000.0,97663221.31,67559984.35,1147811498.6599998,1198748309.37,50936810.71,4069459.450000003,459.32,399.9,98.31,143.59,628.78,642.91,0.0,0.0,,,,,,,基础化工,化学制品,其他化学制品,9.61,9.59,9.58
sz300214,日科化学,2013-04-12,9.59,9.64,9.42,9.46,9.59,1265696.0,12072995.3,753013833.66,1915650000.0,97663221.31,67559984.35,1147811498.6599998,1198748309.37,50936810.71,4069459.450000003,474.75,501.17,52.51,223.44,680.04,482.69,0.0,0.0,,,,,,,基础化工,化学制品,其他化学制品,9.59,9.57,9.64
sz300214,日科化学,2013-04-15,9.51,9.51,9.19,9.22,9.46,1492470.0,13814906.7,733909888.62,1867050000.0,97663221.31,67559984.35,1147811498.6599998,1198748309.37,50936810.71,4069459.450000003,468.54,627.08,56.51,197.39,856.43,557.01,0.0,0.0,,,,,,,基础化工,化学制品,其他化学制品,9.37,9.36,9.31
sz300214,日科化学,2013-04-16,9.19,9.35,9.02,9.35,9.22,1073510.0,9924352.9,744257858.85,1893375000.0,97663221.31,67559984.35,1147811498.6599998,1198748309.37,50936810.71,4069459.450000003,428.67,364.49,17.34,23.57,529.99,587.95,0.0,0.0,,,,,,,基础化工,化学制品,其他化学制品,9.14,9.14,9.12
sz300214,日科化学,2013-04-17,9.36,9.42,9.29,9.41,9.35,902761.0,8450808.6,749033845.11,1905525000.0,97663221.31,67559984.35,1147811498.6599998,1198748309.37,50936810.71,4069459.450000003,407.86,350.76,2.72,39.98,434.49,454.34,0.0,0.0,,,,,,,基础化工,化学制品,其他化学制品,9.35,9.35,9.35
sz300214,日科化学,2013-04-18,9.36,9.46,9.3,9.44,9.41,1098883.0,10333694.8,751421838.24,1911600000.0,97663221.31,67559984.35,1147811498.6599998,1198748309.37,50936810.71,4069459.450000003,419.18,438.85,67.63,22.94,546.55,571.57,0.0,0.0,,,,,,,基础化工,化学制品,其他化学制品,9.32,9.36,9.36
sz300214,日科化学,2013-04-19,9.43,9.7,9.43,9.64,9.44,1947417.0,18643639.1,767341792.44,1952100000.0,97663221.31,67559984.35,1147811498.6599998,1198748309.37,50936810.71,4069459.450000003,708.31,753.0,197.72,163.18,958.31,948.18,0.0,0.0,,,,,,,基础化工,化学制品,其他化学制品,9.43,9.45,9.5
sz300214,日科化学,2013-04-22,9.64,9.77,9.54,9.68,9.64,1816905.0,17545560.7,770525783.28,1960200000.0,97663221.31,67559984.35,1147811498.6599998,1198748309.37,50936810.71,4069459.450000003,616.33,805.47,114.74,101.58,782.53,737.85,241.13,109.85,,,,,,,基础化工,化学制品,其他化学制品,9.66,9.6,9.56
sz300214,日科化学,2013-04-23,9.68,9.68,9.22,9.22,9.68,1724721.0,16183733.9,733909888.62,1867050000.0,97663221.31,67559984.35,1147811498.6599998,1198748309.37,50936810.71,4069459.450000003,561.1,669.46,104.42,322.01,952.85,626.9,0.0,0.0,,,,,,,基础化工,化学制品,其他化学制品,9.64,9.56,9.53
sz300214,日科化学,2013-04-24,9.25,9.4,9.18,9.31,9.22,1547143.0,14357133.3,741073868.01,1885275000.0,83954778.94,88794120.49,1160711348.88,1233349739.71,72638390.83,12985217.75,576.78,679.43,120.85,94.28,738.07,636.67,0.0,25.32,,,,,,,基础化工,化学制品,其他化学制品,9.27,9.18,9.22
sz300214,日科化学,2013-04-25,9.28,9.3,9.03,9.03,9.31,2002266.0,18301210.0,718785932.13,1828575000.0,83954778.94,88794120.49,1160711348.88,1233349739.71,72638390.83,12985217.75,695.76,702.86,156.15,197.57,978.21,732.08,0.0,197.59,,,,,,,基础化工,化学制品,其他化学制品,9.25,9.25,9.2
sz300214,日科化学,2013-04-26,9.06,9.09,8.62,8.64,9.03,2309117.0,20337769.1,687742021.44,1749600000.0,83954778.94,88794120.49,1160711348.88,1233349739.71,72638390.83,12985217.75,878.99,869.4,49.02,333.08,1105.72,831.26,0.0,0.0,,,,,,,基础化工,化学制品,其他化学制品,9.07,8.94,8.94
sz300214,日科化学,2013-05-02,8.6,8.66,8.53,8.65,8.64,1170044.0,10048797.2,688538019.15,1751625000.0,83954778.94,88794120.49,1160711348.88,1233349739.71,72638390.83,12985217.75,425.12,496.62,21.0,143.85,558.76,364.41,0.0,0.0,,,,,,,基础化工,化学制品,其他化学制品,8.54,8.58,8.54
sz300214,日科化学,2013-05-03,8.68,8.86,8.65,8.8,8.65,1424627.0,12531710.9,700477984.8,1782000000.0,83954778.94,88794120.49,1160711348.88,1233349739.71,72638390.83,12985217.75,562.52,581.23,124.89,133.9,565.75,538.04,0.0,0.0,,,,,,,基础化工,化学制品,其他化学制品,8.65,8.73,8.78
sz300214,日科化学,2013-05-06,8.8,8.94,8.8,8.87,8.8,1802003.0,16017985.5,706049968.77,1796175000.0,83954778.94,88794120.49,1160711348.88,1233349739.71,72638390.83,12985217.75,714.27,848.6,115.15,159.18,772.37,594.01,0.0,0.0,,,,,,,基础化工,化学制品,其他化学制品,8.84,8.86,8.86
sz300214,日科化学,2013-05-07,8.88,8.96,8.82,8.89,8.87,1712503.0,15224905.8,707641964.19,1800225000.0,83954778.94,88794120.49,1160711348.88,1233349739.71,72638390.83,12985217.75,625.79,749.58,168.31,218.92,728.39,553.98,0.0,0.0,,,,,,,基础化工,化学制品,其他化学制品,8.92,8.95,8.91
sz300214,日科化学,2013-05-08,8.92,9.51,8.86,9.26,8.89,4368633.0,39935235.5,737093879.46,1875150000.0,83954778.94,88794120.49,1160711348.88,1233349739.71,72638390.83,12985217.75,1716.91,1701.7,605.87,525.9,1670.73,1623.65,0.0,142.25,,,,,,,基础化工,化学制品,其他化学制品,8.92,8.88,8.9
sz300214,日科化学,2013-05-09,9.17,9.24,9.05,9.17,9.26,2463618.0,22556741.8,729929900.07,1856925000.0,83954778.94,88794120.49,1160711348.88,1233349739.71,72638390.83,12985217.75,823.96,979.03,153.51,260.53,1278.19,1016.1,0.0,0.0,,,,,,,基础化工,化学制品,其他化学制品,9.17,9.16,9.2
sz300214,日科化学,2013-05-10,9.17,9.35,9.08,9.27,9.17,2151330.0,19800384.8,737889877.17,1877175000.0,83954778.94,88794120.49,1160711348.88,1233349739.71,72638390.83,12985217.75,825.74,980.44,224.44,150.16,929.85,849.43,0.0,0.0,,,,,,,基础化工,化学制品,其他化学制品,9.2,9.23,9.2
sz300214,日科化学,2013-05-13,9.28,9.29,9.12,9.21,9.27,1736888.0,15977011.6,733113890.91,1865025000.0,83954778.94,88794120.49,1160711348.88,1233349739.71,72638390.83,12985217.75,816.21,696.18,42.16,306.77,739.33,594.74,0.0,0.0,,,,,,,基础化工,化学制品,其他化学制品,9.27,9.23,9.24
sz300214,日科化学,2013-05-14,9.21,9.21,8.93,8.97,9.21,1778298.0,16034529.5,714009945.87,1816425000.0,83954778.94,88794120.49,1160711348.88,1233349739.71,72638390.83,12985217.75,649.08,944.19,126.96,49.94,827.41,609.32,0.0,0.0,,,,,,,基础化工,化学制品,其他化学制品,9.18,9.12,9.04
sz300214,日科化学,2013-05-15,8.97,9.18,8.97,9.15,8.97,1642499.0,14893228.7,728337904.65,1852875000.0,83954778.94,88794120.49,1160711348.88,1233349739.71,72638390.83,12985217.75,678.44,598.75,55.66,89.28,755.22,801.29,0.0,0.0,,,,,,,基础化工,化学制品,其他化学制品,9.03,8.97,9.03
sz300214,日科化学,2013-05-16,9.15,9.33,9.1,9.21,9.15,2803345.0,25878077.0,733113890.91,1865025000.0,83954778.94,88794120.49,1160711348.88,1233349739.71,72638390.83,12985217.75,1136.88,1136.03,150.36,207.48,1300.56,1244.29,0.0,0.0,,,,,,,基础化工,化学制品,其他化学制品,9.13,9.22,9.23
sz300214,日科化学,2013-05-17,9.21,9.7,9.19,9.6,9.21,4347515.0,41294156.0,764157801.6,1944000000.0,83954778.94,88794120.49,1160711348.88,1233349739.71,72638390.83,12985217.75,1742.65,1619.48,405.66,208.47,1981.09,2199.64,0.0,101.82,,,,,,,基础化工,化学制品,其他化学制品,9.23,9.31,9.35
sz300214,日科化学,2013-05-20,9.56,9.91,9.51,9.8,9.6,3805216.0,37036266.0,780077755.8,1984500000.0,83954778.94,88794120.49,1160711348.88,1233349739.71,72638390.83,12985217.75,1361.17,1686.63,437.96,313.85,1747.3,1703.13,157.19,0.0,,,,,,,基础化工,化学制品,其他化学制品,9.55,9.61,9.56
sz300214,日科化学,2013-05-21,9.81,9.95,9.75,9.86,9.8,3394840.0,33420922.5,784853742.06,1996650000.0,83954778.94,88794120.49,1160711348.88,1233349739.71,72638390.83,12985217.75,1428.74,1410.76,447.76,565.45,1465.59,1365.88,0.0,0.0,,,,,,,基础化工,化学制品,其他化学制品,9.77,9.82,9.87
sz300214,日科化学,2013-05-22,9.82,9.99,9.65,9.68,9.86,3176228.0,31099613.4,770525783.28,1960200000.0,83954778.94,88794120.49,1160711348.88,1233349739.71,72638390.83,12985217.75,1290.49,1350.54,286.4,513.4,1533.06,1246.01,0.0,0.0,,,,,,,基础化工,化学制品,其他化学制品,9.85,9.92,9.93
sz300214,日科化学,2013-05-23,9.67,9.71,9.52,9.52,9.68,2358998.0,22673956.5,757789819.92,1927800000.0,83954778.94,88794120.49,1160711348.88,1233349739.71,72638390.83,12985217.75,1092.92,1119.94,11.3,290.42,1163.16,857.02,0.0,0.0,,,,,,,基础化工,化学制品,其他化学制品,9.62,9.66,9.57
sz300214,日科化学,2013-05-24,9.63,9.76,9.53,9.76,9.52,2553068.0,24721739.3,776893764.96,1976400000.0,83954778.94,88794120.49,1160711348.88,1233349739.71,72638390.83,12985217.75,1251.01,1240.71,243.25,182.85,977.91,1048.6,0.0,0.0,,,,,,,基础化工,化学制品,其他化学制品,9.58,9.61,9.61
sz300214,日科化学,2013-05-27,9.73,10.26,9.73,10.07,9.76,4192080.0,41908898.8,801569693.97,2039175000.0,83954778.94,88794120.49,1160711348.88,1233349739.71,72638390.83,12985217.75,1652.14,1639.91,426.9,543.26,2111.83,2007.71,0.0,0.0,,,,,,,基础化工,化学制品,其他化学制品,9.77,9.88,9.85
sz300214,日科化学,2013-05-28,10.09,10.21,9.82,9.99,10.07,3360458.0,33661457.0,795201712.29,2022975000.0,83954778.94,88794120.49,1160711348.88,1233349739.71,72638390.83,12985217.75,1280.2,1266.95,295.27,472.24,1790.66,1626.55,0.0,0.4,,,,,,,基础化工,化学制品,其他化学制品,10.16,10.2,10.06
sz300214,日科化学,2013-05-29,9.99,10.05,9.9,10.0,9.99,2149741.0,21468825.6,795997710.0,2025000000.0,83954778.94,88794120.49,1160711348.88,1233349739.71,72638390.83,12985217.75,1079.1,1081.18,145.17,179.97,922.61,885.73,0.0,0.0,,,,,,,基础化工,化学制品,其他化学制品,9.9,9.93,9.97
sz300214,日科化学,2013-05-30,9.98,10.0,9.86,9.9,10.0,2011641.0,19979665.9,788037732.9,2004750000.0,83954778.94,88794120.49,1160711348.88,1233349739.71,72638390.83,12985217.75,735.48,994.56,190.46,202.05,1072.02,801.35,0.0,0.0,,,,,,,基础化工,化学制品,其他化学制品,9.95,9.98,9.96
sz300214,日科化学,2013-05-31,9.92,10.02,9.9,9.91,9.9,1588855.0,15814043.2,788833730.61,2006775000.0,83954778.94,88794120.49,1160711348.88,1233349739.71,72638390.83,12985217.75,768.53,638.13,22.26,111.03,790.61,832.24,0.0,0.0,,,,,,,基础化工,化学制品,其他化学制品,9.94,9.96,9.97
sz300214,日科化学,2013-06-03,9.91,9.98,9.69,9.7,9.91,1672605.0,16430724.5,772117778.7,1964250000.0,83954778.94,88794120.49,1160711348.88,1233349739.71,72638390.83,12985217.75,672.63,749.13,32.97,28.77,937.47,865.16,0.0,0.0,,,,,,,基础化工,化学制品,其他化学制品,9.96,9.94,9.87
sz300214,日科化学,2013-06-04,9.65,9.67,9.44,9.5,9.7,1689599.0,16092780.0,756197824.5,1923750000.0,83954778.94,88794120.49,1160711348.88,1233349739.71,72638390.83,12985217.75,580.23,783.58,189.26,136.19,839.78,689.5,0.0,0.0,,,,,,,基础化工,化学制品,其他化学制品,9.64,9.63,9.56
sz300214,日科化学,2013-06-05,9.5,9.75,9.48,9.52,9.5,1029584.0,9868629.2,757789819.92,1927800000.0,83954778.94,88794120.49,1160711348.88,1233349739.71,72638390.83,12985217.75,436.82,528.01,114.51,64.68,420.15,378.79,0.0,0.0,,,,,,,基础化工,化学制品,其他化学制品,9.56,9.6,9.57
sz300214,日科化学,2013-06-06,9.49,9.5,9.05,9.13,9.52,1508314.0,14038104.4,726745909.23,1848825000.0,83954778.94,88794120.49,1160711348.88,1233349739.71,72638390.83,12985217.75,567.01,584.9,91.31,289.75,745.48,529.15,0.0,0.0,,,,,,,基础化工,化学制品,其他化学制品,9.43,9.43,9.46
sz300214,日科化学,2013-06-07,9.21,9.37,9.01,9.1,9.13,1248107.0,11429656.5,724357916.1,1842750000.0,83954778.94,88794120.49,1160711348.88,1233349739.71,72638390.83,12985217.75,532.39,542.97,121.14,105.95,489.43,494.04,0.0,0.0,,,,,,,基础化工,化学制品,其他化学制品,9.18,9.15,9.22
sz300214,日科化学,2013-06-13,8.99,8.99,8.67,8.8,9.1,1048658.0,9209995.7,700477984.8,1782000000.0,83954778.94,88794120.49,1160711348.88,1233349739.71,72638390.83,12985217.75,416.64,401.98,53.95,193.03,446.21,321.79,0.0,0.0,,,,,,,基础化工,化学制品,其他化学制品,8.8,8.73,8.7
sz300214,日科化学,2013-06-14,8.85,9.02,8.8,8.95,8.8,1153876.0,10268168.4,712417950.45,1812375000.0,83954778.94,88794120.49,1160711348.88,1233349739.71,72638390.83,12985217.75,421.82,499.18,111.98,60.5,493.01,467.13,0.0,0.0,,,,,,,基础化工,化学制品,其他化学制品,8.84,8.87,8.84
sz300214,日科化学,2013-06-17,8.95,9.02,8.8,8.87,8.95,1138621.0,10141703.0,706049968.77,1796175000.0,83954778.94,88794120.49,1160711348.88,1233349739.71,72638390.83,12985217.75,376.5,449.11,121.22,118.44,516.44,445.99,0.0,0.63,,,,,,,基础化工,化学制品,其他化学制品,8.95,8.85,8.88
sz300214,日科化学,2013-06-18,8.84,8.98,8.8,8.92,8.87,718560.0,6377268.2,710029957.32,1806300000.0,83954778.94,88794120.49,1160711348.88,1233349739.71,72638390.83,12985217.75,223.52,257.28,30.18,46.91,384.02,333.54,0.0,0.0,,,,,,,基础化工,化学制品,其他化学制品,8.87,8.86,8.91
sz300214,日科化学,2013-06-19,8.87,8.88,8.64,8.77,8.92,1163678.0,10148909.6,698089991.67,1775925000.0,83954778.94,88794120.49,1160711348.88,1233349739.71,72638390.83,12985217.75,372.06,359.19,27.94,97.09,614.89,390.73,0.0,167.88,,,,,,,基础化工,化学制品,其他化学制品,8.87,8.83,8.8
sz300214,日科化学,2013-06-20,8.71,8.92,8.62,8.62,8.77,1727793.0,15074935.4,686150026.02,1745550000.0,83954778.94,88794120.49,1160711348.88,1233349739.71,72638390.83,12985217.75,700.83,679.92,244.13,217.57,562.53,610.0,0.0,0.0,,,,,,,基础化工,化学制品,其他化学制品,8.7,8.68,8.67
sz300214,日科化学,2013-06-21,8.55,8.73,8.31,8.6,8.62,1437980.0,12181658.9,684558030.6,1741500000.0,83954778.94,88794120.49,1160711348.88,1233349739.71,72638390.83,12985217.75,433.57,515.34,393.77,357.69,390.83,325.78,0.0,19.35,,,,,,,基础化工,化学制品,其他化学制品,8.51,8.35,8.43
sz300214,日科化学,2013-06-24,8.57,8.57,8.0,8.06,8.6,1077466.0,8895962.9,641574154.26,1632150000.0,83954778.94,88794120.49,1160711348.88,1233349739.71,72638390.83,12985217.75,345.11,356.63,28.33,159.86,516.4,373.34,0.0,0.0,,,,,,,基础化工,化学制品,其他化学制品,8.52,8.5,8.49
sz300214,日科化学,2013-06-25,8.0,8.12,7.4,7.88,8.06,1819137.0,14120735.5,627246195.48,1595700000.0,83954778.94,88794120.49,1160711348.88,1233349739.71,72638390.83,12985217.75,483.64,433.76,138.78,246.63,628.01,613.97,113.16,69.24,,,,,,,基础化工,化学制品,其他化学制品,8.0,8.06,8.09
sz300214,日科化学,2013-06-26,7.89,7.99,7.78,7.99,7.88,1271231.0,10044410.0,636002170.29,1617975000.0,83954778.94,88794120.49,1160711348.88,1233349739.71,72638390.83,12985217.75,319.29,454.79,96.98,94.79,588.16,454.86,0.0,0.0,,,,,,,基础化工,化学制品,其他化学制品,7.85,7.97,7.99
sz300214,日科化学,2013-06-27,7.92,8.2,7.7,7.71,7.89,1558688.0,12412981.6,613714234.41,1561275000.0,83954778.94,88794120.49,1160711348.88,1233349739.71,72638390.83,12985217.75,545.73,512.85,30.23,86.97,672.38,641.98,0.0,6.53,,,,,,,基础化工,化学制品,其他化学制品,8.08,8.01,7.95
sz300214,日科化学,2013-06-28,7.73,7.85,7.5,7.62,7.71,706392.0,5427324.0,606550255.02,1543050000.0,83954778.94,88794120.49,1160711348.88,1233349739.71,72638390.83,12985217.75,178.23,242.27,29.48,0.0,333.53,298.98,0.0,0.0,,,,,,,基础化工,化学制品,其他化学制品,7.63,7.61,7.69
sz300214,日科化学,2013-07-01,7.61,7.77,7.51,7.76,7.62,881023.0,6731731.6,617694222.96,1571400000.0,83954778.94,88794120.49,1160711348.88,1233349739.71,72638390.83,12985217.75,193.91,283.01,0.0,10.07,479.26,380.09,0.0,0.0,,,,,,,基础化工,化学制品,其他化学制品,7.67,7.65,7.64
sz300214,日科化学,2013-07-02,7.76,7.97,7.68,7.93,7.76,1472539.0,11597050.9,631226184.03,1605825000.0,83954778.94,88794120.49,1160711348.88,1233349739.71,72638390.83,12985217.75,416.9,514.57,165.22,68.49,571.78,570.84,0.0,0.0,,,,,,,基础化工,化学制品,其他化学制品,7.72,7.86,7.85
sz300214,日科化学,2013-07-03,7.85,7.89,7.65,7.85,7.93,1037143.0,8067323.5,624858202.35,1589625000.0,83954778.94,88794120.49,1160711348.88,1233349739.71,72638390.83,12985217.75,270.2,335.76,23.61,29.64,498.02,426.42,0.0,0.0,,,,,,,基础化工,化学制品,其他化学制品,7.84,7.87,7.85
sz300214,日科化学,2013-07-04,7.8,8.21,7.65,7.98,7.85,2009568.0,16001636.5,635206172.58,1615950000.0,83954778.94,88794120.49,1160711348.88,1233349739.71,72638390.83,12985217.75,677.84,847.86,222.86,41.23,699.46,711.06,0.0,0.0,,,,,,,基础化工,化学制品,其他化学制品,7.74,7.78,7.74
sz300214,日科化学,2013-07-05,7.93,8.04,7.8,7.84,7.98,1139358.0,9047500.5,624062204.64,1587600000.0,83954778.94,88794120.49,1160711348.88,1233349739.71,72638390.83,12985217.75,325.35,365.05,0.0,100.31,575.9,435.89,0.0,0.0,,,,,,,基础化工,化学制品,其他化学制品,7.96,7.99,7.96
sz300214,日科化学,2013-07-08,7.74,7.74,7.36,7.36,7.84,1542340.0,11547054.5,585854314.56,1490400000.0,83954778.94,88794120.49,1160711348.88,1233349739.71,72638390.83,12985217.75,309.37,482.24,115.22,144.19,711.03,509.2,0.0,0.0,,,,,,,基础化工,化学制品,其他化学制品,7.62,7.51,7.43
sz300214,日科化学,2013-07-09,7.36,7.56,7.25,7.45,7.36,983304.0,7282053.5,593018293.95,1508625000.0,83954778.94,88794120.49,1160711348.88,1233349739.71,72638390.83,12985217.75,320.51,325.79,51.54,33.86,356.15,368.55,0.0,0.0,,,,,,,基础化工,化学制品,其他化学制品,7.39,7.36,7.41
sz300214,日科化学,2013-07-10,7.46,7.88,7.41,7.72,7.45,1131288.0,8619690.8,614510232.12,1563300000.0,83954778.94,88794120.49,1160711348.88,1233349739.71,72638390.83,12985217.75,272.48,314.93,195.47,78.13,394.01,468.9,0.0,0.0,,,,,,,基础化工,化学制品,其他化学制品,7.42,7.49,7.49
sz300214,日科化学,2013-07-11,7.73,7.95,7.65,7.85,7.72,2328262.0,18147885.1,624858202.35,1589625000.0,83954778.94,88794120.49,1160711348.88,1233349739.71,72638390.83,12985217.75,663.75,799.11,160.42,279.41,975.78,721.44,0.0,0.0,,,,,,,基础化工,化学制品,其他化学制品,7.69,7.72,7.67
sz300214,日科化学,2013-07-12,7.85,7.95,7.74,7.74,7.85,1558977.0,12238771.0,616102227.54,1567350000.0,83954778.94,88794120.49,1160711348.88,1233349739.71,72638390.83,12985217.75,465.91,615.0,0.0,93.64,751.45,508.72,0.0,0.0,,,,,,,基础化工,化学制品,其他化学制品,7.84,7.83,7.86
sz300214,日科化学,2013-07-15,7.7,7.88,7.68,7.84,7.74,1257738.0,9835884.0,624062204.64,1587600000.0,83954778.94,88794120.49,1160711348.88,1233349739.71,72638390.83,12985217.75,393.4,440.55,55.29,81.49,536.19,462.84,0.0,0.0,,,,,,,基础化工,化学制品,其他化学制品,7.72,7.74,7.76
sz300214,日科化学,2013-07-16,7.84,8.08,7.84,8.01,7.84,2041072.0,16272734.1,637594165.71,1622025000.0,83954778.94,88794120.49,1160711348.88,1233349739.71,72638390.83,12985217.75,714.95,602.06,184.78,164.19,727.54,861.02,0.0,0.0,,,,,,,基础化工,化学制品,其他化学制品,7.84,8.05,7.99
sz300214,日科化学,2013-07-17,8.01,8.06,7.83,7.88,8.01,1473263.0,11732785.0,627246195.48,1595700000.0,83954778.94,88794120.49,1160711348.88,1233349739.71,72638390.83,12985217.75,541.38,475.45,84.18,131.44,547.72,566.39,0.0,0.0,,,,,,,基础化工,化学制品,其他化学制品,8.02,8.02,7.97
sz300214,日科化学,2013-07-18,7.81,7.94,7.78,7.89,7.88,1224923.0,9631497.1,628042193.19,1597725000.0,83954778.94,88794120.49,1160711348.88,1233349739.71,72638390.83,12985217.75,355.06,333.68,65.39,56.06,541.31,572.01,0.0,0.0,,,,,,,基础化工,化学制品,其他化学制品,7.85,7.81,7.83
sz300214,日科化学,2013-07-19,7.93,8.29,7.9,7.95,7.89,2757790.0,22173661.6,632818179.45,1609875000.0,83954778.94,88794120.49,1160711348.88,1233349739.71,72638390.83,12985217.75,933.34,1050.87,326.16,83.08,957.85,1083.4,0.0,0.0,,,,,,,基础化工,化学制品,其他化学制品,7.91,7.97,7.94
sz300214,日科化学,2013-07-22,7.93,8.14,7.78,8.14,7.95,1724990.0,13816983.8,647942135.94,1648350000.0,83954778.94,88794120.49,1160711348.88,1233349739.71,72638390.83,12985217.75,569.62,665.34,72.76,91.82,739.3,624.54,0.0,0.0,,,,,,,基础化工,化学制品,其他化学制品,7.88,7.93,7.94
sz300214,日科化学,2013-07-23,8.18,8.6,8.16,8.49,8.14,3678980.0,30918503.9,675802055.79,1719225000.0,83954778.94,88794120.49,1160711348.88,1233349739.71,72638390.83,12985217.75,1317.27,1390.39,241.86,256.46,1402.39,1432.52,130.31,12.47,,,,,,,基础化工,化学制品,其他化学制品,8.21,8.29,8.29
sz300214,日科化学,2013-07-24,8.49,8.53,8.33,8.47,8.49,1890243.0,15914633.0,674210060.37,1715175000.0,83954778.94,88794120.49,1160711348.88,1233349739.71,72638390.83,12985217.75,697.47,621.6,43.42,249.2,850.57,720.65,0.0,0.0,,,,,,,基础化工,化学制品,其他化学制品,8.45,8.47,8.42
sz300214,日科化学,2013-07-25,8.47,8.5,8.11,8.26,8.47,2310297.0,19219792.4,657494108.46,1672650000.0,83954778.94,88794120.49,1160711348.88,1233349739.71,72638390.83,12985217.75,944.15,1003.55,151.15,233.03,826.67,685.39,0.0,0.0,,,,,,,基础化工,化学制品,其他化学制品,8.49,8.43,8.42
sz300214,日科化学,2013-07-26,8.22,8.37,8.01,8.26,8.26,1334119.0,10912690.7,657494108.46,1672650000.0,83954778.94,88794120.49,1160711348.88,1233349739.71,72638390.83,12985217.75,394.43,468.28,126.73,72.36,570.11,550.63,0.0,0.0,,,,,,,基础化工,化学制品,其他化学制品,8.2,8.21,8.25
sz300214,日科化学,2013-07-29,8.18,8.27,8.1,8.14,8.26,1020049.0,8325826.8,647942135.94,1648350000.0,83954778.94,88794120.49,1160711348.88,1233349739.71,72638390.83,12985217.75,334.36,322.62,7.17,59.28,396.08,355.71,0.0,0.0,,,,,,,基础化工,化学制品,其他化学制品,8.18,8.15,8.16
sz300214,日科化学,2013-07-30,8.13,8.29,7.5,7.95,8.14,1174519.0,9370019.5,632818179.45,1609875000.0,83954778.94,88794120.49,1160711348.88,1233349739.71,72638390.83,12985217.75,308.55,392.1,0.0,139.87,628.45,405.03,0.0,0.0,,,,,,,基础化工,化学制品,其他化学制品,8.15,8.12,8.13
sz300214,日科化学,2013-07-31,7.95,8.13,7.95,7.99,7.95,1085994.0,8693708.0,636002170.29,1617975000.0,83954778.94,88794120.49,1160711348.88,1233349739.71,72638390.83,12985217.75,428.21,381.85,125.63,224.6,315.53,262.91,0.0,0.0,,,,,,,基础化工,化学制品,其他化学制品,8.01,8.02,8.01
sz300214,日科化学,2013-08-01,7.99,8.32,7.99,8.29,7.99,2153989.0,17727469.4,659882101.59,1678725000.0,83954778.94,88794120.49,1160711348.88,1233349739.71,72638390.83,12985217.75,937.2,947.38,274.94,130.44,560.6,694.92,0.0,0.0,,,,,,,基础化工,化学制品,其他化学制品,7.99,8.19,8.19
sz300214,日科化学,2013-08-02,8.33,8.56,8.29,8.39,8.29,2531601.0,21336874.9,667842078.69,1698975000.0,83954778.94,88794120.49,1160711348.88,1233349739.71,72638390.83,12985217.75,946.92,1012.73,379.95,196.17,806.81,924.78,0.0,0.0,,,,,,,基础化工,化学制品,其他化学制品,8.4,8.33,8.29
sz300214,日科化学,2013-08-05,8.43,8.52,8.36,8.47,8.39,1590603.0,13470554.0,674210060.37,1715175000.0,83954778.94,88794120.49,1160711348.88,1233349739.71,72638390.83,12985217.75,604.68,597.93,222.6,281.83,519.77,467.29,0.0,0.0,,,,,,,基础化工,化学制品,其他化学制品,8.42,8.47,8.49
sz300214,日科化学,2013-08-06,8.47,8.6,8.43,8.52,8.47,1570885.0,13377298.3,678190048.92,1725300000.0,83954778.94,88794120.49,1160711348.88,1233349739.71,72638390.83,12985217.75,656.03,670.21,148.48,77.68,533.22,589.84,0.0,0.0,,,,,,,基础化工,化学制品,其他化学制品,8.47,8.55,8.54
sz300214,日科化学,2013-08-07,8.47,8.56,8.3,8.33,8.52,1604823.0,13518978.2,663066092.43,1686825000.0,83954778.94,88794120.49,1160711348.88,1233349739.71,72638390.83,12985217.75,676.25,691.54,126.07,109.09,549.57,551.26,0.0,0.0,,,,,,,基础化工,化学制品,其他化学制品,8.52,8.49,8.49
sz300214,日科化学,2013-08-08,8.39,8.82,8.31,8.45,8.33,1923294.0,16396494.0,672618064.95,1711125000.0,83954778.94,88794120.49,1160711348.88,1233349739.71,72638390.83,12985217.75,733.44,885.31,215.13,107.75,691.07,646.58,0.0,0.0,,,,,,,基础化工,化学制品,其他化学制品,8.41,8.36,
sz300214,日科化学,2013-08-09,8.48,8.56,8.34,8.52,8.45,1443881.0,12228322.1,678190048.92,1725300000.0,83954778.94,88794120.49,1160711348.88,1233349739.71,72638390.83,12985217.75,523.93,658.73,64.8,70.79,634.1,493.3,0.0,0.0,,,,,,,基础化工,化学制品,其他化学制品,8.48,8.48,8.46
sz300214,日科化学,2013-08-12,8.56,8.77,8.5,8.69,8.52,2580291.0,22256500.5,691722009.99,1759725000.0,83954778.94,88794120.49,1160711348.88,1233349739.71,72638390.83,12985217.75,1100.16,1131.24,264.09,276.41,861.39,818.0,0.0,0.0,,,,,,,基础化工,化学制品,其他化学制品,8.56,8.6,8.64
sz300214,日科化学,2013-08-13,8.71,8.87,8.62,8.67,8.69,1694397.0,14691692.4,690130014.57,1755675000.0,83954778.94,88794120.49,1160711348.88,1233349739.71,72638390.83,12985217.75,733.57,835.03,31.88,57.81,703.72,576.33,0.0,0.0,,,,,,,基础化工,化学制品,其他化学制品,8.74,8.66,8.73
sz300214,日科化学,2013-08-14,8.65,8.99,8.61,8.84,8.67,3458775.0,30470888.0,703661975.64,1790100000.0,83954778.94,88794120.49,1160711348.88,1233349739.71,72638390.83,12985217.75,1388.4,1414.24,335.66,219.03,1323.01,1413.8,0.0,0.0,,,,,,,基础化工,化学制品,其他化学制品,8.68,8.69,8.67
sz300214,日科化学,2013-08-15,8.77,8.82,8.62,8.62,8.84,1917017.0,16663829.3,686150026.02,1745550000.0,83954778.94,88794120.49,1160711348.88,1233349739.71,72638390.83,12985217.75,695.87,817.29,204.74,314.89,762.04,530.46,0.0,0.0,,,,,,,基础化工,化学制品,其他化学制品,8.79,8.67,8.72
sz300214,日科化学,2013-08-16,8.56,8.78,8.3,8.31,8.62,2371844.0,20314441.5,661474097.01,1682775000.0,83954778.94,88794120.49,1160711348.88,1233349739.71,72638390.83,12985217.75,889.47,961.57,143.42,244.75,998.55,825.12,0.0,0.0,,,,,,,基础化工,化学制品,其他化学制品,8.56,8.58,8.64
sz300214,日科化学,2013-08-19,8.26,8.56,8.2,8.49,8.31,2218194.0,18622511.2,675802055.79,1719225000.0,83954778.94,88794120.49,1160711348.88,1233349739.71,72638390.83,12985217.75,845.2,729.35,248.61,207.76,746.03,902.75,0.0,0.0,,,,,,,基础化工,化学制品,其他化学制品,8.27,8.29,8.33
sz300214,日科化学,2013-08-20,8.49,8.49,8.35,8.4,8.49,1739976.0,14677454.2,668638076.4,1701000000.0,83954778.94,88794120.49,1160711348.88,1233349739.71,72638390.83,12985217.75,817.87,958.23,23.01,67.8,612.41,427.26,0.0,0.0,,,,,,,基础化工,化学制品,其他化学制品,8.44,8.47,8.45
sz300214,日科化学,2013-08-21,8.38,8.74,8.36,8.71,8.4,2711037.0,23165814.3,693314005.41,1763775000.0,83954778.94,88794120.49,1160711348.88,1233349739.71,72638390.83,12985217.75,1078.86,1152.17,183.94,187.01,1053.78,977.4,0.0,0.0,,,,,,,基础化工,化学制品,其他化学制品,8.38,8.37,8.42
sz300214,日科化学,2013-08-22,8.8,8.98,8.67,8.71,8.71,3421759.0,30246782.0,693314005.41,1763775000.0,83954778.94,88794120.49,1160711348.88,1233349739.71,72638390.83,12985217.75,1149.51,1329.63,283.21,115.6,1591.95,1579.43,0.0,0.0,,,,,,,基础化工,化学制品,其他化学制品,8.9,8.92,8.92
sz300214,日科化学,2013-08-23,8.67,8.75,8.31,8.54,8.71,2152262.0,18488251.1,679782044.34,1729350000.0,83954778.94,88794120.49,1160711348.88,1233349739.71,72638390.83,12985217.75,754.12,755.37,135.86,148.09,958.85,945.36,0.0,0.0,,,,,,,基础化工,化学制品,其他化学制品,8.7,8.64,8.66
sz300214,日科化学,2013-08-26,8.52,8.67,8.46,8.65,8.54,1828491.0,15713580.0,688538019.15,1751625000.0,66292670.88,70807047.69999999,1161092962.21,1283494799.75,122401837.54,20737527.310000002,785.54,726.33,66.71,122.67,719.1,716.59,0.0,5.76,,,,,,,基础化工,化学制品,其他化学制品,8.53,8.55,8.53
sz300214,日科化学,2013-08-27,8.68,8.71,8.55,8.7,8.65,1708199.0,14723524.2,692518007.7,1761750000.0,66292670.88,70807047.69999999,1161092962.21,1283494799.75,122401837.54,20737527.310000002,716.67,630.65,82.27,185.38,673.41,656.32,0.0,0.0,,,,,,,基础化工,化学制品,其他化学制品,8.63,8.56,8.6
sz300214,日科化学,2013-08-28,8.62,8.63,8.46,8.46,8.7,2257428.0,19267394.3,673414062.66,1713150000.0,66292670.88,70807047.69999999,1161092962.21,1283494799.75,122401837.54,20737527.310000002,885.42,910.81,179.17,377.77,862.14,638.16,0.0,0.0,,,,,,,基础化工,化学制品,其他化学制品,8.59,8.6,8.59
sz300214,日科化学,2013-08-29,8.46,8.52,8.31,8.36,8.46,1493030.0,12536905.6,665454085.56,1692900000.0,66292670.88,70807047.69999999,1161092962.21,1283494799.75,122401837.54,20737527.310000002,595.43,544.94,58.45,256.39,599.81,452.35,0.0,0.0,,,,,,,基础化工,化学制品,其他化学制品,8.5,8.46,8.47
sz300214,日科化学,2013-08-30,8.35,8.4,7.98,8.01,8.36,2538038.0,20820417.1,637594165.71,1622025000.0,66292670.88,70807047.69999999,1161092962.21,1283494799.75,122401837.54,20737527.310000002,818.31,1026.78,58.36,268.45,1205.36,786.8,0.0,0.0,,,,,,,基础化工,化学制品,其他化学制品,8.37,8.34,8.35
sz300214,日科化学,2013-09-02,8.01,8.11,7.99,8.11,8.01,1236300.0,9961253.1,645554142.81,1642275000.0,66292670.88,70807047.69999999,1161092962.21,1283494799.75,122401837.54,20737527.310000002,411.39,459.72,124.84,120.53,459.89,415.87,0.0,0.0,,,,,,,基础化工,化学制品,其他化学制品,8.03,8.0,8.01
sz300214,日科化学,2013-09-03,8.1,8.35,8.07,8.27,8.11,1147857.0,9458655.2,658290106.17,1674675000.0,66292670.88,70807047.69999999,1161092962.21,1283494799.75,122401837.54,20737527.310000002,444.31,389.87,69.73,86.94,431.83,469.06,0.0,0.0,,,,,,,基础化工,化学制品,其他化学制品,8.07,8.12,8.17
sz300214,日科化学,2013-09-04,8.26,8.33,8.14,8.32,8.27,1526067.0,12551861.2,662270094.72,1684800000.0,66292670.88,70807047.69999999,1161092962.21,1283494799.75,122401837.54,20737527.310000002,512.2,640.28,142.91,117.82,598.08,497.08,1.99,0.0,,,,,,,基础化工,化学制品,其他化学制品,8.26,8.28,8.23
sz300214,日科化学,2013-09-05,8.31,8.4,8.25,8.3,8.32,1463183.0,12194764.6,660678099.3,1680750000.0,66292670.88,70807047.69999999,1161092962.21,1283494799.75,122401837.54,20737527.310000002,570.11,577.8,111.07,95.35,538.29,546.32,0.0,0.0,,,,,,,基础化工,化学制品,其他化学制品,8.31,8.34,8.32
sz300214,日科化学,2013-09-06,8.31,8.37,8.22,8.3,8.3,1232618.0,10228270.9,660678099.3,1680750000.0,66292670.88,70807047.69999999,1161092962.21,1283494799.75,122401837.54,20737527.310000002,448.4,516.19,20.9,113.58,553.52,393.05,0.0,0.0,,,,,,,基础化工,化学制品,其他化学制品,8.32,8.34,8.31
sz300214,日科化学,2013-09-09,8.31,8.48,8.25,8.4,8.3,1743725.0,14586041.7,668638076.4,1701000000.0,66292670.88,70807047.69999999,1161092962.21,1283494799.75,122401837.54,20737527.310000002,576.61,581.92,344.37,349.68,537.62,526.99,0.0,0.0,,,,,,,基础化工,化学制品,其他化学制品,8.32,8.32,8.28
sz300214,日科化学,2013-09-10,8.43,8.43,8.31,8.4,8.4,1703748.0,14226136.0,668638076.4,1701000000.0,66292670.88,70807047.69999999,1161092962.21,1283494799.75,122401837.54,20737527.310000002,626.47,721.14,93.14,257.42,702.99,444.04,0.0,0.0,,,,,,,基础化工,化学制品,其他化学制品,8.4,8.39,8.39
sz300214,日科化学,2013-09-11,8.39,8.62,8.34,8.62,8.4,3701393.0,31448533.8,686150026.02,1745550000.0,66292670.88,70807047.69999999,1161092962.21,1283494799.75,122401837.54,20737527.310000002,1526.72,1443.86,482.6,305.79,1135.51,1395.19,0.0,0.0,,,,,,,基础化工,化学制品,其他化学制品,8.41,8.41,8.38
sz300214,日科化学,2013-09-12,8.56,8.69,8.49,8.55,8.62,2008722.0,17216422.9,680578042.05,1731375000.0,66292670.88,70807047.69999999,1161092962.21,1283494799.75,122401837.54,20737527.310000002,841.31,844.46,144.3,318.68,736.03,558.5,0.0,0.0,,,,,,,基础化工,化学制品,其他化学制品,8.62,8.62,8.63
sz300214,日科化学,2013-09-13,8.54,8.61,8.47,8.57,8.55,1245484.0,10654353.4,682170037.47,1735425000.0,66292670.88,70807047.69999999,1161092962.21,1283494799.75,122401837.54,20737527.310000002,476.48,500.92,84.14,86.01,504.81,478.5,0.0,0.0,,,,,,,基础化工,化学制品,其他化学制品,8.56,8.52,8.48
sz300214,日科化学,2013-09-16,8.57,8.61,8.46,8.49,8.57,1305217.0,11130847.9,675802055.79,1719225000.0,66292670.88,70807047.69999999,1161092962.21,1283494799.75,122401837.54,20737527.310000002,463.82,602.63,74.21,99.37,575.06,411.08,0.0,0.0,,,,,,,基础化工,化学制品,其他化学制品,8.57,8.56,8.6
sz300214,日科化学,2013-09-17,8.51,8.51,8.23,8.23,8.49,1606894.0,13377811.3,655106115.33,1666575000.0,66292670.88,70807047.69999999,1161092962.21,1283494799.75,122401837.54,20737527.310000002,462.28,509.55,137.09,366.58,651.46,461.64,86.95,0.0,,,,,,,基础化工,化学制品,其他化学制品,8.46,8.38,8.41
sz300214,日科化学,2013-09-18,8.2,8.36,8.2,8.28,8.23,815958.0,6742033.3,659086103.88,1676700000.0,66292670.88,70807047.69999999,1161092962.21,1283494799.75,122401837.54,20737527.310000002,281.63,371.64,34.48,66.89,358.09,235.68,0.0,0.0,,,,,,,基础化工,化学制品,其他化学制品,8.27,8.28,8.24
sz300214,日科化学,2013-09-23,8.3,8.44,8.27,8.42,8.28,928185.0,7765725.5,670230071.82,1705050000.0,66292670.88,70807047.69999999,1161092962.21,1283494799.75,122401837.54,20737527.310000002,280.03,369.05,58.54,0.0,438.0,407.52,0.0,0.0,,,,,,,基础化工,化学制品,其他化学制品,8.27,8.32,8.32
sz300214,日科化学,2013-09-24,8.43,8.46,8.29,8.34,8.42,1193215.0,9972518.0,663862090.14,1688850000.0,66292670.88,70807047.69999999,1161092962.21,1283494799.75,122401837.54,20737527.310000002,453.62,579.9,28.39,66.29,515.24,351.06,0.0,0.0,,,,,,,基础化工,化学制品,其他化学制品,8.46,8.42,8.4
sz300214,日科化学,2013-09-25,8.31,8.56,8.31,8.44,8.34,2098551.0,17749414.1,671822067.24,1709100000.0,66292670.88,70807047.69999999,1161092962.21,1283494799.75,122401837.54,20737527.310000002,941.84,933.52,169.17,166.54,663.93,674.88,0.0,0.0,,,,,,,基础化工,化学制品,其他化学制品,8.31,8.36,8.33
sz300214,日科化学,2013-09-26,8.45,8.56,8.34,8.39,8.44,1725778.0,14628929.3,667842078.69,1698975000.0,66292670.88,70807047.69999999,1161092962.21,1283494799.75,122401837.54,20737527.310000002,701.9,652.53,49.72,99.1,711.27,711.26,0.0,0.0,,,,,,,基础化工,化学制品,其他化学制品,8.41,8.37,8.39
sz300214,日科化学,2013-09-27,8.37,8.44,8.23,8.25,8.39,1298138.0,10777889.3,656698110.75,1670625000.0,66292670.88,70807047.69999999,1161092962.21,1283494799.75,122401837.54,20737527.310000002,328.41,503.51,66.17,127.76,683.21,446.52,0.0,0.0,,,,,,,基础化工,化学制品,其他化学制品,8.39,8.34,8.41
sz300214,日科化学,2013-09-30,8.29,8.35,8.27,8.32,8.25,668881.0,5550821.7,662270094.72,1684800000.0,66292670.88,70807047.69999999,1161092962.21,1283494799.75,122401837.54,20737527.310000002,229.36,229.03,0.0,29.42,325.72,296.64,0.0,0.0,,,,,,,基础化工,化学制品,其他化学制品,8.27,8.28,8.27
sz300214,日科化学,2013-10-08,8.35,8.49,8.33,8.47,8.32,1105318.0,9319753.0,674210060.37,1715175000.0,66292670.88,70807047.69999999,1161092962.21,1283494799.75,122401837.54,20737527.310000002,445.47,439.64,34.34,48.3,452.16,444.03,0.0,0.0,,,,,,,基础化工,化学制品,其他化学制品,8.34,8.34,8.44
sz300214,日科化学,2013-10-09,8.48,8.62,8.42,8.61,8.47,1645556.0,14032911.5,685354028.31,1743525000.0,66292670.88,70807047.69999999,1161092962.21,1283494799.75,122401837.54,20737527.310000002,568.58,770.24,168.3,14.74,666.41,618.31,0.0,0.0,,,,,,,基础化工,化学制品,其他化学制品,8.42,8.48,8.47
sz300214,日科化学,2013-10-10,8.59,8.61,8.44,8.48,8.61,1260347.0,10748608.1,675006058.08,1717200000.0,66292670.88,70807047.69999999,1161092962.21,1283494799.75,122401837.54,20737527.310000002,367.43,481.64,32.02,95.29,675.4,497.93,0.0,0.0,,,,,,,基础化工,化学制品,其他化学制品,8.58,8.56,8.61
sz300214,日科化学,2013-10-11,8.45,8.73,8.45,8.7,8.48,2209697.0,19040755.7,692518007.7,1761750000.0,66292670.88,70807047.69999999,1161092962.21,1283494799.75,122401837.54,20737527.310000002,759.94,779.87,412.88,158.97,731.24,965.23,0.0,0.0,,,,,,,基础化工,化学制品,其他化学制品,8.49,8.52,8.55
sz300214,日科化学,2013-10-14,8.72,8.82,8.6,8.82,8.7,2413411.0,21026788.7,702069980.22,1786050000.0,66292670.88,70807047.69999999,1161092962.21,1283494799.75,122401837.54,20737527.310000002,989.79,868.64,221.21,364.2,891.68,869.84,0.0,0.0,,,,,,,基础化工,化学制品,其他化学制品,8.66,8.64,8.7
sz300214,日科化学,2013-10-15,8.77,8.9,8.68,8.73,8.82,4324312.0,37943922.0,694906000.83,1767825000.0,66292670.88,70807047.69999999,1161092962.21,1283494799.75,122401837.54,20737527.310000002,1726.1,1601.59,692.24,877.84,1245.16,1156.71,130.88,158.24,,,,,,,基础化工,化学制品,其他化学制品,8.71,8.73,8.77
sz300214,日科化学,2013-10-16,8.74,8.75,8.48,8.6,8.73,3764108.0,32530525.4,684558030.6,1741500000.0,66292670.88,70807047.69999999,1161092962.21,1283494799.75,122401837.54,20737527.310000002,1088.62,1650.31,546.76,697.06,918.76,905.67,698.91,0.0,,,,,,,基础化工,化学制品,其他化学制品,8.6,8.63,8.62
sz300214,日科化学,2013-10-17,8.59,9.14,8.57,8.83,8.6,6733875.0,59703949.7,702865977.93,1788075000.0,66292670.88,70807047.69999999,1161092962.21,1283494799.75,122401837.54,20737527.310000002,2504.79,2232.29,1044.0,1160.15,2111.84,1952.3,309.74,625.64,,,,,,,基础化工,化学制品,其他化学制品,8.64,8.75,8.78
sz300214,日科化学,2013-10-18,8.9,8.95,8.73,8.76,8.83,2598920.0,22895895.7,697293993.96,1773900000.0,66292670.88,70807047.69999999,1161092962.21,1283494799.75,122401837.54,20737527.310000002,1013.65,969.03,121.07,362.21,1154.85,958.34,0.0,0.0,,,,,,,基础化工,化学制品,其他化学制品,8.82,8.84,8.83
sz300214,日科化学,2013-10-21,8.73,8.96,8.68,8.96,8.76,2586534.0,22846989.4,713213948.16,1814400000.0,66292670.88,70807047.69999999,1161092962.21,1283494799.75,122401837.54,20737527.310000002,1047.38,1134.78,147.17,96.01,1090.15,1053.9,0.0,0.0,,,,,,,基础化工,化学制品,其他化学制品,8.8,8.74,8.73
sz300214,日科化学,2013-10-22,8.93,9.04,8.81,8.94,8.96,3027226.0,27028573.9,711621952.74,1810350000.0,54050343.260000005,66489050.16,1177256695.73,1314722913.52,137466217.79,16258138.75,1188.47,1282.38,165.63,272.58,1348.75,1147.89,0.0,0.0,,,,,,,基础化工,化学制品,其他化学制品,8.86,8.83,8.89
sz300214,日科化学,2013-10-23,8.93,8.93,8.56,8.61,8.94,2842689.0,24770327.0,685354028.31,1743525000.0,54050343.260000005,66489050.16,1177256695.73,1314722913.52,137466217.79,16258138.75,1120.36,1178.7,171.75,310.63,1184.92,987.7,0.0,0.0,,,,,,,基础化工,化学制品,其他化学制品,8.86,8.89,8.89
sz300214,日科化学,2013-10-24,8.57,8.65,8.48,8.5,8.61,1261563.0,10773486.1,676598053.5,1721250000.0,54050343.260000005,66489050.16,1177256695.73,1314722913.52,137466217.79,16258138.75,415.86,545.39,49.09,118.73,612.4,413.22,0.0,0.0,,,,,,,基础化工,化学制品,其他化学制品,8.56,8.58,8.62
sz300214,日科化学,2013-10-25,8.55,8.57,8.16,8.2,8.5,1973695.0,16417713.3,652718122.2,1660500000.0,54050343.260000005,66489050.16,1177256695.73,1314722913.52,137466217.79,16258138.75,725.08,829.46,114.99,238.16,801.69,574.15,0.0,0.0,,,,,,,基础化工,化学制品,其他化学制品,8.57,8.52,8.49
sz300214,日科化学,2013-10-28,8.23,8.25,8.01,8.12,8.2,1320318.0,10699805.7,646350140.52,1644300000.0,54050343.260000005,66489050.16,1177256695.73,1314722913.52,137466217.79,16258138.75,515.0,513.16,23.19,217.5,531.79,339.31,0.0,0.0,,,,,,,基础化工,化学制品,其他化学制品,8.24,8.21,8.09
sz300214,日科化学,2013-10-29,8.14,8.18,7.68,7.8,8.12,1952601.0,15417922.0,620878213.8,1579500000.0,54050343.260000005,66489050.16,1177256695.73,1314722913.52,137466217.79,16258138.75,739.05,678.59,33.51,159.95,769.23,703.25,0.0,0.0,,,,,,,基础化工,化学制品,其他化学制品,8.14,8.16,8.14
sz300214,日科化学,2013-10-30,7.77,7.91,7.72,7.89,7.8,973730.0,7627219.7,628042193.19,1597725000.0,54050343.260000005,66489050.16,1177256695.73,1314722913.52,137466217.79,16258138.75,358.83,247.4,0.0,138.66,403.89,376.67,0.0,0.0,,,,,,,基础化工,化学制品,其他化学制品,7.78,7.73,7.84
sz300214,日科化学,2013-10-31,7.88,7.94,7.78,7.84,7.89,972188.0,7621186.8,624062204.64,1587600000.0,54050343.260000005,66489050.16,1177256695.73,1314722913.52,137466217.79,16258138.75,243.6,321.55,0.0,130.85,518.52,309.72,0.0,0.0,,,,,,,基础化工,化学制品,其他化学制品,7.88,7.84,7.84
sz300214,日科化学,2013-11-01,7.8,7.92,7.75,7.9,7.84,786235.0,6179256.4,628838190.9,1599750000.0,54050343.260000005,66489050.16,1177256695.73,1314722913.52,137466217.79,16258138.75,225.17,169.42,9.41,28.12,383.35,420.38,0.0,0.0,,,,,,,基础化工,化学制品,其他化学制品,7.78,7.77,7.8
sz300214,日科化学,2013-11-04,7.9,7.98,7.88,7.96,7.9,765510.0,6062525.1,633614177.16,1611900000.0,54050343.260000005,66489050.16,1177256695.73,1314722913.52,137466217.79,16258138.75,170.5,199.5,20.4,36.69,415.35,370.06,0.0,0.0,,,,,,,基础化工,化学制品,其他化学制品,7.9,7.94,7.96
sz300214,日科化学,2013-11-05,7.98,8.07,7.88,8.03,7.96,1231394.0,9838012.3,639186161.13,1626075000.0,54050343.260000005,66489050.16,1177256695.73,1314722913.52,137466217.79,16258138.75,498.67,326.97,82.15,224.5,402.98,432.33,0.0,0.0,,,,,,,基础化工,化学制品,其他化学制品,7.89,7.9,7.9
sz300214,日科化学,2013-11-06,8.01,8.12,7.95,7.95,8.03,1129873.0,9059839.1,632818179.45,1609875000.0,54050343.260000005,66489050.16,1177256695.73,1314722913.52,137466217.79,16258138.75,381.41,458.11,68.52,53.94,456.05,393.93,0.0,0.0,,,,,,,基础化工,化学制品,其他化学制品,8.01,7.99,8.0
sz300214,日科化学,2013-11-07,7.95,8.02,7.76,7.78,7.95,1304656.0,10263917.6,619286218.38,1575450000.0,54050343.260000005,66489050.16,1177256695.73,1314722913.52,137466217.79,16258138.75,356.42,522.92,136.76,132.12,533.21,371.35,0.0,0.0,,,,,,,基础化工,化学制品,其他化学制品,7.95,8.0,7.98
sz300214,日科化学,2013-11-08,7.72,7.93,7.61,7.72,7.78,1088951.0,8429088.0,614510232.12,1563300000.0,54050343.260000005,66489050.16,1177256695.73,1314722913.52,137466217.79,16258138.75,260.85,347.75,82.27,113.97,499.79,381.19,0.0,0.0,,,,,,,基础化工,化学制品,其他化学制品,7.64,7.66,7.72
sz300214,日科化学,2013-11-11,7.72,7.92,7.72,7.86,7.72,936159.0,7321857.5,625654200.06,1591650000.0,54050343.260000005,66489050.16,1177256695.73,1314722913.52,137466217.79,16258138.75,278.37,311.05,131.82,30.13,321.99,391.01,0.0,0.0,,,,,,,基础化工,化学制品,其他化学制品,7.74,7.73,7.73
sz300214,日科化学,2013-11-12,7.86,7.97,7.83,7.95,7.86,1232948.0,9771858.6,632818179.45,1609875000.0,54050343.260000005,66489050.16,1177256695.73,1314722913.52,137466217.79,16258138.75,410.03,331.63,115.12,180.92,452.02,464.63,0.0,0.0,,,,,,,基础化工,化学制品,其他化学制品,7.86,7.89,7.93
sz300214,日科化学,2013-11-13,7.93,8.06,7.84,7.84,7.95,1114545.0,8870275.5,624062204.64,1587600000.0,54050343.260000005,66489050.16,1177256695.73,1314722913.52,137466217.79,16258138.75,280.84,340.65,128.32,136.31,477.87,410.07,0.0,0.0,,,,,,,基础化工,化学制品,其他化学制品,7.93,7.94,8.01
sz300214,日科化学,2013-11-14,7.84,8.29,7.81,8.09,7.84,2330230.0,18850280.3,643962147.39,1638225000.0,54050343.260000005,66489050.16,1177256695.73,1314722913.52,137466217.79,16258138.75,743.8,861.49,251.33,130.86,889.89,892.67,0.0,0.0,,,,,,,基础化工,化学制品,其他化学制品,7.87,7.83,7.83
sz300214,日科化学,2013-11-15,8.09,8.6,8.09,8.36,8.09,2956587.0,24791940.8,665454085.56,1692900000.0,54050343.260000005,66489050.16,1177256695.73,1314722913.52,137466217.79,16258138.75,978.19,1049.08,343.64,194.82,1157.36,1235.29,0.0,0.0,,,,,,,基础化工,化学制品,其他化学制品,8.13,8.22,8.26
sz300214,日科化学,2013-11-18,8.45,8.52,8.35,8.5,8.36,2821286.0,23830209.0,676598053.5,1721250000.0,54050343.260000005,66489050.16,1177256695.73,1314722913.52,137466217.79,16258138.75,956.62,1084.39,498.44,140.69,927.95,1024.74,0.0,133.19,,,,,,,基础化工,化学制品,其他化学制品,8.41,8.42,8.41
sz300214,日科化学,2013-11-19,8.49,8.49,8.37,8.41,8.5,1663707.0,14019709.7,669434074.11,1703025000.0,54050343.260000005,66489050.16,1177256695.73,1314722913.52,137466217.79,16258138.75,528.06,674.55,160.36,208.5,713.55,518.92,0.0,0.0,,,,,,,基础化工,化学制品,其他化学制品,8.45,8.44,8.47
sz300214,日科化学,2013-11-20,8.43,8.52,8.35,8.52,8.41,1738752.0,14669555.8,678190048.92,1725300000.0,54050343.260000005,66489050.16,1177256695.73,1314722913.52,137466217.79,16258138.75,680.4,662.87,181.11,170.88,605.44,633.2,0.0,0.0,,,,,,,基础化工,化学制品,其他化学制品,8.44,8.41,8.38
sz300214,日科化学,2013-11-21,8.48,8.69,8.41,8.57,8.52,2332581.0,19962937.2,682170037.47,1735425000.0,54050343.260000005,66489050.16,1177256695.73,1314722913.52,137466217.79,16258138.75,806.2,946.95,367.8,265.33,822.29,784.0,0.0,0.0,,,,,,,基础化工,化学制品,其他化学制品,8.43,8.46,8.46
sz300214,日科化学,2013-11-22,8.61,8.82,8.56,8.57,8.57,2896725.0,25182522.3,682170037.47,1735425000.0,54050343.260000005,66489050.16,1177256695.73,1314722913.52,137466217.79,16258138.75,970.28,963.42,130.47,220.06,1417.5,1300.27,0.0,34.49,,,,,,,基础化工,化学制品,其他化学制品,8.69,8.65,8.72
sz300214,日科化学,2013-11-25,8.55,8.59,8.43,8.5,8.57,1283745.0,10921339.2,676598053.5,1721250000.0,54050343.260000005,66489050.16,1177256695.73,1314722913.52,137466217.79,16258138.75,432.99,496.84,21.8,43.86,637.34,551.43,0.0,0.0,,,,,,,基础化工,化学制品,其他化学制品,8.48,8.5,8.46
sz300214,日科化学,2013-11-26,8.5,8.76,8.45,8.68,8.5,2098931.0,18121556.4,690926012.28,1757700000.0,54050343.260000005,66489050.16,1177256695.73,1314722913.52,137466217.79,16258138.75,689.36,939.58,311.27,42.96,811.52,829.62,0.0,0.0,,,,,,,基础化工,化学制品,其他化学制品,8.55,8.63,8.6
sz300214,日科化学,2013-11-27,8.68,9.02,8.6,8.95,8.68,4696063.0,41479127.4,712417950.45,1812375000.0,54050343.260000005,66489050.16,1177256695.73,1314722913.52,137466217.79,16258138.75,1692.13,1804.14,1188.83,583.72,1266.95,1622.48,0.0,137.56,,,,,,,基础化工,化学制品,其他化学制品,8.68,8.64,8.65
sz300214,日科化学,2013-11-28,8.94,9.03,8.83,8.85,8.95,3740632.0,33322340.9,704457973.35,1792125000.0,54050343.260000005,66489050.16,1177256695.73,1314722913.52,137466217.79,16258138.75,1483.6,1217.92,612.43,1124.64,1236.19,989.66,0.0,0.0,,,,,,,基础化工,化学制品,其他化学制品,8.92,8.93,8.9
sz300214,日科化学,2013-11-29,8.88,9.15,8.79,9.07,8.85,4395651.0,39686859.6,721969922.97,1836675000.0,54050343.260000005,66489050.16,1177256695.73,1314722913.52,137466217.79,16258138.75,1619.23,1393.92,789.49,1113.67,1559.96,1461.08,0.0,0.0,,,,,,,基础化工,化学制品,其他化学制品,8.8,8.89,8.92
sz300214,日科化学,2013-12-02,8.68,8.8,8.17,8.26,9.07,4292832.0,36346465.6,657494108.46,1672650000.0,54050343.260000005,66489050.16,1177256695.73,1314722913.52,137466217.79,16258138.75,1448.58,1548.69,290.26,564.83,1895.79,1521.11,0.0,0.0,,,,,,,基础化工,化学制品,其他化学制品,8.62,8.67,8.76
sz300214,日科化学,2013-12-03,8.21,8.42,8.0,8.39,8.26,2685832.0,22088125.9,667842078.69,1698975000.0,54050343.260000005,66489050.16,1177256695.73,1314722913.52,137466217.79,16258138.75,742.89,915.08,231.57,425.39,1234.34,868.33,0.0,0.0,,,,,,,基础化工,化学制品,其他化学制品,8.29,8.21,8.08
sz300214,日科化学,2013-12-04,8.39,8.55,8.29,8.44,8.39,2435898.0,20677084.6,671822067.24,1709100000.0,54050343.260000005,66489050.16,1177256695.73,1314722913.52,137466217.79,16258138.75,763.25,820.01,286.83,317.1,1017.62,930.59,0.0,0.0,,,,,,,基础化工,化学制品,其他化学制品,8.35,8.39,8.48
sz300214,日科化学,2013-12-05,8.44,8.76,8.38,8.52,8.44,2153737.0,18467412.1,678190048.92,1725300000.0,54050343.260000005,66489050.16,1177256695.73,1314722913.52,137466217.79,16258138.75,853.59,738.98,107.14,22.56,886.0,1085.2,0.0,0.0,,,,,,,基础化工,化学制品,其他化学制品,8.47,8.43,8.4
sz300214,日科化学,2013-12-06,8.55,8.69,8.52,8.54,8.52,1208205.0,10358715.8,679782044.34,1729350000.0,54050343.260000005,66489050.16,1177256695.73,1314722913.52,137466217.79,16258138.75,391.17,447.32,55.18,62.76,589.51,525.79,0.0,0.0,,,,,,,基础化工,化学制品,其他化学制品,8.56,8.58,8.53
sz300214,日科化学,2013-12-09,8.55,8.86,8.51,8.82,8.54,2334441.0,20462638.4,702069980.22,1786050000.0,54050343.260000005,66489050.16,1177256695.73,1314722913.52,137466217.79,16258138.75,904.85,733.26,198.78,226.3,942.63,1086.69,0.0,0.0,,,,,,,基础化工,化学制品,其他化学制品,8.61,8.65,8.63
sz300214,日科化学,2013-12-10,8.83,9.1,8.67,8.94,8.82,3103392.0,27652985.9,711621952.74,1810350000.0,54050343.260000005,66489050.16,1177256695.73,1314722913.52,137466217.79,16258138.75,1135.24,1055.26,291.91,241.1,1338.14,1468.92,0.0,0.0,,,,,,,基础化工,化学制品,其他化学制品,8.83,8.78,8.76
sz300214,日科化学,2013-12-11,8.88,8.98,8.74,8.88,8.94,2568994.0,22705985.4,706845966.48,1798200000.0,54050343.260000005,66489050.16,1177256695.73,1314722913.52,137466217.79,16258138.75,1080.51,1084.25,221.84,265.19,968.24,921.15,0.0,0.0,,,,,,,基础化工,化学制品,其他化学制品,8.87,8.97,8.84
sz300214,日科化学,2013-12-12,8.83,9.1,8.82,8.97,8.88,3155582.0,28275709.5,714009945.87,1816425000.0,54050343.260000005,66489050.16,1177256695.73,1314722913.52,137466217.79,16258138.75,1098.58,1207.17,405.01,345.13,1323.98,1275.26,0.0,0.0,,,,,,,基础化工,化学制品,其他化学制品,8.87,8.85,8.97
sz300214,日科化学,2013-12-13,8.91,9.01,8.82,8.96,8.97,2592308.0,23099912.2,713213948.16,1814400000.0,54050343.260000005,66489050.16,1177256695.73,1314722913.52,137466217.79,16258138.75,944.75,1083.67,278.81,292.07,1086.43,934.24,0.0,0.0,,,,,,,基础化工,化学制品,其他化学制品,8.86,8.91,8.84
sz300214,日科化学,2013-12-16,8.95,9.19,8.85,9.19,8.96,4232028.0,38266291.7,731521895.49,1860975000.0,54050343.260000005,66489050.16,1177256695.73,1314722913.52,137466217.79,16258138.75,1644.23,1656.96,463.44,390.53,1571.37,1779.12,147.58,0.0,,,,,,,基础化工,化学制品,其他化学制品,8.95,8.94,8.94
sz300214,日科化学,2013-12-17,9.18,9.36,8.96,8.99,9.19,4270854.0,39221959.6,715601941.29,1820475000.0,54050343.260000005,66489050.16,1177256695.73,1314722913.52,137466217.79,16258138.75,1657.49,1688.37,281.93,357.54,1982.77,1876.28,0.0,0.0,,,,,,,基础化工,化学制品,其他化学制品,9.2,9.13,9.17
sz300214,日科化学,2013-12-18,8.96,9.3,8.75,9.3,8.99,5834644.0,52882573.5,740277870.3,1883250000.0,54050343.260000005,66489050.16,1177256695.73,1314722913.52,137466217.79,16258138.75,2047.0,2412.57,978.9,755.67,2261.88,2120.0,0.46,0.0,,,,,,,基础化工,化学制品,其他化学制品,8.93,8.81,8.8
sz300214,日科化学,2013-12-19,9.31,9.31,8.9,8.9,9.3,3813665.0,34735467.5,708437961.9,1802250000.0,54050343.260000005,66489050.16,1177256695.73,1314722913.52,137466217.79,16258138.75,1322.01,1388.78,296.39,830.03,1855.13,1254.73,0.0,0.0,,,,,,,基础化工,化学制品,其他化学制品,9.2,9.19,9.2
sz300214,日科化学,2013-12-20,8.89,8.89,8.55,8.55,8.9,2502267.0,21818111.1,680578042.05,1731375000.0,54050343.260000005,66489050.16,1177256695.73,1314722913.52,137466217.79,16258138.75,893.38,965.0,46.84,242.46,1241.58,974.34,0.0,0.0,,,,,,,基础化工,化学制品,其他化学制品,8.86,8.77,8.82
sz300214,日科化学,2013-12-23,8.55,8.63,8.34,8.53,8.55,1645915.0,13961818.1,678986046.63,1727325000.0,54050343.260000005,66489050.16,1177256695.73,1314722913.52,137466217.79,16258138.75,521.58,668.0,56.6,39.93,818.0,688.25,0.0,0.0,,,,,,,基础化工,化学制品,其他化学制品,8.53,8.47,8.45
sz300214,日科化学,2013-12-24,8.56,8.71,8.5,8.63,8.53,1501669.0,12964661.2,686946023.73,1747575000.0,54050343.260000005,66489050.16,1177256695.73,1314722913.52,137466217.79,16258138.75,582.73,656.96,25.6,20.22,688.14,619.28,0.0,0.0,,,,,,,基础化工,化学制品,其他化学制品,8.5,8.6,8.6
sz300214,日科化学,2013-12-25,8.63,8.93,8.58,8.9,8.63,2251033.0,19824219.6,708437961.9,1802250000.0,54050343.260000005,66489050.16,1177256695.73,1314722913.52,137466217.79,16258138.75,960.38,721.58,185.97,272.07,836.06,988.76,0.0,0.0,,,,,,,基础化工,化学制品,其他化学制品,8.61,8.72,8.7
sz300214,日科化学,2013-12-26,8.91,8.94,8.66,8.66,8.9,2126650.0,18743479.2,689334016.86,1753650000.0,54050343.260000005,66489050.16,1177256695.73,1314722913.52,137466217.79,16258138.75,625.82,881.16,350.52,343.04,897.99,650.14,0.0,0.0,,,,,,,基础化工,化学制品,其他化学制品,8.9,8.9,8.88
sz300214,日科化学,2013-12-27,8.64,9.27,8.63,9.08,8.66,4766861.0,43173952.0,722765920.68,1838700000.0,54050343.260000005,66489050.16,1177256695.73,1314722913.52,137466217.79,16258138.75,1896.21,1808.84,741.16,598.25,1676.73,1910.29,3.28,0.0,,,,,,,基础化工,化学制品,其他化学制品,8.76,8.76,8.73
sz300214,日科化学,2013-12-30,9.07,9.35,9.0,9.25,9.08,4746976.0,43633540.9,736297881.75,1873125000.0,54050343.260000005,66489050.16,1177256695.73,1314722913.52,137466217.79,16258138.75,1965.06,2093.66,482.55,484.02,1901.13,1771.06,0.0,0.0,,,,,,,基础化工,化学制品,其他化学制品,9.07,9.13,9.13
sz300214,日科化学,2013-12-31,9.22,9.24,9.02,9.13,9.25,2680094.0,24385075.0,726745909.23,1848825000.0,54050343.260000005,66489050.16,1177256695.73,1314722913.52,137466217.79,16258138.75,947.66,1260.41,176.54,195.61,1314.3,982.49,0.0,0.0,,,,,,,基础化工,化学制品,其他化学制品,9.18,9.22,9.08
sz300214,日科化学,2014-01-02,9.11,9.33,9.04,9.23,9.13,3305750.0,30480138.1,734705886.33,1869075000.0,54050343.260000005,66489050.16,1177256695.73,1314722913.52,137466217.79,16258138.75,1446.45,1162.91,132.28,518.77,1469.28,1366.33,0.0,0.0,,,,,,,基础化工,化学制品,其他化学制品,9.09,9.17,9.16
sz300214,日科化学,2014-01-03,9.15,9.28,9.07,9.25,9.23,2872265.0,26330508.1,736297881.75,1873125000.0,54050343.260000005,66489050.16,1177256695.73,1314722913.52,137466217.79,16258138.75,1276.3,1246.35,90.43,166.97,1266.31,1219.73,0.0,0.0,,,,,,,基础化工,化学制品,其他化学制品,9.19,9.24,9.26
sz300214,日科化学,2014-01-06,9.23,9.23,8.75,8.81,9.25,2862749.0,25664006.1,701273982.51,1784025000.0,54050343.260000005,66489050.16,1177256695.73,1314722913.52,137466217.79,16258138.75,1089.73,1204.2,128.54,332.52,1348.13,1029.67,0.0,0.0,,,,,,,基础化工,化学制品,其他化学制品,9.14,9.03,9.08
sz300214,日科化学,2014-01-07,8.8,9.69,8.66,9.5,8.81,9210369.0,86123625.9,756197824.5,1923750000.0,54050343.260000005,66489050.16,1177256695.73,1314722913.52,137466217.79,16258138.75,3515.36,3692.84,1611.68,1074.2,3259.21,3845.29,226.08,0.0,,,,,,,基础化工,化学制品,其他化学制品,8.73,8.81,8.74
sz300214,日科化学,2014-01-08,9.47,9.75,9.4,9.57,9.5,9155309.0,87362223.9,761769808.47,1937925000.0,54050343.260000005,66489050.16,1177256695.73,1314722913.52,137466217.79,16258138.75,3792.16,3852.53,1061.91,1648.16,3698.82,3187.66,183.29,47.84,,,,,,,基础化工,化学制品,其他化学制品,9.47,9.52,9.49
sz300214,日科化学,2014-01-09,9.55,9.72,9.21,9.24,9.57,6721869.0,63906720.0,735501884.04,1871100000.0,54050343.260000005,66489050.16,1177256695.73,1314722913.52,137466217.79,16258138.75,2826.49,2659.75,782.43,1251.49,2781.72,2479.4,0.0,0.0,,,,,,,基础化工,化学制品,其他化学制品,9.53,9.5,9.48
sz300214,日科化学,2014-01-10,9.21,9.8,9.05,9.79,9.24,8170938.0,77456068.0,779281758.09,1982475000.0,54050343.260000005,66489050.16,1177256695.73,1314722913.52,137466217.79,16258138.75,3169.37,3354.5,1571.25,802.46,3004.96,3588.62,0.0,0.0,,,,,,,基础化工,化学制品,其他化学制品,9.2,9.11,9.09
sz300214,日科化学,2014-01-13,9.76,9.95,9.57,9.78,9.79,6662393.0,64821293.6,778485760.38,1980450000.0,54050343.260000005,66489050.16,1177256695.73,1314722913.52,137466217.79,16258138.75,3077.48,2896.62,271.26,899.31,3133.37,2686.18,0.0,0.0,,,,,,,基础化工,化学制品,其他化学制品,9.72,9.85,9.72
sz300214,日科化学,2014-01-14,9.7,9.88,9.51,9.88,9.78,5872081.0,57080454.7,786445737.48,2000700000.0,54050343.260000005,66489050.16,1177256695.73,1314722913.52,137466217.79,16258138.75,2535.12,2177.89,332.29,933.9,2840.62,2492.37,0.0,103.87,,,,,,,基础化工,化学制品,其他化学制品,9.62,9.65,9.62
sz300214,日科化学,2014-01-15,9.8,9.92,9.58,9.69,9.88,5866251.0,56929284.1,771321780.99,1962225000.0,54050343.260000005,66489050.16,1177256695.73,1314722913.52,137466217.79,16258138.75,2505.92,2467.43,365.33,1131.92,2821.65,2093.55,0.0,0.0,,,,,,,基础化工,化学制品,其他化学制品,9.84,9.88,9.73
sz300214,日科化学,2014-01-16,9.69,9.75,9.53,9.6,9.69,4306597.0,41404099.2,764157801.6,1944000000.0,54050343.260000005,66489050.16,1177256695.73,1314722913.52,137466217.79,16258138.75,1701.29,1888.9,221.54,421.2,2217.53,1830.26,0.0,0.0,,,,,,,基础化工,化学制品,其他化学制品,9.68,9.62,9.65
sz300214,日科化学,2014-01-17,9.59,9.7,9.4,9.59,9.6,3735741.0,35608782.9,763361803.89,1941975000.0,54050343.260000005,66489050.16,1177256695.73,1314722913.52,137466217.79,16258138.75,1520.51,1489.2,137.09,211.54,1903.26,1860.12,0.0,0.0,,,,,,,基础化工,化学制品,其他化学制品,9.58,9.54,9.57
sz300214,日科化学,2014-01-20,9.57,9.6,9.22,9.24,9.59,3906831.0,36697781.7,735501884.04,1871100000.0,54050343.260000005,66489050.16,1177256695.73,1314722913.52,137466217.79,16258138.75,1309.86,1631.27,280.79,421.04,2079.1,1617.44,0.0,0.0,,,,,,,基础化工,化学制品,其他化学制品,9.53,9.58,9.46
sz300214,日科化学,2014-01-21,9.25,9.47,9.2,9.47,9.24,2928552.0,27396320.5,753809831.37,1917675000.0,54050343.260000005,66489050.16,1177256695.73,1314722913.52,137466217.79,16258138.75,1152.51,1280.76,85.63,257.46,1501.48,1201.4,0.0,0.0,,,,,,,基础化工,化学制品,其他化学制品,9.28,9.34,9.34
sz300214,日科化学,2014-01-22,9.47,9.6,9.4,9.52,9.47,3602441.0,34282436.7,757789819.92,1927800000.0,54050343.260000005,66489050.16,1177256695.73,1314722913.52,137466217.79,16258138.75,1323.49,1528.92,381.57,348.0,1723.17,1551.3,0.0,0.0,,,,,,,基础化工,化学制品,其他化学制品,9.45,9.53,9.52
sz300214,日科化学,2014-01-23,9.53,9.77,9.51,9.61,9.52,4617841.0,44655952.1,764953799.31,1946025000.0,54050343.260000005,66489050.16,1177256695.73,1314722913.52,137466217.79,16258138.75,1871.99,1982.65,404.29,144.79,2189.3,2338.14,0.0,0.0,,,,,,,基础化工,化学制品,其他化学制品,9.58,9.56,9.56
sz300214,日科化学,2014-01-24,9.57,9.74,9.51,9.71,9.61,4365434.0,42227702.7,772913776.41,1966275000.0,54050343.260000005,66489050.16,1177256695.73,1314722913.52,137466217.79,16258138.75,2107.62,1986.66,158.52,286.59,1956.61,1949.5,0.0,0.0,,,,,,,基础化工,化学制品,其他化学制品,9.57,9.6,9.71
sz300214,日科化学,2014-01-27,9.65,9.68,9.38,9.4,9.71,4241832.0,40216241.7,748237847.4,1903500000.0,54050343.260000005,66489050.16,1177256695.73,1314722913.52,137466217.79,16258138.75,1803.23,1912.9,195.55,403.86,2022.82,1704.85,0.0,0.0,,,,,,,基础化工,化学制品,其他化学制品,9.68,9.54,9.44
sz300214,日科化学,2014-01-28,9.41,9.48,9.08,9.21,9.4,2826876.0,26159320.9,733113890.91,1865025000.0,54050343.260000005,66489050.16,1177256695.73,1314722913.52,137466217.79,16258138.75,1039.25,1087.34,140.6,433.19,1436.07,1095.39,0.0,0.0,,,,,,,基础化工,化学制品,其他化学制品,9.4,9.43,9.41
sz300214,日科化学,2014-01-29,9.24,9.43,9.2,9.37,9.21,1995467.0,18540589.0,745849854.27,1897425000.0,54050343.260000005,66489050.16,1177256695.73,1314722913.52,137466217.79,16258138.75,828.95,854.55,64.88,73.32,960.22,926.17,0.0,0.0,,,,,,,基础化工,化学制品,其他化学制品,9.25,9.24,9.26
sz300214,日科化学,2014-01-30,9.4,9.4,9.1,9.15,9.37,2163470.0,19921553.0,728337904.65,1852875000.0,54050343.260000005,66489050.16,1177256695.73,1314722913.52,137466217.79,16258138.75,863.26,1053.46,158.6,220.12,970.28,718.57,0.0,0.0,,,,,,,基础化工,化学制品,其他化学制品,9.37,9.36,9.32
sz300214,日科化学,2014-02-07,9.02,9.34,8.97,9.31,9.15,2070140.0,19078231.0,741073868.01,1885275000.0,54050343.260000005,66489050.16,1177256695.73,1314722913.52,137466217.79,16258138.75,639.7,763.34,265.65,234.16,1002.46,910.31,0.0,0.0,,,,,,,基础化工,化学制品,其他化学制品,9.06,9.09,9.11
sz300214,日科化学,2014-02-10,9.3,9.61,9.3,9.58,9.31,3963876.0,37591007.9,762565806.18,1939950000.0,54050343.260000005,66489050.16,1177256695.73,1314722913.52,137466217.79,16258138.75,1604.54,1680.72,648.16,349.62,1506.38,1728.75,0.0,0.0,,,,,,,基础化工,化学制品,其他化学制品,9.33,9.4,9.38
sz300214,日科化学,2014-02-11,9.6,9.63,9.36,9.56,9.58,4482507.0,42709370.7,760973810.76,1935900000.0,54050343.260000005,66489050.16,1177256695.73,1314722913.52,137466217.79,16258138.75,1857.84,1876.2,582.3,720.76,1830.78,1673.96,0.0,0.0,,,,,,,基础化工,化学制品,其他化学制品,9.55,9.58,9.61
sz300214,日科化学,2014-02-12,9.54,9.78,9.5,9.76,9.56,4976638.0,48091023.1,776893764.96,1976400000.0,54050343.260000005,66489050.16,1177256695.73,1314722913.52,137466217.79,16258138.75,1870.87,2117.33,806.04,738.58,2023.91,1950.86,108.26,2.31,,,,,,,基础化工,化学制品,其他化学制品,9.55,9.61,9.6
sz300214,日科化学,2014-02-13,9.74,9.74,9.39,9.39,9.76,4271798.0,41005131.8,747441849.69,1901475000.0,54050343.260000005,66489050.16,1177256695.73,1314722913.52,137466217.79,16258138.75,1736.7,1568.9,427.8,1122.92,1936.0,1408.69,0.0,0.0,,,,,,,基础化工,化学制品,其他化学制品,9.68,9.7,9.65
sz300214,日科化学,2014-02-14,9.32,9.75,9.32,9.75,9.39,4308116.0,41194652.0,776097767.25,1974375000.0,54050343.260000005,66489050.16,1177256695.73,1314722913.52,137466217.79,16258138.75,2006.42,1814.07,275.43,408.65,1710.38,1896.73,127.21,0.0,,,,,,,基础化工,化学制品,其他化学制品,9.41,9.43,9.41
sz300214,日科化学,2014-02-17,9.74,10.05,9.71,9.93,9.75,6562046.0,64876870.4,790425726.03,2010825000.0,54050343.260000005,66489050.16,1177256695.73,1314722913.52,137466217.79,16258138.75,3112.61,2913.26,418.48,894.0,2939.55,2680.4,17.02,0.0,,,,,,,基础化工,化学制品,其他化学制品,9.72,9.8,9.84
sz300214,日科化学,2014-02-18,9.91,10.2,9.8,10.06,9.93,6454424.0,64453586.4,800773696.26,2037150000.0,54050343.260000005,66489050.16,1177256695.73,1314722913.52,137466217.79,16258138.75,2723.01,2789.52,917.14,866.9,2786.08,2568.76,19.11,220.16,,,,,,,基础化工,化学制品,其他化学制品,9.85,9.84,9.83
sz300214,日科化学,2014-02-19,10.0,10.13,9.8,10.13,10.06,4803158.0,47944998.8,806345680.23,2051325000.0,54050343.260000005,66489050.16,1177256695.73,1314722913.52,137466217.79,16258138.75,2043.65,1857.02,424.8,691.06,2326.03,2143.16,0.0,103.24,,,,,,,基础化工,化学制品,其他化学制品,10.05,10.06,9.93
sz300214,日科化学,2014-02-20,10.19,10.19,9.77,9.77,10.13,3600731.0,35741470.7,777689762.67,1978425000.0,54050343.260000005,66489050.16,1177256695.73,1314722913.52,137466217.79,16258138.75,1495.29,1698.64,109.41,297.19,1969.43,1578.29,0.0,0.0,,,,,,,基础化工,化学制品,其他化学制品,10.12,10.03,9.9
sz300214,日科化学,2014-02-21,9.77,9.87,9.53,9.68,9.77,2603762.0,25260409.1,770525783.28,1960200000.0,54050343.260000005,66489050.16,1177256695.73,1314722913.52,137466217.79,16258138.75,1018.53,1322.99,116.73,242.88,1390.78,960.16,0.0,0.0,,,,,,,基础化工,化学制品,其他化学制品,9.75,9.85,9.82
sz300214,日科化学,2014-02-24,9.66,10.04,9.58,10.0,9.68,3119110.0,30674375.5,795997710.0,2025000000.0,54050343.260000005,66489050.16,1177256695.73,1314722913.52,137466217.79,16258138.75,1300.03,1101.02,353.02,297.91,1414.39,1668.5,0.0,0.0,,,,,,,基础化工,化学制品,其他化学制品,9.65,9.64,9.7
sz300214,日科化学,2014-02-25,9.97,10.09,9.0,9.15,10.0,4773074.0,45916029.3,728337904.65,1852875000.0,54050343.260000005,66489050.16,1177256695.73,1314722913.52,137466217.79,16258138.75,1855.17,1957.1,202.22,832.69,2534.2,1801.81,0.0,0.0,,,,,,,基础化工,化学制品,其他化学制品,10.02,10.08,10.02
sz300214,日科化学,2014-02-26,9.1,9.26,8.91,9.23,9.15,2768182.0,25219833.7,734705886.33,1869075000.0,54050343.260000005,66489050.16,1177256695.73,1314722913.52,137466217.79,16258138.75,1059.37,994.91,261.39,374.78,1201.21,1152.29,0.0,0.0,,,,,,,基础化工,化学制品,其他化学制品,9.09,8.99,8.96
sz300214,日科化学,2014-02-27,9.25,9.43,9.04,9.06,9.23,2278754.0,21003101.3,721173925.26,1834650000.0,54050343.260000005,66489050.16,1177256695.73,1314722913.52,137466217.79,16258138.75,740.06,938.56,138.15,275.03,1025.93,886.7,196.15,0.0,,,,,,,基础化工,化学制品,其他化学制品,9.23,9.23,9.31
sz300214,日科化学,2014-02-28,9.0,9.2,8.82,9.13,9.06,1610797.0,14532473.7,726745909.23,1848825000.0,54050343.260000005,66489050.16,1177256695.73,1314722913.52,137466217.79,16258138.75,536.45,558.99,176.18,249.92,740.62,644.33,0.0,0.0,,,,,,,基础化工,化学制品,其他化学制品,9.06,8.9,9.03
sz300214,日科化学,2014-03-03,9.05,9.38,9.05,9.34,9.13,1706774.0,15854025.6,743461861.14,1891350000.0,54050343.260000005,66489050.16,1177256695.73,1314722913.52,137466217.79,16258138.75,602.01,750.85,339.82,127.68,643.56,706.87,0.0,0.0,,,,,,,基础化工,化学制品,其他化学制品,9.1,9.11,9.2
sz300214,日科化学,2014-03-04,9.37,9.41,9.17,9.28,9.34,1381037.0,12827734.3,738685874.88,1879200000.0,54050343.260000005,66489050.16,1177256695.73,1314722913.52,137466217.79,16258138.75,498.48,607.95,32.61,153.39,751.68,521.43,0.0,0.0,,,,,,,基础化工,化学制品,其他化学制品,9.33,9.28,9.33
sz300214,日科化学,2014-03-05,9.3,9.39,9.18,9.25,9.28,1271450.0,11822686.9,736297881.75,1873125000.0,54050343.260000005,66489050.16,1177256695.73,1314722913.52,137466217.79,16258138.75,532.89,528.75,44.33,145.15,605.04,508.36,0.0,0.0,,,,,,,基础化工,化学制品,其他化学制品,9.34,9.38,9.31
sz300214,日科化学,2014-03-06,9.23,9.25,9.01,9.16,9.25,1282098.0,11703294.0,729133902.36,1854900000.0,54050343.260000005,66489050.16,1177256695.73,1314722913.52,137466217.79,16258138.75,371.18,577.78,106.16,109.74,692.99,482.81,0.0,0.0,,,,,,,基础化工,化学制品,其他化学制品,9.2,9.22,9.1
sz300214,日科化学,2014-03-07,9.18,9.34,9.13,9.2,9.16,1300312.0,12047682.9,732317893.2,1863000000.0,54050343.260000005,66489050.16,1177256695.73,1314722913.52,137466217.79,16258138.75,633.07,439.37,26.17,40.82,545.52,724.57,0.0,0.0,,,,,,,基础化工,化学制品,其他化学制品,9.23,9.24,9.32
sz300214,日科化学,2014-03-10,9.14,9.14,8.88,9.0,9.2,2115829.0,19050478.9,716397939.0,1822500000.0,54050343.260000005,66489050.16,1177256695.73,1314722913.52,137466217.79,16258138.75,963.02,935.54,246.86,338.5,695.17,631.01,0.0,0.0,,,,,,,基础化工,化学制品,其他化学制品,9.08,9.0,9.04
sz300214,日科化学,2014-03-11,9.03,9.2,9.0,9.12,9.0,1190394.0,10821431.3,725949911.52,1846800000.0,54050343.260000005,66489050.16,1177256695.73,1314722913.52,137466217.79,16258138.75,551.38,496.4,61.35,125.16,469.41,460.58,0.0,0.0,,,,,,,基础化工,化学制品,其他化学制品,9.07,9.06,9.12
sz300214,日科化学,2014-03-12,9.16,9.29,9.03,9.23,9.12,1352326.0,12418395.5,734705886.33,1869075000.0,54050343.260000005,66489050.16,1177256695.73,1314722913.52,137466217.79,16258138.75,467.74,560.01,238.62,80.06,535.47,601.76,0.0,0.0,,,,,,,基础化工,化学制品,其他化学制品,9.18,9.14,9.16
sz300214,日科化学,2014-03-13,9.24,9.37,9.2,9.31,9.23,1271664.0,11806119.3,741073868.01,1885275000.0,54050343.260000005,66489050.16,1177256695.73,1314722913.52,137466217.79,16258138.75,537.21,483.27,0.0,57.36,643.39,639.98,0.0,0.0,,,,,,,基础化工,化学制品,其他化学制品,9.26,9.28,9.26
sz300214,日科化学,2014-03-14,9.31,9.38,9.15,9.19,9.31,1122500.0,10374580.5,731521895.49,1860975000.0,54050343.260000005,66489050.16,1177256695.73,1314722913.52,137466217.79,16258138.75,332.94,349.3,121.75,170.01,582.76,518.15,0.0,0.0,,,,,,,基础化工,化学制品,其他化学制品,9.2,9.22,9.32
sz300214,日科化学,2014-03-17,9.29,9.37,9.17,9.36,9.19,2159374.0,20131070.9,745053856.56,1895400000.0,54050343.260000005,66489050.16,1177256695.73,1314722913.52,137466217.79,16258138.75,926.35,700.71,377.01,720.51,709.74,591.88,0.0,0.0,,,,,,,基础化工,化学制品,其他化学制品,9.22,9.27,9.29
sz300214,日科化学,2014-03-18,9.36,9.5,9.34,9.43,9.36,2079474.0,19600054.7,750625840.53,1909575000.0,54050343.260000005,66489050.16,1177256695.73,1314722913.52,137466217.79,16258138.75,786.22,895.94,267.44,194.15,906.35,869.91,0.0,0.0,,,,,,,基础化工,化学制品,其他化学制品,9.37,9.39,9.38
sz300214,日科化学,2014-03-19,9.4,9.44,9.26,9.44,9.43,1842596.0,17206819.1,751421838.24,1911600000.0,54050343.260000005,66489050.16,1177256695.73,1314722913.52,137466217.79,16258138.75,754.26,853.56,163.06,284.64,803.35,582.48,0.0,0.0,,,,,,,基础化工,化学制品,其他化学制品,9.37,9.31,9.31
sz300214,日科化学,2014-03-20,9.4,9.55,9.23,9.25,9.44,2041937.0,19113491.7,736297881.75,1873125000.0,54050343.260000005,66489050.16,1177256695.73,1314722913.52,137466217.79,16258138.75,889.77,789.97,84.69,405.12,936.88,716.25,0.0,0.0,,,,,,,基础化工,化学制品,其他化学制品,9.43,9.49,9.5
sz300214,日科化学,2014-03-21,9.18,9.29,9.02,9.26,9.25,1884852.0,17295046.2,737093879.46,1875150000.0,54050343.260000005,66489050.16,1177256695.73,1314722913.52,137466217.79,16258138.75,736.31,740.8,60.68,214.82,932.51,773.88,0.0,0.0,,,,,,,基础化工,化学制品,其他化学制品,9.18,9.08,9.06
sz300214,日科化学,2014-03-24,9.3,9.3,9.16,9.21,9.26,1508051.0,13927235.8,733113890.91,1865025000.0,54050343.260000005,66489050.16,1177256695.73,1314722913.52,137466217.79,16258138.75,516.28,717.09,114.64,122.61,761.79,553.01,0.0,0.0,,,,,,,基础化工,化学制品,其他化学制品,9.26,9.23,9.18
sz300214,日科化学,2014-03-25,9.21,9.31,9.13,9.17,9.21,1618178.0,14904810.0,729929900.07,1856925000.0,54050343.260000005,66489050.16,1177256695.73,1314722913.52,137466217.79,16258138.75,711.12,760.7,36.17,185.34,743.19,544.44,0.0,0.0,,,,,,,基础化工,化学制品,其他化学制品,9.24,9.19,9.25
sz300214,日科化学,2014-03-26,9.2,9.24,9.1,9.16,9.17,1637404.0,15014579.4,729133902.36,1854900000.0,54050343.260000005,66489050.16,1177256695.73,1314722913.52,137466217.79,16258138.75,598.68,550.83,100.9,331.34,801.87,619.28,0.0,0.0,,,,,,,基础化工,化学制品,其他化学制品,9.19,9.17,9.22
sz300214,日科化学,2014-03-27,9.17,9.19,8.8,8.8,9.16,2862197.0,25665283.9,700477984.8,1782000000.0,54050343.260000005,66489050.16,1177256695.73,1314722913.52,137466217.79,16258138.75,990.83,1152.78,202.41,534.09,1373.27,879.64,0.0,0.0,,,,,,,基础化工,化学制品,其他化学制品,9.16,9.13,9.14
sz300214,日科化学,2014-03-28,8.74,8.86,8.53,8.58,8.8,2098344.0,18197517.9,682966035.18,1737450000.0,54050343.260000005,66489050.16,1177256695.73,1314722913.52,137466217.79,16258138.75,768.67,836.5,80.43,271.8,970.65,711.44,0.0,0.0,,,,,,,基础化工,化学制品,其他化学制品,8.8,8.73,8.84
sz300214,日科化学,2014-03-31,8.6,8.68,8.44,8.56,8.58,1052961.0,9028235.2,681374039.76,1733400000.0,54050343.260000005,66489050.16,1177256695.73,1314722913.52,137466217.79,16258138.75,334.93,388.16,60.69,111.55,507.2,403.11,0.0,0.0,,,,,,,基础化工,化学制品,其他化学制品,8.65,8.54,8.56
sz300214,日科化学,2014-04-01,8.51,8.72,8.51,8.7,8.56,826919.0,7159148.4,692518007.7,1761750000.0,54050343.260000005,66489050.16,1177256695.73,1314722913.52,137466217.79,16258138.75,269.55,295.71,120.03,20.28,326.34,399.92,0.0,0.0,,,,,,,基础化工,化学制品,其他化学制品,8.58,8.56,8.6
sz300214,日科化学,2014-04-02,8.74,8.77,8.62,8.65,8.7,880167.0,7648371.2,688538019.15,1751625000.0,54050343.260000005,66489050.16,1177256695.73,1314722913.52,137466217.79,16258138.75,391.94,431.83,148.19,54.72,224.7,278.28,0.0,0.0,,,,,,,基础化工,化学制品,其他化学制品,8.72,8.7,8.68
sz300214,日科化学,2014-04-03,8.61,8.72,8.61,8.67,8.65,633734.0,5492053.2,690130014.57,1755675000.0,54050343.260000005,66489050.16,1177256695.73,1314722913.52,137466217.79,16258138.75,195.44,203.73,64.85,91.56,288.91,253.91,0.0,0.0,,,,,,,基础化工,化学制品,其他化学制品,8.65,8.62,8.64
sz300214,日科化学,2014-04-04,8.68,8.76,8.61,8.71,8.67,749306.0,6529952.5,693314005.41,1763775000.0,54050343.260000005,66489050.16,1177256695.73,1314722913.52,137466217.79,16258138.75,297.78,312.54,79.28,58.54,275.94,281.92,0.0,0.0,,,,,,,基础化工,化学制品,其他化学制品,8.67,8.67,8.69
sz300214,日科化学,2014-04-08,8.72,8.77,8.64,8.75,8.71,889524.0,7754573.9,696497996.25,1771875000.0,54050343.260000005,66489050.16,1177256695.73,1314722913.52,137466217.79,16258138.75,377.43,334.45,38.76,121.69,359.26,319.32,0.0,0.0,,,,,,,基础化工,化学制品,其他化学制品,8.71,8.69,8.66
sz300214,日科化学,2014-04-09,8.75,8.87,8.75,8.84,8.75,902040.0,7957800.5,703661975.64,1790100000.0,54050343.260000005,66489050.16,1177256695.73,1314722913.52,137466217.79,16258138.75,348.33,338.61,68.89,57.65,378.56,399.52,0.0,0.0,,,,,,,基础化工,化学制品,其他化学制品,8.78,8.79,8.8
sz300214,日科化学,2014-04-10,8.84,8.87,8.7,8.81,8.84,2699879.0,23730589.1,701273982.51,1784025000.0,54050343.260000005,66489050.16,1177256695.73,1314722913.52,137466217.79,16258138.75,1044.87,1025.9,193.84,580.46,1134.33,766.68,0.0,0.0,,,,,,,基础化工,化学制品,其他化学制品,8.85,8.83,8.85
sz300214,日科化学,2014-04-11,8.77,8.79,8.67,8.74,8.81,1313404.0,11461784.4,695701998.54,1769850000.0,54050343.260000005,66489050.16,1177256695.73,1314722913.52,137466217.79,16258138.75,492.7,622.99,173.31,71.16,480.16,452.02,0.0,0.0,,,,,,,基础化工,化学制品,其他化学制品,8.72,8.71,8.7
sz300214,日科化学,2014-04-14,8.73,8.8,8.68,8.79,8.74,1203346.0,10511720.7,699681987.09,1779975000.0,55463307.23,-17311283.67,1182560948.5100002,1377339527.64,194778579.13,5482423.419999994,352.16,516.99,62.25,130.96,549.57,403.21,87.18,0.0,,,,,,,基础化工,化学制品,其他化学制品,8.72,8.71,8.72
sz300214,日科化学,2014-04-15,8.75,8.79,8.63,8.65,8.79,1184619.0,10323824.9,688538019.15,1751625000.0,55463307.23,-17311283.67,1182560948.5100002,1377339527.64,194778579.13,5482423.419999994,472.85,580.32,0.0,144.22,559.53,307.84,0.0,0.0,,,,,,,基础化工,化学制品,其他化学制品,8.78,8.78,8.74
sz300214,日科化学,2014-04-16,8.65,9.52,8.58,9.52,8.65,3851239.0,35962588.3,757789819.92,1927800000.0,55463307.23,-17311283.67,1182560948.5100002,1377339527.64,194778579.13,5482423.419999994,674.43,1661.26,1013.45,558.08,524.47,1376.91,1383.91,0.0,,,,,,,基础化工,化学制品,其他化学制品,8.65,8.64,8.65
sz300214,日科化学,2014-04-17,9.51,9.97,9.37,9.57,9.52,14050953.0,136172037.5,761769808.47,1937925000.0,55463307.23,-17311283.67,1182560948.5100002,1377339527.64,194778579.13,5482423.419999994,5283.71,5567.78,2426.93,2531.37,5675.97,5393.16,230.53,124.84,,,,,,,基础化工,化学制品,其他化学制品,9.45,9.71,9.88
sz300214,日科化学,2014-04-18,9.45,9.54,9.32,9.37,9.57,5151744.0,48446370.0,745849854.27,1897425000.0,55463307.23,-17311283.67,1182560948.5100002,1377339527.64,194778579.13,5482423.419999994,2109.16,1833.47,192.08,836.44,2543.38,2049.34,0.0,125.37,,,,,,,基础化工,化学制品,其他化学制品,9.4,9.47,9.37
sz300214,日科化学,2014-04-21,9.33,9.48,9.27,9.27,9.37,3553799.0,33304553.2,737889877.17,1877175000.0,55463307.23,-17311283.67,1182560948.5100002,1377339527.64,194778579.13,5482423.419999994,1529.78,1335.67,232.13,411.95,1568.54,1582.82,0.0,0.0,,,,,,,基础化工,化学制品,其他化学制品,9.4,9.37,9.4
sz300214,日科化学,2014-04-22,9.2,9.27,8.97,9.13,9.27,3356287.0,30556127.3,726745909.23,1848825000.0,55463307.23,-17311283.67,1182560948.5100002,1377339527.64,194778579.13,5482423.419999994,1351.49,1261.19,233.18,480.12,1470.92,1314.28,0.0,0.0,,,,,,,基础化工,化学制品,其他化学制品,9.24,9.26,9.23
sz300214,日科化学,2014-04-23,9.12,9.29,9.11,9.13,9.13,1867841.0,17151050.5,726745909.23,1848825000.0,55463307.23,-17311283.67,1182560948.5100002,1377339527.64,194778579.13,5482423.419999994,752.23,745.09,117.07,166.87,845.8,803.14,0.0,0.0,,,,,,,基础化工,化学制品,其他化学制品,9.19,9.17,9.19
sz300214,日科化学,2014-04-24,9.15,9.16,8.99,9.04,9.13,1678623.0,15245573.1,719581929.84,1830600000.0,55463307.23,-17311283.67,1182560948.5100002,1377339527.64,194778579.13,5482423.419999994,657.2,677.21,59.23,130.39,808.12,716.96,0.0,0.0,,,,,,,基础化工,化学制品,其他化学制品,9.14,9.15,9.13
sz300214,日科化学,2014-04-25,9.04,9.18,9.0,9.05,9.04,1625741.0,14756669.3,720377927.55,1832625000.0,55449066.769999996,10178142.319999998,1195449422.3400002,1398716798.64,203267376.3,12970977.29,663.17,671.35,0.0,41.06,812.49,763.25,0.0,0.0,,,,,,,基础化工,化学制品,其他化学制品,9.02,9.03,9.11
sz300214,日科化学,2014-04-28,8.99,9.0,8.52,8.53,9.05,2968824.0,25826239.2,678986046.63,1727325000.0,55449066.769999996,10178142.319999998,1195449422.3400002,1398716798.64,203267376.3,12970977.29,1254.36,1282.83,108.14,399.22,1220.11,900.57,0.0,0.0,,,,,,,基础化工,化学制品,其他化学制品,8.96,8.93,8.8
sz300214,日科化学,2014-04-29,8.54,8.7,8.5,8.68,8.53,1453302.0,12489436.5,690926012.28,1757700000.0,55449066.769999996,10178142.319999998,1195449422.3400002,1398716798.64,203267376.3,12970977.29,491.69,610.86,94.44,56.16,662.81,581.92,0.0,0.0,,,,,,,基础化工,化学制品,其他化学制品,8.53,8.57,8.58
sz300214,日科化学,2014-04-30,8.75,8.87,8.69,8.83,8.68,1488377.0,13095086.7,702865977.93,1788075000.0,55449066.769999996,10178142.319999998,1195449422.3400002,1398716798.64,203267376.3,12970977.29,567.57,473.13,120.98,169.1,620.96,667.27,0.0,0.0,,,,,,,基础化工,化学制品,其他化学制品,8.75,8.79,8.8
sz300214,日科化学,2014-05-05,8.76,8.93,8.69,8.88,8.83,1386299.0,12192034.0,706845966.48,1798200000.0,55449066.769999996,10178142.319999998,1195449422.3400002,1398716798.64,203267376.3,12970977.29,418.04,441.3,160.88,147.0,640.27,630.9,0.0,0.0,,,,,,,基础化工,化学制品,其他化学制品,8.8,8.78,8.7
sz300214,日科化学,2014-05-06,8.86,9.17,8.82,9.15,8.88,2874023.0,25959539.7,728337904.65,1852875000.0,55449066.769999996,10178142.319999998,1195449422.3400002,1398716798.64,203267376.3,12970977.29,1127.47,1117.06,168.98,206.56,1299.48,1272.31,0.0,0.0,,,,,,,基础化工,化学制品,其他化学制品,8.85,8.92,8.9
sz300214,日科化学,2014-05-07,9.07,9.39,8.96,9.3,9.15,4027463.0,37030732.6,740277870.3,1883250000.0,55449066.769999996,10178142.319999998,1195449422.3400002,1398716798.64,203267376.3,12970977.29,1607.69,1525.87,528.68,393.37,1411.53,1625.88,155.15,157.94,,,,,,,基础化工,化学制品,其他化学制品,9.02,8.98,8.99
sz300214,日科化学,2014-05-08,10.03,10.03,9.58,9.87,9.3,12194124.0,119246840.1,785649739.77,1998675000.0,55449066.769999996,10178142.319999998,1195449422.3400002,1398716798.64,203267376.3,12970977.29,4790.37,5209.86,2032.01,1695.25,4670.49,5019.53,431.75,0.0,,,,,,,基础化工,化学制品,其他化学制品,9.61,9.74,9.7
sz300214,日科化学,2014-05-09,9.7,9.71,9.15,9.2,9.87,7461026.0,70274228.1,732317893.2,1863000000.0,55449066.769999996,10178142.319999998,1195449422.3400002,1398716798.64,203267376.3,12970977.29,3138.2,3211.07,625.14,1072.16,3264.06,2744.17,0.0,0.0,,,,,,,基础化工,化学制品,其他化学制品,9.67,9.55,9.55
sz300214,日科化学,2014-05-12,9.25,9.5,9.21,9.42,9.2,4596152.0,43077094.2,1907550000.0,1907550000.0,55449066.769999996,10178142.319999998,1195449422.3400002,1398716798.64,203267376.3,12970977.29,2022.57,2093.84,249.09,460.74,2036.03,1753.12,0.0,0.0,,,,,,,基础化工,化学制品,其他化学制品,9.22,9.44,9.4
sz300214,日科化学,2014-05-13,9.38,9.46,9.08,9.23,9.42,3229159.0,30065957.9,1869075000.0,1869075000.0,55449066.769999996,10178142.319999998,1195449422.3400002,1398716798.64,203267376.3,12970977.29,1307.75,1265.39,82.37,445.97,1526.35,1082.82,0.0,122.29,,,,,,,基础化工,化学制品,其他化学制品,9.39,9.36,9.44
sz300214,日科化学,2014-05-14,9.25,9.36,9.23,9.3,9.23,2258783.0,21023512.4,1883250000.0,1883250000.0,55449066.769999996,10178142.319999998,1195449422.3400002,1398716798.64,203267376.3,12970977.29,884.07,960.13,85.87,166.86,1087.11,975.34,45.29,0.0,,,,,,,基础化工,化学制品,其他化学制品,9.28,9.3,9.35
sz300214,日科化学,2014-05-15,9.35,9.53,9.27,9.27,9.3,3291675.0,30966699.2,1877175000.0,1877175000.0,55449066.769999996,10178142.319999998,1195449422.3400002,1398716798.64,203267376.3,12970977.29,1431.06,1354.29,165.41,194.09,1500.19,1548.27,0.0,0.0,,,,,,,基础化工,化学制品,其他化学制品,9.34,9.4,9.43
sz300214,日科化学,2014-05-16,9.24,9.29,9.06,9.22,9.27,2106789.0,19319358.3,1867050000.0,1867050000.0,55449066.769999996,10178142.319999998,1195449422.3400002,1398716798.64,203267376.3,12970977.29,694.18,858.34,89.21,196.63,1148.54,876.96,0.0,0.0,,,,,,,基础化工,化学制品,其他化学制品,9.18,9.23,9.2
sz300214,日科化学,2014-05-19,9.23,9.42,9.13,9.4,9.22,1925760.0,17915405.2,1903500000.0,1903500000.0,55449066.769999996,10178142.319999998,1195449422.3400002,1398716798.64,203267376.3,12970977.29,798.62,680.31,51.67,51.39,941.24,955.83,0.0,103.99,,,,,,,基础化工,化学制品,其他化学制品,9.23,9.2,9.26
sz300214,日科化学,2014-05-20,9.4,9.57,9.36,9.4,9.4,2267932.0,21413012.2,1903500000.0,1903500000.0,55449066.769999996,10178142.319999998,1195449422.3400002,1398716798.64,203267376.3,12970977.29,990.15,1014.33,125.73,62.81,1025.41,941.34,0.0,122.81,,,,,,,基础化工,化学制品,其他化学制品,9.44,9.52,9.5
sz300214,日科化学,2014-05-21,9.34,9.43,9.21,9.43,9.4,1868838.0,17441317.3,1909575000.0,1909575000.0,55449066.769999996,10178142.319999998,1195449422.3400002,1398716798.64,203267376.3,12970977.29,609.78,695.85,167.8,169.43,966.54,878.85,0.0,0.0,,,,,,,基础化工,化学制品,其他化学制品,9.25,9.26,9.3
sz300214,日科化学,2014-05-22,9.4,9.48,9.33,9.39,9.43,2445357.0,23045831.5,1901475000.0,1901475000.0,55449066.769999996,10178142.319999998,1195449422.3400002,1398716798.64,203267376.3,12970977.29,1113.26,1050.02,31.93,331.76,1159.38,922.8,0.0,0.0,,,,,,,基础化工,化学制品,其他化学制品,9.41,9.44,9.46
sz300214,日科化学,2014-05-23,9.4,9.48,9.26,9.44,9.39,1802501.0,16898116.1,1911600000.0,1911600000.0,55449066.769999996,10178142.319999998,1195449422.3400002,1398716798.64,203267376.3,12970977.29,766.41,749.47,44.34,181.58,879.05,758.76,0.0,0.0,,,,,,,基础化工,化学制品,其他化学制品,9.4,9.39,9.4
sz300214,日科化学,2014-05-26,9.41,9.55,9.41,9.49,9.44,2597666.0,24611564.5,1921725000.0,1921725000.0,55449066.769999996,10178142.319999998,1195449422.3400002,1398716798.64,203267376.3,12970977.29,1042.7,1064.1,389.39,500.74,1029.06,879.21,0.0,17.1,,,,,,,基础化工,化学制品,其他化学制品,9.45,9.44,9.46
sz300214,日科化学,2014-05-27,9.53,9.58,9.4,9.44,9.49,1944993.0,18459986.6,1911600000.0,1911600000.0,55449066.769999996,10178142.319999998,1195449422.3400002,1398716798.64,203267376.3,12970977.29,750.27,761.51,103.53,142.45,992.19,942.03,0.0,0.0,,,,,,,基础化工,化学制品,其他化学制品,9.49,9.51,9.5
sz300214,日科化学,2014-05-28,9.41,9.51,9.36,9.5,9.44,2242886.0,21183660.5,1923750000.0,1923750000.0,55449066.769999996,10178142.319999998,1195449422.3400002,1398716798.64,203267376.3,12970977.29,877.39,1035.73,235.81,290.29,1005.15,792.34,0.0,0.0,,,,,,,基础化工,化学制品,其他化学制品,9.47,9.46,9.46
sz300214,日科化学,2014-05-29,9.5,9.51,9.25,9.25,9.5,1988860.0,18638564.0,1873125000.0,1873125000.0,55449066.769999996,10178142.319999998,1195449422.3400002,1398716798.64,203267376.3,12970977.29,791.82,714.04,72.89,343.93,999.13,805.88,0.0,0.0,,,,,,,基础化工,化学制品,其他化学制品,9.46,9.5,9.43
sz300214,日科化学,2014-05-30,9.27,9.37,9.21,9.34,9.25,866792.0,8059651.1,1891350000.0,1891350000.0,55449066.769999996,10178142.319999998,1195449422.3400002,1398716798.64,203267376.3,12970977.29,223.88,268.38,25.74,35.26,556.34,502.32,0.0,0.0,,,,,,,基础化工,化学制品,其他化学制品,9.28,9.32,9.26
sz300214,日科化学,2014-06-03,9.38,9.41,9.31,9.32,9.34,899466.0,8428613.7,1887300000.0,1887300000.0,55449066.769999996,10178142.319999998,1195449422.3400002,1398716798.64,203267376.3,12970977.29,292.96,369.85,90.72,39.36,459.18,433.64,0.0,0.0,,,,,,,基础化工,化学制品,其他化学制品,9.37,9.36,9.38
sz300214,日科化学,2014-06-04,9.33,9.36,9.17,9.21,9.32,1306331.0,12081213.7,1865025000.0,1865025000.0,55449066.769999996,10178142.319999998,1195449422.3400002,1398716798.64,203267376.3,12970977.29,526.57,490.59,23.47,250.85,658.08,466.67,0.0,0.0,,,,,,,基础化工,化学制品,其他化学制品,9.31,9.28,9.25
sz300214,日科化学,2014-06-05,9.22,9.52,9.22,9.5,9.21,2593605.0,24403324.5,1923750000.0,1923750000.0,55449066.769999996,10178142.319999998,1195449422.3400002,1398716798.64,203267376.3,12970977.29,1018.57,846.92,187.69,339.68,950.25,1092.58,283.34,160.66,,,,,,,基础化工,化学制品,其他化学制品,9.25,9.25,9.29
sz300214,日科化学,2014-06-06,9.5,9.59,9.39,9.49,9.5,2968980.0,28174940.9,1921725000.0,1921725000.0,55449066.769999996,10178142.319999998,1195449422.3400002,1398716798.64,203267376.3,12970977.29,1280.3,1534.69,265.96,203.07,1271.23,1079.73,0.0,0.0,,,,,,,基础化工,化学制品,其他化学制品,9.48,9.53,9.49
sz300214,日科化学,2014-06-09,9.47,9.5,9.37,9.45,9.49,1727545.0,16316214.5,1913625000.0,1913625000.0,55449066.769999996,10178142.319999998,1195449422.3400002,1398716798.64,203267376.3,12970977.29,702.19,707.12,131.1,224.14,798.33,700.36,0.0,0.0,,,,,,,基础化工,化学制品,其他化学制品,9.45,9.41,9.44
sz300214,日科化学,2014-06-10,9.44,9.57,9.4,9.54,9.45,3552259.0,33761549.8,1931850000.0,1931850000.0,55449066.769999996,10178142.319999998,1195449422.3400002,1398716798.64,203267376.3,12970977.29,1821.47,1720.02,357.93,633.48,1196.74,1022.64,0.0,0.0,,,,,,,基础化工,化学制品,其他化学制品,9.47,9.45,9.42
sz300214,日科化学,2014-06-11,9.73,9.95,9.6,9.73,9.54,7476949.0,72896067.2,1970325000.0,1970325000.0,55449066.769999996,10178142.319999998,1195449422.3400002,1398716798.64,203267376.3,12970977.29,2924.12,3005.09,1196.87,1459.39,2987.24,2675.27,181.36,149.83,,,,,,,基础化工,化学制品,其他化学制品,9.73,9.72,9.81
sz300214,日科化学,2014-06-12,9.66,9.84,9.66,9.79,9.73,3953587.0,38616996.7,1982475000.0,1982475000.0,55449066.769999996,10178142.319999998,1195449422.3400002,1398716798.64,203267376.3,12970977.29,1576.11,1623.13,706.46,530.42,1579.12,1708.14,0.0,0.0,,,,,,,基础化工,化学制品,其他化学制品,9.76,9.7,9.73
sz300214,日科化学,2014-06-13,9.75,9.95,9.7,9.89,9.79,4384105.0,43289344.1,2002725000.0,2002725000.0,55449066.769999996,10178142.319999998,1195449422.3400002,1398716798.64,203267376.3,12970977.29,1855.21,1818.2,456.41,712.59,2017.3,1798.13,0.0,0.0,,,,,,,基础化工,化学制品,其他化学制品,9.79,9.79,9.81
sz300214,日科化学,2014-06-16,9.96,10.07,9.8,9.99,9.89,7107262.0,70588746.0,2022975000.0,2022975000.0,55449066.769999996,10178142.319999998,1195449422.3400002,1398716798.64,203267376.3,12970977.29,3251.58,3303.99,803.54,1008.1,2876.81,2628.21,126.93,118.56,,,,,,,基础化工,化学制品,其他化学制品,9.99,9.99,9.94
sz300214,日科化学,2014-06-17,10.01,10.01,9.73,9.76,9.99,5028350.0,49554826.6,1976400000.0,1976400000.0,55449066.769999996,10178142.319999998,1195449422.3400002,1398716798.64,203267376.3,12970977.29,2029.62,2304.52,848.14,832.59,2077.71,1818.36,0.0,0.0,,,,,,,基础化工,化学制品,其他化学制品,9.95,9.97,9.93
sz300214,日科化学,2014-06-18,4.89,4.91,4.7,4.73,4.88,6143476.0,29422088.8,1915650000.0,1915650000.0,55449066.769999996,10178142.319999998,1195449422.3400002,1398716798.64,203267376.3,12970977.29,1442.58,1391.23,115.45,365.05,1384.17,1185.92,0.0,0.0,,,,,,,基础化工,化学制品,其他化学制品,4.85,4.84,4.82
sz300214,日科化学,2014-06-19,4.72,4.89,4.65,4.8,4.73,11483861.0,55094447.0,1944000000.0,1944000000.0,55449066.769999996,10178142.319999998,1195449422.3400002,1398716798.64,203267376.3,12970977.29,2452.55,2786.31,981.8,576.4,2075.07,2143.04,0.0,3.67,,,,,,,基础化工,化学制品,其他化学制品,4.74,4.76,4.81
sz300214,日科化学,2014-06-20,4.77,4.8,4.68,4.75,4.8,4926644.0,23365583.6,1923750000.0,1923750000.0,55449066.769999996,10178142.319999998,1195449422.3400002,1398716798.64,203267376.3,12970977.29,906.13,1029.15,184.6,251.72,1157.42,1055.66,88.39,0.0,,,,,,,基础化工,化学制品,其他化学制品,4.75,4.79,4.77
sz300214,日科化学,2014-06-23,4.77,4.98,4.75,4.93,4.75,9883013.0,48142583.9,1996650000.0,1996650000.0,55449066.769999996,10178142.319999998,1195449422.3400002,1398716798.64,203267376.3,12970977.29,1872.08,2065.27,1024.5,667.72,1673.76,1953.85,243.89,127.4,,,,,,,基础化工,化学制品,其他化学制品,4.77,4.8,4.79
sz300214,日科化学,2014-06-24,4.91,5.02,4.87,4.92,4.93,7581637.0,37302807.9,1992600000.0,1992600000.0,55449066.769999996,10178142.319999998,1195449422.3400002,1398716798.64,203267376.3,12970977.29,1213.4,1367.69,502.39,395.61,1752.78,1966.96,261.69,0.0,,,,,,,基础化工,化学制品,其他化学制品,4.89,4.87,4.94
sz300214,日科化学,2014-06-25,4.93,4.93,4.8,4.86,4.92,6253152.0,30264168.0,1968300000.0,1968300000.0,55449066.769999996,10178142.319999998,1195449422.3400002,1398716798.64,203267376.3,12970977.29,1191.97,1193.01,498.73,626.87,1233.55,1172.05,102.17,34.48,,,,,,,基础化工,化学制品,其他化学制品,4.9,4.86,4.85
sz300214,日科化学,2014-06-26,4.86,4.95,4.86,4.91,4.86,6487020.0,31818351.1,1988550000.0,1988550000.0,55449066.769999996,10178142.319999998,1195449422.3400002,1398716798.64,203267376.3,12970977.29,1670.57,1328.15,159.21,453.96,1352.04,1399.71,0.0,0.0,,,,,,,基础化工,化学制品,其他化学制品,4.88,4.89,4.9
sz300214,日科化学,2014-06-27,4.9,4.97,4.83,4.94,4.91,10945909.0,53691552.7,2000700000.0,2000700000.0,55449066.769999996,10178142.319999998,1195449422.3400002,1398716798.64,203267376.3,12970977.29,2195.43,2466.87,826.39,606.01,2188.33,2296.26,158.97,0.0,,,,,,,基础化工,化学制品,其他化学制品,4.87,4.89,4.86
sz300214,日科化学,2014-06-30,4.93,4.99,4.85,4.99,4.94,9558579.0,47138384.4,2020950000.0,2020950000.0,55449066.769999996,10178142.319999998,1195449422.3400002,1398716798.64,203267376.3,12970977.29,2020.8,2209.18,599.09,566.83,1955.14,1937.81,138.79,0.0,,,,,,,基础化工,化学制品,其他化学制品,4.91,4.92,4.89
sz300214,日科化学,2014-07-01,4.97,5.08,4.93,4.96,4.99,11691048.0,58358265.9,2008800000.0,2008800000.0,55449066.769999996,10178142.319999998,1195449422.3400002,1398716798.64,203267376.3,12970977.29,2358.38,2238.06,583.04,1229.13,2755.75,2090.2,138.65,278.41,,,,,,,基础化工,化学制品,其他化学制品,4.95,4.94,4.95
sz300214,日科化学,2014-07-02,4.95,5.03,4.92,5.02,4.96,9947579.0,49550802.0,2033100000.0,2033100000.0,55449066.769999996,10178142.319999998,1195449422.3400002,1398716798.64,203267376.3,12970977.29,2014.01,2233.32,608.82,721.28,2206.79,2000.46,125.45,0.0,,,,,,,基础化工,化学制品,其他化学制品,4.95,4.97,4.95
sz300214,日科化学,2014-07-03,5.0,5.03,4.97,5.01,5.02,8408156.0,42091386.2,2029050000.0,2029050000.0,55449066.769999996,10178142.319999998,1195449422.3400002,1398716798.64,203267376.3,12970977.29,1899.83,1637.59,578.71,967.26,1658.4,1604.27,72.16,0.0,,,,,,,基础化工,化学制品,其他化学制品,5.0,5.01,5.02
sz300214,日科化学,2014-07-04,5.01,5.03,4.98,5.03,5.01,7010060.0,35114729.8,2037150000.0,2037150000.0,55449066.769999996,10178142.319999998,1195449422.3400002,1398716798.64,203267376.3,12970977.29,1664.25,1562.11,775.52,688.65,1071.69,1260.7,0.0,0.0,,,,,,,基础化工,化学制品,其他化学制品,5.0,5.01,5.01
sz300214,日科化学,2014-07-07,5.03,5.53,4.96,5.23,5.03,36585405.0,193784771.4,2118150000.0,2118150000.0,55449066.769999996,10178142.319999998,1195449422.3400002,1398716798.64,203267376.3,12970977.29,6433.65,6489.66,3308.11,4984.23,6489.09,5731.91,3147.58,2172.63,,,,,,,基础化工,化学制品,其他化学制品,5.0,5.02,5.02
sz300214,日科化学,2014-07-08,5.15,5.34,5.11,5.28,5.23,21863913.0,114118040.5,2138400000.0,2138400000.0,55449066.769999996,10178142.319999998,1195449422.3400002,1398716798.64,203267376.3,12970977.29,3953.75,3539.6,1660.32,2687.34,4627.53,3999.38,1170.18,1185.45,,,,,,,基础化工,化学制品,其他化学制品,5.17,5.15,5.13
sz300214,日科化学,2014-07-09,5.22,5.3,5.07,5.1,5.28,12373331.0,64294778.2,2065500000.0,2065500000.0,55449066.769999996,10178142.319999998,1195449422.3400002,1398716798.64,203267376.3,12970977.29,2606.1,2689.74,534.62,657.7,3288.71,3082.0,0.0,0.0,,,,,,,基础化工,化学制品,其他化学制品,5.24,5.23,5.24
sz300214,日科化学,2014-07-10,5.12,5.2,5.09,5.14,5.1,7401530.0,38038460.3,2081700000.0,2081700000.0,55449066.769999996,10178142.319999998,1195449422.3400002,1398716798.64,203267376.3,12970977.29,1769.08,1555.28,339.94,628.96,1694.81,1619.59,0.0,0.0,,,,,,,基础化工,化学制品,其他化学制品,5.14,5.13,5.12
sz300214,日科化学,2014-07-11,5.17,5.18,5.09,5.17,5.14,6964682.0,35762520.1,2093850000.0,2093850000.0,55449066.769999996,10178142.319999998,1195449422.3400002,1398716798.64,203267376.3,12970977.29,1384.82,1253.28,421.88,478.85,1769.53,1719.53,0.0,124.57,,,,,,,基础化工,化学制品,其他化学制品,5.12,5.12,5.12
sz300214,日科化学,2014-07-14,5.15,5.21,5.11,5.18,5.17,6515315.0,33644702.4,2097900000.0,2097900000.0,55449066.769999996,10178142.319999998,1195449422.3400002,1398716798.64,203267376.3,12970977.29,1233.28,1325.54,612.35,436.5,1518.81,1414.22,0.0,188.19,,,,,,,基础化工,化学制品,其他化学制品,5.15,5.13,5.14
sz300214,日科化学,2014-07-15,5.15,5.15,5.01,5.06,5.18,9983176.0,50510568.7,2049300000.0,2049300000.0,55449066.769999996,10178142.319999998,1195449422.3400002,1398716798.64,203267376.3,12970977.29,2039.1,2112.42,312.4,729.47,2699.54,2209.15,0.0,0.0,,,,,,,基础化工,化学制品,其他化学制品,5.13,5.13,5.06
sz300214,日科化学,2014-07-16,5.03,5.07,4.93,4.95,5.06,7282800.0,36328596.4,2004750000.0,2004750000.0,55449066.769999996,10178142.319999998,1195449422.3400002,1398716798.64,203267376.3,12970977.29,1383.89,1303.43,413.14,892.64,1835.81,1436.77,0.0,0.0,,,,,,,基础化工,化学制品,其他化学制品,5.02,5.04,5.07
sz300214,日科化学,2014-07-17,4.94,4.98,4.93,4.97,4.95,4000231.0,19813224.6,2012850000.0,2012850000.0,55449066.769999996,10178142.319999998,1195449422.3400002,1398716798.64,203267376.3,12970977.29,944.07,844.46,212.63,289.54,824.61,734.49,0.0,112.83,,,,,,,基础化工,化学制品,其他化学制品,4.95,4.97,4.94
sz300214,日科化学,2014-07-18,4.94,4.98,4.89,4.95,4.97,3194988.0,15821746.4,2004750000.0,2004750000.0,55449066.769999996,10178142.319999998,1195449422.3400002,1398716798.64,203267376.3,12970977.29,615.75,638.89,167.93,261.18,798.47,682.09,0.0,0.0,,,,,,,基础化工,化学制品,其他化学制品,4.92,4.94,4.94
sz300214,日科化学,2014-07-21,4.94,4.97,4.88,4.89,4.95,4213045.0,20685453.2,1980450000.0,1980450000.0,55449066.769999996,10178142.319999998,1195449422.3400002,1398716798.64,203267376.3,12970977.29,667.87,762.53,231.14,547.06,1169.52,758.95,0.0,0.0,,,,,,,基础化工,化学制品,其他化学制品,4.93,4.96,4.94
sz300214,日科化学,2014-07-22,4.87,4.94,4.85,4.92,4.89,5022230.0,24627531.2,1992600000.0,1992600000.0,55449066.769999996,10178142.319999998,1195449422.3400002,1398716798.64,203267376.3,12970977.29,917.92,1036.24,541.38,650.94,1003.44,775.56,0.0,0.0,,,,,,,基础化工,化学制品,其他化学制品,4.87,4.89,4.9
sz300214,日科化学,2014-07-23,4.91,4.96,4.78,4.79,4.92,6088798.0,29667483.2,1939950000.0,1939950000.0,55449066.769999996,10178142.319999998,1195449422.3400002,1398716798.64,203267376.3,12970977.29,1081.47,1269.63,305.69,415.0,1473.97,1150.92,105.6,131.18,,,,,,,基础化工,化学制品,其他化学制品,4.91,4.93,4.95
sz300214,日科化学,2014-07-24,4.81,4.84,4.74,4.84,4.79,4146510.0,19913374.8,1960200000.0,1960200000.0,55449066.769999996,10178142.319999998,1195449422.3400002,1398716798.64,203267376.3,12970977.29,827.88,930.53,288.87,166.21,874.58,894.59,0.0,0.0,,,,,,,基础化工,化学制品,其他化学制品,4.82,4.79,4.81
sz300214,日科化学,2014-07-25,4.83,4.93,4.81,4.89,4.84,4377458.0,21349801.2,1980450000.0,1980450000.0,55449066.769999996,10178142.319999998,1195449422.3400002,1398716798.64,203267376.3,12970977.29,748.31,812.88,176.52,401.59,935.17,718.82,274.01,200.72,,,,,,,基础化工,化学制品,其他化学制品,4.83,4.86,4.86
sz300214,日科化学,2014-07-28,4.9,5.0,4.9,4.96,4.89,7986696.0,39561501.5,2008800000.0,2008800000.0,55449066.769999996,10178142.319999998,1195449422.3400002,1398716798.64,203267376.3,12970977.29,1656.04,1679.52,699.84,292.85,1359.79,1231.15,240.47,752.61,,,,,,,基础化工,化学制品,其他化学制品,4.93,4.92,4.92
sz300214,日科化学,2014-07-29,4.97,5.03,4.94,5.0,4.96,6130402.0,30611405.8,2025000000.0,2025000000.0,55449066.769999996,10178142.319999998,1195449422.3400002,1398716798.64,203267376.3,12970977.29,1188.86,1125.33,504.57,659.13,1347.27,1276.66,20.43,0.0,,,,,,,基础化工,化学制品,其他化学制品,4.95,4.97,4.97
sz300214,日科化学,2014-07-30,5.01,5.07,4.97,5.02,5.0,6634855.0,33285348.6,2033100000.0,2033100000.0,55449066.769999996,10178142.319999998,1195449422.3400002,1398716798.64,203267376.3,12970977.29,1460.25,1488.61,595.22,634.38,1273.04,1205.53,0.0,0.0,,,,,,,基础化工,化学制品,其他化学制品,4.98,5.0,4.99
sz300214,日科化学,2014-07-31,5.01,5.14,4.99,5.11,5.02,7888338.0,39788054.2,2069550000.0,2069550000.0,55449066.769999996,10178142.319999998,1195449422.3400002,1398716798.64,203267376.3,12970977.29,1571.09,1759.75,546.5,664.85,1627.48,1554.19,233.73,0.0,,,,,,,基础化工,化学制品,其他化学制品,5.01,5.04,5.02
sz300214,日科化学,2014-08-01,5.07,5.11,5.0,5.02,5.11,8316356.0,42090279.1,2033100000.0,2033100000.0,55449066.769999996,10178142.319999998,1195449422.3400002,1398716798.64,203267376.3,12970977.29,1618.45,1821.06,527.04,660.83,2063.52,1727.12,0.0,0.0,,,,,,,基础化工,化学制品,其他化学制品,5.07,5.09,5.09
sz300214,日科化学,2014-08-04,5.0,5.12,5.0,5.1,5.02,8166654.0,41358224.7,2065500000.0,2065500000.0,55449066.769999996,10178142.319999998,1195449422.3400002,1398716798.64,203267376.3,12970977.29,1714.18,1941.78,792.13,674.99,1616.01,1519.03,13.48,0.0,,,,,,,基础化工,化学制品,其他化学制品,5.03,5.04,5.02
sz300214,日科化学,2014-08-05,5.11,5.17,5.06,5.15,5.1,9878720.0,50546471.8,2085750000.0,2085750000.0,55449066.769999996,10178142.319999998,1195449422.3400002,1398716798.64,203267376.3,12970977.29,1923.7,2189.29,1070.88,1034.96,1957.79,1715.67,102.26,114.71,,,,,,,基础化工,化学制品,其他化学制品,5.07,5.07,5.06
sz300214,日科化学,2014-08-06,5.14,5.19,5.08,5.14,5.15,9202590.0,47383011.1,2081700000.0,2081700000.0,55449066.769999996,10178142.319999998,1195449422.3400002,1398716798.64,203267376.3,12970977.29,1800.68,2131.76,851.59,811.28,1775.61,1795.25,310.42,0.0,,,,,,,基础化工,化学制品,其他化学制品,5.12,5.08,5.11
sz300214,日科化学,2014-08-07,5.16,5.22,5.09,5.11,5.14,8937898.0,46077332.6,2069550000.0,2069550000.0,55449066.769999996,10178142.319999998,1195449422.3400002,1398716798.64,203267376.3,12970977.29,1911.64,2094.43,757.42,690.13,1901.69,1823.15,36.97,0.0,,,,,,,基础化工,化学制品,其他化学制品,5.14,5.13,5.15
sz300214,日科化学,2014-08-08,5.12,5.21,5.1,5.19,5.11,10077988.0,52076592.5,2101950000.0,2101950000.0,55449066.769999996,10178142.319999998,1195449422.3400002,1398716798.64,203267376.3,12970977.29,1976.56,2481.98,945.53,756.15,1887.93,1969.51,397.62,0.0,,,,,,,基础化工,化学制品,其他化学制品,5.13,5.14,5.14
sz300214,日科化学,2014-08-11,5.21,5.28,5.18,5.26,5.19,8940959.0,46885327.2,2130300000.0,2130300000.0,55449066.769999996,10178142.319999998,1195449422.3400002,1398716798.64,203267376.3,12970977.29,1727.36,2039.28,858.83,816.62,1997.07,1832.61,105.25,0.0,,,,,,,基础化工,化学制品,其他化学制品,5.18,5.2,5.23
sz300214,日科化学,2014-08-12,5.27,5.29,5.19,5.24,5.26,13504316.0,70793148.7,2122200000.0,2122200000.0,55449066.769999996,10178142.319999998,1195449422.3400002,1398716798.64,203267376.3,12970977.29,2535.76,2214.07,1123.75,1485.55,2612.02,1794.01,807.77,1585.67,,,,,,,基础化工,化学制品,其他化学制品,5.24,5.26,5.26
sz300214,日科化学,2014-08-13,5.24,5.32,5.12,5.3,5.24,13807364.0,71923257.0,2146500000.0,2146500000.0,55449066.769999996,10178142.319999998,1195449422.3400002,1398716798.64,203267376.3,12970977.29,2551.37,3127.01,1621.5,1300.41,2582.21,2658.81,437.23,106.08,,,,,,,基础化工,化学制品,其他化学制品,5.23,5.21,5.21
sz300214,日科化学,2014-08-14,5.27,5.39,5.2,5.23,5.3,16637913.0,88080024.0,2118150000.0,2118150000.0,55449066.769999996,10178142.319999998,1195449422.3400002,1398716798.64,203267376.3,12970977.29,3599.85,2972.55,1194.71,2769.44,3941.62,2745.34,71.81,320.66,,,,,,,基础化工,化学制品,其他化学制品,5.29,5.27,5.26
sz300214,日科化学,2014-08-15,5.19,5.33,5.19,5.31,5.23,10317856.0,54443277.1,2150550000.0,2150550000.0,55449066.769999996,10178142.319999998,1195449422.3400002,1398716798.64,203267376.3,12970977.29,2071.91,2162.99,874.03,947.02,2099.05,2239.54,399.33,94.77,,,,,,,基础化工,化学制品,其他化学制品,5.24,5.21,5.23
sz300214,日科化学,2014-08-18,5.33,5.44,5.31,5.41,5.31,13331474.0,71708049.9,2191050000.0,2191050000.0,55449066.769999996,10178142.319999998,1195449422.3400002,1398716798.64,203267376.3,12970977.29,2785.74,2958.04,1182.29,1213.87,3140.94,2930.95,61.81,67.91,,,,,,,基础化工,化学制品,其他化学制品,5.32,5.37,5.33
sz300214,日科化学,2014-08-19,5.4,5.46,5.35,5.41,5.41,11494414.0,62146632.5,2191050000.0,2191050000.0,55449066.769999996,10178142.319999998,1195449422.3400002,1398716798.64,203267376.3,12970977.29,2830.2,2628.5,533.83,796.19,2850.61,2587.74,0.0,202.21,,,,,,,基础化工,化学制品,其他化学制品,5.44,5.44,5.42
sz300214,日科化学,2014-08-20,5.41,5.5,5.37,5.49,5.41,15056449.0,82144647.3,2223450000.0,2223450000.0,55449066.769999996,10178142.319999998,1195449422.3400002,1398716798.64,203267376.3,12970977.29,3611.55,3296.62,1335.99,1900.93,3266.91,3016.9,0.0,0.0,,,,,,,基础化工,化学制品,其他化学制品,5.4,5.38,5.38
sz300214,日科化学,2014-08-21,5.47,5.79,5.47,5.62,5.49,27044684.0,152032121.0,2276100000.0,2276100000.0,55449066.769999996,10178142.319999998,1195449422.3400002,1398716798.64,203267376.3,12970977.29,5961.43,6266.38,2461.99,2266.14,6396.8,6393.49,382.96,277.18,,,,,,,基础化工,化学制品,其他化学制品,5.53,5.67,5.59
sz300214,日科化学,2014-08-22,5.61,5.65,5.51,5.6,5.62,13822435.0,77005002.2,2268000000.0,2268000000.0,55449066.769999996,10178142.319999998,1195449422.3400002,1398716798.64,203267376.3,12970977.29,3086.77,3392.23,1022.39,896.41,3535.25,3282.14,56.07,129.7,,,,,,,基础化工,化学制品,其他化学制品,5.56,5.61,5.63
sz300214,日科化学,2014-08-25,5.58,5.64,5.47,5.48,5.6,10202440.0,56443722.1,2219400000.0,2219400000.0,55449066.769999996,10178142.319999998,1195449422.3400002,1398716798.64,203267376.3,12970977.29,2028.73,1916.77,516.28,784.81,2542.77,2024.0,0.0,362.2,,,,,,,基础化工,化学制品,其他化学制品,5.6,5.61,5.62
sz300214,日科化学,2014-08-26,5.45,5.53,5.28,5.32,5.48,10977912.0,59253145.6,2154600000.0,2154600000.0,44750420.66,-35544218.019999996,1205353499.27,1447865512.98,242512013.71,10038881.2,2192.68,2356.31,862.64,1063.79,2869.96,2504.07,0.0,1.12,,,,,,,基础化工,化学制品,其他化学制品,5.44,5.48,5.5
sz300214,日科化学,2014-08-27,5.32,5.54,5.3,5.47,5.32,10762594.0,58621083.2,2215350000.0,2215350000.0,44750420.66,-35544218.019999996,1205353499.27,1447865512.98,242512013.71,10038881.2,2288.01,2335.53,900.71,747.78,2673.37,2778.77,0.0,0.0,,,,,,,基础化工,化学制品,其他化学制品,5.36,5.38,5.39
sz300214,日科化学,2014-08-28,5.54,5.63,5.4,5.46,5.47,12998195.0,71663230.7,2211300000.0,2211300000.0,44750420.66,-35544218.019999996,1205353499.27,1447865512.98,242512013.71,10038881.2,3014.21,3074.3,722.77,933.8,3252.8,3065.88,107.29,23.09,,,,,,,基础化工,化学制品,其他化学制品,5.49,5.51,5.49
sz300214,日科化学,2014-08-29,5.44,5.5,5.37,5.5,5.46,7366016.0,40018632.4,2227500000.0,2227500000.0,44750420.66,-35544218.019999996,1205353499.27,1447865512.98,242512013.71,10038881.2,1449.9,1658.65,462.46,641.46,2089.5,1701.75,0.0,0.0,,,,,,,基础化工,化学制品,其他化学制品,5.44,5.46,5.42
sz300214,日科化学,2014-09-01,5.5,5.62,5.46,5.6,5.5,8767790.0,48799076.3,2268000000.0,2268000000.0,44750420.66,-35544218.019999996,1205353499.27,1447865512.98,242512013.71,10038881.2,2018.44,1957.44,702.55,805.47,2141.93,2116.97,16.96,0.0,,,,,,,基础化工,化学制品,其他化学制品,5.5,5.5,5.54
sz300214,日科化学,2014-09-02,5.63,5.68,5.57,5.64,5.6,13130197.0,73893190.0,2284200000.0,2284200000.0,44750420.66,-35544218.019999996,1205353499.27,1447865512.98,242512013.71,10038881.2,3132.59,3020.39,1001.06,1097.18,3142.65,3139.39,112.99,132.33,,,,,,,基础化工,化学制品,其他化学制品,5.64,5.64,5.62
sz300214,日科化学,2014-09-03,5.63,5.7,5.6,5.67,5.64,13970430.0,78949219.3,2296350000.0,2296350000.0,44750420.66,-35544218.019999996,1205353499.27,1447865512.98,242512013.71,10038881.2,3211.24,2973.66,1509.01,1863.73,2969.06,2821.63,205.57,235.86,,,,,,,基础化工,化学制品,其他化学制品,5.65,5.68,5.67
sz300214,日科化学,2014-09-04,5.67,5.75,5.6,5.73,5.67,14256559.0,81013673.4,2320650000.0,2320650000.0,44750420.66,-35544218.019999996,1205353499.27,1447865512.98,242512013.71,10038881.2,3195.63,3134.58,1456.66,1909.73,3070.78,2825.98,378.28,231.06,,,,,,,基础化工,化学制品,其他化学制品,5.67,5.63,5.64
sz300214,日科化学,2014-09-05,5.73,5.92,5.64,5.83,5.73,19614810.0,113404912.6,2361150000.0,2361150000.0,44750420.66,-35544218.019999996,1205353499.27,1447865512.98,242512013.71,10038881.2,4121.26,4460.0,1373.58,2165.42,4405.8,4582.23,1439.83,132.83,,,,,,,基础化工,化学制品,其他化学制品,5.74,5.72,5.71
sz300214,日科化学,2014-09-09,5.82,6.35,5.8,6.18,5.83,33749233.0,206546532.5,2502900000.0,2502900000.0,44750420.66,-35544218.019999996,1205353499.27,1447865512.98,242512013.71,10038881.2,6947.69,7930.68,4594.57,4108.41,7226.95,8222.4,1885.4,393.11,,,,,,,基础化工,化学制品,其他化学制品,5.82,6.07,5.97
sz300214,日科化学,2014-09-10,6.1,6.3,6.06,6.24,6.18,17433053.0,108131523.7,2527200000.0,2527200000.0,44750420.66,-35544218.019999996,1205353499.27,1447865512.98,242512013.71,10038881.2,4276.87,4435.68,1818.49,1935.06,4469.2,4442.39,248.58,0.0,,,,,,,基础化工,化学制品,其他化学制品,6.13,6.17,6.13
sz300214,日科化学,2014-09-11,6.25,6.59,6.21,6.29,6.24,20640902.0,131722938.3,2547450000.0,2547450000.0,44750420.66,-35544218.019999996,1205353499.27,1447865512.98,242512013.71,10038881.2,4818.43,4757.93,2296.87,2346.12,5768.38,5652.49,288.58,415.73,,,,,,,基础化工,化学制品,其他化学制品,6.38,6.52,6.47
sz300214,日科化学,2014-09-12,6.32,6.32,6.17,6.29,6.29,12666620.0,79209829.4,2547450000.0,2547450000.0,44750420.66,-35544218.019999996,1205353499.27,1447865512.98,242512013.71,10038881.2,3160.93,3173.47,1113.63,1296.26,3516.53,3206.56,129.87,244.68,,,,,,,基础化工,化学制品,其他化学制品,6.23,6.23,6.2
sz300214,日科化学,2014-09-15,6.25,6.49,6.22,6.42,6.29,13385962.0,84962832.2,2600100000.0,2600100000.0,44750420.66,-35544218.019999996,1205353499.27,1447865512.98,242512013.71,10038881.2,2832.83,3594.74,1331.46,1123.64,3371.99,3645.75,959.98,132.13,,,,,,,基础化工,化学制品,其他化学制品,6.26,6.34,6.32
sz300214,日科化学,2014-09-16,6.42,6.6,6.1,6.1,6.42,22260312.0,140332418.0,2470500000.0,2470500000.0,44750420.66,-35544218.019999996,1205353499.27,1447865512.98,242512013.71,10038881.2,4738.7,5168.92,2360.73,1864.14,6007.1,7000.15,926.69,0.0,,,,,,,基础化工,化学制品,其他化学制品,6.39,6.33,6.35
sz300214,日科化学,2014-09-17,6.1,6.34,6.03,6.2,6.1,11655238.0,71845929.0,2511000000.0,2511000000.0,44750420.66,-35544218.019999996,1205353499.27,1447865512.98,242512013.71,10038881.2,2843.55,2647.92,888.5,1060.97,3199.19,3475.69,253.34,0.0,,,,,,,基础化工,化学制品,其他化学制品,6.15,6.04,6.14
sz300214,日科化学,2014-09-18,6.16,6.26,6.14,6.23,6.2,8739211.0,54158936.9,2523150000.0,2523150000.0,44750420.66,-35544218.019999996,1205353499.27,1447865512.98,242512013.71,10038881.2,1998.34,2016.66,916.55,806.47,2291.49,2158.11,209.51,434.66,,,,,,,基础化工,化学制品,其他化学制品,6.21,6.17,6.24
sz300214,日科化学,2014-09-19,6.24,6.28,6.16,6.24,6.23,7006384.0,43651985.1,2527200000.0,2527200000.0,44750420.66,-35544218.019999996,1205353499.27,1447865512.98,242512013.71,10038881.2,1812.5,1766.03,501.44,721.06,2010.3,1837.15,0.0,0.0,,,,,,,基础化工,化学制品,其他化学制品,6.26,6.24,6.24
sz300214,日科化学,2014-09-22,6.2,6.2,6.06,6.1,6.24,9160987.0,56086282.9,2470500000.0,2470500000.0,44750420.66,-35544218.019999996,1205353499.27,1447865512.98,242512013.71,10038881.2,1998.2,2230.23,1277.21,1372.26,2309.01,2002.71,24.2,3.42,,,,,,,基础化工,化学制品,其他化学制品,6.19,6.13,6.17
sz300214,日科化学,2014-09-23,6.1,6.19,6.09,6.16,6.1,5409179.0,33235095.0,2494800000.0,2494800000.0,44750420.66,-35544218.019999996,1205353499.27,1447865512.98,242512013.71,10038881.2,1348.65,1365.05,497.51,515.42,1477.35,1443.04,0.0,0.0,,,,,,,基础化工,化学制品,其他化学制品,6.12,6.1,6.13
sz300214,日科化学,2014-09-24,6.15,6.32,6.13,6.3,6.16,9241744.0,57868615.6,2551500000.0,2551500000.0,44750420.66,-35544218.019999996,1205353499.27,1447865512.98,242512013.71,10038881.2,1937.87,2137.88,1285.13,1076.97,2374.91,2562.52,188.93,9.48,,,,,,,基础化工,化学制品,其他化学制品,6.14,6.2,6.19
sz300214,日科化学,2014-09-25,6.32,6.46,6.29,6.32,6.3,11650969.0,74267676.2,2559600000.0,2559600000.0,44750420.66,-35544218.019999996,1205353499.27,1447865512.98,242512013.71,10038881.2,2623.07,2635.21,1248.81,1273.41,3293.22,3518.13,261.64,0.0,,,,,,,基础化工,化学制品,其他化学制品,6.33,6.33,6.32
sz300214,日科化学,2014-09-26,6.32,6.38,6.25,6.32,6.32,9615223.0,60679742.9,2559600000.0,2559600000.0,44750420.66,-35544218.019999996,1205353499.27,1447865512.98,242512013.71,10038881.2,2765.74,2463.54,483.86,1563.22,2712.57,2041.2,105.8,0.0,,,,,,,基础化工,化学制品,其他化学制品,6.32,6.27,6.3
sz300214,日科化学,2014-09-29,6.32,6.55,6.3,6.54,6.32,13207610.0,84826180.0,2648700000.0,2648700000.0,44750420.66,-35544218.019999996,1205353499.27,1447865512.98,242512013.71,10038881.2,3342.25,3263.53,1358.77,1456.88,3681.52,3508.94,100.06,253.26,,,,,,,基础化工,化学制品,其他化学制品,6.37,6.41,6.39
sz300214,日科化学,2014-09-30,6.51,6.95,6.47,6.82,6.54,21609647.0,145160415.1,2762100000.0,2762100000.0,44750420.66,-35544218.019999996,1205353499.27,1447865512.98,242512013.71,10038881.2,4759.43,5122.36,2829.14,2436.97,5722.46,6544.82,1205.0,411.87,,,,,,,基础化工,化学制品,其他化学制品,6.54,6.54,6.51
sz300214,日科化学,2014-10-08,6.84,6.94,6.69,6.88,6.82,11904048.0,81140833.7,2786400000.0,2786400000.0,44750420.66,-35544218.019999996,1205353499.27,1447865512.98,242512013.71,10038881.2,2962.97,3103.12,1510.69,1390.67,3640.42,3620.28,0.0,0.0,,,,,,,基础化工,化学制品,其他化学制品,6.8,6.78,6.76
sz300214,日科化学,2014-10-09,6.81,6.91,6.69,6.84,6.88,11356673.0,77193014.9,2770200000.0,2770200000.0,44750420.66,-35544218.019999996,1205353499.27,1447865512.98,242512013.71,10038881.2,2675.56,2803.17,1171.87,1561.46,3728.33,3354.66,143.52,0.0,,,,,,,基础化工,化学制品,其他化学制品,6.9,6.88,6.85
sz300214,日科化学,2014-10-10,6.88,7.05,6.79,6.92,6.84,13104052.0,90675538.2,2802600000.0,2802600000.0,44750420.66,-35544218.019999996,1205353499.27,1447865512.98,242512013.71,10038881.2,3400.37,3282.08,1275.45,1773.29,4143.34,3855.67,248.38,156.5,,,,,,,基础化工,化学制品,其他化学制品,6.83,6.86,6.82
sz300214,日科化学,2014-10-13,6.88,6.89,6.63,6.79,6.92,10835988.0,72978130.0,2749950000.0,2749950000.0,44750420.66,-35544218.019999996,1205353499.27,1447865512.98,242512013.71,10038881.2,2660.36,2601.36,823.82,1467.91,3761.16,2929.13,52.46,299.39,,,,,,,基础化工,化学制品,其他化学制品,6.81,6.77,6.7
sz300214,日科化学,2014-10-14,6.76,6.87,6.67,6.73,6.79,9506375.0,64283988.3,2725650000.0,2725650000.0,44750420.66,-35544218.019999996,1205353499.27,1447865512.98,242512013.71,10038881.2,2468.92,2338.74,933.81,1302.39,3025.66,2532.97,0.0,254.28,,,,,,,基础化工,化学制品,其他化学制品,6.76,6.77,6.79
sz300214,日科化学,2014-10-15,6.71,6.74,6.55,6.71,6.73,9866421.0,65632385.8,2717550000.0,2717550000.0,44750420.66,-35544218.019999996,1205353499.27,1447865512.98,242512013.71,10038881.2,2396.73,2666.79,916.08,1048.41,3222.41,2848.03,28.01,0.0,,,,,,,基础化工,化学制品,其他化学制品,6.71,6.71,6.64
sz300214,日科化学,2014-10-16,6.64,6.72,6.55,6.55,6.71,9950801.0,66072655.7,2652750000.0,2652750000.0,44750420.66,-35544218.019999996,1205353499.27,1447865512.98,242512013.71,10038881.2,2678.83,2441.88,784.98,1283.0,3029.03,2844.58,114.42,37.8,,,,,,,基础化工,化学制品,其他化学制品,6.61,6.62,6.61
sz300214,日科化学,2014-10-17,6.54,6.58,6.08,6.27,6.55,14615401.0,92409663.7,2539350000.0,2539350000.0,44750420.66,-35544218.019999996,1205353499.27,1447865512.98,242512013.71,10038881.2,3315.12,3309.09,1121.89,1670.96,4267.56,3695.22,536.38,565.69,,,,,,,基础化工,化学制品,其他化学制品,6.56,6.5,6.51
sz300214,日科化学,2014-10-20,6.27,6.41,6.27,6.38,6.27,6083767.0,38631564.9,2583900000.0,2583900000.0,44750420.66,-35544218.019999996,1205353499.27,1447865512.98,242512013.71,10038881.2,1668.14,1456.57,594.15,865.36,1600.86,1541.21,0.0,0.0,,,,,,,基础化工,化学制品,其他化学制品,6.31,6.3,6.33
sz300214,日科化学,2014-10-21,6.38,6.45,6.31,6.33,6.38,6502834.0,41436354.3,2563650000.0,2563650000.0,44750420.66,-35544218.019999996,1205353499.27,1447865512.98,242512013.71,10038881.2,1701.48,1809.41,796.58,659.03,1645.56,1421.61,0.0,253.59,,,,,,,基础化工,化学制品,其他化学制品,6.39,6.37,6.4
sz300214,日科化学,2014-10-22,6.32,6.37,6.15,6.15,6.33,6166318.0,38705671.7,2490750000.0,2490750000.0,44750420.66,-35544218.019999996,1205353499.27,1447865512.98,242512013.71,10038881.2,1415.12,1472.21,701.09,714.29,1754.36,1667.53,0.0,16.54,,,,,,,基础化工,化学制品,其他化学制品,6.35,6.3,6.33
sz300214,日科化学,2014-10-23,6.12,6.15,5.92,5.97,6.15,8826506.0,53102309.1,2417850000.0,2417850000.0,44750420.66,-35544218.019999996,1205353499.27,1447865512.98,242512013.71,10038881.2,2112.05,2451.4,857.75,1130.45,2316.65,1728.37,23.78,0.0,,,,,,,基础化工,化学制品,其他化学制品,6.14,6.13,6.07
sz300214,日科化学,2014-10-24,5.98,6.05,5.96,6.0,5.97,3530460.0,21210100.2,2430000000.0,2430000000.0,44750420.66,-35544218.019999996,1205353499.27,1447865512.98,242512013.71,10038881.2,898.29,1086.88,135.02,159.51,1087.7,874.61,0.0,0.0,,,,,,,基础化工,化学制品,其他化学制品,6.0,5.97,6.05
sz300214,日科化学,2014-10-27,5.99,6.09,5.93,6.08,6.0,4392621.0,26518229.8,2462400000.0,2462400000.0,43481992.519999996,-72120945.03,1220296834.37,1418198342.76,197901508.39,14989710.610000003,1081.2,1270.51,325.48,354.95,1245.14,1026.35,0.0,0.0,,,,,,,基础化工,化学制品,其他化学制品,5.96,5.96,5.98
sz300214,日科化学,2014-10-28,6.09,6.31,6.09,6.29,6.08,8669961.0,53863044.5,2547450000.0,2547450000.0,43481992.519999996,-72120945.03,1220296834.37,1418198342.76,197901508.39,14989710.610000003,2120.79,2057.01,1439.55,1621.28,1825.96,1708.01,0.0,0.0,,,,,,,基础化工,化学制品,其他化学制品,6.11,6.12,6.18
sz300214,日科化学,2014-10-29,6.32,6.39,6.29,6.36,6.29,8472884.0,53769562.8,2575800000.0,2575800000.0,43481992.519999996,-72120945.03,1220296834.37,1418198342.76,197901508.39,14989710.610000003,2492.93,2145.08,522.22,1118.27,2361.79,1990.87,0.0,122.72,,,,,,,基础化工,化学制品,其他化学制品,6.32,6.37,6.36
sz300214,日科化学,2014-10-30,6.33,6.43,6.32,6.38,6.36,6964605.0,44369987.9,2583900000.0,2583900000.0,43481992.519999996,-72120945.03,1220296834.37,1418198342.76,197901508.39,14989710.610000003,1698.07,1748.68,731.2,729.09,1816.1,1831.41,191.62,127.8,,,,,,,基础化工,化学制品,其他化学制品,6.34,6.37,6.36
sz300214,日科化学,2014-10-31,6.35,6.43,6.2,6.29,6.38,9342800.0,58627859.0,2547450000.0,2547450000.0,43481992.519999996,-72120945.03,1220296834.37,1418198342.76,197901508.39,14989710.610000003,2447.79,2044.67,760.61,1661.15,2654.39,1944.31,0.0,212.65,,,,,,,基础化工,化学制品,其他化学制品,6.37,6.41,6.37
sz300214,日科化学,2014-11-03,6.28,6.35,6.25,6.35,6.29,7745117.0,48884668.2,2571750000.0,2571750000.0,43481992.519999996,-72120945.03,1220296834.37,1418198342.76,197901508.39,14989710.610000003,1900.95,1888.42,671.51,751.31,2302.72,1796.13,0.0,439.33,,,,,,,基础化工,化学制品,其他化学制品,6.3,6.32,6.29
sz300214,日科化学,2014-11-04,6.35,6.37,6.29,6.32,6.35,6364851.0,40287050.3,2559600000.0,2559600000.0,43481992.519999996,-72120945.03,1220296834.37,1418198342.76,197901508.39,14989710.610000003,1427.68,1370.01,732.19,1106.17,1749.89,1552.52,118.94,0.0,,,,,,,基础化工,化学制品,其他化学制品,6.34,6.33,6.35
sz300214,日科化学,2014-11-05,6.3,6.36,6.23,6.33,6.32,6283520.0,39559813.8,2563650000.0,2563650000.0,43481992.519999996,-72120945.03,1220296834.37,1418198342.76,197901508.39,14989710.610000003,1380.14,1548.1,894.01,730.96,1336.59,1353.23,336.8,315.24,,,,,,,基础化工,化学制品,其他化学制品,6.29,6.25,6.27
sz300214,日科化学,2014-11-06,6.33,6.38,6.26,6.37,6.33,5813606.0,36740327.0,2579850000.0,2579850000.0,43481992.519999996,-72120945.03,1220296834.37,1418198342.76,197901508.39,14989710.610000003,1288.2,1592.31,602.75,541.65,1658.08,1540.07,125.0,0.0,,,,,,,基础化工,化学制品,其他化学制品,6.34,6.32,6.33
sz300214,日科化学,2014-11-07,6.37,6.48,6.27,6.29,6.37,10249049.0,65588715.1,2547450000.0,2547450000.0,43481992.519999996,-72120945.03,1220296834.37,1418198342.76,197901508.39,14989710.610000003,2313.8,2614.0,961.63,1164.06,2987.62,2558.0,295.81,222.8,,,,,,,基础化工,化学制品,其他化学制品,6.37,6.45,6.46
sz300214,日科化学,2014-11-10,6.28,6.32,6.23,6.31,6.29,5050471.0,31714949.6,2555550000.0,2555550000.0,43481992.519999996,-72120945.03,1220296834.37,1418198342.76,197901508.39,14989710.610000003,1396.32,1337.33,443.47,577.64,1331.71,1256.52,0.0,0.0,,,,,,,基础化工,化学制品,其他化学制品,6.31,6.27,6.28
sz300214,日科化学,2014-11-11,6.3,6.33,5.88,5.96,6.31,9712218.0,59097839.2,2413800000.0,2413800000.0,43481992.519999996,-72120945.03,1220296834.37,1418198342.76,197901508.39,14989710.610000003,2371.95,2401.73,624.89,1193.08,2912.93,2295.89,0.0,19.07,,,,,,,基础化工,化学制品,其他化学制品,6.31,6.28,6.26
sz300214,日科化学,2014-11-12,5.94,6.06,5.89,6.06,5.96,4771555.0,28653369.7,2454300000.0,2454300000.0,43481992.519999996,-72120945.03,1220296834.37,1418198342.76,197901508.39,14989710.610000003,1024.75,1146.92,420.83,523.49,1419.76,1088.99,0.0,105.93,,,,,,,基础化工,化学制品,其他化学制品,5.98,5.97,6.0
sz300214,日科化学,2014-11-13,6.07,6.07,5.88,5.93,6.06,5780901.0,34319576.9,2401650000.0,2401650000.0,43481992.519999996,-72120945.03,1220296834.37,1418198342.76,197901508.39,14989710.610000003,1287.52,1272.89,444.85,608.35,1562.12,1293.27,137.47,257.44,,,,,,,基础化工,化学制品,其他化学制品,6.04,6.01,5.96
sz300214,日科化学,2014-11-14,5.88,5.94,5.83,5.92,5.93,3572194.0,21110572.4,2397600000.0,2397600000.0,43481992.519999996,-72120945.03,1220296834.37,1418198342.76,197901508.39,14989710.610000003,1055.77,1057.55,263.99,154.52,791.29,898.98,0.0,0.0,,,,,,,基础化工,化学制品,其他化学制品,5.88,5.9,5.88
sz300214,日科化学,2014-11-17,5.98,6.08,5.91,6.03,5.92,4419696.0,26557413.2,2442150000.0,2442150000.0,43481992.519999996,-72120945.03,1220296834.37,1418198342.76,197901508.39,14989710.610000003,1295.96,1180.52,365.01,454.5,994.76,1020.73,0.0,0.0,,,,,,,基础化工,化学制品,其他化学制品,5.93,5.94,5.96
sz300214,日科化学,2014-11-18,6.03,6.09,6.01,6.06,6.03,3705598.0,22410323.0,2454300000.0,2454300000.0,43481992.519999996,-72120945.03,1220296834.37,1418198342.76,197901508.39,14989710.610000003,924.19,1129.04,268.61,326.97,1048.22,785.01,0.0,0.0,,,,,,,基础化工,化学制品,其他化学制品,6.02,6.05,6.05
sz300214,日科化学,2014-11-19,6.07,6.12,6.03,6.1,6.06,4055612.0,24654878.5,2470500000.0,2470500000.0,43481992.519999996,-72120945.03,1220296834.37,1418198342.76,197901508.39,14989710.610000003,995.56,1109.26,378.78,314.61,1091.15,1041.61,0.0,0.0,,,,,,,基础化工,化学制品,其他化学制品,6.09,6.07,6.08
sz300214,日科化学,2014-11-20,6.06,6.12,6.03,6.06,6.1,3406551.0,20705487.0,2454300000.0,2454300000.0,43481992.519999996,-72120945.03,1220296834.37,1418198342.76,197901508.39,14989710.610000003,895.25,955.88,239.65,324.76,894.88,789.91,40.76,0.0,,,,,,,基础化工,化学制品,其他化学制品,6.07,6.08,6.1
sz300214,日科化学,2014-11-21,6.06,6.15,6.04,6.13,6.06,4008811.0,24506477.5,2482650000.0,2482650000.0,43481992.519999996,-72120945.03,1220296834.37,1418198342.76,197901508.39,14989710.610000003,1102.66,1109.84,434.89,261.76,913.09,1014.61,0.0,64.43,,,,,,,基础化工,化学制品,其他化学制品,6.05,6.08,6.06
sz300214,日科化学,2014-11-24,6.16,6.21,6.12,6.17,6.13,5207361.0,32103222.7,2498850000.0,2498850000.0,43481992.519999996,-72120945.03,1220296834.37,1418198342.76,197901508.39,14989710.610000003,1397.49,1259.66,520.2,558.77,1292.63,1212.49,0.0,179.39,,,,,,,基础化工,化学制品,其他化学制品,6.16,6.15,6.13
sz300214,日科化学,2014-11-25,6.17,6.28,6.15,6.27,6.17,5237376.0,32688279.6,2539350000.0,2539350000.0,43481992.519999996,-72120945.03,1220296834.37,1418198342.76,197901508.39,14989710.610000003,1357.06,1334.76,475.23,520.26,1436.52,1337.25,0.0,76.56,,,,,,,基础化工,化学制品,其他化学制品,6.16,6.23,6.22
sz300214,日科化学,2014-11-26,6.28,6.33,6.21,6.29,6.27,6165050.0,38729017.2,2547450000.0,2547450000.0,43481992.519999996,-72120945.03,1220296834.37,1418198342.76,197901508.39,14989710.610000003,1637.04,1541.99,564.19,565.73,1669.15,1557.6,0.0,205.05,,,,,,,基础化工,化学制品,其他化学制品,6.29,6.29,6.33
sz300214,日科化学,2014-11-27,6.3,6.4,6.29,6.4,6.29,9680207.0,61530941.4,2592000000.0,2592000000.0,43481992.519999996,-72120945.03,1220296834.37,1418198342.76,197901508.39,14989710.610000003,2854.15,2385.66,654.68,1027.41,2527.57,2475.88,116.68,264.13,,,,,,,基础化工,化学制品,其他化学制品,6.3,6.34,6.34
sz300214,日科化学,2014-11-28,6.44,6.44,6.31,6.37,6.4,7383745.0,47007673.1,2579850000.0,2579850000.0,43481992.519999996,-72120945.03,1220296834.37,1418198342.76,197901508.39,14989710.610000003,2096.15,1769.81,628.85,1070.01,1975.74,1860.92,0.0,0.0,,,,,,,基础化工,化学制品,其他化学制品,6.37,6.38,6.38
sz300214,日科化学,2014-12-01,6.39,6.4,6.21,6.22,6.37,8491473.0,53138060.8,2519100000.0,2519100000.0,43481992.519999996,-72120945.03,1220296834.37,1418198342.76,197901508.39,14989710.610000003,1796.5,1638.43,480.89,1042.35,1891.55,1297.5,0.0,190.65,,,,,,,基础化工,化学制品,其他化学制品,6.34,6.31,6.27
sz300214,日科化学,2014-12-02,6.22,6.34,6.21,6.28,6.22,6211493.0,39090103.8,2543400000.0,2543400000.0,43481992.519999996,-72120945.03,1220296834.37,1418198342.76,197901508.39,14989710.610000003,1707.02,1555.39,712.1,632.45,1296.05,1401.73,0.0,125.6,,,,,,,基础化工,化学制品,其他化学制品,6.25,6.29,6.29
sz300214,日科化学,2014-12-03,6.29,6.36,6.19,6.36,6.28,10137585.0,63468620.8,2575800000.0,2575800000.0,43481992.519999996,-72120945.03,1220296834.37,1418198342.76,197901508.39,14989710.610000003,2398.81,2253.4,1020.09,1205.01,2453.43,2325.04,0.0,88.88,,,,,,,基础化工,化学制品,其他化学制品,6.31,6.26,6.24
sz300214,日科化学,2014-12-04,6.37,6.52,6.34,6.43,6.36,11665043.0,75019595.4,2604150000.0,2604150000.0,43481992.519999996,-72120945.03,1220296834.37,1418198342.76,197901508.39,14989710.610000003,2327.71,2940.6,1402.76,1200.56,2613.24,2665.0,462.47,0.0,,,,,,,基础化工,化学制品,其他化学制品,6.36,6.42,6.49
sz300214,日科化学,2014-12-05,6.45,6.45,5.98,6.14,6.43,12339174.0,76453068.8,2486700000.0,2486700000.0,43481992.519999996,-72120945.03,1220296834.37,1418198342.76,197901508.39,14989710.610000003,2384.71,2391.27,988.73,1341.48,3046.09,2523.91,14.57,177.45,,,,,,,基础化工,化学制品,其他化学制品,6.36,6.34,6.27
sz300214,日科化学,2014-12-08,6.12,6.14,6.03,6.05,6.14,9329464.0,56540101.3,2450250000.0,2450250000.0,43481992.519999996,-72120945.03,1220296834.37,1418198342.76,197901508.39,14989710.610000003,2231.9,2337.34,1092.75,1402.21,2329.34,1797.33,0.0,117.11,,,,,,,基础化工,化学制品,其他化学制品,6.05,6.08,6.09
sz300214,日科化学,2014-12-09,6.04,6.05,5.69,5.71,6.05,13227707.0,77852201.5,2312550000.0,2312550000.0,43481992.519999996,-72120945.03,1220296834.37,1418198342.76,197901508.39,14989710.610000003,3159.9,2695.98,1183.17,1984.19,3269.56,2228.0,172.57,877.02,,,,,,,基础化工,化学制品,其他化学制品,6.01,5.95,5.89
sz300214,日科化学,2014-12-10,5.73,5.89,5.71,5.88,5.71,5601308.0,32639859.6,2381400000.0,2381400000.0,43481992.519999996,-72120945.03,1220296834.37,1418198342.76,197901508.39,14989710.610000003,1143.61,1269.98,607.16,527.36,1513.21,1358.11,0.0,108.53,,,,,,,基础化工,化学制品,其他化学制品,5.8,5.73,5.76
sz300214,日科化学,2014-12-11,5.89,5.95,5.81,5.94,5.88,6289939.0,37099877.1,2405700000.0,2405700000.0,43481992.519999996,-72120945.03,1220296834.37,1418198342.76,197901508.39,14989710.610000003,1617.02,1573.44,363.51,862.63,1729.44,1270.98,0.0,2.93,,,,,,,基础化工,化学制品,其他化学制品,5.86,5.87,5.89
sz300214,日科化学,2014-12-12,5.94,6.02,5.93,6.01,5.94,6225405.0,37190542.5,2434050000.0,2434050000.0,43481992.519999996,-72120945.03,1220296834.37,1418198342.76,197901508.39,14989710.610000003,1662.76,1781.87,435.5,526.66,1608.09,1410.51,12.7,0.0,,,,,,,基础化工,化学制品,其他化学制品,5.95,6.0,6.0
sz300214,日科化学,2014-12-15,6.0,6.11,5.94,6.1,6.01,8715708.0,52497057.3,2470500000.0,2470500000.0,43481992.519999996,-72120945.03,1220296834.37,1418198342.76,197901508.39,14989710.610000003,2169.36,2307.44,788.4,682.19,2087.65,1983.47,204.29,276.59,,,,,,,基础化工,化学制品,其他化学制品,5.96,5.99,5.98
sz300214,日科化学,2014-12-16,6.07,6.12,6.0,6.04,6.1,6500904.0,39256359.7,2446200000.0,2446200000.0,43481992.519999996,-72120945.03,1220296834.37,1418198342.76,197901508.39,14989710.610000003,1665.77,1767.08,587.07,694.5,1672.79,1464.05,0.0,0.0,,,,,,,基础化工,化学制品,其他化学制品,6.11,6.08,6.06
sz300214,日科化学,2014-12-17,6.02,6.03,5.89,5.92,6.04,6724103.0,39992665.7,2397600000.0,2397600000.0,43481992.519999996,-72120945.03,1220296834.37,1418198342.76,197901508.39,14989710.610000003,1616.01,1804.04,823.35,930.55,1559.89,1264.66,0.0,0.0,,,,,,,基础化工,化学制品,其他化学制品,6.0,5.97,5.99
sz300214,日科化学,2014-12-18,5.87,5.92,5.83,5.84,5.92,6020610.0,35366774.3,2365200000.0,2365200000.0,43481992.519999996,-72120945.03,1220296834.37,1418198342.76,197901508.39,14989710.610000003,1548.6,1471.47,409.43,1182.96,1578.64,882.24,0.0,0.0,,,,,,,基础化工,化学制品,其他化学制品,5.89,5.87,5.9
sz300214,日科化学,2014-12-19,5.86,5.86,5.65,5.72,5.84,7691957.0,44081884.2,2316600000.0,2316600000.0,43481992.519999996,-72120945.03,1220296834.37,1418198342.76,197901508.39,14989710.610000003,1646.22,1867.78,745.75,774.88,1977.67,1634.43,38.54,131.09,,,,,,,基础化工,化学制品,其他化学制品,5.83,5.8,5.78
sz300214,日科化学,2014-12-22,5.71,5.71,5.31,5.38,5.72,8330223.0,45475967.3,2178900000.0,2178900000.0,43481992.519999996,-72120945.03,1220296834.37,1418198342.76,197901508.39,14989710.610000003,1749.85,1710.79,552.79,938.61,2244.95,1791.85,0.0,106.34,,,,,,,基础化工,化学制品,其他化学制品,5.62,5.56,5.54
sz300214,日科化学,2014-12-23,5.36,5.47,5.33,5.36,5.38,6216533.0,33625204.9,2170800000.0,2170800000.0,43481992.519999996,-72120945.03,1220296834.37,1418198342.76,197901508.39,14989710.610000003,1241.11,1329.49,769.7,959.99,1351.69,1073.02,0.0,0.0,,,,,,,基础化工,化学制品,其他化学制品,5.43,5.42,5.45
sz300214,日科化学,2014-12-24,5.39,5.53,5.39,5.52,5.36,6158610.0,33695891.7,2235600000.0,2235600000.0,43481992.519999996,-72120945.03,1220296834.37,1418198342.76,197901508.39,14989710.610000003,1493.84,1445.35,585.52,625.03,1187.68,1146.14,102.55,153.06,,,,,,,基础化工,化学制品,其他化学制品,5.43,5.43,5.45
sz300214,日科化学,2014-12-25,5.53,5.61,5.5,5.59,5.52,4856302.0,26968927.0,2263950000.0,2263950000.0,43481992.519999996,-72120945.03,1220296834.37,1418198342.76,197901508.39,14989710.610000003,1151.93,1186.35,540.18,380.57,1004.79,1129.97,0.0,0.0,,,,,,,基础化工,化学制品,其他化学制品,5.52,5.51,5.54
sz300214,日科化学,2014-12-26,5.59,5.62,5.53,5.57,5.59,3525340.0,19634199.8,2255850000.0,2255850000.0,43481992.519999996,-72120945.03,1220296834.37,1418198342.76,197901508.39,14989710.610000003,905.43,936.62,271.04,340.16,786.95,686.63,0.0,0.0,,,,,,,基础化工,化学制品,其他化学制品,5.61,5.56,5.57
sz300214,日科化学,2014-12-29,5.57,5.57,5.39,5.45,5.57,6048631.0,33057173.3,2207250000.0,2207250000.0,43481992.519999996,-72120945.03,1220296834.37,1418198342.76,197901508.39,14989710.610000003,1270.91,1347.04,839.29,699.66,1195.51,900.57,0.0,358.45,,,,,,,基础化工,化学制品,其他化学制品,5.52,5.51,5.5
sz300214,日科化学,2014-12-30,5.44,5.48,5.36,5.41,5.45,3672970.0,19951846.1,2191050000.0,2191050000.0,43481992.519999996,-72120945.03,1220296834.37,1418198342.76,197901508.39,14989710.610000003,905.41,955.58,185.19,301.34,904.59,738.26,0.0,0.0,,,,,,,基础化工,化学制品,其他化学制品,5.43,5.46,5.46
sz300214,日科化学,2014-12-31,5.43,5.49,5.39,5.44,5.41,4399602.0,23904974.7,2203200000.0,2203200000.0,43481992.519999996,-72120945.03,1220296834.37,1418198342.76,197901508.39,14989710.610000003,1084.68,1148.95,464.86,613.91,839.81,627.63,1.14,0.0,,,,,,,基础化工,化学制品,其他化学制品,5.44,5.44,5.45
sz300214,日科化学,2015-01-05,5.46,5.5,5.33,5.5,5.44,5740196.0,31209003.7,2227500000.0,2227500000.0,43481992.519999996,-72120945.03,1220296834.37,1418198342.76,197901508.39,14989710.610000003,1384.68,1510.81,411.73,497.41,1324.49,1112.67,0.0,0.0,,,,,,,基础化工,化学制品,其他化学制品,5.45,5.4,5.35
sz300214,日科化学,2015-01-06,5.46,5.64,5.43,5.63,5.5,7806326.0,43422450.0,2280150000.0,2280150000.0,43481992.519999996,-72120945.03,1220296834.37,1418198342.76,197901508.39,14989710.610000003,1831.82,1857.19,542.28,624.11,1951.33,1732.11,16.8,128.82,,,,,,,基础化工,化学制品,其他化学制品,5.47,5.5,5.52
sz300214,日科化学,2015-01-07,5.6,5.63,5.52,5.59,5.63,6394196.0,35624905.7,2263950000.0,2263950000.0,43481992.519999996,-72120945.03,1220296834.37,1418198342.76,197901508.39,14989710.610000003,1420.37,1471.62,732.52,940.54,1403.85,1150.32,5.74,0.0,,,,,,,基础化工,化学制品,其他化学制品,5.62,5.61,5.57
sz300214,日科化学,2015-01-08,5.58,5.64,5.53,5.57,5.59,6639278.0,37146248.8,2255850000.0,2255850000.0,43481992.519999996,-72120945.03,1220296834.37,1418198342.76,197901508.39,14989710.610000003,1813.54,1628.28,585.65,807.48,1312.05,1278.86,3.37,0.0,,,,,,,基础化工,化学制品,其他化学制品,5.57,5.58,5.61
sz300214,日科化学,2015-01-09,5.55,5.62,5.5,5.5,5.57,4560279.0,25398692.8,2227500000.0,2227500000.0,43481992.519999996,-72120945.03,1220296834.37,1418198342.76,197901508.39,14989710.610000003,977.49,945.22,175.92,433.0,1386.45,1161.65,0.0,0.0,,,,,,,基础化工,化学制品,其他化学制品,5.58,5.58,5.6
sz300214,日科化学,2015-01-12,5.48,5.48,5.27,5.33,5.5,5292323.0,28439208.7,2158650000.0,2158650000.0,43481992.519999996,-72120945.03,1220296834.37,1418198342.76,197901508.39,14989710.610000003,1145.8,1058.33,433.15,671.12,1264.95,935.8,0.0,178.65,,,,,,,基础化工,化学制品,其他化学制品,5.45,5.42,5.42
sz300214,日科化学,2015-01-13,5.33,5.41,5.3,5.38,5.33,3797297.0,20334941.4,2178900000.0,2178900000.0,43481992.519999996,-72120945.03,1220296834.37,1418198342.76,197901508.39,14989710.610000003,962.96,854.96,272.87,414.41,774.33,764.12,23.33,0.0,,,,,,,基础化工,化学制品,其他化学制品,5.33,5.32,5.31
sz300214,日科化学,2015-01-14,5.39,5.43,5.34,5.39,5.38,3159582.0,17007760.7,2182950000.0,2182950000.0,43481992.519999996,-72120945.03,1220296834.37,1418198342.76,197901508.39,14989710.610000003,737.37,784.0,259.82,198.35,703.59,718.42,0.0,0.0,,,,,,,基础化工,化学制品,其他化学制品,5.38,5.4,5.35
sz300214,日科化学,2015-01-15,5.38,5.44,5.38,5.41,5.39,3186783.0,17240719.5,2191050000.0,2191050000.0,43481992.519999996,-72120945.03,1220296834.37,1418198342.76,197901508.39,14989710.610000003,665.43,690.52,275.09,214.33,783.54,728.82,0.0,90.4,,,,,,,基础化工,化学制品,其他化学制品,5.41,5.39,5.39
sz300214,日科化学,2015-01-16,5.41,5.53,5.41,5.52,5.41,3999234.0,21935848.6,2235600000.0,2235600000.0,43481992.519999996,-72120945.03,1220296834.37,1418198342.76,197901508.39,14989710.610000003,847.7,836.14,480.54,340.93,865.34,1016.51,0.0,0.0,,,,,,,基础化工,化学制品,其他化学制品,5.42,5.44,5.48
sz300214,日科化学,2015-01-19,5.45,5.62,5.33,5.39,5.52,8274523.0,45545385.7,2182950000.0,2182950000.0,43481992.519999996,-72120945.03,1220296834.37,1418198342.76,197901508.39,14989710.610000003,1564.6,1704.19,726.58,610.9,2062.49,1928.34,0.0,110.23,,,,,,,基础化工,化学制品,其他化学制品,5.44,5.48,5.51
sz300214,日科化学,2015-01-20,5.42,5.62,5.42,5.61,5.39,8254130.0,45798294.4,2272050000.0,2272050000.0,43481992.519999996,-72120945.03,1220296834.37,1418198342.76,197901508.39,14989710.610000003,1702.94,1644.82,1187.47,926.51,1687.96,2008.49,1.45,0.0,,,,,,,基础化工,化学制品,其他化学制品,5.43,5.47,5.46
sz300214,日科化学,2015-01-21,5.63,5.77,5.59,5.7,5.61,9406932.0,53629027.2,2308500000.0,2308500000.0,43481992.519999996,-72120945.03,1220296834.37,1418198342.76,197901508.39,14989710.610000003,2205.9,1980.97,943.89,1029.08,2213.1,2213.39,0.0,139.46,,,,,,,基础化工,化学制品,其他化学制品,5.65,5.71,5.73
sz300214,日科化学,2015-01-22,5.68,5.76,5.65,5.75,5.7,6521183.0,37216861.3,2328750000.0,2328750000.0,43481992.519999996,-72120945.03,1220296834.37,1418198342.76,197901508.39,14989710.610000003,1636.53,1350.79,318.06,817.51,1767.08,1553.36,0.0,0.0,,,,,,,基础化工,化学制品,其他化学制品,5.69,5.71,5.7
sz300214,日科化学,2015-01-23,5.73,5.85,5.66,5.7,5.75,9206291.0,52955033.8,2308500000.0,2308500000.0,43481992.519999996,-72120945.03,1220296834.37,1418198342.76,197901508.39,14989710.610000003,1786.2,2012.2,1030.3,913.78,2478.99,2369.51,0.0,0.0,,,,,,,基础化工,化学制品,其他化学制品,5.75,5.74,5.77
sz300214,日科化学,2015-01-26,5.73,5.82,5.7,5.81,5.7,5941771.0,34282677.6,2353050000.0,2353050000.0,43481992.519999996,-72120945.03,1220296834.37,1418198342.76,197901508.39,14989710.610000003,1261.45,1431.71,719.9,341.08,1446.9,1655.46,0.0,0.0,,,,,,,基础化工,化学制品,其他化学制品,5.71,5.74,5.74
sz300214,日科化学,2015-01-27,5.82,5.86,5.73,5.82,5.81,7284448.0,42232302.5,2357100000.0,2357100000.0,43481992.519999996,-72120945.03,1220296834.37,1418198342.76,197901508.39,14989710.610000003,1440.36,1506.7,642.52,847.87,2018.37,1867.11,121.98,1.56,,,,,,,基础化工,化学制品,其他化学制品,5.8,5.8,5.8
sz300214,日科化学,2015-01-28,5.79,5.84,5.74,5.76,5.82,5478146.0,31742582.6,2332800000.0,2332800000.0,43481992.519999996,-72120945.03,1220296834.37,1418198342.76,197901508.39,14989710.610000003,1377.59,1329.82,172.89,519.37,1539.24,1325.06,84.53,0.0,,,,,,,基础化工,化学制品,其他化学制品,5.77,5.8,5.81
sz300214,日科化学,2015-01-29,5.72,5.81,5.69,5.75,5.76,4517769.0,25999920.0,2328750000.0,2328750000.0,43481992.519999996,-72120945.03,1220296834.37,1418198342.76,197901508.39,14989710.610000003,1201.47,1054.51,261.99,529.07,1136.53,1016.4,0.0,0.0,,,,,,,基础化工,化学制品,其他化学制品,5.73,5.76,5.77
sz300214,日科化学,2015-01-30,5.79,5.79,5.69,5.69,5.75,4507916.0,25900271.9,2304450000.0,2304450000.0,43481992.519999996,-72120945.03,1220296834.37,1418198342.76,197901508.39,14989710.610000003,1187.47,996.9,270.48,482.59,1132.07,1002.29,0.0,108.24,,,,,,,基础化工,化学制品,其他化学制品,5.76,5.78,5.78
sz300214,日科化学,2015-02-02,5.63,5.77,5.6,5.72,5.69,4204702.0,23982236.1,2316600000.0,2316600000.0,43481992.519999996,-72120945.03,1220296834.37,1418198342.76,197901508.39,14989710.610000003,773.71,1018.63,505.34,277.46,942.41,1102.14,176.76,0.0,,,,,,,基础化工,化学制品,其他化学制品,5.65,5.66,5.67
sz300214,日科化学,2015-02-03,5.72,5.83,5.69,5.83,5.72,7706683.0,44595658.1,2361150000.0,2361150000.0,43481992.519999996,-72120945.03,1220296834.37,1418198342.76,197901508.39,14989710.610000003,1655.99,1344.8,1037.46,1305.96,1592.41,1808.8,173.71,0.0,,,,,,,基础化工,化学制品,其他化学制品,5.74,5.75,5.7
sz300214,日科化学,2015-02-04,5.84,5.84,5.75,5.79,5.83,4291011.0,24894808.0,2344950000.0,2344950000.0,43481992.519999996,-72120945.03,1220296834.37,1418198342.76,197901508.39,14989710.610000003,1047.48,922.1,372.02,536.08,1069.97,923.29,0.0,108.01,,,,,,,基础化工,化学制品,其他化学制品,5.83,5.83,5.83
sz300214,日科化学,2015-02-05,5.82,5.86,5.76,5.77,5.79,7219658.0,42023672.1,2336850000.0,2336850000.0,43481992.519999996,-72120945.03,1220296834.37,1418198342.76,197901508.39,14989710.610000003,1647.23,1929.53,1140.75,727.7,1414.38,1539.78,0.0,5.35,,,,,,,基础化工,化学制品,其他化学制品,5.78,5.79,5.78
sz300214,日科化学,2015-02-06,5.76,5.78,5.58,5.6,5.77,4698771.0,26664504.9,2268000000.0,2268000000.0,43481992.519999996,-72120945.03,1220296834.37,1418198342.76,197901508.39,14989710.610000003,868.55,1264.61,539.22,434.6,1258.68,967.24,0.0,0.0,,,,,,,基础化工,化学制品,其他化学制品,5.76,5.73,5.74
sz300214,日科化学,2015-02-09,5.57,5.63,5.5,5.52,5.6,3460500.0,19316813.0,2235600000.0,2235600000.0,43481992.519999996,-72120945.03,1220296834.37,1418198342.76,197901508.39,14989710.610000003,713.56,720.46,140.6,378.06,1077.52,833.15,0.0,0.0,,,,,,,基础化工,化学制品,其他化学制品,5.62,5.61,5.61
sz300214,日科化学,2015-02-10,5.54,5.57,5.51,5.57,5.52,2297848.0,12742321.0,2255850000.0,2255850000.0,43481992.519999996,-72120945.03,1220296834.37,1418198342.76,197901508.39,14989710.610000003,586.41,607.83,139.69,143.08,548.14,523.32,0.0,0.0,,,,,,,基础化工,化学制品,其他化学制品,5.54,5.55,5.55
sz300214,日科化学,2015-02-11,5.6,5.66,5.57,5.63,5.57,2855249.0,16054958.4,2280150000.0,2280150000.0,43481992.519999996,-72120945.03,1220296834.37,1418198342.76,197901508.39,14989710.610000003,668.13,762.75,352.74,149.47,584.63,693.28,0.0,0.0,,,,,,,基础化工,化学制品,其他化学制品,5.58,5.64,5.58
sz300214,日科化学,2015-02-12,5.64,5.72,5.64,5.71,5.63,3252065.0,18519261.1,2312550000.0,2312550000.0,43481992.519999996,-72120945.03,1220296834.37,1418198342.76,197901508.39,14989710.610000003,832.08,661.18,339.21,456.44,680.63,734.3,0.0,0.0,,,,,,,基础化工,化学制品,其他化学制品,5.67,5.67,5.69
sz300214,日科化学,2015-02-13,5.74,5.82,5.73,5.78,5.71,5801175.0,33567882.9,2340900000.0,2340900000.0,43481992.519999996,-72120945.03,1220296834.37,1418198342.76,197901508.39,14989710.610000003,1417.52,1134.58,474.91,836.5,1464.36,1282.13,0.0,103.58,,,,,,,基础化工,化学制品,其他化学制品,5.74,5.76,5.77
sz300214,日科化学,2015-02-16,5.8,5.92,5.8,5.91,5.78,6643580.0,39022325.9,2393550000.0,2393550000.0,43481992.519999996,-72120945.03,1220296834.37,1418198342.76,197901508.39,14989710.610000003,1444.3,1224.91,658.03,772.38,1799.9,1904.93,0.0,0.0,,,,,,,基础化工,化学制品,其他化学制品,5.81,5.82,5.84
sz300214,日科化学,2015-02-17,5.92,5.93,5.86,5.88,5.91,5392084.0,31727855.2,2381400000.0,2381400000.0,43481992.519999996,-72120945.03,1220296834.37,1418198342.76,197901508.39,14989710.610000003,1373.12,1450.86,567.01,546.52,1232.65,1171.9,0.0,3.49,,,,,,,基础化工,化学制品,其他化学制品,5.9,5.92,5.89
sz300214,日科化学,2015-02-25,5.9,5.91,5.85,5.88,5.88,4695632.0,27634048.1,2381400000.0,2381400000.0,43481992.519999996,-72120945.03,1220296834.37,1418198342.76,197901508.39,14989710.610000003,1166.11,1219.18,435.47,209.74,1161.83,1334.48,0.0,0.0,,,,,,,基础化工,化学制品,其他化学制品,5.88,5.87,5.89
sz300214,日科化学,2015-02-26,5.89,6.0,5.87,6.0,5.88,7257863.0,43049725.1,2430000000.0,2430000000.0,43481992.519999996,-72120945.03,1220296834.37,1418198342.76,197901508.39,14989710.610000003,1467.75,1761.55,823.67,565.47,1661.3,1977.93,352.24,0.0,,,,,,,基础化工,化学制品,其他化学制品,5.88,5.9,5.89
sz300214,日科化学,2015-02-27,6.0,6.09,5.96,6.07,6.0,7718831.0,46514777.1,2458350000.0,2458350000.0,43481992.519999996,-72120945.03,1220296834.37,1418198342.76,197901508.39,14989710.610000003,1570.76,1788.55,1185.38,699.82,1786.3,1888.0,109.03,275.11,,,,,,,基础化工,化学制品,其他化学制品,6.0,5.97,5.99
sz300214,日科化学,2015-03-02,6.11,6.16,6.05,6.14,6.07,8382019.0,51219781.6,2486700000.0,2486700000.0,43481992.519999996,-72120945.03,1220296834.37,1418198342.76,197901508.39,14989710.610000003,1857.88,2170.8,806.29,796.89,2118.85,2142.82,338.94,11.46,,,,,,,基础化工,化学制品,其他化学制品,6.07,6.08,6.05
sz300214,日科化学,2015-03-03,6.12,6.17,6.04,6.04,6.14,10743069.0,65561380.7,2446200000.0,2446200000.0,43481992.519999996,-72120945.03,1220296834.37,1418198342.76,197901508.39,14989710.610000003,2553.13,2415.04,1343.77,1815.31,2659.22,2226.75,0.0,99.02,,,,,,,基础化工,化学制品,其他化学制品,6.08,6.1,6.07
sz300214,日科化学,2015-03-04,6.03,6.18,6.02,6.17,6.04,10381539.0,63424077.7,2498850000.0,2498850000.0,43481992.519999996,-72120945.03,1220296834.37,1418198342.76,197901508.39,14989710.610000003,2596.59,2377.46,1216.99,1410.99,2528.82,2361.89,0.0,192.06,,,,,,,基础化工,化学制品,其他化学制品,6.05,6.06,6.04
sz300214,日科化学,2015-03-05,6.19,6.23,6.13,6.2,6.17,13252000.0,81898993.7,2511000000.0,2511000000.0,43481992.519999996,-72120945.03,1220296834.37,1418198342.76,197901508.39,14989710.610000003,3543.94,3361.95,1493.52,1577.16,3024.95,2713.08,127.47,537.69,,,,,,,基础化工,化学制品,其他化学制品,6.19,6.22,6.21
sz300214,日科化学,2015-03-06,6.2,6.22,6.07,6.12,6.2,9897787.0,60795421.4,2478600000.0,2478600000.0,43481992.519999996,-72120945.03,1220296834.37,1418198342.76,197901508.39,14989710.610000003,2553.32,2657.41,1063.93,1074.17,2342.62,2240.7,119.66,107.26,,,,,,,基础化工,化学制品,其他化学制品,6.21,6.2,6.19
sz300214,日科化学,2015-03-09,6.11,6.19,6.04,6.18,6.12,7878795.0,48245179.8,2502900000.0,2502900000.0,43481992.519999996,-72120945.03,1220296834.37,1418198342.76,197901508.39,14989710.610000003,1856.24,1924.45,1013.67,1055.74,1849.71,1730.11,104.89,114.21,,,,,,,基础化工,化学制品,其他化学制品,6.06,6.09,6.07
sz300214,日科化学,2015-03-10,6.17,6.33,6.16,6.28,6.18,12634845.0,79280168.6,2543400000.0,2543400000.0,43481992.519999996,-72120945.03,1220296834.37,1418198342.76,197901508.39,14989710.610000003,2906.08,2597.28,1954.11,1634.71,2759.25,2788.58,308.56,907.43,,,,,,,基础化工,化学制品,其他化学制品,6.19,6.21,6.25
sz300214,日科化学,2015-03-11,6.28,6.34,6.23,6.29,6.28,10198504.0,64017571.8,2547450000.0,2547450000.0,43481992.519999996,-72120945.03,1220296834.37,1418198342.76,197901508.39,14989710.610000003,2611.02,2487.29,1329.32,1237.97,2072.05,1961.74,389.35,714.75,,,,,,,基础化工,化学制品,其他化学制品,6.28,6.26,6.25
sz300214,日科化学,2015-03-12,6.28,6.37,6.19,6.22,6.29,11009072.0,69124402.9,2519100000.0,2519100000.0,43481992.519999996,-72120945.03,1220296834.37,1418198342.76,197901508.39,14989710.610000003,2809.87,2619.02,1077.34,1154.49,3025.21,2534.1,0.0,604.81,,,,,,,基础化工,化学制品,其他化学制品,6.29,6.31,6.31
sz300214,日科化学,2015-03-13,6.24,6.33,6.22,6.32,6.22,7677862.0,48225172.7,2559600000.0,2559600000.0,43481992.519999996,-72120945.03,1220296834.37,1418198342.76,197901508.39,14989710.610000003,1856.0,1986.07,893.13,743.66,1906.72,2007.01,80.89,0.0,,,,,,,基础化工,化学制品,其他化学制品,6.26,6.26,6.23
sz300214,日科化学,2015-03-16,6.35,6.55,6.33,6.53,6.32,17863690.0,115535680.1,2644650000.0,2644650000.0,43481992.519999996,-72120945.03,1220296834.37,1418198342.76,197901508.39,14989710.610000003,4253.74,4087.74,2957.19,2949.49,3927.35,4409.0,415.28,107.32,,,,,,,基础化工,化学制品,其他化学制品,6.38,6.41,6.41
sz300214,日科化学,2015-03-17,6.55,6.68,6.46,6.58,6.53,18042009.0,118461489.7,2664900000.0,2664900000.0,43481992.519999996,-72120945.03,1220296834.37,1418198342.76,197901508.39,14989710.610000003,4568.74,4373.12,2017.69,2085.25,4851.98,4562.84,407.05,824.27,,,,,,,基础化工,化学制品,其他化学制品,6.52,6.49,6.54
sz300214,日科化学,2015-03-18,6.58,6.95,6.52,6.86,6.58,23597883.0,159701226.1,2778300000.0,2778300000.0,43481992.519999996,-72120945.03,1220296834.37,1418198342.76,197901508.39,14989710.610000003,5348.25,5795.3,3448.19,3284.9,5796.75,6095.89,1376.91,794.01,,,,,,,基础化工,化学制品,其他化学制品,6.54,6.63,6.69
sz300214,日科化学,2015-03-19,6.87,6.96,6.74,6.89,6.86,18260253.0,124941016.7,2790450000.0,2790450000.0,43481992.519999996,-72120945.03,1220296834.37,1418198342.76,197901508.39,14989710.610000003,4538.18,4579.3,2423.49,2828.63,5109.46,4831.48,422.95,254.67,,,,,,,基础化工,化学制品,其他化学制品,6.78,6.84,6.93
sz300214,日科化学,2015-03-20,6.9,7.44,6.85,7.16,6.89,27071808.0,193487252.0,2899800000.0,2899800000.0,43481992.519999996,-72120945.03,1220296834.37,1418198342.76,197901508.39,14989710.610000003,6942.99,7081.64,3631.88,4032.74,7726.05,7788.04,1047.79,446.29,,,,,,,基础化工,化学制品,其他化学制品,6.88,6.93,6.94
sz300214,日科化学,2015-03-23,7.21,7.49,7.15,7.44,7.16,26247267.0,193028852.1,3013200000.0,3013200000.0,43481992.519999996,-72120945.03,1220296834.37,1418198342.76,197901508.39,14989710.610000003,6984.89,6967.85,4821.13,4764.42,6211.32,6631.66,1285.52,938.93,,,,,,,基础化工,化学制品,其他化学制品,7.17,7.26,7.21
sz300214,日科化学,2015-03-24,7.42,7.43,6.96,7.26,7.44,24988123.0,180668093.7,2940300000.0,2940300000.0,43481992.519999996,-72120945.03,1220296834.37,1418198342.76,197901508.39,14989710.610000003,6687.06,6103.05,3218.28,3988.47,7715.81,6567.47,445.64,1407.8,,,,,,,基础化工,化学制品,其他化学制品,7.32,7.38,7.36
sz300214,日科化学,2015-03-25,7.26,7.41,7.12,7.38,7.26,19613204.0,142799898.8,2988900000.0,2988900000.0,43481992.519999996,-72120945.03,1220296834.37,1418198342.76,197901508.39,14989710.610000003,5345.94,5341.45,2466.65,2418.41,6358.78,6285.6,108.59,234.51,,,,,,,基础化工,化学制品,其他化学制品,7.17,7.2,7.19
sz300214,日科化学,2015-03-26,7.33,7.42,7.1,7.17,7.38,16571601.0,119933250.7,2903850000.0,2903850000.0,43481992.519999996,-72120945.03,1220296834.37,1418198342.76,197901508.39,14989710.610000003,4530.15,4165.53,1961.29,3086.25,5501.88,4608.87,0.0,132.66,,,,,,,基础化工,化学制品,其他化学制品,7.26,7.26,7.31
sz300214,日科化学,2015-03-27,7.26,7.34,7.15,7.32,7.17,15097510.0,109225029.0,2964600000.0,2964600000.0,43481992.519999996,-72120945.03,1220296834.37,1418198342.76,197901508.39,14989710.610000003,4577.96,4204.25,1945.82,2304.62,4148.74,4055.78,249.97,357.84,,,,,,,基础化工,化学制品,其他化学制品,7.16,7.23,7.21
sz300214,日科化学,2015-03-30,7.32,7.5,7.29,7.45,7.32,19450583.0,143706634.4,3017250000.0,3017250000.0,43481992.519999996,-72120945.03,1220296834.37,1418198342.76,197901508.39,14989710.610000003,5616.42,5365.38,2546.83,3334.59,5432.94,5099.68,774.45,570.99,,,,,,,基础化工,化学制品,其他化学制品,7.32,7.45,7.44
sz300214,日科化学,2015-03-31,7.49,7.68,7.3,7.47,7.45,21923497.0,163954646.3,3025350000.0,3025350000.0,43481992.519999996,-72120945.03,1220296834.37,1418198342.76,197901508.39,14989710.610000003,5956.92,5807.5,2708.71,3201.0,7176.59,7386.94,553.22,0.0,,,,,,,基础化工,化学制品,其他化学制品,7.44,7.44,7.35
sz300214,日科化学,2015-04-01,7.5,7.88,7.47,7.76,7.47,21111145.0,163096175.4,3142800000.0,3142800000.0,43481992.519999996,-72120945.03,1220296834.37,1418198342.76,197901508.39,14989710.610000003,5574.65,5806.89,3936.47,3810.24,5930.62,6306.05,867.87,386.43,,,,,,,基础化工,化学制品,其他化学制品,7.49,7.52,7.63
sz300214,日科化学,2015-04-02,7.84,8.4,7.71,8.18,7.76,27436542.0,221064600.7,3312900000.0,3312900000.0,43481992.519999996,-72120945.03,1220296834.37,1418198342.76,197901508.39,14989710.610000003,7441.56,8134.79,4226.66,5488.54,7364.62,7255.49,3073.62,1227.62,,,,,,,基础化工,化学制品,其他化学制品,7.84,7.73,7.79
sz300214,日科化学,2015-04-03,8.09,8.54,8.03,8.41,8.18,20659019.0,172377853.5,3406050000.0,3406050000.0,43481992.519999996,-72120945.03,1220296834.37,1418198342.76,197901508.39,14989710.610000003,6616.11,6387.83,3007.08,3599.35,6853.79,6473.94,760.78,776.64,,,,,,,基础化工,化学制品,其他化学制品,8.14,8.27,8.28
sz300214,日科化学,2015-04-07,8.57,8.96,8.4,8.88,8.41,20904132.0,179951864.7,3596400000.0,3596400000.0,43481992.519999996,-72120945.03,1220296834.37,1418198342.76,197901508.39,14989710.610000003,6425.98,6668.6,3662.92,3723.65,6536.15,6907.98,1370.1,694.91,,,,,,,基础化工,化学制品,其他化学制品,8.44,8.55,8.45
sz300214,日科化学,2015-04-08,8.8,8.96,8.3,8.5,8.88,23251294.0,200533030.9,3442500000.0,3442500000.0,43481992.519999996,-72120945.03,1220296834.37,1418198342.76,197901508.39,14989710.610000003,7447.4,6696.32,3506.0,5162.8,7856.58,6882.13,1243.31,1312.04,,,,,,,基础化工,化学制品,其他化学制品,8.93,8.88,8.88
sz300214,日科化学,2015-04-09,8.43,8.47,7.9,8.25,8.5,22199402.0,180773203.4,3341250000.0,3341250000.0,43481992.519999996,-72120945.03,1220296834.37,1418198342.76,197901508.39,14989710.610000003,7262.09,7147.99,3204.4,3742.1,7426.42,6403.48,184.4,783.72,,,,,,,基础化工,化学制品,其他化学制品,8.34,8.33,8.2
sz300214,日科化学,2015-04-10,8.49,9.08,8.41,9.08,8.25,24427755.0,215670333.6,3677400000.0,3677400000.0,43481992.519999996,-72120945.03,1220296834.37,1418198342.76,197901508.39,14989710.610000003,6889.64,8247.17,4591.68,3946.34,6725.5,8355.76,3360.19,1017.74,,,,,,,基础化工,化学制品,其他化学制品,8.43,8.72,8.69
sz300214,日科化学,2015-04-13,9.46,9.73,9.18,9.18,9.08,32130050.0,300948756.0,3717900000.0,3717900000.0,43481992.519999996,-72120945.03,1220296834.37,1418198342.76,197901508.39,14989710.610000003,12335.25,9822.64,6253.88,8859.51,10770.64,8788.63,735.07,2624.05,,,,,,,基础化工,化学制品,其他化学制品,9.34,9.45,9.32
sz300214,日科化学,2015-04-14,9.16,9.48,8.92,9.29,9.18,20666269.0,190750060.1,3762450000.0,3762450000.0,43481992.519999996,-72120945.03,1220296834.37,1418198342.76,197901508.39,14989710.610000003,7340.99,8212.93,3247.47,3187.35,7327.82,7236.57,1158.72,438.15,,,,,,,基础化工,化学制品,其他化学制品,8.98,9.07,9.04
sz300214,日科化学,2015-04-15,9.11,9.2,8.67,8.67,9.29,19925557.0,177330905.9,3511350000.0,3511350000.0,53248749.22,47942962.14,1235504598.03,1389861167.6,154356569.57,15249180.119999997,7230.04,6931.56,2847.05,4155.93,7177.63,5881.24,478.35,764.34,,,,,,,基础化工,化学制品,其他化学制品,9.11,9.1,8.95
sz300214,日科化学,2015-04-16,8.6,8.88,8.35,8.82,8.67,14830505.0,128839643.5,3572100000.0,3572100000.0,53248749.22,47942962.14,1235504598.03,1389861167.6,154356569.57,15249180.119999997,4917.47,4905.59,3509.42,3236.23,4446.38,4372.35,10.67,369.77,,,,,,,基础化工,化学制品,其他化学制品,8.38,8.5,8.55
sz300214,日科化学,2015-04-17,8.83,8.9,8.69,8.73,8.82,16879665.0,148238839.3,3535650000.0,3535650000.0,53248749.22,47942962.14,1235504598.03,1389861167.6,154356569.57,15249180.119999997,5811.24,5529.12,3423.98,3723.84,4808.67,4580.65,779.98,990.25,,,,,,,基础化工,化学制品,其他化学制品,8.83,8.84,8.85
sz300214,日科化学,2015-04-20,8.74,8.74,8.26,8.32,8.73,18273990.0,155866956.5,3369600000.0,3369600000.0,53248749.22,47942962.14,1235504598.03,1389861167.6,154356569.57,15249180.119999997,6890.63,6086.36,2495.31,3823.36,5988.78,4784.26,211.95,892.69,,,,,,,基础化工,化学制品,其他化学制品,8.55,8.64,8.56
sz300214,日科化学,2015-04-21,8.32,8.75,8.32,8.73,8.32,14206701.0,121688038.0,3535650000.0,3535650000.0,53248749.22,47942962.14,1235504598.03,1389861167.6,154356569.57,15249180.119999997,4706.28,4939.97,2885.98,2519.91,4197.04,4447.91,379.5,261.01,,,,,,,基础化工,化学制品,其他化学制品,8.42,8.45,8.47
sz300214,日科化学,2015-04-22,8.76,9.1,8.76,9.05,8.73,19432009.0,174745298.0,3665250000.0,3665250000.0,53248749.22,47942962.14,1235504598.03,1389861167.6,154356569.57,15249180.119999997,7178.12,7228.68,3422.34,3707.28,5192.65,5691.4,1681.4,847.14,,,,,,,基础化工,化学制品,其他化学制品,8.88,8.9,9.02
sz300214,日科化学,2015-04-23,9.09,9.46,8.89,9.4,9.05,23092532.0,211080690.1,3807000000.0,3807000000.0,53248749.22,47942962.14,1235504598.03,1389861167.6,154356569.57,15249180.119999997,9174.64,9475.38,4217.7,3398.98,6926.9,7621.62,788.82,612.07,,,,,,,基础化工,化学制品,其他化学制品,9.02,9.0,8.98
sz300214,日科化学,2015-04-24,9.23,9.67,9.05,9.35,9.4,20036379.0,187798444.2,3786750000.0,3786750000.0,53248749.22,47942962.14,1235504598.03,1389861167.6,154356569.57,15249180.119999997,7194.74,8318.74,4335.01,3282.17,6091.31,6392.74,1158.76,786.18,,,,,,,基础化工,化学制品,其他化学制品,9.15,9.36,9.31
sz300214,日科化学,2015-04-27,9.6,9.62,9.2,9.25,9.35,15612003.0,146006288.8,3746250000.0,3746250000.0,64498465.580000006,-7762683.6,1259849697.06,1451548811.12,191699114.06,24220693.65,6563.68,6442.57,2296.18,2643.73,5388.21,4888.3,352.54,626.02,,,,,,,基础化工,化学制品,其他化学制品,9.55,9.5,9.47
sz300214,日科化学,2015-04-28,9.27,9.27,8.62,8.79,9.25,18137146.0,161515415.9,3559950000.0,3559950000.0,64498465.580000006,-7762683.6,1259849697.06,1451548811.12,191699114.06,24220693.65,7116.66,6576.3,2677.53,3566.02,6274.73,5243.57,82.62,765.63,,,,,,,基础化工,化学制品,其他化学制品,9.21,9.01,9.08
sz300214,日科化学,2015-04-29,8.76,9.12,8.73,9.11,8.79,14026218.0,125787733.5,3689550000.0,3689550000.0,64498465.580000006,-7762683.6,1259849697.06,1451548811.12,191699114.06,24220693.65,5466.39,5472.56,2934.77,2918.95,3732.9,3619.93,444.71,567.32,,,,,,,基础化工,化学制品,其他化学制品,8.84,8.89,8.95
sz300214,日科化学,2015-04-30,9.16,9.4,9.03,9.17,9.11,19168935.0,177365960.2,3713850000.0,3713850000.0,64498465.580000006,-7762683.6,1259849697.06,1451548811.12,191699114.06,24220693.65,6794.89,7606.8,3332.49,3474.01,6570.79,6432.39,1038.4,223.37,,,,,,,基础化工,化学制品,其他化学制品,9.13,9.23,9.19
sz300214,日科化学,2015-05-04,9.17,9.27,9.04,9.18,9.17,10827724.0,99106607.9,3717900000.0,3717900000.0,64498465.580000006,-7762683.6,1259849697.06,1451548811.12,191699114.06,24220693.65,4438.6,3970.39,1577.81,1914.65,3676.15,3262.02,218.09,763.59,,,,,,,基础化工,化学制品,其他化学制品,9.18,9.08,9.13
sz300214,日科化学,2015-05-05,9.18,9.2,8.69,8.84,9.18,12956302.0,116091597.2,3580200000.0,3580200000.0,64498465.580000006,-7762683.6,1259849697.06,1451548811.12,191699114.06,24220693.65,5166.69,4810.04,1300.55,2486.37,4860.5,3814.11,281.41,498.62,,,,,,,基础化工,化学制品,其他化学制品,9.15,9.17,9.08
sz300214,日科化学,2015-05-06,8.84,9.13,8.49,8.56,8.84,13420873.0,119375341.7,3466800000.0,3466800000.0,64498465.580000006,-7762683.6,1259849697.06,1451548811.12,191699114.06,24220693.65,4841.13,4423.0,2295.6,3224.08,4754.9,4153.69,45.9,136.76,,,,,,,基础化工,化学制品,其他化学制品,8.92,8.94,8.91
sz300214,日科化学,2015-05-07,8.55,8.68,8.0,8.1,8.56,11528888.0,95810930.9,3280500000.0,3280500000.0,64498465.580000006,-7762683.6,1259849697.06,1451548811.12,191699114.06,24220693.65,4017.83,3863.8,1259.4,2270.79,4302.95,3145.28,0.92,301.21,,,,,,,基础化工,化学制品,其他化学制品,8.67,8.63,8.52
sz300214,日科化学,2015-05-08,8.21,8.56,8.21,8.53,8.1,13277077.0,111375435.5,3454650000.0,3454650000.0,64498465.580000006,-7762683.6,1259849697.06,1451548811.12,191699114.06,24220693.65,4636.57,4915.05,1940.52,1843.57,4265.41,4378.92,295.04,0.0,,,,,,,基础化工,化学制品,其他化学制品,8.28,8.34,8.29
sz300214,日科化学,2015-05-11,8.6,9.38,8.56,9.38,8.53,40043361.0,369472068.8,3798900000.0,3798900000.0,64498465.580000006,-7762683.6,1259849697.06,1451548811.12,191699114.06,24220693.65,11329.05,13320.08,7820.59,8823.71,9352.37,11175.41,8445.15,3627.96,,,,,,,基础化工,化学制品,其他化学制品,8.62,8.87,9.14
sz300214,日科化学,2015-05-12,9.39,9.6,9.02,9.4,9.38,35433539.0,330730210.6,3807000000.0,3807000000.0,64498465.580000006,-7762683.6,1259849697.06,1451548811.12,191699114.06,24220693.65,13109.24,10960.33,6807.11,6940.44,11574.52,9661.91,1582.12,5510.31,,,,,,,基础化工,化学制品,其他化学制品,9.51,9.44,9.3
sz300214,日科化学,2015-05-13,9.2,9.46,9.1,9.29,9.4,20636674.0,191916740.5,3762450000.0,3762450000.0,64498465.580000006,-7762683.6,1259849697.06,1451548811.12,191699114.06,24220693.65,8257.18,8055.62,3321.82,3801.49,7402.0,6909.18,210.66,425.37,,,,,,,基础化工,化学制品,其他化学制品,9.22,9.23,9.18
sz300214,日科化学,2015-05-14,9.37,9.88,9.35,9.58,9.29,30046414.0,288684689.1,3879900000.0,3879900000.0,64498465.580000006,-7762683.6,1259849697.06,1451548811.12,191699114.06,24220693.65,11810.02,10982.98,5479.77,6813.57,10332.05,10284.44,1246.58,787.43,,,,,,,基础化工,化学制品,其他化学制品,9.69,9.53,9.58
sz300214,日科化学,2015-05-15,9.51,10.49,9.46,10.14,9.58,39764621.0,395072074.4,4106700000.0,4106700000.0,64498465.580000006,-7762683.6,1259849697.06,1451548811.12,191699114.06,24220693.65,14735.85,16319.71,8988.6,9325.23,12180.41,12568.48,3602.32,1293.75,,,,,,,基础化工,化学制品,其他化学制品,9.58,9.6,9.69
sz300214,日科化学,2015-07-22,9.22,10.8,9.08,10.08,10.09,64555419.0,615953105.6,4082400000.0,4082400000.0,64498465.580000006,-7762683.6,1259849697.06,1451548811.12,191699114.06,24220693.65,22492.6,19786.73,12908.23,16846.2,20432.56,15993.13,5761.88,8969.2,,,,,,,基础化工,化学制品,其他化学制品,9.28,9.09,9.15
sz300214,日科化学,2015-07-23,9.85,10.6,9.61,10.28,10.08,44497284.0,448197491.9,4163400000.0,4163400000.0,64498465.580000006,-7762683.6,1259849697.06,1451548811.12,191699114.06,24220693.65,16724.41,16256.35,8559.65,9335.65,14227.13,15282.07,5308.54,3945.65,,,,,,,基础化工,化学制品,其他化学制品,9.94,9.8,9.74
sz300214,日科化学,2015-07-24,10.18,10.27,9.25,9.4,10.28,39808035.0,391825503.6,3807000000.0,3807000000.0,64498465.580000006,-7762683.6,1259849697.06,1451548811.12,191699114.06,24220693.65,9502.98,8463.03,3956.32,5516.93,9965.38,8282.99,767.2,1928.92,,,,,,,基础化工,化学制品,其他化学制品,10.2,10.18,10.0
sz300214,日科化学,2015-07-27,8.99,9.32,8.46,8.46,9.4,30255859.0,267923389.0,3426300000.0,3426300000.0,64498465.580000006,-7762683.6,1259849697.06,1451548811.12,191699114.06,24220693.65,10732.56,9500.62,4546.49,6551.64,10658.05,8336.3,855.21,2403.75,,,,,,,基础化工,化学制品,其他化学制品,9.02,9.15,9.08
sz300214,日科化学,2015-07-28,7.61,8.26,7.61,7.61,8.46,32531168.0,251150612.6,3082050000.0,3082050000.0,64498465.580000006,-7762683.6,1259849697.06,1451548811.12,191699114.06,24220693.65,9047.14,8993.81,4721.8,4735.11,10689.06,9164.69,657.04,2221.44,,,,,,,基础化工,化学制品,其他化学制品,7.63,7.74,7.62
sz300214,日科化学,2015-07-29,7.8,8.19,7.6,8.17,7.61,22123355.0,173026506.5,3308850000.0,3308850000.0,64498465.580000006,-7762683.6,1259849697.06,1451548811.12,191699114.06,24220693.65,6290.96,5945.28,3385.53,3655.69,7245.29,7444.06,380.86,257.62,,,,,,,基础化工,化学制品,其他化学制品,7.89,7.81,7.72
sz300214,日科化学,2015-07-30,8.0,8.43,7.86,7.89,8.17,22429018.0,184248698.7,3195450000.0,3195450000.0,64498465.580000006,-7762683.6,1259849697.06,1451548811.12,191699114.06,24220693.65,5838.1,6121.3,2656.39,3314.82,7387.8,7075.86,855.14,225.45,,,,,,,基础化工,化学制品,其他化学制品,8.17,8.3,8.26
sz300214,日科化学,2015-07-31,7.76,8.04,7.51,7.65,7.89,13088005.0,102512421.0,3098250000.0,3098250000.0,64498465.580000006,-7762683.6,1259849697.06,1451548811.12,191699114.06,24220693.65,3149.8,3040.9,1616.75,1933.27,4053.44,3577.19,4.75,273.37,,,,,,,基础化工,化学制品,其他化学制品,7.83,8.0,7.86
sz300214,日科化学,2015-08-03,7.63,7.68,6.89,7.06,7.65,18082824.0,129958468.3,2859300000.0,2859300000.0,64498465.580000006,-7762683.6,1259849697.06,1451548811.12,191699114.06,24220693.65,5024.93,4836.83,1717.24,2341.93,6250.13,4496.37,3.53,1320.7,,,,,,,基础化工,化学制品,其他化学制品,7.64,7.46,7.4
sz300214,日科化学,2015-08-04,7.08,7.72,7.08,7.71,7.06,16233063.0,119679333.7,3122550000.0,3122550000.0,64498465.580000006,-7762683.6,1259849697.06,1451548811.12,191699114.06,24220693.65,4451.76,4275.78,2070.39,1685.95,5176.07,5867.17,269.7,139.02,,,,,,,基础化工,化学制品,其他化学制品,7.11,7.29,7.22
sz300214,日科化学,2015-08-05,7.65,7.82,7.41,7.55,7.71,16144222.0,123634179.6,3057750000.0,3057750000.0,64498465.580000006,-7762683.6,1259849697.06,1451548811.12,191699114.06,24220693.65,4567.9,4589.23,1730.22,1937.26,6065.3,5441.54,0.0,395.39,,,,,,,基础化工,化学制品,其他化学制品,7.7,7.75,7.7
sz300214,日科化学,2015-08-06,7.4,7.84,7.32,7.69,7.55,14421309.0,110537164.9,3114450000.0,3114450000.0,64498465.580000006,-7762683.6,1259849697.06,1451548811.12,191699114.06,24220693.65,4001.6,3877.94,2211.26,1979.89,4144.14,4578.49,266.44,187.12,,,,,,,基础化工,化学制品,其他化学制品,7.35,7.42,7.58
sz300214,日科化学,2015-08-07,7.76,8.07,7.76,8.05,7.69,14709906.0,117176969.8,3260250000.0,3260250000.0,64498465.580000006,-7762683.6,1259849697.06,1451548811.12,191699114.06,24220693.65,4468.91,4280.48,2179.05,1878.08,4755.76,5504.41,313.98,54.72,,,,,,,基础化工,化学制品,其他化学制品,7.94,7.89,7.91
sz300214,日科化学,2015-08-10,8.2,8.86,8.11,8.86,8.05,24912828.0,214461627.8,3588300000.0,3588300000.0,64498465.580000006,-7762683.6,1259849697.06,1451548811.12,191699114.06,24220693.65,7060.37,8508.57,5031.19,4005.62,6812.95,8563.23,2541.65,368.73,,,,,,,基础化工,化学制品,其他化学制品,8.18,8.2,8.22
sz300214,日科化学,2015-08-11,8.99,9.31,8.87,8.99,8.86,28864802.0,262148992.3,3640950000.0,3640950000.0,64498465.580000006,-7762683.6,1259849697.06,1451548811.12,191699114.06,24220693.65,10124.57,9550.98,5828.45,5769.05,9148.58,8353.2,1113.29,2541.65,,,,,,,基础化工,化学制品,其他化学制品,9.05,9.15,9.18
sz300214,日科化学,2015-08-12,8.92,9.16,8.6,8.7,8.99,16189956.0,143431811.4,3523500000.0,3523500000.0,64498465.580000006,-7762683.6,1259849697.06,1451548811.12,191699114.06,24220693.65,6033.3,4960.65,2025.35,3170.64,5550.44,4747.95,0.0,729.85,,,,,,,基础化工,化学制品,其他化学制品,8.92,9.04,9.07
sz300214,日科化学,2015-08-13,8.7,9.06,8.63,9.05,8.7,17621664.0,156606489.2,3665250000.0,3665250000.0,64498465.580000006,-7762683.6,1259849697.06,1451548811.12,191699114.06,24220693.65,6438.88,6367.19,3546.48,3119.45,5318.37,5583.21,356.91,590.79,,,,,,,基础化工,化学制品,其他化学制品,8.79,8.81,8.81
sz300214,日科化学,2015-08-14,9.18,9.22,8.86,9.01,9.05,19173033.0,172799405.0,3649050000.0,3649050000.0,64498465.580000006,-7762683.6,1259849697.06,1451548811.12,191699114.06,24220693.65,7322.41,6699.42,3829.43,5256.69,5654.98,4925.93,473.11,397.89,,,,,,,基础化工,化学制品,其他化学制品,9.09,9.04,9.11
sz300214,日科化学,2015-08-17,9.43,9.8,9.25,9.61,9.01,27486907.0,261211693.9,3892050000.0,3892050000.0,64498465.580000006,-7762683.6,1259849697.06,1451548811.12,191699114.06,24220693.65,10376.78,10747.06,5203.33,4367.66,9421.05,10184.57,1119.99,821.86,,,,,,,基础化工,化学制品,其他化学制品,9.35,9.34,9.3
sz300214,日科化学,2015-08-18,9.52,9.71,8.65,8.65,9.61,26281734.0,241148374.6,3503250000.0,3503250000.0,64498465.580000006,-7762683.6,1259849697.06,1451548811.12,191699114.06,24220693.65,9574.91,8095.23,5003.84,6978.37,9380.23,7242.33,155.84,1798.87,,,,,,,基础化工,化学制品,其他化学制品,9.55,9.57,9.63
sz300214,日科化学,2015-08-19,8.35,9.26,8.09,9.15,8.65,23095206.0,200265593.0,3705750000.0,3705750000.0,64498465.580000006,-7762683.6,1259849697.06,1451548811.12,191699114.06,24220693.65,8094.31,8266.65,3722.08,4081.98,7424.76,7338.2,785.4,339.71,,,,,,,基础化工,化学制品,其他化学制品,8.34,8.56,8.66
sz300214,日科化学,2015-08-20,9.01,9.55,8.88,9.0,9.15,20972350.0,192880585.1,3645000000.0,3645000000.0,64498465.580000006,-7762683.6,1259849697.06,1451548811.12,191699114.06,24220693.65,7396.35,7848.03,4023.66,4786.75,6822.45,6057.79,1045.59,595.48,,,,,,,基础化工,化学制品,其他化学制品,9.06,9.04,9.13
sz300214,日科化学,2015-08-21,8.9,8.95,8.2,8.27,9.0,15556863.0,133654954.9,3349350000.0,3349350000.0,64498465.580000006,-7762683.6,1259849697.06,1451548811.12,191699114.06,24220693.65,5730.22,5443.73,2222.07,3653.28,5271.42,4165.03,120.41,82.08,,,,,,,基础化工,化学制品,其他化学制品,8.71,8.83,8.69
sz300214,日科化学,2015-08-24,7.84,8.0,7.44,7.44,8.27,11849349.0,89456051.1,3013200000.0,3013200000.0,80007306.97000001,23642863.150000002,1265366837.3999999,1525531649.55,260164812.15,25547722.590000004,3114.35,2819.82,1371.9,2451.13,4310.79,2629.06,148.18,1045.21,,,,,,,基础化工,化学制品,其他化学制品,7.73,7.64,7.56
sz300214,日科化学,2015-08-25,6.81,7.05,6.7,6.7,7.44,18492607.0,125505867.4,2713500000.0,2713500000.0,80007306.97000001,23642863.150000002,1265366837.3999999,1525531649.55,260164812.15,25547722.590000004,4221.33,3919.91,2915.04,3355.26,4573.2,3596.74,841.01,1678.68,,,,,,,基础化工,化学制品,其他化学制品,6.72,6.74,7.0
sz300214,日科化学,2015-08-26,6.63,7.09,6.13,6.41,6.7,23608631.0,156861513.8,2596050000.0,2596050000.0,80007306.97000001,23642863.150000002,1265366837.3999999,1525531649.55,260164812.15,25547722.590000004,5656.96,5139.29,2723.56,3291.39,6287.29,5477.19,1018.34,1778.28,,,,,,,基础化工,化学制品,其他化学制品,6.73,6.58,6.73
sz300214,日科化学,2015-08-27,6.66,6.93,6.4,6.9,6.41,17737237.0,118289342.0,2794500000.0,2794500000.0,80007306.97000001,23642863.150000002,1265366837.3999999,1525531649.55,260164812.15,25547722.590000004,4491.83,4732.85,2072.31,2434.42,4175.58,4347.75,1089.21,313.91,,,,,,,基础化工,化学制品,其他化学制品,6.75,6.72,6.73
sz300214,日科化学,2015-08-28,7.04,7.49,6.9,7.46,6.9,19618023.0,139531432.8,3021300000.0,3021300000.0,80007306.97000001,23642863.150000002,1265366837.3999999,1525531649.55,260164812.15,25547722.590000004,5329.55,5138.08,3085.99,2715.28,5314.24,5408.5,223.36,691.27,,,,,,,基础化工,化学制品,其他化学制品,6.99,6.96,6.94
sz300214,日科化学,2015-08-31,7.35,7.43,6.8,6.91,7.46,14458900.0,103046992.0,2798550000.0,2798550000.0,80007306.97000001,23642863.150000002,1265366837.3999999,1525531649.55,260164812.15,25547722.590000004,4073.74,3616.26,1485.24,2623.11,4745.72,3619.16,0.0,446.17,,,,,,,基础化工,化学制品,其他化学制品,7.35,7.26,7.18
sz300214,日科化学,2015-09-01,6.83,6.87,6.37,6.4,6.91,12229008.0,80464595.8,2592000000.0,2592000000.0,80007306.97000001,23642863.150000002,1265366837.3999999,1525531649.55,260164812.15,25547722.590000004,3183.73,3359.74,1172.22,1379.69,3690.51,3188.58,0.0,118.45,,,,,,,基础化工,化学制品,其他化学制品,6.78,6.68,6.7
sz300214,日科化学,2015-09-02,6.2,6.78,6.08,6.19,6.4,11671795.0,74774630.1,2506950000.0,2506950000.0,80007306.97000001,23642863.150000002,1265366837.3999999,1525531649.55,260164812.15,25547722.590000004,3070.64,3194.61,866.35,986.53,3431.11,3018.38,109.36,277.94,,,,,,,基础化工,化学制品,其他化学制品,6.15,6.25,6.32
sz300214,日科化学,2015-09-07,6.4,6.71,6.4,6.49,6.19,10877837.0,71304851.3,2628450000.0,2628450000.0,80007306.97000001,23642863.150000002,1265366837.3999999,1525531649.55,260164812.15,25547722.590000004,2596.22,3084.83,1342.73,692.84,3044.18,3352.81,147.35,0.0,,,,,,,基础化工,化学制品,其他化学制品,6.54,6.63,6.63
sz300214,日科化学,2015-09-08,6.6,6.96,6.38,6.86,6.49,11582972.0,76467879.2,2778300000.0,2778300000.0,80007306.97000001,23642863.150000002,1265366837.3999999,1525531649.55,260164812.15,25547722.590000004,2971.45,2906.2,1190.68,672.69,3375.02,3515.85,109.15,551.57,,,,,,,基础化工,化学制品,其他化学制品,6.57,6.55,6.49
sz300214,日科化学,2015-09-09,6.96,7.18,6.85,7.04,6.86,15892204.0,111693801.2,2851200000.0,2851200000.0,80007306.97000001,23642863.150000002,1265366837.3999999,1525531649.55,260164812.15,25547722.590000004,3982.72,4245.16,2086.82,1999.07,4990.1,4678.88,109.74,246.27,,,,,,,基础化工,化学制品,其他化学制品,6.89,7.05,7.01
sz300214,日科化学,2015-09-10,6.93,7.17,6.87,7.17,7.04,12795443.0,90053054.2,2903850000.0,2903850000.0,80007306.97000001,23642863.150000002,1265366837.3999999,1525531649.55,260164812.15,25547722.590000004,3176.33,3501.13,1950.81,1928.65,3112.13,3449.19,766.03,126.33,,,,,,,基础化工,化学制品,其他化学制品,6.93,6.97,7.0
sz300214,日科化学,2015-09-11,7.14,7.33,7.02,7.33,7.17,13929857.0,100293151.1,2968650000.0,2968650000.0,80007306.97000001,23642863.150000002,1265366837.3999999,1525531649.55,260164812.15,25547722.590000004,3047.46,3946.74,2344.64,2113.24,3761.09,3959.86,876.13,9.46,,,,,,,基础化工,化学制品,其他化学制品,7.18,7.25,7.16
sz300214,日科化学,2015-09-14,7.48,7.48,6.6,6.6,7.33,16999824.0,116837848.8,2673000000.0,2673000000.0,80007306.97000001,23642863.150000002,1265366837.3999999,1525531649.55,260164812.15,25547722.590000004,4040.53,3717.36,1578.63,2880.23,4931.86,3805.27,1132.76,1280.92,,,,,,,基础化工,化学制品,其他化学制品,7.3,7.2,7.25
sz300214,日科化学,2015-09-15,6.4,6.52,6.11,6.13,6.6,9664816.0,61042283.1,2482650000.0,2482650000.0,80007306.97000001,23642863.150000002,1265366837.3999999,1525531649.55,260164812.15,25547722.590000004,2635.07,2792.75,453.52,827.26,3015.64,2375.58,0.0,108.63,,,,,,,基础化工,化学制品,其他化学制品,6.4,6.34,6.43
sz300214,日科化学,2015-09-16,6.21,6.74,6.2,6.72,6.13,12883911.0,83487367.9,2721600000.0,2721600000.0,80007306.97000001,23642863.150000002,1265366837.3999999,1525531649.55,260164812.15,25547722.590000004,3022.84,3280.63,2182.91,1507.21,2786.46,3352.36,356.53,208.54,,,,,,,基础化工,化学制品,其他化学制品,6.21,6.27,6.22
sz300214,日科化学,2015-09-17,6.66,6.9,6.45,6.45,6.72,14170378.0,94990555.2,2612250000.0,2612250000.0,80007306.97000001,23642863.150000002,1265366837.3999999,1525531649.55,260164812.15,25547722.590000004,3994.3,3939.49,1499.94,2100.05,3861.45,3459.25,143.36,0.27,,,,,,,基础化工,化学制品,其他化学制品,6.66,6.63,6.55
sz300214,日科化学,2015-09-18,6.6,6.63,6.42,6.55,6.45,6823137.0,44520085.7,2652750000.0,2652750000.0,80007306.97000001,23642863.150000002,1265366837.3999999,1525531649.55,260164812.15,25547722.590000004,2016.66,1883.22,265.28,619.56,2038.07,1817.22,132.0,132.0,,,,,,,基础化工,化学制品,其他化学制品,6.58,6.5,6.47
sz300214,日科化学,2015-09-21,6.5,6.83,6.43,6.82,6.55,11732256.0,78477274.4,2762100000.0,2762100000.0,80007306.97000001,23642863.150000002,1265366837.3999999,1525531649.55,260164812.15,25547722.590000004,2721.74,2907.14,1752.45,2127.47,2695.82,2637.89,677.7,175.23,,,,,,,基础化工,化学制品,其他化学制品,6.49,6.57,6.56
sz300214,日科化学,2015-09-22,6.83,6.95,6.68,6.83,6.82,13260300.0,90508526.5,2766150000.0,2766150000.0,80007306.97000001,23642863.150000002,1265366837.3999999,1525531649.55,260164812.15,25547722.590000004,3557.39,3344.23,1434.91,1255.33,3956.1,3732.96,102.45,718.33,,,,,,,基础化工,化学制品,其他化学制品,6.86,6.85,6.83
sz300214,日科化学,2015-09-23,6.71,6.85,6.66,6.73,6.83,8314484.0,56141359.3,2725650000.0,2725650000.0,80007306.97000001,23642863.150000002,1265366837.3999999,1525531649.55,260164812.15,25547722.590000004,2143.49,2095.43,462.85,647.71,3007.79,2751.12,0.0,119.88,,,,,,,基础化工,化学制品,其他化学制品,6.71,6.78,6.75
sz300214,日科化学,2015-09-24,6.76,6.91,6.75,6.88,6.73,8646472.0,59137683.1,2786400000.0,2786400000.0,80007306.97000001,23642863.150000002,1265366837.3999999,1525531649.55,260164812.15,25547722.590000004,2237.89,2300.38,1107.58,924.96,2568.3,2688.42,0.0,0.0,,,,,,,基础化工,化学制品,其他化学制品,6.85,6.83,6.88
sz300214,日科化学,2015-09-25,6.88,6.88,6.46,6.54,6.88,9090577.0,60675499.7,2648700000.0,2648700000.0,80007306.97000001,23642863.150000002,1265366837.3999999,1525531649.55,260164812.15,25547722.590000004,2310.48,2164.77,655.94,1448.32,3092.3,2446.65,1.03,0.0,,,,,,,基础化工,化学制品,其他化学制品,6.87,6.86,6.87
sz300214,日科化学,2015-09-28,6.57,6.75,6.48,6.75,6.54,6754700.0,45055927.6,2733750000.0,2733750000.0,80007306.97000001,23642863.150000002,1265366837.3999999,1525531649.55,260164812.15,25547722.590000004,1526.58,1599.7,1008.49,947.0,1717.32,1958.88,253.2,0.0,,,,,,,基础化工,化学制品,其他化学制品,6.55,6.53,6.51
sz300214,日科化学,2015-09-29,6.67,6.73,6.52,6.6,6.75,6104289.0,40517912.8,2673000000.0,2673000000.0,80007306.97000001,23642863.150000002,1265366837.3999999,1525531649.55,260164812.15,25547722.590000004,1455.01,1516.51,807.95,1034.04,1788.83,1501.23,0.0,0.0,,,,,,,基础化工,化学制品,其他化学制品,6.67,6.66,6.65
sz300214,日科化学,2015-09-30,6.61,6.71,6.6,6.65,6.6,4864396.0,32335866.2,2693250000.0,2693250000.0,80007306.97000001,23642863.150000002,1265366837.3999999,1525531649.55,260164812.15,25547722.590000004,1304.34,1287.4,377.76,386.45,1551.49,1505.65,0.0,54.08,,,,,,,基础化工,化学制品,其他化学制品,6.64,6.62,6.64
sz300214,日科化学,2015-10-08,6.84,7.02,6.79,6.93,6.65,11591512.0,80088922.6,2806650000.0,2806650000.0,80007306.97000001,23642863.150000002,1265366837.3999999,1525531649.55,260164812.15,25547722.590000004,2946.15,2892.66,1579.21,1237.65,3381.09,3566.38,102.44,312.19,,,,,,,基础化工,化学制品,其他化学制品,6.87,6.81,6.85
sz300214,日科化学,2015-10-09,6.9,7.08,6.86,7.05,6.93,10848904.0,75747337.6,2855250000.0,2855250000.0,80007306.97000001,23642863.150000002,1265366837.3999999,1525531649.55,260164812.15,25547722.590000004,3426.81,2989.79,859.62,1257.17,3288.3,3229.77,0.0,98.0,,,,,,,基础化工,化学制品,其他化学制品,6.94,6.94,6.92
sz300214,日科化学,2015-10-12,7.12,7.63,7.11,7.57,7.05,18077048.0,134005301.6,3065850000.0,3065850000.0,80007306.97000001,23642863.150000002,1265366837.3999999,1525531649.55,260164812.15,25547722.590000004,4818.13,5039.91,3082.19,1570.39,4859.05,6679.43,641.14,110.79,,,,,,,基础化工,化学制品,其他化学制品,7.19,7.3,7.28
sz300214,日科化学,2015-10-13,7.52,7.75,7.5,7.64,7.57,16112834.0,123167241.5,3094200000.0,3094200000.0,80007306.97000001,23642863.150000002,1265366837.3999999,1525531649.55,260164812.15,25547722.590000004,4547.63,4601.86,3470.04,3156.12,4299.05,4270.73,0.0,288.0,,,,,,,基础化工,化学制品,其他化学制品,7.66,7.69,7.66
sz300214,日科化学,2015-10-14,7.45,7.67,7.43,7.47,7.64,13886228.0,104566111.1,3025350000.0,3025350000.0,80007306.97000001,23642863.150000002,1265366837.3999999,1525531649.55,260164812.15,25547722.590000004,3829.47,3615.59,2191.24,2991.82,4435.9,3689.21,0.0,159.98,,,,,,,基础化工,化学制品,其他化学制品,7.53,7.65,7.56
sz300214,日科化学,2015-10-15,7.66,8.04,7.6,7.99,7.47,24125654.0,189259255.4,3235950000.0,3235950000.0,80007306.97000001,23642863.150000002,1265366837.3999999,1525531649.55,260164812.15,25547722.590000004,6997.08,7114.9,3848.83,4821.14,6721.53,6653.81,1358.48,336.06,,,,,,,基础化工,化学制品,其他化学制品,7.72,7.73,7.74
sz300214,日科化学,2015-10-16,7.98,8.14,7.8,8.0,7.99,19283201.0,153552075.0,3240000000.0,3240000000.0,80007306.97000001,23642863.150000002,1265366837.3999999,1525531649.55,260164812.15,25547722.590000004,5572.86,5226.59,3037.22,3757.44,6454.41,5690.77,290.7,680.39,,,,,,,基础化工,化学制品,其他化学制品,8.03,8.1,8.03
sz300214,日科化学,2015-10-19,8.02,8.05,7.82,7.91,8.0,12428928.0,98683952.9,3203550000.0,3203550000.0,80007306.97000001,23642863.150000002,1265366837.3999999,1525531649.55,260164812.15,25547722.590000004,3610.41,3796.56,1534.49,1746.54,4554.81,4216.65,168.66,108.64,,,,,,,基础化工,化学制品,其他化学制品,7.99,7.98,7.95
sz300214,日科化学,2015-10-20,7.9,8.23,7.85,8.15,7.91,14800949.0,119441537.8,3300750000.0,3300750000.0,80007306.97000001,23642863.150000002,1265366837.3999999,1525531649.55,260164812.15,25547722.590000004,5218.0,4803.88,2105.32,2159.63,4473.08,4810.86,147.74,169.76,,,,,,,基础化工,化学制品,其他化学制品,7.9,7.96,7.95
sz300214,日科化学,2015-10-21,8.15,8.19,7.39,7.42,8.15,18081572.0,141222799.3,3005100000.0,3005100000.0,80007306.97000001,23642863.150000002,1265366837.3999999,1525531649.55,260164812.15,25547722.590000004,5098.78,5326.36,2869.09,3493.8,6011.14,4844.05,143.26,458.06,,,,,,,基础化工,化学制品,其他化学制品,8.14,8.07,8.08
sz300214,日科化学,2015-10-22,7.5,7.95,7.5,7.88,7.42,15483289.0,120077030.9,3191400000.0,3191400000.0,80007306.97000001,23642863.150000002,1265366837.3999999,1525531649.55,260164812.15,25547722.590000004,4234.31,4239.08,2923.66,2610.05,4608.41,4807.78,241.32,350.78,,,,,,,基础化工,化学制品,其他化学制品,7.6,7.72,7.74
sz300214,日科化学,2015-10-23,7.92,8.46,7.92,8.4,7.88,22738691.0,184929404.0,3402000000.0,3402000000.0,96790442.81,109900310.65,1297292087.31,1542318852.29,245026764.98,31772846.449999996,7455.25,7704.83,3936.8,4105.22,6729.44,6682.88,371.43,0.0,,,,,,,基础化工,化学制品,其他化学制品,8.12,8.06,8.04
sz300214,日科化学,2015-10-26,8.48,8.53,8.21,8.3,8.4,16210098.0,135339131.4,3361500000.0,3361500000.0,96790442.81,109900310.65,1297292087.31,1542318852.29,245026764.98,31772846.449999996,5591.6,5647.93,2076.03,2838.96,5655.16,4900.75,211.11,146.27,,,,,,,基础化工,化学制品,其他化学制品,8.4,8.36,8.38
sz300214,日科化学,2015-10-27,8.23,8.61,7.85,8.51,8.3,17790811.0,146376216.6,3446550000.0,3446550000.0,96790442.81,109900310.65,1297292087.31,1542318852.29,245026764.98,31772846.449999996,5231.6,5749.24,2835.13,2734.28,5586.36,5689.54,984.52,464.55,,,,,,,基础化工,化学制品,其他化学制品,8.27,8.16,8.15
sz300214,日科化学,2015-10-28,8.45,8.56,8.13,8.15,8.51,13498418.0,112628230.4,3300750000.0,3300750000.0,96790442.81,109900310.65,1297292087.31,1542318852.29,245026764.98,31772846.449999996,4808.26,4166.02,1780.97,2676.92,4673.58,3665.78,0.0,754.09,,,,,,,基础化工,化学制品,其他化学制品,8.46,8.47,8.43
sz300214,日科化学,2015-10-29,8.3,8.37,8.11,8.21,8.15,9152602.0,75338531.2,3325050000.0,3325050000.0,96790442.81,109900310.65,1297292087.31,1542318852.29,245026764.98,31772846.449999996,3262.98,3023.83,1209.94,1743.96,2938.24,2735.52,122.68,30.55,,,,,,,基础化工,化学制品,其他化学制品,8.23,8.17,8.17
sz300214,日科化学,2015-10-30,8.19,8.39,8.14,8.2,8.21,10033809.0,83102732.3,3321000000.0,3321000000.0,96790442.81,109900310.65,1297292087.31,1542318852.29,245026764.98,31772846.449999996,3650.33,3261.05,1156.51,1832.23,3277.22,3198.26,226.21,18.73,,,,,,,基础化工,化学制品,其他化学制品,8.21,8.2,8.22
sz300214,日科化学,2015-11-02,8.08,8.32,7.9,7.95,8.2,10308756.0,83616417.9,3219750000.0,3219750000.0,96790442.81,109900310.65,1297292087.31,1542318852.29,245026764.98,31772846.449999996,3350.32,3493.56,1587.22,1639.69,3424.08,2906.93,0.0,321.45,,,,,,,基础化工,化学制品,其他化学制品,8.0,8.04,8.06
sz300214,日科化学,2015-11-03,8.0,8.08,7.88,7.95,7.95,7605917.0,60705811.0,3219750000.0,3219750000.0,96790442.81,109900310.65,1297292087.31,1542318852.29,245026764.98,31772846.449999996,2211.47,2245.91,926.49,1525.25,2932.61,2299.41,0.0,0.0,,,,,,,基础化工,化学制品,其他化学制品,8.03,8.01,8.05
sz300214,日科化学,2015-11-04,8.0,8.43,7.99,8.42,7.95,15715002.0,129930384.8,3410100000.0,3410100000.0,96790442.81,109900310.65,1297292087.31,1542318852.29,245026764.98,31772846.449999996,4995.6,5417.08,2892.11,1795.28,4520.08,5607.32,585.23,173.35,,,,,,,基础化工,化学制品,其他化学制品,8.05,8.05,8.1
sz300214,日科化学,2015-11-05,8.47,8.55,8.28,8.45,8.42,18205216.0,153351196.8,3422250000.0,3422250000.0,96790442.81,109900310.65,1297292087.31,1542318852.29,245026764.98,31772846.449999996,5980.94,5455.56,3132.52,3515.26,4788.65,4849.93,1432.99,1514.35,,,,,,,基础化工,化学制品,其他化学制品,8.5,8.46,8.39
sz300214,日科化学,2015-11-06,8.45,8.75,8.42,8.73,8.45,14271162.0,123087184.6,3535650000.0,3535650000.0,96790442.81,109900310.65,1297292087.31,1542318852.29,245026764.98,31772846.449999996,5227.47,5048.22,2700.76,2549.82,4380.47,4696.53,0.0,14.14,,,,,,,基础化工,化学制品,其他化学制品,8.48,8.57,8.59
sz300214,日科化学,2015-11-09,8.65,8.87,8.51,8.79,8.73,14129341.0,123331519.7,3559950000.0,3559950000.0,96790442.81,109900310.65,1297292087.31,1542318852.29,245026764.98,31772846.449999996,5011.56,4850.61,2549.22,2375.2,4493.86,4585.45,278.48,521.87,,,,,,,基础化工,化学制品,其他化学制品,8.74,8.71,8.62
sz300214,日科化学,2015-11-10,8.72,8.85,8.6,8.71,8.79,11805053.0,103068060.9,3527550000.0,3527550000.0,96790442.81,109900310.65,1297292087.31,1542318852.29,245026764.98,31772846.449999996,4414.35,4489.62,1594.36,1763.63,4120.73,3793.38,177.36,260.15,,,,,,,基础化工,化学制品,其他化学制品,8.74,8.76,8.77
sz300214,日科化学,2015-11-11,8.7,8.83,8.61,8.82,8.71,14359453.0,125587648.8,3572100000.0,3572100000.0,96790442.81,109900310.65,1297292087.31,1542318852.29,245026764.98,31772846.449999996,4982.61,4867.25,2780.85,2634.05,4411.83,4566.05,383.46,491.39,,,,,,,基础化工,化学制品,其他化学制品,8.69,8.69,8.68
sz300214,日科化学,2015-11-12,8.87,8.91,8.64,8.77,8.82,12803162.0,112081684.0,3551850000.0,3551850000.0,96790442.81,109900310.65,1297292087.31,1542318852.29,245026764.98,31772846.449999996,4547.56,4546.59,2047.53,1640.64,4428.22,4793.47,184.85,227.46,,,,,,,基础化工,化学制品,其他化学制品,8.85,8.82,8.81
sz300214,日科化学,2015-11-13,8.61,8.69,8.48,8.53,8.77,13100652.0,112542048.1,3454650000.0,3454650000.0,96790442.81,109900310.65,1297292087.31,1542318852.29,245026764.98,31772846.449999996,4602.7,4137.96,1854.33,2779.82,4510.44,4220.48,286.72,115.93,,,,,,,基础化工,化学制品,其他化学制品,8.68,8.67,8.63
sz300214,日科化学,2015-11-16,8.35,8.74,8.22,8.73,8.53,12123836.0,103388173.4,3535650000.0,3535650000.0,96790442.81,109900310.65,1297292087.31,1542318852.29,245026764.98,31772846.449999996,4270.8,4001.64,1507.52,2237.11,4334.48,3919.98,226.0,180.07,,,,,,,基础化工,化学制品,其他化学制品,8.35,8.36,8.37
sz300214,日科化学,2015-11-17,8.78,8.85,8.58,8.61,8.73,16052984.0,140293536.5,3487050000.0,3487050000.0,96790442.81,109900310.65,1297292087.31,1542318852.29,245026764.98,31772846.449999996,5265.65,4471.81,2956.82,3287.29,5156.58,5247.44,650.29,1022.8,,,,,,,基础化工,化学制品,其他化学制品,8.8,8.84,8.81
sz300214,日科化学,2015-11-18,8.62,8.76,8.5,8.52,8.61,11307168.0,97719854.8,3450600000.0,3450600000.0,96790442.81,109900310.65,1297292087.31,1542318852.29,245026764.98,31772846.449999996,4022.51,3696.62,1967.79,2097.59,3773.48,3684.9,8.2,292.87,,,,,,,基础化工,化学制品,其他化学制品,8.59,8.65,8.69
sz300214,日科化学,2015-11-19,8.55,8.8,8.5,8.79,8.52,14083241.0,121511429.6,3559950000.0,3559950000.0,96790442.81,109900310.65,1297292087.31,1542318852.29,245026764.98,31772846.449999996,5043.16,4737.05,2354.16,2457.9,4403.93,4880.28,349.86,75.88,,,,,,,基础化工,化学制品,其他化学制品,8.54,8.52,8.57
sz300214,日科化学,2015-11-20,8.8,9.23,8.75,9.08,8.79,22417759.0,202044642.9,3677400000.0,3677400000.0,96790442.81,109900310.65,1297292087.31,1542318852.29,245026764.98,31772846.449999996,7998.77,8086.91,3865.32,3466.43,7207.18,8089.46,1133.19,561.66,,,,,,,基础化工,化学制品,其他化学制品,8.79,8.81,8.84
sz300214,日科化学,2015-11-23,9.02,9.3,8.95,9.02,9.08,15917627.0,145155827.0,3653100000.0,3653100000.0,96790442.81,109900310.65,1297292087.31,1542318852.29,245026764.98,31772846.449999996,5830.7,5341.57,2203.01,2977.34,5960.37,5261.04,521.49,935.62,,,,,,,基础化工,化学制品,其他化学制品,9.06,9.16,9.24
sz300214,日科化学,2015-11-24,8.95,9.26,8.82,9.26,9.02,15536485.0,140426737.8,3750300000.0,3750300000.0,96790442.81,109900310.65,1297292087.31,1542318852.29,245026764.98,31772846.449999996,5296.48,5802.59,2728.89,2531.75,5461.12,5253.94,556.18,454.38,,,,,,,基础化工,化学制品,其他化学制品,9.0,8.99,8.95
sz300214,日科化学,2015-11-25,9.38,9.46,9.24,9.37,9.26,13626670.0,127306057.1,3794850000.0,3794850000.0,96790442.81,109900310.65,1297292087.31,1542318852.29,245026764.98,31772846.449999996,4706.91,5033.82,2783.76,2792.94,4885.6,4677.5,354.33,226.33,,,,,,,基础化工,化学制品,其他化学制品,9.33,9.3,9.45
sz300214,日科化学,2015-11-26,9.37,9.42,9.23,9.29,9.37,12779928.0,118909933.9,3762450000.0,3762450000.0,96790442.81,109900310.65,1297292087.31,1542318852.29,245026764.98,31772846.449999996,4229.53,4502.11,2613.45,2796.47,4509.02,4190.32,538.98,402.07,,,,,,,基础化工,化学制品,其他化学制品,9.38,9.35,9.29
sz300214,日科化学,2015-11-27,9.25,9.65,8.52,8.78,9.29,21896360.0,202829675.4,3555900000.0,3555900000.0,96790442.81,109900310.65,1297292087.31,1542318852.29,245026764.98,31772846.449999996,8275.65,8190.85,3155.0,3729.85,8617.97,7623.5,232.48,736.9,,,,,,,基础化工,化学制品,其他化学制品,9.28,9.33,9.32
sz300214,日科化学,2015-11-30,8.73,9.5,8.55,9.5,8.78,21952491.0,198388327.9,3847500000.0,3847500000.0,96790442.81,109900310.65,1297292087.31,1542318852.29,245026764.98,31772846.449999996,7647.55,7864.99,4182.12,4170.37,7710.37,7711.47,298.78,92.0,,,,,,,基础化工,化学制品,其他化学制品,8.76,8.92,9.06
sz300214,日科化学,2015-12-01,9.45,9.59,9.25,9.37,9.5,17712085.0,167011650.7,3794850000.0,3794850000.0,96790442.81,109900310.65,1297292087.31,1542318852.29,245026764.98,31772846.449999996,6417.72,6605.32,3526.19,3746.1,6757.26,6034.35,0.0,315.39,,,,,,,基础化工,化学制品,其他化学制品,9.59,9.45,9.5
sz300214,日科化学,2015-12-02,9.4,9.45,8.68,9.07,9.37,14257896.0,129390387.3,3673350000.0,3673350000.0,96790442.81,109900310.65,1297292087.31,1542318852.29,245026764.98,31772846.449999996,5532.76,4756.21,1506.29,3309.41,5899.98,4508.47,0.0,364.95,,,,,,,基础化工,化学制品,其他化学制品,9.41,9.37,9.26
sz300214,日科化学,2015-12-03,9.12,9.45,9.12,9.43,9.07,14105151.0,130957278.6,3819150000.0,3819150000.0,96790442.81,109900310.65,1297292087.31,1542318852.29,245026764.98,31772846.449999996,5282.38,4628.96,3554.73,2536.98,3966.16,5158.36,292.46,771.42,,,,,,,基础化工,化学制品,其他化学制品,9.21,9.27,9.34
sz300214,日科化学,2015-12-04,9.32,9.53,9.3,9.48,9.43,14232702.0,134265444.1,3839400000.0,3839400000.0,96790442.81,109900310.65,1297292087.31,1542318852.29,245026764.98,31772846.449999996,6332.11,5444.2,2214.9,2839.3,4762.64,4636.88,116.89,506.15,,,,,,,基础化工,化学制品,其他化学制品,9.37,9.5,9.46
sz300214,日科化学,2015-12-07,9.46,9.75,9.4,9.72,9.48,19725682.0,190373540.9,3936600000.0,3936600000.0,96790442.81,109900310.65,1297292087.31,1542318852.29,245026764.98,31772846.449999996,7998.24,7549.93,3719.49,4457.71,6832.89,6581.56,486.67,448.09,,,,,,,基础化工,化学制品,其他化学制品,9.48,9.45,9.55
sz300214,日科化学,2015-12-08,9.65,9.92,9.45,9.51,9.72,19141243.0,185480522.0,3851550000.0,3851550000.0,96790442.81,109900310.65,1297292087.31,1542318852.29,245026764.98,31772846.449999996,7944.23,7143.97,2528.02,4304.62,7980.33,6676.46,95.45,422.99,,,,,,,基础化工,化学制品,其他化学制品,9.8,9.81,9.86
sz300214,日科化学,2015-12-09,9.45,9.51,9.15,9.26,9.51,13111318.0,121910887.2,3750300000.0,3750300000.0,96790442.81,109900310.65,1297292087.31,1542318852.29,245026764.98,31772846.449999996,4780.97,4966.93,1819.22,2110.59,5497.88,4534.68,93.01,578.88,,,,,,,基础化工,化学制品,其他化学制品,9.49,9.35,9.26
sz300214,日科化学,2015-12-10,9.2,9.38,9.18,9.2,9.26,9483863.0,87923849.2,3726000000.0,3726000000.0,96790442.81,109900310.65,1297292087.31,1542318852.29,245026764.98,31772846.449999996,3524.44,3287.52,1623.03,1963.71,3644.9,3243.99,0.0,297.16,,,,,,,基础化工,化学制品,其他化学制品,9.23,9.29,9.28
sz300214,日科化学,2015-12-11,9.18,9.31,9.12,9.28,9.2,8483584.0,78223545.8,3758400000.0,3758400000.0,96790442.81,109900310.65,1297292087.31,1542318852.29,245026764.98,31772846.449999996,3836.01,3889.01,1199.13,1301.41,2647.75,2631.94,139.47,0.0,,,,,,,基础化工,化学制品,其他化学制品,9.16,9.18,9.23
sz300214,日科化学,2015-12-14,9.38,9.69,9.31,9.69,9.28,13806509.0,130821822.0,3924450000.0,3924450000.0,96790442.81,109900310.65,1297292087.31,1542318852.29,245026764.98,31772846.449999996,5585.3,5239.1,2550.98,2122.02,4930.33,5721.05,15.56,0.0,,,,,,,基础化工,化学制品,其他化学制品,9.47,9.38,9.42
sz300214,日科化学,2015-12-15,9.63,9.88,9.58,9.77,9.69,13853188.0,134506174.4,3956850000.0,3956850000.0,96790442.81,109900310.65,1297292087.31,1542318852.29,245026764.98,31772846.449999996,6285.53,5352.59,2330.01,3002.99,4494.09,4844.1,340.97,250.92,,,,,,,基础化工,化学制品,其他化学制品,9.6,9.69,9.68
sz300214,日科化学,2015-12-16,9.82,10.03,9.71,9.9,9.77,13689986.0,135049052.5,4009500000.0,4009500000.0,96790442.81,109900310.65,1297292087.31,1542318852.29,245026764.98,31772846.449999996,5522.37,5910.31,1871.96,2087.35,5201.12,5238.77,909.44,268.46,,,,,,,基础化工,化学制品,其他化学制品,9.78,9.74,9.74
sz300214,日科化学,2015-12-17,10.1,10.15,9.88,10.14,9.9,18134477.0,181899063.0,4106700000.0,4106700000.0,96790442.81,109900310.65,1297292087.31,1542318852.29,245026764.98,31772846.449999996,6878.09,6705.87,3726.19,4505.37,6438.55,6663.5,1147.05,315.13,,,,,,,基础化工,化学制品,其他化学制品,10.1,10.06,10.03
sz300214,日科化学,2015-12-18,10.1,10.29,9.92,10.22,10.14,18639391.0,188526891.2,4139100000.0,4139100000.0,96790442.81,109900310.65,1297292087.31,1542318852.29,245026764.98,31772846.449999996,7196.11,7561.83,4162.18,4520.87,6105.24,6216.34,1389.14,553.63,,,,,,,基础化工,化学制品,其他化学制品,10.1,10.06,10.03
sz300214,日科化学,2015-12-21,10.1,10.33,10.06,10.17,10.22,12086495.0,123178168.3,4118850000.0,4118850000.0,96790442.81,109900310.65,1297292087.31,1542318852.29,245026764.98,31772846.449999996,5020.2,4960.6,2324.65,2925.44,4421.91,4130.33,551.06,301.44,,,,,,,基础化工,化学制品,其他化学制品,10.24,10.2,10.16
sz300214,日科化学,2015-12-22,10.19,10.27,9.95,10.12,10.17,11194220.0,113010729.1,4098600000.0,4098600000.0,96790442.81,109900310.65,1297292087.31,1542318852.29,245026764.98,31772846.449999996,4431.32,4370.66,2050.62,2234.64,4617.81,4105.56,201.32,590.19,,,,,,,基础化工,化学制品,其他化学制品,10.23,10.18,10.23
sz300214,日科化学,2015-12-23,10.12,10.14,9.88,9.88,10.12,10990359.0,109853946.8,4001400000.0,4001400000.0,96790442.81,109900310.65,1297292087.31,1542318852.29,245026764.98,31772846.449999996,4619.01,4474.46,1762.48,2473.86,4299.09,3426.13,304.81,610.95,,,,,,,基础化工,化学制品,其他化学制品,10.12,10.07,10.07
sz300214,日科化学,2015-12-24,9.85,10.07,9.72,10.0,9.88,11861676.0,117402882.4,4050000000.0,4050000000.0,96790442.81,109900310.65,1297292087.31,1542318852.29,245026764.98,31772846.449999996,4199.89,3797.52,2324.58,1897.84,4479.71,3990.34,736.11,2054.58,,,,,,,基础化工,化学制品,其他化学制品,9.88,9.82,9.75
sz300214,日科化学,2015-12-25,9.96,10.79,9.94,10.5,10.0,21148100.0,219535528.3,4252500000.0,4252500000.0,96790442.81,109900310.65,1297292087.31,1542318852.29,245026764.98,31772846.449999996,7825.48,7894.29,5496.87,5134.37,6992.84,7937.84,1638.33,987.04,,,,,,,基础化工,化学制品,其他化学制品,10.04,10.03,10.03
sz300214,日科化学,2015-12-28,10.52,10.68,10.1,10.2,10.5,18467730.0,191705921.0,4131000000.0,4131000000.0,96790442.81,109900310.65,1297292087.31,1542318852.29,245026764.98,31772846.449999996,8274.25,6935.97,3121.34,4565.44,7361.66,6033.58,413.33,1635.6,,,,,,,基础化工,化学制品,其他化学制品,10.52,10.44,10.48
sz300214,日科化学,2015-12-29,10.18,11.2,10.05,11.19,10.2,24933656.0,265942653.2,4531950000.0,4531950000.0,96790442.81,109900310.65,1297292087.31,1542318852.29,245026764.98,31772846.449999996,8942.81,9859.41,6094.48,5508.18,8693.38,10134.98,2863.57,1091.68,,,,,,,基础化工,化学制品,其他化学制品,10.19,10.2,10.27
sz300214,日科化学,2015-12-30,11.15,11.34,10.9,11.24,11.19,20200819.0,225933670.2,4552200000.0,4552200000.0,96790442.81,109900310.65,1297292087.31,1542318852.29,245026764.98,31772846.449999996,9225.24,8482.24,5108.42,6134.54,7479.74,7005.3,779.94,971.27,,,,,,,基础化工,化学制品,其他化学制品,11.15,11.29,11.22
sz300214,日科化学,2015-12-31,11.21,11.39,10.9,10.91,11.24,13613236.0,151031126.1,4418550000.0,4418550000.0,96790442.81,109900310.65,1297292087.31,1542318852.29,245026764.98,31772846.449999996,5818.14,5262.29,2766.33,3482.15,6125.6,5513.96,393.02,844.7,,,,,,,基础化工,化学制品,其他化学制品,11.19,11.37,11.23
sz300214,日科化学,2016-01-04,10.93,11.0,9.82,9.82,10.91,17210505.0,177777438.6,3977100000.0,3977100000.0,96790442.81,109900310.65,1297292087.31,1542318852.29,245026764.98,31772846.449999996,6980.01,6409.52,3672.77,5140.47,6536.42,5049.63,588.52,1178.09,,,,,,,基础化工,化学制品,其他化学制品,10.98,10.76,10.61
sz300214,日科化学,2016-01-05,9.41,10.15,9.16,9.8,9.82,20189507.0,195540251.7,3969000000.0,3969000000.0,96790442.81,109900310.65,1297292087.31,1542318852.29,245026764.98,31772846.449999996,8363.52,8575.49,3659.01,3773.25,7308.95,6890.87,222.51,314.39,,,,,,,基础化工,化学制品,其他化学制品,9.58,9.7,9.81
sz300214,日科化学,2016-01-06,9.79,9.95,9.4,9.87,9.8,14707612.0,142856792.9,3997350000.0,3997350000.0,96790442.81,109900310.65,1297292087.31,1542318852.29,245026764.98,31772846.449999996,6235.99,5374.88,2022.5,3794.14,6027.18,4858.22,0.0,258.43,,,,,,,基础化工,化学制品,其他化学制品,9.86,9.85,9.83
sz300214,日科化学,2016-01-07,9.63,9.63,8.88,8.88,9.87,4351034.0,39807356.7,3596400000.0,3596400000.0,96790442.81,109900310.65,1297292087.31,1542318852.29,245026764.98,31772846.449999996,1497.83,1652.06,475.02,922.09,1699.57,1263.69,304.32,138.9,,,,,,,基础化工,化学制品,其他化学制品,9.49,8.99,8.99
sz300214,日科化学,2016-01-08,8.9,9.19,8.2,8.84,8.88,17523265.0,154762831.5,3580200000.0,3580200000.0,96790442.81,109900310.65,1297292087.31,1542318852.29,245026764.98,31772846.449999996,6663.17,6204.96,2885.03,3532.56,5823.35,4913.95,104.72,824.81,,,,,,,基础化工,化学制品,其他化学制品,8.98,8.53,8.46
sz300214,日科化学,2016-01-11,8.5,8.68,7.96,7.96,8.84,14253063.0,119115484.2,3223800000.0,3223800000.0,96790442.81,109900310.65,1297292087.31,1542318852.29,245026764.98,31772846.449999996,4840.63,4731.84,1740.27,2417.16,5056.77,4405.3,273.87,357.24,,,,,,,基础化工,化学制品,其他化学制品,8.51,8.57,8.57
sz300214,日科化学,2016-01-12,7.94,8.19,7.74,8.12,7.96,11016274.0,88248454.4,3288600000.0,3288600000.0,96790442.81,109900310.65,1297292087.31,1542318852.29,245026764.98,31772846.449999996,3571.57,3774.78,1720.42,1826.34,3522.38,3223.73,10.47,0.0,,,,,,,基础化工,化学制品,其他化学制品,7.96,8.0,7.99
sz300214,日科化学,2016-01-13,8.18,8.2,7.68,7.69,8.12,10188859.0,81565126.5,3114450000.0,3114450000.0,96790442.81,109900310.65,1297292087.31,1542318852.29,245026764.98,31772846.449999996,3234.51,3592.54,1385.94,1640.92,3536.05,2787.71,0.0,135.33,,,,,,,基础化工,化学制品,其他化学制品,8.16,8.09,8.16
sz300214,日科化学,2016-01-14,7.45,8.14,7.38,8.12,7.69,12527672.0,98371630.1,3288600000.0,3288600000.0,96790442.81,109900310.65,1297292087.31,1542318852.29,245026764.98,31772846.449999996,3882.92,3956.54,2224.97,1675.78,3729.26,4084.74,0.0,120.09,,,,,,,基础化工,化学制品,其他化学制品,7.45,7.58,7.58
sz300214,日科化学,2016-01-15,8.04,8.24,7.68,7.75,8.12,11956018.0,95595149.6,3138750000.0,3138750000.0,96790442.81,109900310.65,1297292087.31,1542318852.29,245026764.98,31772846.449999996,4012.78,3842.99,1263.59,2355.09,4150.62,3257.9,132.51,103.53,,,,,,,基础化工,化学制品,其他化学制品,8.1,8.23,8.15
sz300214,日科化学,2016-01-18,7.66,8.38,7.6,8.3,7.75,16187468.0,130679331.0,3361500000.0,3361500000.0,96790442.81,109900310.65,1297292087.31,1542318852.29,245026764.98,31772846.449999996,4920.7,5380.28,3769.53,2500.44,3784.26,5105.49,593.43,81.71,,,,,,,基础化工,化学制品,其他化学制品,7.71,7.94,7.9
sz300214,日科化学,2016-01-19,8.24,8.68,8.05,8.63,8.3,14249422.0,119663139.1,3495150000.0,3495150000.0,96790442.81,109900310.65,1297292087.31,1542318852.29,245026764.98,31772846.449999996,4721.65,4895.78,2744.94,2459.77,3944.87,4354.7,554.84,256.05,,,,,,,基础化工,化学制品,其他化学制品,8.18,8.11,8.19
sz300214,日科化学,2016-01-20,8.51,8.73,8.3,8.68,8.63,12899818.0,109989064.6,3515400000.0,3515400000.0,96790442.81,109900310.65,1297292087.31,1542318852.29,245026764.98,31772846.449999996,4721.66,4578.33,1702.58,2262.84,4574.66,3929.24,0.0,228.49,,,,,,,基础化工,化学制品,其他化学制品,8.55,8.66,8.62
sz300214,日科化学,2016-01-21,8.58,8.89,8.0,8.18,8.68,12190713.0,104660764.1,3312900000.0,3312900000.0,96790442.81,109900310.65,1297292087.31,1542318852.29,245026764.98,31772846.449999996,3917.58,4221.19,1904.22,1916.74,4213.36,3917.96,430.91,410.18,,,,,,,基础化工,化学制品,其他化学制品,8.48,8.62,8.66
sz300214,日科化学,2016-01-22,8.45,8.5,8.2,8.42,8.18,8826063.0,73787517.8,3410100000.0,3410100000.0,96790442.81,109900310.65,1297292087.31,1542318852.29,245026764.98,31772846.449999996,3368.07,3134.08,1359.74,1579.57,2545.94,2542.85,105.0,122.24,,,,,,,基础化工,化学制品,其他化学制品,8.4,8.4,8.25
sz300214,日科化学,2016-01-25,8.53,8.64,8.38,8.49,8.42,7348186.0,62676737.7,3438450000.0,3438450000.0,96790442.81,109900310.65,1297292087.31,1542318852.29,245026764.98,31772846.449999996,2853.43,2843.27,1340.7,1520.57,2073.54,1903.84,0.0,0.0,,,,,,,基础化工,化学制品,其他化学制品,8.53,8.55,8.6
sz300214,日科化学,2016-01-26,8.45,8.45,7.64,7.64,8.49,14096704.0,112399692.2,3094200000.0,3094200000.0,96790442.81,109900310.65,1297292087.31,1542318852.29,245026764.98,31772846.449999996,4361.46,3549.95,1675.3,3320.44,5203.2,3548.56,0.0,821.02,,,,,,,基础化工,化学制品,其他化学制品,8.39,8.33,8.34
sz300214,日科化学,2016-01-27,7.7,7.75,7.0,7.37,7.64,14103681.0,104135407.2,2984850000.0,2984850000.0,96790442.81,109900310.65,1297292087.31,1542318852.29,245026764.98,31772846.449999996,3906.25,3716.99,1686.44,2633.19,4354.49,3082.89,0.0,514.11,,,,,,,基础化工,化学制品,其他化学制品,7.64,7.71,7.61
sz300214,日科化学,2016-01-28,7.25,7.47,7.03,7.1,7.37,9804531.0,71180893.3,2875500000.0,2875500000.0,96790442.81,109900310.65,1297292087.31,1542318852.29,245026764.98,31772846.449999996,2846.04,3017.58,1117.72,1386.97,3072.52,2651.88,20.15,0.0,,,,,,,基础化工,化学制品,其他化学制品,7.27,7.38,7.36
sz300214,日科化学,2016-01-29,7.09,7.53,7.05,7.45,7.1,9319009.0,68354206.9,3017250000.0,3017250000.0,96790442.81,109900310.65,1297292087.31,1542318852.29,245026764.98,31772846.449999996,2619.45,2607.77,1488.11,911.63,2623.94,3188.92,103.89,127.07,,,,,,,基础化工,化学制品,其他化学制品,7.13,7.17,7.19
sz300214,日科化学,2016-02-01,7.47,7.85,7.33,7.55,7.45,12960954.0,98536833.8,3057750000.0,3057750000.0,96790442.81,109900310.65,1297292087.31,1542318852.29,245026764.98,31772846.449999996,3612.98,4091.98,2234.93,2561.01,3858.02,3200.69,147.74,0.0,,,,,,,基础化工,化学制品,其他化学制品,7.4,7.53,7.84
sz300214,日科化学,2016-02-02,7.55,7.88,7.51,7.79,7.55,9493322.0,73606702.6,3154950000.0,3154950000.0,96790442.81,109900310.65,1297292087.31,1542318852.29,245026764.98,31772846.449999996,2493.31,2416.7,1661.71,1284.77,3089.85,3439.92,115.79,219.27,,,,,,,基础化工,化学制品,其他化学制品,7.64,7.64,7.67
sz300214,日科化学,2016-02-03,7.66,7.86,7.53,7.77,7.79,6930855.0,53197768.7,3146850000.0,3146850000.0,96790442.81,109900310.65,1297292087.31,1542318852.29,245026764.98,31772846.449999996,1908.17,1899.08,719.79,1053.78,2691.81,2280.91,0.0,86.0,,,,,,,基础化工,化学制品,其他化学制品,7.67,7.67,7.56
sz300214,日科化学,2016-02-04,7.78,7.93,7.77,7.86,7.77,10660982.0,83696207.9,3183300000.0,3183300000.0,96790442.81,109900310.65,1297292087.31,1542318852.29,245026764.98,31772846.449999996,3350.1,2584.7,1483.35,1909.82,3536.15,3009.45,0.0,865.64,,,,,,,基础化工,化学制品,其他化学制品,7.85,7.82,7.83
sz300214,日科化学,2016-02-05,7.89,7.94,7.62,7.69,7.86,6269201.0,48939520.5,3114450000.0,3114450000.0,96790442.81,109900310.65,1297292087.31,1542318852.29,245026764.98,31772846.449999996,1872.04,1868.98,478.28,788.73,2543.63,2124.45,0.0,111.79,,,,,,,基础化工,化学制品,其他化学制品,7.93,7.86,7.85
sz300214,日科化学,2016-02-15,7.36,7.72,7.26,7.62,7.69,6911007.0,52020459.3,3086100000.0,3086100000.0,96790442.81,109900310.65,1297292087.31,1542318852.29,245026764.98,31772846.449999996,1938.69,2140.65,805.97,836.99,2457.38,2224.39,0.0,0.0,,,,,,,基础化工,化学制品,其他化学制品,7.35,7.43,7.44
sz300214,日科化学,2016-02-16,7.7,8.04,7.68,7.98,7.62,9164333.0,72317520.5,3231900000.0,3231900000.0,96790442.81,109900310.65,1297292087.31,1542318852.29,245026764.98,31772846.449999996,2669.56,2837.48,1442.5,961.47,3102.58,3348.71,17.1,84.08,,,,,,,基础化工,化学制品,其他化学制品,7.75,7.8,7.8
sz300214,日科化学,2016-02-17,8.0,8.08,7.85,8.07,7.98,10566777.0,84448125.7,3268350000.0,3268350000.0,96790442.81,109900310.65,1297292087.31,1542318852.29,245026764.98,31772846.449999996,3652.82,3324.79,1318.43,1662.01,3473.55,3458.01,0.0,0.0,,,,,,,基础化工,化学制品,其他化学制品,7.95,7.97,8.05
sz300214,日科化学,2016-02-18,8.13,8.24,7.97,7.98,8.07,9944868.0,80365914.5,3231900000.0,3231900000.0,96790442.81,109900310.65,1297292087.31,1542318852.29,245026764.98,31772846.449999996,3189.42,2995.83,1443.25,1805.37,3264.27,2994.74,139.64,240.64,,,,,,,基础化工,化学制品,其他化学制品,8.12,8.12,8.18
sz300214,日科化学,2016-02-19,7.95,8.15,7.94,8.09,7.98,8209553.0,66144028.2,3276450000.0,3276450000.0,96790442.81,109900310.65,1297292087.31,1542318852.29,245026764.98,31772846.449999996,2576.88,2841.67,2023.81,2154.35,1648.76,1617.41,363.98,0.0,,,,,,,基础化工,化学制品,其他化学制品,8.0,8.0,7.95
sz300214,日科化学,2016-02-22,8.15,8.3,8.13,8.26,8.09,9653131.0,79331324.4,3345300000.0,3345300000.0,96790442.81,109900310.65,1297292087.31,1542318852.29,245026764.98,31772846.449999996,3283.04,3216.84,2583.78,2325.48,1918.65,2003.11,122.1,362.15,,,,,,,基础化工,化学制品,其他化学制品,8.19,8.17,8.13
sz300214,日科化学,2016-02-23,8.3,8.33,8.02,8.15,8.26,9602200.0,78708069.3,3300750000.0,3300750000.0,96790442.81,109900310.65,1297292087.31,1542318852.29,245026764.98,31772846.449999996,3684.04,2838.69,1288.99,2993.15,2407.89,1475.83,486.24,559.5,,,,,,,基础化工,化学制品,其他化学制品,8.26,8.31,8.28
sz300214,日科化学,2016-02-24,8.1,8.19,7.91,8.19,8.15,10327978.0,83414946.1,3316950000.0,3316950000.0,96790442.81,109900310.65,1297292087.31,1542318852.29,245026764.98,31772846.449999996,3809.53,3572.62,1663.83,2699.75,2666.45,1903.98,196.65,160.11,,,,,,,基础化工,化学制品,其他化学制品,8.15,8.16,8.18
sz300214,日科化学,2016-02-25,8.16,8.17,7.37,7.4,8.19,12744629.0,98504209.2,2997000000.0,2997000000.0,96790442.81,109900310.65,1297292087.31,1542318852.29,245026764.98,31772846.449999996,4276.75,3834.88,1111.34,3554.96,4205.36,1916.07,245.69,533.23,,,,,,,基础化工,化学制品,其他化学制品,8.14,8.08,8.05
sz300214,日科化学,2016-02-26,7.5,7.59,7.25,7.45,7.4,9172473.0,68415392.6,3017250000.0,3017250000.0,96790442.81,109900310.65,1297292087.31,1542318852.29,245026764.98,31772846.449999996,2506.92,2371.15,1349.31,2273.51,2599.73,1750.43,385.56,446.44,,,,,,,基础化工,化学制品,其他化学制品,7.46,7.45,7.46
sz300214,日科化学,2016-02-29,7.42,7.46,6.86,6.99,7.45,9648776.0,67761443.5,2830950000.0,2830950000.0,96790442.81,109900310.65,1297292087.31,1542318852.29,245026764.98,31772846.449999996,2730.48,2384.3,993.79,2372.65,2903.39,1645.48,0.0,225.23,,,,,,,基础化工,化学制品,其他化学制品,7.45,7.08,7.06
sz300214,日科化学,2016-03-01,7.02,7.28,6.96,7.19,6.99,7907611.0,56144970.0,2911950000.0,2911950000.0,96790442.81,109900310.65,1297292087.31,1542318852.29,245026764.98,31772846.449999996,2481.83,2327.01,1196.72,970.3,1923.68,2162.71,10.43,152.65,,,,,,,基础化工,化学制品,其他化学制品,7.04,7.02,7.03
sz300214,日科化学,2016-03-02,7.18,7.64,7.17,7.63,7.19,10095707.0,74995024.4,3090150000.0,3090150000.0,96790442.81,109900310.65,1297292087.31,1542318852.29,245026764.98,31772846.449999996,2655.81,3003.16,2546.74,1382.87,1829.22,2983.78,459.84,121.8,,,,,,,基础化工,化学制品,其他化学制品,7.21,7.22,7.27
sz300214,日科化学,2016-03-03,7.58,7.75,7.54,7.56,7.63,9080102.0,69403942.3,3061800000.0,3061800000.0,96790442.81,109900310.65,1297292087.31,1542318852.29,245026764.98,31772846.449999996,2728.36,2828.36,1636.56,1929.5,2569.51,1935.93,0.0,240.64,,,,,,,基础化工,化学制品,其他化学制品,7.66,7.66,7.65
sz300214,日科化学,2016-03-04,7.56,7.63,7.12,7.29,7.56,9907574.0,73138730.4,2952450000.0,2952450000.0,96790442.81,109900310.65,1297292087.31,1542318852.29,245026764.98,31772846.449999996,2904.91,3133.31,1374.67,1914.89,2894.42,2254.04,128.25,0.0,,,,,,,基础化工,化学制品,其他化学制品,,7.56,7.56
sz300214,日科化学,2016-03-07,7.38,7.62,7.37,7.44,7.29,11590256.0,86635241.6,3013200000.0,3013200000.0,96790442.81,109900310.65,1297292087.31,1542318852.29,245026764.98,31772846.449999996,3633.86,3331.39,2147.5,2936.39,2728.8,2149.72,151.86,244.52,,,,,,,基础化工,化学制品,其他化学制品,7.43,7.48,7.55
sz300214,日科化学,2016-03-08,7.43,7.54,7.03,7.52,7.44,10207041.0,74389268.6,3045600000.0,3045600000.0,96790442.81,109900310.65,1297292087.31,1542318852.29,245026764.98,31772846.449999996,2846.28,2812.06,1359.33,1664.56,2981.8,2697.92,241.67,254.54,,,,,,,基础化工,化学制品,其他化学制品,7.38,7.12,7.18
sz300214,日科化学,2016-03-09,7.37,7.43,7.23,7.33,7.52,6595802.0,48391836.9,2968650000.0,2968650000.0,96790442.81,109900310.65,1297292087.31,1542318852.29,245026764.98,31772846.449999996,1890.61,2168.12,487.36,1063.71,2441.11,1419.34,0.0,167.92,,,,,,,基础化工,化学制品,其他化学制品,7.32,7.36,7.36
sz300214,日科化学,2016-03-10,7.33,7.44,7.24,7.27,7.33,5402901.0,39616018.4,2944350000.0,2944350000.0,96790442.81,109900310.65,1297292087.31,1542318852.29,245026764.98,31772846.449999996,1502.13,1691.95,816.63,596.99,1505.25,1560.36,134.95,109.66,,,,,,,基础化工,化学制品,其他化学制品,7.35,7.35,7.34
sz300214,日科化学,2016-03-11,7.23,7.34,7.18,7.29,7.27,4770922.0,34672875.2,2952450000.0,2952450000.0,96790442.81,109900310.65,1297292087.31,1542318852.29,245026764.98,31772846.449999996,1359.24,1502.07,818.48,926.88,1288.11,1036.87,0.0,0.0,,,,,,,基础化工,化学制品,其他化学制品,7.25,7.26,7.24
sz300214,日科化学,2016-03-14,7.36,7.69,7.36,7.56,7.29,9485169.0,71799251.0,3061800000.0,3061800000.0,96790442.81,109900310.65,1297292087.31,1542318852.29,245026764.98,31772846.449999996,2421.45,2960.8,2278.64,1251.87,2198.15,2748.15,281.29,218.71,,,,,,,基础化工,化学制品,其他化学制品,7.44,7.45,7.48
sz300214,日科化学,2016-03-15,7.54,7.61,7.45,7.56,7.56,5896590.0,44452055.4,3061800000.0,3061800000.0,96790442.81,109900310.65,1297292087.31,1542318852.29,245026764.98,31772846.449999996,1920.1,1793.31,607.86,1129.76,1699.44,1275.39,214.34,243.28,,,,,,,基础化工,化学制品,其他化学制品,7.57,7.58,7.56
sz300214,日科化学,2016-03-16,7.68,7.73,7.42,7.47,7.56,6374600.0,48262048.5,3025350000.0,3025350000.0,96790442.81,109900310.65,1297292087.31,1542318852.29,245026764.98,31772846.449999996,1781.87,2020.19,1073.97,923.86,1954.25,1679.6,0.0,186.44,,,,,,,基础化工,化学制品,其他化学制品,7.67,7.64,7.66
sz300214,日科化学,2016-03-17,7.52,7.86,7.5,7.8,7.47,10686765.0,82325483.0,3159000000.0,3159000000.0,96790442.81,109900310.65,1297292087.31,1542318852.29,245026764.98,31772846.449999996,3061.51,3391.46,2231.81,1577.36,2441.08,3148.3,495.84,113.12,,,,,,,基础化工,化学制品,其他化学制品,7.58,7.6,7.61
sz300214,日科化学,2016-03-18,7.81,8.09,7.77,8.04,7.8,11815273.0,94412917.0,3256200000.0,3256200000.0,96790442.81,109900310.65,1297292087.31,1542318852.29,245026764.98,31772846.449999996,3438.43,3642.57,2987.44,2802.32,2893.31,2848.41,120.9,146.77,,,,,,,基础化工,化学制品,其他化学制品,7.89,7.87,7.94
sz300214,日科化学,2016-03-21,8.13,8.21,8.05,8.19,8.04,10898900.0,88594047.9,3316950000.0,3316950000.0,96790442.81,109900310.65,1297292087.31,1542318852.29,245026764.98,31772846.449999996,3124.74,3227.5,1763.31,1808.32,1736.59,1816.19,368.65,141.27,,,,,,,基础化工,化学制品,其他化学制品,8.13,8.08,8.14
sz300214,日科化学,2016-03-22,8.13,8.24,8.08,8.13,8.19,7396210.0,60279038.4,3292650000.0,3292650000.0,96790442.81,109900310.65,1297292087.31,1542318852.29,245026764.98,31772846.449999996,2502.74,2974.19,1768.31,1572.51,1729.2,1376.23,25.51,102.84,,,,,,,基础化工,化学制品,其他化学制品,8.13,8.13,8.11
sz300214,日科化学,2016-03-23,8.14,8.26,8.05,8.21,8.13,9427465.0,76824123.9,3325050000.0,3325050000.0,96790442.81,109900310.65,1297292087.31,1542318852.29,245026764.98,31772846.449999996,3384.5,2597.6,1892.46,3412.77,2025.98,1379.86,378.15,290.86,,,,,,,基础化工,化学制品,其他化学制品,8.19,8.23,8.17
sz300214,日科化学,2016-03-24,8.17,8.2,8.01,8.02,8.21,9694837.0,78546987.4,3248100000.0,3248100000.0,96790442.81,109900310.65,1297292087.31,1542318852.29,245026764.98,31772846.449999996,3491.39,3046.32,1590.23,2137.29,2342.76,1612.26,418.34,1046.85,,,,,,,基础化工,化学制品,其他化学制品,8.09,8.09,8.09
sz300214,日科化学,2016-03-25,8.01,8.13,8.0,8.12,8.02,6601885.0,53263486.5,3288600000.0,3288600000.0,96790442.81,109900310.65,1297292087.31,1542318852.29,245026764.98,31772846.449999996,1244.6,1181.97,365.37,391.4,493.95,530.55,0.0,0.0,,,,,,,基础化工,化学制品,其他化学制品,8.06,8.05,8.04
sz300214,日科化学,2016-03-28,8.14,8.28,8.12,8.12,8.12,9421071.0,77275162.5,3288600000.0,3288600000.0,96790442.81,109900310.65,1297292087.31,1542318852.29,245026764.98,31772846.449999996,2761.25,3560.63,1436.14,1480.13,3105.74,2081.27,227.09,408.18,,,,,,,基础化工,化学制品,其他化学制品,8.15,8.24,8.23
sz300214,日科化学,2016-03-29,8.13,8.16,7.91,8.0,8.12,7275882.0,58415613.3,3240000000.0,3240000000.0,96790442.81,109900310.65,1297292087.31,1542318852.29,245026764.98,31772846.449999996,2318.34,2152.46,1252.02,1689.69,1957.99,1674.29,125.35,137.25,,,,,,,基础化工,化学制品,其他化学制品,8.13,8.06,8.1
sz300214,日科化学,2016-03-30,8.06,8.45,8.06,8.44,8.0,10942629.0,90605905.3,3418200000.0,3418200000.0,96790442.81,109900310.65,1297292087.31,1542318852.29,245026764.98,31772846.449999996,3718.31,4138.22,2627.07,1584.48,2073.0,3313.59,617.91,0.0,,,,,,,基础化工,化学制品,其他化学制品,8.12,8.12,8.16
sz300214,日科化学,2016-03-31,8.26,8.32,8.05,8.13,8.44,25036494.0,205255827.6,3292650000.0,3292650000.0,107218366.65,206721643.53,1319432901.48,1551392244.31,231959342.83,25677103.96000001,8317.82,6734.99,5382.17,8659.55,6521.94,2656.92,288.0,2458.47,,,,,,,基础化工,化学制品,其他化学制品,8.25,8.2,8.23
sz300214,日科化学,2016-04-01,8.06,8.07,7.82,8.01,8.13,12897651.0,102272461.9,3244050000.0,3244050000.0,107218366.65,206721643.53,1319432901.48,1551392244.31,231959342.83,25677103.96000001,3396.28,3775.04,1318.59,2616.01,4055.37,1979.99,0.0,399.21,,,,,,,基础化工,化学制品,其他化学制品,8.04,8.0,7.97
sz300214,日科化学,2016-04-05,7.96,8.19,7.9,8.15,8.01,14640090.0,118341673.6,3300750000.0,3300750000.0,107218366.65,206721643.53,1319432901.48,1551392244.31,231959342.83,25677103.96000001,5237.17,3966.55,2786.71,2658.43,3483.29,4947.59,309.59,244.2,,,,,,,基础化工,化学制品,其他化学制品,8.01,7.96,7.93
sz300214,日科化学,2016-04-06,8.13,8.25,8.09,8.2,8.15,11849803.0,97014921.9,3321000000.0,3321000000.0,107218366.65,206721643.53,1319432901.48,1551392244.31,231959342.83,25677103.96000001,4625.92,4683.42,2547.65,2165.28,2358.56,2847.36,163.93,0.0,,,,,,,基础化工,化学制品,其他化学制品,8.14,8.18,8.23
sz300214,日科化学,2016-04-07,8.2,8.24,8.03,8.04,8.2,10178175.0,82638001.1,3256200000.0,3256200000.0,107218366.65,206721643.53,1319432901.48,1551392244.31,231959342.83,25677103.96000001,3791.27,3802.1,1679.56,2347.46,2450.87,1918.9,308.07,161.31,,,,,,,基础化工,化学制品,其他化学制品,8.22,8.2,8.17
sz300214,日科化学,2016-04-08,8.02,8.02,7.77,7.88,8.04,10279381.0,81276914.7,3191400000.0,3191400000.0,107218366.65,206721643.53,1319432901.48,1551392244.31,231959342.83,25677103.96000001,3009.35,2839.45,1622.66,2218.36,3322.52,1964.64,165.68,1097.74,,,,,,,基础化工,化学制品,其他化学制品,7.98,7.96,7.95
sz300214,日科化学,2016-04-11,7.92,8.13,7.92,8.11,7.88,11766302.0,94856572.2,3284550000.0,3284550000.0,107218366.65,206721643.53,1319432901.48,1551392244.31,231959342.83,25677103.96000001,3584.03,4683.78,2859.01,1858.41,2903.24,2583.39,126.33,347.03,,,,,,,基础化工,化学制品,其他化学制品,7.97,7.98,8.02
sz300214,日科化学,2016-04-12,8.05,8.11,7.96,8.07,8.11,7862071.0,63108729.9,3268350000.0,3268350000.0,107218366.65,206721643.53,1319432901.48,1551392244.31,231959342.83,25677103.96000001,2242.11,2406.88,1663.05,1914.9,2322.22,1563.29,79.86,422.17,,,,,,,基础化工,化学制品,其他化学制品,8.07,8.08,8.05
sz300214,日科化学,2016-04-13,8.1,8.26,8.1,8.15,8.07,14346944.0,117668095.6,3300750000.0,3300750000.0,107218366.65,206721643.53,1319432901.48,1551392244.31,231959342.83,25677103.96000001,4946.06,4157.1,3393.83,3674.01,2816.65,3098.66,594.71,821.47,,,,,,,基础化工,化学制品,其他化学制品,8.15,8.13,8.2
sz300214,日科化学,2016-04-14,8.22,8.28,8.17,8.25,8.15,10097334.0,83045903.7,3341250000.0,3341250000.0,107218366.65,206721643.53,1319432901.48,1551392244.31,231959342.83,25677103.96000001,3628.3,3729.96,2528.27,2057.65,1915.59,1956.41,230.69,558.83,,,,,,,基础化工,化学制品,其他化学制品,8.2,8.2,8.19
sz300214,日科化学,2016-04-15,8.25,8.46,8.22,8.37,8.25,13945871.0,116356912.6,3389850000.0,3389850000.0,107218366.65,206721643.53,1319432901.48,1551392244.31,231959342.83,25677103.96000001,4909.22,5074.96,3617.92,3049.91,2440.05,3371.21,640.25,111.37,,,,,,,基础化工,化学制品,其他化学制品,8.27,8.29,8.26
sz300214,日科化学,2016-04-18,8.29,8.31,8.13,8.18,8.37,8377349.0,68524330.0,3312900000.0,3312900000.0,107218366.65,206721643.53,1319432901.48,1551392244.31,231959342.83,25677103.96000001,3277.32,2957.52,985.1,1967.57,2302.91,1362.11,285.85,563.98,,,,,,,基础化工,化学制品,其他化学制品,8.24,8.2,8.21
sz300214,日科化学,2016-04-19,8.22,8.28,8.09,8.19,8.18,6788432.0,55473382.5,3316950000.0,3316950000.0,107218366.65,206721643.53,1319432901.48,1551392244.31,231959342.83,25677103.96000001,2684.42,2537.36,955.78,1689.64,1905.56,1318.76,0.0,0.0,,,,,,,基础化工,化学制品,其他化学制品,8.26,8.24,8.24
sz300214,日科化学,2016-04-20,8.19,8.22,7.48,7.65,8.19,15878027.0,124070552.4,3098250000.0,3098250000.0,107218366.65,206721643.53,1319432901.48,1551392244.31,231959342.83,25677103.96000001,5225.45,4382.42,1800.1,3422.8,4202.81,2846.79,376.05,952.41,,,,,,,基础化工,化学制品,其他化学制品,8.2,8.19,8.17
sz300214,日科化学,2016-04-21,7.65,7.85,7.56,7.65,7.65,9236658.0,71368628.8,3098250000.0,3098250000.0,107218366.65,206721643.53,1319432901.48,1551392244.31,231959342.83,25677103.96000001,1774.58,1949.18,1321.22,1148.49,1608.31,1867.97,570.36,308.82,,,,,,,基础化工,化学制品,其他化学制品,7.66,7.65,7.68
sz300214,日科化学,2016-04-22,7.7,7.77,7.61,7.76,7.65,6314820.0,48654961.8,3142800000.0,3142800000.0,107218366.65,206721643.53,1319432901.48,1551392244.31,231959342.83,25677103.96000001,2034.87,1939.98,674.15,1114.28,1843.45,1545.78,300.74,253.16,,,,,,,基础化工,化学制品,其他化学制品,7.68,7.73,7.71
sz300214,日科化学,2016-04-25,7.72,7.73,7.51,7.7,7.76,6670643.0,51000352.7,3118500000.0,3118500000.0,107218366.65,206721643.53,1319432901.48,1551392244.31,231959342.83,25677103.96000001,2094.98,1720.35,601.85,768.91,2280.3,2048.0,122.88,562.75,,,,,,,基础化工,化学制品,其他化学制品,7.68,7.64,7.64
sz300214,日科化学,2016-04-26,7.67,7.87,7.67,7.87,7.7,5340781.0,41437535.6,3187350000.0,3187350000.0,107218366.65,206721643.53,1319432901.48,1551392244.31,231959342.83,25677103.96000001,1954.9,1725.5,531.03,406.03,1556.67,2012.21,101.14,0.0,,,,,,,基础化工,化学制品,其他化学制品,7.71,7.76,7.75
sz300214,日科化学,2016-04-27,7.96,8.08,7.86,7.9,7.87,7680448.0,61320988.3,3199500000.0,3199500000.0,99679665.62,280203611.23,1336114894.1000001,1550960217.41,214845323.31,16681992.62,2015.39,2700.08,1299.27,1386.58,2124.71,2045.42,692.71,0.0,,,,,,,基础化工,化学制品,其他化学制品,7.94,8.0,8.0
sz300214,日科化学,2016-04-28,7.9,7.99,7.69,7.88,7.9,5957012.0,46736679.4,3191400000.0,3191400000.0,99679665.62,280203611.23,1336114894.1000001,1550960217.41,214845323.31,16681992.62,1584.24,2031.94,909.63,1052.62,2179.79,1589.1,0.0,0.0,,,,,,,基础化工,化学制品,其他化学制品,7.88,7.88,7.94
sz300214,日科化学,2016-04-29,7.8,7.91,7.78,7.83,7.88,4006351.0,31426901.9,3171150000.0,3171150000.0,99679665.62,280203611.23,1336114894.1000001,1550960217.41,214845323.31,16681992.62,1243.61,1440.44,440.35,747.08,1357.68,918.74,101.05,36.43,,,,,,,基础化工,化学制品,其他化学制品,7.83,7.82,7.86
sz300214,日科化学,2016-05-03,7.85,8.07,7.72,8.07,7.83,8205923.0,65401027.7,3268350000.0,3268350000.0,99679665.62,280203611.23,1336114894.1000001,1550960217.41,214845323.31,16681992.62,2096.44,1912.1,1113.19,533.09,1626.15,2499.63,109.03,0.0,,,,,,,基础化工,化学制品,其他化学制品,7.85,7.8,7.84
sz300214,日科化学,2016-05-04,8.04,8.18,8.02,8.14,8.07,8562201.0,69383874.1,3296700000.0,3296700000.0,99679665.62,280203611.23,1336114894.1000001,1550960217.41,214845323.31,16681992.62,2789.9,3320.53,2375.56,1549.04,1634.39,2068.8,138.52,0.0,,,,,,,基础化工,化学制品,其他化学制品,8.08,8.1,8.11
sz300214,日科化学,2016-05-05,8.09,8.21,8.09,8.18,8.14,6401937.0,52283770.7,3312900000.0,3312900000.0,99679665.62,280203611.23,1336114894.1000001,1550960217.41,214845323.31,16681992.62,2307.13,2846.11,1594.37,1080.93,1220.28,1301.33,106.58,0.0,,,,,,,基础化工,化学制品,其他化学制品,8.15,8.17,8.2
sz300214,日科化学,2016-05-06,8.2,8.21,7.77,7.8,8.18,9309081.0,73968507.4,3159000000.0,3159000000.0,99679665.62,280203611.23,1336114894.1000001,1550960217.41,214845323.31,16681992.62,3175.9,2922.56,1104.18,1704.06,3072.55,2637.24,44.19,132.96,,,,,,,基础化工,化学制品,其他化学制品,8.18,8.19,8.19
sz300214,日科化学,2016-05-09,7.76,7.76,7.39,7.46,7.8,7634696.0,57558651.4,3021300000.0,3021300000.0,99679665.62,280203611.23,1336114894.1000001,1550960217.41,214845323.31,16681992.62,1828.37,2192.87,1021.99,1115.5,2507.22,1669.03,107.28,487.46,,,,,,,基础化工,化学制品,其他化学制品,7.71,7.65,7.62
sz300214,日科化学,2016-05-10,7.45,7.52,7.35,7.4,7.46,4778093.0,35532748.9,2997000000.0,2997000000.0,99679665.62,280203611.23,1336114894.1000001,1550960217.41,214845323.31,16681992.62,1424.2,1266.42,464.66,1217.78,1557.65,842.42,106.76,226.64,,,,,,,基础化工,化学制品,其他化学制品,7.5,7.49,7.5
sz300214,日科化学,2016-05-11,7.47,7.5,7.3,7.33,7.4,3922659.0,28981438.6,2968650000.0,2968650000.0,99679665.62,280203611.23,1336114894.1000001,1550960217.41,214845323.31,16681992.62,1046.5,1333.51,530.28,364.65,1317.04,1115.2,4.31,84.78,,,,,,,基础化工,化学制品,其他化学制品,7.46,7.43,7.42
sz300214,日科化学,2016-05-12,7.25,7.25,7.08,7.18,7.33,5740734.0,41050224.9,2907900000.0,2907900000.0,99679665.62,280203611.23,1336114894.1000001,1550960217.41,214845323.31,16681992.62,1774.73,1345.8,508.86,943.71,1621.92,960.09,199.51,855.42,,,,,,,基础化工,化学制品,其他化学制品,7.15,7.16,7.16
sz300214,日科化学,2016-05-13,7.18,7.27,7.06,7.12,7.18,5740168.0,41113181.4,2883600000.0,2883600000.0,99679665.62,280203611.23,1336114894.1000001,1550960217.41,214845323.31,16681992.62,1668.44,1518.55,841.36,1446.9,1563.04,1145.86,38.47,0.0,,,,,,,基础化工,化学制品,其他化学制品,7.17,7.21,7.25
sz300214,日科化学,2016-05-16,7.12,7.22,7.02,7.22,7.12,5210824.0,37260719.3,2924100000.0,2924100000.0,99679665.62,280203611.23,1336114894.1000001,1550960217.41,214845323.31,16681992.62,1580.75,1595.19,758.13,584.09,1387.18,1546.78,0.0,0.0,,,,,,,基础化工,化学制品,其他化学制品,7.14,7.14,7.02
sz300214,日科化学,2016-05-17,7.2,7.31,7.13,7.21,7.22,5874873.0,42345267.6,2920050000.0,2920050000.0,99679665.62,280203611.23,1336114894.1000001,1550960217.41,214845323.31,16681992.62,1649.22,1951.76,880.37,623.8,1640.95,1541.56,63.97,117.4,,,,,,,基础化工,化学制品,其他化学制品,7.2,7.22,7.23
sz300214,日科化学,2016-05-18,7.15,7.16,6.9,6.93,7.21,7953265.0,55623661.0,2806650000.0,2806650000.0,99679665.62,280203611.23,1336114894.1000001,1550960217.41,214845323.31,16681992.62,2339.8,1834.47,1023.98,1476.59,2198.58,2104.27,0.0,147.03,,,,,,,基础化工,化学制品,其他化学制品,7.1,7.06,7.07
sz300214,日科化学,2016-05-19,6.94,7.08,6.93,6.95,6.93,5777574.0,40511044.9,2814750000.0,2814750000.0,99679665.62,280203611.23,1336114894.1000001,1550960217.41,214845323.31,16681992.62,1496.61,1485.43,922.59,1202.51,1561.69,1215.73,70.2,147.42,,,,,,,基础化工,化学制品,其他化学制品,6.96,7.01,6.98
sz300214,日科化学,2016-05-20,6.92,7.06,6.87,7.05,6.95,4157493.0,29050138.2,2855250000.0,2855250000.0,99679665.62,280203611.23,1336114894.1000001,1550960217.41,214845323.31,16681992.62,1175.0,1300.14,457.06,350.45,1187.39,1254.42,85.55,0.0,,,,,,,基础化工,化学制品,其他化学制品,6.9,6.91,6.92
sz300214,日科化学,2016-05-23,7.05,7.15,7.04,7.13,7.05,3811427.0,27092454.9,2887650000.0,2887650000.0,99679665.62,280203611.23,1336114894.1000001,1550960217.41,214845323.31,16681992.62,1064.29,1007.67,477.22,542.18,1167.73,1055.79,0.0,103.6,,,,,,,基础化工,化学制品,其他化学制品,7.09,7.09,7.12
sz300214,日科化学,2016-05-24,7.14,7.14,7.0,7.07,7.13,4196747.0,29633924.1,2863350000.0,2863350000.0,99679665.62,280203611.23,1336114894.1000001,1550960217.41,214845323.31,16681992.62,1109.33,1033.82,869.65,788.13,984.41,1141.44,0.0,0.0,,,,,,,基础化工,化学制品,其他化学制品,7.08,7.1,7.08
sz300214,日科化学,2016-05-25,7.11,7.17,7.05,7.08,7.07,4204401.0,29915062.0,2867400000.0,2867400000.0,99679665.62,280203611.23,1336114894.1000001,1550960217.41,214845323.31,16681992.62,1347.82,1032.35,739.54,808.86,904.14,1061.56,0.0,88.73,,,,,,,基础化工,化学制品,其他化学制品,7.13,7.13,7.15
sz300214,日科化学,2016-05-26,7.08,7.13,6.91,7.13,7.08,5003439.0,35238679.4,2887650000.0,2887650000.0,99679665.62,280203611.23,1336114894.1000001,1550960217.41,214845323.31,16681992.62,1368.93,1346.85,917.55,858.79,1107.55,1318.22,129.83,0.0,,,,,,,基础化工,化学制品,其他化学制品,7.07,7.11,7.08
sz300214,日科化学,2016-05-27,7.09,7.17,7.07,7.11,7.13,3676458.0,26173707.9,2879550000.0,2879550000.0,99679665.62,280203611.23,1336114894.1000001,1550960217.41,214845323.31,16681992.62,891.21,1228.09,388.3,594.73,1175.84,794.55,162.03,0.0,,,,,,,基础化工,化学制品,其他化学制品,7.08,7.11,7.09
sz300214,日科化学,2016-05-30,7.11,7.18,7.01,7.12,7.11,4757394.0,33831460.5,2883600000.0,2883600000.0,99679665.62,280203611.23,1336114894.1000001,1550960217.41,214845323.31,16681992.62,1191.79,1419.42,739.69,919.86,1451.66,1043.86,0.0,0.0,,,,,,,基础化工,化学制品,其他化学制品,7.05,7.04,7.07
sz300214,日科化学,2016-05-31,7.11,7.44,7.1,7.42,7.12,7712195.0,56396167.5,3005100000.0,3005100000.0,99679665.62,280203611.23,1336114894.1000001,1550960217.41,214845323.31,16681992.62,1919.09,2283.01,1673.99,1061.33,1910.94,2295.26,135.58,0.0,,,,,,,基础化工,化学制品,其他化学制品,7.15,7.19,7.27
sz300214,日科化学,2016-06-01,7.43,7.56,7.38,7.45,7.42,9130643.0,68045316.5,3017250000.0,3017250000.0,99679665.62,280203611.23,1336114894.1000001,1550960217.41,214845323.31,16681992.62,3274.76,3349.0,848.26,1286.61,2681.48,2057.97,0.0,110.91,,,,,,,基础化工,化学制品,其他化学制品,7.44,7.41,7.45
sz300214,日科化学,2016-06-02,7.45,7.56,7.42,7.5,7.45,5967028.0,44719778.1,3037500000.0,3037500000.0,99679665.62,280203611.23,1336114894.1000001,1550960217.41,214845323.31,16681992.62,1732.47,1745.7,747.96,1037.4,1820.46,1688.86,171.07,0.0,,,,,,,基础化工,化学制品,其他化学制品,7.49,7.49,7.49
sz300214,日科化学,2016-06-03,7.5,7.58,7.46,7.54,7.5,5365117.0,40324941.2,3053700000.0,3053700000.0,99679665.62,280203611.23,1336114894.1000001,1550960217.41,214845323.31,16681992.62,1304.4,1640.42,1036.76,710.9,1577.63,1580.89,113.7,100.28,,,,,,,基础化工,化学制品,其他化学制品,7.48,7.49,7.49
sz300214,日科化学,2016-06-06,7.56,7.59,7.51,7.55,7.54,4467981.0,33735424.8,3057750000.0,3057750000.0,99679665.62,280203611.23,1336114894.1000001,1550960217.41,214845323.31,16681992.62,1215.12,1327.1,856.32,807.23,1274.33,1134.48,27.75,104.72,,,,,,,基础化工,化学制品,其他化学制品,7.58,7.57,7.52
sz300214,日科化学,2016-06-07,7.58,7.58,7.42,7.52,7.55,4978589.0,37287277.0,3045600000.0,3045600000.0,99679665.62,280203611.23,1336114894.1000001,1550960217.41,214845323.31,16681992.62,1427.15,1294.75,910.14,1022.03,1391.24,1411.76,0.0,0.0,,,,,,,基础化工,化学制品,其他化学制品,7.53,7.52,7.52
sz300214,日科化学,2016-06-08,7.46,7.56,7.44,7.53,7.52,5708492.0,42874576.1,3049650000.0,3049650000.0,99679665.62,280203611.23,1336114894.1000001,1550960217.41,214845323.31,16681992.62,1842.21,1598.96,760.63,793.82,1684.53,1894.58,0.0,0.0,,,,,,,基础化工,化学制品,其他化学制品,7.47,7.51,7.47
sz300214,日科化学,2016-06-13,7.44,7.49,7.1,7.1,7.53,7718958.0,56909666.1,2875500000.0,2875500000.0,99679665.62,280203611.23,1336114894.1000001,1550960217.41,214845323.31,16681992.62,2146.18,1964.5,1119.74,1953.9,2339.96,1570.63,0.0,116.85,,,,,,,基础化工,化学制品,其他化学制品,7.41,7.42,7.41
sz300214,日科化学,2016-06-14,7.08,7.17,7.04,7.12,7.1,6580241.0,46750753.8,2883600000.0,2883600000.0,99679665.62,280203611.23,1336114894.1000001,1550960217.41,214845323.31,16681992.62,1536.59,1452.25,1105.84,615.04,1853.55,2025.69,178.98,581.97,,,,,,,基础化工,化学制品,其他化学制品,7.1,7.09,7.15
sz300214,日科化学,2016-06-15,7.09,7.48,7.05,7.38,7.12,6147478.0,44908699.2,2988900000.0,2988900000.0,99679665.62,280203611.23,1336114894.1000001,1550960217.41,214845323.31,16681992.62,1466.65,1678.83,1298.46,982.97,1497.17,1829.07,228.58,0.0,,,,,,,基础化工,化学制品,其他化学制品,7.09,7.12,7.16
sz300214,日科化学,2016-06-16,7.39,7.44,7.31,7.32,7.38,5350530.0,39356827.5,2964600000.0,2964600000.0,99679665.62,280203611.23,1336114894.1000001,1550960217.41,214845323.31,16681992.62,1668.15,1242.05,885.24,1061.96,1382.26,1631.65,0.0,0.0,,,,,,,基础化工,化学制品,其他化学制品,7.42,7.4,7.38
sz300214,日科化学,2016-06-17,7.25,7.43,7.24,7.34,7.22,4994637.0,36713633.8,2972700000.0,2972700000.0,99679665.62,280203611.23,1336114894.1000001,1550960217.41,214845323.31,16681992.62,1414.66,1446.53,827.55,800.13,1304.82,1424.69,124.32,0.0,,,,,,,基础化工,化学制品,其他化学制品,7.27,7.32,7.34
sz300214,日科化学,2016-06-20,7.34,7.41,7.25,7.38,7.34,5422052.0,39733142.7,2988900000.0,2988900000.0,99679665.62,280203611.23,1336114894.1000001,1550960217.41,214845323.31,16681992.62,1713.56,1906.42,734.41,911.78,1424.37,1150.16,100.96,4.95,,,,,,,基础化工,化学制品,其他化学制品,7.33,7.36,7.35
sz300214,日科化学,2016-06-21,7.43,7.55,7.31,7.33,7.38,6438909.0,47945391.8,2968650000.0,2968650000.0,99679665.62,280203611.23,1336114894.1000001,1550960217.41,214845323.31,16681992.62,2272.32,2046.28,576.99,620.63,1945.2,1894.7,0.0,232.9,,,,,,,基础化工,化学制品,其他化学制品,7.41,7.44,7.47
sz300214,日科化学,2016-06-22,7.29,7.55,7.28,7.53,7.33,6791782.0,50654004.6,3049650000.0,3049650000.0,99679665.62,280203611.23,1336114894.1000001,1550960217.41,214845323.31,16681992.62,1660.94,2261.18,1826.09,1083.42,1380.78,1720.79,197.59,0.0,,,,,,,基础化工,化学制品,其他化学制品,7.34,7.38,7.38
sz300214,日科化学,2016-06-23,7.49,7.6,7.41,7.48,7.53,5413592.0,40641977.6,3029400000.0,3029400000.0,99679665.62,280203611.23,1336114894.1000001,1550960217.41,214845323.31,16681992.62,1746.95,1621.21,898.74,1092.77,1418.5,1335.43,0.0,14.77,,,,,,,基础化工,化学制品,其他化学制品,7.52,7.53,7.52
sz300214,日科化学,2016-06-24,7.5,7.58,7.2,7.42,7.48,7107047.0,52755006.0,3005100000.0,3005100000.0,99679665.62,280203611.23,1336114894.1000001,1550960217.41,214845323.31,16681992.62,1884.02,2489.32,1150.14,794.58,2241.34,1807.7,0.0,183.9,,,,,,,基础化工,化学制品,其他化学制品,7.49,7.53,7.54
sz300214,日科化学,2016-06-27,7.38,7.65,7.35,7.65,7.42,7759128.0,58765724.4,3098250000.0,3098250000.0,99679665.62,280203611.23,1336114894.1000001,1550960217.41,214845323.31,16681992.62,1851.56,1889.4,2163.92,1142.2,1605.6,2844.96,255.48,0.0,,,,,,,基础化工,化学制品,其他化学制品,7.45,7.47,7.5
sz300214,日科化学,2016-06-28,7.6,7.74,7.57,7.69,7.65,7875282.0,60229155.9,3114450000.0,3114450000.0,99679665.62,280203611.23,1336114894.1000001,1550960217.41,214845323.31,16681992.62,2379.66,2311.92,1648.83,1588.21,1934.44,1896.98,59.97,225.8,,,,,,,基础化工,化学制品,其他化学制品,7.62,7.63,7.63
sz300214,日科化学,2016-06-29,7.7,7.77,7.68,7.7,7.69,6645554.0,51284103.4,3118500000.0,3118500000.0,99679665.62,280203611.23,1336114894.1000001,1550960217.41,214845323.31,16681992.62,1966.06,2158.85,1607.27,1461.27,1555.07,1508.28,0.0,0.0,,,,,,,基础化工,化学制品,其他化学制品,7.69,7.7,7.74
sz300214,日科化学,2016-06-30,7.75,7.76,7.65,7.7,7.7,5684644.0,43787441.3,3118500000.0,3118500000.0,99679665.62,280203611.23,1336114894.1000001,1550960217.41,214845323.31,16681992.62,1573.52,1772.06,1371.83,729.06,1266.73,1324.78,166.66,552.83,,,,,,,基础化工,化学制品,其他化学制品,7.74,7.71,7.71
sz300214,日科化学,2016-07-01,7.7,7.82,7.66,7.71,7.7,6040800.0,46712418.6,3122550000.0,3122550000.0,99679665.62,280203611.23,1336114894.1000001,1550960217.41,214845323.31,16681992.62,1980.27,1972.95,1256.71,986.09,1434.26,1232.59,0.0,479.61,,,,,,,基础化工,化学制品,其他化学制品,7.72,7.79,7.78
sz300214,日科化学,2016-07-04,7.71,7.85,7.67,7.85,7.71,7257238.0,56521379.2,3179250000.0,3179250000.0,99679665.62,280203611.23,1336114894.1000001,1550960217.41,214845323.31,16681992.62,2645.05,2111.42,873.0,1297.27,1900.0,2243.45,234.08,0.0,,,,,,,基础化工,化学制品,其他化学制品,7.71,7.71,7.71
sz300214,日科化学,2016-07-05,7.85,7.88,7.72,7.81,7.85,7850136.0,61189377.9,3163050000.0,3163050000.0,99679665.62,280203611.23,1336114894.1000001,1550960217.41,214845323.31,16681992.62,2586.79,2303.38,1259.61,1617.04,2124.18,1705.14,148.35,493.37,,,,,,,基础化工,化学制品,其他化学制品,7.86,7.85,7.81
sz300214,日科化学,2016-07-06,7.78,7.83,7.72,7.8,7.81,5968845.0,46438188.2,3159000000.0,3159000000.0,99679665.62,280203611.23,1336114894.1000001,1550960217.41,214845323.31,16681992.62,2152.14,1846.0,929.97,1384.15,1561.7,1413.65,0.0,0.0,,,,,,,基础化工,化学制品,其他化学制品,7.81,7.76,7.76
sz300214,日科化学,2016-07-07,7.8,7.85,7.71,7.81,7.8,6883863.0,53536404.3,3163050000.0,3163050000.0,99679665.62,280203611.23,1336114894.1000001,1550960217.41,214845323.31,16681992.62,2038.77,2325.07,1570.96,1081.09,1596.07,1833.4,147.82,114.07,,,,,,,基础化工,化学制品,其他化学制品,7.82,7.8,7.79
sz300214,日科化学,2016-07-08,7.8,7.95,7.77,7.92,7.81,9390589.0,74012056.1,3207600000.0,3207600000.0,99679665.62,280203611.23,1336114894.1000001,1550960217.41,214845323.31,16681992.62,2709.81,3373.28,2340.24,1317.84,1938.23,2593.41,412.9,116.66,,,,,,,基础化工,化学制品,其他化学制品,7.78,7.8,7.79
sz300214,日科化学,2016-07-11,7.92,7.96,7.83,7.86,7.92,7066573.0,55800773.3,3183300000.0,3183300000.0,99679665.62,280203611.23,1336114894.1000001,1550960217.41,214845323.31,16681992.62,2059.73,2448.43,1035.46,1470.04,2408.96,1661.58,75.9,0.0,,,,,,,基础化工,化学制品,其他化学制品,7.91,7.89,7.87
sz300214,日科化学,2016-07-12,7.86,7.9,7.65,7.89,7.86,7355000.0,57423346.6,3195450000.0,3195450000.0,99679665.62,280203611.23,1336114894.1000001,1550960217.41,214845323.31,16681992.62,2613.69,2294.92,1172.42,1708.69,1839.52,1587.89,116.7,150.83,,,,,,,基础化工,化学制品,其他化学制品,7.89,7.86,7.85
sz300214,日科化学,2016-07-13,7.88,7.93,7.84,7.88,7.89,7521017.0,59307694.0,3191400000.0,3191400000.0,99679665.62,280203611.23,1336114894.1000001,1550960217.41,214845323.31,16681992.62,2497.02,1856.79,1640.62,1891.77,1793.12,1607.24,0.0,574.95,,,,,,,基础化工,化学制品,其他化学制品,7.91,7.9,7.87
sz300214,日科化学,2016-07-14,7.85,7.96,7.85,7.95,7.88,9044020.0,71590388.5,3219750000.0,3219750000.0,99679665.62,280203611.23,1336114894.1000001,1550960217.41,214845323.31,16681992.62,2209.71,3259.25,2924.53,1766.91,1487.43,1782.41,537.35,350.45,,,,,,,基础化工,化学制品,其他化学制品,7.88,7.89,7.87
sz300214,日科化学,2016-07-15,7.96,8.11,7.91,7.97,7.95,10164036.0,81494020.3,3227850000.0,3227850000.0,99679665.62,280203611.23,1336114894.1000001,1550960217.41,214845323.31,16681992.62,2884.71,3693.3,2804.51,1900.66,1850.96,2242.46,609.2,312.96,,,,,,,基础化工,化学制品,其他化学制品,8.03,8.07,8.09
sz300214,日科化学,2016-07-18,7.95,7.96,7.8,7.87,7.97,5115092.0,40255774.4,3187350000.0,3187350000.0,99679665.62,280203611.23,1336114894.1000001,1550960217.41,214845323.31,16681992.62,1700.27,1590.15,879.9,910.09,1445.4,1414.48,0.0,110.85,,,,,,,基础化工,化学制品,其他化学制品,7.91,7.9,7.85
sz300214,日科化学,2016-07-19,7.85,7.91,7.71,7.88,7.87,7459670.0,58251469.4,3191400000.0,3191400000.0,99679665.62,280203611.23,1336114894.1000001,1550960217.41,214845323.31,16681992.62,2216.51,1609.28,1337.73,1488.07,1783.2,1149.45,487.71,1578.34,,,,,,,基础化工,化学制品,其他化学制品,7.88,7.9,7.89
sz300214,日科化学,2016-07-20,7.86,7.93,7.85,7.88,7.88,5787710.0,45698744.5,3191400000.0,3191400000.0,99679665.62,280203611.23,1336114894.1000001,1550960217.41,214845323.31,16681992.62,1586.67,1593.28,1747.36,1649.57,1023.22,1169.01,212.62,158.0,,,,,,,基础化工,化学制品,其他化学制品,7.89,7.88,7.89
sz300214,日科化学,2016-07-21,7.86,7.92,7.8,7.86,7.88,7141243.0,56182409.0,3183300000.0,3183300000.0,99679665.62,280203611.23,1336114894.1000001,1550960217.41,214845323.31,16681992.62,2537.88,2081.72,1481.17,1647.9,1599.19,1183.2,0.0,705.42,,,,,,,基础化工,化学制品,其他化学制品,7.89,7.92,7.87
sz300214,日科化学,2016-07-22,7.86,7.87,7.71,7.74,7.86,5674397.0,44173840.4,3134700000.0,3134700000.0,99679665.62,280203611.23,1336114894.1000001,1550960217.41,214845323.31,16681992.62,2084.1,1478.85,803.95,1416.48,1529.32,996.28,0.0,525.76,,,,,,,基础化工,化学制品,其他化学制品,7.84,7.83,7.82
sz300214,日科化学,2016-07-25,7.73,7.85,7.72,7.78,7.74,5672809.0,44198570.6,3150900000.0,3150900000.0,99679665.62,280203611.23,1336114894.1000001,1550960217.41,214845323.31,16681992.62,1219.05,2320.98,1164.53,860.91,1290.11,1127.88,746.16,110.09,,,,,,,基础化工,化学制品,其他化学制品,7.75,7.74,7.76
sz300214,日科化学,2016-07-26,7.76,7.91,7.76,7.91,7.78,5989545.0,47020247.2,3203550000.0,3203550000.0,99679665.62,280203611.23,1336114894.1000001,1550960217.41,214845323.31,16681992.62,2087.27,1970.56,1107.79,1534.71,1360.62,1094.95,146.33,101.79,,,,,,,基础化工,化学制品,其他化学制品,7.78,7.82,7.83
sz300214,日科化学,2016-07-27,7.91,7.94,7.41,7.47,7.91,10628446.0,81275599.0,3025350000.0,3025350000.0,99679665.62,280203611.23,1336114894.1000001,1550960217.41,214845323.31,16681992.62,3181.33,3119.02,1775.51,2115.17,3170.69,2757.01,0.0,136.33,,,,,,,基础化工,化学制品,其他化学制品,7.91,7.91,7.89
sz300214,日科化学,2016-07-28,7.47,7.56,7.42,7.52,7.47,6311948.0,47291136.8,3045600000.0,3045600000.0,99679665.62,280203611.23,1336114894.1000001,1550960217.41,214845323.31,16681992.62,1415.07,1711.34,1397.94,1609.88,1817.39,1293.09,98.72,114.79,,,,,,,基础化工,化学制品,其他化学制品,7.49,7.5,7.51
sz300214,日科化学,2016-07-29,7.53,7.53,7.39,7.4,7.52,4728064.0,35216989.7,2997000000.0,2997000000.0,99679665.62,280203611.23,1336114894.1000001,1550960217.41,214845323.31,16681992.62,1332.33,1544.97,623.39,1036.73,1481.13,743.69,0.0,111.46,,,,,,,基础化工,化学制品,其他化学制品,7.51,7.53,7.51
sz300214,日科化学,2016-08-01,7.38,7.4,7.24,7.37,7.4,5629827.0,41200176.2,2984850000.0,2984850000.0,99679665.62,280203611.23,1336114894.1000001,1550960217.41,214845323.31,16681992.62,1631.41,1731.26,563.75,870.52,1924.84,1518.22,0.0,0.0,,,,,,,基础化工,化学制品,其他化学制品,7.39,7.26,7.26
sz300214,日科化学,2016-08-02,7.36,7.48,7.31,7.46,7.37,3893611.0,28939092.3,3021300000.0,3021300000.0,99679665.62,280203611.23,1336114894.1000001,1550960217.41,214845323.31,16681992.62,1202.82,1496.02,567.1,579.58,1101.6,818.3,22.38,0.0,,,,,,,基础化工,化学制品,其他化学制品,7.39,7.4,7.4
sz300214,日科化学,2016-08-03,7.46,7.5,7.41,7.47,7.46,4246572.0,31664449.4,3025350000.0,3025350000.0,99679665.62,280203611.23,1336114894.1000001,1550960217.41,214845323.31,16681992.62,1205.69,1404.12,923.2,418.01,936.31,939.3,101.25,405.01,,,,,,,基础化工,化学制品,其他化学制品,7.47,7.44,7.42
sz300214,日科化学,2016-08-04,7.47,7.52,7.42,7.49,7.47,4435084.0,33061571.4,3033450000.0,3033450000.0,99679665.62,280203611.23,1336114894.1000001,1550960217.41,214845323.31,16681992.62,1530.13,1266.07,991.26,595.49,784.76,923.41,0.0,521.18,,,,,,,基础化工,化学制品,其他化学制品,7.47,7.45,7.46
sz300214,日科化学,2016-08-05,7.46,7.51,7.46,7.46,7.49,3194471.0,23906342.1,3021300000.0,3021300000.0,99679665.62,280203611.23,1336114894.1000001,1550960217.41,214845323.31,16681992.62,1167.38,1129.87,405.16,492.14,818.08,768.62,0.0,0.0,,,,,,,基础化工,化学制品,其他化学制品,7.47,7.5,7.48
sz300214,日科化学,2016-08-08,7.47,7.55,7.4,7.53,7.46,3601686.0,26937815.0,3049650000.0,3049650000.0,99679665.62,280203611.23,1336114894.1000001,1550960217.41,214845323.31,16681992.62,1183.08,1342.65,436.85,408.57,848.91,879.66,224.94,62.89,,,,,,,基础化工,化学制品,其他化学制品,7.46,7.42,7.41
sz300214,日科化学,2016-08-09,7.49,7.64,7.49,7.62,7.53,4588071.0,34821163.8,3086100000.0,3086100000.0,99679665.62,280203611.23,1336114894.1000001,1550960217.41,214845323.31,16681992.62,1495.56,1334.27,1008.05,1015.14,978.5,1132.7,0.0,0.0,,,,,,,基础化工,化学制品,其他化学制品,7.52,7.52,7.57
sz300214,日科化学,2016-08-10,7.62,7.68,7.59,7.6,7.62,3525919.0,26911604.9,3078000000.0,3078000000.0,99679665.62,280203611.23,1336114894.1000001,1550960217.41,214845323.31,16681992.62,1257.84,1278.05,715.95,550.2,636.23,786.43,4.67,0.0,,,,,,,基础化工,化学制品,其他化学制品,7.64,7.65,7.63
sz300214,日科化学,2016-08-11,7.6,7.63,7.42,7.43,7.6,4118590.0,30975295.8,3009150000.0,3009150000.0,99679665.62,280203611.23,1336114894.1000001,1550960217.41,214845323.31,16681992.62,1319.74,1103.33,522.27,947.84,1255.51,888.64,0.0,157.71,,,,,,,基础化工,化学制品,其他化学制品,7.59,7.59,7.59
sz300214,日科化学,2016-08-12,7.44,7.55,7.43,7.53,7.43,3778237.0,28277662.9,3049650000.0,3049650000.0,99679665.62,280203611.23,1336114894.1000001,1550960217.41,214845323.31,16681992.62,1246.27,1262.21,377.85,299.96,1049.12,1159.13,154.51,106.46,,,,,,,基础化工,化学制品,其他化学制品,7.46,7.45,7.46
sz300214,日科化学,2016-08-15,7.55,7.73,7.53,7.72,7.53,7856872.0,60057536.5,3126600000.0,3126600000.0,99679665.62,280203611.23,1336114894.1000001,1550960217.41,214845323.31,16681992.62,2185.2,2724.18,1467.34,1301.14,1888.77,1707.38,464.43,273.04,,,,,,,基础化工,化学制品,其他化学制品,7.56,7.56,7.58
sz300214,日科化学,2016-08-16,7.69,7.77,7.69,7.74,7.72,4736960.0,36637509.9,3134700000.0,3134700000.0,99679665.62,280203611.23,1336114894.1000001,1550960217.41,214845323.31,16681992.62,1391.63,1859.84,1186.84,753.68,1085.28,1050.22,0.0,0.0,,,,,,,基础化工,化学制品,其他化学制品,7.72,7.76,7.75
sz300214,日科化学,2016-08-17,7.73,7.79,7.7,7.78,7.74,4446494.0,34450947.8,3150900000.0,3150900000.0,99679665.62,280203611.23,1336114894.1000001,1550960217.41,214845323.31,16681992.62,1327.66,1604.02,1035.82,759.94,1081.61,1013.93,0.0,67.19,,,,,,,基础化工,化学制品,其他化学制品,7.72,7.75,7.72
sz300214,日科化学,2016-08-18,7.76,7.79,7.71,7.76,7.78,5158045.0,39959157.1,3142800000.0,3142800000.0,99679665.62,280203611.23,1336114894.1000001,1550960217.41,214845323.31,16681992.62,1492.22,1591.03,1075.2,882.32,1428.49,1058.45,0.0,464.1,,,,,,,基础化工,化学制品,其他化学制品,7.78,7.77,7.78
sz300214,日科化学,2016-08-19,7.73,7.77,7.72,7.75,7.76,3742464.0,28977314.3,3138750000.0,3138750000.0,99679665.62,280203611.23,1336114894.1000001,1550960217.41,214845323.31,16681992.62,1240.37,1423.52,752.47,832.83,904.88,641.37,0.0,0.0,,,,,,,基础化工,化学制品,其他化学制品,7.76,7.74,7.75
sz300214,日科化学,2016-08-22,7.75,7.76,7.66,7.67,7.75,4148131.0,31998828.3,3106350000.0,3106350000.0,99679665.62,280203611.23,1336114894.1000001,1550960217.41,214845323.31,16681992.62,1308.83,1243.75,1029.25,853.8,861.79,1102.33,0.0,0.0,,,,,,,基础化工,化学制品,其他化学制品,7.76,7.74,7.75
sz300214,日科化学,2016-08-23,7.66,7.76,7.66,7.74,7.67,4103327.0,31680098.3,3134700000.0,3134700000.0,99679665.62,280203611.23,1336114894.1000001,1550960217.41,214845323.31,16681992.62,1251.12,1397.53,866.75,748.03,1050.13,888.68,0.0,133.76,,,,,,,基础化工,化学制品,其他化学制品,7.68,7.69,7.68
sz300214,日科化学,2016-08-24,7.75,7.8,7.71,7.76,7.74,5541184.0,42984245.0,3142800000.0,3142800000.0,99679665.62,280203611.23,1336114894.1000001,1550960217.41,214845323.31,16681992.62,1827.76,1457.88,1430.3,1270.43,919.53,1332.89,120.82,237.22,,,,,,,基础化工,化学制品,其他化学制品,7.74,7.75,7.77
sz300214,日科化学,2016-08-25,7.76,7.76,7.62,7.66,7.76,4771210.0,36574010.4,3102300000.0,3102300000.0,99679665.62,280203611.23,1336114894.1000001,1550960217.41,214845323.31,16681992.62,1672.36,1296.49,409.16,1012.77,1447.36,1216.69,128.5,131.44,,,,,,,基础化工,化学制品,其他化学制品,7.68,7.68,7.69
sz300214,日科化学,2016-08-26,7.69,7.81,7.66,7.74,7.66,6177518.0,47885535.3,3134700000.0,3134700000.0,99679665.62,280203611.23,1336114894.1000001,1550960217.41,214845323.31,16681992.62,2028.29,1865.96,1400.94,1130.73,1359.31,1791.85,0.0,0.0,,,,,,,基础化工,化学制品,其他化学制品,7.69,7.68,7.71
sz300214,日科化学,2016-08-29,7.74,7.92,7.74,7.81,7.74,9437799.0,73970176.5,3163050000.0,3163050000.0,101911674.05000001,149844144.92999998,1323394625.12,1437778260.34,114383635.22,27779731.020000003,2484.57,2503.43,2281.87,2418.67,2277.48,2474.91,353.08,0.0,,,,,,,基础化工,化学制品,其他化学制品,7.78,7.81,7.82
sz300214,日科化学,2016-08-30,7.82,7.91,7.77,7.88,7.81,6306446.0,49584482.8,3191400000.0,3191400000.0,101911674.05000001,149844144.92999998,1323394625.12,1437778260.34,114383635.22,27779731.020000003,2276.67,1430.72,963.2,1396.99,1714.15,2008.7,0.0,117.61,,,,,,,基础化工,化学制品,其他化学制品,7.85,7.86,7.84
sz300214,日科化学,2016-08-31,7.85,7.88,7.77,7.85,7.88,4349518.0,33982126.1,3179250000.0,3179250000.0,101911674.05000001,149844144.92999998,1323394625.12,1437778260.34,114383635.22,27779731.020000003,1409.16,1594.02,578.74,614.94,1410.3,1189.25,0.0,0.0,,,,,,,基础化工,化学制品,其他化学制品,7.88,7.83,7.82
sz300214,日科化学,2016-09-01,7.85,7.99,7.82,7.84,7.85,8106445.0,63989893.8,3175200000.0,3175200000.0,101911674.05000001,149844144.92999998,1323394625.12,1437778260.34,114383635.22,27779731.020000003,2305.71,2632.36,2025.71,1537.9,2067.55,2228.71,0.0,0.0,,,,,,,基础化工,化学制品,其他化学制品,7.83,7.87,7.87
sz300214,日科化学,2016-09-02,7.85,7.87,7.75,7.79,7.84,6259207.0,48760281.9,3154950000.0,3154950000.0,101911674.05000001,149844144.92999998,1323394625.12,1437778260.34,114383635.22,27779731.020000003,1960.15,1948.24,1055.63,1541.16,1860.23,1319.34,0.0,67.27,,,,,,,基础化工,化学制品,其他化学制品,7.82,7.8,7.76
sz300214,日科化学,2016-09-05,7.81,7.94,7.79,7.87,7.79,7488446.0,58923789.2,3187350000.0,3187350000.0,101911674.05000001,149844144.92999998,1323394625.12,1437778260.34,114383635.22,27779731.020000003,2516.96,2578.54,1471.14,1539.61,1786.51,1774.21,117.75,0.0,,,,,,,基础化工,化学制品,其他化学制品,7.83,7.81,7.82
sz300214,日科化学,2016-09-06,7.88,8.06,7.83,8.06,7.87,13792714.0,109885249.7,3264300000.0,3264300000.0,101911674.05000001,149844144.92999998,1323394625.12,1437778260.34,114383635.22,27779731.020000003,4500.97,5119.91,3617.6,2485.28,2608.03,3163.43,261.89,219.87,,,,,,,基础化工,化学制品,其他化学制品,7.89,7.86,7.85
sz300214,日科化学,2016-09-07,8.02,8.28,8.02,8.1,8.06,19497350.0,159565980.7,3280500000.0,3280500000.0,101911674.05000001,149844144.92999998,1323394625.12,1437778260.34,114383635.22,27779731.020000003,6822.94,6879.48,3566.19,5243.26,2875.87,3644.17,2679.86,177.95,,,,,,,基础化工,化学制品,其他化学制品,8.09,8.15,8.18
sz300214,日科化学,2016-09-08,8.1,8.18,8.05,8.15,8.1,7505034.0,60980876.4,3300750000.0,3300750000.0,101911674.05000001,149844144.92999998,1323394625.12,1437778260.34,114383635.22,27779731.020000003,3054.22,2913.73,1146.62,1314.69,1885.74,1629.75,11.46,239.87,,,,,,,基础化工,化学制品,其他化学制品,8.08,8.12,8.15
sz300214,日科化学,2016-09-09,8.17,8.2,7.95,7.96,8.15,9055107.0,73009015.1,3223800000.0,3223800000.0,101911674.05000001,149844144.92999998,1323394625.12,1437778260.34,114383635.22,27779731.020000003,3451.33,2726.15,1485.53,2277.07,2364.01,1928.34,0.0,369.3,,,,,,,基础化工,化学制品,其他化学制品,8.15,8.17,8.17
sz300214,日科化学,2016-09-12,7.8,7.88,7.72,7.73,7.96,8371246.0,65208784.8,3130650000.0,3130650000.0,101911674.05000001,149844144.92999998,1323394625.12,1437778260.34,114383635.22,27779731.020000003,2309.54,2375.06,1251.43,2681.48,2959.9,1464.32,0.0,0.0,,,,,,,基础化工,化学制品,其他化学制品,7.8,7.84,7.83
sz300214,日科化学,2016-09-13,7.77,7.86,7.75,7.84,7.73,5749820.0,44882640.9,3175200000.0,3175200000.0,101911674.05000001,149844144.92999998,1323394625.12,1437778260.34,114383635.22,27779731.020000003,1998.58,1725.07,1048.05,1276.75,1245.82,1486.42,195.79,0.0,,,,,,,基础化工,化学制品,其他化学制品,7.79,7.79,7.81
sz300214,日科化学,2016-09-14,7.82,7.95,7.78,7.86,7.84,6610865.0,52086798.4,3183300000.0,3183300000.0,101911674.05000001,149844144.92999998,1323394625.12,1437778260.34,114383635.22,27779731.020000003,1974.19,1949.99,1342.92,1261.77,1891.56,1802.64,0.0,194.28,,,,,,,基础化工,化学制品,其他化学制品,7.83,7.85,7.87
sz300214,日科化学,2016-09-19,7.87,8.04,7.87,8.04,7.86,8749665.0,69545420.8,3256200000.0,3256200000.0,101911674.05000001,149844144.92999998,1323394625.12,1437778260.34,114383635.22,27779731.020000003,2643.93,3651.03,1784.4,1286.65,2073.74,2016.85,452.46,0.0,,,,,,,基础化工,化学制品,其他化学制品,7.9,7.92,7.94
sz300214,日科化学,2016-09-20,8.02,8.06,7.95,8.01,8.04,6320849.0,50480226.6,3244050000.0,3244050000.0,101911674.05000001,149844144.92999998,1323394625.12,1437778260.34,114383635.22,27779731.020000003,1767.32,1754.0,1424.67,1134.26,1524.13,1916.1,207.96,119.7,,,,,,,基础化工,化学制品,其他化学制品,8.03,8.03,7.98
sz300214,日科化学,2016-09-21,8.0,8.1,7.98,8.04,8.01,6821143.0,54887799.1,3256200000.0,3256200000.0,101911674.05000001,149844144.92999998,1323394625.12,1437778260.34,114383635.22,27779731.020000003,2291.31,2113.89,1434.58,1751.9,1688.73,1418.89,74.14,204.08,,,,,,,基础化工,化学制品,其他化学制品,7.98,8.04,8.04
sz300214,日科化学,2016-09-22,8.06,8.12,8.02,8.04,8.04,6386233.0,51496269.7,3256200000.0,3256200000.0,101911674.05000001,149844144.92999998,1323394625.12,1437778260.34,114383635.22,27779731.020000003,2587.96,2317.4,1264.75,1655.29,1268.04,1176.92,28.88,0.0,,,,,,,基础化工,化学制品,其他化学制品,8.08,8.1,8.11
sz300214,日科化学,2016-09-23,8.06,8.07,7.94,7.97,8.04,6800851.0,54316286.4,3227850000.0,3227850000.0,101911674.05000001,149844144.92999998,1323394625.12,1437778260.34,114383635.22,27779731.020000003,2611.6,2255.18,1178.52,1275.56,1641.48,1326.02,0.0,574.84,,,,,,,基础化工,化学制品,其他化学制品,8.05,8.03,8.01
sz300214,日科化学,2016-09-26,7.96,8.05,7.84,7.85,7.97,7113364.0,56705016.7,3179250000.0,3179250000.0,101911674.05000001,149844144.92999998,1323394625.12,1437778260.34,114383635.22,27779731.020000003,2319.03,2472.76,1236.24,1456.89,2115.22,1740.84,0.0,0.0,,,,,,,基础化工,化学制品,其他化学制品,7.98,7.98,7.97
sz300214,日科化学,2016-09-27,7.85,7.93,7.76,7.93,7.85,6018062.0,47269852.2,3211650000.0,3211650000.0,101911674.05000001,149844144.92999998,1323394625.12,1437778260.34,114383635.22,27779731.020000003,1898.97,2103.66,1113.75,885.5,1713.4,1594.09,0.86,143.72,,,,,,,基础化工,化学制品,其他化学制品,7.87,7.83,7.87
sz300214,日科化学,2016-09-28,7.91,8.03,7.89,7.98,7.93,7074311.0,56431371.8,3231900000.0,3231900000.0,101911674.05000001,149844144.92999998,1323394625.12,1437778260.34,114383635.22,27779731.020000003,2803.71,2783.19,1129.51,1077.78,1417.75,1782.15,292.15,0.0,,,,,,,基础化工,化学制品,其他化学制品,7.9,7.98,7.99
sz300214,日科化学,2016-09-29,7.98,8.78,7.98,8.55,7.98,41092972.0,350758120.5,3462750000.0,3462750000.0,101911674.05000001,149844144.92999998,1323394625.12,1437778260.34,114383635.22,27779731.020000003,10829.05,14392.99,9536.26,9973.51,6153.3,7981.65,8556.23,2726.68,,,,,,,基础化工,化学制品,其他化学制品,8.03,8.03,8.1
sz300214,日科化学,2016-09-30,8.4,8.52,8.3,8.38,8.55,23052572.0,193673935.2,3393900000.0,3393900000.0,101911674.05000001,149844144.92999998,1323394625.12,1437778260.34,114383635.22,27779731.020000003,8927.11,5942.86,5029.51,7439.89,5410.74,2827.68,0.0,3156.93,,,,,,,基础化工,化学制品,其他化学制品,8.52,8.43,8.47
sz300214,日科化学,2016-10-10,8.39,8.55,8.34,8.51,8.38,20570455.0,174159744.0,3446550000.0,3446550000.0,101911674.05000001,149844144.92999998,1323394625.12,1437778260.34,114383635.22,27779731.020000003,7472.42,8160.37,6224.71,4906.85,3591.3,3435.59,127.5,913.12,,,,,,,基础化工,化学制品,其他化学制品,8.42,8.35,8.39
sz300214,日科化学,2016-10-11,8.51,8.7,8.44,8.61,8.51,21206538.0,181562186.5,3487050000.0,3487050000.0,101911674.05000001,149844144.92999998,1323394625.12,1437778260.34,114383635.22,27779731.020000003,7935.3,7789.26,5625.85,5672.33,4464.6,4056.65,130.45,637.96,,,,,,,基础化工,化学制品,其他化学制品,8.61,8.7,8.6
sz300214,日科化学,2016-10-12,8.53,8.62,8.42,8.49,8.61,12466502.0,106137583.9,3438450000.0,3438450000.0,101911674.05000001,149844144.92999998,1323394625.12,1437778260.34,114383635.22,27779731.020000003,4859.67,4854.52,2736.61,3604.03,3017.45,2020.36,0.0,134.81,,,,,,,基础化工,化学制品,其他化学制品,8.59,8.57,8.53
sz300214,日科化学,2016-10-13,8.45,8.49,8.37,8.49,8.49,11285833.0,95270410.4,3438450000.0,3438450000.0,101911674.05000001,149844144.92999998,1323394625.12,1437778260.34,114383635.22,27779731.020000003,4738.89,3361.65,1849.24,2875.03,2501.41,1811.81,437.5,1478.55,,,,,,,基础化工,化学制品,其他化学制品,8.45,8.47,8.45
sz300214,日科化学,2016-10-14,8.42,8.45,8.27,8.35,8.49,11182100.0,93286114.1,3381750000.0,3381750000.0,101911674.05000001,149844144.92999998,1323394625.12,1437778260.34,114383635.22,27779731.020000003,4557.09,3644.4,1605.2,3297.92,3166.3,1624.01,0.0,762.26,,,,,,,基础化工,化学制品,其他化学制品,8.42,8.38,8.38
sz300214,日科化学,2016-10-17,8.37,8.4,8.18,8.24,8.35,8688858.0,72198763.0,3337200000.0,3337200000.0,101911674.05000001,149844144.92999998,1323394625.12,1437778260.34,114383635.22,27779731.020000003,3308.8,2993.28,1814.52,2145.32,2096.55,1379.07,0.0,702.19,,,,,,,基础化工,化学制品,其他化学制品,8.34,8.37,8.37
sz300214,日科化学,2016-10-18,8.23,8.4,8.19,8.39,8.24,8627773.0,71606248.1,3397950000.0,3397950000.0,101911674.05000001,149844144.92999998,1323394625.12,1437778260.34,114383635.22,27779731.020000003,2910.07,3141.24,2115.12,1949.75,2070.55,1928.65,64.87,140.97,,,,,,,基础化工,化学制品,其他化学制品,8.25,8.2,8.24
sz300214,日科化学,2016-10-19,8.4,8.44,8.28,8.3,8.39,6347512.0,52959788.5,3361500000.0,3361500000.0,101911674.05000001,149844144.92999998,1323394625.12,1437778260.34,114383635.22,27779731.020000003,2067.84,2000.43,1032.65,1465.5,1622.69,1257.24,0.0,0.0,,,,,,,基础化工,化学制品,其他化学制品,8.39,8.4,8.4
sz300214,日科化学,2016-10-20,8.33,8.41,8.28,8.35,8.3,6457754.0,54021286.7,3381750000.0,3381750000.0,101911674.05000001,149844144.92999998,1323394625.12,1437778260.34,114383635.22,27779731.020000003,2296.51,2663.95,1355.5,1149.73,1542.03,1588.44,208.09,0.0,,,,,,,基础化工,化学制品,其他化学制品,8.33,8.34,8.36
sz300214,日科化学,2016-10-21,8.36,8.45,8.25,8.38,8.35,7229412.0,60455511.5,3393900000.0,3393900000.0,101911674.05000001,149844144.92999998,1323394625.12,1437778260.34,114383635.22,27779731.020000003,2971.82,2631.75,1235.15,1373.17,1838.58,1909.37,0.0,131.26,,,,,,,基础化工,化学制品,其他化学制品,8.37,8.41,8.4
sz300214,日科化学,2016-10-24,8.38,8.49,8.37,8.45,8.38,8685473.0,73286432.4,3422250000.0,3422250000.0,101911674.05000001,149844144.92999998,1323394625.12,1437778260.34,114383635.22,27779731.020000003,3457.63,3288.86,1936.17,1776.99,1908.19,1867.33,26.64,395.44,,,,,,,基础化工,化学制品,其他化学制品,8.41,8.38,8.4
sz300214,日科化学,2016-10-25,8.5,8.5,8.41,8.46,8.45,5214263.0,44017895.7,3426300000.0,3426300000.0,101911674.05000001,149844144.92999998,1323394625.12,1437778260.34,114383635.22,27779731.020000003,2128.07,2162.86,958.47,1011.41,1315.24,1227.5,0.0,0.0,,,,,,,基础化工,化学制品,其他化学制品,8.48,8.46,8.44
sz300214,日科化学,2016-10-26,8.44,8.58,8.42,8.47,8.46,8286878.0,70291154.2,3430350000.0,3430350000.0,101911674.05000001,149844144.92999998,1323394625.12,1437778260.34,114383635.22,27779731.020000003,2965.23,3200.19,2429.05,1577.06,1634.84,1754.03,0.0,497.84,,,,,,,基础化工,化学制品,其他化学制品,8.5,8.56,8.52
sz300214,日科化学,2016-10-27,8.47,8.48,8.35,8.39,8.47,6132337.0,51550679.7,3397950000.0,3397950000.0,101911674.05000001,149844144.92999998,1323394625.12,1437778260.34,114383635.22,27779731.020000003,2415.88,2141.22,1320.87,1727.84,1418.31,1058.71,0.0,227.29,,,,,,,基础化工,化学制品,其他化学制品,8.44,8.43,8.43
sz300214,日科化学,2016-10-28,8.37,8.42,8.22,8.23,8.39,6453200.0,53793161.7,3333150000.0,3333150000.0,92215789.75,176717151.94,1345471587.27,1483467694.2,137996106.93,22076962.15,2330.27,1831.14,1207.18,2260.46,1841.87,906.48,0.0,381.24,,,,,,,基础化工,化学制品,其他化学制品,8.4,8.38,8.4
sz300214,日科化学,2016-10-31,8.2,8.32,8.12,8.27,8.23,5586147.0,45936097.0,3349350000.0,3349350000.0,92215789.75,176717151.94,1345471587.27,1483467694.2,137996106.93,22076962.15,2548.3,2175.6,1053.97,1198.29,991.34,1219.72,0.0,0.0,,,,,,,基础化工,化学制品,其他化学制品,8.16,8.19,8.18
sz300214,日科化学,2016-11-01,8.27,8.41,8.27,8.41,8.27,4874235.0,40739718.0,3406050000.0,3406050000.0,92215789.75,176717151.94,1345471587.27,1483467694.2,137996106.93,22076962.15,1765.63,1890.62,1481.11,711.33,821.17,1337.07,6.05,134.94,,,,,,,基础化工,化学制品,其他化学制品,8.3,8.33,8.32
sz300214,日科化学,2016-11-02,8.39,8.44,8.33,8.35,8.41,5258445.0,44086322.0,3381750000.0,3381750000.0,92215789.75,176717151.94,1345471587.27,1483467694.2,137996106.93,22076962.15,2156.08,2017.83,988.11,1193.76,1113.95,1065.19,150.48,131.84,,,,,,,基础化工,化学制品,其他化学制品,8.39,8.41,8.4
sz300214,日科化学,2016-11-03,8.38,8.56,8.32,8.45,8.35,10383252.0,87994796.0,3422250000.0,3422250000.0,92215789.75,176717151.94,1345471587.27,1483467694.2,137996106.93,22076962.15,3714.0,4150.5,2824.2,2137.14,1480.87,2280.23,779.98,231.18,,,,,,,基础化工,化学制品,其他化学制品,8.33,8.37,8.36
sz300214,日科化学,2016-11-04,8.45,8.56,8.38,8.43,8.45,6394991.0,54165554.0,3414150000.0,3414150000.0,92215789.75,176717151.94,1345471587.27,1483467694.2,137996106.93,22076962.15,2628.19,2847.07,1241.84,1254.71,1546.52,1314.76,0.0,0.0,,,,,,,基础化工,化学制品,其他化学制品,8.46,8.55,8.53
sz300214,日科化学,2016-11-07,8.43,8.62,8.41,8.56,8.43,10148134.0,86771726.0,3466800000.0,3466800000.0,92215789.75,176717151.94,1345471587.27,1483467694.2,137996106.93,22076962.15,3782.13,4346.05,2541.66,1742.13,2101.35,2588.96,252.0,0.0,,,,,,,基础化工,化学制品,其他化学制品,8.43,8.43,8.48
sz300214,日科化学,2016-11-08,8.6,8.62,8.54,8.59,8.56,6440655.0,55259747.0,3478950000.0,3478950000.0,92215789.75,176717151.94,1345471587.27,1483467694.2,137996106.93,22076962.15,2869.02,2327.97,1322.88,1662.65,1334.05,1535.34,0.0,0.0,,,,,,,基础化工,化学制品,其他化学制品,8.59,8.59,8.57
sz300214,日科化学,2016-11-09,8.6,8.65,8.4,8.55,8.59,9316640.0,79710475.0,3462750000.0,3462750000.0,92215789.75,176717151.94,1345471587.27,1483467694.2,137996106.93,22076962.15,3489.76,3744.39,2335.32,2097.07,2145.95,1959.32,0.0,170.26,,,,,,,基础化工,化学制品,其他化学制品,8.61,8.59,8.63
sz300214,日科化学,2016-11-10,8.65,8.75,8.61,8.74,8.55,10455759.0,90972848.0,3539700000.0,3539700000.0,92215789.75,176717151.94,1345471587.27,1483467694.2,137996106.93,22076962.15,3974.82,3562.56,2952.68,2973.65,2091.47,2460.74,78.31,100.34,,,,,,,基础化工,化学制品,其他化学制品,8.67,8.66,8.64
sz300214,日科化学,2016-11-11,8.71,8.87,8.69,8.83,8.74,10798893.0,94805124.0,3576150000.0,3576150000.0,92215789.75,176717151.94,1345471587.27,1483467694.2,137996106.93,22076962.15,4675.22,3955.82,2180.21,2975.26,2625.07,2275.09,0.0,274.34,,,,,,,基础化工,化学制品,其他化学制品,8.75,8.73,8.73
sz300214,日科化学,2016-11-14,8.88,8.95,8.71,8.79,8.83,10211722.0,89969025.0,3559950000.0,3559950000.0,92215789.75,176717151.94,1345471587.27,1483467694.2,137996106.93,22076962.15,4145.95,4470.91,1991.2,2209.24,2859.74,1843.67,0.0,473.08,,,,,,,基础化工,化学制品,其他化学制品,8.86,8.86,8.93
sz300214,日科化学,2016-11-15,8.81,8.92,8.75,8.89,8.79,7929804.0,70144290.0,3600450000.0,3600450000.0,92215789.75,176717151.94,1345471587.27,1483467694.2,137996106.93,22076962.15,3539.82,4097.61,1928.77,851.45,1494.2,1940.5,53.03,126.27,,,,,,,基础化工,化学制品,其他化学制品,8.76,8.78,8.84
sz300214,日科化学,2016-11-16,8.89,9.05,8.86,8.88,8.89,9613254.0,85980280.0,3596400000.0,3596400000.0,92215789.75,176717151.94,1345471587.27,1483467694.2,137996106.93,22076962.15,4289.02,3275.01,2019.29,3284.27,2161.98,1772.1,127.72,266.64,,,,,,,基础化工,化学制品,其他化学制品,8.89,8.97,8.95
sz300214,日科化学,2016-11-17,8.85,8.9,8.73,8.87,8.88,7525093.0,66341113.0,3592350000.0,3592350000.0,92215789.75,176717151.94,1345471587.27,1483467694.2,137996106.93,22076962.15,2836.61,3088.1,1901.51,1986.12,1676.72,1389.63,219.25,170.24,,,,,,,基础化工,化学制品,其他化学制品,8.82,8.8,8.83
sz300214,日科化学,2016-11-18,8.88,8.95,8.82,8.84,8.87,5690848.0,50549413.0,3580200000.0,3580200000.0,92215789.75,176717151.94,1345471587.27,1483467694.2,137996106.93,22076962.15,2172.54,2085.22,1654.28,1310.14,1228.1,1447.94,0.0,211.63,,,,,,,基础化工,化学制品,其他化学制品,8.9,8.85,8.9
sz300214,日科化学,2016-11-21,8.82,9.03,8.75,8.98,8.84,8386880.0,74914762.0,3636900000.0,3636900000.0,92215789.75,176717151.94,1345471587.27,1483467694.2,137996106.93,22076962.15,3784.42,3424.46,2128.95,2130.3,1578.08,1802.29,0.0,134.4,,,,,,,基础化工,化学制品,其他化学制品,8.88,8.84,8.83
sz300214,日科化学,2016-11-22,8.93,9.18,8.93,9.12,8.98,8758175.0,79335140.0,3693600000.0,3693600000.0,92215789.75,176717151.94,1345471587.27,1483467694.2,137996106.93,22076962.15,3332.8,3507.33,2023.84,2307.77,1861.78,1984.96,715.08,133.44,,,,,,,基础化工,化学制品,其他化学制品,8.98,8.99,9.02
sz300214,日科化学,2016-11-23,9.13,9.2,8.98,9.01,9.12,6976130.0,63292940.0,3649050000.0,3649050000.0,92215789.75,176717151.94,1345471587.27,1483467694.2,137996106.93,22076962.15,3010.3,2715.36,1401.47,2065.39,1805.01,1440.48,112.5,108.05,,,,,,,基础化工,化学制品,其他化学制品,9.14,9.17,9.16
sz300214,日科化学,2016-11-24,9.01,9.07,8.83,8.84,9.01,8068022.0,72395083.0,3580200000.0,3580200000.0,92215789.75,176717151.94,1345471587.27,1483467694.2,137996106.93,22076962.15,2732.31,3206.1,2324.46,2341.57,1853.9,1236.62,328.82,455.2,,,,,,,基础化工,化学制品,其他化学制品,9.01,9.01,9.03
sz300214,日科化学,2016-11-25,8.83,8.95,8.63,8.94,8.84,8399574.0,73700856.0,3620700000.0,3620700000.0,92215789.75,176717151.94,1345471587.27,1483467694.2,137996106.93,22076962.15,3518.75,3532.52,1598.19,1532.34,2158.39,2011.17,94.74,294.04,,,,,,,基础化工,化学制品,其他化学制品,8.87,8.86,8.82
sz300214,日科化学,2016-11-28,8.93,9.04,8.83,8.98,8.94,7257503.0,64832889.0,3636900000.0,3636900000.0,92215789.75,176717151.94,1345471587.27,1483467694.2,137996106.93,22076962.15,3366.51,3220.87,1112.77,1259.31,2004.0,1769.39,0.0,233.72,,,,,,,基础化工,化学制品,其他化学制品,8.95,8.9,8.86
sz300214,日科化学,2016-11-29,8.95,9.04,8.76,8.78,8.98,6240654.0,55644908.0,3555900000.0,3555900000.0,92215789.75,176717151.94,1345471587.27,1483467694.2,137996106.93,22076962.15,3104.87,2958.14,669.32,886.22,1790.28,1544.57,0.0,175.54,,,,,,,基础化工,化学制品,其他化学制品,8.9,8.9,8.89
sz300214,日科化学,2016-11-30,8.78,8.89,8.66,8.71,8.78,6373103.0,55875202.0,3527550000.0,3527550000.0,92215789.75,176717151.94,1345471587.27,1483467694.2,137996106.93,22076962.15,2545.95,2416.01,993.9,1677.57,2047.65,1192.43,0.0,301.49,,,,,,,基础化工,化学制品,其他化学制品,8.78,8.79,8.76
sz300214,日科化学,2016-12-01,8.72,8.87,8.7,8.8,8.71,5382370.0,47340140.0,3564000000.0,3564000000.0,92215789.75,176717151.94,1345471587.27,1483467694.2,137996106.93,22076962.15,2367.47,2047.97,1224.52,1588.08,1037.72,1097.94,104.28,0.0,,,,,,,基础化工,化学制品,其他化学制品,8.72,8.73,8.77
sz300214,日科化学,2016-12-02,8.82,8.86,8.54,8.57,8.8,6640444.0,57650861.0,3470850000.0,3470850000.0,92215789.75,176717151.94,1345471587.27,1483467694.2,137996106.93,22076962.15,2622.79,2901.79,801.32,1525.68,2340.97,1126.91,0.0,210.69,,,,,,,基础化工,化学制品,其他化学制品,8.78,8.82,8.85
sz300214,日科化学,2016-12-05,8.55,8.72,8.48,8.48,8.57,5398072.0,46260577.0,3434400000.0,3434400000.0,92215789.75,176717151.94,1345471587.27,1483467694.2,137996106.93,22076962.15,2193.78,2264.39,560.46,916.76,1871.81,1329.98,0.0,114.93,,,,,,,基础化工,化学制品,其他化学制品,8.56,8.61,8.57
sz300214,日科化学,2016-12-06,8.5,8.61,8.46,8.46,8.48,5458447.0,46592634.0,3426300000.0,3426300000.0,92215789.75,176717151.94,1345471587.27,1483467694.2,137996106.93,22076962.15,2040.27,2219.96,630.05,1006.6,1874.95,1114.96,113.98,317.74,,,,,,,基础化工,化学制品,其他化学制品,8.53,8.54,8.56
sz300214,日科化学,2016-12-07,8.5,8.68,8.47,8.66,8.46,4709578.0,40449051.0,3507300000.0,3507300000.0,92215789.75,176717151.94,1345471587.27,1483467694.2,137996106.93,22076962.15,1533.58,2129.22,542.18,472.51,1969.13,1271.58,0.0,171.58,,,,,,,基础化工,化学制品,其他化学制品,8.52,8.5,8.5
sz300214,日科化学,2016-12-08,8.66,9.04,8.66,8.72,8.66,10762206.0,95284272.0,3531600000.0,3531600000.0,92215789.75,176717151.94,1345471587.27,1483467694.2,137996106.93,22076962.15,3900.8,4199.88,2191.44,2629.31,2954.76,2401.02,481.4,298.19,,,,,,,基础化工,化学制品,其他化学制品,8.77,8.75,8.96
sz300214,日科化学,2016-12-09,8.74,8.77,8.61,8.7,8.72,6315658.0,54987403.0,3523500000.0,3523500000.0,92215789.75,176717151.94,1345471587.27,1483467694.2,137996106.93,22076962.15,2790.84,2738.51,1134.07,683.32,1573.8,1944.04,0.0,132.83,,,,,,,基础化工,化学制品,其他化学制品,8.71,8.69,8.64
sz300214,日科化学,2016-12-12,8.69,8.73,8.12,8.15,8.7,9434304.0,79122942.0,3300750000.0,3300750000.0,92215789.75,176717151.94,1345471587.27,1483467694.2,137996106.93,22076962.15,3481.76,3584.33,1798.4,2135.01,2479.35,1813.16,152.77,379.78,,,,,,,基础化工,化学制品,其他化学制品,8.67,8.62,8.67
sz300214,日科化学,2016-12-13,8.15,8.26,8.09,8.21,8.15,4642147.0,37944238.0,3325050000.0,3325050000.0,92215789.75,176717151.94,1345471587.27,1483467694.2,137996106.93,22076962.15,1763.76,1629.24,861.79,936.57,1168.83,1099.46,0.0,129.12,,,,,,,基础化工,化学制品,其他化学制品,8.17,8.14,8.14
sz300214,日科化学,2016-12-14,8.22,8.3,8.16,8.24,8.21,4507530.0,37090113.0,3337200000.0,3337200000.0,92215789.75,176717151.94,1345471587.27,1483467694.2,137996106.93,22076962.15,1502.37,1829.71,877.47,753.56,1329.14,1125.71,0.0,0.0,,,,,,,基础化工,化学制品,其他化学制品,8.2,8.21,8.19
sz300214,日科化学,2016-12-15,8.2,8.37,8.18,8.34,8.24,4753783.0,39462017.0,3377700000.0,3377700000.0,92215789.75,176717151.94,1345471587.27,1483467694.2,137996106.93,22076962.15,500.77,613.82,450.05,329.55,258.85,266.31,0.0,0.0,,,,,,,基础化工,化学制品,其他化学制品,8.28,8.26,8.25
sz300214,日科化学,2016-12-16,8.27,8.72,8.27,8.56,8.34,10497459.0,90135839.0,3466800000.0,3466800000.0,92215789.75,176717151.94,1345471587.27,1483467694.2,137996106.93,22076962.15,6319.03,4520.19,1318.04,1659.71,1169.4,2705.22,207.07,128.41,,,,,,,基础化工,化学制品,其他化学制品,8.33,8.42,8.47
sz300214,日科化学,2016-12-19,8.51,8.67,8.51,8.6,8.56,3740723.0,32132323.0,3483000000.0,3483000000.0,92215789.75,176717151.94,1345471587.27,1483467694.2,137996106.93,22076962.15,1213.01,1405.65,815.2,789.88,968.4,1017.68,216.6,0.0,,,,,,,基础化工,化学制品,其他化学制品,8.61,8.59,8.58
sz300214,日科化学,2016-12-20,8.6,8.66,8.54,8.66,8.6,3838651.0,33072410.0,3507300000.0,3507300000.0,92215789.75,176717151.94,1345471587.27,1483467694.2,137996106.93,22076962.15,1445.75,1420.06,1002.19,916.97,765.7,955.83,93.57,14.35,,,,,,,基础化工,化学制品,其他化学制品,8.65,8.62,8.58
sz300214,日科化学,2016-12-21,8.66,8.84,8.61,8.79,8.66,6663205.0,58174893.0,3559950000.0,3559950000.0,92215789.75,176717151.94,1345471587.27,1483467694.2,137996106.93,22076962.15,2375.69,2449.19,1077.34,1722.94,1631.73,1291.87,732.7,353.45,,,,,,,基础化工,化学制品,其他化学制品,8.74,8.73,8.75
sz300214,日科化学,2016-12-22,8.77,8.8,8.66,8.79,8.79,3669101.0,32026257.0,3559950000.0,3559950000.0,92215789.75,176717151.94,1345471587.27,1483467694.2,137996106.93,22076962.15,1639.45,1497.76,261.5,502.32,897.02,1202.53,404.66,0.0,,,,,,,基础化工,化学制品,其他化学制品,8.73,8.75,8.72
sz300214,日科化学,2016-12-23,8.79,8.79,8.55,8.58,8.79,3850840.0,33259317.0,3474900000.0,3474900000.0,92215789.75,176717151.94,1345471587.27,1483467694.2,137996106.93,22076962.15,1945.56,1529.97,280.94,661.59,1092.2,1134.35,7.21,0.0,,,,,,,基础化工,化学制品,其他化学制品,8.73,8.74,8.71
sz300214,日科化学,2016-12-26,8.57,8.74,8.41,8.74,8.58,4337930.0,37263431.0,3539700000.0,3539700000.0,92215789.75,176717151.94,1345471587.27,1483467694.2,137996106.93,22076962.15,1614.34,1805.96,883.29,620.65,1224.05,1299.73,4.65,0.0,,,,,,,基础化工,化学制品,其他化学制品,8.51,8.48,8.46
sz300214,日科化学,2016-12-27,8.7,8.95,8.7,8.82,8.74,6596598.0,58460511.0,3572100000.0,3572100000.0,92215789.75,176717151.94,1345471587.27,1483467694.2,137996106.93,22076962.15,2379.48,3110.81,1488.56,1190.78,1796.81,1544.44,181.17,0.0,,,,,,,基础化工,化学制品,其他化学制品,8.79,8.89,8.88
sz300214,日科化学,2016-12-28,8.82,8.89,8.72,8.75,8.82,4400488.0,38681469.0,3543750000.0,3543750000.0,92215789.75,176717151.94,1345471587.27,1483467694.2,137996106.93,22076962.15,2335.58,1578.44,323.74,1449.63,1208.8,840.05,0.0,0.0,,,,,,,基础化工,化学制品,其他化学制品,8.87,8.85,8.86
sz300214,日科化学,2016-12-29,8.74,8.98,8.73,8.85,8.75,5796507.0,51319017.0,3584250000.0,3584250000.0,92215789.75,176717151.94,1345471587.27,1483467694.2,137996106.93,22076962.15,2182.98,2672.32,1292.98,916.15,1203.67,1409.76,452.26,133.66,,,,,,,基础化工,化学制品,其他化学制品,8.77,8.79,8.82
sz300214,日科化学,2016-12-30,8.82,9.04,8.81,9.02,8.85,7252439.0,64906488.0,3653100000.0,3653100000.0,92215789.75,176717151.94,1345471587.27,1483467694.2,137996106.93,22076962.15,2241.06,3513.59,1900.06,975.13,944.64,1757.97,1404.87,243.93,,,,,,,基础化工,化学制品,其他化学制品,8.85,8.86,8.98
sz300214,日科化学,2017-01-03,9.02,9.25,8.94,9.25,9.02,11552021.0,105412818.0,3746250000.0,3746250000.0,92215789.75,176717151.94,1345471587.27,1483467694.2,137996106.93,22076962.15,4682.36,5270.42,2873.08,2151.35,2137.39,3119.47,848.4,0.0,,,,,,,基础化工,化学制品,其他化学制品,9.0,8.96,9.02
sz300214,日科化学,2017-01-04,9.2,9.4,9.14,9.27,9.25,10853881.0,100827691.0,3754350000.0,3754350000.0,92215789.75,176717151.94,1345471587.27,1483467694.2,137996106.93,22076962.15,4887.52,4095.66,2680.78,1806.15,1954.2,2866.06,560.22,1314.85,,,,,,,基础化工,化学制品,其他化学制品,9.17,9.17,9.26
sz300214,日科化学,2017-01-05,9.27,9.47,9.18,9.32,9.27,7831911.0,73336597.0,3774600000.0,3774600000.0,92215789.75,176717151.94,1345471587.27,1483467694.2,137996106.93,22076962.15,4166.37,3073.5,1335.86,1446.49,1508.9,2379.16,322.49,434.48,,,,,,,基础化工,化学制品,其他化学制品,9.21,9.24,9.3
sz300214,日科化学,2017-01-06,9.27,9.36,9.12,9.12,9.32,5915284.0,54363956.0,3693600000.0,3693600000.0,92215789.75,176717151.94,1345471587.27,1483467694.2,137996106.93,22076962.15,2451.11,2155.71,1254.48,1824.43,1670.73,1189.47,60.04,266.75,,,,,,,基础化工,化学制品,其他化学制品,9.24,9.32,9.29
sz300214,日科化学,2017-01-09,9.12,9.28,9.1,9.25,9.12,3986358.0,36646593.0,3746250000.0,3746250000.0,92215789.75,176717151.94,1345471587.27,1483467694.2,137996106.93,22076962.15,840.11,1045.06,631.19,263.52,413.18,575.89,0.0,0.0,,,,,,,基础化工,化学制品,其他化学制品,9.27,9.19,9.18
sz300214,日科化学,2017-01-10,9.28,9.29,9.03,9.03,9.25,6365563.0,58302229.0,3657150000.0,3657150000.0,92215789.75,176717151.94,1345471587.27,1483467694.2,137996106.93,22076962.15,2538.94,2169.98,1719.14,2137.25,1457.45,1032.52,114.67,490.45,,,,,,,基础化工,化学制品,其他化学制品,9.23,9.2,9.23
sz300214,日科化学,2017-01-11,9.02,9.19,8.88,8.92,9.03,6168915.0,55594029.0,3612600000.0,3612600000.0,92215789.75,176717151.94,1345471587.27,1483467694.2,137996106.93,22076962.15,2497.7,2260.96,1305.15,1890.14,1571.82,1126.18,184.73,282.11,,,,,,,基础化工,化学制品,其他化学制品,9.13,9.13,9.17
sz300214,日科化学,2017-01-12,8.94,9.18,8.8,8.82,8.92,5239051.0,47043562.0,3572100000.0,3572100000.0,92215789.75,176717151.94,1345471587.27,1483467694.2,137996106.93,22076962.15,2123.75,1837.63,906.19,1506.04,1470.11,1266.47,204.29,94.21,,,,,,,基础化工,化学制品,其他化学制品,9.13,9.05,9.02
sz300214,日科化学,2017-01-13,8.82,8.89,8.59,8.68,8.82,5853889.0,51233279.0,3515400000.0,3515400000.0,92215789.75,176717151.94,1345471587.27,1483467694.2,137996106.93,22076962.15,2431.55,2338.67,984.9,1482.53,1706.88,1183.63,0.0,118.5,,,,,,,基础化工,化学制品,其他化学制品,8.85,8.84,8.81
sz300214,日科化学,2017-01-16,8.67,8.74,7.87,8.31,8.68,8273358.0,69828929.0,3365550000.0,3365550000.0,92215789.75,176717151.94,1345471587.27,1483467694.2,137996106.93,22076962.15,3316.82,3215.66,1281.72,2156.43,2267.57,1305.17,116.78,305.63,,,,,,,基础化工,化学制品,其他化学制品,8.68,8.6,8.61
sz300214,日科化学,2017-01-17,8.29,8.6,8.21,8.5,8.31,6515703.0,54833786.0,3442500000.0,3442500000.0,92215789.75,176717151.94,1345471587.27,1483467694.2,137996106.93,22076962.15,2630.23,2405.89,1622.37,1277.41,919.43,1524.51,311.33,275.56,,,,,,,基础化工,化学制品,其他化学制品,8.27,8.31,8.33
sz300214,日科化学,2017-01-18,8.5,8.54,8.29,8.31,8.5,3239645.0,27200513.0,3365550000.0,3365550000.0,92215789.75,176717151.94,1345471587.27,1483467694.2,137996106.93,22076962.15,1358.22,1146.84,328.89,457.25,987.21,1037.63,0.0,32.6,,,,,,,基础化工,化学制品,其他化学制品,8.49,8.48,8.5
sz300214,日科化学,2017-01-19,8.31,8.32,8.16,8.23,8.31,2965728.0,24438546.0,3333150000.0,3333150000.0,92215789.75,176717151.94,1345471587.27,1483467694.2,137996106.93,22076962.15,1207.87,1196.87,350.1,524.2,884.97,722.78,0.9,0.0,,,,,,,基础化工,化学制品,其他化学制品,8.29,8.21,8.2
sz300214,日科化学,2017-01-20,8.22,8.45,8.2,8.4,8.23,3961431.0,33210683.0,3402000000.0,3402000000.0,92215789.75,176717151.94,1345471587.27,1483467694.2,137996106.93,22076962.15,1259.58,1401.16,1147.64,1008.47,802.31,911.43,111.54,0.0,,,,,,,基础化工,化学制品,其他化学制品,8.26,8.29,8.29
sz300214,日科化学,2017-01-23,8.43,8.62,8.37,8.51,8.4,4568851.0,38988463.0,3446550000.0,3446550000.0,92215789.75,176717151.94,1345471587.27,1483467694.2,137996106.93,22076962.15,1285.69,2356.21,1676.64,584.95,770.29,957.69,166.23,0.0,,,,,,,基础化工,化学制品,其他化学制品,8.45,8.49,8.5
sz300214,日科化学,2017-01-24,8.51,8.51,8.35,8.4,8.51,6666998.0,55986867.0,3402000000.0,3402000000.0,92215789.75,176717151.94,1345471587.27,1483467694.2,137996106.93,22076962.15,1989.24,1204.23,1398.49,1979.54,1061.32,1265.29,0.0,0.0,,,,,,,基础化工,化学制品,其他化学制品,8.47,8.42,8.43
sz300214,日科化学,2017-01-25,8.37,8.43,8.31,8.39,8.4,5176083.0,43274013.0,3397950000.0,3397950000.0,92215789.75,176717151.94,1345471587.27,1483467694.2,137996106.93,22076962.15,1863.45,1944.13,753.21,1110.0,1311.39,835.54,0.0,38.38,,,,,,,基础化工,化学制品,其他化学制品,8.38,8.41,8.34
sz300214,日科化学,2017-01-26,8.39,8.45,8.34,8.41,8.39,2833392.0,23819713.0,3406050000.0,3406050000.0,92215789.75,176717151.94,1345471587.27,1483467694.2,137996106.93,22076962.15,1094.87,1079.82,368.85,631.67,918.24,670.47,0.0,0.0,,,,,,,基础化工,化学制品,其他化学制品,8.4,8.4,8.43
sz300214,日科化学,2017-02-03,8.42,8.46,8.36,8.45,8.41,3096999.0,26050268.0,3422250000.0,3422250000.0,92215789.75,176717151.94,1345471587.27,1483467694.2,137996106.93,22076962.15,1051.36,1318.49,591.01,463.64,962.66,822.9,0.0,0.0,,,,,,,基础化工,化学制品,其他化学制品,8.41,8.38,8.41
sz300214,日科化学,2017-02-06,8.46,8.52,8.39,8.52,8.45,4650588.0,39317722.0,3450600000.0,3450600000.0,92215789.75,176717151.94,1345471587.27,1483467694.2,137996106.93,22076962.15,1696.82,1852.65,569.74,700.72,1665.21,1378.39,0.0,0.0,,,,,,,基础化工,化学制品,其他化学制品,8.43,8.45,8.44
sz300214,日科化学,2017-02-07,8.51,8.63,8.47,8.58,8.52,4602117.0,39379324.0,3474900000.0,3474900000.0,92215789.75,176717151.94,1345471587.27,1483467694.2,137996106.93,22076962.15,1291.78,1785.82,1515.02,854.11,1131.11,1266.22,0.0,31.76,,,,,,,基础化工,化学制品,其他化学制品,8.51,8.55,8.52
sz300214,日科化学,2017-02-08,8.59,8.73,8.55,8.73,8.58,4793105.0,41439542.0,3535650000.0,3535650000.0,92215789.75,176717151.94,1345471587.27,1483467694.2,137996106.93,22076962.15,2232.41,2184.4,847.34,480.87,933.46,1478.68,130.74,0.0,,,,,,,基础化工,化学制品,其他化学制品,8.58,8.58,8.61
sz300214,日科化学,2017-02-09,8.75,8.8,8.65,8.76,8.73,2987271.0,26168945.0,3547800000.0,3547800000.0,92215789.75,176717151.94,1345471587.27,1483467694.2,137996106.93,22076962.15,1160.58,1250.11,432.9,399.02,1023.39,967.74,0.0,0.0,,,,,,,基础化工,化学制品,其他化学制品,8.72,8.72,8.75
sz300214,日科化学,2017-02-10,8.79,8.81,8.64,8.7,8.76,4527768.0,39480205.0,3523500000.0,3523500000.0,92215789.75,176717151.94,1345471587.27,1483467694.2,137996106.93,22076962.15,1941.83,2052.18,756.52,975.07,1249.66,885.53,0.0,35.23,,,,,,,基础化工,化学制品,其他化学制品,8.77,8.81,8.79
sz300214,日科化学,2017-02-13,8.71,8.84,8.62,8.83,8.7,4329094.0,37839029.0,3576150000.0,3576150000.0,92215789.75,176717151.94,1345471587.27,1483467694.2,137996106.93,22076962.15,1698.57,1379.95,838.52,1052.08,1033.79,1139.0,175.95,175.8,,,,,,,基础化工,化学制品,其他化学制品,8.7,8.65,8.69
sz300214,日科化学,2017-02-14,8.86,8.91,8.75,8.78,8.83,3022123.0,26616459.0,3555900000.0,3555900000.0,92215789.75,176717151.94,1345471587.27,1483467694.2,137996106.93,22076962.15,1243.0,1142.05,570.55,619.04,848.06,900.52,0.0,0.0,,,,,,,基础化工,化学制品,其他化学制品,8.85,8.81,8.79
sz300214,日科化学,2017-02-15,8.75,8.79,8.64,8.65,8.78,3323700.0,28980158.0,3503250000.0,3503250000.0,92215789.75,176717151.94,1345471587.27,1483467694.2,137996106.93,22076962.15,1030.99,1501.73,723.98,767.91,986.65,628.36,156.39,0.0,,,,,,,基础化工,化学制品,其他化学制品,8.73,8.78,8.79
sz300214,日科化学,2017-02-16,8.64,8.74,8.6,8.71,8.65,2437807.0,21179438.0,3527550000.0,3527550000.0,92215789.75,176717151.94,1345471587.27,1483467694.2,137996106.93,22076962.15,967.52,968.41,340.35,580.15,810.07,569.38,0.0,0.0,,,,,,,基础化工,化学制品,其他化学制品,8.65,8.65,8.66
sz300214,日科化学,2017-02-17,8.71,8.83,8.59,8.68,8.71,4231149.0,36853467.0,3515400000.0,3515400000.0,92215789.75,176717151.94,1345471587.27,1483467694.2,137996106.93,22076962.15,1804.41,1575.42,809.36,657.54,971.13,1123.37,100.45,329.02,,,,,,,基础化工,化学制品,其他化学制品,8.72,8.74,8.8
sz300214,日科化学,2017-02-20,8.67,8.82,8.64,8.82,8.68,4694231.0,41108135.0,3572100000.0,3572100000.0,92215789.75,176717151.94,1345471587.27,1483467694.2,137996106.93,22076962.15,1864.46,1999.51,1313.32,758.01,933.03,1353.28,0.0,0.0,,,,,,,基础化工,化学制品,其他化学制品,8.66,8.68,8.72
sz300214,日科化学,2017-02-21,8.85,8.86,8.71,8.79,8.82,9354660.0,81977521.0,3559950000.0,3559950000.0,92215789.75,176717151.94,1345471587.27,1483467694.2,137996106.93,22076962.15,3752.59,2598.55,1551.54,1099.76,2502.47,4027.08,218.24,299.45,,,,,,,基础化工,化学制品,其他化学制品,8.8,8.8,8.78
sz300214,日科化学,2017-02-22,8.75,8.85,8.75,8.8,8.79,5570062.0,49004158.0,3564000000.0,3564000000.0,92215789.75,176717151.94,1345471587.27,1483467694.2,137996106.93,22076962.15,2489.56,2584.21,1030.02,988.52,1232.89,857.03,0.0,322.71,,,,,,,基础化工,化学制品,其他化学制品,8.77,8.8,8.79
sz300214,日科化学,2017-02-23,8.8,8.85,8.72,8.8,8.8,4387617.0,38552824.0,3564000000.0,3564000000.0,92215789.75,176717151.94,1345471587.27,1483467694.2,137996106.93,22076962.15,1631.53,1883.29,983.61,873.65,1240.13,1098.34,0.0,0.0,,,,,,,基础化工,化学制品,其他化学制品,8.78,8.83,8.81
sz300214,日科化学,2017-02-24,8.8,8.93,8.76,8.88,8.8,5794145.0,51314371.0,3596400000.0,3596400000.0,92215789.75,176717151.94,1345471587.27,1483467694.2,137996106.93,22076962.15,2423.56,2283.76,880.52,1641.46,1251.63,1206.2,575.71,0.0,,,,,,,基础化工,化学制品,其他化学制品,8.78,8.78,8.8
sz300214,日科化学,2017-02-27,8.85,8.99,8.68,8.75,8.88,6708234.0,59570042.0,3543750000.0,3543750000.0,92215789.75,176717151.94,1345471587.27,1483467694.2,137996106.93,22076962.15,2495.22,2546.93,1078.92,1616.34,2163.58,1291.12,219.27,502.6,,,,,,,基础化工,化学制品,其他化学制品,8.88,8.88,8.9
sz300214,日科化学,2017-02-28,8.79,8.87,8.77,8.85,8.75,3939453.0,34724659.0,3584250000.0,3584250000.0,92215789.75,176717151.94,1345471587.27,1483467694.2,137996106.93,22076962.15,1294.19,1674.3,608.06,824.78,1437.56,870.64,132.64,102.73,,,,,,,基础化工,化学制品,其他化学制品,8.85,8.8,8.82
sz300214,日科化学,2017-03-01,8.81,8.97,8.5,8.92,8.85,5890003.0,52202174.0,3612600000.0,3612600000.0,92215789.75,176717151.94,1345471587.27,1483467694.2,137996106.93,22076962.15,2424.44,1949.97,964.12,1584.09,1707.04,1533.39,124.61,152.76,,,,,,,基础化工,化学制品,其他化学制品,8.74,8.79,8.78
sz300214,日科化学,2017-03-02,8.92,8.95,8.8,8.86,8.92,4159454.0,36875740.0,3588300000.0,3588300000.0,92215789.75,176717151.94,1345471587.27,1483467694.2,137996106.93,22076962.15,1909.99,1587.77,550.43,1178.83,1227.14,920.97,0.0,0.0,,,,,,,基础化工,化学制品,其他化学制品,8.91,8.9,8.9
sz300214,日科化学,2017-03-03,8.86,8.89,8.77,8.87,8.86,3239501.0,28613052.0,3592350000.0,3592350000.0,92215789.75,176717151.94,1345471587.27,1483467694.2,137996106.93,22076962.15,1237.3,1255.94,530.04,652.22,1093.95,850.49,0.0,102.64,,,,,,,基础化工,化学制品,其他化学制品,8.83,8.85,8.8
sz300214,日科化学,2017-03-06,8.87,9.03,8.87,9.03,8.87,6851502.0,61570132.0,3657150000.0,3657150000.0,92215789.75,176717151.94,1345471587.27,1483467694.2,137996106.93,22076962.15,3042.38,2486.03,1440.35,1714.59,1674.27,1796.27,0.0,160.11,,,,,,,基础化工,化学制品,其他化学制品,8.9,8.93,8.97
sz300214,日科化学,2017-03-07,9.03,9.06,9.0,9.04,9.03,4620554.0,41746874.0,3661200000.0,3661200000.0,92215789.75,176717151.94,1345471587.27,1483467694.2,137996106.93,22076962.15,2096.29,2063.78,609.38,911.41,1469.01,1199.48,0.0,0.0,,,,,,,基础化工,化学制品,其他化学制品,9.01,9.04,9.02
sz300214,日科化学,2017-03-08,9.03,9.06,8.87,8.96,9.04,4295715.0,38488152.0,3628800000.0,3628800000.0,92215789.75,176717151.94,1345471587.27,1483467694.2,137996106.93,22076962.15,1389.94,1682.07,607.51,840.26,1851.36,1326.47,0.0,0.0,,,,,,,基础化工,化学制品,其他化学制品,9.04,9.04,9.03
sz300214,日科化学,2017-03-09,8.96,9.16,8.85,9.08,8.96,5229006.0,46992337.0,3677400000.0,3677400000.0,92215789.75,176717151.94,1345471587.27,1483467694.2,137996106.93,22076962.15,2202.13,2497.77,543.59,499.18,1284.27,1474.27,669.22,228.0,,,,,,,基础化工,化学制品,其他化学制品,8.91,8.89,8.93
sz300214,日科化学,2017-03-10,9.04,9.11,8.93,8.96,9.08,3823951.0,34455519.0,3628800000.0,3628800000.0,92215789.75,176717151.94,1345471587.27,1483467694.2,137996106.93,22076962.15,1518.36,1814.66,731.82,741.52,1195.36,889.36,0.0,0.0,,,,,,,基础化工,化学制品,其他化学制品,9.04,9.04,9.06
sz300214,日科化学,2017-03-13,8.96,8.98,8.82,8.95,8.96,3975920.0,35359067.0,3624750000.0,3624750000.0,92215789.75,176717151.94,1345471587.27,1483467694.2,137996106.93,22076962.15,1504.13,1437.68,637.86,932.6,1393.9,1165.62,0.0,0.0,,,,,,,基础化工,化学制品,其他化学制品,8.87,8.86,8.88
sz300214,日科化学,2017-03-14,8.99,9.0,8.79,8.8,8.95,4169678.0,37005684.0,3564000000.0,3564000000.0,92215789.75,176717151.94,1345471587.27,1483467694.2,137996106.93,22076962.15,1596.96,1880.51,379.59,1114.19,1724.0,705.85,0.0,0.0,,,,,,,基础化工,化学制品,其他化学制品,8.99,8.94,8.91
sz300214,日科化学,2017-03-15,8.81,8.85,8.75,8.82,8.8,1919304.0,16896726.0,3572100000.0,3572100000.0,92215789.75,176717151.94,1345471587.27,1483467694.2,137996106.93,22076962.15,807.63,939.38,80.95,202.04,801.09,548.25,0.0,0.0,,,,,,,基础化工,化学制品,其他化学制品,8.77,8.75,8.78
sz300214,日科化学,2017-03-16,8.83,8.91,8.81,8.87,8.82,4134220.0,36668693.0,3592350000.0,3592350000.0,92215789.75,176717151.94,1345471587.27,1483467694.2,137996106.93,22076962.15,1595.98,1425.0,798.34,1266.72,1121.55,975.14,150.99,0.0,,,,,,,基础化工,化学制品,其他化学制品,8.82,8.9,8.9
sz300214,日科化学,2017-03-17,8.86,8.92,8.72,8.78,8.87,5293104.0,46768373.0,3555900000.0,3555900000.0,92215789.75,176717151.94,1345471587.27,1483467694.2,137996106.93,22076962.15,2180.85,1943.2,896.17,1391.09,1599.8,886.33,0.0,456.2,,,,,,,基础化工,化学制品,其他化学制品,8.9,8.89,8.9
sz300214,日科化学,2017-03-20,8.76,8.85,8.68,8.81,8.78,5077625.0,44463321.0,3568050000.0,3568050000.0,92215789.75,176717151.94,1345471587.27,1483467694.2,137996106.93,22076962.15,1881.82,1971.16,516.94,955.82,2047.55,1412.38,0.0,106.96,,,,,,,基础化工,化学制品,其他化学制品,8.77,8.73,8.69
sz300214,日科化学,2017-03-21,8.8,8.87,8.77,8.86,8.81,3365103.0,29717305.0,3588300000.0,3588300000.0,92215789.75,176717151.94,1345471587.27,1483467694.2,137996106.93,22076962.15,1055.07,1205.22,788.99,288.53,1127.66,1160.82,0.0,317.15,,,,,,,基础化工,化学制品,其他化学制品,8.82,8.84,8.85
sz300214,日科化学,2017-03-22,8.83,8.89,8.76,8.85,8.86,4699849.0,41511549.0,3584250000.0,3584250000.0,92215789.75,176717151.94,1345471587.27,1483467694.2,137996106.93,22076962.15,1174.23,1962.86,1466.95,1014.7,1503.35,1173.58,6.61,0.0,,,,,,,基础化工,化学制品,其他化学制品,8.8,8.81,8.87
sz300214,日科化学,2017-03-23,8.83,8.84,8.67,8.73,8.85,5105685.0,44708551.0,3535650000.0,3535650000.0,92215789.75,176717151.94,1345471587.27,1483467694.2,137996106.93,22076962.15,1833.72,2127.74,787.74,825.74,1849.37,1408.82,0.0,108.53,,,,,,,基础化工,化学制品,其他化学制品,8.81,8.8,8.79
sz300214,日科化学,2017-03-24,8.72,8.74,8.58,8.68,8.73,5119540.0,44228786.0,3515400000.0,3515400000.0,92215789.75,176717151.94,1345471587.27,1483467694.2,137996106.93,22076962.15,1806.72,1293.78,928.06,1043.38,1497.56,1286.99,190.53,798.7,,,,,,,基础化工,化学制品,其他化学制品,8.74,8.7,8.64
sz300214,日科化学,2017-03-27,8.67,8.7,8.52,8.54,8.68,5275022.0,45416130.0,3458700000.0,3458700000.0,92215789.75,176717151.94,1345471587.27,1483467694.2,137996106.93,22076962.15,1789.85,1116.97,682.93,1014.66,1896.21,1719.67,172.6,690.29,,,,,,,基础化工,化学制品,其他化学制品,8.69,8.66,8.67
sz300214,日科化学,2017-03-28,8.54,8.67,8.52,8.61,8.54,3766825.0,32426002.0,3487050000.0,3487050000.0,92215789.75,176717151.94,1345471587.27,1483467694.2,137996106.93,22076962.15,1319.77,1414.02,670.31,620.62,1148.61,1105.05,103.89,102.91,,,,,,,基础化工,化学制品,其他化学制品,8.59,8.58,8.58
sz300214,日科化学,2017-03-29,8.63,8.65,8.46,8.5,8.61,3231597.0,27716386.0,3442500000.0,3442500000.0,92215789.75,176717151.94,1345471587.27,1483467694.2,137996106.93,22076962.15,1177.0,1112.7,503.9,526.41,958.79,1132.51,131.92,0.0,,,,,,,基础化工,化学制品,其他化学制品,8.63,8.6,8.61
sz300214,日科化学,2017-03-30,8.5,8.53,8.22,8.24,8.5,5610760.0,46606170.0,3337200000.0,3337200000.0,92215789.75,176717151.94,1345471587.27,1483467694.2,137996106.93,22076962.15,2442.05,1536.9,397.05,1150.36,1821.48,1870.52,0.0,102.8,,,,,,,基础化工,化学制品,其他化学制品,8.46,8.5,8.44
sz300214,日科化学,2017-03-31,8.27,8.32,8.17,8.26,8.24,4901478.0,40396139.0,3345300000.0,3345300000.0,92215789.75,176717151.94,1345471587.27,1483467694.2,137996106.93,22076962.15,1537.37,1326.96,1236.17,882.92,1266.04,1714.27,0.0,115.43,,,,,,,基础化工,化学制品,其他化学制品,8.24,8.28,8.31
sz300214,日科化学,2017-04-05,8.28,8.43,8.26,8.4,8.26,4979249.0,41572194.0,3402000000.0,3402000000.0,92215789.75,176717151.94,1345471587.27,1483467694.2,137996106.93,22076962.15,1743.75,1393.58,1247.61,1333.24,1165.75,1326.18,0.0,104.11,,,,,,,基础化工,化学制品,其他化学制品,8.27,8.3,8.31
sz300214,日科化学,2017-04-06,8.37,8.46,8.37,8.43,8.4,4184836.0,35233449.0,3414150000.0,3414150000.0,92215789.75,176717151.94,1345471587.27,1483467694.2,137996106.93,22076962.15,1261.61,1543.8,871.64,1024.49,1390.09,955.04,0.0,0.0,,,,,,,基础化工,化学制品,其他化学制品,8.41,8.44,8.42
sz300214,日科化学,2017-04-07,8.44,8.45,8.36,8.41,8.43,2663313.0,22372044.0,3406050000.0,3406050000.0,92215789.75,176717151.94,1345471587.27,1483467694.2,137996106.93,22076962.15,964.59,867.3,549.83,851.12,722.78,518.78,0.0,0.0,,,,,,,基础化工,化学制品,其他化学制品,8.42,8.41,8.43
sz300214,日科化学,2017-04-10,8.31,8.51,8.28,8.41,8.41,6303361.0,53074496.0,3406050000.0,3406050000.0,92215789.75,176717151.94,1345471587.27,1483467694.2,137996106.93,22076962.15,1710.68,2787.04,1156.77,978.85,2326.17,1541.53,113.8,0.0,,,,,,,基础化工,化学制品,其他化学制品,8.3,8.31,8.35
sz300214,日科化学,2017-04-11,8.38,8.48,8.27,8.48,8.41,3334960.0,28015033.0,3434400000.0,3434400000.0,92215789.75,176717151.94,1345471587.27,1483467694.2,137996106.93,22076962.15,1294.63,1278.84,687.15,804.28,819.72,718.38,0.0,0.0,,,,,,,基础化工,化学制品,其他化学制品,8.42,8.45,8.42
sz300214,日科化学,2017-04-12,8.45,8.45,8.27,8.36,8.48,3155867.0,26385792.0,3385800000.0,3385800000.0,92215789.75,176717151.94,1345471587.27,1483467694.2,137996106.93,22076962.15,1032.15,1072.65,762.72,684.9,696.65,881.02,147.04,0.0,,,,,,,基础化工,化学制品,其他化学制品,8.37,8.36,8.38
sz300214,日科化学,2017-04-13,8.37,8.45,8.32,8.43,8.36,3144095.0,26454849.0,3414150000.0,3414150000.0,92215789.75,176717151.94,1345471587.27,1483467694.2,137996106.93,22076962.15,1120.25,1235.43,684.78,801.74,840.45,608.3,0.0,0.0,,,,,,,基础化工,化学制品,其他化学制品,8.36,8.35,8.38
sz300214,日科化学,2017-04-14,8.44,8.45,8.2,8.24,8.43,3902550.0,32371670.0,3337200000.0,3337200000.0,92215789.75,176717151.94,1345471587.27,1483467694.2,137996106.93,22076962.15,1471.87,1168.96,644.77,690.66,990.7,897.85,129.82,479.69,,,,,,,基础化工,化学制品,其他化学制品,8.43,8.39,8.38
sz300214,日科化学,2017-04-17,8.24,8.3,8.07,8.17,8.24,3880534.0,31700910.0,3308850000.0,3308850000.0,79984138.19,-56083716.39,1358917039.6699998,1476116816.35,117199776.68,13445452.399999999,1423.16,1214.14,1050.05,924.19,696.87,1031.75,0.0,0.0,,,,,,,基础化工,化学制品,其他化学制品,8.28,8.2,8.21
sz300214,日科化学,2017-04-18,8.15,8.24,7.92,7.99,8.17,3822920.0,30921252.0,3235950000.0,3235950000.0,79984138.19,-56083716.39,1358917039.6699998,1476116816.35,117199776.68,13445452.399999999,1088.41,1256.22,1059.48,985.69,944.23,850.2,0.0,0.0,,,,,,,基础化工,化学制品,其他化学制品,8.18,8.18,8.19
sz300214,日科化学,2017-04-19,7.95,7.98,7.75,7.81,7.99,3723746.0,29110944.0,3163050000.0,3163050000.0,79984138.19,-56083716.39,1358917039.6699998,1476116816.35,117199776.68,13445452.399999999,927.16,1367.38,757.45,605.47,1167.29,918.07,59.2,20.17,,,,,,,基础化工,化学制品,其他化学制品,7.96,7.92,7.84
sz300214,日科化学,2017-04-20,7.81,7.88,7.52,7.59,7.81,4449484.0,34098529.0,3073950000.0,3073950000.0,79984138.19,-56083716.39,1358917039.6699998,1476116816.35,117199776.68,13445452.399999999,1272.77,1076.9,557.07,626.71,1580.01,1706.24,0.0,0.0,,,,,,,基础化工,化学制品,其他化学制品,7.78,7.8,7.8
sz300214,日科化学,2017-04-21,7.61,7.67,7.57,7.59,7.59,2743780.0,20901773.0,3073950000.0,3073950000.0,79984138.19,-56083716.39,1358917039.6699998,1476116816.35,117199776.68,13445452.399999999,833.17,729.88,517.65,531.46,739.35,828.83,0.0,0.0,,,,,,,基础化工,化学制品,其他化学制品,7.62,7.66,7.64
sz300214,日科化学,2017-04-24,7.6,7.69,7.29,7.37,7.59,3023400.0,22573333.0,2984850000.0,2984850000.0,79984138.19,-56083716.39,1358917039.6699998,1476116816.35,117199776.68,13445452.399999999,964.94,938.8,249.65,597.2,943.73,622.31,0.0,0.0,,,,,,,基础化工,化学制品,其他化学制品,7.61,7.53,7.52
sz300214,日科化学,2017-04-25,7.28,7.44,7.25,7.37,7.37,2391755.0,17584982.0,2984850000.0,2984850000.0,72816167.63999999,-44422229.2,1368431061.74,1506411155.64,137980093.9,9514022.07,654.01,643.36,405.1,522.06,678.68,593.07,20.7,0.0,,,,,,,基础化工,化学制品,其他化学制品,7.37,7.29,7.31
sz300214,日科化学,2017-04-26,7.36,7.39,7.32,7.34,7.37,2010873.0,14787544.0,2972700000.0,2972700000.0,72816167.63999999,-44422229.2,1368431061.74,1506411155.64,137980093.9,9514022.07,712.03,792.24,303.7,335.31,463.02,351.2,0.0,0.0,,,,,,,基础化工,化学制品,其他化学制品,7.33,7.35,7.35
sz300214,日科化学,2017-04-27,7.34,7.38,7.0,7.37,7.34,3650892.0,26357008.0,2984850000.0,2984850000.0,72816167.63999999,-44422229.2,1368431061.74,1506411155.64,137980093.9,9514022.07,1063.44,966.94,526.9,975.2,1045.36,693.56,0.0,0.0,,,,,,,基础化工,化学制品,其他化学制品,7.32,7.25,7.26
sz300214,日科化学,2017-04-28,7.33,7.45,7.32,7.45,7.37,2760252.0,20419235.0,3017250000.0,3017250000.0,72816167.63999999,-44422229.2,1368431061.74,1506411155.64,137980093.9,9514022.07,541.08,847.87,923.85,787.9,576.98,406.16,0.0,0.0,,,,,,,基础化工,化学制品,其他化学制品,7.39,7.35,7.39
sz300214,日科化学,2017-05-02,7.45,7.52,7.39,7.46,7.45,2377868.0,17738053.0,3021300000.0,3021300000.0,72816167.63999999,-44422229.2,1368431061.74,1506411155.64,137980093.9,9514022.07,635.77,564.81,612.25,455.91,525.77,633.41,0.0,119.68,,,,,,,基础化工,化学制品,其他化学制品,7.43,7.45,7.43
sz300214,日科化学,2017-05-03,7.47,7.55,7.43,7.49,7.46,2412605.0,18041232.0,3033450000.0,3033450000.0,72816167.63999999,-44422229.2,1368431061.74,1506411155.64,137980093.9,9514022.07,605.19,724.18,589.52,496.72,609.41,482.24,0.0,100.98,,,,,,,基础化工,化学制品,其他化学制品,7.46,7.47,7.54
sz300214,日科化学,2017-05-04,7.47,7.55,7.45,7.45,7.49,2836361.0,21239502.0,3017250000.0,3017250000.0,72816167.63999999,-44422229.2,1368431061.74,1506411155.64,137980093.9,9514022.07,603.23,778.91,726.97,702.4,774.57,569.21,19.18,73.43,,,,,,,基础化工,化学制品,其他化学制品,7.47,7.48,7.46
sz300214,日科化学,2017-05-05,7.45,7.45,7.17,7.2,7.45,3575700.0,26245479.0,2916000000.0,2916000000.0,72816167.63999999,-44422229.2,1368431061.74,1506411155.64,137980093.9,9514022.07,909.46,1159.91,716.99,476.77,998.1,987.86,0.0,0.0,,,,,,,基础化工,化学制品,其他化学制品,7.44,7.41,7.41
sz300214,日科化学,2017-05-08,7.2,7.2,7.01,7.03,7.2,4357102.0,30773402.0,2847150000.0,2847150000.0,72816167.63999999,-44422229.2,1368431061.74,1506411155.64,137980093.9,9514022.07,957.05,1320.62,488.3,794.43,1430.5,792.18,201.48,170.1,,,,,,,基础化工,化学制品,其他化学制品,7.08,7.1,7.06
sz300214,日科化学,2017-05-09,7.03,7.12,6.92,7.11,7.03,3569770.0,25089834.0,2879550000.0,2879550000.0,72816167.63999999,-44422229.2,1368431061.74,1506411155.64,137980093.9,9514022.07,1334.31,1064.75,117.19,275.12,1057.48,1169.1,0.0,0.0,,,,,,,基础化工,化学制品,其他化学制品,7.05,7.0,6.99
sz300214,日科化学,2017-05-10,7.08,7.15,6.88,6.89,7.11,2303720.0,16216084.0,2790450000.0,2790450000.0,72816167.63999999,-44422229.2,1368431061.74,1506411155.64,137980093.9,9514022.07,573.78,639.54,42.27,227.63,1005.55,754.43,0.0,0.0,,,,,,,基础化工,化学制品,其他化学制品,7.11,7.14,7.11
sz300214,日科化学,2017-05-11,6.88,6.88,6.6,6.79,6.89,4465360.0,30059490.0,2749950000.0,2749950000.0,72816167.63999999,-44422229.2,1368431061.74,1506411155.64,137980093.9,9514022.07,1282.96,1012.52,327.8,667.64,1395.18,850.22,0.0,475.56,,,,,,,基础化工,化学制品,其他化学制品,6.83,6.81,6.8
sz300214,日科化学,2017-05-12,6.78,6.78,6.66,6.71,6.79,2206436.0,14819767.0,2717550000.0,2717550000.0,72816167.63999999,-44422229.2,1368431061.74,1506411155.64,137980093.9,9514022.07,660.39,571.34,143.53,292.4,678.06,618.23,0.0,0.0,,,,,,,基础化工,化学制品,其他化学制品,6.77,6.75,6.72
sz300214,日科化学,2017-05-15,6.73,6.77,6.65,6.71,6.71,3582201.0,23973174.0,2717550000.0,2717550000.0,72816167.63999999,-44422229.2,1368431061.74,1506411155.64,137980093.9,9514022.07,920.17,608.1,286.3,822.85,745.29,383.07,445.55,583.29,,,,,,,基础化工,化学制品,其他化学制品,6.75,6.73,6.7
sz300214,日科化学,2017-05-16,6.69,6.97,6.62,6.95,6.71,4989902.0,33696719.0,2814750000.0,2814750000.0,72816167.63999999,-44422229.2,1368431061.74,1506411155.64,137980093.9,9514022.07,1329.16,1370.09,681.83,740.13,1238.62,1061.06,120.06,198.39,,,,,,,基础化工,化学制品,其他化学制品,6.68,6.66,6.66
sz300214,日科化学,2017-05-17,6.93,7.08,6.87,7.04,6.95,3353038.0,23501595.0,2851200000.0,2851200000.0,72816167.63999999,-44422229.2,1368431061.74,1506411155.64,137980093.9,9514022.07,930.0,1038.76,250.61,316.2,1169.53,995.19,0.0,0.0,,,,,,,基础化工,化学制品,其他化学制品,6.94,6.96,7.01
sz300214,日科化学,2017-05-18,7.02,7.11,6.92,7.06,7.04,2898205.0,20400475.0,2859300000.0,2859300000.0,72816167.63999999,-44422229.2,1368431061.74,1506411155.64,137980093.9,9514022.07,516.21,732.94,732.7,371.4,791.13,935.7,0.0,0.0,,,,,,,基础化工,化学制品,其他化学制品,6.95,7.0,7.08
sz300214,日科化学,2017-05-19,7.06,7.09,6.98,7.02,7.06,1559311.0,10961394.0,2843100000.0,2843100000.0,72816167.63999999,-44422229.2,1368431061.74,1506411155.64,137980093.9,9514022.07,454.69,423.36,194.49,170.44,446.96,502.34,0.0,0.0,,,,,,,基础化工,化学制品,其他化学制品,7.06,7.07,7.03
sz300214,日科化学,2017-05-22,7.0,7.04,6.7,6.78,7.02,2206567.0,15172957.0,2745900000.0,2745900000.0,72816167.63999999,-44422229.2,1368431061.74,1506411155.64,137980093.9,9514022.07,637.44,720.09,129.57,153.88,750.27,643.32,0.0,0.0,,,,,,,基础化工,化学制品,其他化学制品,7.0,6.98,7.0
sz300214,日科化学,2017-05-23,6.71,6.76,6.51,6.54,6.78,3072002.0,20470142.0,2648700000.0,2648700000.0,72816167.63999999,-44422229.2,1368431061.74,1506411155.64,137980093.9,9514022.07,647.3,532.67,313.5,403.43,954.19,774.9,132.0,336.0,,,,,,,基础化工,化学制品,其他化学制品,6.72,6.75,6.7
sz300214,日科化学,2017-05-24,6.41,6.65,6.41,6.64,6.54,1841428.0,12119458.0,2689200000.0,2689200000.0,72816167.63999999,-44422229.2,1368431061.74,1506411155.64,137980093.9,9514022.07,401.57,478.04,186.79,171.65,623.58,562.26,0.0,0.0,,,,,,,基础化工,化学制品,其他化学制品,6.57,6.44,6.51
sz300214,日科化学,2017-05-25,6.6,6.75,6.48,6.7,6.59,2385888.0,15811956.0,2713500000.0,2713500000.0,72816167.63999999,-44422229.2,1368431061.74,1506411155.64,137980093.9,9514022.07,624.69,481.24,219.6,177.43,736.9,793.96,0.0,128.55,,,,,,,基础化工,化学制品,其他化学制品,6.63,6.67,6.61
sz300214,日科化学,2017-05-26,6.65,6.77,6.65,6.68,6.7,1752591.0,11777631.0,2705400000.0,2705400000.0,72816167.63999999,-44422229.2,1368431061.74,1506411155.64,137980093.9,9514022.07,506.08,544.14,197.98,221.04,473.7,412.58,0.0,0.0,,,,,,,基础化工,化学制品,其他化学制品,6.72,6.75,6.71
sz300214,日科化学,2017-05-31,6.75,6.84,6.67,6.69,6.68,1526996.0,10318618.0,2709450000.0,2709450000.0,72816167.63999999,-44422229.2,1368431061.74,1506411155.64,137980093.9,9514022.07,428.92,374.89,200.27,201.83,402.66,455.14,0.0,0.0,,,,,,,基础化工,化学制品,其他化学制品,6.77,6.83,6.78
sz300214,日科化学,2017-06-01,6.73,6.74,6.47,6.59,6.69,1627190.0,10752260.0,2668950000.0,2668950000.0,72816167.63999999,-44422229.2,1368431061.74,1506411155.64,137980093.9,9514022.07,379.99,464.31,130.49,168.62,564.74,442.3,0.0,0.0,,,,,,,基础化工,化学制品,其他化学制品,6.65,6.64,6.67
sz300214,日科化学,2017-06-02,6.57,6.76,6.45,6.7,6.59,2772447.0,18303847.0,2713500000.0,2713500000.0,72816167.63999999,-44422229.2,1368431061.74,1506411155.64,137980093.9,9514022.07,866.25,691.75,410.77,411.43,553.36,727.2,0.0,0.0,,,,,,,基础化工,化学制品,其他化学制品,6.53,6.48,6.52
sz300214,日科化学,2017-06-05,6.72,6.78,6.67,6.76,6.7,1969041.0,13275078.0,2737800000.0,2737800000.0,72816167.63999999,-44422229.2,1368431061.74,1506411155.64,137980093.9,9514022.07,503.82,375.43,363.2,371.68,460.48,531.6,0.0,48.79,,,,,,,基础化工,化学制品,其他化学制品,6.7,6.75,6.76
sz300214,日科化学,2017-06-06,6.75,6.78,6.69,6.76,6.76,2008203.0,13530213.0,2737800000.0,2737800000.0,72816167.63999999,-44422229.2,1368431061.74,1506411155.64,137980093.9,9514022.07,620.26,478.46,295.99,353.48,436.78,376.91,0.0,144.18,,,,,,,基础化工,化学制品,其他化学制品,6.71,6.73,6.76
sz300214,日科化学,2017-06-07,6.76,6.93,6.71,6.91,6.76,2820411.0,19320973.0,2798550000.0,2798550000.0,72816167.63999999,-44422229.2,1368431061.74,1506411155.64,137980093.9,9514022.07,956.09,882.96,360.42,288.22,615.58,760.91,0.0,0.0,,,,,,,基础化工,化学制品,其他化学制品,6.73,6.76,6.76
sz300214,日科化学,2017-06-08,6.91,6.96,6.83,6.85,6.91,1985585.0,13697741.0,2774250000.0,2774250000.0,72816167.63999999,-44422229.2,1368431061.74,1506411155.64,137980093.9,9514022.07,588.11,577.9,177.52,170.42,604.14,621.45,0.0,0.0,,,,,,,基础化工,化学制品,其他化学制品,6.93,6.95,6.92
sz300214,日科化学,2017-06-09,6.86,6.9,6.74,6.81,6.85,2697550.0,18301497.0,2758050000.0,2758050000.0,72816167.63999999,-44422229.2,1368431061.74,1506411155.64,137980093.9,9514022.07,849.35,449.55,149.97,171.63,830.81,1208.96,0.0,0.0,,,,,,,基础化工,化学制品,其他化学制品,6.81,6.82,6.79
sz300214,日科化学,2017-06-12,6.77,6.8,6.58,6.6,6.81,2814184.0,18703624.0,2673000000.0,2673000000.0,72816167.63999999,-44422229.2,1368431061.74,1506411155.64,137980093.9,9514022.07,694.9,648.12,103.9,433.55,1071.56,788.69,0.0,0.0,,,,,,,基础化工,化学制品,其他化学制品,6.74,6.74,6.69
sz300214,日科化学,2017-06-13,6.6,6.73,6.52,6.72,6.6,2339202.0,15643670.0,2721600000.0,2721600000.0,72816167.63999999,-44422229.2,1368431061.74,1506411155.64,137980093.9,9514022.07,816.07,560.36,201.05,184.73,547.24,686.92,0.0,132.35,,,,,,,基础化工,化学制品,其他化学制品,6.59,6.63,6.66
sz300214,日科化学,2017-06-14,6.71,6.78,6.67,6.72,6.72,1728729.0,11617740.0,2721600000.0,2721600000.0,72816167.63999999,-44422229.2,1368431061.74,1506411155.64,137980093.9,9514022.07,360.71,562.14,125.09,285.41,675.97,314.22,0.0,0.0,,,,,,,基础化工,化学制品,其他化学制品,6.71,6.75,6.72
sz300214,日科化学,2017-06-15,6.76,6.96,6.73,6.88,6.72,4169152.0,28684375.0,2786400000.0,2786400000.0,72816167.63999999,-44422229.2,1368431061.74,1506411155.64,137980093.9,9514022.07,1056.85,1212.5,885.89,513.48,821.51,1042.56,104.18,99.89,,,,,,,基础化工,化学制品,其他化学制品,6.77,6.81,6.8
sz300214,日科化学,2017-06-16,6.92,6.96,6.84,6.86,6.88,2879165.0,19794770.0,2778300000.0,2778300000.0,72816167.63999999,-44422229.2,1368431061.74,1506411155.64,137980093.9,9514022.07,729.71,844.96,401.8,576.58,847.96,557.93,0.0,0.0,,,,,,,基础化工,化学制品,其他化学制品,6.94,6.9,6.89
sz300214,日科化学,2017-06-19,6.86,6.93,6.83,6.9,6.86,2059264.0,14172340.0,2794500000.0,2794500000.0,72816167.63999999,-44422229.2,1368431061.74,1506411155.64,137980093.9,9514022.07,565.5,536.33,321.24,256.78,530.49,521.22,0.0,102.9,,,,,,,基础化工,化学制品,其他化学制品,6.85,6.88,6.91
sz300214,日科化学,2017-06-20,6.9,6.95,6.88,6.88,6.9,2763021.0,19111696.0,2786400000.0,2786400000.0,72816167.63999999,-44422229.2,1368431061.74,1506411155.64,137980093.9,9514022.07,782.85,979.06,382.56,290.13,745.75,641.97,0.0,0.0,,,,,,,基础化工,化学制品,其他化学制品,6.9,6.91,6.93
sz300214,日科化学,2017-06-21,6.88,6.94,6.83,6.91,6.88,1880016.0,12943359.0,2798550000.0,2798550000.0,72816167.63999999,-44422229.2,1368431061.74,1506411155.64,137980093.9,9514022.07,451.34,661.84,220.66,126.07,567.69,472.11,20.34,0.0,,,,,,,基础化工,化学制品,其他化学制品,6.88,6.88,6.86
sz300214,日科化学,2017-06-22,6.91,6.91,6.62,6.69,6.91,4208342.0,28691265.0,2709450000.0,2709450000.0,72816167.63999999,-44422229.2,1368431061.74,1506411155.64,137980093.9,9514022.07,1348.24,943.91,478.45,1038.42,1042.44,886.8,0.0,0.0,,,,,,,基础化工,化学制品,其他化学制品,6.88,6.89,6.87
sz300214,日科化学,2017-06-23,6.76,6.76,6.54,6.64,6.69,4587426.0,30445784.0,2689200000.0,2689200000.0,72816167.63999999,-44422229.2,1368431061.74,1506411155.64,137980093.9,9514022.07,1356.32,1501.63,568.08,823.75,1120.17,719.19,0.0,0.0,,,,,,,基础化工,化学制品,其他化学制品,6.71,6.7,6.72
sz300214,日科化学,2017-06-26,6.66,6.72,6.52,6.72,6.64,4440864.0,29500376.0,2721600000.0,2721600000.0,72816167.63999999,-44422229.2,1368431061.74,1506411155.64,137980093.9,9514022.07,1307.39,1072.59,604.84,1226.56,1037.81,540.74,0.0,110.15,,,,,,,基础化工,化学制品,其他化学制品,6.66,6.61,6.6
sz300214,日科化学,2017-06-27,6.71,6.76,6.67,6.73,6.72,3189142.0,21437916.0,2725650000.0,2725650000.0,72816167.63999999,-44422229.2,1368431061.74,1506411155.64,137980093.9,9514022.07,870.02,1229.1,434.1,379.44,839.67,535.25,0.0,0.0,,,,,,,基础化工,化学制品,其他化学制品,6.73,6.74,6.75
sz300214,日科化学,2017-06-28,6.7,6.7,6.62,6.64,6.73,2288446.0,15212997.0,2689200000.0,2689200000.0,72816167.63999999,-44422229.2,1368431061.74,1506411155.64,137980093.9,9514022.07,906.54,797.35,43.16,265.26,571.59,458.68,0.0,0.0,,,,,,,基础化工,化学制品,其他化学制品,6.67,6.66,6.67
sz300214,日科化学,2017-06-29,6.66,6.72,6.64,6.69,6.64,1857973.0,12418471.0,2709450000.0,2709450000.0,72816167.63999999,-44422229.2,1368431061.74,1506411155.64,137980093.9,9514022.07,660.55,740.67,160.14,133.8,421.16,367.38,0.0,0.0,,,,,,,基础化工,化学制品,其他化学制品,6.64,6.66,6.68
sz300214,日科化学,2017-06-30,6.67,6.72,6.63,6.71,6.69,2051400.0,13720512.0,2717550000.0,2717550000.0,72816167.63999999,-44422229.2,1368431061.74,1506411155.64,137980093.9,9514022.07,579.95,667.17,295.23,295.47,496.87,409.41,0.0,0.0,,,,,,,基础化工,化学制品,其他化学制品,6.67,6.68,6.67
sz300214,日科化学,2017-07-03,6.73,6.91,6.68,6.86,6.71,4903084.0,33394859.0,2778300000.0,2778300000.0,72816167.63999999,-44422229.2,1368431061.74,1506411155.64,137980093.9,9514022.07,1009.4,1416.88,674.15,880.84,888.66,1041.76,767.26,0.0,,,,,,,基础化工,化学制品,其他化学制品,6.73,6.74,6.74
sz300214,日科化学,2017-07-04,6.84,6.87,6.75,6.79,6.86,2534890.0,17241495.0,2749950000.0,2749950000.0,72816167.63999999,-44422229.2,1368431061.74,1506411155.64,137980093.9,9514022.07,647.54,654.79,244.55,414.06,787.71,457.03,44.34,198.27,,,,,,,基础化工,化学制品,其他化学制品,6.87,6.84,6.84
sz300214,日科化学,2017-07-05,6.79,6.87,6.79,6.85,6.79,2679394.0,18316583.0,2774250000.0,2774250000.0,72816167.63999999,-44422229.2,1368431061.74,1506411155.64,137980093.9,9514022.07,702.75,582.03,413.67,547.05,689.53,676.88,0.0,0.0,,,,,,,基础化工,化学制品,其他化学制品,6.81,6.83,6.83
sz300214,日科化学,2017-07-06,6.85,6.9,6.78,6.9,6.85,3964825.0,27122550.0,2794500000.0,2794500000.0,72816167.63999999,-44422229.2,1368431061.74,1506411155.64,137980093.9,9514022.07,1152.95,788.0,660.24,1008.85,772.21,813.21,126.85,102.19,,,,,,,基础化工,化学制品,其他化学制品,6.83,6.84,6.83
sz300214,日科化学,2017-07-07,6.86,6.9,6.82,6.88,6.9,2042596.0,14007551.0,2786400000.0,2786400000.0,72816167.63999999,-44422229.2,1368431061.74,1506411155.64,137980093.9,9514022.07,559.77,581.89,326.93,409.42,514.05,409.44,0.0,0.0,,,,,,,基础化工,化学制品,其他化学制品,6.86,6.84,6.84
sz300214,日科化学,2017-07-10,6.87,6.88,6.83,6.84,6.88,2928345.0,20079205.0,2770200000.0,2770200000.0,72816167.63999999,-44422229.2,1368431061.74,1506411155.64,137980093.9,9514022.07,987.52,762.71,192.85,366.82,684.25,582.47,0.0,152.63,,,,,,,基础化工,化学制品,其他化学制品,6.84,6.86,6.86
sz300214,日科化学,2017-07-11,6.82,6.91,6.81,6.82,6.84,2241600.0,15348612.0,2762100000.0,2762100000.0,72816167.63999999,-44422229.2,1368431061.74,1506411155.64,137980093.9,9514022.07,782.3,808.17,173.38,76.81,469.82,540.52,0.0,0.0,,,,,,,基础化工,化学制品,其他化学制品,6.83,6.83,6.83
sz300214,日科化学,2017-07-12,6.8,6.85,6.66,6.79,6.82,2900648.0,19594097.0,2749950000.0,2749950000.0,72816167.63999999,-44422229.2,1368431061.74,1506411155.64,137980093.9,9514022.07,908.23,850.24,373.92,435.69,677.26,673.47,0.0,0.0,,,,,,,基础化工,化学制品,其他化学制品,6.82,6.85,6.83
sz300214,日科化学,2017-07-13,6.79,6.84,6.79,6.82,6.79,2169543.0,14781045.0,2762100000.0,2762100000.0,72816167.63999999,-44422229.2,1368431061.74,1506411155.64,137980093.9,9514022.07,722.08,746.49,260.11,297.88,495.91,433.74,0.0,0.0,,,,,,,基础化工,化学制品,其他化学制品,6.81,6.82,6.84
sz300214,日科化学,2017-07-14,6.82,6.97,6.81,6.82,6.82,4526391.0,31152328.0,2762100000.0,2762100000.0,72816167.63999999,-44422229.2,1368431061.74,1506411155.64,137980093.9,9514022.07,1413.52,1442.32,423.92,554.02,1036.76,1003.73,241.03,115.15,,,,,,,基础化工,化学制品,其他化学制品,6.84,6.93,6.92
sz300214,日科化学,2017-07-17,6.82,6.82,6.35,6.35,6.82,6200379.0,40635029.0,2571750000.0,2571750000.0,72816167.63999999,-44422229.2,1368431061.74,1506411155.64,137980093.9,9514022.07,1598.9,1553.22,484.58,1019.16,1538.67,921.07,0.0,128.7,,,,,,,基础化工,化学制品,其他化学制品,6.63,6.59,6.57
sz300214,日科化学,2017-07-18,6.3,6.43,6.26,6.37,6.35,3215816.0,20342408.0,2579850000.0,2579850000.0,72816167.63999999,-44422229.2,1368431061.74,1506411155.64,137980093.9,9514022.07,789.54,944.21,253.69,577.18,991.01,512.85,0.0,0.0,,,,,,,基础化工,化学制品,其他化学制品,6.34,6.31,6.37
sz300214,日科化学,2017-07-19,6.38,6.46,6.33,6.44,6.37,2629470.0,16804400.0,2608200000.0,2608200000.0,72816167.63999999,-44422229.2,1368431061.74,1506411155.64,137980093.9,9514022.07,643.08,729.19,409.23,349.73,628.13,500.58,0.0,100.93,,,,,,,基础化工,化学制品,其他化学制品,6.35,6.35,6.34
sz300214,日科化学,2017-07-20,6.43,6.56,6.4,6.46,6.44,2196900.0,14252439.0,2616300000.0,2616300000.0,72816167.63999999,-44422229.2,1368431061.74,1506411155.64,137980093.9,9514022.07,747.71,650.53,177.56,55.8,499.96,718.91,0.0,0.0,,,,,,,基础化工,化学制品,其他化学制品,6.43,6.45,6.5
sz300214,日科化学,2017-07-21,6.42,6.5,6.38,6.44,6.46,2445290.0,15748080.0,2608200000.0,2608200000.0,72816167.63999999,-44422229.2,1368431061.74,1506411155.64,137980093.9,9514022.07,868.26,692.3,25.8,334.58,680.74,547.93,0.0,0.0,,,,,,,基础化工,化学制品,其他化学制品,6.46,6.5,6.46
sz300214,日科化学,2017-07-24,6.45,6.52,6.36,6.51,6.44,2690555.0,17400900.0,2636550000.0,2636550000.0,72816167.63999999,-44422229.2,1368431061.74,1506411155.64,137980093.9,9514022.07,910.19,818.09,268.25,106.27,555.78,809.87,0.0,0.0,,,,,,,基础化工,化学制品,其他化学制品,6.4,6.42,6.42
sz300214,日科化学,2017-07-25,6.51,6.69,6.5,6.58,6.51,3335000.0,22025344.0,2664900000.0,2801847000.12,72816167.63999999,-44422229.2,1368431061.74,1506411155.64,137980093.9,9514022.07,713.85,593.46,183.47,113.65,613.16,811.21,7.83,0.0,,,,,,,基础化工,化学制品,其他化学制品,6.64,6.66,6.62
sz300214,日科化学,2017-07-26,6.56,6.61,6.52,6.6,6.58,1818728.0,11943755.0,2673000000.0,2810363252.4,72816167.63999999,-44422229.2,1368431061.74,1506411155.64,137980093.9,9514022.07,610.58,554.02,111.4,176.75,472.39,463.61,0.0,0.0,,,,,,,基础化工,化学制品,其他化学制品,6.6,6.58,6.57
sz300214,日科化学,2017-07-27,6.6,6.88,6.52,6.81,6.6,6522431.0,44097483.0,2758050000.0,2899783901.34,72816167.63999999,-44422229.2,1368431061.74,1506411155.64,137980093.9,9514022.07,1585.23,1519.06,1394.38,787.25,1119.8,1653.72,0.0,139.4,,,,,,,基础化工,化学制品,其他化学制品,6.6,6.6,6.64
sz300214,日科化学,2017-07-28,6.8,6.84,6.72,6.74,6.81,3177517.0,21507926.0,2729700000.0,2869977018.36,72816167.63999999,-44422229.2,1368431061.74,1506411155.64,137980093.9,9514022.07,907.95,746.13,273.91,317.59,580.58,698.72,0.0,0.0,,,,,,,基础化工,化学制品,其他化学制品,6.82,6.79,6.76
sz300214,日科化学,2017-07-31,6.71,6.82,6.7,6.77,6.74,2763903.0,18680129.0,2741850000.0,2882751396.78,72816167.63999999,-44422229.2,1368431061.74,1506411155.64,137980093.9,9514022.07,918.22,853.38,324.48,429.1,625.31,585.53,0.0,0.0,,,,,,,基础化工,化学制品,其他化学制品,6.71,6.72,6.72
sz300214,日科化学,2017-08-01,6.8,6.84,6.74,6.82,6.77,2603900.0,17703278.0,2762100000.0,2904042027.48,72816167.63999999,-44422229.2,1368431061.74,1506411155.64,137980093.9,9514022.07,730.44,842.36,609.51,284.98,430.38,642.99,0.0,0.0,,,,,,,基础化工,化学制品,其他化学制品,6.79,6.82,6.82
sz300214,日科化学,2017-08-02,6.79,7.5,6.78,7.22,6.82,21073596.0,151928758.0,2924100000.0,3074367073.08,72816167.63999999,-44422229.2,1368431061.74,1506411155.64,137980093.9,9514022.07,4886.13,5555.12,5015.69,3926.28,3268.22,4764.35,2022.83,947.11,,,,,,,基础化工,化学制品,其他化学制品,6.86,6.9,7.02
sz300214,日科化学,2017-08-03,7.24,7.65,7.24,7.37,7.22,17754958.0,132259462.0,2984850000.0,3138238965.18,72816167.63999999,-44422229.2,1368431061.74,1506411155.64,137980093.9,9514022.07,3853.79,4732.49,3384.7,3642.9,2892.36,3941.49,3095.08,909.06,,,,,,,基础化工,化学制品,其他化学制品,7.33,7.53,7.48
sz300214,日科化学,2017-08-04,7.37,7.76,7.24,7.69,7.37,18120677.0,136928458.0,3114450000.0,3274499001.66,72816167.63999999,-44422229.2,1368431061.74,1506411155.64,137980093.9,9514022.07,3964.19,5379.61,4278.4,3736.01,3886.12,4468.77,1564.12,108.43,,,,,,,基础化工,化学制品,其他化学制品,7.44,7.42,7.35
sz300214,日科化学,2017-08-07,7.6,7.84,7.48,7.59,7.69,8070855.0,61463096.0,3073950000.0,3231917740.26,72816167.63999999,-44422229.2,1368431061.74,1506411155.64,137980093.9,9514022.07,2180.51,2602.9,1625.6,1781.07,2340.19,1762.33,0.0,0.0,,,,,,,基础化工,化学制品,其他化学制品,7.75,7.74,7.67
sz300214,日科化学,2017-08-08,7.5,7.63,7.36,7.45,7.59,8111897.0,60555418.0,3017250000.0,3172303974.3,72816167.63999999,-44422229.2,1368431061.74,1506411155.64,137980093.9,9514022.07,2547.98,2449.76,1193.73,1729.87,2313.83,1610.14,0.0,265.76,,,,,,,基础化工,化学制品,其他化学制品,7.59,7.52,7.54
sz300214,日科化学,2017-08-09,7.46,7.64,7.37,7.54,7.45,9044215.0,67964324.0,3053700000.0,3210627109.56,72816167.63999999,-44422229.2,1368431061.74,1506411155.64,137980093.9,9514022.07,2525.56,2572.02,2286.53,1828.39,1871.31,2244.73,113.02,151.28,,,,,,,基础化工,化学制品,其他化学制品,7.45,7.49,7.59
sz300214,日科化学,2017-08-10,7.49,7.49,7.23,7.33,7.54,6222298.0,45673319.0,2968650000.0,3121206460.62,72816167.63999999,-44422229.2,1368431061.74,1506411155.64,137980093.9,9514022.07,1835.57,1727.84,905.32,1368.88,1826.42,1367.44,0.0,103.17,,,,,,,基础化工,化学制品,其他化学制品,7.48,7.41,7.42
sz300214,日科化学,2017-08-11,7.29,7.37,7.05,7.17,7.33,5085542.0,36766879.0,2903850000.0,3053076442.38,72816167.63999999,-44422229.2,1368431061.74,1506411155.64,137980093.9,9514022.07,1604.34,1517.26,715.79,1108.17,1351.5,1051.26,5.06,0.0,,,,,,,基础化工,化学制品,其他化学制品,7.35,7.37,7.32
sz300214,日科化学,2017-08-14,7.12,7.29,7.12,7.27,7.17,3734165.0,27028705.0,2944350000.0,3095657703.78,72816167.63999999,-44422229.2,1368431061.74,1506411155.64,137980093.9,9514022.07,1211.59,1103.52,604.09,926.59,887.19,672.76,0.0,0.0,,,,,,,基础化工,化学制品,其他化学制品,7.19,7.15,7.23
sz300214,日科化学,2017-08-15,7.23,7.27,7.15,7.25,7.27,2662748.0,19203554.0,2936250000.0,3087141451.5,72816167.63999999,-44422229.2,1368431061.74,1506411155.64,137980093.9,9514022.07,690.04,703.18,306.67,634.98,923.65,582.19,0.0,0.0,,,,,,,基础化工,化学制品,其他化学制品,7.26,7.25,7.25
sz300214,日科化学,2017-08-16,7.25,7.27,7.08,7.15,7.25,5419963.0,38833735.0,2895750000.0,3044560190.1,72816167.63999999,-44422229.2,1368431061.74,1506411155.64,137980093.9,9514022.07,1649.95,1183.03,516.39,1857.71,1717.03,602.64,0.0,240.01,,,,,,,基础化工,化学制品,其他化学制品,7.23,7.26,7.22
sz300214,日科化学,2017-08-17,7.15,7.24,7.05,7.23,7.15,4876046.0,34867555.0,2928150000.0,3078625199.22,72816167.63999999,-44422229.2,1368431061.74,1506411155.64,137980093.9,9514022.07,1372.63,1057.81,534.28,1175.22,1579.84,985.18,0.0,268.54,,,,,,,基础化工,化学制品,其他化学制品,7.15,7.13,7.13
sz300214,日科化学,2017-08-18,7.18,7.24,7.12,7.15,7.23,3628301.0,26002086.0,2895750000.0,3044560190.1,72816167.63999999,-44422229.2,1368431061.74,1506411155.64,137980093.9,9514022.07,968.48,1185.63,347.37,542.79,1284.36,763.46,0.0,108.32,,,,,,,基础化工,化学制品,其他化学制品,7.17,7.16,7.18
sz300214,日科化学,2017-08-21,7.15,7.2,7.11,7.17,7.15,2835028.0,20277316.0,2903850000.0,3053076442.38,72816167.63999999,-44422229.2,1368431061.74,1506411155.64,137980093.9,9514022.07,823.24,988.98,255.11,467.02,949.38,571.72,0.0,0.0,,,,,,,基础化工,化学制品,其他化学制品,7.15,7.17,7.16
sz300214,日科化学,2017-08-22,7.15,7.2,7.11,7.14,7.17,2563900.0,18349670.0,2891700000.0,3040302063.96,72816167.63999999,-44422229.2,1368431061.74,1506411155.64,137980093.9,9514022.07,647.13,749.66,532.61,519.3,655.22,566.01,0.0,0.0,,,,,,,基础化工,化学制品,其他化学制品,7.15,7.14,7.15
sz300214,日科化学,2017-08-23,7.14,7.16,7.01,7.03,7.14,3770091.0,26663525.0,2847150000.0,2993462676.42,72816167.63999999,-44422229.2,1368431061.74,1506411155.64,137980093.9,9514022.07,1119.11,1073.88,494.12,826.53,1053.11,507.38,0.0,258.56,,,,,,,基础化工,化学制品,其他化学制品,7.13,7.15,7.13
sz300214,日科化学,2017-08-24,7.05,7.06,6.91,6.92,7.03,3800300.0,26474723.0,2802600000.0,2946623288.88,72816167.63999999,-44422229.2,1368431061.74,1506411155.64,137980093.9,9514022.07,1138.42,1207.65,191.93,925.22,1170.48,514.6,146.64,0.0,,,,,,,基础化工,化学制品,其他化学制品,7.02,7.01,6.96
sz300214,日科化学,2017-08-25,6.92,7.03,6.89,7.03,6.92,3955444.0,27526971.0,2847150000.0,2993462676.42,72816167.63999999,-44422229.2,1368431061.74,1506411155.64,137980093.9,9514022.07,1160.8,1022.45,623.22,1192.25,968.67,538.0,0.0,0.0,,,,,,,基础化工,化学制品,其他化学制品,6.94,6.96,6.96
sz300214,日科化学,2017-08-28,7.03,7.12,6.99,7.1,7.03,4493945.0,31787152.0,2875500000.0,3023269559.4,71853232.17999999,50795470.42,1374997857.3,1516024205.54,141026348.24,26816795.560000002,1288.09,1214.03,755.93,1212.99,1134.7,751.69,0.0,0.0,,,,,,,基础化工,化学制品,其他化学制品,7.02,7.03,7.04
sz300214,日科化学,2017-08-29,7.11,7.14,7.0,7.07,7.1,5034200.0,35572739.0,2863350000.0,3010495180.98,71853232.17999999,50795470.42,1374997857.3,1516024205.54,141026348.24,26816795.560000002,1876.39,1239.01,620.81,1668.45,1060.07,649.81,0.0,0.0,,,,,,,基础化工,化学制品,其他化学制品,7.1,7.12,7.11
sz300214,日科化学,2017-08-30,7.07,7.09,6.99,7.05,7.07,3213404.0,22612047.0,2855250000.0,3001978928.7,71853232.17999999,50795470.42,1374997857.3,1516024205.54,141026348.24,26816795.560000002,1243.18,778.25,267.47,993.03,750.55,489.93,0.0,0.0,,,,,,,基础化工,化学制品,其他化学制品,7.05,7.07,7.05
sz300214,日科化学,2017-08-31,7.05,7.09,7.02,7.05,7.05,3296500.0,23261484.0,2855250000.0,3001978928.7,71853232.17999999,50795470.42,1374997857.3,1516024205.54,141026348.24,26816795.560000002,1079.17,1041.87,625.87,794.54,621.1,489.73,0.0,0.0,,,,,,,基础化工,化学制品,其他化学制品,7.05,7.06,7.07
sz300214,日科化学,2017-09-01,7.05,7.11,7.02,7.1,7.05,4879700.0,34480868.0,2875500000.0,3023269559.4,71853232.17999999,50795470.42,1374997857.3,1516024205.54,141026348.24,26816795.560000002,1261.95,1207.38,994.99,1287.47,940.88,847.78,250.27,105.45,,,,,,,基础化工,化学制品,其他化学制品,7.05,7.05,7.03
sz300214,日科化学,2017-09-04,7.1,7.38,7.08,7.34,7.1,12240635.0,88353382.0,2972700000.0,3125464586.76,71853232.17999999,50795470.42,1374997857.3,1516024205.54,141026348.24,26816795.560000002,2703.84,4172.13,2440.23,2167.89,2344.0,2495.31,1347.26,0.0,,,,,,,基础化工,化学制品,其他化学制品,7.11,7.12,7.19
sz300214,日科化学,2017-09-05,7.34,7.64,7.34,7.39,7.34,13390921.0,100295485.0,2992950000.0,3146755217.46,71853232.17999999,50795470.42,1374997857.3,1516024205.54,141026348.24,26816795.560000002,3757.51,3683.7,2154.43,2034.39,2827.98,4069.31,1289.62,242.14,,,,,,,基础化工,化学制品,其他化学制品,7.58,7.48,7.52
sz300214,日科化学,2017-09-06,7.41,7.43,7.24,7.35,7.39,5484891.0,40091189.0,2976750000.0,3129722712.9,71853232.17999999,50795470.42,1374997857.3,1516024205.54,141026348.24,26816795.560000002,1792.33,1492.14,540.92,778.3,1675.86,1738.66,0.0,0.0,,,,,,,基础化工,化学制品,其他化学制品,7.33,7.36,7.31
sz300214,日科化学,2017-09-07,7.31,7.37,7.19,7.2,7.35,5125600.0,37177234.0,2916000000.0,3065850820.8,71853232.17999999,50795470.42,1374997857.3,1516024205.54,141026348.24,26816795.560000002,1710.44,1213.23,185.6,1245.77,1821.68,798.7,0.0,460.02,,,,,,,基础化工,化学制品,其他化学制品,7.35,7.33,7.33
sz300214,日科化学,2017-09-08,7.17,7.25,7.17,7.21,7.2,2345506.0,16900426.0,2920050000.0,3070108946.94,71853232.17999999,50795470.42,1374997857.3,1516024205.54,141026348.24,26816795.560000002,694.61,725.83,123.18,273.5,872.24,690.71,0.0,0.0,,,,,,,基础化工,化学制品,其他化学制品,7.19,7.21,7.21
sz300214,日科化学,2017-09-11,7.18,7.28,7.18,7.28,7.21,3240906.0,23489792.0,2948400000.0,3099915829.92,71853232.17999999,50795470.42,1374997857.3,1516024205.54,141026348.24,26816795.560000002,938.77,721.07,593.84,289.58,816.37,1338.32,0.0,0.0,,,,,,,基础化工,化学制品,其他化学制品,7.21,7.22,7.24
sz300214,日科化学,2017-09-12,7.28,7.3,7.18,7.2,7.28,4615902.0,33441844.0,2916000000.0,3065850820.8,71853232.17999999,50795470.42,1374997857.3,1516024205.54,141026348.24,26816795.560000002,1060.52,1173.09,507.63,1204.9,1776.04,909.29,0.0,56.91,,,,,,,基础化工,化学制品,其他化学制品,7.29,7.26,7.24
sz300214,日科化学,2017-09-13,7.17,7.33,7.17,7.33,7.2,3801879.0,27551009.0,2968650000.0,3121206460.62,71853232.17999999,50795470.42,1374997857.3,1516024205.54,141026348.24,26816795.560000002,1196.18,920.57,400.86,900.51,1158.06,934.01,0.0,0.0,,,,,,,基础化工,化学制品,其他化学制品,7.21,7.24,7.24
sz300214,日科化学,2017-09-14,7.33,7.38,7.23,7.3,7.33,3221718.0,23579541.0,2956500000.0,3108432082.2,71853232.17999999,50795470.42,1374997857.3,1516024205.54,141026348.24,26816795.560000002,822.57,1011.38,610.35,507.2,803.36,828.91,111.21,0.0,,,,,,,基础化工,化学制品,其他化学制品,7.32,7.35,7.38
sz300214,日科化学,2017-09-15,7.28,7.36,7.22,7.31,7.3,3255700.0,23732956.0,2960550000.0,3112690208.34,71853232.17999999,50795470.42,1374997857.3,1516024205.54,141026348.24,26816795.560000002,1165.68,1063.64,433.1,586.78,774.51,722.87,0.0,0.0,,,,,,,基础化工,化学制品,其他化学制品,7.28,7.28,7.25
sz300214,日科化学,2017-09-18,7.3,7.37,7.27,7.37,7.31,2763076.0,20272646.0,2984850000.0,3138238965.18,71853232.17999999,50795470.42,1374997857.3,1516024205.54,141026348.24,26816795.560000002,1065.06,808.33,350.32,443.96,460.48,623.59,0.0,0.0,,,,,,,基础化工,化学制品,其他化学制品,7.34,7.31,7.33
sz300214,日科化学,2017-09-19,7.37,7.37,7.25,7.27,7.37,2194402.0,16053974.0,2944350000.0,3095657703.78,71853232.17999999,50795470.42,1374997857.3,1516024205.54,141026348.24,26816795.560000002,755.21,737.12,236.29,445.05,613.89,423.23,0.0,0.0,,,,,,,基础化工,化学制品,其他化学制品,7.36,7.34,7.33
sz300214,日科化学,2017-09-20,7.27,7.42,7.27,7.41,7.27,5087630.0,37519781.0,3001050000.0,3155271469.74,71853232.17999999,50795470.42,1374997857.3,1516024205.54,141026348.24,26816795.560000002,1319.37,1485.58,1587.32,1204.11,668.01,1062.29,177.27,0.0,,,,,,,基础化工,化学制品,其他化学制品,7.29,7.3,7.34
sz300214,日科化学,2017-09-21,7.4,7.45,7.34,7.34,7.41,3012312.0,22295255.0,2972700000.0,3125464586.76,71853232.17999999,50795470.42,1374997857.3,1516024205.54,141026348.24,26816795.560000002,1165.88,1177.45,448.66,447.31,614.98,604.76,0.0,0.0,,,,,,,基础化工,化学制品,其他化学制品,7.38,7.38,7.38
sz300214,日科化学,2017-09-22,7.33,7.34,7.21,7.27,7.34,1989743.0,14458223.0,2944350000.0,3095657703.78,71853232.17999999,50795470.42,1374997857.3,1516024205.54,141026348.24,26816795.560000002,593.37,520.87,189.98,495.15,662.46,429.8,0.0,0.0,,,,,,,基础化工,化学制品,其他化学制品,7.33,7.29,7.3
sz300214,日科化学,2017-09-25,7.24,7.32,7.08,7.11,7.27,2661000.0,19113981.0,2879550000.0,3027527685.54,71853232.17999999,50795470.42,1374997857.3,1516024205.54,141026348.24,26816795.560000002,774.54,797.92,291.35,483.37,845.51,630.11,0.0,0.0,,,,,,,基础化工,化学制品,其他化学制品,7.29,7.3,7.27
sz300214,日科化学,2017-09-26,7.11,7.16,7.03,7.06,7.11,1811100.0,12830128.0,2859300000.0,3006237054.84,71853232.17999999,50795470.42,1374997857.3,1516024205.54,141026348.24,26816795.560000002,487.97,521.85,241.28,479.74,553.76,281.42,0.0,0.0,,,,,,,基础化工,化学制品,其他化学制品,7.12,7.12,7.09
sz300214,日科化学,2017-09-27,7.05,7.18,7.05,7.14,7.06,2023825.0,14423484.0,2891700000.0,3040302063.96,71853232.17999999,50795470.42,1374997857.3,1516024205.54,141026348.24,26816795.560000002,498.11,472.44,234.56,573.31,709.68,396.6,0.0,0.0,,,,,,,基础化工,化学制品,其他化学制品,7.09,7.08,7.09
sz300214,日科化学,2017-09-28,7.12,7.15,7.07,7.08,7.14,1652900.0,11742524.0,2867400000.0,3014753307.12,71853232.17999999,50795470.42,1374997857.3,1516024205.54,141026348.24,26816795.560000002,613.49,522.73,77.67,383.27,483.09,268.25,0.0,0.0,,,,,,,基础化工,化学制品,其他化学制品,7.14,7.15,7.12
sz300214,日科化学,2017-09-29,7.1,7.14,7.08,7.12,7.08,1651301.0,11739872.0,2883600000.0,3031785811.68,71853232.17999999,50795470.42,1374997857.3,1516024205.54,141026348.24,26816795.560000002,594.82,630.0,146.45,252.29,432.71,291.7,0.0,0.0,,,,,,,基础化工,化学制品,其他化学制品,7.1,7.11,7.12
sz300214,日科化学,2017-10-09,7.16,7.27,7.13,7.24,7.12,2659694.0,19178754.0,2932200000.0,3082883325.36,71853232.17999999,50795470.42,1374997857.3,1516024205.54,141026348.24,26816795.560000002,865.07,775.94,631.3,385.02,421.5,756.91,0.0,0.0,,,,,,,基础化工,化学制品,其他化学制品,7.18,7.19,7.18
sz300214,日科化学,2017-10-10,7.24,7.41,7.24,7.39,7.24,4029446.0,29659972.0,2992950000.0,3146755217.46,71853232.17999999,50795470.42,1374997857.3,1516024205.54,141026348.24,26816795.560000002,1329.64,1193.21,1107.86,529.88,528.49,1196.13,0.0,46.77,,,,,,,基础化工,化学制品,其他化学制品,7.32,7.32,7.38
sz300214,日科化学,2017-10-11,7.4,7.44,7.32,7.38,7.39,3107900.0,22947557.0,2988900000.0,3142497091.32,71853232.17999999,50795470.42,1374997857.3,1516024205.54,141026348.24,26816795.560000002,1321.17,1005.65,291.92,551.44,681.66,737.67,0.0,0.0,,,,,,,基础化工,化学制品,其他化学制品,7.37,7.4,7.42
sz300214,日科化学,2017-10-12,7.37,7.41,7.26,7.33,7.38,1895920.0,13899766.0,2968650000.0,3121206460.62,71853232.17999999,50795470.42,1374997857.3,1516024205.54,141026348.24,26816795.560000002,577.01,489.56,243.66,483.98,569.31,410.76,0.0,5.67,,,,,,,基础化工,化学制品,其他化学制品,7.37,7.4,7.38
sz300214,日科化学,2017-10-13,7.41,7.58,7.35,7.49,7.33,5106204.0,38180789.0,3033450000.0,3189336478.86,71853232.17999999,50795470.42,1374997857.3,1516024205.54,141026348.24,26816795.560000002,1093.17,1525.58,1067.89,470.09,1657.01,1681.79,0.0,140.63,,,,,,,基础化工,化学制品,其他化学制品,7.4,7.41,7.38
sz300214,日科化学,2017-10-16,7.46,7.53,7.25,7.26,7.49,3110995.0,22856524.0,2940300000.0,3091399577.64,71853232.17999999,50795470.42,1374997857.3,1516024205.54,141026348.24,26816795.560000002,1008.88,890.9,242.03,576.36,1034.74,707.91,0.0,110.48,,,,,,,基础化工,化学制品,其他化学制品,7.48,7.43,7.42
sz300214,日科化学,2017-10-17,7.25,7.36,7.23,7.32,7.26,1647300.0,12044928.0,2964600000.0,3116948334.48,71853232.17999999,50795470.42,1374997857.3,1516024205.54,141026348.24,26816795.560000002,443.77,639.38,281.58,92.53,465.15,458.59,0.0,0.0,,,,,,,基础化工,化学制品,其他化学制品,7.26,7.28,7.27
sz300214,日科化学,2017-10-18,7.32,7.35,7.17,7.22,7.32,1986571.0,14432881.0,2924100000.0,3074367073.08,71853232.17999999,50795470.42,1374997857.3,1516024205.54,141026348.24,26816795.560000002,450.37,688.62,268.07,387.44,601.43,367.22,123.42,0.0,,,,,,,基础化工,化学制品,其他化学制品,7.33,7.3,7.3
sz300214,日科化学,2017-10-19,7.2,7.26,7.11,7.12,7.22,1985500.0,14238053.0,2883600000.0,3031785811.68,71853232.17999999,50795470.42,1374997857.3,1516024205.54,141026348.24,26816795.560000002,698.58,776.02,145.27,284.06,579.96,363.73,0.0,0.0,,,,,,,基础化工,化学制品,其他化学制品,7.23,7.23,7.24
sz300214,日科化学,2017-10-20,7.12,7.22,7.11,7.19,7.12,1446595.0,10381198.0,2911950000.0,3061592694.66,71853232.17999999,50795470.42,1374997857.3,1516024205.54,141026348.24,26816795.560000002,530.47,375.94,44.72,219.04,462.93,443.14,0.0,0.0,,,,,,,基础化工,化学制品,其他化学制品,7.11,7.14,7.15
sz300214,日科化学,2017-10-23,7.21,7.24,7.16,7.23,7.19,1782600.0,12840637.0,2928150000.0,3078625199.22,71853232.17999999,50795470.42,1374997857.3,1516024205.54,141026348.24,26816795.560000002,501.91,570.18,244.65,307.92,440.46,308.92,0.0,0.0,,,,,,,基础化工,化学制品,其他化学制品,7.21,7.21,7.21
sz300214,日科化学,2017-10-24,7.19,7.22,7.12,7.13,7.23,1936235.0,13847704.0,2887650000.0,3036043937.82,71853232.17999999,50795470.42,1374997857.3,1516024205.54,141026348.24,26816795.560000002,696.43,608.3,143.84,424.75,415.8,351.71,128.7,0.0,,,,,,,基础化工,化学制品,其他化学制品,7.19,7.2,7.19
sz300214,日科化学,2017-10-25,7.16,7.23,7.13,7.22,7.13,2373123.0,16996110.0,2924100000.0,3074367073.08,71853232.17999999,50795470.42,1374997857.3,1516024205.54,141026348.24,26816795.560000002,735.52,789.12,363.0,502.78,601.08,391.09,0.0,16.61,,,,,,,基础化工,化学制品,其他化学制品,7.17,7.18,7.16
sz300214,日科化学,2017-10-26,7.2,7.27,7.17,7.24,7.22,3102000.0,22401200.0,2932200000.0,3082883325.36,90727355.91999999,-24108589.599999998,1571280963.71,1720716714.7,149435750.99,40951085.88999999,928.14,739.94,414.17,718.06,897.81,782.13,0.0,0.0,,,,,,,基础化工,化学制品,其他化学制品,7.23,7.22,7.23
sz300214,日科化学,2017-10-27,7.26,7.31,7.18,7.3,7.24,3628116.0,26361822.0,2956500000.0,3108432082.2,90727355.91999999,-24108589.599999998,1571280963.71,1720716714.7,149435750.99,40951085.88999999,1158.92,1195.63,583.57,535.66,701.56,851.07,138.31,0.0,,,,,,,基础化工,化学制品,其他化学制品,7.28,7.28,7.28
sz300214,日科化学,2017-10-30,7.3,7.4,7.09,7.13,7.3,4038701.0,29109807.0,2887650000.0,3036043937.82,90727355.91999999,-24108589.599999998,1571280963.71,1720716714.7,149435750.99,40951085.88999999,1469.6,1388.89,353.92,669.2,1087.45,746.01,0.0,106.87,,,,,,,基础化工,化学制品,其他化学制品,7.38,7.33,7.33
sz300214,日科化学,2017-10-31,7.14,7.18,7.08,7.17,7.13,2186926.0,15586759.0,2903850000.0,3053076442.38,90727355.91999999,-24108589.599999998,1571280963.71,1720716714.7,149435750.99,40951085.88999999,645.38,699.95,94.99,422.6,818.31,436.12,0.0,0.0,,,,,,,基础化工,化学制品,其他化学制品,7.16,7.12,7.11
sz300214,日科化学,2017-11-01,7.17,7.18,7.09,7.12,7.17,2405591.0,17153832.0,2883600000.0,3031785811.68,90727355.91999999,-24108589.599999998,1571280963.71,1720716714.7,149435750.99,40951085.88999999,865.33,707.49,210.55,485.78,639.5,499.68,0.0,22.42,,,,,,,基础化工,化学制品,其他化学制品,7.16,7.16,7.15
sz300214,日科化学,2017-11-02,7.1,7.12,6.83,6.87,7.12,3352062.0,23320252.0,2782350000.0,2925332658.18,90727355.91999999,-24108589.599999998,1571280963.71,1720716714.7,149435750.99,40951085.88999999,961.41,1025.56,199.03,566.91,1157.89,732.04,13.68,7.51,,,,,,,基础化工,化学制品,其他化学制品,7.09,7.09,7.07
sz300214,日科化学,2017-11-03,6.91,6.93,6.71,6.77,6.87,2374625.0,16197193.0,2741850000.0,2882751396.78,90727355.91999999,-24108589.599999998,1571280963.71,1720716714.7,149435750.99,40951085.88999999,859.24,693.98,145.78,257.85,614.69,653.92,0.0,13.97,,,,,,,基础化工,化学制品,其他化学制品,6.87,6.87,6.89
sz300214,日科化学,2017-11-06,6.78,6.81,6.54,6.74,6.77,4678088.0,31160243.0,2729700000.0,2869977018.36,90727355.91999999,-24108589.599999998,1571280963.71,1720716714.7,149435750.99,40951085.88999999,1345.58,875.11,450.32,1173.16,1320.11,1067.75,0.0,0.0,,,,,,,基础化工,化学制品,其他化学制品,6.78,6.74,6.71
sz300214,日科化学,2017-11-07,6.71,6.75,6.66,6.73,6.74,3462518.0,23209837.0,2725650000.0,2865718892.22,90727355.91999999,-24108589.599999998,1571280963.71,1720716714.7,149435750.99,40951085.88999999,1153.55,1093.96,474.71,389.99,692.72,837.03,0.0,0.0,,,,,,,基础化工,化学制品,其他化学制品,6.71,6.69,6.71
sz300214,日科化学,2017-11-08,6.7,6.86,6.69,6.82,6.73,3543408.0,24145122.0,2762100000.0,2904042027.48,90727355.91999999,-24108589.599999998,1571280963.71,1720716714.7,149435750.99,40951085.88999999,1010.75,1188.71,227.08,299.64,1176.68,926.16,0.0,0.0,,,,,,,基础化工,化学制品,其他化学制品,6.73,6.76,6.76
sz300214,日科化学,2017-11-09,6.83,6.91,6.79,6.89,6.82,2540233.0,17406153.0,2790450000.0,2933848910.46,90727355.91999999,-24108589.599999998,1571280963.71,1720716714.7,149435750.99,40951085.88999999,757.84,718.67,339.81,203.68,642.96,818.27,0.0,0.0,,,,,,,基础化工,化学制品,其他化学制品,6.82,6.86,6.89
sz300214,日科化学,2017-11-10,6.9,6.9,6.81,6.81,6.89,2386790.0,16350318.0,2758050000.0,2899783901.34,90727355.91999999,-24108589.599999998,1571280963.71,1720716714.7,149435750.99,40951085.88999999,642.7,555.19,211.64,367.15,780.68,712.69,0.0,0.0,,,,,,,基础化工,化学制品,其他化学制品,6.87,6.9,6.87
sz300214,日科化学,2017-11-13,6.81,6.9,6.78,6.84,6.81,3247460.0,22177871.0,2770200000.0,2912558279.76,90727355.91999999,-24108589.599999998,1571280963.71,1720716714.7,149435750.99,40951085.88999999,836.94,736.62,635.47,356.13,632.47,1125.04,112.91,0.0,,,,,,,基础化工,化学制品,其他化学制品,6.83,6.82,6.82
sz300214,日科化学,2017-11-14,6.8,6.83,6.71,6.75,6.84,2952471.0,19950701.0,2733750000.0,2874235144.5,90727355.91999999,-24108589.599999998,1571280963.71,1720716714.7,149435750.99,40951085.88999999,806.41,755.51,482.04,543.82,504.12,586.86,202.5,108.88,,,,,,,基础化工,化学制品,其他化学制品,6.8,6.81,6.81
sz300214,日科化学,2017-11-15,6.72,6.78,6.68,6.71,6.75,1847706.0,12416248.0,2717550000.0,2857202639.94,90727355.91999999,-24108589.599999998,1571280963.71,1720716714.7,149435750.99,40951085.88999999,653.64,395.8,106.7,297.85,481.29,547.97,0.0,0.0,,,,,,,基础化工,化学制品,其他化学制品,6.75,6.76,6.75
sz300214,日科化学,2017-11-16,6.7,6.73,6.6,6.62,6.71,3672200.0,24437872.0,2681100000.0,2818879504.68,90727355.91999999,-24108589.599999998,1571280963.71,1720716714.7,149435750.99,40951085.88999999,1140.31,574.98,473.17,563.85,830.3,1074.51,0.0,230.45,,,,,,,基础化工,化学制品,其他化学制品,6.69,6.67,6.65
sz300214,日科化学,2017-11-17,6.62,6.64,6.34,6.37,6.62,5242481.0,33916434.0,2579850000.0,2712426351.18,90727355.91999999,-24108589.599999998,1571280963.71,1720716714.7,149435750.99,40951085.88999999,1355.99,1362.5,605.79,868.77,1301.26,1160.37,128.6,0.0,,,,,,,基础化工,化学制品,其他化学制品,6.62,6.56,6.54
sz300214,日科化学,2017-11-20,6.38,6.48,6.29,6.46,6.37,2461683.0,15733333.0,2616300000.0,2750749486.44,90727355.91999999,-24108589.599999998,1571280963.71,1720716714.7,149435750.99,40951085.88999999,816.69,783.94,246.37,192.65,510.27,596.74,0.0,0.0,,,,,,,基础化工,化学制品,其他化学制品,6.32,6.33,6.33
sz300214,日科化学,2017-11-21,6.46,6.48,6.31,6.36,6.46,3154142.0,20146240.0,2575800000.0,2708168225.04,90727355.91999999,-24108589.599999998,1571280963.71,1720716714.7,149435750.99,40951085.88999999,923.3,774.5,224.86,437.31,866.46,802.81,0.0,0.0,,,,,,,基础化工,化学制品,其他化学制品,6.45,6.45,6.45
sz300214,日科化学,2017-11-22,6.37,6.41,6.32,6.38,6.36,4678971.0,29761673.0,2583900000.0,2716684477.32,90727355.91999999,-24108589.599999998,1571280963.71,1720716714.7,149435750.99,40951085.88999999,1379.07,912.23,818.62,447.42,778.48,1616.51,0.0,0.0,,,,,,,基础化工,化学制品,其他化学制品,6.33,6.35,6.34
sz300214,日科化学,2017-11-23,6.35,6.38,6.31,6.31,6.38,3153068.0,20018546.0,2555550000.0,2686877594.34,90727355.91999999,-24108589.599999998,1571280963.71,1720716714.7,149435750.99,40951085.88999999,1250.64,930.12,268.36,662.51,482.85,409.22,0.0,0.0,,,,,,,基础化工,化学制品,其他化学制品,6.37,6.36,6.36
sz300214,日科化学,2017-11-24,6.31,6.37,6.29,6.32,6.31,1673908.0,10592071.0,2559600000.0,2691135720.48,90727355.91999999,-24108589.599999998,1571280963.71,1720716714.7,149435750.99,40951085.88999999,509.58,544.65,165.63,46.36,383.99,354.66,0.0,113.54,,,,,,,基础化工,化学制品,其他化学制品,6.31,6.32,6.32
sz300214,日科化学,2017-11-27,6.32,6.33,6.21,6.24,6.32,1718800.0,10771434.0,2527200000.0,2657070711.36,90727355.91999999,-24108589.599999998,1571280963.71,1720716714.7,149435750.99,40951085.88999999,490.32,609.96,101.55,139.82,485.28,327.36,0.0,0.0,,,,,,,基础化工,化学制品,其他化学制品,6.29,6.24,6.26
sz300214,日科化学,2017-11-28,6.24,6.36,6.24,6.35,6.24,1439200.0,9074970.0,2571750000.0,2703910098.9,90727355.91999999,-24108589.599999998,1571280963.71,1720716714.7,149435750.99,40951085.88999999,460.88,427.77,180.86,128.76,265.77,350.97,0.0,0.0,,,,,,,基础化工,化学制品,其他化学制品,6.27,6.27,6.28
sz300214,日科化学,2017-11-29,6.34,6.38,6.25,6.36,6.35,1792207.0,11327952.0,2575800000.0,2708168225.04,90727355.91999999,-24108589.599999998,1571280963.71,1720716714.7,149435750.99,40951085.88999999,550.13,448.15,228.8,270.59,353.86,302.83,0.0,111.22,,,,,,,基础化工,化学制品,其他化学制品,6.36,6.36,6.34
sz300214,日科化学,2017-11-30,6.35,6.43,6.33,6.37,6.36,1838107.0,11734929.0,2579850000.0,2712426351.18,90727355.91999999,-24108589.599999998,1571280963.71,1720716714.7,149435750.99,40951085.88999999,400.09,513.86,314.73,241.05,458.68,418.58,0.0,0.0,,,,,,,基础化工,化学制品,其他化学制品,6.34,6.36,6.38
sz300214,日科化学,2017-12-01,6.4,6.46,6.36,6.43,6.37,2021233.0,12992780.0,2604150000.0,2737975108.02,90727355.91999999,-24108589.599999998,1571280963.71,1720716714.7,149435750.99,40951085.88999999,674.71,590.3,179.54,338.35,445.02,367.41,0.0,3.22,,,,,,,基础化工,化学制品,其他化学制品,6.36,6.42,6.43
sz300214,日科化学,2017-12-04,6.42,6.42,6.3,6.33,6.43,1771201.0,11264229.0,2563650000.0,2695393846.62,90727355.91999999,-24108589.599999998,1571280963.71,1720716714.7,149435750.99,40951085.88999999,454.11,484.57,50.8,111.52,382.43,291.25,0.0,0.0,,,,,,,基础化工,化学制品,其他化学制品,6.41,6.38,6.36
sz300214,日科化学,2017-12-05,6.33,6.35,6.08,6.14,6.33,3386200.0,21057162.0,2486700000.0,2614489449.96,90727355.91999999,-24108589.599999998,1571280963.71,1720716714.7,149435750.99,40951085.88999999,804.8,568.02,353.79,717.79,947.13,635.06,0.0,184.84,,,,,,,基础化工,化学制品,其他化学制品,6.33,6.25,6.29
sz300214,日科化学,2017-12-06,6.14,6.17,6.03,6.16,6.14,2304743.0,14027892.0,2494800000.0,2623005702.24,90727355.91999999,-24108589.599999998,1571280963.71,1720716714.7,149435750.99,40951085.88999999,708.66,616.21,111.3,369.43,582.84,417.14,0.0,0.0,,,,,,,基础化工,化学制品,其他化学制品,6.07,6.11,6.1
sz300214,日科化学,2017-12-07,6.13,6.21,6.1,6.17,6.16,1551000.0,9553005.0,2498850000.0,2627263828.38,90727355.91999999,-24108589.599999998,1571280963.71,1720716714.7,149435750.99,40951085.88999999,425.15,497.66,86.56,35.97,443.59,421.67,0.0,0.0,,,,,,,基础化工,化学制品,其他化学制品,6.11,6.14,6.15
sz300214,日科化学,2017-12-08,6.17,6.26,6.13,6.23,6.17,1744523.0,10850074.0,2523150000.0,2652812585.22,90727355.91999999,-24108589.599999998,1571280963.71,1720716714.7,149435750.99,40951085.88999999,530.75,426.34,245.92,350.36,308.34,308.31,0.0,0.0,,,,,,,基础化工,化学制品,其他化学制品,6.16,6.15,6.19
sz300214,日科化学,2017-12-11,6.23,6.27,6.21,6.26,6.23,1593702.0,9944812.0,2535300000.0,2665586963.64,90727355.91999999,-24108589.599999998,1571280963.71,1720716714.7,149435750.99,40951085.88999999,516.46,534.14,50.74,77.36,427.28,382.99,0.0,0.0,,,,,,,基础化工,化学制品,其他化学制品,6.22,6.23,6.24
sz300214,日科化学,2017-12-12,6.26,6.28,6.15,6.16,6.26,1613900.0,9993380.0,2494800000.0,2623005702.24,90727355.91999999,-24108589.599999998,1571280963.71,1720716714.7,149435750.99,40951085.88999999,440.75,401.4,112.31,317.32,446.28,280.61,0.0,0.0,,,,,,,基础化工,化学制品,其他化学制品,6.24,6.22,6.22
sz300214,日科化学,2017-12-13,6.16,6.22,6.14,6.21,6.16,927854.0,5740155.0,2515050000.0,2644296332.94,90727355.91999999,-24108589.599999998,1571280963.71,1720716714.7,149435750.99,40951085.88999999,260.15,204.46,28.72,102.01,285.15,267.54,0.0,0.0,,,,,,,基础化工,化学制品,其他化学制品,6.17,6.16,6.17
sz300214,日科化学,2017-12-14,6.21,6.27,6.15,6.23,6.21,1169200.0,7242476.0,2523150000.0,2652812585.22,90727355.91999999,-24108589.599999998,1571280963.71,1720716714.7,149435750.99,40951085.88999999,285.02,339.86,123.31,83.25,315.92,301.14,0.0,0.0,,,,,,,基础化工,化学制品,其他化学制品,6.21,6.19,6.2
sz300214,日科化学,2017-12-15,6.24,6.25,6.18,6.22,6.23,1143664.0,7108101.0,2519100000.0,2648554459.08,90727355.91999999,-24108589.599999998,1571280963.71,1720716714.7,149435750.99,40951085.88999999,362.2,336.93,66.15,154.53,282.45,219.34,0.0,0.0,,,,,,,基础化工,化学制品,其他化学制品,6.2,6.2,6.22
sz300214,日科化学,2017-12-18,6.24,6.26,6.18,6.21,6.22,1012301.0,6294416.0,2515050000.0,2644296332.94,90727355.91999999,-24108589.599999998,1571280963.71,1720716714.7,149435750.99,40951085.88999999,345.01,302.87,69.16,77.48,215.27,249.09,0.0,0.0,,,,,,,基础化工,化学制品,其他化学制品,6.23,6.22,6.23
sz300214,日科化学,2017-12-19,6.22,6.25,6.14,6.14,6.21,3176266.0,19657578.0,2486700000.0,2614489449.96,90727355.91999999,-24108589.599999998,1571280963.71,1720716714.7,149435750.99,40951085.88999999,1002.22,586.73,194.83,780.07,768.7,214.78,0.0,384.18,,,,,,,基础化工,化学制品,其他化学制品,6.22,6.24,6.23
sz300214,日科化学,2017-12-20,5.62,5.81,5.53,5.53,6.14,26685100.0,149622471.0,2239650000.0,2354743755.42,90727355.91999999,-24108589.599999998,1571280963.71,1720716714.7,149435750.99,40951085.88999999,4787.28,7012.57,4034.89,4122.32,4330.95,2074.16,1809.12,1753.18,,,,,,,基础化工,化学制品,其他化学制品,5.72,5.7,5.71
sz300214,日科化学,2017-12-21,5.35,5.35,5.16,5.26,5.53,23333047.0,122535481.0,2130300000.0,2239774349.64,90727355.91999999,-24108589.599999998,1571280963.71,1720716714.7,149435750.99,40951085.88999999,4985.29,4214.1,3008.86,3535.39,3865.37,2356.78,394.01,2147.27,,,,,,,基础化工,化学制品,其他化学制品,5.23,5.3,5.26
sz300214,日科化学,2017-12-22,5.21,5.26,5.18,5.2,5.26,11667422.0,60963626.0,2106000000.0,2214225592.8,90727355.91999999,-24108589.599999998,1571280963.71,1720716714.7,149435750.99,40951085.88999999,2589.26,2816.21,1296.75,1714.33,1917.37,1349.17,292.98,216.65,,,,,,,基础化工,化学制品,其他化学制品,5.22,5.25,5.23
sz300214,日科化学,2017-12-25,5.21,5.21,4.87,4.92,5.2,16096268.0,80573171.0,1992600000.0,2094998060.88,90727355.91999999,-24108589.599999998,1571280963.71,1720716714.7,149435750.99,40951085.88999999,3359.91,3447.13,1275.93,2167.01,3369.09,1578.97,10.36,822.18,,,,,,,基础化工,化学制品,其他化学制品,5.2,5.1,5.1
sz300214,日科化学,2017-12-26,4.88,4.89,4.73,4.87,4.92,16296457.0,78343343.0,1972350000.0,2073707430.18,90727355.91999999,-24108589.599999998,1571280963.71,1720716714.7,149435750.99,40951085.88999999,3521.32,3306.47,1591.25,2195.32,2595.66,1663.86,126.1,668.68,,,,,,,基础化工,化学制品,其他化学制品,4.84,4.75,4.78
sz300214,日科化学,2017-12-27,4.85,4.96,4.81,4.88,4.87,10537640.0,51518385.0,1976400000.0,2077965556.32,90727355.91999999,-24108589.599999998,1571280963.71,1720716714.7,149435750.99,40951085.88999999,2428.8,2221.14,1234.76,1102.56,1488.28,1768.74,0.0,59.41,,,,,,,基础化工,化学制品,其他化学制品,4.88,4.84,4.81
sz300214,日科化学,2017-12-28,4.86,5.02,4.83,4.95,4.88,9507387.0,47060048.0,2004750000.0,2107772439.3,90727355.91999999,-24108589.599999998,1571280963.71,1720716714.7,149435750.99,40951085.88999999,1985.78,2010.32,1721.51,1017.18,992.92,1629.76,5.79,48.74,,,,,,,基础化工,化学制品,其他化学制品,4.84,4.89,4.88
sz300214,日科化学,2017-12-29,4.94,5.09,4.91,5.06,4.95,9826463.0,49122300.0,2049300000.0,2154611826.84,90727355.91999999,-24108589.599999998,1571280963.71,1720716714.7,149435750.99,40951085.88999999,2340.58,1332.16,1496.88,950.81,1030.25,2257.77,44.51,371.49,,,,,,,基础化工,化学制品,其他化学制品,4.93,4.94,4.96
sz300214,日科化学,2018-01-02,5.05,5.09,4.99,5.08,5.06,5963146.0,30109164.0,2057400000.0,2163128079.12,90727355.91999999,-24108589.599999998,1571280963.71,1720716714.7,149435750.99,40951085.88999999,1322.59,1213.49,355.66,550.51,1332.66,1095.53,0.0,151.38,,,,,,,基础化工,化学制品,其他化学制品,5.04,5.02,5.0
sz300214,日科化学,2018-01-03,5.18,5.21,5.07,5.16,5.08,9864330.0,50761863.0,2089800000.0,2197193088.24,90727355.91999999,-24108589.599999998,1571280963.71,1720716714.7,149435750.99,40951085.88999999,1614.21,1647.07,885.79,1358.86,1977.12,1583.27,599.06,486.99,,,,,,,基础化工,化学制品,其他化学制品,5.1,5.08,5.1
sz300214,日科化学,2018-01-04,5.12,5.19,5.12,5.15,5.16,4346874.0,22376681.0,2085750000.0,2192934962.1,90727355.91999999,-24108589.599999998,1571280963.71,1720716714.7,149435750.99,40951085.88999999,961.16,840.57,379.09,575.0,767.22,749.93,130.2,72.16,,,,,,,基础化工,化学制品,其他化学制品,5.15,5.17,5.18
sz300214,日科化学,2018-01-05,5.13,5.17,5.11,5.15,5.15,4559000.0,23441396.0,2085750000.0,2192934962.1,90727355.91999999,-24108589.599999998,1571280963.71,1720716714.7,149435750.99,40951085.88999999,849.62,907.62,374.01,577.89,1120.51,579.19,0.0,279.45,,,,,,,基础化工,化学制品,其他化学制品,5.15,5.14,5.16
sz300214,日科化学,2018-01-08,5.15,5.16,5.1,5.14,5.15,5154215.0,26413989.0,2081700000.0,2188676835.96,90727355.91999999,-24108589.599999998,1571280963.71,1720716714.7,149435750.99,40951085.88999999,1111.87,832.64,632.77,319.36,883.67,1431.67,13.08,57.72,,,,,,,基础化工,化学制品,其他化学制品,5.15,5.13,5.12
sz300214,日科化学,2018-01-09,5.13,5.19,5.11,5.14,5.14,4614000.0,23746253.0,2081700000.0,2188676835.96,90727355.91999999,-24108589.599999998,1571280963.71,1720716714.7,149435750.99,40951085.88999999,1282.56,998.74,316.66,699.15,775.4,676.74,0.0,0.0,,,,,,,基础化工,化学制品,其他化学制品,5.14,5.15,5.15
sz300214,日科化学,2018-01-10,5.16,5.16,5.01,5.04,5.14,5245559.0,26643072.0,2041200000.0,2146095574.56,90727355.91999999,-24108589.599999998,1571280963.71,1720716714.7,149435750.99,40951085.88999999,1028.45,1252.33,683.75,559.11,952.11,528.33,0.0,324.53,,,,,,,基础化工,化学制品,其他化学制品,5.14,5.12,5.13
sz300214,日科化学,2018-01-11,5.05,5.1,4.98,5.08,5.04,5203412.0,26210603.0,2057400000.0,2163128079.12,90727355.91999999,-24108589.599999998,1571280963.71,1720716714.7,149435750.99,40951085.88999999,992.73,1379.33,562.25,656.03,1066.08,585.7,0.0,0.0,,,,,,,基础化工,化学制品,其他化学制品,5.02,5.0,5.0
sz300214,日科化学,2018-01-12,5.08,5.1,5.02,5.04,5.08,4591525.0,23204491.0,2041200000.0,2146095574.56,90727355.91999999,-24108589.599999998,1571280963.71,1720716714.7,149435750.99,40951085.88999999,915.38,863.47,529.02,887.78,876.04,403.5,0.0,165.7,,,,,,,基础化工,化学制品,其他化学制品,5.06,5.06,5.09
sz300214,日科化学,2018-01-15,5.04,5.05,4.8,4.82,5.04,6225746.0,30490004.0,1952100000.0,2052416799.48,90727355.91999999,-24108589.599999998,1571280963.71,1720716714.7,149435750.99,40951085.88999999,1429.96,817.69,183.5,1345.73,1435.53,628.27,0.0,257.31,,,,,,,基础化工,化学制品,其他化学制品,4.99,4.96,4.92
sz300214,日科化学,2018-01-16,4.81,4.93,4.79,4.86,4.82,4490933.0,21870868.0,1968300000.0,2069449304.04,90727355.91999999,-24108589.599999998,1571280963.71,1720716714.7,149435750.99,40951085.88999999,1165.28,985.48,415.88,314.92,605.93,771.36,0.0,115.33,,,,,,,基础化工,化学制品,其他化学制品,4.82,4.83,4.84
sz300214,日科化学,2018-01-17,4.87,4.94,4.8,4.9,4.86,5584729.0,27204148.0,1984500000.0,2086481808.6,90727355.91999999,-24108589.599999998,1571280963.71,1720716714.7,149435750.99,40951085.88999999,1272.71,1270.3,389.37,749.83,1001.47,700.29,56.86,0.0,,,,,,,基础化工,化学制品,其他化学制品,4.84,4.84,4.83
sz300214,日科化学,2018-01-18,4.89,5.03,4.87,4.97,4.9,7245082.0,36002890.0,2012850000.0,2116288691.58,90727355.91999999,-24108589.599999998,1571280963.71,1720716714.7,149435750.99,40951085.88999999,1663.87,1533.56,1017.06,804.3,779.46,1262.42,139.9,0.0,,,,,,,基础化工,化学制品,其他化学制品,4.9,4.91,4.91
sz300214,日科化学,2018-01-19,4.97,5.04,4.93,4.96,4.97,5643013.0,28124957.0,2008800000.0,2112030565.44,90727355.91999999,-24108589.599999998,1571280963.71,1720716714.7,149435750.99,40951085.88999999,1151.04,1001.39,506.35,946.8,996.08,704.91,159.03,159.38,,,,,,,基础化工,化学制品,其他化学制品,4.96,4.97,4.98
sz300214,日科化学,2018-01-22,4.95,5.07,4.93,5.06,4.96,7054967.0,35388965.0,2049300000.0,2154611826.84,90727355.91999999,-24108589.599999998,1571280963.71,1720716714.7,149435750.99,40951085.88999999,1583.65,1499.35,892.94,954.28,973.25,1080.7,89.06,4.57,,,,,,,基础化工,化学制品,其他化学制品,4.97,4.95,4.96
sz300214,日科化学,2018-01-23,5.07,5.15,5.03,5.13,5.06,6497773.0,33133352.0,2077650000.0,2184418709.82,90727355.91999999,-24108589.599999998,1571280963.71,1720716714.7,149435750.99,40951085.88999999,1479.08,1530.71,850.19,681.65,925.89,1072.37,58.17,28.6,,,,,,,基础化工,化学制品,其他化学制品,5.04,5.05,5.06
sz300214,日科化学,2018-01-24,5.14,5.14,5.03,5.1,5.13,9014431.0,45936073.0,2065500000.0,2171644331.4,90727355.91999999,-24108589.599999998,1571280963.71,1720716714.7,149435750.99,40951085.88999999,1882.79,1791.96,1095.04,1312.46,1297.19,1078.65,318.57,410.54,,,,,,,基础化工,化学制品,其他化学制品,5.11,5.09,5.08
sz300214,日科化学,2018-01-25,5.09,5.49,5.07,5.3,5.1,18231227.0,96344607.0,2146500000.0,2256806854.2,90727355.91999999,-24108589.599999998,1571280963.71,1720716714.7,149435750.99,40951085.88999999,3404.02,4221.88,2326.82,2084.32,2214.81,3004.6,1688.81,323.65,,,,,,,基础化工,化学制品,其他化学制品,5.08,5.1,5.14
sz300214,日科化学,2018-01-26,5.29,5.35,5.2,5.22,5.3,8638489.0,45446407.0,2114100000.0,2222741845.08,90727355.91999999,-24108589.599999998,1571280963.71,1720716714.7,149435750.99,40951085.88999999,2070.65,1657.67,736.99,1196.64,1692.26,1484.07,0.0,161.52,,,,,,,基础化工,化学制品,其他化学制品,5.28,5.28,5.29
sz300214,日科化学,2018-01-29,5.21,5.26,5.1,5.18,5.22,7923566.0,40995411.0,2097900000.0,2205709340.52,90727355.91999999,-24108589.599999998,1571280963.71,1720716714.7,149435750.99,40951085.88999999,1551.13,1561.8,1120.41,1010.28,1293.67,1056.72,134.33,470.74,,,,,,,基础化工,化学制品,其他化学制品,5.21,5.22,5.25
sz300214,日科化学,2018-01-30,5.17,5.25,5.13,5.22,5.18,7106080.0,36871380.0,2114100000.0,2222741845.08,90727355.91999999,-24108589.599999998,1571280963.71,1720716714.7,149435750.99,40951085.88999999,1647.2,1479.06,1031.87,969.79,904.66,903.74,103.4,334.55,,,,,,,基础化工,化学制品,其他化学制品,5.16,5.17,5.18
sz300214,日科化学,2018-01-31,5.28,5.32,5.13,5.2,5.22,10425700.0,54442041.0,2106000000.0,2214225592.8,90727355.91999999,-24108589.599999998,1571280963.71,1720716714.7,149435750.99,40951085.88999999,2601.3,2464.41,1198.22,916.06,1628.44,1957.29,16.24,106.45,,,,,,,基础化工,化学制品,其他化学制品,5.26,5.26,5.28
sz300214,日科化学,2018-02-01,5.23,5.23,4.83,4.94,5.2,11814027.0,58960554.0,2000700000.0,2103514313.16,90727355.91999999,-24108589.599999998,1571280963.71,1720716714.7,149435750.99,40951085.88999999,2267.28,1828.14,1303.77,1533.51,2180.9,2161.69,144.1,372.73,,,,,,,基础化工,化学制品,其他化学制品,5.19,5.17,5.15
sz300214,日科化学,2018-02-02,4.89,4.95,4.77,4.87,4.94,6709900.0,32731810.0,1972350000.0,2073707430.18,90727355.91999999,-24108589.599999998,1571280963.71,1720716714.7,149435750.99,40951085.88999999,1347.57,1464.06,750.08,797.38,1028.23,574.17,147.3,437.58,,,,,,,基础化工,化学制品,其他化学制品,4.89,4.82,4.88
sz300214,日科化学,2018-02-05,4.78,4.86,4.71,4.81,4.87,5173607.0,24908832.0,1948050000.0,2048158673.34,90727355.91999999,-24108589.599999998,1571280963.71,1720716714.7,149435750.99,40951085.88999999,1105.3,1072.75,468.26,811.53,917.32,606.6,0.0,0.0,,,,,,,基础化工,化学制品,其他化学制品,4.78,4.79,4.79
sz300214,日科化学,2018-02-06,4.72,4.76,4.46,4.48,4.81,7455847.0,34747650.0,1814400000.0,1907640510.72,90727355.91999999,-24108589.599999998,1571280963.71,1720716714.7,149435750.99,40951085.88999999,1495.41,1496.34,731.6,1212.78,1247.76,765.64,0.0,0.0,,,,,,,基础化工,化学制品,其他化学制品,4.75,4.73,4.73
sz300214,日科化学,2018-02-07,4.55,4.67,4.44,4.61,4.48,6507673.0,29740200.0,1867050000.0,1962996150.54,90727355.91999999,-24108589.599999998,1571280963.71,1720716714.7,149435750.99,40951085.88999999,1477.89,1603.15,579.82,511.39,916.31,859.47,0.0,0.0,,,,,,,基础化工,化学制品,其他化学制品,4.57,4.59,4.57
sz300214,日科化学,2018-02-08,4.68,4.92,4.59,4.87,4.61,9133579.0,43806377.0,1972350000.0,2073707430.18,90727355.91999999,-24108589.599999998,1571280963.71,1720716714.7,149435750.99,40951085.88999999,1586.85,1971.19,1436.68,879.9,1151.18,1420.47,205.92,109.07,,,,,,,基础化工,化学制品,其他化学制品,4.63,4.73,4.78
sz300214,日科化学,2018-02-09,4.75,4.87,4.7,4.77,4.87,6944123.0,33233871.0,1931850000.0,2031126168.78,90727355.91999999,-24108589.599999998,1571280963.71,1720716714.7,149435750.99,40951085.88999999,1642.47,1778.52,592.28,543.19,1088.63,1001.67,0.0,0.0,,,,,,,基础化工,化学制品,其他化学制品,4.77,4.79,4.8
sz300214,日科化学,2018-02-12,4.8,4.91,4.79,4.88,4.77,4770800.0,23256961.0,1976400000.0,2077965556.32,90727355.91999999,-24108589.599999998,1571280963.71,1720716714.7,149435750.99,40951085.88999999,1217.88,1175.16,436.72,353.3,671.09,797.23,0.0,0.0,,,,,,,基础化工,化学制品,其他化学制品,4.81,4.84,4.87
sz300214,日科化学,2018-02-13,4.9,5.02,4.83,4.97,4.88,6935232.0,34126243.0,2012850000.0,2116288691.58,90727355.91999999,-24108589.599999998,1571280963.71,1720716714.7,149435750.99,40951085.88999999,1882.69,1774.64,726.74,545.17,803.19,1092.82,0.0,0.0,,,,,,,基础化工,化学制品,其他化学制品,4.9,4.87,4.87
sz300214,日科化学,2018-02-14,4.94,4.97,4.88,4.93,4.97,4446173.0,21883945.0,1996650000.0,2099256187.02,90727355.91999999,-24108589.599999998,1571280963.71,1720716714.7,149435750.99,40951085.88999999,1129.73,1067.47,333.65,502.74,647.39,540.56,0.0,0.0,,,,,,,基础化工,化学制品,其他化学制品,4.91,4.92,4.9
sz300214,日科化学,2018-02-22,4.97,4.98,4.9,4.94,4.93,4937130.0,24375630.0,2000700000.0,2103514313.16,90727355.91999999,-24108589.599999998,1571280963.71,1720716714.7,149435750.99,40951085.88999999,1248.33,982.75,453.06,624.37,627.23,774.73,108.93,55.71,,,,,,,基础化工,化学制品,其他化学制品,4.95,4.92,4.92
sz300214,日科化学,2018-02-23,4.94,5.0,4.9,4.99,4.94,4735000.0,23425344.0,2020950000.0,2124804943.86,90727355.91999999,-24108589.599999998,1571280963.71,1720716714.7,149435750.99,40951085.88999999,792.76,1209.56,901.09,308.43,491.11,711.67,157.56,112.87,,,,,,,基础化工,化学制品,其他化学制品,4.92,4.91,4.92
sz300214,日科化学,2018-02-26,5.0,5.11,4.99,5.07,4.99,7564200.0,38325468.0,2053350000.0,2158869952.98,90727355.91999999,-24108589.599999998,1571280963.71,1720716714.7,149435750.99,40951085.88999999,1389.17,1115.89,1068.87,1132.05,691.91,761.58,158.2,298.63,,,,,,,基础化工,化学制品,其他化学制品,5.02,5.02,5.03
sz300214,日科化学,2018-02-27,5.04,5.12,5.03,5.09,5.07,5285231.0,26803868.0,2061450000.0,2167386205.26,90727355.91999999,-24108589.599999998,1571280963.71,1720716714.7,149435750.99,40951085.88999999,999.97,924.54,737.09,740.56,817.56,1015.28,125.77,0.0,,,,,,,基础化工,化学制品,其他化学制品,5.08,5.07,5.06
sz300214,日科化学,2018-02-28,5.1,5.22,5.05,5.2,5.09,9221881.0,47539715.0,2106000000.0,2214225592.8,90727355.91999999,-24108589.599999998,1571280963.71,1720716714.7,149435750.99,40951085.88999999,1867.87,1944.66,1866.48,1462.47,1019.62,1346.85,0.0,0.0,,,,,,,基础化工,化学制品,其他化学制品,5.1,5.08,5.1
sz300214,日科化学,2018-03-01,5.17,5.54,5.17,5.44,5.2,12491906.0,67307620.0,2203200000.0,2316420620.16,90727355.91999999,-24108589.599999998,1571280963.71,1720716714.7,149435750.99,40951085.88999999,2292.68,3197.83,1967.98,1213.1,1707.89,2319.83,762.21,0.0,,,,,,,基础化工,化学制品,其他化学制品,5.45,5.37,5.36
sz300214,日科化学,2018-03-02,5.36,5.44,5.31,5.36,5.44,6633600.0,35620090.0,2170800000.0,2282355611.04,90727355.91999999,-24108589.599999998,1571280963.71,1720716714.7,149435750.99,40951085.88999999,1565.67,1191.42,1008.84,1191.1,987.5,1179.48,0.0,0.0,,,,,,,基础化工,化学制品,其他化学制品,5.34,5.4,5.39
sz300214,日科化学,2018-03-05,5.35,5.42,5.32,5.41,5.36,4954506.0,26629514.0,2191050000.0,2303646241.74,90727355.91999999,-24108589.599999998,1571280963.71,1720716714.7,149435750.99,40951085.88999999,1161.9,1085.47,864.23,628.9,634.79,787.79,2.03,160.8,,,,,,,基础化工,化学制品,其他化学制品,5.36,5.34,5.36
sz300214,日科化学,2018-03-06,5.37,5.41,5.26,5.35,5.41,7971078.0,42478979.0,2166750000.0,2278097484.9,90727355.91999999,-24108589.599999998,1571280963.71,1720716714.7,149435750.99,40951085.88999999,1250.35,1320.15,1463.1,1542.46,1293.05,863.9,158.47,438.45,,,,,,,基础化工,化学制品,其他化学制品,5.38,5.34,5.38
sz300214,日科化学,2018-03-07,5.32,5.35,5.22,5.33,5.35,5938406.0,31349308.0,2158650000.0,2269581232.62,90727355.91999999,-24108589.599999998,1571280963.71,1720716714.7,149435750.99,40951085.88999999,1336.53,1523.54,793.6,718.32,1004.8,893.07,0.0,0.0,,,,,,,基础化工,化学制品,其他化学制品,5.31,5.29,5.26
sz300214,日科化学,2018-03-08,5.3,5.44,5.27,5.44,5.33,7023462.0,37738605.0,2203200000.0,2316420620.16,90727355.91999999,-24108589.599999998,1571280963.71,1720716714.7,149435750.99,40951085.88999999,1122.93,1335.01,1962.47,835.88,688.45,1352.82,0.0,250.15,,,,,,,基础化工,化学制品,其他化学制品,5.29,5.31,5.3
sz300214,日科化学,2018-03-09,5.4,5.55,5.39,5.53,5.44,6392100.0,35020381.0,2239650000.0,2354743755.42,90727355.91999999,-24108589.599999998,1571280963.71,1720716714.7,149435750.99,40951085.88999999,1311.28,1301.33,1313.05,1119.77,877.7,1080.94,0.0,0.0,,,,,,,基础化工,化学制品,其他化学制品,5.44,5.42,5.42
sz300214,日科化学,2018-03-12,5.52,5.74,5.48,5.57,5.53,8458001.0,47389651.0,2255850000.0,2371776259.98,90727355.91999999,-24108589.599999998,1571280963.71,1720716714.7,149435750.99,40951085.88999999,2330.12,2197.03,1075.61,1318.58,1333.23,1223.36,0.0,0.0,,,,,,,基础化工,化学制品,其他化学制品,5.5,5.59,5.66
sz300214,日科化学,2018-03-13,5.54,5.59,5.48,5.53,5.57,5208827.0,28830252.0,2239650000.0,2354743755.42,90727355.91999999,-24108589.599999998,1571280963.71,1720716714.7,149435750.99,40951085.88999999,1364.29,940.23,652.5,1238.57,866.23,704.23,0.0,0.0,,,,,,,基础化工,化学制品,其他化学制品,5.53,5.57,5.54
sz300214,日科化学,2018-03-14,5.51,5.57,5.47,5.55,5.53,5404327.0,29869627.0,2247750000.0,2363260007.7,90727355.91999999,-24108589.599999998,1571280963.71,1720716714.7,149435750.99,40951085.88999999,691.25,1293.92,1612.82,1025.42,682.89,667.62,0.0,0.0,,,,,,,基础化工,化学制品,其他化学制品,5.51,5.55,5.54
sz300214,日科化学,2018-03-15,5.52,5.54,5.31,5.36,5.55,7307800.0,39348982.0,2170800000.0,2282355611.04,90727355.91999999,-24108589.599999998,1571280963.71,1720716714.7,149435750.99,40951085.88999999,1326.09,1276.78,1133.51,1400.81,1389.75,714.23,85.55,543.08,,,,,,,基础化工,化学制品,其他化学制品,5.53,5.47,5.5
sz300214,日科化学,2018-03-16,5.36,5.4,5.31,5.34,5.36,2722566.0,14618629.0,2162700000.0,2273839358.76,90727355.91999999,-24108589.599999998,1571280963.71,1720716714.7,149435750.99,40951085.88999999,583.49,724.44,316.27,290.02,447.51,447.4,114.6,0.0,,,,,,,基础化工,化学制品,其他化学制品,5.36,5.36,5.38
sz300214,日科化学,2018-03-19,5.35,5.43,5.31,5.37,5.34,3760899.0,20249004.0,2174850000.0,2286613737.18,90727355.91999999,-24108589.599999998,1571280963.71,1720716714.7,149435750.99,40951085.88999999,763.92,830.62,566.99,625.67,575.95,568.61,118.05,0.0,,,,,,,基础化工,化学制品,其他化学制品,5.36,5.35,5.35
sz300214,日科化学,2018-03-20,5.3,5.45,5.23,5.41,5.37,5030005.0,26906072.0,2191050000.0,2303646241.74,90727355.91999999,-24108589.599999998,1571280963.71,1720716714.7,149435750.99,40951085.88999999,1173.45,1222.63,833.55,717.62,680.38,750.35,3.23,0.0,,,,,,,基础化工,化学制品,其他化学制品,5.27,5.31,5.32
sz300214,日科化学,2018-03-21,5.41,5.47,5.34,5.41,5.41,5715301.0,30997203.0,2191050000.0,2303646241.74,90727355.91999999,-24108589.599999998,1571280963.71,1720716714.7,149435750.99,40951085.88999999,910.05,1026.24,1153.93,1141.15,589.09,661.81,446.64,270.52,,,,,,,基础化工,化学制品,其他化学制品,5.41,5.46,5.45
sz300214,日科化学,2018-03-22,5.4,5.44,5.35,5.35,5.41,4646750.0,25040729.0,2166750000.0,2278097484.9,90727355.91999999,-24108589.599999998,1571280963.71,1720716714.7,149435750.99,40951085.88999999,897.88,676.21,932.68,1014.27,545.04,511.71,128.47,301.88,,,,,,,基础化工,化学制品,其他化学制品,5.38,5.41,5.41
sz300214,日科化学,2018-03-23,5.21,5.24,4.99,5.05,5.35,7429601.0,38240394.0,2045250000.0,2150353700.7,90727355.91999999,-24108589.599999998,1571280963.71,1720716714.7,149435750.99,40951085.88999999,1275.55,1739.14,1263.22,1080.25,1182.27,989.6,103.0,15.05,,,,,,,基础化工,化学制品,其他化学制品,5.18,5.17,5.19
sz300214,日科化学,2018-03-26,4.98,5.17,4.95,5.16,5.05,2954500.0,14980485.0,2089800000.0,2197193088.24,90727355.91999999,-24108589.599999998,1571280963.71,1720716714.7,149435750.99,40951085.88999999,817.1,697.13,271.3,183.38,392.75,617.54,16.9,0.0,,,,,,,基础化工,化学制品,其他化学制品,4.99,5.0,5.04
sz300214,日科化学,2018-03-27,5.18,5.43,5.18,5.33,5.16,3600400.0,19144993.0,2158650000.0,2269581232.62,90727355.91999999,-24108589.599999998,1571280963.71,1720716714.7,149435750.99,40951085.88999999,888.5,1016.13,465.04,248.25,560.96,650.12,0.0,0.0,,,,,,,基础化工,化学制品,其他化学制品,5.21,5.35,5.32
sz300214,日科化学,2018-03-28,5.3,5.38,5.26,5.31,5.33,2638400.0,14051598.0,2150550000.0,2261064980.34,90727355.91999999,-24108589.599999998,1571280963.71,1720716714.7,149435750.99,40951085.88999999,704.26,823.04,121.09,186.51,579.81,395.61,0.0,0.0,,,,,,,基础化工,化学制品,其他化学制品,5.29,5.32,5.34
sz300214,日科化学,2018-03-29,5.31,5.38,5.31,5.37,5.31,2171600.0,11614216.0,2174850000.0,2286613737.18,90727355.91999999,-24108589.599999998,1571280963.71,1720716714.7,149435750.99,40951085.88999999,570.0,570.95,132.58,147.82,458.84,442.66,0.0,0.0,,,,,,,基础化工,化学制品,其他化学制品,5.36,5.34,5.34
sz300214,日科化学,2018-03-30,5.39,5.5,5.39,5.48,5.37,3687800.0,20099264.0,2219400000.0,2333453124.72,90727355.91999999,-24108589.599999998,1571280963.71,1720716714.7,149435750.99,40951085.88999999,936.46,1052.72,533.67,249.79,539.79,707.41,0.0,0.0,,,,,,,基础化工,化学制品,其他化学制品,5.42,5.42,5.42
sz300214,日科化学,2018-04-02,5.46,5.52,5.42,5.45,5.48,3766703.0,20586814.0,2207250000.0,2320678746.3,90727355.91999999,-24108589.599999998,1571280963.71,1720716714.7,149435750.99,40951085.88999999,871.51,815.6,294.09,509.44,673.41,733.64,219.67,0.0,,,,,,,基础化工,化学制品,其他化学制品,5.49,5.47,5.44
sz300214,日科化学,2018-04-03,5.41,5.44,5.33,5.41,5.45,3039803.0,16366317.0,2191050000.0,2303646241.74,90727355.91999999,-24108589.599999998,1571280963.71,1720716714.7,149435750.99,40951085.88999999,628.04,724.99,341.06,454.98,667.53,456.66,0.0,0.0,,,,,,,基础化工,化学制品,其他化学制品,5.43,5.41,5.39
sz300214,日科化学,2018-04-04,5.41,5.45,5.34,5.35,5.41,2272400.0,12259909.0,2166750000.0,2278097484.9,90727355.91999999,-24108589.599999998,1571280963.71,1720716714.7,149435750.99,40951085.88999999,523.83,637.3,103.8,243.03,598.36,345.66,0.0,0.0,,,,,,,基础化工,化学制品,其他化学制品,5.42,5.43,5.43
sz300214,日科化学,2018-04-09,5.32,5.34,5.2,5.29,5.35,3723045.0,19654649.0,2142450000.0,2252548728.06,90727355.91999999,-24108589.599999998,1571280963.71,1720716714.7,149435750.99,40951085.88999999,986.99,910.85,222.27,698.73,756.21,355.88,0.0,0.0,,,,,,,基础化工,化学制品,其他化学制品,5.32,5.25,5.28
sz300214,日科化学,2018-04-10,5.29,5.48,5.26,5.43,5.29,5415068.0,28969798.0,2199150000.0,2312162494.02,90727355.91999999,-24108589.599999998,1571280963.71,1720716714.7,149435750.99,40951085.88999999,1089.97,1049.27,1006.05,947.34,800.96,900.37,0.0,0.0,,,,,,,基础化工,化学制品,其他化学制品,5.31,5.32,5.29
sz300214,日科化学,2018-04-11,5.44,5.58,5.44,5.54,5.43,6485887.0,35776631.0,2243700000.0,2359001881.56,90727355.91999999,-24108589.599999998,1571280963.71,1720716714.7,149435750.99,40951085.88999999,1341.25,1531.75,719.56,518.63,901.26,1106.71,615.59,420.57,,,,,,,基础化工,化学制品,其他化学制品,5.46,5.45,5.48
sz300214,日科化学,2018-04-12,5.54,5.77,5.52,5.63,5.54,9440526.0,53236445.0,2280150000.0,2397325016.82,90727355.91999999,-24108589.599999998,1571280963.71,1720716714.7,149435750.99,40951085.88999999,2184.63,2032.94,1519.97,1291.81,1380.9,1753.61,238.14,245.28,,,,,,,基础化工,化学制品,其他化学制品,5.56,5.56,5.7
sz300214,日科化学,2018-04-13,5.7,5.77,5.57,5.63,5.63,7296300.0,41240256.0,2280150000.0,2397325016.82,90727355.91999999,-24108589.599999998,1571280963.71,1720716714.7,149435750.99,40951085.88999999,1723.16,1827.77,1086.34,894.63,1009.18,1080.14,305.35,321.48,,,,,,,基础化工,化学制品,其他化学制品,5.73,5.66,5.67
sz300214,日科化学,2018-04-16,5.66,5.66,5.41,5.53,5.63,6662259.0,36931267.0,2239650000.0,2354743755.42,90727355.91999999,-24108589.599999998,1571280963.71,1720716714.7,149435750.99,40951085.88999999,1669.58,1366.67,738.62,1255.3,1146.4,794.61,138.53,276.55,,,,,,,基础化工,化学制品,其他化学制品,5.61,5.6,5.61
sz300214,日科化学,2018-04-17,5.53,5.58,5.39,5.41,5.53,5129100.0,28124158.0,2191050000.0,2303646241.74,90727355.91999999,-24108589.599999998,1571280963.71,1720716714.7,149435750.99,40951085.88999999,1252.4,1056.75,506.45,985.19,775.78,526.87,277.79,243.62,,,,,,,基础化工,化学制品,其他化学制品,5.54,5.5,5.53
sz300214,日科化学,2018-04-18,5.45,5.48,5.31,5.43,5.41,4109300.0,22169808.0,2199150000.0,2312162494.02,90727355.91999999,-24108589.599999998,1571280963.71,1720716714.7,149435750.99,40951085.88999999,1080.01,921.03,317.23,697.68,819.74,588.14,0.0,10.14,,,,,,,基础化工,化学制品,其他化学制品,5.39,5.41,5.4
sz300214,日科化学,2018-04-19,5.42,5.47,5.41,5.46,5.43,3141700.0,17081114.0,2211300000.0,2324936872.44,90727355.91999999,-24108589.599999998,1571280963.71,1720716714.7,149435750.99,40951085.88999999,627.63,785.71,212.04,174.32,601.11,480.74,0.0,0.0,,,,,,,基础化工,化学制品,其他化学制品,5.42,5.42,5.41
sz300214,日科化学,2018-04-20,5.44,5.45,5.23,5.25,5.46,3983100.0,21268309.0,2126250000.0,2235516223.5,90727355.91999999,-24108589.599999998,1571280963.71,1720716714.7,149435750.99,40951085.88999999,963.84,998.72,361.95,649.74,801.03,478.37,0.0,0.0,,,,,,,基础化工,化学制品,其他化学制品,5.44,5.4,5.39
sz300214,日科化学,2018-04-23,5.26,5.31,5.21,5.27,5.25,2674278.0,14066149.0,2134350000.0,2244032475.78,90727355.91999999,-24108589.599999998,1571280963.71,1720716714.7,149435750.99,40951085.88999999,470.07,710.65,472.36,373.05,464.18,322.92,0.0,0.0,,,,,,,基础化工,化学制品,其他化学制品,5.27,5.3,5.29
sz300214,日科化学,2018-04-24,5.25,5.38,5.25,5.37,5.27,3058478.0,16364072.0,2174850000.0,2286613737.18,95085473.53,49906177.0,1589084533.72,1731496557.07,142412023.35,17803570.010000005,907.47,741.02,240.89,505.0,488.04,385.17,0.0,5.22,,,,,,,基础化工,化学制品,其他化学制品,5.31,5.29,5.31
sz300214,日科化学,2018-04-25,5.34,5.43,5.31,5.38,5.37,3021463.0,16252390.0,2178900000.0,2290871863.32,95085473.53,49906177.0,1589084533.72,1731496557.07,142412023.35,17803570.010000005,822.96,713.85,191.87,587.16,539.9,324.23,70.51,0.0,,,,,,,基础化工,化学制品,其他化学制品,5.35,5.37,5.38
sz300214,日科化学,2018-04-26,5.36,5.47,5.33,5.4,5.38,5112573.0,27570581.0,2187000000.0,2299388115.6,95085473.53,49906177.0,1589084533.72,1731496557.07,142412023.35,17803570.010000005,1029.9,1207.1,758.09,850.87,662.27,472.72,306.8,226.37,,,,,,,基础化工,化学制品,其他化学制品,5.38,5.37,5.4
sz300214,日科化学,2018-04-27,5.42,5.48,5.32,5.38,5.4,4250900.0,22830487.0,2178900000.0,2290871863.32,120546502.43,136226360.26,1624059584.6899998,1756346078.12,132286493.43,34975050.97,1002.76,795.18,622.82,828.29,657.04,448.31,0.43,211.27,,,,,,,基础化工,化学制品,其他化学制品,5.39,5.39,5.36
sz300214,日科化学,2018-05-02,5.4,5.42,5.23,5.31,5.38,5311921.0,28140364.0,2150550000.0,2261064980.34,120546502.43,136226360.26,1624059584.6899998,1756346078.12,132286493.43,34975050.97,1024.94,1191.38,600.56,789.41,910.75,518.32,277.79,314.93,,,,,,,基础化工,化学制品,其他化学制品,5.36,5.37,5.36
sz300214,日科化学,2018-05-03,5.31,5.37,5.18,5.37,5.31,5036700.0,26622579.0,2174850000.0,2286613737.18,120546502.43,136226360.26,1624059584.6899998,1756346078.12,132286493.43,34975050.97,1265.4,990.87,774.32,822.6,622.54,483.23,0.0,365.56,,,,,,,基础化工,化学制品,其他化学制品,5.29,5.3,5.29
sz300214,日科化学,2018-05-04,5.38,5.44,5.26,5.32,5.37,5315820.0,28392181.0,2154600000.0,2265323106.48,120546502.43,136226360.26,1624059584.6899998,1756346078.12,132286493.43,34975050.97,1271.9,1210.55,768.2,870.34,799.12,416.3,0.0,342.03,,,,,,,基础化工,化学制品,其他化学制品,5.39,5.42,5.39
sz300214,日科化学,2018-05-07,5.39,5.42,5.32,5.39,5.32,7491300.0,40305880.0,2182950000.0,2295129989.46,120546502.43,136226360.26,1624059584.6899998,1756346078.12,132286493.43,34975050.97,1902.76,1697.22,1081.87,1587.68,988.93,638.23,57.03,107.46,,,,,,,基础化工,化学制品,其他化学制品,5.34,5.36,5.33
sz300214,日科化学,2018-05-08,5.39,5.45,5.36,5.44,5.39,11749600.0,63463856.0,2203200000.0,2316420620.16,120546502.43,136226360.26,1624059584.6899998,1756346078.12,132286493.43,34975050.97,2038.48,1470.03,2769.19,2111.26,1262.22,1026.25,276.5,1738.85,,,,,,,基础化工,化学制品,其他化学制品,5.43,5.39,5.4
sz300214,日科化学,2018-05-09,5.44,5.55,5.4,5.54,5.44,13103558.0,71733924.0,2243700000.0,2359001881.56,120546502.43,136226360.26,1624059584.6899998,1756346078.12,132286493.43,34975050.97,2714.02,2740.76,2813.03,2505.15,1646.33,1491.74,0.0,435.74,,,,,,,基础化工,化学制品,其他化学制品,5.42,5.43,5.45
sz300214,日科化学,2018-05-10,5.57,5.65,5.52,5.58,5.54,10221158.0,56952018.0,2259900000.0,2376034386.12,120546502.43,136226360.26,1624059584.6899998,1756346078.12,132286493.43,34975050.97,2339.46,2155.23,1790.01,1707.73,1340.57,1437.89,225.17,394.35,,,,,,,基础化工,化学制品,其他化学制品,5.54,5.56,5.59
sz300214,日科化学,2018-05-11,5.62,5.62,5.48,5.51,5.58,9141400.0,50758035.0,2231550000.0,2346227503.14,120546502.43,136226360.26,1624059584.6899998,1756346078.12,132286493.43,34975050.97,1629.66,1776.07,1543.87,1754.72,1308.98,866.99,593.29,678.02,,,,,,,基础化工,化学制品,其他化学制品,5.59,5.57,5.59
sz300214,日科化学,2018-05-14,5.51,5.51,5.36,5.41,5.51,6813100.0,37056536.0,2191050000.0,2303646241.74,120546502.43,136226360.26,1624059584.6899998,1756346078.12,132286493.43,34975050.97,1430.52,1472.91,999.32,1182.79,1218.18,849.02,14.89,158.19,,,,,,,基础化工,化学制品,其他化学制品,5.49,5.45,5.46
sz300214,日科化学,2018-05-15,5.42,5.56,5.36,5.55,5.41,9351120.0,50981653.0,2247750000.0,2363260007.7,120546502.43,136226360.26,1624059584.6899998,1756346078.12,132286493.43,34975050.97,1929.3,1539.52,1956.19,1996.62,841.64,865.04,371.03,696.99,,,,,,,基础化工,化学制品,其他化学制品,5.39,5.37,5.47
sz300214,日科化学,2018-05-16,5.51,5.96,5.49,5.62,5.55,20689002.0,117901641.0,2276100000.0,2393066890.68,120546502.43,136226360.26,1624059584.6899998,1756346078.12,132286493.43,34975050.97,4166.85,4562.35,4052.43,3782.71,2757.43,2835.45,813.45,609.64,,,,,,,基础化工,化学制品,其他化学制品,5.5,5.55,5.55
sz300214,日科化学,2018-05-17,5.64,5.76,5.57,5.76,5.62,15904420.0,90067165.0,2332800000.0,2452680656.64,120546502.43,136226360.26,1624059584.6899998,1756346078.12,132286493.43,34975050.97,3373.08,3224.03,3150.92,3233.72,2164.63,1914.64,318.08,634.32,,,,,,,基础化工,化学制品,其他化学制品,5.63,5.6,5.64
sz300214,日科化学,2018-05-18,5.74,5.79,5.63,5.7,5.76,10952898.0,62305954.0,2308500000.0,2427131899.8,120546502.43,136226360.26,1624059584.6899998,1756346078.12,132286493.43,34975050.97,2251.94,2003.96,2080.51,2842.77,1804.56,1233.76,93.58,150.11,,,,,,,基础化工,化学制品,其他化学制品,5.75,5.72,5.73
sz300214,日科化学,2018-05-21,5.74,5.95,5.7,5.85,5.7,15434202.0,89946611.0,2369250000.0,2491003791.9,120546502.43,136226360.26,1624059584.6899998,1756346078.12,132286493.43,34975050.97,3765.38,3153.56,2577.77,2515.76,2030.23,2218.77,621.28,1106.56,,,,,,,基础化工,化学制品,其他化学制品,5.71,5.79,5.73
sz300214,日科化学,2018-05-22,5.83,6.08,5.81,6.05,5.85,15529341.0,92444783.0,2450250000.0,2576166314.7,120546502.43,136226360.26,1624059584.6899998,1756346078.12,132286493.43,34975050.97,3400.37,3674.11,2333.24,2413.24,2505.69,2570.58,1005.18,586.54,,,,,,,基础化工,化学制品,其他化学制品,5.84,5.84,5.88
sz300214,日科化学,2018-05-23,6.05,6.05,5.85,5.92,6.05,12035500.0,71723720.0,2397600000.0,2520810674.88,120546502.43,136226360.26,1624059584.6899998,1756346078.12,132286493.43,34975050.97,2780.62,2583.1,1711.52,2807.76,2680.23,1781.51,0.0,0.0,,,,,,,基础化工,化学制品,其他化学制品,6.01,5.99,6.0
sz300214,日科化学,2018-05-24,5.95,6.0,5.8,5.88,5.92,9617701.0,56449844.0,2381400000.0,2503778170.32,120546502.43,136226360.26,1624059584.6899998,1756346078.12,132286493.43,34975050.97,2186.57,2422.24,1772.44,2184.47,1568.77,1038.27,117.2,0.0,,,,,,,基础化工,化学制品,其他化学制品,5.94,5.87,5.87
sz300214,日科化学,2018-05-25,5.76,5.81,5.56,5.59,5.73,9317800.0,53044070.0,2263950000.0,2380292512.26,120546502.43,136226360.26,1624059584.6899998,1756346078.12,132286493.43,34975050.97,1872.06,2093.87,1695.59,1968.04,1641.0,1055.76,95.75,186.74,,,,,,,基础化工,化学制品,其他化学制品,5.76,5.7,5.73
sz300214,日科化学,2018-05-28,5.63,5.63,5.48,5.56,5.59,6466701.0,35955761.0,2251800000.0,2367518133.84,120546502.43,136226360.26,1624059584.6899998,1756346078.12,132286493.43,34975050.97,1669.01,1550.86,817.6,1071.95,1059.97,784.79,48.99,187.99,,,,,,,基础化工,化学制品,其他化学制品,5.6,5.5,5.5
sz300214,日科化学,2018-05-29,5.57,5.62,5.45,5.46,5.56,8096800.0,44677302.0,2211300000.0,2324936872.44,120546502.43,136226360.26,1624059584.6899998,1756346078.12,132286493.43,34975050.97,2020.64,1723.26,1229.14,2005.51,1174.3,738.96,43.65,0.0,,,,,,,基础化工,化学制品,其他化学制品,5.57,5.6,5.58
sz300214,日科化学,2018-05-30,5.4,5.41,5.14,5.18,5.46,12023600.0,63034749.0,2097900000.0,2205709340.52,120546502.43,136226360.26,1624059584.6899998,1756346078.12,132286493.43,34975050.97,2495.15,2237.91,966.58,2338.38,1879.95,867.22,961.8,859.96,,,,,,,基础化工,化学制品,其他化学制品,5.33,5.3,5.3
sz300214,日科化学,2018-05-31,5.21,5.26,5.11,5.21,5.18,7257900.0,37660554.0,2110050000.0,2218483718.94,120546502.43,136226360.26,1624059584.6899998,1756346078.12,132286493.43,34975050.97,1600.03,1291.22,843.81,1868.9,1322.22,539.22,0.0,66.72,,,,,,,基础化工,化学制品,其他化学制品,5.23,5.23,5.19
sz300214,日科化学,2018-06-01,5.18,5.23,5.07,5.12,5.21,6987399.0,35991433.0,2073600000.0,2180160583.68,120546502.43,136226360.26,1624059584.6899998,1756346078.12,132286493.43,34975050.97,1575.06,1720.38,867.43,1132.78,927.76,745.99,228.89,0.0,,,,,,,基础化工,化学制品,其他化学制品,5.16,5.18,5.18
sz300214,日科化学,2018-06-04,5.16,5.19,5.1,5.16,5.12,4168723.0,21424247.0,2089800000.0,2197193088.24,120546502.43,136226360.26,1624059584.6899998,1756346078.12,132286493.43,34975050.97,934.92,816.04,697.34,849.66,510.16,374.42,0.0,102.3,,,,,,,基础化工,化学制品,其他化学制品,5.11,5.19,5.14
sz300214,日科化学,2018-06-05,5.14,5.25,5.14,5.25,5.16,4187300.0,21794333.0,2126250000.0,2235516223.5,120546502.43,136226360.26,1624059584.6899998,1756346078.12,132286493.43,34975050.97,661.1,974.86,998.13,655.62,439.64,548.95,80.56,0.0,,,,,,,基础化工,化学制品,其他化学制品,5.16,5.18,5.18
sz300214,日科化学,2018-06-06,5.25,5.26,5.2,5.23,5.25,2473000.0,12904298.0,2118150000.0,2226999971.22,120546502.43,136226360.26,1624059584.6899998,1756346078.12,132286493.43,34975050.97,683.13,707.21,181.1,267.43,407.31,296.91,0.0,0.0,,,,,,,基础化工,化学制品,其他化学制品,5.23,5.22,5.23
sz300214,日科化学,2018-06-07,5.23,5.25,5.13,5.13,5.23,2870200.0,14923545.0,2077650000.0,2184418709.82,120546502.43,136226360.26,1624059584.6899998,1756346078.12,132286493.43,34975050.97,806.54,716.4,166.29,440.3,519.52,335.65,0.0,0.0,,,,,,,基础化工,化学制品,其他化学制品,5.21,5.21,5.2
sz300214,日科化学,2018-06-08,5.13,5.14,4.98,5.0,5.13,5150700.0,26004354.0,2025000000.0,2129063070.0,120546502.43,136226360.26,1624059584.6899998,1756346078.12,132286493.43,34975050.97,1271.5,971.96,378.98,1130.81,949.96,497.67,0.0,0.0,,,,,,,基础化工,化学制品,其他化学制品,5.13,5.11,5.1
sz300214,日科化学,2018-06-11,4.99,5.04,4.89,4.93,5.0,3564800.0,17705648.0,1996650000.0,2099256187.02,120546502.43,136226360.26,1624059584.6899998,1756346078.12,132286493.43,34975050.97,815.35,928.06,216.84,476.05,738.37,366.45,0.0,0.0,,,,,,,基础化工,化学制品,其他化学制品,4.99,5.01,5.01
sz300214,日科化学,2018-06-12,4.93,5.0,4.86,4.99,4.93,3157800.0,15627407.0,2020950000.0,2124804943.86,120546502.43,136226360.26,1624059584.6899998,1756346078.12,132286493.43,34975050.97,619.12,891.8,498.97,204.91,444.65,466.03,0.0,0.0,,,,,,,基础化工,化学制品,其他化学制品,4.95,4.93,4.96
sz300214,日科化学,2018-06-13,4.98,4.98,4.85,4.87,4.99,2637600.0,12974124.0,1972350000.0,2073707430.18,120546502.43,136226360.26,1624059584.6899998,1756346078.12,132286493.43,34975050.97,497.87,597.84,240.58,378.07,558.97,321.5,0.0,0.0,,,,,,,基础化工,化学制品,其他化学制品,4.96,4.95,4.97
sz300214,日科化学,2018-06-14,4.84,5.05,4.82,5.0,4.87,4854700.0,23883205.0,2025000000.0,2129063070.0,120546502.43,136226360.26,1624059584.6899998,1756346078.12,132286493.43,34975050.97,1001.84,1235.98,895.05,389.93,477.33,762.41,14.1,0.0,,,,,,,基础化工,化学制品,其他化学制品,4.87,4.85,4.89
sz300214,日科化学,2018-06-15,4.98,5.03,4.83,4.91,5.0,3787799.0,18654007.0,1988550000.0,2090739934.74,120546502.43,136226360.26,1624059584.6899998,1756346078.12,132286493.43,34975050.97,785.42,920.77,393.22,459.09,686.76,485.54,0.0,0.0,,,,,,,基础化工,化学制品,其他化学制品,5.01,5.01,4.99
sz300214,日科化学,2018-06-19,4.86,4.86,4.42,4.51,4.91,5315447.0,24475290.0,1826550000.0,1920414889.14,120546502.43,136226360.26,1624059584.6899998,1756346078.12,132286493.43,34975050.97,1192.55,1382.93,215.33,533.38,1039.65,531.22,0.0,0.0,,,,,,,基础化工,化学制品,其他化学制品,4.83,4.84,4.78
sz300214,日科化学,2018-06-20,4.48,4.61,4.43,4.58,4.51,2432278.0,11049133.0,1854900000.0,1950221772.12,120546502.43,136226360.26,1624059584.6899998,1756346078.12,132286493.43,34975050.97,546.38,598.89,163.88,125.64,394.65,380.38,0.0,0.0,,,,,,,基础化工,化学制品,其他化学制品,4.52,4.5,4.51
sz300214,日科化学,2018-06-21,4.57,4.64,4.45,4.45,4.58,3254400.0,14776739.0,1802250000.0,1894866132.3,120546502.43,136226360.26,1624059584.6899998,1756346078.12,132286493.43,34975050.97,695.66,759.15,247.14,362.54,534.87,355.98,0.0,0.0,,,,,,,基础化工,化学制品,其他化学制品,4.57,4.6,4.58
sz300214,日科化学,2018-06-22,4.44,4.55,4.37,4.53,4.45,2474600.0,11111856.0,1834650000.0,1928931141.42,120546502.43,136226360.26,1624059584.6899998,1756346078.12,132286493.43,34975050.97,575.59,652.25,137.79,174.11,397.81,284.83,0.0,0.0,,,,,,,基础化工,化学制品,其他化学制品,4.38,4.43,4.44
sz300214,日科化学,2018-06-25,4.56,4.61,4.5,4.5,4.53,2444100.0,11155471.0,1822500000.0,1916156763.0,120546502.43,136226360.26,1624059584.6899998,1756346078.12,132286493.43,34975050.97,651.08,594.63,160.5,201.05,303.97,319.86,0.0,0.0,,,,,,,基础化工,化学制品,其他化学制品,4.58,4.58,4.6
sz300214,日科化学,2018-06-26,4.58,4.74,4.56,4.65,4.5,4792069.0,22299053.0,1883250000.0,1980028655.1,120546502.43,136226360.26,1624059584.6899998,1756346078.12,132286493.43,34975050.97,1113.15,1155.1,333.88,285.8,782.87,649.08,0.0,139.93,,,,,,,基础化工,化学制品,其他化学制品,4.61,4.7,4.63
sz300214,日科化学,2018-06-27,4.63,4.67,4.57,4.6,4.65,3804600.0,17574838.0,1863000000.0,1958738024.4,120546502.43,136226360.26,1624059584.6899998,1756346078.12,132286493.43,34975050.97,862.03,853.67,322.56,427.66,572.89,374.3,0.0,101.86,,,,,,,基础化工,化学制品,其他化学制品,4.66,4.62,4.63
sz300214,日科化学,2018-06-28,4.59,4.66,4.54,4.57,4.6,3873602.0,17814567.0,1850850000.0,1945963645.98,120546502.43,136226360.26,1624059584.6899998,1756346078.12,132286493.43,34975050.97,809.1,596.51,478.64,873.75,493.72,311.19,0.0,0.0,,,,,,,基础化工,化学制品,其他化学制品,4.59,4.62,4.65
sz300214,日科化学,2018-06-29,4.57,4.73,4.57,4.69,4.57,3061500.0,14311411.0,1899450000.0,1997061159.66,120546502.43,136226360.26,1624059584.6899998,1756346078.12,132286493.43,34975050.97,662.01,684.33,408.6,126.22,360.52,620.59,0.0,0.0,,,,,,,基础化工,化学制品,其他化学制品,4.6,4.6,4.59
sz300214,日科化学,2018-07-02,4.7,4.77,4.62,4.65,4.69,3196000.0,15024126.0,1883250000.0,1980028655.1,120546502.43,136226360.26,1624059584.6899998,1756346078.12,132286493.43,34975050.97,816.36,847.13,131.6,272.15,554.45,383.13,0.0,0.0,,,,,,,基础化工,化学制品,其他化学制品,4.69,4.71,4.72
sz300214,日科化学,2018-07-03,4.65,4.73,4.58,4.73,4.65,3448600.0,16067458.0,1915650000.0,2014093664.22,120546502.43,136226360.26,1624059584.6899998,1756346078.12,132286493.43,34975050.97,853.22,637.83,107.54,583.4,645.98,382.83,0.0,2.69,,,,,,,基础化工,化学制品,其他化学制品,4.64,4.71,4.66
sz300214,日科化学,2018-07-04,4.72,4.72,4.57,4.6,4.73,4242702.0,19623672.0,1863000000.0,1958738024.4,120546502.43,136226360.26,1624059584.6899998,1756346078.12,132286493.43,34975050.97,768.47,665.79,457.47,701.05,736.43,339.33,0.0,256.19,,,,,,,基础化工,化学制品,其他化学制品,4.67,4.67,4.66
sz300214,日科化学,2018-07-05,4.6,4.62,4.49,4.5,4.6,2729000.0,12384726.0,1822500000.0,1916156763.0,120546502.43,136226360.26,1624059584.6899998,1756346078.12,132286493.43,34975050.97,529.9,640.62,142.46,302.18,566.11,295.67,0.0,0.0,,,,,,,基础化工,化学制品,其他化学制品,4.58,4.6,4.54
sz300214,日科化学,2018-07-06,4.51,4.58,4.4,4.54,4.5,3460200.0,15612793.0,1838700000.0,1933189267.56,120546502.43,136226360.26,1624059584.6899998,1756346078.12,132286493.43,34975050.97,872.73,868.95,223.8,302.39,464.75,389.94,0.0,0.0,,,,,,,基础化工,化学制品,其他化学制品,4.48,4.55,4.54
sz300214,日科化学,2018-07-09,4.58,4.68,4.56,4.67,4.54,3034200.0,14045888.0,1891350000.0,1988544907.38,120546502.43,136226360.26,1624059584.6899998,1756346078.12,132286493.43,34975050.97,679.09,795.5,323.78,138.5,401.71,470.59,0.0,0.0,,,,,,,基础化工,化学制品,其他化学制品,4.59,4.62,4.62
sz300214,日科化学,2018-07-10,4.71,4.86,4.66,4.79,4.67,5274902.0,25202021.0,1939950000.0,2039642421.06,120546502.43,136226360.26,1624059584.6899998,1756346078.12,132286493.43,34975050.97,1121.24,1296.58,722.92,246.4,673.39,977.22,2.64,0.0,,,,,,,基础化工,化学制品,其他化学制品,4.68,4.68,4.75
sz300214,日科化学,2018-07-11,4.75,4.75,4.6,4.72,4.79,3731302.0,17472326.0,1911600000.0,2009835538.08,120546502.43,136226360.26,1624059584.6899998,1756346078.12,132286493.43,34975050.97,814.24,846.89,344.01,397.95,588.98,502.4,0.0,0.0,,,,,,,基础化工,化学制品,其他化学制品,4.67,4.69,4.67
sz300214,日科化学,2018-07-12,4.74,4.93,4.72,4.9,4.72,6674802.0,32534387.0,1984500000.0,2086481808.6,120546502.43,136226360.26,1624059584.6899998,1756346078.12,132286493.43,34975050.97,1791.63,1773.55,828.95,552.68,632.86,927.21,0.0,0.0,,,,,,,基础化工,化学制品,其他化学制品,4.77,4.84,4.81
sz300214,日科化学,2018-07-13,4.89,4.94,4.84,4.94,4.9,3759400.0,18427625.0,2000700000.0,2103514313.16,120546502.43,136226360.26,1624059584.6899998,1756346078.12,132286493.43,34975050.97,873.92,956.8,499.11,358.02,469.73,527.94,0.0,0.0,,,,,,,基础化工,化学制品,其他化学制品,4.89,4.84,4.88
sz300214,日科化学,2018-07-16,4.92,4.96,4.86,4.9,4.94,2831400.0,13883414.0,1984500000.0,2086481808.6,120546502.43,136226360.26,1624059584.6899998,1756346078.12,132286493.43,34975050.97,641.96,739.55,215.97,209.71,517.38,426.04,0.0,0.0,,,,,,,基础化工,化学制品,其他化学制品,4.93,4.91,4.9
sz300214,日科化学,2018-07-17,4.92,4.92,4.85,4.92,4.9,2848400.0,13927067.0,1992600000.0,2094998060.88,120546502.43,136226360.26,1624059584.6899998,1756346078.12,132286493.43,34975050.97,618.04,615.29,327.66,373.88,447.01,403.54,0.0,0.0,,,,,,,基础化工,化学制品,其他化学制品,4.9,4.9,4.91
sz300214,日科化学,2018-07-18,4.92,4.93,4.76,4.8,4.92,5769500.0,28010958.0,1944000000.0,2043900547.2,120546502.43,136226360.26,1624059584.6899998,1756346078.12,132286493.43,34975050.97,1518.96,923.55,199.15,1289.14,1083.0,417.02,0.0,171.38,,,,,,,基础化工,化学制品,其他化学制品,4.91,4.92,4.9
sz300214,日科化学,2018-07-19,4.79,4.86,4.72,4.75,4.8,4415200.0,21147350.0,1923750000.0,2022609916.5,120546502.43,136226360.26,1624059584.6899998,1756346078.12,132286493.43,34975050.97,1013.93,1176.55,250.95,645.2,849.85,292.98,0.0,0.0,,,,,,,基础化工,化学制品,其他化学制品,4.81,4.84,4.84
sz300214,日科化学,2018-07-20,4.76,4.87,4.71,4.83,4.75,4042000.0,19366494.0,1956150000.0,2056674925.62,120546502.43,136226360.26,1624059584.6899998,1756346078.12,132286493.43,34975050.97,1081.19,1080.13,272.57,393.83,582.89,462.69,0.0,0.0,,,,,,,基础化工,化学制品,其他化学制品,4.77,4.76,4.74
sz300214,日科化学,2018-07-23,4.81,4.91,4.78,4.89,4.83,3954720.0,19194094.0,1980450000.0,2082223682.46,120546502.43,136226360.26,1624059584.6899998,1756346078.12,132286493.43,34975050.97,912.83,1067.61,312.37,206.31,694.21,645.48,0.0,0.0,,,,,,,基础化工,化学制品,其他化学制品,4.82,4.84,4.83
sz300214,日科化学,2018-07-24,4.88,4.98,4.86,4.95,4.89,4654400.0,23004154.0,2004750000.0,2107772439.3,120546502.43,136226360.26,1624059584.6899998,1756346078.12,132286493.43,34975050.97,1120.81,1029.37,548.83,464.08,630.78,806.97,0.0,0.0,,,,,,,基础化工,化学制品,其他化学制品,4.9,4.93,4.92
sz300214,日科化学,2018-07-25,4.95,5.0,4.92,4.94,4.95,3430639.0,17025866.0,2000700000.0,2103514313.16,120546502.43,136226360.26,1624059584.6899998,1756346078.12,132286493.43,34975050.97,807.45,850.04,212.99,365.26,682.15,487.29,0.0,0.0,,,,,,,基础化工,化学制品,其他化学制品,4.94,4.97,4.99
sz300214,日科化学,2018-07-26,4.92,5.01,4.9,4.98,4.94,4452331.0,22127026.0,2016900000.0,2120546817.72,120546502.43,136226360.26,1624059584.6899998,1756346078.12,132286493.43,34975050.97,1178.36,1106.77,441.11,533.92,593.23,572.01,0.0,0.0,,,,,,,基础化工,化学制品,其他化学制品,4.95,4.93,4.93
sz300214,日科化学,2018-07-27,4.98,5.02,4.94,4.98,4.98,3260300.0,16287299.0,2016900000.0,2120546817.72,120546502.43,136226360.26,1624059584.6899998,1756346078.12,132286493.43,34975050.97,693.61,783.44,444.79,352.62,490.33,492.67,0.0,0.0,,,,,,,基础化工,化学制品,其他化学制品,4.97,4.98,4.98
sz300214,日科化学,2018-07-30,4.95,4.97,4.85,4.9,4.98,3463900.0,16982464.0,1984500000.0,2086481808.6,120546502.43,136226360.26,1624059584.6899998,1756346078.12,132286493.43,34975050.97,789.87,918.05,196.83,327.94,711.55,452.25,0.0,0.0,,,,,,,基础化工,化学制品,其他化学制品,4.97,4.91,4.95
sz300214,日科化学,2018-07-31,4.89,4.96,4.85,4.93,4.9,2208775.0,10871657.0,1996650000.0,2099256187.02,120546502.43,136226360.26,1624059584.6899998,1756346078.12,132286493.43,34975050.97,502.1,545.04,162.25,101.99,422.81,440.14,0.0,0.0,,,,,,,基础化工,化学制品,其他化学制品,4.88,4.9,4.91
sz300214,日科化学,2018-08-01,4.93,4.98,4.9,4.92,4.93,3077931.0,15217476.0,1992600000.0,2094998060.88,120546502.43,136226360.26,1624059584.6899998,1756346078.12,132286493.43,34975050.97,728.98,671.4,336.19,439.47,456.58,410.87,0.0,0.0,,,,,,,基础化工,化学制品,其他化学制品,4.95,4.95,4.96
sz300214,日科化学,2018-08-02,4.89,4.9,4.52,4.72,4.92,4678761.0,22095907.0,1911600000.0,2009835538.08,120546502.43,136226360.26,1624059584.6899998,1756346078.12,132286493.43,34975050.97,1192.45,915.99,125.7,588.43,891.44,680.03,0.0,25.14,,,,,,,基础化工,化学制品,其他化学制品,4.87,4.83,4.82
sz300214,日科化学,2018-08-03,4.72,4.77,4.66,4.71,4.72,2908786.0,13733583.0,1907550000.0,2005577411.94,120546502.43,136226360.26,1624059584.6899998,1756346078.12,132286493.43,34975050.97,399.03,676.38,184.64,236.98,479.57,325.76,310.11,134.24,,,,,,,基础化工,化学制品,其他化学制品,4.69,4.72,4.74
sz300214,日科化学,2018-08-06,4.68,4.78,4.59,4.64,4.71,2479793.0,11613292.0,1879200000.0,1975770528.96,120546502.43,136226360.26,1624059584.6899998,1756346078.12,132286493.43,34975050.97,495.37,650.78,80.95,148.84,585.01,361.71,0.0,0.0,,,,,,,基础化工,化学制品,其他化学制品,4.71,4.7,4.72
sz300214,日科化学,2018-08-07,4.66,4.8,4.65,4.77,4.64,3222587.0,15266432.0,1931850000.0,2031126168.78,120546502.43,136226360.26,1624059584.6899998,1756346078.12,132286493.43,34975050.97,768.48,603.6,120.47,474.99,513.93,448.05,123.76,0.0,,,,,,,基础化工,化学制品,其他化学制品,4.71,4.69,4.67
sz300214,日科化学,2018-08-08,5.25,5.25,5.25,5.25,4.77,5857380.0,30751245.0,2126250000.0,2235516223.5,120546502.43,136226360.26,1624059584.6899998,1756346078.12,132286493.43,34975050.97,173.56,1087.52,503.88,1105.28,69.67,777.31,2328.01,105.0,,,,,,,基础化工,化学制品,其他化学制品,5.25,5.25,5.25
sz300214,日科化学,2018-08-09,5.3,5.4,5.14,5.17,5.25,22620671.0,118992309.0,2093850000.0,2201451214.38,120546502.43,136226360.26,1624059584.6899998,1756346078.12,132286493.43,34975050.97,4743.67,4877.99,2466.69,4018.19,4413.9,2673.75,274.96,329.29,,,,,,,基础化工,化学制品,其他化学制品,5.3,5.2,5.17
sz300214,日科化学,2018-08-10,5.01,5.14,5.0,5.06,5.17,13087224.0,66249286.0,2049300000.0,2154611826.84,120546502.43,136226360.26,1624059584.6899998,1756346078.12,132286493.43,34975050.97,3020.24,2807.36,1361.14,1328.52,2143.35,2101.16,100.2,387.88,,,,,,,基础化工,化学制品,其他化学制品,5.04,5.05,5.12
sz300214,日科化学,2018-08-13,4.99,5.04,4.92,5.01,5.06,6338421.0,31552328.0,2029050000.0,2133321196.14,120546502.43,136226360.26,1624059584.6899998,1756346078.12,132286493.43,34975050.97,1475.36,1435.54,620.43,624.69,1059.44,1094.99,0.0,0.0,,,,,,,基础化工,化学制品,其他化学制品,4.95,4.97,4.96
sz300214,日科化学,2018-08-14,4.96,5.05,4.95,5.0,5.01,4900479.0,24447324.0,2025000000.0,2129063070.0,120546502.43,136226360.26,1624059584.6899998,1756346078.12,132286493.43,34975050.97,1223.55,993.29,258.03,645.78,963.15,742.73,0.0,62.92,,,,,,,基础化工,化学制品,其他化学制品,5.0,5.02,5.01
sz300214,日科化学,2018-08-15,4.97,5.0,4.85,4.86,5.0,4806900.0,23659879.0,1968300000.0,2069449304.04,120546502.43,136226360.26,1624059584.6899998,1756346078.12,132286493.43,34975050.97,1131.55,937.73,299.22,619.53,935.21,701.18,0.0,107.54,,,,,,,基础化工,化学制品,其他化学制品,4.97,4.97,4.94
sz300214,日科化学,2018-08-16,4.75,4.83,4.66,4.75,4.86,4685391.0,22261324.0,1923750000.0,2022609916.5,120546502.43,136226360.26,1624059584.6899998,1756346078.12,132286493.43,34975050.97,1183.44,1025.86,233.98,409.2,808.72,791.07,0.0,0.0,,,,,,,基础化工,化学制品,其他化学制品,4.71,4.71,4.71
sz300214,日科化学,2018-08-17,4.79,4.82,4.63,4.66,4.75,3645013.0,17174540.0,1887300000.0,1984286781.24,120546502.43,136226360.26,1624059584.6899998,1756346078.12,132286493.43,34975050.97,947.49,1033.32,34.15,181.19,735.82,502.94,0.0,0.0,,,,,,,基础化工,化学制品,其他化学制品,4.79,4.79,4.77
sz300214,日科化学,2018-08-20,4.65,4.76,4.62,4.72,4.66,2892899.0,13517899.0,1911600000.0,2009835538.08,120546502.43,136226360.26,1624059584.6899998,1756346078.12,132286493.43,34975050.97,604.79,606.9,228.18,252.67,518.82,492.22,0.0,0.0,,,,,,,基础化工,化学制品,其他化学制品,4.64,4.66,4.66
sz300214,日科化学,2018-08-21,4.74,4.79,4.7,4.76,4.72,2572045.0,12230679.0,1927800000.0,2026868042.64,120546502.43,136226360.26,1624059584.6899998,1756346078.12,132286493.43,34975050.97,534.11,646.02,295.57,158.32,393.39,418.72,0.0,0.0,,,,,,,基础化工,化学制品,其他化学制品,4.72,4.76,4.75
sz300214,日科化学,2018-08-22,4.76,4.77,4.67,4.7,4.76,2076079.0,9776819.0,1903500000.0,2001319285.8,120546502.43,136226360.26,1624059584.6899998,1756346078.12,132286493.43,34975050.97,435.81,432.62,82.57,227.79,459.3,317.26,0.0,0.0,,,,,,,基础化工,化学制品,其他化学制品,4.74,4.72,4.72
sz300214,日科化学,2018-08-23,4.71,4.77,4.68,4.75,4.7,2034700.0,9618991.0,1923750000.0,2022609916.5,120546502.43,136226360.26,1624059584.6899998,1756346078.12,132286493.43,34975050.97,516.34,439.55,133.14,87.34,312.42,435.01,0.0,0.0,,,,,,,基础化工,化学制品,其他化学制品,4.72,4.7,4.71
sz300214,日科化学,2018-08-24,4.74,4.75,4.68,4.71,4.75,1653700.0,7797069.0,1907550000.0,2005577411.94,120546502.43,136226360.26,1624059584.6899998,1756346078.12,132286493.43,34975050.97,375.74,368.67,29.15,150.28,374.82,260.76,0.0,0.0,,,,,,,基础化工,化学制品,其他化学制品,4.71,4.71,4.69
sz300214,日科化学,2018-08-27,4.71,4.8,4.68,4.8,4.71,2203000.0,10490167.0,1944000000.0,2043900547.2,120546502.43,136226360.26,1624059584.6899998,1756346078.12,132286493.43,34975050.97,543.86,431.46,174.14,161.05,331.02,456.51,0.0,0.0,,,,,,,基础化工,化学制品,其他化学制品,4.7,4.71,4.73
sz300214,日科化学,2018-08-28,4.78,4.8,4.73,4.79,4.8,3053000.0,14538543.0,1939950000.0,2039642421.06,117022428.02000001,93624071.86,1583480413.74,1735561323.96,152080910.22,23292721.15,661.17,749.17,212.94,383.05,579.74,321.64,0.0,0.0,,,,,,,基础化工,化学制品,其他化学制品,4.79,4.8,4.8
sz300214,日科化学,2018-08-29,4.79,4.79,4.73,4.75,4.79,1485500.0,7056965.0,1923750000.0,2022609916.5,117022428.02000001,93624071.86,1583480413.74,1735561323.96,152080910.22,23292721.15,327.81,338.94,131.18,114.71,246.71,252.05,0.0,0.0,,,,,,,基础化工,化学制品,其他化学制品,4.76,4.75,4.75
sz300214,日科化学,2018-08-30,4.76,4.77,4.63,4.63,4.75,3021100.0,14147102.0,1875150000.0,1971512402.82,117022428.02000001,93624071.86,1583480413.74,1735561323.96,152080910.22,23292721.15,609.99,694.71,76.3,432.98,728.43,287.01,0.0,0.0,,,,,,,基础化工,化学制品,其他化学制品,4.77,4.73,4.72
sz300214,日科化学,2018-08-31,4.63,4.65,4.53,4.56,4.63,2619700.0,11994451.0,1846800000.0,1941705519.84,117022428.02000001,93624071.86,1583480413.74,1735561323.96,152080910.22,23292721.15,496.97,433.66,205.66,495.63,496.82,270.16,0.0,0.0,,,,,,,基础化工,化学制品,其他化学制品,4.63,4.63,4.62
sz300214,日科化学,2018-09-03,4.55,4.59,4.46,4.57,4.56,2595100.0,11758325.0,1850850000.0,1945963645.98,117022428.02000001,93624071.86,1583480413.74,1735561323.96,152080910.22,23292721.15,576.98,510.01,221.35,383.17,377.5,282.65,0.0,0.0,,,,,,,基础化工,化学制品,其他化学制品,4.54,4.53,4.52
sz300214,日科化学,2018-09-04,4.57,4.63,4.54,4.62,4.57,2295100.0,10538384.0,1871100000.0,1967254276.68,117022428.02000001,93624071.86,1583480413.74,1735561323.96,152080910.22,23292721.15,505.59,566.05,230.47,266.28,317.77,221.5,0.0,0.0,,,,,,,基础化工,化学制品,其他化学制品,4.59,4.57,4.59
sz300214,日科化学,2018-09-05,4.57,4.63,4.53,4.54,4.62,2216666.0,10129564.0,1838700000.0,1933189267.56,117022428.02000001,93624071.86,1583480413.74,1735561323.96,152080910.22,23292721.15,430.44,525.97,150.87,256.38,431.65,230.6,0.0,0.0,,,,,,,基础化工,化学制品,其他化学制品,4.6,4.62,4.61
sz300214,日科化学,2018-09-06,4.55,4.58,4.52,4.55,4.54,1495778.0,6807630.0,1842750000.0,1937447393.7,117022428.02000001,93624071.86,1583480413.74,1735561323.96,152080910.22,23292721.15,339.98,272.07,96.43,155.92,244.35,252.77,0.0,0.0,,,,,,,基础化工,化学制品,其他化学制品,4.55,4.56,4.52
sz300214,日科化学,2018-09-07,4.54,4.64,4.53,4.56,4.55,1715700.0,7866927.0,1846800000.0,1941705519.84,117022428.02000001,93624071.86,1583480413.74,1735561323.96,152080910.22,23292721.15,276.01,400.35,154.15,107.92,356.54,278.43,0.0,0.0,,,,,,,基础化工,化学制品,其他化学制品,4.57,4.58,4.62
sz300214,日科化学,2018-09-10,4.58,4.59,4.44,4.46,4.56,1846000.0,8310538.0,1806300000.0,1899124258.44,117022428.02000001,93624071.86,1583480413.74,1735561323.96,152080910.22,23292721.15,273.81,452.54,88.36,188.25,468.89,190.26,0.0,0.0,,,,,,,基础化工,化学制品,其他化学制品,4.52,4.54,4.52
sz300214,日科化学,2018-09-11,4.46,4.54,4.44,4.53,4.46,1579253.0,7092306.0,1834650000.0,1928931141.42,117022428.02000001,93624071.86,1583480413.74,1735561323.96,152080910.22,23292721.15,404.63,387.15,37.54,90.0,267.06,232.08,0.0,0.0,,,,,,,基础化工,化学制品,其他化学制品,4.48,4.45,4.46
sz300214,日科化学,2018-09-12,4.53,4.58,4.51,4.53,4.53,1643300.0,7476155.0,1834650000.0,1928931141.42,117022428.02000001,93624071.86,1583480413.74,1735561323.96,152080910.22,23292721.15,255.03,393.68,106.11,91.0,386.48,262.94,0.0,0.0,,,,,,,基础化工,化学制品,其他化学制品,4.53,4.53,4.55
sz300214,日科化学,2018-09-13,4.59,4.6,4.51,4.59,4.53,2330900.0,10642259.0,1858950000.0,1954479898.26,117022428.02000001,93624071.86,1583480413.74,1735561323.96,152080910.22,23292721.15,465.0,578.84,138.37,232.02,460.85,253.37,0.0,0.0,,,,,,,基础化工,化学制品,其他化学制品,4.58,4.56,4.56
sz300214,日科化学,2018-09-14,4.59,4.62,4.54,4.57,4.59,1472031.0,6746293.0,1850850000.0,1945963645.98,117022428.02000001,93624071.86,1583480413.74,1735561323.96,152080910.22,23292721.15,384.67,348.56,23.0,91.29,266.96,234.78,0.0,0.0,,,,,,,基础化工,化学制品,其他化学制品,4.59,4.59,4.58
sz300214,日科化学,2018-09-17,4.56,4.56,4.48,4.48,4.57,1127500.0,5083838.0,1814400000.0,1907640510.72,117022428.02000001,93624071.86,1583480413.74,1735561323.96,152080910.22,23292721.15,182.52,286.7,0.0,41.89,325.59,179.53,0.0,0.0,,,,,,,基础化工,化学制品,其他化学制品,4.56,4.52,4.53
sz300214,日科化学,2018-09-18,4.47,4.59,4.47,4.56,4.48,1903831.0,8659957.0,1846800000.0,1941705519.84,117022428.02000001,93624071.86,1583480413.74,1735561323.96,152080910.22,23292721.15,461.16,462.81,87.96,137.15,316.87,266.04,0.0,0.0,,,,,,,基础化工,化学制品,其他化学制品,4.51,4.5,4.52
sz300214,日科化学,2018-09-19,4.55,4.65,4.53,4.62,4.56,3109397.0,14305936.0,1871100000.0,1967254276.68,117022428.02000001,93624071.86,1583480413.74,1735561323.96,152080910.22,23292721.15,409.29,686.15,475.75,415.66,411.9,328.78,133.65,0.0,,,,,,,基础化工,化学制品,其他化学制品,4.54,4.55,4.55
sz300214,日科化学,2018-09-20,4.6,4.64,4.57,4.59,4.62,1894813.0,8714462.0,1858950000.0,1954479898.26,117022428.02000001,93624071.86,1583480413.74,1735561323.96,152080910.22,23292721.15,467.7,337.01,36.29,319.76,367.45,214.68,0.0,0.0,,,,,,,基础化工,化学制品,其他化学制品,4.64,4.62,4.61
sz300214,日科化学,2018-09-21,4.58,4.66,4.56,4.65,4.59,2464862.0,11358444.0,1883250000.0,1980028655.1,117022428.02000001,93624071.86,1583480413.74,1735561323.96,152080910.22,23292721.15,493.75,565.33,297.48,229.72,344.6,340.8,0.0,0.0,,,,,,,基础化工,化学制品,其他化学制品,4.59,4.58,4.58
sz300214,日科化学,2018-09-25,4.62,4.64,4.59,4.62,4.65,1327278.0,6124424.0,1871100000.0,1967254276.68,117022428.02000001,93624071.86,1583480413.74,1735561323.96,152080910.22,23292721.15,239.97,276.68,166.47,172.08,206.01,163.68,0.0,0.0,,,,,,,基础化工,化学制品,其他化学制品,4.6,4.62,4.61
sz300214,日科化学,2018-09-26,4.63,4.73,4.63,4.67,4.62,3197400.0,14957912.0,1891350000.0,1988544907.38,117022428.02000001,93624071.86,1583480413.74,1735561323.96,152080910.22,23292721.15,882.25,606.74,397.64,309.14,215.9,579.9,0.0,0.0,,,,,,,基础化工,化学制品,其他化学制品,4.65,4.64,4.63
sz300214,日科化学,2018-09-27,4.65,4.75,4.65,4.68,4.67,2818873.0,13226873.0,1895400000.0,1992803033.52,117022428.02000001,93624071.86,1583480413.74,1735561323.96,152080910.22,23292721.15,757.21,639.01,337.25,170.15,228.23,513.53,0.0,0.0,,,,,,,基础化工,化学制品,其他化学制品,4.69,4.67,4.68
sz300214,日科化学,2018-09-28,4.69,4.72,4.68,4.71,4.68,1878673.0,8832214.0,1907550000.0,2005577411.94,117022428.02000001,93624071.86,1583480413.74,1735561323.96,152080910.22,23292721.15,369.05,426.19,346.13,185.82,168.04,271.2,0.0,0.0,,,,,,,基础化工,化学制品,其他化学制品,4.71,4.7,4.69
sz300214,日科化学,2018-10-08,4.68,4.71,4.56,4.6,4.71,2504500.0,11601677.0,1863000000.0,1958738024.4,117022428.02000001,93624071.86,1583480413.74,1735561323.96,152080910.22,23292721.15,642.11,499.99,258.74,231.47,259.33,317.24,0.0,111.47,,,,,,,基础化工,化学制品,其他化学制品,4.64,4.67,4.68
sz300214,日科化学,2018-10-09,4.63,4.7,4.6,4.67,4.6,2276431.0,10568330.0,1891350000.0,1988544907.38,117022428.02000001,93624071.86,1583480413.74,1735561323.96,152080910.22,23292721.15,396.49,413.56,326.87,119.46,329.41,401.57,0.0,118.18,,,,,,,基础化工,化学制品,其他化学制品,4.64,4.61,4.62
sz300214,日科化学,2018-10-10,4.69,4.73,4.65,4.72,4.67,2675836.0,12514635.0,1911600000.0,2009835538.08,117022428.02000001,93624071.86,1583480413.74,1735561323.96,152080910.22,23292721.15,534.0,536.21,213.72,373.0,401.28,342.25,102.46,0.0,,,,,,,基础化工,化学制品,其他化学制品,4.71,4.7,4.66
sz300214,日科化学,2018-10-11,4.64,4.66,4.4,4.5,4.72,5212700.0,23519444.0,1822500000.0,1916156763.0,117022428.02000001,93624071.86,1583480413.74,1735561323.96,152080910.22,23292721.15,967.96,1143.51,665.05,634.5,666.15,573.93,52.8,0.0,,,,,,,基础化工,化学制品,其他化学制品,4.6,4.62,4.61
sz300214,日科化学,2018-10-12,4.53,4.53,4.33,4.51,4.5,3333100.0,14808285.0,1826550000.0,1920414889.14,117022428.02000001,93624071.86,1583480413.74,1735561323.96,152080910.22,23292721.15,586.24,671.11,325.37,249.36,561.29,560.35,7.94,0.0,,,,,,,基础化工,化学制品,其他化学制品,4.5,4.47,4.45
sz300214,日科化学,2018-10-15,4.51,4.54,4.37,4.47,4.51,2623200.0,11718706.0,1810350000.0,1903382384.58,117022428.02000001,93624071.86,1583480413.74,1735561323.96,152080910.22,23292721.15,611.74,517.0,139.31,233.95,420.82,420.92,0.0,0.0,,,,,,,基础化工,化学制品,其他化学制品,4.46,4.47,4.48
sz300214,日科化学,2018-10-16,4.48,4.49,4.17,4.35,4.47,3059400.0,13460742.0,1761750000.0,1852284870.9,117022428.02000001,93624071.86,1583480413.74,1735561323.96,152080910.22,23292721.15,574.35,714.85,212.29,247.0,551.76,384.23,7.67,0.0,,,,,,,基础化工,化学制品,其他化学制品,4.46,4.48,4.45
sz300214,日科化学,2018-10-17,4.38,4.43,4.27,4.36,4.35,2503500.0,10858955.0,1765800000.0,1856542997.04,117022428.02000001,93624071.86,1583480413.74,1735561323.96,152080910.22,23292721.15,617.86,477.54,80.1,259.13,374.11,349.23,13.82,0.0,,,,,,,基础化工,化学制品,其他化学制品,4.38,4.37,4.39
sz300214,日科化学,2018-10-18,4.34,4.35,4.19,4.19,4.36,2566578.0,10944893.0,1696950000.0,1784154852.66,117022428.02000001,93624071.86,1583480413.74,1735561323.96,152080910.22,23292721.15,495.12,469.93,231.69,257.93,356.44,264.95,11.24,101.68,,,,,,,基础化工,化学制品,其他化学制品,4.33,4.31,4.28
sz300214,日科化学,2018-10-19,4.16,4.26,4.1,4.23,4.19,2571712.0,10764859.0,1713150000.0,1801187357.22,117022428.02000001,93624071.86,1583480413.74,1735561323.96,152080910.22,23292721.15,441.49,487.1,284.94,285.83,350.06,303.56,0.0,0.0,,,,,,,基础化工,化学制品,其他化学制品,4.12,4.14,4.13
sz300214,日科化学,2018-10-22,4.29,4.53,4.29,4.48,4.23,4837900.0,21541437.0,1814400000.0,1907640510.72,117022428.02000001,93624071.86,1583480413.74,1735561323.96,152080910.22,23292721.15,810.35,957.22,852.78,641.4,491.02,555.52,0.0,0.0,,,,,,,基础化工,化学制品,其他化学制品,4.34,4.36,4.4
sz300214,日科化学,2018-10-23,4.45,4.48,4.38,4.4,4.48,2297612.0,10191507.0,1782000000.0,1873575501.6,117022428.02000001,93624071.86,1583480413.74,1735561323.96,152080910.22,23292721.15,477.51,315.89,155.03,187.52,386.6,279.23,0.0,236.5,,,,,,,基础化工,化学制品,其他化学制品,4.46,4.48,4.45
sz300214,日科化学,2018-10-24,4.42,4.55,4.4,4.54,4.4,3130100.0,14028953.0,1838700000.0,1933189267.56,117022428.02000001,93624071.86,1583480413.74,1735561323.96,152080910.22,23292721.15,755.77,697.03,414.83,88.92,232.3,616.94,0.0,0.0,,,,,,,基础化工,化学制品,其他化学制品,4.41,4.44,4.46
sz300214,日科化学,2018-10-25,4.46,4.72,4.42,4.67,4.54,6194400.0,28533946.0,1891350000.0,1988544907.38,117022428.02000001,93624071.86,1583480413.74,1735561323.96,152080910.22,23292721.15,1694.56,1419.66,541.75,438.62,550.08,995.12,67.0,0.0,,,,,,,基础化工,化学制品,其他化学制品,4.46,4.5,4.51
sz300214,日科化学,2018-10-26,4.66,4.72,4.63,4.67,4.67,1553600.0,7250786.0,1891350000.0,1988544907.38,117022428.02000001,93624071.86,1583480413.74,1735561323.96,152080910.22,23292721.15,407.63,364.48,40.68,23.35,276.77,337.24,0.0,0.0,,,,,,,基础化工,化学制品,其他化学制品,4.68,4.67,4.67
sz300214,日科化学,2018-10-29,4.66,4.67,4.52,4.56,4.67,1964900.0,9000435.0,1846800000.0,1941705519.84,103623625.97000001,-23695082.28,1611032697.58,1738326057.08,127293359.5,27552283.839999996,473.02,479.04,31.55,199.28,395.47,221.73,0.0,0.0,,,,,,,基础化工,化学制品,其他化学制品,4.67,4.61,4.61
sz300214,日科化学,2018-10-30,4.57,4.73,4.52,4.65,4.56,3127778.0,14610237.0,1883250000.0,1980028655.1,103623625.97000001,-23695082.28,1611032697.58,1738326057.08,127293359.5,27552283.839999996,815.61,679.11,134.62,62.77,317.62,516.38,193.17,202.76,,,,,,,基础化工,化学制品,其他化学制品,4.57,4.61,4.58
sz300214,日科化学,2018-10-31,4.69,4.81,4.66,4.76,4.65,3461653.0,16471368.0,1927800000.0,2026868042.64,103623625.97000001,-23695082.28,1611032697.58,1738326057.08,127293359.5,27552283.839999996,1072.89,797.51,253.49,228.06,320.76,621.57,0.0,0.0,,,,,,,基础化工,化学制品,其他化学制品,4.66,4.7,4.73
sz300214,日科化学,2018-11-01,4.78,4.82,4.73,4.75,4.76,3444695.0,16446048.0,1923750000.0,2022609916.5,103623625.97000001,-23695082.28,1611032697.58,1738326057.08,127293359.5,27552283.839999996,1018.66,821.29,75.3,401.02,434.46,422.29,116.19,0.0,,,,,,,基础化工,化学制品,其他化学制品,4.78,4.79,4.79
sz300214,日科化学,2018-11-02,4.78,4.96,4.78,4.9,4.75,5416766.0,26416607.0,1984500000.0,2086481808.6,103623625.97000001,-23695082.28,1611032697.58,1738326057.08,127293359.5,27552283.839999996,1391.55,1185.94,857.51,472.83,334.39,982.89,58.2,0.0,,,,,,,基础化工,化学制品,其他化学制品,4.81,4.83,4.83
sz300214,日科化学,2018-11-05,4.9,5.03,4.86,5.0,4.9,4846900.0,23993376.0,2025000000.0,2129063070.0,103623625.97000001,-23695082.28,1611032697.58,1738326057.08,127293359.5,27552283.839999996,1597.19,1168.11,256.93,478.67,545.21,752.55,0.0,0.0,,,,,,,基础化工,化学制品,其他化学制品,4.9,4.92,4.95
sz300214,日科化学,2018-11-06,5.04,5.11,4.93,5.05,5.0,3942100.0,19824334.0,2045250000.0,2150353700.7,103623625.97000001,-23695082.28,1611032697.58,1738326057.08,127293359.5,27552283.839999996,1232.53,1055.69,132.21,78.61,617.7,848.14,0.0,0.0,,,,,,,基础化工,化学制品,其他化学制品,4.98,4.96,4.94
sz300214,日科化学,2018-11-07,5.04,5.16,5.0,5.09,5.05,4695795.0,23982442.0,2061450000.0,2167386205.26,103623625.97000001,-23695082.28,1611032697.58,1738326057.08,127293359.5,27552283.839999996,1548.16,1034.17,325.78,484.04,524.31,880.03,0.0,0.0,,,,,,,基础化工,化学制品,其他化学制品,5.06,5.12,5.12
sz300214,日科化学,2018-11-08,5.09,5.15,4.99,5.03,5.09,2817514.0,14307327.0,2037150000.0,2141837448.42,103623625.97000001,-23695082.28,1611032697.58,1738326057.08,127293359.5,27552283.839999996,707.59,620.04,161.67,291.15,561.47,519.55,0.0,0.0,,,,,,,基础化工,化学制品,其他化学制品,5.1,5.12,5.13
sz300214,日科化学,2018-11-09,5.06,5.12,5.01,5.1,5.03,2595000.0,13189058.0,2065500000.0,2171644331.4,103623625.97000001,-23695082.28,1611032697.58,1738326057.08,127293359.5,27552283.839999996,536.06,705.13,61.2,98.05,711.13,515.73,10.52,0.0,,,,,,,基础化工,化学制品,其他化学制品,5.07,5.05,5.08
sz300214,日科化学,2018-11-12,5.09,5.18,5.03,5.14,5.1,2791014.0,14302846.0,2081700000.0,2188676835.96,103623625.97000001,-23695082.28,1611032697.58,1738326057.08,127293359.5,27552283.839999996,623.07,673.35,290.17,136.48,378.06,620.46,138.98,0.0,,,,,,,基础化工,化学制品,其他化学制品,5.08,5.08,5.08
sz300214,日科化学,2018-11-13,5.14,5.25,5.1,5.23,5.14,3147917.0,16386070.0,2118150000.0,2226999971.22,103623625.97000001,-23695082.28,1611032697.58,1738326057.08,127293359.5,27552283.839999996,666.37,695.42,289.1,336.08,601.08,607.11,82.05,0.0,,,,,,,基础化工,化学制品,其他化学制品,5.16,5.17,5.22
sz300214,日科化学,2018-11-14,5.24,5.3,5.2,5.25,5.23,2395700.0,12569444.0,2126250000.0,2235516223.5,103623625.97000001,-23695082.28,1611032697.58,1738326057.08,127293359.5,27552283.839999996,659.57,511.98,189.89,145.57,407.48,599.4,0.0,0.0,,,,,,,基础化工,化学制品,其他化学制品,5.27,5.22,5.23
sz300214,日科化学,2018-11-15,5.23,5.3,5.16,5.25,5.25,3841730.0,20055590.0,2126250000.0,2235516223.5,103623625.97000001,-23695082.28,1611032697.58,1738326057.08,127293359.5,27552283.839999996,1145.3,687.23,139.36,859.6,720.9,458.73,0.0,0.0,,,,,,,基础化工,化学制品,其他化学制品,5.27,5.25,5.25
sz300214,日科化学,2018-11-16,5.25,5.45,5.25,5.41,5.25,4026970.0,21535622.0,2191050000.0,2303646241.74,103623625.97000001,-23695082.28,1611032697.58,1738326057.08,127293359.5,27552283.839999996,982.03,869.6,406.17,271.36,765.36,1012.61,0.0,0.0,,,,,,,基础化工,化学制品,其他化学制品,5.28,5.3,5.26
sz300214,日科化学,2018-11-19,5.41,5.41,5.28,5.35,5.41,2926570.0,15629127.0,2166750000.0,2278097484.9,103623625.97000001,-23695082.28,1611032697.58,1738326057.08,127293359.5,27552283.839999996,676.6,592.16,413.27,290.57,473.05,483.14,0.0,197.04,,,,,,,基础化工,化学制品,其他化学制品,5.39,5.38,5.35
sz300214,日科化学,2018-11-20,5.35,5.35,5.2,5.21,5.35,3701200.0,19446034.0,2110050000.0,2218483718.94,103623625.97000001,-23695082.28,1611032697.58,1738326057.08,127293359.5,27552283.839999996,797.5,899.92,277.28,364.06,660.05,472.11,209.78,208.51,,,,,,,基础化工,化学制品,其他化学制品,5.32,5.31,5.3
sz300214,日科化学,2018-11-21,5.16,5.33,5.16,5.33,5.21,2014870.0,10614226.0,2158650000.0,2269581232.62,103623625.97000001,-23695082.28,1611032697.58,1738326057.08,127293359.5,27552283.839999996,476.52,491.37,244.67,106.07,340.23,463.98,0.0,0.0,,,,,,,基础化工,化学制品,其他化学制品,5.19,5.22,5.24
sz300214,日科化学,2018-11-22,5.34,5.43,5.25,5.4,5.33,3044370.0,16313801.0,2187000000.0,2299388115.6,103623625.97000001,-23695082.28,1611032697.58,1738326057.08,127293359.5,27552283.839999996,710.63,791.9,273.55,267.35,488.28,572.13,158.93,0.0,,,,,,,基础化工,化学制品,其他化学制品,5.35,5.38,5.35
sz300214,日科化学,2018-11-23,5.89,5.89,5.4,5.42,5.4,9229998.0,51806127.0,2195100000.0,2307904367.88,103623625.97000001,-23695082.28,1611032697.58,1738326057.08,127293359.5,27552283.839999996,2187.93,2193.47,1119.07,1202.51,1873.61,1784.62,0.0,0.0,,,,,,,基础化工,化学制品,其他化学制品,5.65,5.58,5.57
sz300214,日科化学,2018-11-26,5.02,5.4,5.02,5.24,5.42,4888400.0,25756755.0,2122200000.0,2231258097.36,103623625.97000001,-23695082.28,1611032697.58,1738326057.08,127293359.5,27552283.839999996,1094.82,953.38,540.22,529.7,793.69,1092.59,146.94,0.0,,,,,,,基础化工,化学制品,其他化学制品,5.23,5.26,5.33
sz300214,日科化学,2018-11-27,5.24,5.53,5.24,5.48,5.24,6168621.0,33376482.0,2219400000.0,2333453124.72,103623625.97000001,-23695082.28,1611032697.58,1738326057.08,127293359.5,27552283.839999996,1270.65,1209.26,617.91,460.59,926.81,1038.91,522.28,628.88,,,,,,,基础化工,化学制品,其他化学制品,5.32,5.33,5.39
sz300214,日科化学,2018-11-28,5.45,5.58,5.42,5.48,5.48,3843880.0,21131819.0,2219400000.0,2333453124.72,103623625.97000001,-23695082.28,1611032697.58,1738326057.08,127293359.5,27552283.839999996,991.0,758.18,293.42,346.91,828.76,1008.09,0.0,0.0,,,,,,,基础化工,化学制品,其他化学制品,5.47,5.48,5.45
sz300214,日科化学,2018-11-29,5.95,5.95,5.5,5.58,5.48,7346800.0,41829487.0,2259900000.0,2376034386.12,103623625.97000001,-23695082.28,1611032697.58,1738326057.08,127293359.5,27552283.839999996,1659.81,1816.29,1212.7,1036.76,1270.65,1186.92,39.79,142.99,,,,,,,基础化工,化学制品,其他化学制品,5.79,5.73,5.73
sz300214,日科化学,2018-11-30,5.48,5.63,5.42,5.53,5.58,3611100.0,19883102.0,2239650000.0,2354743755.42,103623625.97000001,-23695082.28,1611032697.58,1738326057.08,127293359.5,27552283.839999996,931.51,792.04,349.35,434.29,707.45,761.98,0.0,0.0,,,,,,,基础化工,化学制品,其他化学制品,5.58,5.53,5.51
sz300214,日科化学,2018-12-03,5.63,5.72,5.53,5.61,5.53,4233800.0,23701526.0,2272050000.0,2388808764.54,103623625.97000001,-23695082.28,1611032697.58,1738326057.08,127293359.5,27552283.839999996,1013.76,1175.27,440.72,416.91,747.39,644.45,168.29,133.52,,,,,,,基础化工,化学制品,其他化学制品,5.57,5.54,5.56
sz300214,日科化学,2018-12-04,5.6,5.63,5.51,5.55,5.61,2244099.0,12502408.0,2247750000.0,2363260007.7,103623625.97000001,-23695082.28,1611032697.58,1738326057.08,127293359.5,27552283.839999996,589.86,637.73,157.14,226.31,503.25,386.2,0.0,0.0,,,,,,,基础化工,化学制品,其他化学制品,5.57,5.58,5.62
sz300214,日科化学,2018-12-05,5.47,5.61,5.44,5.46,5.55,3815000.0,21066644.0,2211300000.0,2324936872.44,103623625.97000001,-23695082.28,1611032697.58,1738326057.08,127293359.5,27552283.839999996,1174.15,1046.23,237.09,565.4,695.42,495.04,0.0,0.0,,,,,,,基础化工,化学制品,其他化学制品,5.53,5.53,5.54
sz300214,日科化学,2018-12-06,5.47,5.49,5.35,5.35,5.46,2617585.0,14177721.0,2166750000.0,2278097484.9,103623625.97000001,-23695082.28,1611032697.58,1738326057.08,127293359.5,27552283.839999996,635.63,713.61,250.66,266.05,531.48,386.39,0.0,51.71,,,,,,,基础化工,化学制品,其他化学制品,5.46,5.45,5.47
sz300214,日科化学,2018-12-07,5.4,5.43,5.3,5.4,5.35,1242701.0,6690857.0,2187000000.0,2299388115.6,103623625.97000001,-23695082.28,1611032697.58,1738326057.08,127293359.5,27552283.839999996,192.9,288.38,81.14,107.96,395.05,272.75,0.0,0.0,,,,,,,基础化工,化学制品,其他化学制品,5.37,5.38,5.37
sz300214,日科化学,2018-12-10,5.4,5.4,5.18,5.25,5.4,2408700.0,12665799.0,2126250000.0,2235516223.5,103623625.97000001,-23695082.28,1611032697.58,1738326057.08,127293359.5,27552283.839999996,637.12,460.89,73.45,429.72,541.0,375.97,15.02,0.0,,,,,,,基础化工,化学制品,其他化学制品,5.37,5.35,5.35
sz300214,日科化学,2018-12-11,5.28,5.3,5.23,5.27,5.25,891400.0,4686576.0,2134350000.0,2244032475.78,103623625.97000001,-23695082.28,1611032697.58,1738326057.08,127293359.5,27552283.839999996,239.59,170.21,0.0,56.77,229.07,241.68,0.0,0.0,,,,,,,基础化工,化学制品,其他化学制品,5.26,5.28,5.27
sz300214,日科化学,2018-12-12,5.33,5.36,5.26,5.31,5.27,947000.0,5022121.0,2150550000.0,2261064980.34,103623625.97000001,-23695082.28,1611032697.58,1738326057.08,127293359.5,27552283.839999996,265.69,203.6,49.9,55.33,186.62,243.27,0.0,0.0,,,,,,,基础化工,化学制品,其他化学制品,5.3,5.33,5.34
sz300214,日科化学,2018-12-13,5.29,5.34,5.22,5.29,5.31,1245400.0,6589033.0,2142450000.0,2252548728.06,103623625.97000001,-23695082.28,1611032697.58,1738326057.08,127293359.5,27552283.839999996,331.36,317.2,31.56,98.09,295.99,243.62,0.0,0.0,,,,,,,基础化工,化学制品,其他化学制品,5.29,5.25,5.24
sz300214,日科化学,2018-12-14,5.25,5.31,5.21,5.29,5.29,1413702.0,7429634.0,2142450000.0,2252548728.06,103623625.97000001,-23695082.28,1611032697.58,1738326057.08,127293359.5,27552283.839999996,365.36,355.93,44.94,20.92,332.66,366.12,0.0,0.0,,,,,,,基础化工,化学制品,其他化学制品,5.26,5.27,5.28
sz300214,日科化学,2018-12-17,5.24,5.41,5.19,5.38,5.29,1835601.0,9750360.0,2178900000.0,2290871863.32,103623625.97000001,-23695082.28,1611032697.58,1738326057.08,127293359.5,27552283.839999996,483.6,425.38,191.02,102.32,300.41,447.33,0.0,0.0,,,,,,,基础化工,化学制品,其他化学制品,5.25,5.23,5.21
sz300214,日科化学,2018-12-18,5.35,5.42,5.31,5.41,5.38,976200.0,5248399.0,2191050000.0,2303646241.74,103623625.97000001,-23695082.28,1611032697.58,1738326057.08,127293359.5,27552283.839999996,238.01,128.78,63.85,30.75,222.98,365.31,0.0,0.0,,,,,,,基础化工,化学制品,其他化学制品,5.35,5.36,5.34
sz300214,日科化学,2018-12-19,5.44,5.5,5.38,5.39,5.41,1439200.0,7825561.0,2182950000.0,2295129989.46,103623625.97000001,-23695082.28,1611032697.58,1738326057.08,127293359.5,27552283.839999996,372.02,351.22,158.82,121.11,251.72,310.23,0.0,0.0,,,,,,,基础化工,化学制品,其他化学制品,5.39,5.47,5.48
sz300214,日科化学,2018-12-20,5.36,5.42,5.3,5.39,5.39,1129600.0,6053091.0,2182950000.0,2295129989.46,103623625.97000001,-23695082.28,1611032697.58,1738326057.08,127293359.5,27552283.839999996,355.44,263.9,29.52,113.17,220.34,228.24,0.0,0.0,,,,,,,基础化工,化学制品,其他化学制品,5.38,5.35,5.35
sz300214,日科化学,2018-12-21,5.36,5.49,5.31,5.47,5.39,2140900.0,11563952.0,2215350000.0,2329194998.58,103623625.97000001,-23695082.28,1611032697.58,1738326057.08,127293359.5,27552283.839999996,576.54,565.15,303.16,183.31,276.7,407.93,0.0,0.0,,,,,,,基础化工,化学制品,其他化学制品,5.39,5.37,5.38
sz300214,日科化学,2018-12-24,5.46,5.6,5.42,5.58,5.47,2756214.0,15310410.0,2259900000.0,2376034386.12,103623625.97000001,-23695082.28,1611032697.58,1738326057.08,127293359.5,27552283.839999996,988.87,665.74,157.8,352.21,379.43,508.16,0.0,0.0,,,,,,,基础化工,化学制品,其他化学制品,5.53,5.53,5.54
sz300214,日科化学,2018-12-25,5.52,5.59,5.43,5.56,5.58,2879201.0,15870732.0,2251800000.0,2367518133.84,103623625.97000001,-23695082.28,1611032697.58,1738326057.08,127293359.5,27552283.839999996,717.65,475.31,470.07,340.78,399.35,503.48,0.0,267.5,,,,,,,基础化工,化学制品,其他化学制品,5.55,5.47,5.54
sz300214,日科化学,2018-12-26,5.52,5.61,5.5,5.54,5.56,2121799.0,11776249.0,2243700000.0,2359001881.56,103623625.97000001,-23695082.28,1611032697.58,1738326057.08,127293359.5,27552283.839999996,805.32,516.45,124.06,388.32,248.24,272.86,0.0,0.0,,,,,,,基础化工,化学制品,其他化学制品,5.57,5.6,5.57
sz300214,日科化学,2018-12-27,5.56,5.58,5.42,5.43,5.54,1575000.0,8683960.0,2199150000.0,2312162494.02,103623625.97000001,-23695082.28,1611032697.58,1738326057.08,127293359.5,27552283.839999996,446.2,408.59,129.45,245.96,292.74,213.85,0.0,0.0,,,,,,,基础化工,化学制品,其他化学制品,5.58,5.57,5.57
sz300214,日科化学,2018-12-28,5.43,5.52,5.38,5.5,5.43,1672770.0,9140555.0,2227500000.0,2341969377.0,103623625.97000001,-23695082.28,1611032697.58,1738326057.08,127293359.5,27552283.839999996,379.92,474.19,201.87,118.17,332.26,321.7,0.0,0.0,,,,,,,基础化工,化学制品,其他化学制品,5.47,5.42,5.38
sz300214,日科化学,2019-01-02,5.5,5.57,5.47,5.54,5.5,1160200.0,6408709.0,2243700000.0,2359001881.56,103623625.97000001,-23695082.28,1611032697.58,1738326057.08,127293359.5,27552283.839999996,200.8,353.22,106.26,52.38,333.81,235.27,0.0,0.0,,,,,,,基础化工,化学制品,其他化学制品,5.53,5.56,5.56
sz300214,日科化学,2019-01-03,5.54,5.59,5.42,5.42,5.54,1174400.0,6466083.0,2195100000.0,2307904367.88,103623625.97000001,-23695082.28,1611032697.58,1738326057.08,127293359.5,27552283.839999996,263.42,256.5,57.63,92.55,322.85,294.85,0.0,0.0,,,,,,,基础化工,化学制品,其他化学制品,5.52,5.54,5.56
sz300214,日科化学,2019-01-04,5.41,5.71,5.32,5.69,5.42,4366916.0,24471281.0,2304450000.0,2422873773.66,103623625.97000001,-23695082.28,1611032697.58,1738326057.08,127293359.5,27552283.839999996,1140.06,1026.47,737.62,441.78,569.44,978.87,0.0,0.0,,,,,,,基础化工,化学制品,其他化学制品,5.39,5.42,5.43
sz300214,日科化学,2019-01-07,5.81,5.89,5.72,5.83,5.69,3843619.0,22281862.0,2361150000.0,2482487539.62,103623625.97000001,-23695082.28,1611032697.58,1738326057.08,127293359.5,27552283.839999996,1086.59,965.76,440.61,524.24,700.98,738.18,0.0,0.0,,,,,,,基础化工,化学制品,其他化学制品,5.8,5.76,5.77
sz300214,日科化学,2019-01-08,5.73,5.88,5.73,5.83,5.83,2300802.0,13410091.0,2361150000.0,2482487539.62,103623625.97000001,-23695082.28,1611032697.58,1738326057.08,127293359.5,27552283.839999996,604.21,526.69,198.38,307.94,538.42,506.38,0.0,0.0,,,,,,,基础化工,化学制品,其他化学制品,5.77,5.84,5.82
sz300214,日科化学,2019-01-09,5.85,5.93,5.74,5.8,5.83,2376200.0,13891724.0,2349000000.0,2469713161.2,103623625.97000001,-23695082.28,1611032697.58,1738326057.08,127293359.5,27552283.839999996,599.66,698.98,157.27,175.39,632.24,514.79,0.0,0.0,,,,,,,基础化工,化学制品,其他化学制品,5.9,5.89,5.92
sz300214,日科化学,2019-01-10,5.77,5.87,5.77,5.8,5.8,1338900.0,7778437.0,2349000000.0,2469713161.2,103623625.97000001,-23695082.28,1611032697.58,1738326057.08,127293359.5,27552283.839999996,295.2,446.74,91.31,48.24,391.33,282.86,0.0,0.0,,,,,,,基础化工,化学制品,其他化学制品,5.85,5.83,5.83
sz300214,日科化学,2019-01-11,5.78,5.9,5.77,5.9,5.8,1361286.0,7938767.0,2389500000.0,2512294422.6,103623625.97000001,-23695082.28,1611032697.58,1738326057.08,127293359.5,27552283.839999996,345.03,354.89,126.14,0.0,322.7,438.98,0.0,0.0,,,,,,,基础化工,化学制品,其他化学制品,5.81,5.79,5.82
sz300214,日科化学,2019-01-14,5.9,5.94,5.79,5.82,5.9,1483902.0,8663819.0,2357100000.0,2478229413.48,103623625.97000001,-23695082.28,1611032697.58,1738326057.08,127293359.5,27552283.839999996,395.18,428.77,95.54,130.38,375.67,307.24,0.0,0.0,,,,,,,基础化工,化学制品,其他化学制品,5.9,5.87,5.86
sz300214,日科化学,2019-01-15,5.82,5.87,5.79,5.85,5.82,1335200.0,7782598.0,2369250000.0,2491003791.9,103623625.97000001,-23695082.28,1611032697.58,1738326057.08,127293359.5,27552283.839999996,214.48,284.18,155.74,179.34,408.04,314.74,0.0,0.0,,,,,,,基础化工,化学制品,其他化学制品,5.85,5.85,5.84
sz300214,日科化学,2019-01-16,5.87,5.87,5.62,5.67,5.85,2251400.0,12915055.0,2296350000.0,2414357521.38,103623625.97000001,-23695082.28,1611032697.58,1738326057.08,127293359.5,27552283.839999996,629.86,421.86,130.0,311.51,531.64,420.41,0.0,137.72,,,,,,,基础化工,化学制品,其他化学制品,5.84,5.82,5.83
sz300214,日科化学,2019-01-17,5.72,5.75,5.46,5.49,5.67,3863268.0,21638388.0,2223450000.0,2337711250.86,103623625.97000001,-23695082.28,1611032697.58,1738326057.08,127293359.5,27552283.839999996,826.04,1102.86,125.79,451.75,1212.01,444.5,0.0,164.72,,,,,,,基础化工,化学制品,其他化学制品,5.72,5.72,5.73
sz300214,日科化学,2019-01-18,5.59,5.61,5.48,5.55,5.49,3125744.0,17337815.0,2247750000.0,2363260007.7,103623625.97000001,-23695082.28,1611032697.58,1738326057.08,127293359.5,27552283.839999996,601.38,648.98,348.47,553.11,783.93,531.69,0.0,0.0,,,,,,,基础化工,化学制品,其他化学制品,5.52,5.53,5.54
sz300214,日科化学,2019-01-21,5.62,5.65,5.51,5.61,5.55,1990800.0,11147062.0,2272050000.0,2388808764.54,103623625.97000001,-23695082.28,1611032697.58,1738326057.08,127293359.5,27552283.839999996,506.32,508.17,149.86,162.99,458.52,443.55,0.0,0.0,,,,,,,基础化工,化学制品,其他化学制品,5.56,5.59,5.58
sz300214,日科化学,2019-01-22,5.59,5.64,5.55,5.6,5.61,1498902.0,8379813.0,2268000000.0,2384550638.4,103623625.97000001,-23695082.28,1611032697.58,1738326057.08,127293359.5,27552283.839999996,326.2,313.5,81.94,93.4,429.85,431.07,0.0,0.0,,,,,,,基础化工,化学制品,其他化学制品,5.62,5.59,5.6
sz300214,日科化学,2019-01-23,5.57,5.59,5.52,5.52,5.6,1347200.0,7468054.0,2235600000.0,2350485629.28,103623625.97000001,-23695082.28,1611032697.58,1738326057.08,127293359.5,27552283.839999996,367.78,271.71,48.86,98.07,330.17,377.02,0.0,0.0,,,,,,,基础化工,化学制品,其他化学制品,5.56,5.54,5.54
sz300214,日科化学,2019-01-24,5.61,5.61,5.53,5.56,5.52,1148898.0,6385046.0,2251800000.0,2367518133.84,103623625.97000001,-23695082.28,1611032697.58,1738326057.08,127293359.5,27552283.839999996,406.94,152.41,24.45,134.59,207.11,351.51,0.0,0.0,,,,,,,基础化工,化学制品,其他化学制品,5.57,5.55,5.53
sz300214,日科化学,2019-01-25,5.54,5.63,5.51,5.57,5.56,1396934.0,7779664.0,2255850000.0,2371776259.98,103623625.97000001,-23695082.28,1611032697.58,1738326057.08,127293359.5,27552283.839999996,477.84,300.1,112.03,47.26,188.09,430.61,0.0,0.0,,,,,,,基础化工,化学制品,其他化学制品,5.53,5.53,5.52
sz300214,日科化学,2019-01-28,5.57,5.63,5.57,5.6,5.57,1430648.0,8014078.0,2268000000.0,2384550638.4,103623625.97000001,-23695082.28,1611032697.58,1738326057.08,127293359.5,27552283.839999996,510.08,298.37,32.54,125.14,258.79,377.89,0.0,0.0,,,,,,,基础化工,化学制品,其他化学制品,5.61,5.58,5.58
sz300214,日科化学,2019-01-29,5.59,5.7,5.5,5.58,5.6,2297800.0,12819849.0,2259900000.0,2376034386.12,103623625.97000001,-23695082.28,1611032697.58,1738326057.08,127293359.5,27552283.839999996,551.76,341.21,303.67,274.63,426.55,666.14,0.0,0.0,,,,,,,基础化工,化学制品,其他化学制品,5.61,5.61,5.68
sz300214,日科化学,2019-01-30,5.56,5.59,5.42,5.47,5.58,2147800.0,11823872.0,2215350000.0,2329194998.58,103623625.97000001,-23695082.28,1611032697.58,1738326057.08,127293359.5,27552283.839999996,467.59,475.79,247.14,283.72,467.65,422.87,0.0,0.0,,,,,,,基础化工,化学制品,其他化学制品,5.56,5.56,5.57
sz300214,日科化学,2019-01-31,5.41,5.5,5.36,5.43,5.47,1711800.0,9294363.0,2199150000.0,2312162494.02,103623625.97000001,-23695082.28,1611032697.58,1738326057.08,127293359.5,27552283.839999996,483.01,363.65,81.75,186.8,364.68,378.99,0.0,0.0,,,,,,,基础化工,化学制品,其他化学制品,5.45,5.5,5.46
sz300214,日科化学,2019-02-01,5.43,5.53,5.43,5.51,5.43,1689542.0,9282606.0,2231550000.0,2346227503.14,103623625.97000001,-23695082.28,1611032697.58,1738326057.08,127293359.5,27552283.839999996,261.86,310.69,364.27,469.15,302.13,148.42,0.0,0.0,,,,,,,基础化工,化学制品,其他化学制品,5.43,5.46,5.48
sz300214,日科化学,2019-02-11,5.52,5.56,5.49,5.54,5.51,2675600.0,14789023.0,2243700000.0,2359001881.56,103623625.97000001,-23695082.28,1611032697.58,1738326057.08,127293359.5,27552283.839999996,456.79,409.76,486.92,541.98,535.2,249.23,0.0,277.94,,,,,,,基础化工,化学制品,其他化学制品,5.53,5.54,5.54
sz300214,日科化学,2019-02-12,5.53,5.58,5.49,5.56,5.54,1802142.0,9968846.0,2251800000.0,2367518133.84,103623625.97000001,-23695082.28,1611032697.58,1738326057.08,127293359.5,27552283.839999996,395.02,349.61,227.52,257.44,374.34,389.84,0.0,0.0,,,,,,,基础化工,化学制品,其他化学制品,5.53,5.52,5.52
sz300214,日科化学,2019-02-13,5.54,5.59,5.52,5.58,5.56,3436200.0,19090756.0,2259900000.0,2376034386.12,103623625.97000001,-23695082.28,1611032697.58,1738326057.08,127293359.5,27552283.839999996,695.57,518.7,671.76,1078.28,541.74,312.1,0.0,0.0,,,,,,,基础化工,化学制品,其他化学制品,5.54,5.53,5.54
sz300214,日科化学,2019-02-14,5.59,5.59,5.52,5.56,5.58,2684200.0,14886338.0,2251800000.0,2367518133.84,103623625.97000001,-23695082.28,1611032697.58,1738326057.08,127293359.5,27552283.839999996,650.04,514.52,267.21,572.52,571.38,291.19,0.0,110.41,,,,,,,基础化工,化学制品,其他化学制品,5.59,5.56,5.55
sz300214,日科化学,2019-02-15,5.58,5.78,5.54,5.69,5.56,5850520.0,33074570.0,2304450000.0,2422873773.66,103623625.97000001,-23695082.28,1611032697.58,1738326057.08,127293359.5,27552283.839999996,1480.58,1181.78,1015.28,913.5,811.6,988.17,0.0,224.0,,,,,,,基础化工,化学制品,其他化学制品,5.54,5.57,5.59
sz300214,日科化学,2019-02-18,5.69,5.83,5.69,5.83,5.69,3803590.0,21985376.0,2361150000.0,2482487539.62,103623625.97000001,-23695082.28,1611032697.58,1738326057.08,127293359.5,27552283.839999996,983.19,957.91,523.96,426.78,691.38,698.46,0.0,115.38,,,,,,,基础化工,化学制品,其他化学制品,5.75,5.74,5.73
sz300214,日科化学,2019-02-19,5.88,5.88,5.73,5.81,5.83,3057600.0,17750773.0,2353050000.0,2473971287.34,103623625.97000001,-23695082.28,1611032697.58,1738326057.08,127293359.5,27552283.839999996,904.2,792.03,285.49,304.56,585.38,678.48,0.0,0.0,,,,,,,基础化工,化学制品,其他化学制品,5.83,5.85,5.83
sz300214,日科化学,2019-02-20,5.84,5.84,5.74,5.78,5.81,1764950.0,10197453.0,2340900000.0,2461196908.92,103623625.97000001,-23695082.28,1611032697.58,1738326057.08,127293359.5,27552283.839999996,490.43,459.58,155.86,178.44,373.46,381.72,0.0,0.0,,,,,,,基础化工,化学制品,其他化学制品,5.79,5.79,5.8
sz300214,日科化学,2019-02-21,5.76,5.83,5.71,5.8,5.78,3226640.0,18695437.0,2349000000.0,2469713161.2,103623625.97000001,-23695082.28,1611032697.58,1738326057.08,127293359.5,27552283.839999996,736.87,721.45,758.81,251.19,373.87,508.3,0.0,388.6,,,,,,,基础化工,化学制品,其他化学制品,5.75,5.74,5.76
sz300214,日科化学,2019-02-22,5.79,5.82,5.72,5.82,5.8,2519700.0,14570679.0,2357100000.0,2478229413.48,103623625.97000001,-23695082.28,1611032697.58,1738326057.08,127293359.5,27552283.839999996,716.11,677.36,279.13,395.84,461.83,383.87,0.0,0.0,,,,,,,基础化工,化学制品,其他化学制品,5.75,5.78,5.76
sz300214,日科化学,2019-02-25,5.84,6.06,5.79,6.06,5.82,7662192.0,45536129.0,2454300000.0,2580424440.84,103623625.97000001,-23695082.28,1611032697.58,1738326057.08,127293359.5,27552283.839999996,1616.45,2095.88,1634.64,1084.39,1093.22,966.69,209.3,406.65,,,,,,,基础化工,化学制品,其他化学制品,5.81,5.87,5.87
sz300214,日科化学,2019-02-26,6.05,6.12,5.9,5.98,6.06,5453182.0,32701412.0,2421900000.0,2546359431.72,103623625.97000001,-23695082.28,1611032697.58,1738326057.08,127293359.5,27552283.839999996,1501.9,1204.09,427.28,1387.06,1340.96,678.99,0.0,0.0,,,,,,,基础化工,化学制品,其他化学制品,5.98,5.98,5.98
sz300214,日科化学,2019-02-27,5.98,6.05,5.93,5.94,5.98,4403916.0,26353663.0,2405700000.0,2529326927.16,103623625.97000001,-23695082.28,1611032697.58,1738326057.08,127293359.5,27552283.839999996,1120.74,834.64,679.64,798.96,834.98,661.75,0.0,340.02,,,,,,,基础化工,化学制品,其他化学制品,6.0,6.01,5.98
sz300214,日科化学,2019-02-28,5.94,6.02,5.93,6.02,5.94,2512938.0,15040770.0,2438100000.0,2563391936.28,103623625.97000001,-23695082.28,1611032697.58,1738326057.08,127293359.5,27552283.839999996,771.81,672.8,246.46,319.22,485.8,391.97,0.0,120.08,,,,,,,基础化工,化学制品,其他化学制品,5.94,5.97,6.02
sz300214,日科化学,2019-03-01,6.1,6.32,6.07,6.28,6.02,6801701.0,42143806.0,2543400000.0,2674103215.92,103623625.97000001,-23695082.28,1611032697.58,1738326057.08,127293359.5,27552283.839999996,1941.98,1949.89,1203.8,586.73,1068.59,1677.75,0.0,0.0,,,,,,,基础化工,化学制品,其他化学制品,6.11,6.19,6.14
sz300214,日科化学,2019-03-04,6.35,6.39,6.21,6.29,6.28,5732414.0,36022416.0,2547450000.0,2678361342.06,103623625.97000001,-23695082.28,1611032697.58,1738326057.08,127293359.5,27552283.839999996,1856.17,1693.19,589.02,723.57,1157.05,1185.47,0.0,0.0,,,,,,,基础化工,化学制品,其他化学制品,6.25,6.23,6.24
sz300214,日科化学,2019-03-05,6.29,6.31,6.23,6.3,6.29,3348506.0,20997031.0,2551500000.0,2682619468.2,103623625.97000001,-23695082.28,1611032697.58,1738326057.08,127293359.5,27552283.839999996,715.12,898.09,387.05,746.13,997.53,455.47,0.0,0.0,,,,,,,基础化工,化学制品,其他化学制品,6.26,6.27,6.28
sz300214,日科化学,2019-03-06,6.29,6.45,6.28,6.41,6.3,5079992.0,32353392.0,2596050000.0,2729458855.74,103623625.97000001,-23695082.28,1611032697.58,1738326057.08,127293359.5,27552283.839999996,1347.87,1202.31,877.65,955.54,838.17,970.37,171.65,107.11,,,,,,,基础化工,化学制品,其他化学制品,6.41,6.35,6.36
sz300214,日科化学,2019-03-07,6.42,6.49,6.36,6.46,6.41,3717808.0,23840982.0,2616300000.0,2750749486.44,103623625.97000001,-23695082.28,1611032697.58,1738326057.08,127293359.5,27552283.839999996,1100.49,1134.73,503.56,560.0,780.04,689.37,0.0,0.0,,,,,,,基础化工,化学制品,其他化学制品,6.41,6.39,6.44
sz300214,日科化学,2019-03-08,6.38,6.4,6.1,6.15,6.46,5047139.0,31782294.0,2490750000.0,2618747576.1,103623625.97000001,-23695082.28,1611032697.58,1738326057.08,127293359.5,27552283.839999996,1565.76,1503.21,543.78,691.93,1068.69,798.6,0.0,184.49,,,,,,,基础化工,化学制品,其他化学制品,6.34,6.37,6.34
sz300214,日科化学,2019-03-11,6.21,6.4,6.19,6.4,6.15,3591836.0,22626005.0,2592000000.0,2725200729.6,103623625.97000001,-23695082.28,1611032697.58,1738326057.08,127293359.5,27552283.839999996,1082.84,1274.19,344.68,361.94,835.07,626.47,0.0,0.0,,,,,,,基础化工,化学制品,其他化学制品,6.23,6.25,6.27
sz300214,日科化学,2019-03-12,6.46,6.47,6.28,6.39,6.4,4227537.0,26997863.0,2587950000.0,2720942603.46,103623625.97000001,-23695082.28,1611032697.58,1738326057.08,127293359.5,27552283.839999996,830.43,1069.24,784.48,878.22,1084.87,565.69,0.0,186.64,,,,,,,基础化工,化学制品,其他化学制品,6.42,6.4,6.4
sz300214,日科化学,2019-03-13,6.41,6.45,6.28,6.3,6.39,2848900.0,18084007.0,2551500000.0,2682619468.2,103623625.97000001,-23695082.28,1611032697.58,1738326057.08,127293359.5,27552283.839999996,838.65,802.53,197.57,311.35,772.18,694.52,0.0,0.0,,,,,,,基础化工,化学制品,其他化学制品,6.32,6.33,6.35
sz300214,日科化学,2019-03-14,6.26,6.28,6.09,6.09,6.3,3554232.0,21913572.0,2466450000.0,2593198819.26,103623625.97000001,-23695082.28,1611032697.58,1738326057.08,127293359.5,27552283.839999996,950.68,686.64,346.55,633.89,857.35,838.51,36.77,32.31,,,,,,,基础化工,化学制品,其他化学制品,6.26,6.25,6.26
sz300214,日科化学,2019-03-15,6.11,6.22,6.11,6.17,6.09,1917452.0,11850046.0,2498850000.0,2627263828.38,103623625.97000001,-23695082.28,1611032697.58,1738326057.08,127293359.5,27552283.839999996,504.49,509.21,150.4,48.37,530.11,627.42,0.0,0.0,,,,,,,基础化工,化学制品,其他化学制品,6.17,6.16,6.15
sz300214,日科化学,2019-03-18,6.25,6.33,6.15,6.32,6.17,2569097.0,16062016.0,2559600000.0,2691135720.48,103623625.97000001,-23695082.28,1611032697.58,1738326057.08,127293359.5,27552283.839999996,618.96,670.68,326.79,310.72,660.45,481.19,0.0,143.62,,,,,,,基础化工,化学制品,其他化学制品,6.23,6.18,6.23
sz300214,日科化学,2019-03-19,6.35,6.35,6.26,6.28,6.32,1917607.0,12071168.0,2543400000.0,2674103215.92,103623625.97000001,-23695082.28,1611032697.58,1738326057.08,127293359.5,27552283.839999996,590.05,446.65,73.58,281.44,543.49,479.03,0.0,0.0,,,,,,,基础化工,化学制品,其他化学制品,6.27,6.29,6.29
sz300214,日科化学,2019-03-20,6.4,6.75,6.35,6.5,6.28,8080837.0,52973651.0,2632500000.0,2767781991.0,103623625.97000001,-23695082.28,1611032697.58,1738326057.08,127293359.5,27552283.839999996,1960.73,2216.7,1204.95,1234.41,2004.37,1846.25,127.31,0.0,,,,,,,基础化工,化学制品,其他化学制品,6.48,6.64,6.64
sz300214,日科化学,2019-03-21,6.49,6.52,6.4,6.49,6.5,4154800.0,26835286.0,2628450000.0,2763523864.86,103623625.97000001,-23695082.28,1611032697.58,1738326057.08,127293359.5,27552283.839999996,1250.92,822.16,479.47,705.96,926.8,1155.41,26.34,0.0,,,,,,,基础化工,化学制品,其他化学制品,6.47,6.44,6.44
sz300214,日科化学,2019-03-22,6.49,6.58,6.43,6.5,6.49,3511627.0,22842867.0,2632500000.0,2767781991.0,103623625.97000001,-23695082.28,1611032697.58,1738326057.08,127293359.5,27552283.839999996,997.84,835.6,474.99,718.45,811.45,626.23,0.0,104.0,,,,,,,基础化工,化学制品,其他化学制品,6.54,6.49,6.57
sz300214,日科化学,2019-03-25,6.38,6.75,6.36,6.56,6.5,5299000.0,34999405.0,2656800000.0,2793330747.84,103623625.97000001,-23695082.28,1611032697.58,1738326057.08,127293359.5,27552283.839999996,1470.92,1531.06,871.74,801.28,984.52,979.2,172.77,188.41,,,,,,,基础化工,化学制品,其他化学制品,6.46,6.53,6.65
sz300214,日科化学,2019-03-26,6.65,6.72,6.22,6.26,6.56,4268924.0,27457408.0,2535300000.0,2665586963.64,103623625.97000001,-23695082.28,1611032697.58,1738326057.08,127293359.5,27552283.839999996,1078.16,1187.23,325.43,620.4,1242.15,830.74,100.0,107.37,,,,,,,基础化工,化学制品,其他化学制品,6.6,6.52,6.5
sz300214,日科化学,2019-03-27,6.34,6.39,6.25,6.29,6.26,3072153.0,19341414.0,2547450000.0,2678361342.06,103623625.97000001,-23695082.28,1611032697.58,1738326057.08,127293359.5,27552283.839999996,842.94,678.53,303.36,635.22,787.84,494.58,0.0,125.81,,,,,,,基础化工,化学制品,其他化学制品,6.33,6.36,6.36
sz300214,日科化学,2019-03-28,6.36,6.36,6.11,6.17,6.29,4187453.0,26066482.0,2498850000.0,2627263828.38,103623625.97000001,-23695082.28,1611032697.58,1738326057.08,127293359.5,27552283.839999996,1170.93,630.28,243.08,1349.22,1192.65,627.14,0.0,0.0,,,,,,,基础化工,化学制品,其他化学制品,6.26,6.24,6.3
sz300214,日科化学,2019-03-29,6.19,6.33,6.13,6.31,6.17,3397076.0,21202882.0,2555550000.0,2686877594.34,103623625.97000001,-23695082.28,1611032697.58,1738326057.08,127293359.5,27552283.839999996,1132.96,1094.84,283.56,331.19,703.76,694.26,0.0,0.0,,,,,,,基础化工,化学制品,其他化学制品,6.16,6.19,6.15
sz300214,日科化学,2019-04-01,6.34,6.5,6.34,6.48,6.31,4423550.0,28527898.0,2624400000.0,2759265738.72,103623625.97000001,-23695082.28,1611032697.58,1738326057.08,127293359.5,27552283.839999996,1270.71,1595.42,677.89,421.79,787.84,835.58,116.34,0.0,,,,,,,基础化工,化学制品,其他化学制品,6.41,6.43,6.4
sz300214,日科化学,2019-04-02,6.53,6.58,6.41,6.56,6.48,4433559.0,28910385.0,2656800000.0,2793330747.84,103623625.97000001,-23695082.28,1611032697.58,1738326057.08,127293359.5,27552283.839999996,1243.88,1242.17,578.24,611.36,1068.92,1037.51,0.0,0.0,,,,,,,基础化工,化学制品,其他化学制品,6.5,6.48,6.5
sz300214,日科化学,2019-04-03,6.54,6.65,6.46,6.59,6.56,3297155.0,21664518.0,2668950000.0,2806105126.26,103623625.97000001,-23695082.28,1611032697.58,1738326057.08,127293359.5,27552283.839999996,971.83,941.73,226.47,431.82,968.15,676.55,0.0,116.35,,,,,,,基础化工,化学制品,其他化学制品,6.51,6.62,6.59
sz300214,日科化学,2019-04-04,6.67,6.76,6.59,6.7,6.59,5977885.0,40011158.0,2713500000.0,2852944513.8,103623625.97000001,-23695082.28,1611032697.58,1738326057.08,127293359.5,27552283.839999996,1628.79,1535.52,1261.07,983.88,1111.25,1285.27,0.0,196.44,,,,,,,基础化工,化学制品,其他化学制品,6.64,6.62,6.67
sz300214,日科化学,2019-04-08,6.97,7.08,6.69,6.76,6.7,9062400.0,62123181.0,2737800000.0,2878493270.64,103623625.97000001,-23695082.28,1611032697.58,1738326057.08,127293359.5,27552283.839999996,1645.26,2420.03,2232.81,1972.74,1568.49,1537.6,765.76,281.95,,,,,,,基础化工,化学制品,其他化学制品,6.98,6.89,6.86
sz300214,日科化学,2019-04-09,6.78,6.78,6.53,6.63,6.76,5448091.0,35930980.0,2685150000.0,2823137630.82,103623625.97000001,-23695082.28,1611032697.58,1738326057.08,127293359.5,27552283.839999996,1571.57,1138.52,754.32,1288.5,1267.2,986.2,0.0,179.87,,,,,,,基础化工,化学制品,其他化学制品,6.61,6.59,6.59
sz300214,日科化学,2019-04-10,6.86,6.86,6.63,6.77,6.63,6107259.0,41150124.0,2741850000.0,2882751396.78,103623625.97000001,-23695082.28,1611032697.58,1738326057.08,127293359.5,27552283.839999996,1447.22,1686.14,1109.04,891.31,1329.01,1377.17,229.74,160.39,,,,,,,基础化工,化学制品,其他化学制品,6.72,6.73,6.7
sz300214,日科化学,2019-04-11,6.72,6.73,6.48,6.54,6.77,4750496.0,31292111.0,2648700000.0,2784814495.56,103623625.97000001,-23695082.28,1611032697.58,1738326057.08,127293359.5,27552283.839999996,1324.32,1332.61,575.07,751.27,1229.81,955.76,0.0,89.56,,,,,,,基础化工,化学制品,其他化学制品,6.72,6.7,6.68
sz300214,日科化学,2019-04-12,6.57,6.63,6.46,6.59,6.54,3796586.0,24862098.0,2668950000.0,2806105126.26,103623625.97000001,-23695082.28,1611032697.58,1738326057.08,127293359.5,27552283.839999996,1088.87,981.39,613.08,637.26,706.03,867.56,78.22,0.0,,,,,,,基础化工,化学制品,其他化学制品,6.53,6.58,6.57
sz300214,日科化学,2019-04-15,6.64,6.7,6.45,6.49,6.59,4794894.0,31638686.0,2628450000.0,2763523864.86,103623625.97000001,-23695082.28,1611032697.58,1738326057.08,127293359.5,27552283.839999996,1178.38,1285.06,1403.98,1202.35,581.51,676.45,0.0,0.0,,,,,,,基础化工,化学制品,其他化学制品,6.69,6.65,6.65
sz300214,日科化学,2019-04-16,6.48,7.14,6.48,7.14,6.49,22113320.0,154733906.0,2891700000.0,3040302063.96,102767774.37,55615076.59,1621665814.8400002,1815886977.66,194221162.82,16947718.41000001,3082.66,5260.39,7161.77,4089.15,2118.89,4386.39,3110.06,1737.44,,,,,,,基础化工,化学制品,其他化学制品,6.82,6.9,6.81
sz300214,日科化学,2019-04-17,7.35,7.85,7.35,7.85,7.14,30580665.0,236400456.0,3179250000.0,3342629019.9,102767774.37,55615076.59,1621665814.8400002,1815886977.66,194221162.82,16947718.41000001,5241.37,7919.02,7643.33,7637.05,3124.14,4987.08,7601.65,3067.34,,,,,,,基础化工,化学制品,其他化学制品,7.67,7.72,7.83
sz300214,日科化学,2019-04-18,7.65,8.16,7.62,7.79,7.85,26912971.0,211101398.0,3154950000.0,3317080263.06,102767774.37,55615076.59,1621665814.8400002,1815886977.66,194221162.82,16947718.41000001,6935.4,6780.28,7575.53,7535.65,5804.38,5164.42,794.82,1629.78,,,,,,,基础化工,化学制品,其他化学制品,7.77,8.0,7.97
sz300214,日科化学,2019-04-19,7.69,7.91,7.54,7.84,7.79,14915373.0,115241234.0,3175200000.0,3338370893.76,102767774.37,55615076.59,1621665814.8400002,1815886977.66,194221162.82,16947718.41000001,3785.14,4108.16,4106.78,3735.67,3247.74,3179.38,384.62,501.06,,,,,,,基础化工,化学制品,其他化学制品,7.84,7.61,7.69
sz300214,日科化学,2019-04-22,7.77,8.13,7.63,7.77,7.84,14140940.0,110875820.0,3146850000.0,3308564010.78,102767774.37,55615076.59,1621665814.8400002,1815886977.66,194221162.82,16947718.41000001,4292.91,4506.31,2584.61,2918.71,3072.95,2721.58,1137.11,940.97,,,,,,,基础化工,化学制品,其他化学制品,7.82,7.7,7.67
sz300214,日科化学,2019-04-23,7.82,7.84,7.38,7.42,7.77,13234631.0,99705936.0,3005100000.0,3159529595.88,102767774.37,55615076.59,1621665814.8400002,1815886977.66,194221162.82,16947718.41000001,4341.42,3685.88,2289.94,3991.37,3339.23,2004.69,0.0,288.65,,,,,,,基础化工,化学制品,其他化学制品,7.76,7.56,7.65
sz300214,日科化学,2019-04-24,7.53,7.59,7.3,7.44,7.42,6695734.0,49862574.0,3013200000.0,3168045848.16,102767774.37,55615076.59,1621665814.8400002,1815886977.66,194221162.82,16947718.41000001,2021.08,1944.73,903.13,1495.94,1949.11,1322.56,112.94,223.04,,,,,,,基础化工,化学制品,其他化学制品,7.47,7.49,7.47
sz300214,日科化学,2019-04-25,7.48,7.48,7.03,7.18,7.44,10730711.0,77076390.0,2907900000.0,3057334568.52,102767774.37,55615076.59,1621665814.8400002,1815886977.66,194221162.82,16947718.41000001,3155.64,2456.24,2260.91,2190.72,2261.75,1829.71,29.33,1230.97,,,,,,,基础化工,化学制品,其他化学制品,7.39,7.36,7.38
sz300214,日科化学,2019-04-26,7.06,7.13,6.93,6.95,7.18,8135075.0,56917626.0,2814750000.0,2959397667.3,102767774.37,55615076.59,1621665814.8400002,1815886977.66,194221162.82,16947718.41000001,1836.39,1904.35,2116.83,1648.87,1267.81,1449.93,470.73,688.61,,,,,,,基础化工,化学制品,其他化学制品,7.03,7.06,7.08
sz300214,日科化学,2019-04-29,7.0,7.0,6.74,6.77,6.95,8158751.0,55907801.0,2741850000.0,2882751396.78,94136372.13000001,-107772392.92,1648009463.58,1918439706.53,270430242.95,26343648.73,2120.27,2058.42,1793.4,1754.57,1541.11,1536.22,136.0,241.56,,,,,,,基础化工,化学制品,其他化学制品,6.92,6.75,6.84
sz300214,日科化学,2019-04-30,6.85,6.94,6.72,6.82,6.77,5134897.0,35085741.0,2762100000.0,2904042027.48,94136372.13000001,-107772392.92,1648009463.58,1918439706.53,270430242.95,26343648.73,1179.2,1045.0,1103.64,420.08,838.22,953.23,387.52,1090.28,,,,,,,基础化工,化学制品,其他化学制品,6.82,6.86,6.83
sz300214,日科化学,2019-05-06,6.66,6.66,6.14,6.14,6.82,9708000.0,61648025.0,2486700000.0,2614489449.96,94136372.13000001,-107772392.92,1648009463.58,1918439706.53,270430242.95,26343648.73,2987.54,1558.28,1052.05,1811.55,1904.91,1121.39,220.3,1673.58,,,,,,,基础化工,化学制品,其他化学制品,6.52,6.41,6.5
sz300214,日科化学,2019-05-07,6.18,6.24,5.84,5.96,6.14,10639329.0,64188549.0,2413800000.0,2537843179.44,94136372.13000001,-107772392.92,1648009463.58,1918439706.53,270430242.95,26343648.73,2302.03,2445.34,1529.47,1619.96,1604.2,934.32,983.16,1419.24,,,,,,,基础化工,化学制品,其他化学制品,6.15,6.17,6.15
sz300214,日科化学,2019-05-08,5.96,6.13,5.7,6.03,5.96,7250716.0,43426804.0,2442150000.0,2567650062.42,94136372.13000001,-107772392.92,1648009463.58,1918439706.53,270430242.95,26343648.73,1811.81,1565.94,1175.35,1222.07,1355.52,1331.24,0.0,223.42,,,,,,,基础化工,化学制品,其他化学制品,5.73,5.85,5.94
sz300214,日科化学,2019-05-09,6.07,6.18,5.91,5.92,6.03,5428229.0,32678139.0,2397600000.0,2520810674.88,94136372.13000001,-107772392.92,1648009463.58,1918439706.53,270430242.95,26343648.73,1542.24,1336.09,494.93,991.0,1191.67,940.72,38.98,0.0,,,,,,,基础化工,化学制品,其他化学制品,6.09,6.1,6.07
sz300214,日科化学,2019-05-10,5.97,6.15,5.82,6.09,5.92,6509900.0,39280668.0,2466450000.0,2593198819.26,94136372.13000001,-107772392.92,1648009463.58,1918439706.53,270430242.95,26343648.73,1421.37,1516.25,1189.44,1015.46,1317.26,968.61,0.0,427.75,,,,,,,基础化工,化学制品,其他化学制品,6.03,6.06,6.07
sz300214,日科化学,2019-05-13,6.0,6.05,5.87,5.89,6.09,5903019.0,35151876.0,2385450000.0,2508036296.46,94136372.13000001,-107772392.92,1648009463.58,1918439706.53,270430242.95,26343648.73,1425.03,1371.83,806.93,1032.19,1283.22,931.11,0.0,180.05,,,,,,,基础化工,化学制品,其他化学制品,6.02,6.01,6.0
sz300214,日科化学,2019-05-14,5.91,6.06,5.84,5.93,5.89,3888746.0,23188622.0,2401650000.0,2525068801.02,94136372.13000001,-107772392.92,1648009463.58,1918439706.53,270430242.95,26343648.73,770.98,960.51,350.35,630.13,1079.55,728.22,117.98,0.0,,,,,,,基础化工,化学制品,其他化学制品,5.89,5.91,6.02
sz300214,日科化学,2019-05-15,6.0,6.18,5.95,6.16,5.93,4749763.0,28994111.0,2494800000.0,2623005702.24,94136372.13000001,-107772392.92,1648009463.58,1918439706.53,270430242.95,26343648.73,1117.39,1446.14,817.73,338.05,964.29,1115.22,0.0,0.0,,,,,,,基础化工,化学制品,其他化学制品,6.04,6.03,6.07
sz300214,日科化学,2019-05-16,6.2,6.26,6.09,6.23,6.16,4068624.0,25200993.0,2523150000.0,2652812585.22,94136372.13000001,-107772392.92,1648009463.58,1918439706.53,270430242.95,26343648.73,966.68,1034.94,759.06,603.32,794.36,881.84,0.0,0.0,,,,,,,基础化工,化学制品,其他化学制品,6.15,6.17,6.18
sz300214,日科化学,2019-05-17,6.27,6.28,5.92,5.93,6.23,6486225.0,39641457.0,2401650000.0,2525068801.02,94136372.13000001,-107772392.92,1648009463.58,1918439706.53,270430242.95,26343648.73,1575.43,1426.21,1044.62,1547.93,1192.42,990.0,151.68,0.0,,,,,,,基础化工,化学制品,其他化学制品,6.23,6.17,6.18
sz300214,日科化学,2019-05-20,5.93,6.03,5.81,5.93,5.93,3075092.0,18169786.0,2401650000.0,2525068801.02,94136372.13000001,-107772392.92,1648009463.58,1918439706.53,270430242.95,26343648.73,508.81,734.93,104.57,153.34,1203.6,928.71,0.0,0.0,,,,,,,基础化工,化学制品,其他化学制品,5.91,5.97,5.87
sz300214,日科化学,2019-05-21,5.93,6.03,5.89,5.94,5.93,4904040.0,29272840.0,2405700000.0,2529326927.16,94136372.13000001,-107772392.92,1648009463.58,1918439706.53,270430242.95,26343648.73,1076.08,1506.5,487.54,768.56,1124.45,652.23,239.2,0.0,,,,,,,基础化工,化学制品,其他化学制品,6.03,6.0,5.95
sz300214,日科化学,2019-05-22,5.99,5.99,5.81,5.85,5.94,4048422.0,23791099.0,2369250000.0,2491003791.9,94136372.13000001,-107772392.92,1648009463.58,1918439706.53,270430242.95,26343648.73,1303.78,1066.32,289.21,284.1,786.11,1028.69,0.0,0.0,,,,,,,基础化工,化学制品,其他化学制品,5.92,5.92,5.92
sz300214,日科化学,2019-05-23,5.88,5.88,5.58,5.63,5.85,4943201.0,28204559.0,2280150000.0,2397325016.82,94136372.13000001,-107772392.92,1648009463.58,1918439706.53,270430242.95,26343648.73,1159.41,1012.58,346.01,1262.76,1315.04,545.12,0.0,0.0,,,,,,,基础化工,化学制品,其他化学制品,5.69,5.77,5.85
sz300214,日科化学,2019-05-24,5.62,5.76,5.62,5.65,5.63,3961400.0,22506709.0,2288250000.0,2405841269.1,94136372.13000001,-107772392.92,1648009463.58,1918439706.53,270430242.95,26343648.73,662.24,1461.88,267.61,136.31,1320.82,652.48,0.0,0.0,,,,,,,基础化工,化学制品,其他化学制品,5.67,5.72,5.71
sz300214,日科化学,2019-05-27,5.7,5.8,5.58,5.76,5.65,4432500.0,25279801.0,2332800000.0,2452680656.64,94136372.13000001,-107772392.92,1648009463.58,1918439706.53,270430242.95,26343648.73,1267.39,1283.14,295.73,300.73,964.87,944.11,0.0,0.0,,,,,,,基础化工,化学制品,其他化学制品,5.66,5.66,5.67
sz300214,日科化学,2019-05-28,5.78,5.87,5.69,5.71,5.76,4604716.0,26649462.0,2312550000.0,2431390025.94,94136372.13000001,-107772392.92,1648009463.58,1918439706.53,270430242.95,26343648.73,807.24,1044.95,364.99,642.17,1492.71,803.59,0.0,174.23,,,,,,,基础化工,化学制品,其他化学制品,5.8,5.83,5.83
sz300214,日科化学,2019-05-29,5.76,5.83,5.69,5.77,5.71,3613822.0,20844822.0,2336850000.0,2456938782.78,94136372.13000001,-107772392.92,1648009463.58,1918439706.53,270430242.95,26343648.73,549.32,861.74,113.49,191.98,1421.66,1030.76,0.0,0.0,,,,,,,基础化工,化学制品,其他化学制品,5.69,5.75,5.77
sz300214,日科化学,2019-05-30,5.78,5.78,5.63,5.67,5.77,2883452.0,16402041.0,2296350000.0,2414357521.38,94136372.13000001,-107772392.92,1648009463.58,1918439706.53,270430242.95,26343648.73,605.27,460.96,100.18,229.29,820.95,949.95,113.8,0.0,,,,,,,基础化工,化学制品,其他化学制品,5.76,5.7,5.72
sz300214,日科化学,2019-05-31,5.68,5.75,5.67,5.71,5.67,2937367.0,16787812.0,2312550000.0,2431390025.94,94136372.13000001,-107772392.92,1648009463.58,1918439706.53,270430242.95,26343648.73,921.4,688.68,199.12,241.98,558.25,748.12,0.0,0.0,,,,,,,基础化工,化学制品,其他化学制品,5.73,5.72,5.72
sz300214,日科化学,2019-06-03,5.73,5.8,5.65,5.77,5.71,5382913.0,30809325.0,2336850000.0,2456938782.78,94136372.13000001,-107772392.92,1648009463.58,1918439706.53,270430242.95,26343648.73,1484.48,1412.48,499.62,425.69,647.78,1242.76,449.05,0.0,,,,,,,基础化工,化学制品,其他化学制品,5.71,5.69,5.71
sz300214,日科化学,2019-06-04,5.8,5.8,5.65,5.66,5.77,3647400.0,20799020.0,2292300000.0,2410099395.24,94136372.13000001,-107772392.92,1648009463.58,1918439706.53,270430242.95,26343648.73,976.86,677.79,175.05,318.12,927.99,1083.98,0.0,0.0,,,,,,,基础化工,化学制品,其他化学制品,5.69,5.71,5.74
sz300214,日科化学,2019-06-05,5.71,5.71,5.59,5.6,5.66,2267290.0,12785991.0,2268000000.0,2384550638.4,94136372.13000001,-107772392.92,1648009463.58,1918439706.53,270430242.95,26343648.73,618.6,553.99,81.37,200.35,578.63,524.25,0.0,0.0,,,,,,,基础化工,化学制品,其他化学制品,5.67,5.68,5.67
sz300214,日科化学,2019-06-06,5.6,5.62,5.38,5.42,5.6,2602504.0,14257409.0,2195100000.0,2307904367.88,94136372.13000001,-107772392.92,1648009463.58,1918439706.53,270430242.95,26343648.73,687.05,560.97,147.98,410.7,590.71,454.07,0.0,0.0,,,,,,,基础化工,化学制品,其他化学制品,5.57,5.55,5.55
sz300214,日科化学,2019-06-10,5.45,5.56,5.41,5.5,5.42,2323004.0,12798775.0,2227500000.0,2341969377.0,94136372.13000001,-107772392.92,1648009463.58,1918439706.53,270430242.95,26343648.73,437.86,548.77,109.14,219.81,732.87,511.3,0.0,0.0,,,,,,,基础化工,化学制品,其他化学制品,5.46,5.51,5.49
sz300214,日科化学,2019-06-11,5.55,5.77,5.52,5.73,5.5,2741039.0,15556112.0,2320650000.0,2439906278.22,94136372.13000001,-107772392.92,1648009463.58,1918439706.53,270430242.95,26343648.73,596.01,628.0,135.73,227.82,823.88,699.8,0.0,0.0,,,,,,,基础化工,化学制品,其他化学制品,5.55,5.57,5.59
sz300214,日科化学,2019-06-12,5.83,5.83,5.7,5.75,5.73,2110499.0,12164400.0,2328750000.0,2448422530.5,94136372.13000001,-107772392.92,1648009463.58,1918439706.53,270430242.95,26343648.73,293.77,615.26,140.11,197.72,782.56,403.47,0.0,0.0,,,,,,,基础化工,化学制品,其他化学制品,5.78,5.77,5.76
sz300214,日科化学,2019-06-13,5.72,5.82,5.62,5.77,5.75,2011938.0,11608370.0,2336850000.0,2456938782.78,94136372.13000001,-107772392.92,1648009463.58,1918439706.53,270430242.95,26343648.73,332.46,588.83,78.57,60.14,749.8,511.87,0.0,0.0,,,,,,,基础化工,化学制品,其他化学制品,5.73,5.75,5.73
sz300214,日科化学,2019-06-14,5.76,5.8,5.65,5.66,5.77,2204716.0,12601190.0,2292300000.0,2410099395.24,94136372.13000001,-107772392.92,1648009463.58,1918439706.53,270430242.95,26343648.73,480.33,590.81,220.49,264.69,559.3,404.62,0.0,0.0,,,,,,,基础化工,化学制品,其他化学制品,5.76,5.79,5.78
sz300214,日科化学,2019-06-17,5.71,5.77,5.59,5.7,5.66,2271516.0,12954402.0,2308500000.0,2427131899.8,94136372.13000001,-107772392.92,1648009463.58,1918439706.53,270430242.95,26343648.73,444.65,364.32,72.69,142.72,778.09,718.79,0.0,69.61,,,,,,,基础化工,化学制品,其他化学制品,5.68,5.74,5.72
sz300214,日科化学,2019-06-18,5.76,5.8,5.65,5.67,5.7,2245100.0,12819607.0,2296350000.0,2414357521.38,94136372.13000001,-107772392.92,1648009463.58,1918439706.53,270430242.95,26343648.73,577.87,367.2,109.89,239.17,594.2,675.59,0.0,0.0,,,,,,,基础化工,化学制品,其他化学制品,5.73,5.7,5.68
sz300214,日科化学,2019-06-19,5.8,5.83,5.73,5.74,5.67,2346138.0,13574920.0,2324700000.0,2444164404.36,94136372.13000001,-107772392.92,1648009463.58,1918439706.53,270430242.95,26343648.73,581.44,462.13,37.63,225.76,622.42,431.71,116.0,237.88,,,,,,,基础化工,化学制品,其他化学制品,5.79,5.81,5.8
sz300214,日科化学,2019-06-20,5.78,5.86,5.72,5.86,5.74,2677016.0,15581828.0,2373300000.0,2495261918.04,94136372.13000001,-107772392.92,1648009463.58,1918439706.53,270430242.95,26343648.73,599.59,678.02,343.46,346.91,615.13,533.25,0.0,0.0,,,,,,,基础化工,化学制品,其他化学制品,5.75,5.76,5.75
sz300214,日科化学,2019-06-21,6.02,6.16,5.96,6.08,5.86,5130394.0,31165415.0,2462400000.0,2588940693.12,94136372.13000001,-107772392.92,1648009463.58,1918439706.53,270430242.95,26343648.73,1478.07,1345.72,616.32,658.82,1022.15,1112.0,0.0,0.0,,,,,,,基础化工,化学制品,其他化学制品,5.99,6.04,6.12
sz300214,日科化学,2019-06-24,6.0,6.35,6.0,6.26,6.08,5853887.0,36503092.0,2535300000.0,2665586963.64,94136372.13000001,-107772392.92,1648009463.58,1918439706.53,270430242.95,26343648.73,2088.11,1666.45,377.33,658.96,1175.13,1324.9,9.73,0.0,,,,,,,基础化工,化学制品,其他化学制品,6.14,6.3,6.21
sz300214,日科化学,2019-06-25,6.24,6.3,6.09,6.23,6.26,5059253.0,31267425.0,2523150000.0,2652812585.22,94136372.13000001,-107772392.92,1648009463.58,1918439706.53,270430242.95,26343648.73,1459.27,1173.7,486.54,617.35,1180.92,1018.24,0.0,317.45,,,,,,,基础化工,化学制品,其他化学制品,6.2,6.14,6.16
sz300214,日科化学,2019-06-26,6.3,6.3,6.13,6.19,6.23,1875023.0,11626047.0,2506950000.0,2635780080.66,94136372.13000001,-107772392.92,1648009463.58,1918439706.53,270430242.95,26343648.73,528.37,491.99,58.72,159.27,575.52,511.34,0.0,0.0,,,,,,,基础化工,化学制品,其他化学制品,6.26,6.19,6.24
sz300214,日科化学,2019-06-27,6.22,6.27,6.16,6.25,6.19,2455214.0,15277700.0,2531250000.0,2661328837.5,94136372.13000001,-107772392.92,1648009463.58,1918439706.53,270430242.95,26343648.73,691.61,437.11,274.37,482.57,561.78,608.09,0.0,0.0,,,,,,,基础化工,化学制品,其他化学制品,6.22,6.25,6.25
sz300214,日科化学,2019-06-28,6.25,6.25,6.1,6.12,6.2,1678400.0,10321037.0,2478600000.0,2605973197.68,94136372.13000001,-107772392.92,1648009463.58,1918439706.53,270430242.95,26343648.73,382.51,493.76,33.21,113.41,616.38,424.94,0.0,0.0,,,,,,,基础化工,化学制品,其他化学制品,6.18,6.17,6.17
sz300214,日科化学,2019-07-01,6.26,6.4,6.17,6.33,6.12,4714623.0,29823526.0,2563650000.0,2695393846.62,94136372.13000001,-107772392.92,1648009463.58,1918439706.53,270430242.95,26343648.73,800.05,1534.59,750.65,419.55,1311.96,1028.22,119.7,0.0,,,,,,,基础化工,化学制品,其他化学制品,6.24,6.27,6.33
sz300214,日科化学,2019-07-02,6.39,6.43,6.32,6.42,6.33,2982313.0,19022015.0,2600100000.0,2733716981.88,94136372.13000001,-107772392.92,1648009463.58,1918439706.53,270430242.95,26343648.73,809.13,901.07,331.94,294.18,761.13,706.95,0.0,0.0,,,,,,,基础化工,化学制品,其他化学制品,6.34,6.34,6.35
sz300214,日科化学,2019-07-03,6.42,6.44,6.31,6.35,6.42,1690000.0,10706416.0,2571750000.0,2703910098.9,94136372.13000001,-107772392.92,1648009463.58,1918439706.53,270430242.95,26343648.73,521.34,412.63,103.64,181.8,445.67,476.21,0.0,0.0,,,,,,,基础化工,化学制品,其他化学制品,6.34,6.35,6.32
sz300214,日科化学,2019-07-04,6.34,6.52,6.3,6.45,6.35,2610101.0,16740255.0,2612250000.0,2746491360.3,94136372.13000001,-107772392.92,1648009463.58,1918439706.53,270430242.95,26343648.73,815.85,623.46,235.33,388.97,622.85,625.15,0.0,36.44,,,,,,,基础化工,化学制品,其他化学制品,6.4,6.46,6.43
sz300214,日科化学,2019-07-05,6.42,6.47,6.34,6.37,6.45,1588102.0,10133927.0,2579850000.0,2712426351.18,94136372.13000001,-107772392.92,1648009463.58,1918439706.53,270430242.95,26343648.73,433.82,338.88,75.86,248.93,503.72,425.58,0.0,0.0,,,,,,,基础化工,化学制品,其他化学制品,6.44,6.35,6.36
sz300214,日科化学,2019-07-08,6.42,6.42,6.2,6.3,6.37,3471600.0,21757695.0,2551500000.0,2682619468.2,94136372.13000001,-107772392.92,1648009463.58,1918439706.53,270430242.95,26343648.73,894.0,809.19,162.91,359.96,1118.86,877.99,0.0,128.63,,,,,,,基础化工,化学制品,其他化学制品,6.34,6.31,6.31
sz300214,日科化学,2019-07-09,6.3,6.35,6.17,6.32,6.3,2187900.0,13697924.0,2559600000.0,2691135720.48,94136372.13000001,-107772392.92,1648009463.58,1918439706.53,270430242.95,26343648.73,486.26,560.12,0.0,199.76,883.53,609.91,0.0,0.0,,,,,,,基础化工,化学制品,其他化学制品,6.3,6.27,6.24
sz300214,日科化学,2019-07-10,6.33,6.47,6.29,6.34,6.32,2697167.0,17211175.0,2567700000.0,2699651972.76,94136372.13000001,-107772392.92,1648009463.58,1918439706.53,270430242.95,26343648.73,961.53,925.01,173.55,194.59,586.03,601.52,0.0,0.0,,,,,,,基础化工,化学制品,其他化学制品,6.36,6.32,6.33
sz300214,日科化学,2019-07-11,6.37,6.47,6.33,6.37,6.34,1807400.0,11541378.0,2579850000.0,2712426351.18,94136372.13000001,-107772392.92,1648009463.58,1918439706.53,270430242.95,26343648.73,522.25,564.7,68.44,175.52,563.44,413.91,0.0,0.0,,,,,,,基础化工,化学制品,其他化学制品,6.4,6.39,6.46
sz300214,日科化学,2019-07-12,6.45,6.68,6.36,6.66,6.37,4554900.0,29747809.0,2697300000.0,2835912009.24,94136372.13000001,-107772392.92,1648009463.58,1918439706.53,270430242.95,26343648.73,1575.22,1448.38,427.74,447.96,971.82,1042.0,0.0,36.43,,,,,,,基础化工,化学制品,其他化学制品,6.42,6.37,6.46
sz300214,日科化学,2019-07-15,6.51,6.63,6.47,6.56,6.66,4135900.0,27082212.0,2656800000.0,2793330747.84,94136372.13000001,-107772392.92,1648009463.58,1918439706.53,270430242.95,26343648.73,1371.43,907.86,241.34,185.0,1095.45,1615.35,0.0,0.0,,,,,,,基础化工,化学制品,其他化学制品,6.49,6.49,6.52
sz300214,日科化学,2019-07-16,6.58,6.65,6.5,6.53,6.56,3036702.0,19892351.0,2644650000.0,2780556369.42,94136372.13000001,-107772392.92,1648009463.58,1918439706.53,270430242.95,26343648.73,891.19,766.0,466.62,359.75,631.42,863.49,0.0,0.0,,,,,,,基础化工,化学制品,其他化学制品,6.6,6.62,6.59
sz300214,日科化学,2019-07-17,6.55,7.0,6.51,6.89,6.53,7000879.0,47558373.0,2790450000.0,2933848910.46,94136372.13000001,-107772392.92,1648009463.58,1918439706.53,270430242.95,26343648.73,2069.71,1999.17,1070.23,816.5,1569.74,1940.16,46.15,0.0,,,,,,,基础化工,化学制品,其他化学制品,6.62,6.68,6.64
sz300214,日科化学,2019-07-18,6.99,6.99,6.7,6.72,6.89,4870078.0,33097871.0,2721600000.0,2861460766.08,94136372.13000001,-107772392.92,1648009463.58,1918439706.53,270430242.95,26343648.73,1361.01,1129.67,884.83,626.77,1063.94,1328.18,0.0,225.16,,,,,,,基础化工,化学制品,其他化学制品,6.9,6.83,6.84
sz300214,日科化学,2019-07-19,6.8,6.88,6.75,6.85,6.72,2586700.0,17635890.0,2774250000.0,2916816405.9,94136372.13000001,-107772392.92,1648009463.58,1918439706.53,270430242.95,26343648.73,768.51,630.81,485.0,220.79,510.09,911.99,0.0,0.0,,,,,,,基础化工,化学制品,其他化学制品,6.79,6.77,6.86
sz300214,日科化学,2019-07-22,6.86,6.95,6.77,6.88,6.85,4048820.0,27821007.0,2786400000.0,2929590784.32,94136372.13000001,-107772392.92,1648009463.58,1918439706.53,270430242.95,26343648.73,1366.93,1082.28,600.82,745.91,812.08,880.05,0.0,71.6,,,,,,,基础化工,化学制品,其他化学制品,6.92,6.85,6.84
sz300214,日科化学,2019-07-23,6.88,7.08,6.83,7.06,6.88,3313278.0,23108831.0,2859300000.0,3006237054.84,94136372.13000001,-107772392.92,1648009463.58,1918439706.53,270430242.95,26343648.73,1178.08,1045.79,396.29,401.37,736.51,863.72,0.0,0.0,,,,,,,基础化工,化学制品,其他化学制品,6.9,6.9,6.95
sz300214,日科化学,2019-07-24,7.06,7.21,7.02,7.17,7.06,4463500.0,31920025.0,2903850000.0,3053076442.38,94136372.13000001,-107772392.92,1648009463.58,1918439706.53,270430242.95,26343648.73,1175.56,1347.04,1017.98,819.87,768.95,1025.09,229.51,0.0,,,,,,,基础化工,化学制品,其他化学制品,7.05,7.08,7.09
sz300214,日科化学,2019-07-25,7.13,7.25,7.07,7.11,7.17,3254201.0,23242450.0,2879550000.0,3027527685.54,94136372.13000001,-107772392.92,1648009463.58,1918439706.53,270430242.95,26343648.73,967.25,1100.45,444.28,655.43,912.72,568.36,0.0,0.0,,,,,,,基础化工,化学制品,其他化学制品,7.2,7.17,7.15
sz300214,日科化学,2019-07-26,7.14,7.19,7.08,7.14,7.11,2685500.0,19171033.0,2891700000.0,3040302063.96,94136372.13000001,-107772392.92,1648009463.58,1918439706.53,270430242.95,26343648.73,818.5,859.19,245.7,489.68,852.9,568.23,0.0,0.0,,,,,,,基础化工,化学制品,其他化学制品,7.12,7.17,7.17
sz300214,日科化学,2019-07-29,7.3,7.3,7.13,7.19,7.14,3646523.0,26291395.0,2911950000.0,3061592694.66,94136372.13000001,-107772392.92,1648009463.58,1918439706.53,270430242.95,26343648.73,1204.56,910.34,394.64,600.11,1029.94,885.21,0.0,233.48,,,,,,,基础化工,化学制品,其他化学制品,7.23,7.25,7.23
sz300214,日科化学,2019-07-30,7.16,7.35,7.14,7.33,7.19,3298174.0,24028866.0,2968650000.0,3121206460.62,94136372.13000001,-107772392.92,1648009463.58,1918439706.53,270430242.95,26343648.73,969.63,895.86,459.08,597.93,859.82,909.09,114.35,0.0,,,,,,,基础化工,化学制品,其他化学制品,7.23,7.27,7.26
sz300214,日科化学,2019-07-31,7.27,7.36,7.08,7.17,7.33,4855318.0,34911340.0,2903850000.0,3053076442.38,94136372.13000001,-107772392.92,1648009463.58,1918439706.53,270430242.95,26343648.73,1399.95,1328.77,347.08,1378.52,1744.11,783.84,0.0,0.0,,,,,,,基础化工,化学制品,其他化学制品,7.3,7.3,7.3
sz300214,日科化学,2019-08-01,7.12,7.19,6.77,6.9,7.17,9058282.0,62834768.0,2794500000.0,2938107036.6,94136372.13000001,-107772392.92,1648009463.58,1918439706.53,270430242.95,26343648.73,2362.38,1637.83,1189.12,2643.58,2731.97,1467.84,0.0,534.22,,,,,,,基础化工,化学制品,其他化学制品,7.18,7.13,7.15
sz300214,日科化学,2019-08-02,6.8,7.02,6.72,6.91,6.9,5057604.0,34932714.0,2798550000.0,2942365162.74,94136372.13000001,-107772392.92,1648009463.58,1918439706.53,270430242.95,26343648.73,1464.66,1251.3,388.32,875.3,1640.29,1363.49,0.0,3.18,,,,,,,基础化工,化学制品,其他化学制品,6.78,6.9,6.92
sz300214,日科化学,2019-08-05,6.98,7.13,6.86,6.92,6.91,3901976.0,27251209.0,2802600000.0,2946623288.88,94136372.13000001,-107772392.92,1648009463.58,1918439706.53,270430242.95,26343648.73,1161.22,900.58,380.78,902.2,1074.0,922.34,109.12,0.0,,,,,,,基础化工,化学制品,其他化学制品,6.96,6.98,7.0
sz300214,日科化学,2019-08-06,7.0,7.0,6.5,6.68,6.92,5781519.0,38676829.0,2705400000.0,2844428261.52,94136372.13000001,-107772392.92,1648009463.58,1918439706.53,270430242.95,26343648.73,1638.28,1246.46,814.29,1057.03,1415.11,1218.06,0.0,346.13,,,,,,,基础化工,化学制品,其他化学制品,6.8,6.79,6.87
sz300214,日科化学,2019-08-07,6.8,6.94,6.71,6.87,6.68,4789478.0,32784941.0,2782350000.0,2925332658.18,94136372.13000001,-107772392.92,1648009463.58,1918439706.53,270430242.95,26343648.73,1198.46,1434.45,612.08,869.79,1467.96,974.25,0.0,0.0,,,,,,,基础化工,化学制品,其他化学制品,6.78,6.83,6.81
sz300214,日科化学,2019-08-08,6.92,6.96,6.85,6.91,6.87,3856062.0,26597891.0,2798550000.0,2942365162.74,94136372.13000001,-107772392.92,1648009463.58,1918439706.53,270430242.95,26343648.73,1032.49,1132.11,1119.27,762.71,508.02,764.97,0.0,0.0,,,,,,,基础化工,化学制品,其他化学制品,6.87,6.92,6.9
sz300214,日科化学,2019-08-09,6.88,6.99,6.75,6.8,6.91,2423600.0,16539447.0,2754000000.0,2895525775.2,94136372.13000001,-107772392.92,1648009463.58,1918439706.53,270430242.95,26343648.73,625.86,476.81,404.9,352.5,623.19,824.63,0.0,0.0,,,,,,,基础化工,化学制品,其他化学制品,6.89,6.86,6.87
sz300214,日科化学,2019-08-12,6.81,6.93,6.6,6.62,6.8,3982422.0,26606296.0,2681100000.0,2818879504.68,94136372.13000001,-107772392.92,1648009463.58,1918439706.53,270430242.95,26343648.73,1192.35,658.53,401.45,489.93,894.7,783.76,172.12,728.42,,,,,,,基础化工,化学制品,其他化学制品,6.84,6.8,6.79
sz300214,日科化学,2019-08-13,6.62,6.92,6.61,6.91,6.62,4712301.0,31852224.0,2798550000.0,2942365162.74,94136372.13000001,-107772392.92,1648009463.58,1918439706.53,270430242.95,26343648.73,1337.85,1342.05,547.92,706.48,1299.45,1136.69,0.0,0.0,,,,,,,基础化工,化学制品,其他化学制品,6.66,6.63,6.69
sz300214,日科化学,2019-08-14,6.93,7.06,6.88,6.93,6.91,4792902.0,33391903.0,2806650000.0,2950881415.02,94136372.13000001,-107772392.92,1648009463.58,1918439706.53,270430242.95,26343648.73,1186.26,905.96,1263.17,1023.96,783.11,1228.3,106.64,180.96,,,,,,,基础化工,化学制品,其他化学制品,6.97,7.02,7.02
sz300214,日科化学,2019-08-15,6.8,6.89,6.69,6.85,6.93,5190371.0,35165223.0,2774250000.0,2916816405.9,94136372.13000001,-107772392.92,1648009463.58,1918439706.53,270430242.95,26343648.73,1457.97,1201.31,999.63,961.2,1058.92,1354.02,0.0,0.0,,,,,,,基础化工,化学制品,其他化学制品,6.82,6.83,6.81
sz300214,日科化学,2019-08-16,6.87,6.89,6.66,6.74,6.85,3699208.0,25046931.0,2729700000.0,2869977018.36,94136372.13000001,-107772392.92,1648009463.58,1918439706.53,270430242.95,26343648.73,1174.57,864.57,229.34,411.83,1100.79,1228.29,0.0,0.0,,,,,,,基础化工,化学制品,其他化学制品,6.82,6.8,6.81
sz300214,日科化学,2019-08-19,6.81,6.87,6.74,6.86,6.74,3382955.0,23037861.0,2778300000.0,2921074532.04,94136372.13000001,-107772392.92,1648009463.58,1918439706.53,270430242.95,26343648.73,842.99,837.74,628.23,316.75,695.72,1149.3,136.84,0.0,,,,,,,基础化工,化学制品,其他化学制品,6.78,6.81,6.78
sz300214,日科化学,2019-08-20,6.84,6.9,6.69,6.74,6.86,3661122.0,24766173.0,2729700000.0,2869977018.36,94136372.13000001,-107772392.92,1648009463.58,1918439706.53,270430242.95,26343648.73,963.67,678.82,682.89,995.54,784.93,612.89,0.0,144.24,,,,,,,基础化工,化学制品,其他化学制品,6.82,6.78,6.8
sz300214,日科化学,2019-08-21,6.74,6.82,6.69,6.74,6.74,2133365.0,14390167.0,2729700000.0,2869977018.36,94136372.13000001,-107772392.92,1648009463.58,1918439706.53,270430242.95,26343648.73,651.48,628.76,300.67,333.24,486.86,477.02,0.0,0.0,,,,,,,基础化工,化学制品,其他化学制品,6.72,6.76,6.76
sz300214,日科化学,2019-08-22,6.74,7.01,6.51,6.79,6.74,5661824.0,37509241.0,2749950000.0,2891267649.06,94136372.13000001,-107772392.92,1648009463.58,1918439706.53,270430242.95,26343648.73,1426.49,1403.31,533.28,984.87,1434.12,791.19,357.04,571.55,,,,,,,基础化工,化学制品,其他化学制品,6.7,6.62,6.61
sz300214,日科化学,2019-08-23,6.79,6.79,6.58,6.64,6.79,4053924.0,26912887.0,2689200000.0,2827395756.96,94136372.13000001,-107772392.92,1648009463.58,1918439706.53,270430242.95,26343648.73,1434.29,607.21,651.53,447.42,605.47,1323.38,0.0,313.28,,,,,,,基础化工,化学制品,其他化学制品,6.63,6.64,6.63
sz300214,日科化学,2019-08-26,6.62,6.69,6.53,6.64,6.64,3107251.0,20570715.0,2689200000.0,2827395756.96,94136372.13000001,-107772392.92,1648009463.58,1918439706.53,270430242.95,26343648.73,640.24,567.05,909.62,1037.52,448.73,452.51,58.48,0.0,,,,,,,基础化工,化学制品,其他化学制品,6.57,6.68,6.65
sz300214,日科化学,2019-08-27,6.61,6.75,6.61,6.7,6.64,2109000.0,14109978.0,2713500000.0,2852944513.8,94136372.13000001,-107772392.92,1648009463.58,1918439706.53,270430242.95,26343648.73,567.5,596.63,502.41,392.36,341.09,422.01,0.0,0.0,,,,,,,基础化工,化学制品,其他化学制品,6.66,6.64,6.68
sz300214,日科化学,2019-08-28,6.72,6.87,6.7,6.84,6.7,3110400.0,21165221.0,2770200000.0,2912558279.76,94136372.13000001,-107772392.92,1648009463.58,1918439706.53,270430242.95,26343648.73,654.28,1092.39,713.58,192.67,744.76,827.57,0.0,0.0,,,,,,,基础化工,化学制品,其他化学制品,6.72,6.73,6.73
sz300214,日科化学,2019-08-29,6.81,6.88,6.79,6.87,6.84,2298725.0,15743955.0,2782350000.0,2925332658.18,94136372.13000001,-107772392.92,1648009463.58,1918439706.53,270430242.95,26343648.73,619.14,707.51,372.47,382.92,582.78,483.96,0.0,0.0,,,,,,,基础化工,化学制品,其他化学制品,6.8,6.86,6.86
sz300214,日科化学,2019-08-30,6.97,7.03,6.84,6.96,6.87,4950719.0,34386002.0,2818800000.0,2963655793.44,114960871.04000002,-77055030.02,1670901607.93,1909616895.19,238715287.26,44117220.06,1300.69,1389.05,1137.65,927.56,1000.26,872.63,0.0,249.36,,,,,,,基础化工,化学制品,其他化学制品,6.88,6.99,7.01
sz300214,日科化学,2019-09-02,6.97,7.25,6.97,7.2,6.96,5114009.0,36568633.0,2916000000.0,3065850820.8,114960871.04000002,-77055030.02,1670901607.93,1909616895.19,238715287.26,44117220.06,976.37,1364.9,1534.54,705.14,1145.95,1481.63,0.0,105.19,,,,,,,基础化工,化学制品,其他化学制品,7.05,7.14,7.12
sz300214,日科化学,2019-09-03,7.88,7.92,7.57,7.63,7.2,15228933.0,117748248.0,3090150000.0,3248950244.82,114960871.04000002,-77055030.02,1670901607.93,1909616895.19,238715287.26,44117220.06,3223.52,4577.37,4263.71,4017.04,2101.13,2878.09,2186.47,302.32,,,,,,,基础化工,化学制品,其他化学制品,7.72,7.68,7.7
sz300214,日科化学,2019-09-04,7.62,7.7,7.3,7.44,7.63,8861370.0,66141616.0,3013200000.0,3168045848.16,114960871.04000002,-77055030.02,1670901607.93,1909616895.19,238715287.26,44117220.06,2164.29,1701.2,2137.1,3027.04,1795.18,1447.25,517.59,438.67,,,,,,,基础化工,化学制品,其他化学制品,7.63,7.48,7.43
sz300214,日科化学,2019-09-05,7.72,8.05,7.15,7.39,7.44,20287448.0,153890509.0,2992950000.0,3146755217.46,114960871.04000002,-77055030.02,1670901607.93,1909616895.19,238715287.26,44117220.06,4808.81,4766.75,4578.47,4691.46,4949.09,3205.39,1052.67,2725.45,,,,,,,基础化工,化学制品,其他化学制品,7.82,7.81,7.82
sz300214,日科化学,2019-09-06,7.25,7.34,6.86,6.89,7.39,26339978.0,185510381.0,2790450000.0,2933848910.46,114960871.04000002,-77055030.02,1670901607.93,1909616895.19,238715287.26,44117220.06,6566.58,5719.1,5642.07,7517.02,6210.03,2390.97,132.35,2923.94,,,,,,,基础化工,化学制品,其他化学制品,7.06,7.14,7.2
sz300214,日科化学,2019-09-09,6.98,7.05,6.86,7.01,6.89,10488161.0,72733421.0,2839050000.0,2984946424.14,114960871.04000002,-77055030.02,1670901607.93,1909616895.19,238715287.26,44117220.06,2530.82,2276.07,2710.97,2397.01,1993.59,2335.83,37.96,264.44,,,,,,,基础化工,化学制品,其他化学制品,6.94,6.9,6.94
sz300214,日科化学,2019-09-10,7.18,7.18,7.0,7.07,7.01,6538568.0,46127078.0,2863350000.0,3010495180.98,114960871.04000002,-77055030.02,1670901607.93,1909616895.19,238715287.26,44117220.06,1824.34,1582.72,918.63,1498.63,1562.31,1307.98,201.04,116.99,,,,,,,基础化工,化学制品,其他化学制品,7.09,7.05,7.03
sz300214,日科化学,2019-09-11,7.11,7.78,7.06,7.78,7.07,16254678.0,121874555.0,3150900000.0,3312822136.92,114960871.04000002,-77055030.02,1670901607.93,1909616895.19,238715287.26,44117220.06,3369.88,4675.92,3353.94,2794.29,2583.63,4286.59,2880.0,430.65,,,,,,,基础化工,化学制品,其他化学制品,7.15,7.11,7.18
sz300214,日科化学,2019-09-12,8.03,8.28,7.51,7.9,7.78,22323051.0,176949095.0,3199500000.0,3363919650.6,114960871.04000002,-77055030.02,1670901607.93,1909616895.19,238715287.26,44117220.06,6628.94,6414.58,4268.43,5541.33,6562.03,4573.72,235.5,1165.28,,,,,,,基础化工,化学制品,其他化学制品,8.14,8.06,8.02
sz300214,日科化学,2019-09-16,7.9,7.97,7.7,7.91,7.9,10261825.0,80371560.0,3203550000.0,3368177776.74,114960871.04000002,-77055030.02,1670901607.93,1909616895.19,238715287.26,44117220.06,2818.45,3228.66,2183.65,1851.64,2746.42,2956.85,288.64,0.0,,,,,,,基础化工,化学制品,其他化学制品,7.75,7.74,7.8
sz300214,日科化学,2019-09-17,7.8,7.88,7.59,7.61,7.91,8956177.0,68919968.0,3082050000.0,3240433992.54,114960871.04000002,-77055030.02,1670901607.93,1909616895.19,238715287.26,44117220.06,1965.23,1964.66,2962.39,1649.04,1964.37,2022.16,0.0,1256.13,,,,,,,基础化工,化学制品,其他化学制品,7.8,7.77,7.75
sz300214,日科化学,2019-09-18,7.62,8.0,7.62,7.81,7.61,7425435.0,58339235.0,3163050000.0,3325596515.34,114960871.04000002,-77055030.02,1670901607.93,1909616895.19,238715287.26,44117220.06,1857.28,2127.29,1678.58,1193.89,1447.02,2202.72,847.9,306.88,,,,,,,基础化工,化学制品,其他化学制品,7.75,7.89,7.88
sz300214,日科化学,2019-09-19,7.83,8.44,7.83,8.43,7.81,21049248.0,174018376.0,3414150000.0,3589600336.02,114960871.04000002,-77055030.02,1670901607.93,1909616895.19,238715287.26,44117220.06,5563.09,6827.24,4698.09,6085.75,4446.47,4135.59,2694.18,353.25,,,,,,,基础化工,化学制品,其他化学制品,7.88,7.99,8.23
sz300214,日科化学,2019-09-20,8.6,8.85,8.4,8.6,8.43,23884394.0,206376814.0,3483000000.0,3661988480.4,114960871.04000002,-77055030.02,1670901607.93,1909616895.19,238715287.26,44117220.06,7536.24,8073.52,6724.98,7862.48,5311.54,4006.7,1064.92,694.98,,,,,,,基础化工,化学制品,其他化学制品,8.57,8.57,8.73
sz300214,日科化学,2019-09-23,8.77,8.8,8.52,8.64,8.6,11523770.0,99762509.0,3499200000.0,3679020984.96,114960871.04000002,-77055030.02,1670901607.93,1909616895.19,238715287.26,44117220.06,4059.76,3674.89,2657.82,3235.59,3024.87,2812.82,233.8,252.95,,,,,,,基础化工,化学制品,其他化学制品,8.7,8.57,8.58
sz300214,日科化学,2019-09-24,8.8,8.88,8.45,8.56,8.64,9229001.0,79913238.0,3466800000.0,3644955975.84,114960871.04000002,-77055030.02,1670901607.93,1909616895.19,238715287.26,44117220.06,3611.77,2812.29,1838.89,2589.07,2326.66,2452.36,214.0,137.61,,,,,,,基础化工,化学制品,其他化学制品,8.76,8.83,8.72
sz300214,日科化学,2019-09-25,8.61,8.86,8.31,8.4,8.56,11675736.0,100274981.0,3402000000.0,3576825957.6,114960871.04000002,-77055030.02,1670901607.93,1909616895.19,238715287.26,44117220.06,3998.11,3592.96,1870.5,3539.18,3494.17,2791.05,664.71,104.3,,,,,,,基础化工,化学制品,其他化学制品,8.59,8.59,8.6
sz300214,日科化学,2019-09-26,8.48,8.55,8.26,8.28,8.4,9202561.0,76849857.0,3353400000.0,3525728443.92,114960871.04000002,-77055030.02,1670901607.93,1909616895.19,238715287.26,44117220.06,3053.49,3410.23,1453.5,1842.86,3074.41,1938.03,103.58,493.86,,,,,,,基础化工,化学制品,其他化学制品,8.48,8.42,8.44
sz300214,日科化学,2019-09-27,8.26,8.62,8.26,8.45,8.28,7010259.0,59472893.0,3422250000.0,3598116588.3,114960871.04000002,-77055030.02,1670901607.93,1909616895.19,238715287.26,44117220.06,2527.94,2662.34,1332.35,1304.76,1970.55,1775.21,116.45,204.98,,,,,,,基础化工,化学制品,其他化学制品,8.39,8.49,8.53
sz300214,日科化学,2019-09-30,8.53,8.53,8.17,8.37,8.45,5260670.0,43865616.0,3389850000.0,3564051579.18,114960871.04000002,-77055030.02,1670901607.93,1909616895.19,238715287.26,44117220.06,1571.49,1681.39,1422.15,813.12,1266.92,1708.46,126.0,183.59,,,,,,,基础化工,化学制品,其他化学制品,8.43,8.42,8.39
sz300214,日科化学,2019-10-08,8.4,8.45,8.15,8.21,8.37,7735518.0,64045340.0,3325050000.0,3495921560.94,114960871.04000002,-77055030.02,1670901607.93,1909616895.19,238715287.26,44117220.06,2258.87,2579.8,2175.93,1426.43,1969.73,1927.05,0.0,471.25,,,,,,,基础化工,化学制品,其他化学制品,8.35,8.4,8.39
sz300214,日科化学,2019-10-09,8.16,8.53,8.01,8.49,8.21,7151200.0,59695328.0,3438450000.0,3615149092.86,114960871.04000002,-77055030.02,1670901607.93,1909616895.19,238715287.26,44117220.06,2867.82,2787.55,922.37,1319.17,2162.26,1699.38,17.09,163.43,,,,,,,基础化工,化学制品,其他化学制品,8.12,8.23,8.3
sz300214,日科化学,2019-10-10,8.48,8.54,8.36,8.43,8.49,5352332.0,45106070.0,3414150000.0,3589600336.02,114960871.04000002,-77055030.02,1670901607.93,1909616895.19,238715287.26,44117220.06,2147.96,1681.5,1059.07,563.93,1303.58,2265.18,0.0,0.0,,,,,,,基础化工,化学制品,其他化学制品,8.52,8.49,8.49
sz300214,日科化学,2019-10-11,8.49,8.65,8.33,8.44,8.43,8493800.0,71936822.0,3418200000.0,3593858462.16,114960871.04000002,-77055030.02,1670901607.93,1909616895.19,238715287.26,44117220.06,3332.91,2283.09,2154.52,868.29,1706.25,2757.57,0.0,1284.74,,,,,,,基础化工,化学制品,其他化学制品,8.45,8.64,8.56
sz300214,日科化学,2019-10-14,8.58,9.28,8.36,9.28,8.44,17761755.0,157357168.0,3758400000.0,3951541057.92,114960871.04000002,-77055030.02,1670901607.93,1909616895.19,238715287.26,44117220.06,4553.32,7340.96,4851.52,4189.2,2624.01,3462.65,3706.86,742.9,,,,,,,基础化工,化学制品,其他化学制品,8.47,8.41,8.44
sz300214,日科化学,2019-10-15,9.01,9.34,8.93,9.18,9.28,10930276.0,100315891.0,3717900000.0,3908959796.52,114960871.04000002,-77055030.02,1670901607.93,1909616895.19,238715287.26,44117220.06,4055.23,4299.55,2280.8,2091.56,3140.39,3319.22,555.17,321.25,,,,,,,基础化工,化学制品,其他化学制品,9.22,9.17,9.23
sz300214,日科化学,2019-10-16,9.23,9.31,9.07,9.3,9.18,7846638.0,72132218.0,3766500000.0,3960057310.2,114960871.04000002,-77055030.02,1670901607.93,1909616895.19,238715287.26,44117220.06,3146.68,2975.74,1916.36,1499.36,2105.88,2113.61,19.87,600.09,,,,,,,基础化工,化学制品,其他化学制品,9.27,9.29,9.18
sz300214,日科化学,2019-10-17,9.32,10.2,9.32,10.02,9.3,21614180.0,212951566.0,4058100000.0,4266642392.28,114960871.04000002,-77055030.02,1670901607.93,1909616895.19,238715287.26,44117220.06,7686.0,8879.69,8031.97,6961.3,4275.08,4332.38,1301.81,1121.5,,,,,,,基础化工,化学制品,其他化学制品,9.55,9.7,9.7
sz300214,日科化学,2019-10-18,9.97,10.16,9.79,9.81,10.02,12631676.0,125731746.0,3973050000.0,4177221743.34,114960871.04000002,-77055030.02,1670901607.93,1909616895.19,238715287.26,44117220.06,5116.72,4759.18,3061.98,3994.62,3990.16,2617.55,402.54,1200.05,,,,,,,基础化工,化学制品,其他化学制品,9.93,10.06,10.04
sz300214,日科化学,2019-10-21,9.7,9.97,9.4,9.77,9.81,9377763.0,91152199.0,3956850000.0,4160189238.78,114960871.04000002,-77055030.02,1670901607.93,1909616895.19,238715287.26,44117220.06,4127.46,3439.43,1970.93,3044.3,2833.74,2197.66,183.09,433.82,,,,,,,基础化工,化学制品,其他化学制品,9.89,9.65,9.63
sz300214,日科化学,2019-10-22,9.68,10.29,9.68,10.28,9.77,13735724.0,137991949.0,4163400000.0,4377353671.92,114960871.04000002,-77055030.02,1670901607.93,1909616895.19,238715287.26,44117220.06,5235.88,5279.84,3452.21,4252.54,3494.89,3749.99,1616.22,516.83,,,,,,,基础化工,化学制品,其他化学制品,9.84,10.05,10.01
sz300214,日科化学,2019-10-23,10.19,10.35,9.98,10.14,10.28,9072977.0,92344125.0,4106700000.0,4317739905.96,114960871.04000002,-77055030.02,1670901607.93,1909616895.19,238715287.26,44117220.06,3888.41,3539.6,1990.16,2721.17,2465.78,2718.19,890.05,255.46,,,,,,,基础化工,化学制品,其他化学制品,10.2,10.28,10.18
sz300214,日科化学,2019-10-24,10.02,10.17,9.61,9.96,10.14,10905700.0,107895526.0,4033800000.0,4241093635.44,114960871.04000002,-77055030.02,1670901607.93,1909616895.19,238715287.26,44117220.06,4901.63,4811.24,1784.62,3469.49,3906.5,1712.45,196.8,796.38,,,,,,,基础化工,化学制品,其他化学制品,10.15,10.06,10.06
sz300214,日科化学,2019-10-25,9.98,9.98,9.08,9.26,9.96,19090042.0,178692782.0,3750300000.0,3943024805.64,134343986.39000005,23709015.150000006,1698398416.73,1928253805.02,229855388.29,46935399.19,6877.16,6143.41,5253.33,5734.75,5612.56,3114.89,126.23,2876.22,,,,,,,基础化工,化学制品,其他化学制品,9.76,9.71,9.71
sz300214,日科化学,2019-10-28,8.93,9.66,8.93,9.56,9.26,12629869.0,118936337.0,3871800000.0,4070768589.84,134343986.39000005,23709015.150000006,1698398416.73,1928253805.02,229855388.29,46935399.19,4495.59,5090.91,2516.77,3667.8,4540.94,2995.36,340.33,139.56,,,,,,,基础化工,化学制品,其他化学制品,9.31,9.42,9.32
sz300214,日科化学,2019-10-29,9.31,9.69,9.11,9.13,9.56,10719942.0,100496423.0,3697650000.0,3887669165.82,134343986.39000005,23709015.150000006,1698398416.73,1928253805.02,229855388.29,46935399.19,3920.47,3845.65,1485.67,2800.46,4541.76,3017.21,101.75,386.32,,,,,,,基础化工,化学制品,其他化学制品,9.66,9.55,9.6
sz300214,日科化学,2019-10-30,9.13,9.3,8.98,9.05,9.13,8341142.0,75844707.0,3665250000.0,3853604156.7,134343986.39000005,23709015.150000006,1698398416.73,1928253805.02,229855388.29,46935399.19,3415.58,2870.66,953.98,1408.51,3214.9,3016.89,0.0,288.39,,,,,,,基础化工,化学制品,其他化学制品,9.24,9.21,9.23
sz300214,日科化学,2019-10-31,9.15,9.17,8.82,8.95,9.05,6166808.0,55351209.0,3624750000.0,3811022895.3,134343986.39000005,23709015.150000006,1698398416.73,1928253805.02,229855388.29,46935399.19,2699.92,2300.37,755.35,1134.6,2079.86,2100.16,0.0,0.0,,,,,,,基础化工,化学制品,其他化学制品,9.06,8.98,9.02
sz300214,日科化学,2019-11-01,8.95,9.56,8.95,9.27,8.95,13775304.0,128875999.0,3754350000.0,3947282931.78,134343986.39000005,23709015.150000006,1698398416.73,1928253805.02,229855388.29,46935399.19,5368.04,6325.22,3488.92,3039.04,3821.27,3457.95,209.37,65.39,,,,,,,基础化工,化学制品,其他化学制品,9.26,9.26,9.42
sz300214,日科化学,2019-11-04,9.26,9.31,8.9,9.03,9.27,11903524.0,107908388.0,3657150000.0,3845087904.42,134343986.39000005,23709015.150000006,1698398416.73,1928253805.02,229855388.29,46935399.19,5008.47,3168.88,1976.98,2314.66,3805.38,4472.61,0.0,834.69,,,,,,,基础化工,化学制品,其他化学制品,9.17,9.14,9.16
sz300214,日科化学,2019-11-05,9.0,9.01,8.2,8.53,9.03,22068244.0,188080378.0,3454650000.0,3632181597.42,134343986.39000005,23709015.150000006,1698398416.73,1928253805.02,229855388.29,46935399.19,7688.93,7362.67,4819.79,6624.93,5553.49,3938.13,745.82,882.3,,,,,,,基础化工,化学制品,其他化学制品,8.67,8.43,8.49
sz300214,日科化学,2019-11-06,8.5,9.01,8.43,8.62,8.53,14628300.0,128672939.0,3491100000.0,3670504732.68,134343986.39000005,23709015.150000006,1698398416.73,1928253805.02,229855388.29,46935399.19,5164.33,5259.84,2018.75,3655.78,5645.24,3546.52,38.97,405.15,,,,,,,基础化工,化学制品,其他化学制品,8.84,8.85,8.84
sz300214,日科化学,2019-11-07,8.53,8.76,8.4,8.51,8.62,9754380.0,83390312.0,3446550000.0,3623665345.14,134343986.39000005,23709015.150000006,1698398416.73,1928253805.02,229855388.29,46935399.19,3101.26,2239.57,1702.5,2684.86,3535.28,3414.6,0.0,0.0,,,,,,,基础化工,化学制品,其他化学制品,8.71,8.57,8.53
sz300214,日科化学,2019-11-08,8.69,8.69,8.45,8.51,8.51,6504200.0,55610781.0,3446550000.0,3623665345.14,134343986.39000005,23709015.150000006,1698398416.73,1928253805.02,229855388.29,46935399.19,1781.72,1470.88,1150.97,895.51,1622.13,2049.39,0.0,139.04,,,,,,,基础化工,化学制品,其他化学制品,8.55,8.56,8.63
sz300214,日科化学,2019-11-11,8.51,8.51,8.2,8.28,8.51,7222752.0,60330603.0,3353400000.0,3525728443.92,134343986.39000005,23709015.150000006,1698398416.73,1928253805.02,229855388.29,46935399.19,2512.12,2113.49,1751.06,1823.33,1636.39,1668.54,125.1,419.31,,,,,,,基础化工,化学制品,其他化学制品,8.4,8.39,8.36
sz300214,日科化学,2019-11-12,8.3,8.53,8.24,8.48,8.28,5759000.0,48259596.0,3434400000.0,3610890966.72,134343986.39000005,23709015.150000006,1698398416.73,1928253805.02,229855388.29,46935399.19,2088.28,1802.55,710.69,863.85,2026.99,1952.98,0.0,206.58,,,,,,,基础化工,化学制品,其他化学制品,8.33,8.31,8.33
sz300214,日科化学,2019-11-13,8.52,8.52,8.19,8.28,8.48,7865093.0,65250725.0,3353400000.0,3525728443.92,134343986.39000005,23709015.150000006,1698398416.73,1928253805.02,229855388.29,46935399.19,2568.15,2089.52,1343.06,1497.28,2448.32,2665.16,165.53,273.12,,,,,,,基础化工,化学制品,其他化学制品,8.42,8.41,8.36
sz300214,日科化学,2019-11-14,8.29,8.45,8.12,8.39,8.28,5409375.0,44958335.0,3397950000.0,3572567831.46,134343986.39000005,23709015.150000006,1698398416.73,1928253805.02,229855388.29,46935399.19,1891.48,1996.26,303.62,720.65,2300.73,1778.93,0.0,0.0,,,,,,,基础化工,化学制品,其他化学制品,8.31,8.29,8.29
sz300214,日科化学,2019-11-15,8.4,8.43,8.19,8.24,8.39,5246700.0,43336045.0,3337200000.0,3508695939.36,134343986.39000005,23709015.150000006,1698398416.73,1928253805.02,229855388.29,46935399.19,1609.68,1132.29,742.91,1036.91,1616.04,1836.32,364.98,328.08,,,,,,,基础化工,化学制品,其他化学制品,8.38,8.35,8.3
sz300214,日科化学,2019-11-18,8.15,8.34,8.13,8.26,8.24,5135817.0,42287395.0,3345300000.0,3517212191.64,134343986.39000005,23709015.150000006,1698398416.73,1928253805.02,229855388.29,46935399.19,1453.55,1436.36,1007.56,1198.97,1767.63,1593.4,0.0,0.0,,,,,,,基础化工,化学制品,其他化学制品,8.16,8.18,8.23
sz300214,日科化学,2019-11-19,8.26,8.42,8.2,8.41,8.26,5659793.0,47143618.0,3406050000.0,3581084083.74,134343986.39000005,23709015.150000006,1698398416.73,1928253805.02,229855388.29,46935399.19,1616.08,1930.57,1571.71,931.88,1401.17,1735.86,125.4,116.05,,,,,,,基础化工,化学制品,其他化学制品,8.23,8.26,8.3
sz300214,日科化学,2019-11-20,8.6,8.74,8.19,8.27,8.41,9518721.0,80152112.0,3349350000.0,3521470317.78,134343986.39000005,23709015.150000006,1698398416.73,1928253805.02,229855388.29,46935399.19,3741.99,2958.65,1649.86,1697.07,2514.39,3094.12,108.97,265.38,,,,,,,基础化工,化学制品,其他化学制品,8.64,8.57,8.49
sz300214,日科化学,2019-11-21,8.18,8.39,8.15,8.21,8.27,5004600.0,41347002.0,3325050000.0,3495921560.94,134343986.39000005,23709015.150000006,1698398416.73,1928253805.02,229855388.29,46935399.19,1298.74,1471.63,381.61,382.81,1868.46,1619.9,107.8,182.27,,,,,,,基础化工,化学制品,其他化学制品,8.23,8.25,8.33
sz300214,日科化学,2019-11-22,8.25,8.43,8.2,8.24,8.21,6559200.0,54488155.0,3337200000.0,3508695939.36,134343986.39000005,23709015.150000006,1698398416.73,1928253805.02,229855388.29,46935399.19,2413.0,2474.27,1117.47,939.95,1918.35,1833.63,0.0,200.97,,,,,,,基础化工,化学制品,其他化学制品,8.25,8.33,8.34
sz300214,日科化学,2019-11-25,8.15,8.3,8.02,8.28,8.24,5218771.0,42640834.0,3353400000.0,3525728443.92,134343986.39000005,23709015.150000006,1698398416.73,1928253805.02,229855388.29,46935399.19,1913.51,1535.86,667.68,1072.49,1572.94,1507.41,103.86,142.23,,,,,,,基础化工,化学制品,其他化学制品,8.18,8.16,8.05
sz300214,日科化学,2019-11-26,8.2,8.29,8.17,8.2,8.28,3692723.0,30344384.0,3321000000.0,3491663434.8,134343986.39000005,23709015.150000006,1698398416.73,1928253805.02,229855388.29,46935399.19,1215.08,899.72,712.49,744.21,1092.99,1376.63,0.0,0.0,,,,,,,基础化工,化学制品,其他化学制品,8.2,8.2,8.22
sz300214,日科化学,2019-11-27,8.12,8.23,8.11,8.12,8.2,2648777.0,21602796.0,3288600000.0,3457598425.68,134343986.39000005,23709015.150000006,1698398416.73,1928253805.02,229855388.29,46935399.19,941.29,680.01,388.23,478.23,830.76,885.26,0.0,116.77,,,,,,,基础化工,化学制品,其他化学制品,8.19,8.19,8.19
sz300214,日科化学,2019-11-28,8.17,8.18,7.98,8.04,8.12,4116313.0,33152728.0,3256200000.0,3423533416.56,134343986.39000005,23709015.150000006,1698398416.73,1928253805.02,229855388.29,46935399.19,1670.71,1059.07,449.77,1545.68,1194.8,710.52,0.0,0.0,,,,,,,基础化工,化学制品,其他化学制品,8.14,8.14,8.17
sz300214,日科化学,2019-11-29,8.07,8.15,7.89,8.1,8.04,4033300.0,32348089.0,3280500000.0,3449082173.4,134343986.39000005,23709015.150000006,1698398416.73,1928253805.02,229855388.29,46935399.19,1240.21,1302.23,134.04,520.99,1678.89,1374.97,145.04,0.0,,,,,,,基础化工,化学制品,其他化学制品,8.08,8.05,8.03
sz300214,日科化学,2019-12-02,8.14,8.24,7.97,8.01,8.1,4062478.0,32813630.0,3244050000.0,3410759038.14,134343986.39000005,23709015.150000006,1698398416.73,1928253805.02,229855388.29,46935399.19,1354.25,785.28,391.95,857.64,1535.16,1510.4,0.0,128.04,,,,,,,基础化工,化学制品,其他化学制品,8.15,8.17,8.22
sz300214,日科化学,2019-12-03,7.99,7.99,7.66,7.97,8.01,6162600.0,48416957.0,3227850000.0,3393726533.58,134343986.39000005,23709015.150000006,1698398416.73,1928253805.02,229855388.29,46935399.19,1789.65,2059.66,517.7,871.78,2534.34,1682.47,0.0,227.79,,,,,,,基础化工,化学制品,其他化学制品,7.94,7.95,7.95
sz300214,日科化学,2019-12-04,7.99,8.13,7.9,7.97,7.97,3977000.0,31815902.0,3227850000.0,3393726533.58,134343986.39000005,23709015.150000006,1698398416.73,1928253805.02,229855388.29,46935399.19,1109.52,1091.89,153.85,309.41,1918.22,1780.29,0.0,0.0,,,,,,,基础化工,化学制品,其他化学制品,8.08,8.09,8.06
sz300214,日科化学,2019-12-05,7.99,8.11,7.95,8.09,7.97,3670600.0,29501936.0,3276450000.0,3444824047.26,134343986.39000005,23709015.150000006,1698398416.73,1928253805.02,229855388.29,46935399.19,874.48,1008.14,569.6,290.25,1345.32,1331.53,160.8,320.28,,,,,,,基础化工,化学制品,其他化学制品,8.02,7.98,8.03
sz300214,日科化学,2019-12-06,8.02,8.13,8.01,8.07,8.09,3098618.0,24950025.0,3268350000.0,3436307794.98,134343986.39000005,23709015.150000006,1698398416.73,1928253805.02,229855388.29,46935399.19,985.91,737.69,357.37,565.97,1151.72,1191.33,0.0,0.0,,,,,,,基础化工,化学制品,其他化学制品,8.08,8.09,8.08
sz300214,日科化学,2019-12-09,8.12,8.21,8.02,8.13,8.07,3972818.0,32270799.0,3292650000.0,3461856551.82,134343986.39000005,23709015.150000006,1698398416.73,1928253805.02,229855388.29,46935399.19,1238.98,1113.36,472.96,536.96,1515.15,1530.33,0.0,46.42,,,,,,,基础化工,化学制品,其他化学制品,8.11,8.09,8.1
sz300214,日科化学,2019-12-10,8.16,8.16,7.96,8.03,8.13,4762718.0,38248121.0,3252150000.0,3419275290.42,134343986.39000005,23709015.150000006,1698398416.73,1928253805.02,229855388.29,46935399.19,1693.88,1405.51,346.98,1261.86,1783.96,1157.44,0.0,0.0,,,,,,,基础化工,化学制品,其他化学制品,8.09,8.1,8.04
sz300214,日科化学,2019-12-11,8.04,8.04,7.85,7.9,8.03,4325218.0,34322067.0,3199500000.0,3363919650.6,134343986.39000005,23709015.150000006,1698398416.73,1928253805.02,229855388.29,46935399.19,1365.04,900.72,464.21,970.62,1586.84,1343.18,16.12,217.69,,,,,,,基础化工,化学制品,其他化学制品,8.01,7.98,8.0
sz300214,日科化学,2019-12-12,7.9,7.98,7.82,7.83,7.9,2966602.0,23371405.0,3171150000.0,3334112767.62,134343986.39000005,23709015.150000006,1698398416.73,1928253805.02,229855388.29,46935399.19,913.7,779.55,425.29,523.5,998.15,1034.08,0.0,0.0,,,,,,,基础化工,化学制品,其他化学制品,7.91,7.9,7.92
sz300214,日科化学,2019-12-13,7.9,8.14,7.88,8.07,7.83,5296402.0,42619252.0,3268350000.0,3436307794.98,134343986.39000005,23709015.150000006,1698398416.73,1928253805.02,229855388.29,46935399.19,1662.41,1827.81,945.06,791.01,1654.46,1643.11,0.0,0.0,,,,,,,基础化工,化学制品,其他化学制品,7.93,7.97,8.01
sz300214,日科化学,2019-12-16,8.11,8.37,8.07,8.34,8.07,6061021.0,49974605.0,3377700000.0,3551277200.76,134343986.39000005,23709015.150000006,1698398416.73,1928253805.02,229855388.29,46935399.19,1465.98,2131.79,838.55,866.82,2476.13,1996.53,214.49,0.0,,,,,,,基础化工,化学制品,其他化学制品,8.13,8.27,8.18
sz300214,日科化学,2019-12-17,8.33,8.37,8.23,8.33,8.34,5707821.0,47366155.0,3373650000.0,3547019074.62,134343986.39000005,23709015.150000006,1698398416.73,1928253805.02,229855388.29,46935399.19,1942.6,1590.07,923.36,1262.13,1870.65,1636.75,0.0,247.66,,,,,,,基础化工,化学制品,其他化学制品,8.31,8.27,8.27
sz300214,日科化学,2019-12-18,8.3,8.48,8.28,8.34,8.33,4130600.0,34478839.0,3377700000.0,3551277200.76,134343986.39000005,23709015.150000006,1698398416.73,1928253805.02,229855388.29,46935399.19,1286.35,1434.01,580.18,440.37,1581.36,1573.51,0.0,0.0,,,,,,,基础化工,化学制品,其他化学制品,8.37,8.31,8.35
sz300214,日科化学,2019-12-19,8.34,8.37,8.25,8.33,8.34,2954100.0,24522991.0,3373650000.0,3547019074.62,134343986.39000005,23709015.150000006,1698398416.73,1928253805.02,229855388.29,46935399.19,1027.82,595.13,245.6,655.16,1178.87,1078.01,0.0,124.0,,,,,,,基础化工,化学制品,其他化学制品,8.34,8.3,8.27
sz300214,日科化学,2019-12-20,8.37,8.37,8.21,8.23,8.33,3561500.0,29477253.0,3333150000.0,3504437813.22,134343986.39000005,23709015.150000006,1698398416.73,1928253805.02,229855388.29,46935399.19,936.9,1098.29,629.58,605.44,1381.24,1244.0,0.0,0.0,,,,,,,基础化工,化学制品,其他化学制品,8.33,8.33,8.32
sz300214,日科化学,2019-12-23,8.23,8.27,8.01,8.04,8.23,4309705.0,34932421.0,3256200000.0,3423533416.56,134343986.39000005,23709015.150000006,1698398416.73,1928253805.02,229855388.29,46935399.19,1323.82,1014.04,518.03,1203.48,1651.39,1267.28,0.0,8.43,,,,,,,基础化工,化学制品,其他化学制品,8.16,8.15,8.09
sz300214,日科化学,2019-12-24,8.08,8.13,7.97,8.12,8.04,3617252.0,29166819.0,3288600000.0,3457598425.68,134343986.39000005,23709015.150000006,1698398416.73,1928253805.02,229855388.29,46935399.19,1031.6,1209.63,576.14,551.69,1308.94,1155.36,0.0,0.0,,,,,,,基础化工,化学制品,其他化学制品,8.05,8.05,8.01
sz300214,日科化学,2019-12-25,8.21,8.26,8.05,8.14,8.12,3735219.0,30472432.0,3296700000.0,3466114677.96,134343986.39000005,23709015.150000006,1698398416.73,1928253805.02,229855388.29,46935399.19,1167.68,1105.93,418.52,465.06,1461.04,1476.25,0.0,0.0,,,,,,,基础化工,化学制品,其他化学制品,8.18,8.17,8.25
sz300214,日科化学,2019-12-26,8.2,8.23,8.1,8.22,8.14,2818816.0,23007596.0,3329100000.0,3500179687.08,134343986.39000005,23709015.150000006,1698398416.73,1928253805.02,229855388.29,46935399.19,621.94,918.27,519.08,459.31,1159.74,923.17,0.0,0.0,,,,,,,基础化工,化学制品,其他化学制品,8.18,8.16,8.15
sz300214,日科化学,2019-12-27,8.18,8.25,8.02,8.05,8.22,3951477.0,32102348.0,3260250000.0,3427791542.7,134343986.39000005,23709015.150000006,1698398416.73,1928253805.02,229855388.29,46935399.19,1181.53,794.75,484.74,888.66,1543.96,1044.04,0.0,482.78,,,,,,,基础化工,化学制品,其他化学制品,8.22,8.22,8.21
sz300214,日科化学,2019-12-30,8.02,8.2,7.97,8.17,8.05,3579879.0,29021306.0,3308850000.0,3478889056.38,134343986.39000005,23709015.150000006,1698398416.73,1928253805.02,229855388.29,46935399.19,823.78,1134.43,543.87,413.55,1421.71,1126.48,112.76,227.68,,,,,,,基础化工,化学制品,其他化学制品,8.07,7.99,8.04
sz300214,日科化学,2019-12-31,8.19,8.38,8.16,8.3,8.17,4189995.0,34643966.0,3361500000.0,3534244696.2,134343986.39000005,23709015.150000006,1698398416.73,1928253805.02,229855388.29,46935399.19,1565.08,1476.55,429.89,447.95,1469.42,1539.89,0.0,0.0,,,,,,,基础化工,化学制品,其他化学制品,8.21,8.21,8.23
sz300214,日科化学,2020-01-02,8.5,8.5,8.36,8.48,8.3,6180500.0,52161434.0,3434400000.0,3610890966.72,134343986.39000005,23709015.150000006,1698398416.73,1928253805.02,229855388.29,46935399.19,1377.01,2088.89,1163.09,929.64,2676.04,1970.87,0.0,226.74,,,,,,,基础化工,化学制品,其他化学制品,8.41,8.39,8.43
sz300214,日科化学,2020-01-03,8.56,8.56,8.36,8.48,8.48,4237716.0,35821132.0,3434400000.0,3610890966.72,134343986.39000005,23709015.150000006,1698398416.73,1928253805.02,229855388.29,46935399.19,1274.34,1262.95,582.55,609.04,1718.99,1710.12,6.23,0.0,,,,,,,基础化工,化学制品,其他化学制品,8.5,8.49,8.43
sz300214,日科化学,2020-01-06,8.37,8.48,8.31,8.39,8.48,5288761.0,44360346.0,3397950000.0,3572567831.46,134343986.39000005,23709015.150000006,1698398416.73,1928253805.02,229855388.29,46935399.19,1916.84,1534.65,580.1,1298.15,1939.1,1478.19,0.0,125.05,,,,,,,基础化工,化学制品,其他化学制品,8.37,8.37,8.37
sz300214,日科化学,2020-01-07,8.44,9.16,8.41,8.93,8.39,12898989.0,114675940.0,3616650000.0,3802506643.02,134343986.39000005,23709015.150000006,1698398416.73,1928253805.02,229855388.29,46935399.19,4610.0,5073.0,2834.24,1840.13,4023.35,4554.46,0.0,0.0,,,,,,,基础化工,化学制品,其他化学制品,8.48,8.63,8.77
sz300214,日科化学,2020-01-08,8.83,8.93,8.63,8.67,8.93,7947321.0,69597050.0,3511350000.0,3691795363.38,134343986.39000005,23709015.150000006,1698398416.73,1928253805.02,229855388.29,46935399.19,3037.18,2361.01,1019.23,1631.08,2903.3,2967.62,0.0,0.0,,,,,,,基础化工,化学制品,其他化学制品,8.86,8.84,8.81
sz300214,日科化学,2020-01-09,8.76,8.97,8.69,8.94,8.67,6367864.0,56108570.0,3620700000.0,3806764769.16,134343986.39000005,23709015.150000006,1698398416.73,1928253805.02,229855388.29,46935399.19,1925.02,2238.1,1555.64,782.23,2130.2,2472.55,0.0,117.97,,,,,,,基础化工,化学制品,其他化学制品,8.71,8.75,8.75
sz300214,日科化学,2020-01-10,8.95,9.22,8.86,9.02,8.94,8291351.0,74882330.0,3653100000.0,3840829778.28,134343986.39000005,23709015.150000006,1698398416.73,1928253805.02,229855388.29,46935399.19,3085.74,2369.33,2294.54,2068.34,2107.94,2932.22,0.0,118.34,,,,,,,基础化工,化学制品,其他化学制品,8.9,8.94,9.08
sz300214,日科化学,2020-01-13,9.03,9.2,8.96,9.17,9.02,6392047.0,58041902.0,3713850000.0,3904701670.38,134343986.39000005,23709015.150000006,1698398416.73,1928253805.02,229855388.29,46935399.19,2205.09,2464.13,1600.79,1474.33,1823.34,1768.69,174.98,97.03,,,,,,,基础化工,化学制品,其他化学制品,9.06,9.14,9.05
sz300214,日科化学,2020-01-14,9.2,9.26,8.8,8.88,9.17,7551000.0,67826731.0,3596400000.0,3781216012.32,134343986.39000005,23709015.150000006,1698398416.73,1928253805.02,229855388.29,46935399.19,3176.81,2666.72,862.92,1758.64,2711.86,1857.99,31.08,499.32,,,,,,,基础化工,化学制品,其他化学制品,9.2,9.12,9.08
sz300214,日科化学,2020-01-15,8.92,9.03,8.83,8.9,8.88,3667900.0,32680832.0,3604500000.0,3789732264.6,134343986.39000005,23709015.150000006,1698398416.73,1928253805.02,229855388.29,46935399.19,1173.18,1645.52,340.92,519.39,1753.99,1103.17,0.0,0.0,,,,,,,基础化工,化学制品,其他化学制品,8.93,8.93,8.91
sz300214,日科化学,2020-01-16,8.9,8.96,8.84,8.88,8.9,2455258.0,21799489.0,3596400000.0,3781216012.32,134343986.39000005,23709015.150000006,1698398416.73,1928253805.02,229855388.29,46935399.19,1086.54,993.95,209.83,549.18,883.57,636.82,0.0,0.0,,,,,,,基础化工,化学制品,其他化学制品,8.91,8.86,8.92
sz300214,日科化学,2020-01-17,8.88,8.95,8.73,8.76,8.88,3120897.0,27550839.0,3547800000.0,3730118498.64,134343986.39000005,23709015.150000006,1698398416.73,1928253805.02,229855388.29,46935399.19,1243.2,942.19,278.91,588.76,1232.97,895.54,0.0,328.6,,,,,,,基础化工,化学制品,其他化学制品,8.92,8.89,8.93
sz300214,日科化学,2020-01-20,8.8,9.02,8.78,9.0,8.76,4779161.0,42683624.0,3645000000.0,3832313526.0,134343986.39000005,23709015.150000006,1698398416.73,1928253805.02,229855388.29,46935399.19,1358.53,1623.06,693.64,813.35,1991.61,1724.43,224.57,107.52,,,,,,,基础化工,化学制品,其他化学制品,8.81,8.8,8.85
sz300214,日科化学,2020-01-21,9.1,9.12,8.8,8.99,9.0,6898311.0,61732009.0,3640950000.0,3828055399.86,134343986.39000005,23709015.150000006,1698398416.73,1928253805.02,229855388.29,46935399.19,2515.41,2356.75,1730.92,1718.98,1926.88,1854.3,0.0,243.18,,,,,,,基础化工,化学制品,其他化学制品,8.89,8.86,8.9
sz300214,日科化学,2020-01-22,8.96,9.06,8.84,8.94,8.99,4607906.0,41270472.0,3620700000.0,3806764769.16,134343986.39000005,23709015.150000006,1698398416.73,1928253805.02,229855388.29,46935399.19,1581.72,1670.02,529.85,604.87,2015.48,1691.87,0.0,160.29,,,,,,,基础化工,化学制品,其他化学制品,8.91,8.85,8.88
sz300214,日科化学,2020-01-23,8.92,9.0,8.38,8.54,8.94,8440000.0,73238510.0,3458700000.0,3636439723.56,134343986.39000005,23709015.150000006,1698398416.73,1928253805.02,229855388.29,46935399.19,2885.53,2577.67,1615.67,2875.13,2441.98,1737.36,378.71,131.73,,,,,,,基础化工,化学制品,其他化学制品,8.89,8.86,8.99
sz300214,日科化学,2020-02-03,7.69,7.69,7.69,7.69,8.54,2217100.0,17049499.0,3114450000.0,3274499001.66,134343986.39000005,23709015.150000006,1698398416.73,1928253805.02,229855388.29,46935399.19,315.29,414.88,870.2,1104.67,290.91,128.5,218.78,47.14,,,,,,,基础化工,化学制品,其他化学制品,7.69,7.69,7.69
sz300214,日科化学,2020-02-04,7.11,7.65,7.11,7.52,7.69,8214370.0,61288585.0,3045600000.0,3202110857.28,134343986.39000005,23709015.150000006,1698398416.73,1928253805.02,229855388.29,46935399.19,2490.6,1891.82,1457.45,1697.98,2172.93,2287.16,7.88,251.9,,,,,,,基础化工,化学制品,其他化学制品,7.49,7.46,7.48
sz300214,日科化学,2020-02-05,7.63,7.94,7.54,7.75,7.52,7282564.0,56757648.0,3138750000.0,3300047758.5,134343986.39000005,23709015.150000006,1698398416.73,1928253805.02,229855388.29,46935399.19,1885.51,2130.68,776.82,1418.17,2875.92,1815.33,137.52,311.58,,,,,,,基础化工,化学制品,其他化学制品,7.72,7.78,7.77
sz300214,日科化学,2020-02-06,7.83,7.86,7.58,7.8,7.75,5814802.0,44970486.0,3159000000.0,3321338389.2,134343986.39000005,23709015.150000006,1698398416.73,1928253805.02,229855388.29,46935399.19,2119.64,1531.91,478.86,1364.83,1796.82,1561.22,62.63,0.0,,,,,,,基础化工,化学制品,其他化学制品,7.65,7.66,7.68
sz300214,日科化学,2020-02-07,7.8,7.86,7.69,7.8,7.8,5556687.0,43165847.0,3159000000.0,3321338389.2,134343986.39000005,23709015.150000006,1698398416.73,1928253805.02,229855388.29,46935399.19,2006.77,1711.94,692.02,996.15,1617.79,1273.21,0.0,335.28,,,,,,,基础化工,化学制品,其他化学制品,7.84,7.84,7.81
sz300214,日科化学,2020-02-10,7.81,8.05,7.72,7.95,7.8,6017684.0,47670646.0,3219750000.0,3385210281.3,134343986.39000005,23709015.150000006,1698398416.73,1928253805.02,229855388.29,46935399.19,1563.89,1987.13,1094.72,749.82,2108.38,1763.36,0.0,266.67,,,,,,,基础化工,化学制品,其他化学制品,7.76,7.81,7.81
sz300214,日科化学,2020-02-11,7.99,8.02,7.89,7.97,7.95,3459962.0,27493577.0,3227850000.0,3393726533.58,134343986.39000005,23709015.150000006,1698398416.73,1928253805.02,229855388.29,46935399.19,1186.11,830.27,475.51,374.56,1087.73,1544.52,0.0,0.0,,,,,,,基础化工,化学制品,其他化学制品,7.94,7.95,7.93
sz300214,日科化学,2020-02-12,8.0,8.25,7.95,8.22,7.97,5533138.0,44871691.0,3329100000.0,3500179687.08,134343986.39000005,23709015.150000006,1698398416.73,1928253805.02,229855388.29,46935399.19,1733.87,1622.7,1193.8,646.89,1155.93,1965.38,401.1,249.73,,,,,,,基础化工,化学制品,其他化学制品,8.0,8.02,7.98
sz300214,日科化学,2020-02-13,8.22,8.3,8.07,8.12,8.22,5377344.0,43895866.0,3288600000.0,3457598425.68,134343986.39000005,23709015.150000006,1698398416.73,1928253805.02,229855388.29,46935399.19,1830.02,1614.9,596.92,652.64,1962.64,2119.65,0.0,2.4,,,,,,,基础化工,化学制品,其他化学制品,8.16,8.26,8.23
sz300214,日科化学,2020-02-14,8.15,8.15,7.97,8.1,8.12,5445500.0,43760333.0,3280500000.0,3449082173.4,134343986.39000005,23709015.150000006,1698398416.73,1928253805.02,229855388.29,46935399.19,1304.83,1005.21,926.61,513.43,1070.81,1783.62,0.0,0.0,,,,,,,基础化工,化学制品,其他化学制品,8.07,8.08,8.03
sz300214,日科化学,2020-02-17,8.16,8.37,8.14,8.3,8.1,5260650.0,43546061.0,3361500000.0,3534244696.2,134343986.39000005,23709015.150000006,1698398416.73,1928253805.02,229855388.29,46935399.19,1782.9,1931.72,742.64,1019.22,1712.94,1197.04,116.13,206.63,,,,,,,基础化工,化学制品,其他化学制品,8.26,8.23,8.23
sz300214,日科化学,2020-02-18,8.38,8.38,8.16,8.24,8.3,5450359.0,44999678.0,3337200000.0,3508695939.36,134343986.39000005,23709015.150000006,1698398416.73,1928253805.02,229855388.29,46935399.19,1861.85,1728.88,802.46,1556.52,1734.47,1004.94,101.19,209.62,,,,,,,基础化工,化学制品,其他化学制品,8.34,8.34,8.33
sz300214,日科化学,2020-02-19,8.28,8.28,8.14,8.17,8.24,4872202.0,40017421.0,3308850000.0,3478889056.38,134343986.39000005,23709015.150000006,1698398416.73,1928253805.02,229855388.29,46935399.19,1631.13,1678.72,784.8,1162.24,1585.81,970.3,0.0,190.48,,,,,,,基础化工,化学制品,其他化学制品,8.25,8.27,8.26
sz300214,日科化学,2020-02-20,8.21,8.28,8.14,8.26,8.17,5560204.0,45689910.0,3345300000.0,3517212191.64,134343986.39000005,23709015.150000006,1698398416.73,1928253805.02,229855388.29,46935399.19,1731.03,2064.9,1194.73,1412.99,1643.23,965.9,0.0,125.2,,,,,,,基础化工,化学制品,其他化学制品,8.25,8.26,8.24
sz300214,日科化学,2020-02-21,8.29,8.33,8.2,8.3,8.26,6482054.0,53654363.0,3361500000.0,3534244696.2,134343986.39000005,23709015.150000006,1698398416.73,1928253805.02,229855388.29,46935399.19,2225.91,2154.69,1322.25,1409.61,1817.27,1377.53,0.0,423.61,,,,,,,基础化工,化学制品,其他化学制品,8.3,8.29,8.27
sz300214,日科化学,2020-02-24,8.3,8.43,8.25,8.32,8.3,5860000.0,48743908.0,3369600000.0,3542760948.48,134343986.39000005,23709015.150000006,1698398416.73,1928253805.02,229855388.29,46935399.19,2162.56,1918.68,960.96,1439.76,1750.87,1406.28,0.0,109.67,,,,,,,基础化工,化学制品,其他化学制品,8.36,8.36,8.4
sz300214,日科化学,2020-02-25,8.18,8.25,7.92,8.09,8.32,9304008.0,75269743.0,3276450000.0,3444824047.26,134343986.39000005,23709015.150000006,1698398416.73,1928253805.02,229855388.29,46935399.19,3173.53,2584.01,1737.38,1827.02,2021.17,1955.39,0.0,565.66,,,,,,,基础化工,化学制品,其他化学制品,8.16,8.19,8.23
sz300214,日科化学,2020-02-26,8.02,8.18,7.9,8.03,8.09,6189595.0,49941217.0,3252150000.0,3419275290.42,134343986.39000005,23709015.150000006,1698398416.73,1928253805.02,229855388.29,46935399.19,1278.23,1285.77,338.6,596.79,1190.6,924.86,0.0,0.0,,,,,,,基础化工,化学制品,其他化学制品,8.03,8.02,8.16
sz300214,日科化学,2020-02-27,8.13,8.19,7.99,8.15,8.03,3922600.0,31731079.0,3300750000.0,3470372804.1,134343986.39000005,23709015.150000006,1698398416.73,1928253805.02,229855388.29,46935399.19,1255.26,1379.86,389.15,785.84,1121.54,1007.4,407.16,0.0,,,,,,,基础化工,化学制品,其他化学制品,8.09,8.07,8.06
sz300214,日科化学,2020-02-28,8.0,8.15,7.57,7.61,8.15,7882700.0,61495828.0,3082050000.0,3240433992.54,134343986.39000005,23709015.150000006,1698398416.73,1928253805.02,229855388.29,46935399.19,2477.11,1948.18,959.98,1565.27,2712.49,2111.81,0.0,524.31,,,,,,,基础化工,化学制品,其他化学制品,8.01,8.02,7.97
sz300214,日科化学,2020-03-02,7.65,8.25,7.65,8.13,7.61,7826564.0,63111497.0,3292650000.0,3461856551.82,134343986.39000005,23709015.150000006,1698398416.73,1928253805.02,229855388.29,46935399.19,1871.84,2639.37,1589.24,1349.79,2696.08,2320.39,152.39,0.0,,,,,,,基础化工,化学制品,其他化学制品,7.87,8.0,7.99
sz300214,日科化学,2020-03-03,8.35,8.35,8.04,8.16,8.13,5837145.0,47791475.0,3304800000.0,3474630930.24,134343986.39000005,23709015.150000006,1698398416.73,1928253805.02,229855388.29,46935399.19,2033.68,1863.89,816.41,837.09,1846.59,1897.97,82.46,180.2,,,,,,,基础化工,化学制品,其他化学制品,8.23,8.26,8.22
sz300214,日科化学,2020-03-04,8.15,8.24,8.03,8.15,8.16,4326102.0,35115172.0,3300750000.0,3470372804.1,134343986.39000005,23709015.150000006,1698398416.73,1928253805.02,229855388.29,46935399.19,1586.46,946.49,415.63,1305.06,1509.43,1243.82,0.0,16.14,,,,,,,基础化工,化学制品,其他化学制品,8.1,8.19,8.18
sz300214,日科化学,2020-03-05,8.24,8.31,8.15,8.31,8.15,5652400.0,46553654.0,3365550000.0,3538502822.34,134343986.39000005,23709015.150000006,1698398416.73,1928253805.02,229855388.29,46935399.19,1945.12,2366.23,1084.91,850.38,1465.79,1416.31,137.11,0.0,,,,,,,基础化工,化学制品,其他化学制品,8.28,8.23,8.21
sz300214,日科化学,2020-03-06,8.29,8.81,8.18,8.64,8.31,11235450.0,96797756.0,3499200000.0,3679020984.96,134343986.39000005,23709015.150000006,1698398416.73,1928253805.02,229855388.29,46935399.19,4470.25,5279.29,2442.0,912.9,2383.95,3487.16,383.15,0.0,,,,,,,基础化工,化学制品,其他化学制品,8.28,8.53,8.57
sz300214,日科化学,2020-03-09,8.55,8.71,8.17,8.2,8.64,9257145.0,77873643.0,3321000000.0,3491663434.8,134343986.39000005,23709015.150000006,1698398416.73,1928253805.02,229855388.29,46935399.19,3810.6,3125.2,1110.9,1982.63,2865.86,2679.53,0.0,0.0,,,,,,,基础化工,化学制品,其他化学制品,8.68,8.58,8.54
sz300214,日科化学,2020-03-10,8.01,8.34,8.01,8.31,8.2,6331849.0,51752889.0,3365550000.0,3538502822.34,134343986.39000005,23709015.150000006,1698398416.73,1928253805.02,229855388.29,46935399.19,1844.17,2383.82,1028.26,938.4,2155.84,1691.86,147.02,161.2,,,,,,,基础化工,化学制品,其他化学制品,8.2,8.12,8.15
sz300214,日科化学,2020-03-11,8.3,8.35,8.08,8.12,8.31,4609695.0,37928769.0,3288600000.0,3457598425.68,134343986.39000005,23709015.150000006,1698398416.73,1928253805.02,229855388.29,46935399.19,1690.73,1181.77,517.75,782.71,1411.6,1691.33,35.73,0.0,,,,,,,基础化工,化学制品,其他化学制品,8.3,8.29,8.33
sz300214,日科化学,2020-03-12,8.05,8.05,7.82,7.9,8.12,4621193.0,36489000.0,3199500000.0,3363919650.6,134343986.39000005,23709015.150000006,1698398416.73,1928253805.02,229855388.29,46935399.19,1463.2,1311.25,450.64,876.11,1721.71,1461.54,13.35,0.0,,,,,,,基础化工,化学制品,其他化学制品,7.94,7.99,7.92
sz300214,日科化学,2020-03-13,7.51,8.0,7.4,7.79,7.9,5441795.0,41764756.0,3154950000.0,3317080263.06,134343986.39000005,23709015.150000006,1698398416.73,1928253805.02,229855388.29,46935399.19,1529.03,1372.21,437.73,769.96,1815.27,1736.93,394.44,297.37,,,,,,,基础化工,化学制品,其他化学制品,7.5,7.58,7.58
sz300214,日科化学,2020-03-16,7.84,7.95,7.48,7.51,7.79,4401777.0,34017281.0,3041550000.0,3197852731.14,134343986.39000005,23709015.150000006,1698398416.73,1928253805.02,229855388.29,46935399.19,1095.38,1426.49,376.78,586.31,1929.56,1388.93,0.0,0.0,,,,,,,基础化工,化学制品,其他化学制品,7.9,7.83,7.8
sz300214,日科化学,2020-03-17,7.55,7.67,7.37,7.56,7.51,4018800.0,30113856.0,3061800000.0,3219143361.84,134343986.39000005,23709015.150000006,1698398416.73,1928253805.02,229855388.29,46935399.19,1009.69,1141.5,466.96,452.26,1505.12,1417.62,29.61,0.0,,,,,,,基础化工,化学制品,其他化学制品,7.52,7.54,7.54
sz300214,日科化学,2020-03-18,7.6,7.82,7.52,7.53,7.56,4274705.0,32782507.0,3049650000.0,3206368983.42,134343986.39000005,23709015.150000006,1698398416.73,1928253805.02,229855388.29,46935399.19,1276.5,1040.4,599.29,463.38,1402.47,1599.13,0.0,175.35,,,,,,,基础化工,化学制品,其他化学制品,7.64,7.63,7.72
sz300214,日科化学,2020-03-19,7.53,7.66,7.42,7.58,7.53,3492000.0,26321506.0,3069900000.0,3227659614.12,134343986.39000005,23709015.150000006,1698398416.73,1928253805.02,229855388.29,46935399.19,926.22,836.35,602.8,776.38,1103.14,1019.42,0.0,0.0,,,,,,,基础化工,化学制品,其他化学制品,7.62,7.55,7.56
sz300214,日科化学,2020-03-20,7.62,7.7,7.58,7.69,7.58,2535702.0,19399998.0,3114450000.0,3274499001.66,134343986.39000005,23709015.150000006,1698398416.73,1928253805.02,229855388.29,46935399.19,769.54,795.91,278.95,293.88,891.51,850.2,0.0,0.0,,,,,,,基础化工,化学制品,其他化学制品,7.6,7.62,7.65
sz300214,日科化学,2020-03-23,7.51,7.65,7.43,7.46,7.69,3052870.0,23023672.0,3021300000.0,3176562100.44,134343986.39000005,23709015.150000006,1698398416.73,1928253805.02,229855388.29,46935399.19,749.44,818.25,238.21,505.42,1314.72,887.87,0.0,90.82,,,,,,,基础化工,化学制品,其他化学制品,7.57,7.57,7.56
sz300214,日科化学,2020-03-24,7.59,7.7,7.49,7.7,7.46,3188516.0,24299496.0,3118500000.0,3278757127.8,134343986.39000005,23709015.150000006,1698398416.73,1928253805.02,229855388.29,46935399.19,730.95,981.13,295.61,443.19,1203.5,1005.63,199.9,0.0,,,,,,,基础化工,化学制品,其他化学制品,7.58,7.6,7.64
sz300214,日科化学,2020-03-25,7.85,7.86,7.69,7.75,7.7,3527700.0,27370998.0,3138750000.0,3300047758.5,134343986.39000005,23709015.150000006,1698398416.73,1928253805.02,229855388.29,46935399.19,819.44,781.91,695.92,980.74,1214.24,866.81,0.0,100.14,,,,,,,基础化工,化学制品,其他化学制品,7.81,7.82,7.8
sz300214,日科化学,2020-03-26,7.75,7.75,7.58,7.61,7.75,2313700.0,17692164.0,3082050000.0,3240433992.54,134343986.39000005,23709015.150000006,1698398416.73,1928253805.02,229855388.29,46935399.19,625.94,591.8,243.51,221.46,899.76,841.6,0.0,114.36,,,,,,,基础化工,化学制品,其他化学制品,7.72,7.67,7.68
sz300214,日科化学,2020-03-27,7.69,7.73,7.6,7.69,7.61,1824088.0,13958679.0,3114450000.0,3274499001.66,134343986.39000005,23709015.150000006,1698398416.73,1928253805.02,229855388.29,46935399.19,566.79,455.49,256.55,183.51,572.53,756.87,0.0,0.0,,,,,,,基础化工,化学制品,其他化学制品,7.67,7.62,7.65
sz300214,日科化学,2020-03-30,7.6,7.63,7.46,7.54,7.69,2394688.0,18052729.0,3053700000.0,3210627109.56,134343986.39000005,23709015.150000006,1698398416.73,1928253805.02,229855388.29,46935399.19,589.01,602.66,61.97,249.83,1154.29,952.79,0.0,0.0,,,,,,,基础化工,化学制品,其他化学制品,7.55,7.51,7.47
sz300214,日科化学,2020-03-31,7.57,7.67,7.43,7.46,7.54,2813758.0,21194466.0,3021300000.0,3176562100.44,134343986.39000005,23709015.150000006,1698398416.73,1928253805.02,229855388.29,46935399.19,730.29,633.93,395.01,381.3,907.59,927.32,86.56,176.9,,,,,,,基础化工,化学制品,其他化学制品,7.63,7.63,7.63
sz300214,日科化学,2020-04-01,7.53,7.59,7.44,7.52,7.46,2420810.0,18236647.0,3045600000.0,3202110857.28,134343986.39000005,23709015.150000006,1698398416.73,1928253805.02,229855388.29,46935399.19,472.4,545.1,164.46,140.16,1186.8,1138.4,0.0,0.0,,,,,,,基础化工,化学制品,其他化学制品,7.53,7.57,7.56
sz300214,日科化学,2020-04-02,7.52,7.7,7.44,7.69,7.52,3052388.0,23117458.0,3114450000.0,3274499001.66,134343986.39000005,23709015.150000006,1698398416.73,1928253805.02,229855388.29,46935399.19,475.48,801.35,320.42,419.19,1496.5,1006.87,19.35,84.34,,,,,,,基础化工,化学制品,其他化学制品,7.49,7.49,7.47
sz300214,日科化学,2020-04-03,7.69,7.71,7.56,7.68,7.69,1710000.0,13051007.0,3110400000.0,3270240875.52,134343986.39000005,23709015.150000006,1698398416.73,1928253805.02,229855388.29,46935399.19,326.15,474.99,65.69,287.01,912.95,542.8,0.0,0.0,,,,,,,基础化工,化学制品,其他化学制品,7.66,7.65,7.68
sz300214,日科化学,2020-04-07,7.76,7.79,7.68,7.76,7.68,3626016.0,28092264.0,3142800000.0,3304305884.64,134343986.39000005,23709015.150000006,1698398416.73,1928253805.02,229855388.29,46935399.19,1057.7,644.39,379.01,412.87,1372.51,1751.96,0.0,0.0,,,,,,,基础化工,化学制品,其他化学制品,7.75,7.75,7.75
sz300214,日科化学,2020-04-08,7.76,8.29,7.73,8.23,7.76,8841813.0,71239314.0,3333150000.0,3504437813.22,134343986.39000005,23709015.150000006,1698398416.73,1928253805.02,229855388.29,46935399.19,2712.82,2874.97,2399.84,1592.04,1897.24,2656.93,114.03,0.0,,,,,,,基础化工,化学制品,其他化学制品,7.82,7.97,8.0
sz300214,日科化学,2020-04-09,8.2,8.34,8.08,8.33,8.23,6114245.0,50022748.0,3373650000.0,3547019074.62,134343986.39000005,23709015.150000006,1698398416.73,1928253805.02,229855388.29,46935399.19,2445.16,2220.77,1021.82,668.59,1151.67,2089.12,383.62,23.79,,,,,,,基础化工,化学制品,其他化学制品,8.15,8.17,8.12
sz300214,日科化学,2020-04-10,8.4,8.7,8.18,8.25,8.33,12278564.0,102738289.0,3341250000.0,3512954065.5,134343986.39000005,23709015.150000006,1698398416.73,1928253805.02,229855388.29,46935399.19,4705.76,3957.1,2869.05,2624.63,2542.23,3221.86,156.79,470.23,,,,,,,基础化工,化学制品,其他化学制品,8.33,8.21,8.43
sz300214,日科化学,2020-04-13,8.25,8.35,8.05,8.07,8.25,5784300.0,47215728.0,3268350000.0,3436307794.98,134343986.39000005,23709015.150000006,1698398416.73,1928253805.02,229855388.29,46935399.19,1855.06,1571.99,779.72,1309.9,2086.79,1708.21,0.0,131.47,,,,,,,基础化工,化学制品,其他化学制品,8.29,8.2,8.18
sz300214,日科化学,2020-04-14,8.2,8.3,8.1,8.29,8.07,4834622.0,39794856.0,3357450000.0,3529986570.06,134343986.39000005,23709015.150000006,1698398416.73,1928253805.02,229855388.29,46935399.19,1177.23,1779.67,821.59,999.18,1844.21,1200.63,136.45,0.0,,,,,,,基础化工,化学制品,其他化学制品,8.14,8.19,8.21
sz300214,日科化学,2020-04-15,8.4,8.47,8.26,8.29,8.29,5043099.0,42141861.0,3357450000.0,3529986570.06,134343986.39000005,23709015.150000006,1698398416.73,1928253805.02,229855388.29,46935399.19,1342.14,1743.45,854.34,734.99,1819.67,1376.57,198.03,359.17,,,,,,,基础化工,化学制品,其他化学制品,8.29,8.3,8.37
sz300214,日科化学,2020-04-16,8.32,8.4,8.2,8.33,8.29,4333288.0,36134609.0,3373650000.0,3547019074.62,134343986.39000005,23709015.150000006,1698398416.73,1928253805.02,229855388.29,46935399.19,1193.0,1545.31,505.37,675.64,1600.48,884.89,0.0,193.0,,,,,,,基础化工,化学制品,其他化学制品,8.26,8.26,8.3
sz300214,日科化学,2020-04-17,8.38,8.4,8.25,8.25,8.33,4027099.0,33461246.0,3341250000.0,3512954065.5,134343986.39000005,23709015.150000006,1698398416.73,1928253805.02,229855388.29,46935399.19,1606.37,1251.83,385.35,1051.72,1288.0,909.98,66.41,132.59,,,,,,,基础化工,化学制品,其他化学制品,8.3,8.29,8.29
sz300214,日科化学,2020-04-20,8.3,8.57,8.19,8.54,8.25,6303484.0,52925950.0,3458700000.0,3636439723.56,134343986.39000005,23709015.150000006,1698398416.73,1928253805.02,229855388.29,46935399.19,1703.79,2366.67,1289.0,1126.09,2198.98,1799.84,100.82,0.0,,,,,,,基础化工,化学制品,其他化学制品,8.28,8.23,8.22
sz300214,日科化学,2020-04-21,8.44,8.75,8.39,8.75,8.54,9967784.0,86490131.0,3543750000.0,3725860372.5,177911380.66,136236696.09,1742667518.79,2059758821.15,317091302.36,60515112.67999999,3786.8,4470.84,1213.84,1658.94,3648.38,2485.61,0.0,33.62,,,,,,,基础化工,化学制品,其他化学制品,8.48,8.56,8.64
sz300214,日科化学,2020-04-22,8.72,8.76,8.54,8.6,8.75,6367300.0,54994723.0,3483000000.0,3661988480.4,177911380.66,136236696.09,1742667518.79,2059758821.15,317091302.36,60515112.67999999,2640.98,2255.52,936.98,1023.97,1921.51,2074.41,0.0,145.57,,,,,,,基础化工,化学制品,其他化学制品,8.69,8.72,8.7
sz300214,日科化学,2020-04-23,8.64,8.89,8.55,8.7,8.6,8576864.0,74985156.0,3523500000.0,3704569741.8,177911380.66,136236696.09,1742667518.79,2059758821.15,317091302.36,60515112.67999999,3102.42,3353.01,1870.42,1849.93,2281.22,1885.33,244.45,410.24,,,,,,,基础化工,化学制品,其他化学制品,8.59,8.58,8.6
sz300214,日科化学,2020-04-24,8.69,8.73,8.46,8.53,8.7,5613500.0,48078079.0,3454650000.0,3632181597.42,177911380.66,136236696.09,1742667518.79,2059758821.15,317091302.36,60515112.67999999,2055.24,2006.52,610.14,1539.63,2142.44,1212.12,0.0,49.54,,,,,,,基础化工,化学制品,其他化学制品,8.7,8.65,8.68
sz300214,日科化学,2020-04-27,8.6,8.6,8.22,8.25,8.53,6154400.0,51154199.0,3341250000.0,3512954065.5,207845301.38000003,293253976.31,1798945088.23,2108617345.6,309672257.37,56277569.45,2452.36,1775.65,539.17,1284.36,2123.89,1915.37,0.0,140.04,,,,,,,基础化工,化学制品,其他化学制品,8.5,8.4,8.4
sz300214,日科化学,2020-04-28,8.3,8.3,7.8,7.99,8.25,6048901.0,48478978.0,3235950000.0,3402242785.86,207845301.38000003,293253976.31,1798945088.23,2108617345.6,309672257.37,56277569.45,2246.52,1922.77,664.42,1230.92,1936.96,1694.2,0.0,0.0,,,,,,,基础化工,化学制品,其他化学制品,8.17,8.09,7.97
sz300214,日科化学,2020-04-29,7.98,8.06,7.86,7.89,7.99,4088000.0,32424571.0,3195450000.0,3359661524.46,207845301.38000003,293253976.31,1798945088.23,2108617345.6,309672257.37,56277569.45,1453.62,1129.59,152.25,586.43,1636.59,1526.44,0.0,0.0,,,,,,,基础化工,化学制品,其他化学制品,8.04,8.04,8.03
sz300214,日科化学,2020-04-30,7.92,8.16,7.9,8.1,7.89,3936400.0,31787985.0,3280500000.0,3449082173.4,207845301.38000003,293253976.31,1798945088.23,2108617345.6,309672257.37,56277569.45,1286.0,1473.8,732.99,316.49,1159.81,1388.51,0.0,0.0,,,,,,,基础化工,化学制品,其他化学制品,7.94,8.01,8.07
sz300214,日科化学,2020-05-06,7.98,8.35,7.96,8.31,8.1,4586579.0,37762102.0,3365550000.0,3538502822.34,207845301.38000003,293253976.31,1798945088.23,2108617345.6,309672257.37,56277569.45,1186.53,1753.5,409.94,469.8,2179.74,1405.3,0.0,147.61,,,,,,,基础化工,化学制品,其他化学制品,8.07,8.17,8.24
sz300214,日科化学,2020-05-07,8.3,8.59,8.29,8.48,8.31,4913279.0,41654579.0,3434400000.0,3610890966.72,207845301.38000003,293253976.31,1798945088.23,2108617345.6,309672257.37,56277569.45,1911.4,2190.22,507.19,508.59,1746.87,1466.65,0.0,0.0,,,,,,,基础化工,化学制品,其他化学制品,8.36,8.36,8.43
sz300214,日科化学,2020-05-08,8.52,8.6,8.44,8.57,8.48,4335900.0,37062888.0,3470850000.0,3649214101.98,207845301.38000003,293253976.31,1798945088.23,2108617345.6,309672257.37,56277569.45,1329.68,1732.09,320.71,757.88,1936.4,1083.16,119.51,133.15,,,,,,,基础化工,化学制品,其他化学制品,8.51,8.49,8.5
sz300214,日科化学,2020-05-11,8.56,8.62,8.41,8.49,8.57,3108600.0,26412520.0,3438450000.0,3615149092.86,207845301.38000003,293253976.31,1798945088.23,2108617345.6,309672257.37,56277569.45,1337.69,1186.99,216.26,646.0,1087.31,808.26,0.0,0.0,,,,,,,基础化工,化学制品,其他化学制品,8.58,8.57,8.57
sz300214,日科化学,2020-05-12,8.5,8.59,8.27,8.39,8.49,3091050.0,25927209.0,3397950000.0,3572567831.46,207845301.38000003,293253976.31,1798945088.23,2108617345.6,309672257.37,56277569.45,1121.77,1256.02,238.59,574.0,1232.36,762.7,0.0,0.0,,,,,,,基础化工,化学制品,其他化学制品,8.57,8.46,8.45
sz300214,日科化学,2020-05-13,8.42,8.42,8.25,8.4,8.39,3281300.0,27373574.0,3402000000.0,3576825957.6,207845301.38000003,293253976.31,1798945088.23,2108617345.6,309672257.37,56277569.45,811.75,1222.34,241.96,373.5,1601.71,1059.58,0.0,0.0,,,,,,,基础化工,化学制品,其他化学制品,8.36,8.37,8.34
sz300214,日科化学,2020-05-14,8.36,8.53,8.29,8.35,8.4,3293900.0,27715090.0,3381750000.0,3555535326.9,207845301.38000003,293253976.31,1798945088.23,2108617345.6,309672257.37,56277569.45,943.35,1061.58,894.93,630.87,831.38,912.06,101.85,167.0,,,,,,,基础化工,化学制品,其他化学制品,8.35,8.32,8.4
sz300214,日科化学,2020-05-15,8.43,8.55,8.27,8.29,8.35,3554900.0,29846872.0,3357450000.0,3529986570.06,207845301.38000003,293253976.31,1798945088.23,2108617345.6,309672257.37,56277569.45,1319.33,992.89,394.06,431.09,1254.44,1543.85,0.0,0.0,,,,,,,基础化工,化学制品,其他化学制品,8.46,8.5,8.46
sz300214,日科化学,2020-05-18,8.25,8.88,8.25,8.77,8.29,10357900.0,89852914.0,3551850000.0,3734376624.78,207845301.38000003,293253976.31,1798945088.23,2108617345.6,309672257.37,56277569.45,3752.24,4718.59,1604.32,1367.11,3393.22,2768.32,235.52,131.27,,,,,,,基础化工,化学制品,其他化学制品,8.38,8.48,8.6
sz300214,日科化学,2020-05-19,8.76,8.77,8.56,8.67,8.77,6629500.0,57211379.0,3511350000.0,3691795363.38,207845301.38000003,293253976.31,1798945088.23,2108617345.6,309672257.37,56277569.45,2636.91,2206.76,916.44,842.52,2167.79,2568.66,0.0,103.2,,,,,,,基础化工,化学制品,其他化学制品,8.67,8.67,8.61
sz300214,日科化学,2020-05-20,8.65,8.8,8.55,8.78,8.67,6937681.0,60366408.0,3555900000.0,3738634750.92,207845301.38000003,293253976.31,1798945088.23,2108617345.6,309672257.37,56277569.45,2953.39,2549.72,1259.46,1139.28,1760.01,2347.64,63.77,0.0,,,,,,,基础化工,化学制品,其他化学制品,8.64,8.59,8.57
sz300214,日科化学,2020-05-21,8.82,8.82,8.35,8.41,8.78,6735611.0,57513481.0,3406050000.0,3581084083.74,207845301.38000003,293253976.31,1798945088.23,2108617345.6,309672257.37,56277569.45,2896.67,2223.82,655.87,1375.64,2198.8,1878.98,0.0,272.9,,,,,,,基础化工,化学制品,其他化学制品,8.78,8.71,8.68
sz300214,日科化学,2020-05-22,8.37,8.45,8.08,8.11,8.41,4266002.0,35045617.0,3284550000.0,3453340299.54,207845301.38000003,293253976.31,1798945088.23,2108617345.6,309672257.37,56277569.45,1545.04,1517.91,520.97,747.89,1438.55,1238.76,0.0,0.0,,,,,,,基础化工,化学制品,其他化学制品,8.34,8.25,8.33
sz300214,日科化学,2020-05-25,8.07,8.15,7.97,8.05,8.11,3447250.0,27736158.0,3260250000.0,3427791542.7,207845301.38000003,293253976.31,1798945088.23,2108617345.6,309672257.37,56277569.45,1317.37,911.39,303.78,654.35,1152.46,1038.57,0.0,169.31,,,,,,,基础化工,化学制品,其他化学制品,8.07,8.09,8.09
sz300214,日科化学,2020-05-26,8.1,8.21,8.02,8.18,8.05,2667449.0,21721967.0,3312900000.0,3483147182.52,207845301.38000003,293253976.31,1798945088.23,2108617345.6,309672257.37,56277569.45,803.89,822.08,245.27,391.57,1123.03,958.55,0.0,0.0,,,,,,,基础化工,化学制品,其他化学制品,8.1,8.15,8.16
sz300214,日科化学,2020-05-27,8.12,8.2,8.03,8.05,8.18,2421349.0,19578370.0,3260250000.0,3427791542.7,207845301.38000003,293253976.31,1798945088.23,2108617345.6,309672257.37,56277569.45,785.31,811.96,108.87,499.51,956.74,646.36,106.91,0.0,,,,,,,基础化工,化学制品,其他化学制品,8.17,8.13,8.12
sz300214,日科化学,2020-05-28,8.05,8.12,7.87,8.1,8.05,2838500.0,22736013.0,3280500000.0,3449082173.4,207845301.38000003,293253976.31,1798945088.23,2108617345.6,309672257.37,56277569.45,1127.95,960.95,207.25,325.04,938.4,848.88,0.0,138.73,,,,,,,基础化工,化学制品,其他化学制品,8.08,8.09,8.07
sz300214,日科化学,2020-05-29,8.09,8.28,7.99,8.19,8.1,3327514.0,27195721.0,3316950000.0,3487405308.66,207845301.38000003,293253976.31,1798945088.23,2108617345.6,309672257.37,56277569.45,889.25,1385.04,471.17,331.91,1359.15,886.83,0.0,115.79,,,,,,,基础化工,化学制品,其他化学制品,8.05,8.05,8.07
sz300214,日科化学,2020-06-01,8.26,8.43,8.18,8.39,8.19,3510102.0,29210748.0,3397950000.0,3572567831.46,207845301.38000003,293253976.31,1798945088.23,2108617345.6,309672257.37,56277569.45,1246.33,848.46,534.77,733.38,1029.19,1095.77,110.79,243.47,,,,,,,基础化工,化学制品,其他化学制品,8.21,8.22,8.25
sz300214,日科化学,2020-06-02,8.39,8.49,8.36,8.4,8.39,3601100.0,30283334.0,3402000000.0,3576825957.6,207845301.38000003,293253976.31,1798945088.23,2108617345.6,309672257.37,56277569.45,1347.94,1236.25,507.5,487.5,1172.89,1304.58,0.0,0.0,,,,,,,基础化工,化学制品,其他化学制品,8.41,8.42,8.39
sz300214,日科化学,2020-06-03,8.46,8.48,8.31,8.32,8.4,2837750.0,23771279.0,3369600000.0,3542760948.48,207845301.38000003,293253976.31,1798945088.23,2108617345.6,309672257.37,56277569.45,1163.18,1175.13,348.54,446.45,865.4,755.55,0.0,0.0,,,,,,,基础化工,化学制品,其他化学制品,8.37,8.36,8.4
sz300214,日科化学,2020-06-04,8.3,8.37,8.24,8.25,8.32,2936600.0,24350845.0,3341250000.0,3512954065.5,207845301.38000003,293253976.31,1798945088.23,2108617345.6,309672257.37,56277569.45,1017.85,893.49,275.57,507.63,1141.66,1033.97,0.0,0.0,,,,,,,基础化工,化学制品,其他化学制品,8.32,8.29,8.33
sz300214,日科化学,2020-06-05,8.3,8.35,8.16,8.19,8.25,2301700.0,18925972.0,3316950000.0,3487405308.66,207845301.38000003,293253976.31,1798945088.23,2108617345.6,309672257.37,56277569.45,774.84,601.04,151.84,238.29,951.67,1039.03,0.0,0.0,,,,,,,基础化工,化学制品,其他化学制品,8.3,8.27,8.23
sz300214,日科化学,2020-06-08,8.31,8.32,8.1,8.23,8.19,4229610.0,34676103.0,3333150000.0,3504437813.22,207845301.38000003,293253976.31,1798945088.23,2108617345.6,309672257.37,56277569.45,1302.89,1348.17,561.05,363.46,1603.66,1755.97,0.0,0.0,,,,,,,基础化工,化学制品,其他化学制品,8.27,8.29,8.31
sz300214,日科化学,2020-06-09,8.2,8.22,8.12,8.17,8.23,2354929.0,19221292.0,3308850000.0,3478889056.38,207845301.38000003,293253976.31,1798945088.23,2108617345.6,309672257.37,56277569.45,940.17,583.89,231.52,167.39,750.43,1040.61,0.0,130.23,,,,,,,基础化工,化学制品,其他化学制品,8.15,8.15,8.14
sz300214,日科化学,2020-06-10,8.17,8.21,8.11,8.18,8.17,1916800.0,15630939.0,3312900000.0,3483147182.52,207845301.38000003,293253976.31,1798945088.23,2108617345.6,309672257.37,56277569.45,696.01,601.56,198.7,373.18,668.38,588.35,0.0,0.0,,,,,,,基础化工,化学制品,其他化学制品,8.17,8.15,8.16
sz300214,日科化学,2020-06-11,8.2,8.24,8.07,8.09,8.18,2577850.0,21003892.0,3276450000.0,3444824047.26,207845301.38000003,293253976.31,1798945088.23,2108617345.6,309672257.37,56277569.45,992.55,881.0,332.61,449.21,775.23,770.18,0.0,0.0,,,,,,,基础化工,化学制品,其他化学制品,8.13,8.18,8.14
sz300214,日科化学,2020-06-12,8.0,8.19,7.91,8.11,8.09,2682162.0,21565298.0,3284550000.0,3453340299.54,207845301.38000003,293253976.31,1798945088.23,2108617345.6,309672257.37,56277569.45,800.69,711.18,390.53,515.17,965.31,781.03,0.0,149.14,,,,,,,基础化工,化学制品,其他化学制品,7.99,8.03,8.03
sz300214,日科化学,2020-06-15,8.05,8.13,7.99,8.03,8.11,2898400.0,23318614.0,2906383997.66,3419275290.42,207845301.38000003,293253976.31,1798945088.23,2108617345.6,309672257.37,56277569.45,1108.87,699.0,327.61,678.83,895.38,817.96,0.0,136.07,,,,,,,基础化工,化学制品,其他化学制品,8.08,8.08,8.07
sz300214,日科化学,2020-06-16,8.11,8.17,8.03,8.12,8.03,2313778.0,18737203.0,2938958662.6400003,3457598425.6800003,207845301.38000003,293253976.31,1798945088.23,2108617345.6,309672257.37,56277569.45,879.16,945.58,169.22,256.47,825.33,671.66,0.0,0.0,,,,,,,基础化工,化学制品,其他化学制品,8.07,8.14,8.13
sz300214,日科化学,2020-06-17,8.18,8.21,8.05,8.17,8.12,3509060.0,28545547.0,2957055698.74,3478889056.38,207845301.38000003,293253976.31,1798945088.23,2108617345.6,309672257.37,56277569.45,1210.47,1507.48,386.18,485.48,1094.17,861.59,163.74,0.0,,,,,,,基础化工,化学制品,其他化学制品,8.14,8.15,8.11
sz300214,日科化学,2020-06-18,8.17,8.37,8.16,8.27,8.17,4227700.0,34988311.0,2993249770.94,3521470317.78,207845301.38000003,293253976.31,1798945088.23,2108617345.6,309672257.37,56277569.45,1278.78,1653.83,831.57,781.43,1149.92,1063.56,238.55,0.0,,,,,,,基础化工,化学制品,其他化学制品,8.18,8.2,8.21
sz300214,日科化学,2020-06-19,8.3,8.31,8.16,8.2,8.27,3037950.0,24958410.0,2967913920.4,3491663434.8,207845301.38000003,293253976.31,1798945088.23,2108617345.6,309672257.37,56277569.45,979.07,1043.83,430.26,914.27,1084.88,536.1,0.0,0.0,,,,,,,基础化工,化学制品,其他化学制品,8.24,8.28,8.26
sz300214,日科化学,2020-06-22,8.24,8.32,8.2,8.24,8.2,2857800.0,23568800.0,2982391549.28,3508695939.36,207845301.38000003,293253976.31,1798945088.23,2108617345.6,309672257.37,56277569.45,840.48,932.84,371.35,337.63,940.79,917.98,204.26,168.43,,,,,,,基础化工,化学制品,其他化学制品,8.27,8.27,8.25
sz300214,日科化学,2020-06-23,8.26,8.26,8.08,8.15,8.24,2685803.0,21946670.0,2949816884.3,3470372804.1,207845301.38000003,293253976.31,1798945088.23,2108617345.6,309672257.37,56277569.45,1095.13,874.85,215.15,398.79,884.39,921.03,0.0,0.0,,,,,,,基础化工,化学制品,其他化学制品,8.19,8.18,8.19
sz300214,日科化学,2020-06-24,8.25,8.25,7.99,8.1,8.15,4243112.0,34185372.0,2931719848.2000003,3449082173.4,207845301.38000003,293253976.31,1798945088.23,2108617345.6,309672257.37,56277569.45,1572.96,1077.8,616.43,744.93,1229.15,1123.71,0.0,472.1,,,,,,,基础化工,化学制品,其他化学制品,8.14,8.06,8.08
sz300214,日科化学,2020-06-29,8.03,8.08,7.96,8.0,8.1,2518200.0,20178563.0,2895525776.0,3406500912.0000005,207845301.38000003,293253976.31,1798945088.23,2108617345.6,309672257.37,56277569.45,671.05,695.7,259.71,546.94,1087.09,775.22,0.0,0.0,,,,,,,基础化工,化学制品,其他化学制品,7.99,8.03,8.01
sz300214,日科化学,2020-06-30,8.01,8.18,8.01,8.14,8.0,3245600.0,26328276.0,2946197477.08,3466114677.96,207845301.38000003,293253976.31,1798945088.23,2108617345.6,309672257.37,56277569.45,821.45,1162.41,331.75,680.21,1479.63,790.21,0.0,0.0,,,,,,,基础化工,化学制品,其他化学制品,8.04,8.06,8.08
sz300214,日科化学,2020-07-01,8.19,8.21,8.05,8.15,8.14,3263404.0,26573697.0,2949816884.3,3470372804.1,207845301.38000003,293253976.31,1798945088.23,2108617345.6,309672257.37,56277569.45,929.86,1268.25,343.33,670.03,1251.96,719.09,132.22,0.0,,,,,,,基础化工,化学制品,其他化学制品,8.13,8.11,8.13
sz300214,日科化学,2020-07-02,8.17,8.42,8.11,8.37,8.15,6945400.0,57439576.0,3029443843.1400003,3564051579.180001,207845301.38000003,293253976.31,1798945088.23,2108617345.6,309672257.37,56277569.45,1982.08,2457.69,1733.49,975.82,1740.79,1835.42,287.59,475.02,,,,,,,基础化工,化学制品,其他化学制品,8.17,8.15,8.19
sz300214,日科化学,2020-07-03,8.39,8.43,8.3,8.4,8.37,5518410.0,46228105.0,3040302064.8,3576825957.6,207845301.38000003,293253976.31,1798945088.23,2108617345.6,309672257.37,56277569.45,1927.35,1761.29,1256.81,1105.13,1438.66,1474.87,0.0,281.52,,,,,,,基础化工,化学制品,其他化学制品,8.36,8.41,8.38
sz300214,日科化学,2020-07-06,8.41,8.7,8.41,8.67,8.4,7578749.0,65174233.0,3138026059.74,3691795363.38,207845301.38000003,293253976.31,1798945088.23,2108617345.6,309672257.37,56277569.45,2508.38,3241.99,2151.73,1327.75,1750.53,1844.24,106.78,103.44,,,,,,,基础化工,化学制品,其他化学制品,8.62,8.52,8.51
sz300214,日科化学,2020-07-07,8.62,8.88,8.62,8.71,8.67,8093305.0,70999735.0,3152503688.62,3708827867.94,207845301.38000003,293253976.31,1798945088.23,2108617345.6,309672257.37,56277569.45,2793.68,3453.74,1020.84,1455.29,2807.46,2190.94,478.0,0.0,,,,,,,基础化工,化学制品,其他化学制品,8.73,8.63,8.67
sz300214,日科化学,2020-07-08,8.7,8.8,8.61,8.8,8.71,8269000.0,71793918.0,3185078353.6000004,3747151003.2,207845301.38000003,293253976.31,1798945088.23,2108617345.6,309672257.37,56277569.45,2814.1,2510.77,1999.16,2446.55,2124.59,1991.6,241.54,230.47,,,,,,,基础化工,化学制品,其他化学制品,8.71,8.73,8.7
sz300214,日科化学,2020-07-09,8.83,9.1,8.71,9.01,8.8,7900171.0,70225835.0,3261085905.22,3836571652.14,207845301.38000003,293253976.31,1798945088.23,2108617345.6,309672257.37,56277569.45,2661.81,3012.3,1828.97,1269.63,1997.37,2612.35,534.43,128.3,,,,,,,基础化工,化学制品,其他化学制品,8.81,8.8,8.8
sz300214,日科化学,2020-07-10,9.0,9.43,8.89,8.97,8.95,10932710.0,99300309.0,3246608276.34,3819539147.58,207845301.38000003,293253976.31,1798945088.23,2108617345.6,309672257.37,56277569.45,4487.81,4052.06,1926.74,2772.99,3515.48,2965.61,0.0,139.37,,,,,,,基础化工,化学制品,其他化学制品,9.14,9.23,9.19
sz300214,日科化学,2020-07-13,8.91,9.16,8.91,9.13,8.97,9600719.0,87011843.0,3304518791.86,3887669165.82,207845301.38000003,293253976.31,1798945088.23,2108617345.6,309672257.37,56277569.45,3648.11,3549.96,2159.47,2391.86,2893.6,2759.37,0.0,0.0,,,,,,,基础化工,化学制品,其他化学制品,8.97,9.02,9.0
sz300214,日科化学,2020-07-14,9.14,9.17,8.83,9.02,9.13,8906200.0,80158176.0,3264705312.44,3840829778.28,207845301.38000003,293253976.31,1798945088.23,2108617345.6,309672257.37,56277569.45,3395.41,3368.8,1345.35,2221.57,3118.37,2207.73,156.69,217.72,,,,,,,基础化工,化学制品,其他化学制品,9.14,9.09,9.05
sz300214,日科化学,2020-07-15,9.02,9.12,8.79,8.81,9.02,6954700.0,62028176.0,3188697760.82,3751409129.34,207845301.38000003,293253976.31,1798945088.23,2108617345.6,309672257.37,56277569.45,2676.61,2510.34,1047.46,1437.77,2410.84,2005.19,67.9,249.52,,,,,,,基础化工,化学制品,其他化学制品,9.07,9.0,8.97
sz300214,日科化学,2020-07-16,8.87,8.9,8.5,8.66,8.81,7232987.0,63146093.0,3134406652.52,3687537237.24,207845301.38000003,293253976.31,1798945088.23,2108617345.6,309672257.37,56277569.45,2931.01,2682.09,859.8,974.45,2278.96,2658.07,244.83,0.0,,,,,,,基础化工,化学制品,其他化学制品,8.78,8.81,8.81
sz300214,日科化学,2020-07-17,8.69,8.72,8.46,8.64,8.66,6363900.0,54645144.0,3127167838.08,3679020984.96,207845301.38000003,293253976.31,1798945088.23,2108617345.6,309672257.37,56277569.45,2484.32,1968.73,953.48,560.21,1911.55,2935.58,115.15,0.0,,,,,,,基础化工,化学制品,其他化学制品,8.57,8.6,8.53
sz300214,日科化学,2020-07-20,8.68,9.12,8.67,9.08,8.64,9919605.0,88873428.0,3286421755.76,3866378535.12,207845301.38000003,293253976.31,1798945088.23,2108617345.6,309672257.37,56277569.45,4066.3,3751.62,1630.96,2097.02,2973.37,2835.78,216.71,202.92,,,,,,,基础化工,化学制品,其他化学制品,8.81,8.85,8.83
sz300214,日科化学,2020-07-21,9.15,9.16,8.91,9.1,9.08,6159183.0,55702876.0,3293660570.2000003,3874894787.4,207845301.38000003,293253976.31,1798945088.23,2108617345.6,309672257.37,56277569.45,2197.71,2141.06,860.34,829.22,2510.43,2598.2,0.0,0.0,,,,,,,基础化工,化学制品,其他化学制品,9.11,9.05,9.01
sz300214,日科化学,2020-07-22,9.11,9.24,9.02,9.09,9.1,7502010.0,68553053.0,3290041162.98,3870636661.26,207845301.38000003,293253976.31,1798945088.23,2108617345.6,309672257.37,56277569.45,2902.09,2768.97,1294.98,1226.53,2312.32,2859.8,345.91,0.0,,,,,,,基础化工,化学制品,其他化学制品,9.11,9.07,9.12
sz300214,日科化学,2020-07-23,9.05,9.18,8.78,9.02,9.09,6184916.0,55574657.0,3264705312.44,3840829778.28,207845301.38000003,293253976.31,1798945088.23,2108617345.6,309672257.37,56277569.45,2054.59,2683.63,988.53,1133.36,2514.35,1740.48,0.0,0.0,,,,,,,基础化工,化学制品,其他化学制品,9.1,9.16,9.14
sz300214,日科化学,2020-07-24,8.93,9.08,8.69,8.77,9.02,5700800.0,50525681.0,3174220131.94,3734376624.78,207845301.38000003,293253976.31,1798945088.23,2108617345.6,309672257.37,56277569.45,2038.66,1916.94,694.42,1119.96,2205.26,1859.94,114.23,155.73,,,,,,,基础化工,化学制品,其他化学制品,9.05,8.97,8.98
sz300214,日科化学,2020-07-27,8.85,8.87,8.64,8.76,8.77,4011383.0,35214555.0,3170600724.7200003,3730118498.64,207845301.38000003,293253976.31,1798945088.23,2108617345.6,309672257.37,56277569.45,1849.01,1294.16,378.6,684.96,1293.84,1542.33,0.0,0.0,,,,,,,基础化工,化学制品,其他化学制品,8.78,8.68,8.77
sz300214,日科化学,2020-07-28,8.85,9.36,8.8,9.2,8.76,12363869.0,113087574.0,3329854642.4,3917476048.8,207845301.38000003,293253976.31,1798945088.23,2108617345.6,309672257.37,56277569.45,4471.32,4828.04,2696.64,2803.98,3837.2,3366.76,303.59,309.98,,,,,,,基础化工,化学制品,其他化学制品,8.95,9.03,9.18
sz300214,日科化学,2020-07-29,9.2,9.24,8.97,9.22,9.2,8847900.0,80843994.0,3337093456.84,3925992301.08,207845301.38000003,293253976.31,1798945088.23,2108617345.6,309672257.37,56277569.45,4157.98,3412.45,1396.86,1453.33,2529.56,2901.99,0.0,316.64,,,,,,,基础化工,化学制品,其他化学制品,9.03,9.04,9.1
sz300214,日科化学,2020-07-30,9.25,9.49,9.12,9.35,9.22,10207756.0,95320510.0,3384145750.7000003,3981347940.9,207845301.38000003,293253976.31,1798945088.23,2108617345.6,309672257.37,56277569.45,4283.65,4286.35,1919.36,1837.51,3081.78,3245.82,247.26,162.37,,,,,,,基础化工,化学制品,其他化学制品,9.26,9.23,9.15
sz300214,日科化学,2020-07-31,9.29,9.4,9.05,9.3,9.35,9942033.0,91897996.0,3366048714.6,3960057310.2,207845301.38000003,293253976.31,1798945088.23,2108617345.6,309672257.37,56277569.45,4274.22,3877.71,1397.84,2321.88,3312.05,2638.68,205.69,351.52,,,,,,,基础化工,化学制品,其他化学制品,9.3,9.32,9.38
sz300214,日科化学,2020-08-03,9.47,9.77,9.37,9.68,9.3,12236228.0,117673382.0,3503586188.9600005,4121866103.52,207845301.38000003,293253976.31,1798945088.23,2108617345.6,309672257.37,56277569.45,4863.36,5333.28,2183.2,2393.14,4104.68,3797.34,616.09,243.59,,,,,,,基础化工,化学制品,其他化学制品,9.43,9.5,9.63
sz300214,日科化学,2020-08-04,9.71,9.97,9.5,9.56,9.68,12157630.0,117999749.0,3460153302.32,4070768589.84,207845301.38000003,293253976.31,1798945088.23,2108617345.6,309672257.37,56277569.45,4481.64,4329.02,2594.6,2778.78,4723.73,3666.12,0.0,1026.05,,,,,,,基础化工,化学制品,其他化学制品,9.88,9.78,9.95
sz300214,日科化学,2020-08-05,9.58,9.73,9.46,9.63,9.56,7969000.0,76658536.0,3485489152.86,4100575472.82,207845301.38000003,293253976.31,1798945088.23,2108617345.6,309672257.37,56277569.45,3367.06,3091.2,1616.49,1405.54,2633.15,2877.81,0.0,242.17,,,,,,,基础化工,化学制品,其他化学制品,9.53,9.6,9.6
sz300214,日科化学,2020-08-06,9.59,9.67,9.25,9.43,9.63,8482002.0,79926293.0,3413101008.46,4015412950.02,207845301.38000003,293253976.31,1798945088.23,2108617345.6,309672257.37,56277569.45,3228.38,3262.78,1410.24,2086.6,3179.31,2162.75,134.38,440.18,,,,,,,基础化工,化学制品,其他化学制品,9.61,9.51,9.53
sz300214,日科化学,2020-08-07,9.44,9.48,9.13,9.33,9.43,6364772.0,59119278.0,3376906936.26,3972831688.62,207845301.38000003,293253976.31,1798945088.23,2108617345.6,309672257.37,56277569.45,2449.27,2508.66,1098.2,1233.42,2364.45,2059.86,0.0,109.98,,,,,,,基础化工,化学制品,其他化学制品,9.46,9.43,9.44
sz300214,日科化学,2020-08-10,9.34,9.46,9.27,9.36,9.33,4613701.0,43256338.0,3387765157.92,3985606067.04,207845301.38000003,293253976.31,1798945088.23,2108617345.6,309672257.37,56277569.45,1934.44,1666.67,549.45,641.1,1726.03,1654.33,115.71,363.54,,,,,,,基础化工,化学制品,其他化学制品,9.41,9.39,9.34
sz300214,日科化学,2020-08-11,9.39,9.47,9.16,9.16,9.36,6119347.0,57079072.0,3315377013.52,3900443544.24,207845301.38000003,293253976.31,1798945088.23,2108617345.6,309672257.37,56277569.45,2271.76,1997.43,1507.45,1549.32,1928.7,1859.45,0.0,301.7,,,,,,,基础化工,化学制品,其他化学制品,9.35,9.39,9.38
sz300214,日科化学,2020-08-12,9.17,9.2,8.89,9.12,9.16,6327100.0,57041433.0,3300899384.64,3883411039.68,207845301.38000003,293253976.31,1798945088.23,2108617345.6,309672257.37,56277569.45,2249.63,2494.12,1364.64,1454.45,2089.87,1755.58,0.0,0.0,,,,,,,基础化工,化学制品,其他化学制品,9.14,9.07,9.01
sz300214,日科化学,2020-08-13,9.25,9.35,9.08,9.12,9.12,4985318.0,45988144.0,3300899384.64,3883411039.68,207845301.38000003,293253976.31,1798945088.23,2108617345.6,309672257.37,56277569.45,2088.86,1682.91,810.37,852.17,1699.58,1924.53,0.0,139.2,,,,,,,基础化工,化学制品,其他化学制品,9.19,9.28,9.3
sz300214,日科化学,2020-08-14,9.2,9.2,8.9,9.15,9.12,5186483.0,46920242.0,3311757606.3,3896185418.1,207845301.38000003,293253976.31,1798945088.23,2108617345.6,309672257.37,56277569.45,2032.44,1748.94,768.12,1119.32,1891.46,1823.77,0.0,0.0,,,,,,,基础化工,化学制品,其他化学制品,9.14,9.16,9.16
sz300214,日科化学,2020-08-17,9.2,9.31,9.15,9.31,9.15,5076416.0,46843276.0,3369668121.82,3964315436.34,207845301.38000003,293253976.31,1798945088.23,2108617345.6,309672257.37,56277569.45,1859.46,2237.2,833.67,729.92,1862.83,1717.21,128.37,0.0,,,,,,,基础化工,化学制品,其他化学制品,9.18,9.18,9.17
sz300214,日科化学,2020-08-18,9.4,9.4,9.18,9.24,9.31,4662700.0,43196146.0,3344332271.28,3934508553.36,207845301.38000003,293253976.31,1798945088.23,2108617345.6,309672257.37,56277569.45,2012.5,1916.4,988.14,720.1,1318.97,1534.63,0.0,148.49,,,,,,,基础化工,化学制品,其他化学制品,9.32,9.3,9.31
sz300214,日科化学,2020-08-19,9.23,9.27,9.03,9.03,9.24,5073150.0,46309850.0,3268324719.66,3845087904.42,207845301.38000003,293253976.31,1798945088.23,2108617345.6,309672257.37,56277569.45,1988.14,2002.23,711.99,1158.69,1930.86,1343.85,0.0,126.21,,,,,,,基础化工,化学制品,其他化学制品,9.21,9.13,9.16
sz300214,日科化学,2020-08-20,8.99,9.2,8.9,8.94,9.03,3992400.0,35881748.0,3235750054.6800003,3806764769.16,207845301.38000003,293253976.31,1798945088.23,2108617345.6,309672257.37,56277569.45,1510.16,1301.37,602.56,418.95,1475.46,1867.85,0.0,0.0,,,,,,,基础化工,化学制品,其他化学制品,8.96,8.95,8.97
sz300214,日科化学,2020-08-21,9.0,9.22,8.97,9.18,8.94,4277605.0,38873243.0,3322615827.96,3908959796.52,207845301.38000003,293253976.31,1798945088.23,2108617345.6,309672257.37,56277569.45,1597.13,1735.32,621.0,443.11,1522.38,1708.89,146.81,0.0,,,,,,,基础化工,化学制品,其他化学制品,9.01,9.05,9.08
sz300214,日科化学,2020-08-24,9.33,9.45,8.94,9.37,9.18,9407840.0,86840525.0,3391384565.1400003,3989864193.18,207845301.38000003,293253976.31,1798945088.23,2108617345.6,309672257.37,56277569.45,3544.91,3371.65,1472.36,1248.1,3263.57,4064.3,403.22,0.0,,,,,,,基础化工,化学制品,其他化学制品,9.09,9.05,8.97
sz300214,日科化学,2020-08-25,9.31,9.6,9.21,9.51,9.37,12059714.0,113908898.0,3442056266.2200003,4049477959.14,224557061.96999997,489657744.34999996,1859774068.88,2168918960.77,309144891.89,60828980.64999999,4307.62,5539.41,3644.76,2180.61,3171.9,3343.08,266.61,327.8,,,,,,,基础化工,化学制品,其他化学制品,9.4,9.37,9.37
sz300214,日科化学,2020-08-26,9.57,9.57,9.19,9.25,9.51,8142263.0,76380529.0,3347951678.5000005,3938766679.5,224557061.96999997,489657744.34999996,1859774068.88,2168918960.77,309144891.89,60828980.64999999,3359.94,2807.74,1694.25,1913.29,2478.97,2494.49,104.89,422.53,,,,,,,基础化工,化学制品,其他化学制品,9.5,9.45,9.53
sz300214,日科化学,2020-08-27,9.2,10.1,9.2,9.8,9.25,20176630.0,196053681.0,3547019075.600001,4172963617.2,224557061.96999997,489657744.34999996,1859774068.88,2168918960.77,309144891.89,60828980.64999999,8007.54,7621.32,4867.62,5120.34,5277.39,6353.01,1452.81,510.7,,,,,,,基础化工,化学制品,其他化学制品,9.35,9.52,9.48
sz300214,日科化学,2020-08-28,9.79,9.88,9.58,9.8,9.8,14878575.0,144732093.0,3547019075.600001,4172963617.2,224557061.96999997,489657744.34999996,1859774068.88,2168918960.77,309144891.89,60828980.64999999,5844.1,5051.7,3355.1,3211.27,5046.79,5733.47,227.21,476.75,,,,,,,基础化工,化学制品,其他化学制品,9.79,9.7,9.66
sz300214,日科化学,2020-08-31,9.64,9.75,9.37,9.4,9.8,18605311.0,176544051.0,3402242786.8,4002638571.6,224557061.96999997,489657744.34999996,1859774068.88,2168918960.77,309144891.89,60828980.64999999,7319.09,6026.18,4639.79,4923.09,5263.72,5898.8,431.81,806.33,,,,,,,基础化工,化学制品,其他化学制品,9.63,9.56,9.51
sz300214,日科化学,2020-09-01,9.32,9.45,9.18,9.29,9.4,10876133.0,101013325.0,3362429307.38,3955799184.06,224557061.96999997,489657744.34999996,1859774068.88,2168918960.77,309144891.89,60828980.64999999,4193.07,3060.16,2303.46,3027.75,3428.86,3361.1,175.94,652.31,,,,,,,基础化工,化学制品,其他化学制品,9.34,9.41,9.35
sz300214,日科化学,2020-09-02,9.37,9.96,9.29,9.91,9.29,23357002.0,226449275.0,3586832555.02,4219803004.74,224557061.96999997,489657744.34999996,1859774068.88,2168918960.77,309144891.89,60828980.64999999,8902.38,9887.0,6616.88,5799.92,5862.46,5967.11,1263.19,990.89,,,,,,,基础化工,化学制品,其他化学制品,9.32,9.5,9.59
sz300214,日科化学,2020-09-03,10.05,10.06,9.6,9.69,9.91,15678415.0,153738621.0,3507205596.18,4126124229.66,224557061.96999997,489657744.34999996,1859774068.88,2168918960.77,309144891.89,60828980.64999999,4487.55,4817.75,2362.85,3184.89,4405.58,3839.19,741.98,156.14,,,,,,,基础化工,化学制品,其他化学制品,9.97,9.78,9.75
sz300214,日科化学,2020-09-04,9.51,10.02,9.47,10.0,9.69,16334157.0,160144747.0,3619407220.0,4258126140.0,224557061.96999997,489657744.34999996,1859774068.88,2168918960.77,309144891.89,60828980.64999999,6107.97,5756.95,4846.43,4074.08,3949.56,5094.59,1109.35,1087.69,,,,,,,基础化工,化学制品,其他化学制品,9.62,9.61,9.64
sz300214,日科化学,2020-09-07,10.0,10.44,9.9,10.11,10.0,26951275.0,273946924.0,3659220699.42,4304965527.54,224557061.96999997,489657744.34999996,1859774068.88,2168918960.77,309144891.89,60828980.64999999,9649.74,8999.82,7897.86,8561.79,6122.63,6942.38,3724.46,2890.7,,,,,,,基础化工,化学制品,其他化学制品,9.99,10.1,10.05
sz300214,日科化学,2020-09-08,10.1,11.09,9.97,10.99,10.11,31508239.0,329684197.0,3977728534.78,4679680627.860001,224557061.96999997,489657744.34999996,1859774068.88,2168918960.77,309144891.89,60828980.64999999,11168.58,11769.85,10392.71,9820.93,6644.03,7291.25,4763.1,4086.39,,,,,,,基础化工,化学制品,其他化学制品,10.04,10.2,10.21
sz300214,日科化学,2020-09-09,10.81,11.4,10.36,10.44,10.99,30771086.0,332292821.0,3778661137.68,4445483690.16,224557061.96999997,489657744.34999996,1859774068.88,2168918960.77,309144891.89,60828980.64999999,12483.48,12359.64,8494.38,11097.33,9142.47,8072.35,3108.94,1699.95,,,,,,,基础化工,化学制品,其他化学制品,10.72,10.67,10.85
sz300214,日科化学,2020-09-10,10.55,10.86,10.13,10.48,10.44,26050960.0,274163062.0,3793138766.56,4462516194.72,224557061.96999997,489657744.34999996,1859774068.88,2168918960.77,309144891.89,60828980.64999999,9976.12,11550.61,7710.36,8372.26,7703.24,6327.25,2026.59,1166.18,,,,,,,基础化工,化学制品,其他化学制品,10.53,10.55,10.48
sz300214,日科化学,2020-09-11,10.31,10.42,9.67,10.3,10.48,20521782.0,208166316.0,3727989436.6,4385869924.2,224557061.96999997,489657744.34999996,1859774068.88,2168918960.77,309144891.89,60828980.64999999,8721.77,8511.56,5843.58,5784.34,5860.15,5200.09,391.13,1320.65,,,,,,,基础化工,化学制品,其他化学制品,9.95,10.0,10.1
sz300214,日科化学,2020-09-14,10.33,11.19,10.32,11.19,10.3,30248191.0,326941290.0,4050116679.18,4764843150.66,224557061.96999997,489657744.34999996,1859774068.88,2168918960.77,309144891.89,60828980.64999999,11666.88,11612.47,11882.36,12093.39,7704.97,7763.67,1439.91,1224.59,,,,,,,基础化工,化学制品,其他化学制品,10.57,10.63,10.76
sz300214,日科化学,2020-09-15,10.99,11.11,10.53,10.94,11.19,22366236.0,241914272.0,3959631498.68,4658389997.16,224557061.96999997,489657744.34999996,1859774068.88,2168918960.77,309144891.89,60828980.64999999,8985.86,9301.19,7159.53,8025.9,6394.01,5423.39,1652.02,1440.94,,,,,,,基础化工,化学制品,其他化学制品,10.96,10.85,10.92
sz300214,日科化学,2020-09-16,10.8,10.88,10.52,10.71,10.94,12071864.0,128918883.0,3876385132.62,4560453095.94,224557061.96999997,489657744.34999996,1859774068.88,2168918960.77,309144891.89,60828980.64999999,5852.15,5114.06,3039.5,4183.21,3801.68,2942.35,199.94,653.64,,,,,,,基础化工,化学制品,其他化学制品,10.72,10.82,10.8
sz300214,日科化学,2020-09-17,10.71,10.86,10.25,10.25,10.71,13814458.0,145149801.0,3709892400.5,4364579293.5,224557061.96999997,489657744.34999996,1859774068.88,2168918960.77,309144891.89,60828980.64999999,6012.47,5414.16,3623.1,5077.45,4636.27,3034.58,243.14,988.79,,,,,,,基础化工,化学制品,其他化学制品,10.85,10.66,10.65
sz300214,日科化学,2020-09-18,10.15,10.35,9.95,10.23,10.25,13510581.0,137265807.0,3702653586.06,4356063041.22,224557061.96999997,489657744.34999996,1859774068.88,2168918960.77,309144891.89,60828980.64999999,5698.35,5471.33,3898.39,4511.33,3692.1,2575.55,437.74,1168.36,,,,,,,基础化工,化学制品,其他化学制品,10.27,10.25,10.27
sz300214,日科化学,2020-09-21,10.23,10.35,9.91,9.94,10.23,10535045.0,105969580.0,3597690776.680001,4232577383.16,224557061.96999997,489657744.34999996,1859774068.88,2168918960.77,309144891.89,60828980.64999999,4373.0,4205.02,2538.58,3071.71,3230.83,1937.94,454.54,1382.28,,,,,,,基础化工,化学制品,其他化学制品,10.18,10.17,10.11
sz300214,日科化学,2020-09-22,9.89,10.03,9.6,9.63,9.94,10437300.0,102519095.0,3485489152.86,4100575472.82,224557061.96999997,489657744.34999996,1859774068.88,2168918960.77,309144891.89,60828980.64999999,5033.79,4582.1,1817.31,3509.25,3193.06,1830.96,207.75,329.6,,,,,,,基础化工,化学制品,其他化学制品,9.9,9.9,9.97
sz300214,日科化学,2020-09-23,9.72,9.78,9.52,9.68,9.63,7124847.0,68830910.0,3503586188.9600005,4121866103.52,224557061.96999997,489657744.34999996,1859774068.88,2168918960.77,309144891.89,60828980.64999999,3279.35,3122.51,1036.83,1682.19,2566.91,1756.57,0.0,321.82,,,,,,,基础化工,化学制品,其他化学制品,9.62,9.59,9.77
sz300214,日科化学,2020-09-24,9.68,9.7,9.23,9.24,9.68,9480702.0,89013340.0,3344332271.28,3934508553.36,224557061.96999997,489657744.34999996,1859774068.88,2168918960.77,309144891.89,60828980.64999999,3230.25,3527.03,2055.97,3057.99,3051.07,1738.6,564.04,577.71,,,,,,,基础化工,化学制品,其他化学制品,9.65,9.58,9.53
sz300214,日科化学,2020-09-25,9.33,9.35,9.04,9.1,9.24,6438400.0,58857225.0,3293660570.2000003,3874894787.4,224557061.96999997,489657744.34999996,1859774068.88,2168918960.77,309144891.89,60828980.64999999,2515.45,2593.18,1058.36,1928.33,2072.83,1215.89,239.08,148.32,,,,,,,基础化工,化学制品,其他化学制品,9.26,9.28,9.22
sz300214,日科化学,2020-09-28,9.12,9.17,8.9,8.93,9.1,5231400.0,47058286.0,3232130647.46,3802506643.02,224557061.96999997,489657744.34999996,1859774068.88,2168918960.77,309144891.89,60828980.64999999,2422.18,1737.1,623.31,1183.22,1660.33,1495.76,0.0,289.75,,,,,,,基础化工,化学制品,其他化学制品,9.1,9.12,9.07
sz300214,日科化学,2020-09-29,9.0,9.33,8.95,9.16,8.93,5678300.0,51929174.0,3315377013.52,3900443544.24,224557061.96999997,489657744.34999996,1859774068.88,2168918960.77,309144891.89,60828980.64999999,2278.53,2272.13,1025.46,636.18,1256.79,2166.71,632.14,117.9,,,,,,,基础化工,化学制品,其他化学制品,8.99,8.99,9.0
sz300214,日科化学,2020-09-30,9.16,9.18,8.94,8.98,9.16,4447004.0,40298892.0,3250227683.56,3823797273.72,224557061.96999997,489657744.34999996,1859774068.88,2168918960.77,309144891.89,60828980.64999999,1896.33,1747.55,662.33,1281.85,1467.68,864.16,3.56,136.33,,,,,,,基础化工,化学制品,其他化学制品,9.14,9.14,9.1
sz300214,日科化学,2020-10-09,9.14,9.35,9.08,9.26,8.98,5003300.0,46285816.0,3351571085.72,3943024805.64,224557061.96999997,489657744.34999996,1859774068.88,2168918960.77,309144891.89,60828980.64999999,2081.51,1906.33,915.12,1147.03,1599.53,1575.23,32.42,0.0,,,,,,,基础化工,化学制品,其他化学制品,9.19,9.22,9.17
sz300214,日科化学,2020-10-12,9.28,9.66,9.28,9.64,9.26,6779306.0,64440453.0,3489108560.08,4104833598.96,224557061.96999997,489657744.34999996,1859774068.88,2168918960.77,309144891.89,60828980.64999999,1876.72,2182.57,753.89,728.45,1691.46,1527.75,116.7,0.0,,,,,,,基础化工,化学制品,其他化学制品,9.35,9.33,9.4
sz300214,日科化学,2020-10-13,9.58,9.7,9.52,9.66,9.64,6768031.0,65055952.0,3496347374.5199995,4113349851.24,224557061.96999997,489657744.34999996,1859774068.88,2168918960.77,309144891.89,60828980.64999999,3190.16,2639.33,775.8,1571.58,2539.64,1704.18,0.0,590.49,,,,,,,基础化工,化学制品,其他化学制品,9.57,9.55,9.56
sz300214,日科化学,2020-10-14,9.66,9.7,9.45,9.48,9.66,5815300.0,55404384.0,3431198044.56,4036703580.72,224557061.96999997,489657744.34999996,1859774068.88,2168918960.77,309144891.89,60828980.64999999,2410.53,2679.75,1191.25,1077.33,1778.19,1781.73,158.83,0.0,,,,,,,基础化工,化学制品,其他化学制品,9.63,9.55,9.54
sz300214,日科化学,2020-10-15,9.5,9.57,9.38,9.4,9.48,4716647.0,44564172.0,3402242786.8,4002638571.6,224557061.96999997,489657744.34999996,1859774068.88,2168918960.77,309144891.89,60828980.64999999,1978.86,1812.15,687.76,1032.46,1385.02,1428.71,404.77,183.1,,,,,,,基础化工,化学制品,其他化学制品,9.53,9.49,9.43
sz300214,日科化学,2020-10-16,9.38,9.49,9.32,9.46,9.4,4514100.0,42428658.0,3423959230.12,4028187328.44,224557061.96999997,489657744.34999996,1859774068.88,2168918960.77,309144891.89,60828980.64999999,1791.8,2094.19,924.18,986.11,1499.88,1162.56,27.01,0.0,,,,,,,基础化工,化学制品,其他化学制品,9.39,9.38,9.35
sz300214,日科化学,2020-10-19,9.47,9.54,9.26,9.27,9.46,5231416.0,48963855.0,3355190492.94,3947282931.78,224557061.96999997,489657744.34999996,1859774068.88,2168918960.77,309144891.89,60828980.64999999,2208.32,1982.24,962.37,1083.95,1470.86,1830.19,254.83,0.0,,,,,,,基础化工,化学制品,其他化学制品,9.47,9.46,9.47
sz300214,日科化学,2020-10-20,9.27,9.37,9.12,9.36,9.27,4308800.0,39789161.0,3387765157.92,3985606067.04,224557061.96999997,489657744.34999996,1859774068.88,2168918960.77,309144891.89,60828980.64999999,1924.91,1507.63,313.63,1014.19,1671.24,1241.52,0.0,146.45,,,,,,,基础化工,化学制品,其他化学制品,9.22,9.22,9.2
sz300214,日科化学,2020-10-21,9.35,9.35,9.06,9.12,9.36,5045800.0,46235985.0,3300899384.64,3883411039.68,224557061.96999997,489657744.34999996,1859774068.88,2168918960.77,309144891.89,60828980.64999999,1897.86,1611.73,495.34,1114.19,1839.5,1365.55,390.9,532.12,,,,,,,基础化工,化学制品,其他化学制品,9.32,9.28,9.26
sz300214,日科化学,2020-10-22,9.11,9.23,8.96,9.17,9.12,5168700.0,47017378.0,3318996420.74,3904701670.38,224557061.96999997,489657744.34999996,1859774068.88,2168918960.77,309144891.89,60828980.64999999,2017.72,1496.69,405.32,1159.55,1736.27,1177.13,541.51,867.44,,,,,,,基础化工,化学制品,其他化学制品,9.03,9.04,9.04
sz300214,日科化学,2020-10-23,9.24,9.24,8.99,9.04,9.17,3499516.0,31833640.0,3271944126.88,3849346030.56,224557061.96999997,489657744.34999996,1859774068.88,2168918960.77,309144891.89,60828980.64999999,837.62,934.98,438.22,321.82,720.08,739.13,0.0,0.0,,,,,,,基础化工,化学制品,其他化学制品,9.16,9.18,9.13
sz300214,日科化学,2020-10-26,8.97,9.17,8.96,9.09,9.04,2984000.0,27067373.0,3290041162.98,3870636661.26,224557061.96999997,489657744.34999996,1859774068.88,2168918960.77,309144891.89,60828980.64999999,1317.38,1074.17,256.32,256.49,859.73,857.32,0.0,245.45,,,,,,,基础化工,化学制品,其他化学制品,9.04,9.06,9.11
sz300214,日科化学,2020-10-27,9.1,9.37,9.04,9.31,9.09,5011100.0,46278125.0,3369668121.82,3964315436.34,224557061.96999997,489657744.34999996,1859774068.88,2168918960.77,309144891.89,60828980.64999999,1765.35,1671.42,620.35,371.75,1192.91,1634.82,99.38,0.0,,,,,,,基础化工,化学制品,其他化学制品,9.1,9.19,9.2
sz300214,日科化学,2020-10-28,9.3,9.33,9.11,9.33,9.31,4201916.0,38880881.0,3376906936.26,3972831688.62,224557061.96999997,489657744.34999996,1859774068.88,2168918960.77,309144891.89,60828980.64999999,1476.95,1672.57,688.73,718.5,1130.1,904.72,0.0,0.0,,,,,,,基础化工,化学制品,其他化学制品,9.26,9.2,9.22
sz300214,日科化学,2020-10-29,9.24,9.69,9.16,9.63,9.33,9014634.0,85694950.0,3485489152.86,4100575472.82,224557061.96999997,489657744.34999996,1859774068.88,2168918960.77,309144891.89,60828980.64999999,2898.73,3047.92,1957.67,1377.66,1620.33,2637.1,585.94,0.0,,,,,,,基础化工,化学制品,其他化学制品,9.2,9.31,9.38
sz300214,日科化学,2020-10-30,9.62,9.64,9.02,9.02,9.63,12370900.0,115239170.0,3264705312.44,3840829778.28,241287576.63,442242933.89,1898245825.89,2194005679.42,295759853.53,63665913.849999994,4723.55,4291.94,2432.98,4042.03,4097.15,2150.82,270.23,1039.14,,,,,,,基础化工,化学制品,其他化学制品,9.5,9.41,9.4
sz300214,日科化学,2020-11-02,9.0,9.54,8.88,9.4,9.02,11027075.0,102319461.0,3402242786.8,4002638571.6,241287576.63,442242933.89,1898245825.89,2194005679.42,295759853.53,63665913.849999994,4335.92,4170.09,1589.51,2322.34,3826.44,3478.44,480.06,261.08,,,,,,,基础化工,化学制品,其他化学制品,8.93,9.0,9.05
sz300214,日科化学,2020-11-03,9.41,9.49,9.32,9.39,9.4,6180333.0,58007731.0,3398623379.5800004,3998380445.46,241287576.63,442242933.89,1898245825.89,2194005679.42,295759853.53,63665913.849999994,2802.21,2210.32,1021.84,1180.49,1948.3,2409.96,28.42,0.0,,,,,,,基础化工,化学制品,其他化学制品,9.42,9.43,9.39
sz300214,日科化学,2020-11-04,9.4,9.42,9.11,9.25,9.39,4350002.0,40197923.0,3347951678.5000005,3938766679.5,241287576.63,442242933.89,1898245825.89,2194005679.42,295759853.53,63665913.849999994,1225.46,1294.6,392.71,607.91,1305.16,1020.83,0.0,0.0,,,,,,,基础化工,化学制品,其他化学制品,9.33,9.27,9.29
sz300214,日科化学,2020-11-05,9.28,9.44,9.23,9.43,9.25,6082800.0,56827110.0,3413101008.46,4015412950.02,241287576.63,442242933.89,1898245825.89,2194005679.42,295759853.53,63665913.849999994,2922.69,2627.94,1034.44,1134.33,1612.04,1920.45,113.54,0.0,,,,,,,基础化工,化学制品,其他化学制品,9.28,9.24,9.26
sz300214,日科化学,2020-11-06,9.4,9.43,9.12,9.2,9.43,4751466.0,43822567.0,3329854642.4,3917476048.8,241287576.63,442242933.89,1898245825.89,2194005679.42,295759853.53,63665913.849999994,2123.59,1807.96,404.28,954.66,1731.55,1146.68,122.84,472.95,,,,,,,基础化工,化学制品,其他化学制品,9.36,9.32,9.33
sz300214,日科化学,2020-11-09,9.21,9.38,9.19,9.3,9.2,5149400.0,47891252.0,3366048714.6,3960057310.2,241287576.63,442242933.89,1898245825.89,2194005679.42,295759853.53,63665913.849999994,2178.75,1964.47,972.15,1239.37,1435.13,1585.28,203.1,0.0,,,,,,,基础化工,化学制品,其他化学制品,9.22,9.27,9.26
sz300214,日科化学,2020-11-10,9.35,9.35,9.05,9.08,9.3,5147213.0,47201797.0,3286421755.76,3866378535.12,241287576.63,442242933.89,1898245825.89,2194005679.42,295759853.53,63665913.849999994,2291.31,1705.54,607.61,1604.68,1821.26,1299.68,0.0,110.28,,,,,,,基础化工,化学制品,其他化学制品,9.28,9.26,9.23
sz300214,日科化学,2020-11-11,9.06,9.17,9.0,9.01,9.08,4571800.0,41513792.0,3261085905.22,3836571652.14,241287576.63,442242933.89,1898245825.89,2194005679.42,295759853.53,63665913.849999994,1945.48,1828.73,754.17,905.94,1451.72,1119.43,0.0,297.28,,,,,,,基础化工,化学制品,其他化学制品,9.08,9.1,9.13
sz300214,日科化学,2020-11-12,9.01,9.06,8.69,8.8,9.01,6891849.0,61124738.0,3185078353.6000004,3747151003.2,241287576.63,442242933.89,1898245825.89,2194005679.42,295759853.53,63665913.849999994,2833.32,2423.2,764.7,1846.68,2400.23,1348.68,114.22,493.92,,,,,,,基础化工,化学制品,其他化学制品,9.03,9.05,9.04
sz300214,日科化学,2020-11-13,8.79,8.89,8.72,8.85,8.8,3677514.0,32342390.0,3203175389.7,3768441633.9,241287576.63,442242933.89,1898245825.89,2194005679.42,295759853.53,63665913.849999994,1382.58,1249.17,689.01,751.8,1138.19,957.54,24.46,275.73,,,,,,,基础化工,化学制品,其他化学制品,8.76,8.81,8.79
sz300214,日科化学,2020-11-16,8.85,9.15,8.82,9.12,8.85,5296148.0,47828416.0,3300899384.64,3883411039.68,241287576.63,442242933.89,1898245825.89,2194005679.42,295759853.53,63665913.849999994,2014.87,2445.35,1059.97,414.63,1171.54,1729.0,536.46,193.86,,,,,,,基础化工,化学制品,其他化学制品,8.85,8.91,8.89
sz300214,日科化学,2020-11-17,9.13,9.4,9.07,9.17,9.12,9485149.0,87732780.0,3318996420.74,3904701670.38,241287576.63,442242933.89,1898245825.89,2194005679.42,295759853.53,63665913.849999994,3901.35,3892.42,2080.77,2061.68,2583.52,2411.38,207.64,407.8,,,,,,,基础化工,化学制品,其他化学制品,9.1,9.16,9.37
sz300214,日科化学,2020-11-18,9.17,9.45,9.1,9.41,9.17,9355149.0,87086919.0,3405862194.02,4006896697.74,241287576.63,442242933.89,1898245825.89,2194005679.42,295759853.53,63665913.849999994,3537.53,3897.42,2587.09,1880.14,2138.43,2931.13,445.64,0.0,,,,,,,基础化工,化学制品,其他化学制品,9.15,9.19,9.21
sz300214,日科化学,2020-11-19,9.6,9.98,9.47,9.51,9.41,15662833.0,151002585.0,3442056266.2200003,4049477959.14,241287576.63,442242933.89,1898245825.89,2194005679.42,295759853.53,63665913.849999994,6599.29,6272.57,3215.36,4586.29,4304.35,3989.29,981.25,252.1,,,,,,,基础化工,化学制品,其他化学制品,9.76,9.7,9.67
sz300214,日科化学,2020-11-20,9.49,9.6,9.25,9.34,9.51,8774033.0,81969369.0,3380526343.48,3977089814.76,241287576.63,442242933.89,1898245825.89,2194005679.42,295759853.53,63665913.849999994,4009.08,3395.59,1330.52,2341.75,2857.33,2209.24,0.0,250.35,,,,,,,基础化工,化学制品,其他化学制品,9.37,9.34,9.31
sz300214,日科化学,2020-11-23,9.27,9.46,9.16,9.33,9.34,7353100.0,68516827.0,3376906936.26,3972831688.62,241287576.63,442242933.89,1898245825.89,2194005679.42,295759853.53,63665913.849999994,2896.9,2702.82,1223.08,1442.47,2301.3,1977.26,430.4,729.14,,,,,,,基础化工,化学制品,其他化学制品,9.26,9.18,9.26
sz300214,日科化学,2020-11-24,9.44,9.44,9.13,9.14,9.33,6465800.0,59662170.0,3308138199.08,3891927291.96,241287576.63,442242933.89,1898245825.89,2194005679.42,295759853.53,63665913.849999994,1974.69,1609.72,759.01,1302.66,1730.36,1325.81,90.2,316.06,,,,,,,基础化工,化学制品,其他化学制品,9.34,9.33,9.29
sz300214,日科化学,2020-11-25,9.15,9.22,9.01,9.05,9.14,4451844.0,40509699.0,3275563534.1,3853604156.7,241287576.63,442242933.89,1898245825.89,2194005679.42,295759853.53,63665913.849999994,1719.62,1635.61,1034.63,1068.14,1296.71,1208.08,0.0,139.14,,,,,,,基础化工,化学制品,其他化学制品,9.18,9.12,9.08
sz300214,日科化学,2020-11-26,9.05,9.11,8.88,9.09,9.05,3946900.0,35461842.0,3290041162.98,3870636661.26,241287576.63,442242933.89,1898245825.89,2194005679.42,295759853.53,63665913.849999994,1886.66,1325.65,552.64,1178.37,1106.88,1042.16,0.0,0.0,,,,,,,基础化工,化学制品,其他化学制品,9.03,9.0,8.97
sz300214,日科化学,2020-11-27,9.08,9.12,8.9,9.03,9.09,2854331.0,25646289.0,3268324719.66,3845087904.42,241287576.63,442242933.89,1898245825.89,2194005679.42,295759853.53,63665913.849999994,1284.88,1180.58,392.98,535.34,886.77,848.71,0.0,0.0,,,,,,,基础化工,化学制品,其他化学制品,9.01,9.03,8.96
sz300214,日科化学,2020-11-30,9.06,9.21,9.05,9.05,9.03,3578900.0,32695307.0,3275563534.1,3853604156.7,241287576.63,442242933.89,1898245825.89,2194005679.42,295759853.53,63665913.849999994,1885.1,1595.17,637.63,601.71,746.8,1072.65,0.0,0.0,,,,,,,基础化工,化学制品,其他化学制品,9.11,9.12,9.19
sz300214,日科化学,2020-12-01,9.0,9.22,9.0,9.17,9.05,3733575.0,34157348.0,3318996420.74,3904701670.38,241287576.63,442242933.89,1898245825.89,2194005679.42,295759853.53,63665913.849999994,1239.82,1492.19,1274.3,873.19,762.38,1050.36,139.24,0.0,,,,,,,基础化工,化学制品,其他化学制品,9.03,9.05,9.03
sz300214,日科化学,2020-12-02,9.18,9.2,9.08,9.13,9.17,2649200.0,24205838.0,3304518791.86,3887669165.82,241287576.63,442242933.89,1898245825.89,2194005679.42,295759853.53,63665913.849999994,993.56,1126.53,371.61,684.22,865.76,609.83,189.65,0.0,,,,,,,基础化工,化学制品,其他化学制品,9.17,9.18,9.11
sz300214,日科化学,2020-12-03,9.13,9.13,9.02,9.05,9.13,2537501.0,22978607.0,3275563534.1,3853604156.7,241287576.63,442242933.89,1898245825.89,2194005679.42,295759853.53,63665913.849999994,1033.19,921.13,356.79,672.24,907.88,704.49,0.0,0.0,,,,,,,基础化工,化学制品,其他化学制品,9.04,9.06,9.04
sz300214,日科化学,2020-12-04,9.08,9.08,9.0,9.0,9.05,2025322.0,18274263.0,3257466498.0,3832313526.0,241287576.63,442242933.89,1898245825.89,2194005679.42,295759853.53,63665913.849999994,860.09,884.63,245.08,569.31,722.26,373.49,0.0,0.0,,,,,,,基础化工,化学制品,其他化学制品,9.03,9.04,9.04
sz300214,日科化学,2020-12-07,9.01,9.02,8.78,8.8,9.0,5404446.0,47818507.0,3185078353.6000004,3747151003.2,241287576.63,442242933.89,1898245825.89,2194005679.42,295759853.53,63665913.849999994,1925.71,2144.65,1125.65,1147.52,1730.49,608.03,0.0,881.64,,,,,,,基础化工,化学制品,其他化学制品,8.92,8.84,8.93
sz300214,日科化学,2020-12-08,8.78,8.84,8.71,8.84,8.8,1995700.0,17539251.0,3199555982.48,3764183507.76,241287576.63,442242933.89,1898245825.89,2194005679.42,295759853.53,63665913.849999994,881.57,992.94,147.05,264.94,711.2,481.94,0.0,0.0,,,,,,,基础化工,化学制品,其他化学制品,8.79,8.8,8.76
sz300214,日科化学,2020-12-09,8.84,8.9,8.68,8.7,8.84,2558000.0,22421509.0,3148884281.4,3704569741.8,241287576.63,442242933.89,1898245825.89,2194005679.42,295759853.53,63665913.849999994,1108.88,986.86,286.01,493.96,847.26,586.09,0.0,175.24,,,,,,,基础化工,化学制品,其他化学制品,8.89,8.85,8.8
sz300214,日科化学,2020-12-10,8.73,8.77,8.65,8.69,8.7,1644048.0,14295064.0,3145264874.18,3700311615.66,241287576.63,442242933.89,1898245825.89,2194005679.42,295759853.53,63665913.849999994,717.09,673.85,238.98,352.94,450.08,379.36,0.0,0.0,,,,,,,基础化工,化学制品,其他化学制品,8.67,8.69,8.7
sz300214,日科化学,2020-12-11,8.67,8.71,8.27,8.39,8.69,4710100.0,39624255.0,3036682657.5800004,3572567831.46,241287576.63,442242933.89,1898245825.89,2194005679.42,295759853.53,63665913.849999994,1640.77,1716.56,778.42,1172.85,1428.16,801.0,115.08,272.02,,,,,,,基础化工,化学制品,其他化学制品,8.7,8.65,8.62
sz300214,日科化学,2020-12-14,8.39,8.47,8.31,8.39,8.39,1737592.0,14607370.0,3036682657.5800004,3572567831.46,241287576.63,442242933.89,1898245825.89,2194005679.42,295759853.53,63665913.849999994,614.97,514.99,407.68,555.78,418.28,370.16,0.0,0.0,,,,,,,基础化工,化学制品,其他化学制品,8.34,8.43,8.42
sz300214,日科化学,2020-12-15,8.41,8.54,8.34,8.47,8.39,2596537.0,21946986.0,3065637915.34,3606632840.58,241287576.63,442242933.89,1898245825.89,2194005679.42,295759853.53,63665913.849999994,663.72,774.92,911.2,527.04,607.89,880.86,0.0,0.0,,,,,,,基础化工,化学制品,其他化学制品,8.4,8.39,8.36
sz300214,日科化学,2020-12-16,8.55,8.55,8.34,8.38,8.47,1793680.0,15033952.0,3033063250.36,3568309705.32,241287576.63,442242933.89,1898245825.89,2194005679.42,295759853.53,63665913.849999994,688.26,657.13,353.35,362.26,461.78,475.76,0.0,8.25,,,,,,,基础化工,化学制品,其他化学制品,8.44,8.41,8.42
sz300214,日科化学,2020-12-17,8.4,8.41,8.23,8.38,8.38,2547231.0,21245915.0,3033063250.36,3568309705.32,241287576.63,442242933.89,1898245825.89,2194005679.42,295759853.53,63665913.849999994,905.49,1082.96,474.22,523.1,744.89,518.53,0.0,0.0,,,,,,,基础化工,化学制品,其他化学制品,8.39,8.35,8.36
sz300214,日科化学,2020-12-18,8.4,8.5,8.28,8.48,8.38,2918076.0,24552550.0,3069257322.56,3610890966.72,241287576.63,442242933.89,1898245825.89,2194005679.42,295759853.53,63665913.849999994,1134.93,1340.16,606.55,343.48,713.77,645.61,0.0,126.0,,,,,,,基础化工,化学制品,其他化学制品,8.38,8.4,8.44
sz300214,日科化学,2020-12-21,8.4,8.59,8.35,8.56,8.48,2343500.0,19810973.0,3098212580.32,3644955975.84,241287576.63,442242933.89,1898245825.89,2194005679.42,295759853.53,63665913.849999994,914.98,737.19,477.68,367.49,588.43,876.42,0.0,0.0,,,,,,,基础化工,化学制品,其他化学制品,8.41,8.42,8.36
sz300214,日科化学,2020-12-22,8.56,8.58,8.31,8.31,8.56,2247076.0,18971681.0,3007727399.82,3538502822.34,241287576.63,442242933.89,1898245825.89,2194005679.42,295759853.53,63665913.849999994,802.66,733.38,304.61,641.9,683.6,505.99,106.31,15.89,,,,,,,基础化工,化学制品,其他化学制品,8.54,8.53,8.4
sz300214,日科化学,2020-12-23,8.36,8.43,8.29,8.38,8.31,1612700.0,13488071.0,3033063250.36,3568309705.32,241287576.63,442242933.89,1898245825.89,2194005679.42,295759853.53,63665913.849999994,829.25,586.42,188.63,343.62,330.93,418.77,0.0,0.0,,,,,,,基础化工,化学制品,其他化学制品,8.32,8.36,8.38
sz300214,日科化学,2020-12-24,8.43,8.43,8.08,8.1,8.38,3139965.0,25687440.0,2931719848.2000003,3449082173.4,241287576.63,442242933.89,1898245825.89,2194005679.42,295759853.53,63665913.849999994,1289.52,1264.18,327.54,730.96,951.69,573.61,0.0,0.0,,,,,,,基础化工,化学制品,其他化学制品,8.35,8.36,8.31
sz300214,日科化学,2020-12-25,8.08,8.56,8.06,8.5,8.1,3294988.0,27348859.0,3076496137.0,3619407219.0,241287576.63,442242933.89,1898245825.89,2194005679.42,295759853.53,63665913.849999994,918.97,1217.69,401.9,426.98,612.13,1090.22,801.89,0.0,,,,,,,基础化工,化学制品,其他化学制品,8.07,8.15,8.13
sz300214,日科化学,2020-12-28,8.52,8.52,8.35,8.36,8.5,1885377.0,15822948.0,3025824435.92,3559793453.04,241287576.63,442242933.89,1898245825.89,2194005679.42,295759853.53,63665913.849999994,827.17,729.41,246.14,162.62,508.99,406.69,0.0,283.58,,,,,,,基础化工,化学制品,其他化学制品,8.42,8.42,8.36
sz300214,日科化学,2020-12-29,8.43,8.48,8.28,8.28,8.36,1426100.0,11966259.0,2996869178.16,3525728443.92,241287576.63,442242933.89,1898245825.89,2194005679.42,295759853.53,63665913.849999994,624.1,536.96,79.42,306.08,493.1,353.59,0.0,0.0,,,,,,,基础化工,化学制品,其他化学制品,8.4,8.46,8.42
sz300214,日科化学,2020-12-30,8.33,8.37,8.26,8.27,8.28,1724800.0,14318287.0,2993249770.94,3521470317.78,241287576.63,442242933.89,1898245825.89,2194005679.42,295759853.53,63665913.849999994,794.25,577.93,132.2,460.95,505.39,392.95,0.0,0.0,,,,,,,基础化工,化学制品,其他化学制品,8.26,8.28,8.29
sz300214,日科化学,2020-12-31,8.29,8.4,8.29,8.39,8.27,1571523.0,13144574.0,3036682657.5800004,3572567831.46,241287576.63,442242933.89,1898245825.89,2194005679.42,295759853.53,63665913.849999994,695.08,701.95,265.02,231.23,354.35,381.28,0.0,0.0,,,,,,,基础化工,化学制品,其他化学制品,8.32,8.35,8.36
sz300214,日科化学,2021-01-04,8.4,8.48,8.34,8.44,8.39,1896531.0,15997780.0,3054779693.68,3593858462.16,241287576.63,442242933.89,1898245825.89,2194005679.42,295759853.53,63665913.849999994,717.65,848.44,199.37,281.75,662.54,449.37,0.0,0.0,,,,,,,基础化工,化学制品,其他化学制品,8.36,8.4,8.38
sz300214,日科化学,2021-01-05,8.47,8.47,8.3,8.41,8.44,2124430.0,17798551.0,3043921472.0200005,3581084083.74,241287576.63,442242933.89,1898245825.89,2194005679.42,295759853.53,63665913.849999994,735.49,894.24,307.37,316.49,736.92,569.04,0.0,0.0,,,,,,,基础化工,化学制品,其他化学制品,8.43,8.42,8.38
sz300214,日科化学,2021-01-06,8.36,8.47,8.24,8.28,8.41,1962202.0,16299098.0,2996869178.16,3525728443.92,241287576.63,442242933.89,1898245825.89,2194005679.42,295759853.53,63665913.849999994,531.57,673.98,527.96,496.52,570.38,459.42,0.0,0.0,,,,,,,基础化工,化学制品,其他化学制品,8.37,8.34,8.31
sz300214,日科化学,2021-01-07,8.29,8.29,8.07,8.11,8.28,2825602.0,22971122.0,2935339255.42,3453340299.5400004,241287576.63,442242933.89,1898245825.89,2194005679.42,295759853.53,63665913.849999994,1273.96,1259.31,57.87,474.95,821.9,562.85,143.38,0.0,,,,,,,基础化工,化学制品,其他化学制品,8.23,8.18,8.15
sz300214,日科化学,2021-01-08,8.17,8.24,7.95,8.12,8.11,2136723.0,17284929.0,2938958662.6400003,3457598425.6800003,241287576.63,442242933.89,1898245825.89,2194005679.42,295759853.53,63665913.849999994,719.96,833.91,241.3,326.31,767.23,568.28,0.0,0.0,,,,,,,基础化工,化学制品,其他化学制品,8.06,8.0,8.01
sz300214,日科化学,2021-01-11,8.19,8.19,7.86,7.89,8.12,2685730.0,21444924.0,2855712296.58,3359661524.46,241287576.63,442242933.89,1898245825.89,2194005679.42,295759853.53,63665913.849999994,1021.31,1006.99,222.46,519.66,900.72,617.84,0.0,0.0,,,,,,,基础化工,化学制品,其他化学制品,8.03,8.02,8.07
sz300214,日科化学,2021-01-12,7.85,7.94,7.8,7.86,7.89,2206136.0,17327714.0,2844854074.92,3346887146.04,241287576.63,442242933.89,1898245825.89,2194005679.42,295759853.53,63665913.849999994,711.79,762.23,431.26,517.44,589.72,453.11,0.0,0.0,,,,,,,基础化工,化学制品,其他化学制品,7.91,7.89,7.91
sz300214,日科化学,2021-01-13,7.89,7.89,7.58,7.64,7.86,2575596.0,19748972.0,2765227116.08,3253208370.96,241287576.63,442242933.89,1898245825.89,2194005679.42,295759853.53,63665913.849999994,690.08,997.55,432.18,407.18,852.63,570.17,0.0,0.0,,,,,,,基础化工,化学制品,其他化学制品,7.78,7.73,7.72
sz300214,日科化学,2021-01-14,7.68,7.78,7.53,7.73,7.64,1654800.0,12640251.0,2797801781.06,3291531506.22,241287576.63,442242933.89,1898245825.89,2194005679.42,295759853.53,63665913.849999994,587.43,394.53,143.45,79.94,529.91,597.15,0.0,189.16,,,,,,,基础化工,化学制品,其他化学制品,7.58,7.54,7.55
sz300214,日科化学,2021-01-15,7.74,7.96,7.72,7.93,7.73,2739400.0,21587182.0,2870189925.46,3376694029.02,241287576.63,442242933.89,1898245825.89,2194005679.42,295759853.53,63665913.849999994,1044.38,955.81,550.77,498.9,563.56,704.0,0.0,0.0,,,,,,,基础化工,化学制品,其他化学制品,7.78,7.8,7.79
sz300214,日科化学,2021-01-18,8.05,8.15,7.96,7.99,7.93,2037900.0,16407849.0,2891906368.78,3402242785.86,241287576.63,442242933.89,1898245825.89,2194005679.42,295759853.53,63665913.849999994,868.15,701.98,234.53,450.3,531.54,481.94,0.0,0.0,,,,,,,基础化工,化学制品,其他化学制品,8.08,8.11,8.07
sz300214,日科化学,2021-01-19,8.01,8.09,7.91,7.97,7.99,2195300.0,17558485.0,2884667554.34,3393726533.58,241287576.63,442242933.89,1898245825.89,2194005679.42,295759853.53,63665913.849999994,694.93,807.08,217.68,512.08,843.24,436.69,0.0,0.0,,,,,,,基础化工,化学制品,其他化学制品,8.05,8.02,8.04
sz300214,日科化学,2021-01-20,7.98,8.05,7.91,8.02,7.97,1101140.0,8773829.0,2902764590.44,3415017164.28,241287576.63,442242933.89,1898245825.89,2194005679.42,295759853.53,63665913.849999994,404.77,431.79,134.7,85.18,337.91,360.42,0.0,0.0,,,,,,,基础化工,化学制品,其他化学制品,7.95,7.96,7.93
sz300214,日科化学,2021-01-21,8.06,8.06,7.93,7.99,8.02,1445204.0,11544887.0,2891906368.78,3402242785.86,241287576.63,442242933.89,1898245825.89,2194005679.42,295759853.53,63665913.849999994,491.45,514.33,146.0,191.59,517.04,448.57,0.0,0.0,,,,,,,基础化工,化学制品,其他化学制品,8.0,8.01,7.98
sz300214,日科化学,2021-01-22,7.93,7.97,7.7,7.74,7.99,2195053.0,17063332.0,2801421188.28,3295789632.36,241287576.63,442242933.89,1898245825.89,2194005679.42,295759853.53,63665913.849999994,697.57,674.43,131.8,562.37,876.97,469.54,0.0,0.0,,,,,,,基础化工,化学制品,其他化学制品,7.93,7.86,7.81
sz300214,日科化学,2021-01-25,7.74,7.74,7.45,7.48,7.74,3881200.0,29240775.0,2707316600.56,3185078352.72,241287576.63,442242933.89,1898245825.89,2194005679.42,295759853.53,63665913.849999994,1244.66,822.41,484.22,1267.88,1195.2,677.12,0.0,156.67,,,,,,,基础化工,化学制品,其他化学制品,7.59,7.54,7.56
sz300214,日科化学,2021-01-26,7.43,7.52,7.34,7.38,7.48,1551500.0,11497218.0,2671122528.36,3142497091.32,241287576.63,442242933.89,1898245825.89,2194005679.42,295759853.53,63665913.849999994,415.45,534.73,84.5,225.23,649.77,389.76,0.0,0.0,,,,,,,基础化工,化学制品,其他化学制品,7.45,7.5,7.51
sz300214,日科化学,2021-01-27,7.38,7.6,7.35,7.54,7.38,2278804.0,17156421.0,2729033043.88,3210627109.5600004,241287576.63,442242933.89,1898245825.89,2194005679.42,295759853.53,63665913.849999994,819.54,766.77,222.36,196.52,665.0,743.61,0.0,0.0,,,,,,,基础化工,化学制品,其他化学制品,7.4,7.35,7.45
sz300214,日科化学,2021-01-28,7.51,7.84,7.5,7.74,7.54,3232700.0,25005706.0,2801421188.28,3295789632.36,241287576.63,442242933.89,1898245825.89,2194005679.42,295759853.53,63665913.849999994,1326.05,1149.58,379.87,461.18,787.69,882.84,0.0,0.0,,,,,,,基础化工,化学制品,其他化学制品,7.72,7.74,7.82
sz300214,日科化学,2021-01-29,7.82,7.85,7.66,7.85,7.74,2641900.0,20476528.0,2841234667.7,3342629019.9,241287576.63,442242933.89,1898245825.89,2194005679.42,295759853.53,63665913.849999994,1059.16,968.25,355.36,259.64,629.75,816.39,0.0,0.0,,,,,,,基础化工,化学制品,其他化学制品,7.79,7.71,7.67
sz300214,日科化学,2021-02-01,7.72,7.84,7.64,7.72,7.85,2543800.0,19575653.0,2794182373.84,3287273380.08,241287576.63,442242933.89,1898245825.89,2194005679.42,295759853.53,63665913.849999994,844.51,814.57,306.55,464.34,806.5,678.66,0.0,0.0,,,,,,,基础化工,化学制品,其他化学制品,7.81,7.78,7.72
sz300214,日科化学,2021-02-02,7.76,7.89,7.66,7.66,7.72,2192700.0,16907792.0,2772465930.52,3261724623.24,241287576.63,442242933.89,1898245825.89,2194005679.42,295759853.53,63665913.849999994,783.73,671.31,492.5,567.65,414.55,451.82,0.0,0.0,,,,,,,基础化工,化学制品,其他化学制品,7.72,7.69,7.73
sz300214,日科化学,2021-02-03,7.67,7.85,7.62,7.68,7.66,2208100.0,17045569.0,2779704744.96,3270240875.52,241287576.63,442242933.89,1898245825.89,2194005679.42,295759853.53,63665913.849999994,565.47,630.39,654.31,463.28,484.78,610.89,0.0,0.0,,,,,,,基础化工,化学制品,其他化学制品,7.85,7.71,7.68
sz300214,日科化学,2021-02-04,7.78,7.79,7.4,7.51,7.68,2020747.0,15227417.0,2718174822.2200003,3197852731.14,241287576.63,442242933.89,1898245825.89,2194005679.42,295759853.53,63665913.849999994,429.68,620.83,450.06,372.52,643.01,524.6,0.0,4.79,,,,,,,基础化工,化学制品,其他化学制品,7.66,7.65,7.64
sz300214,日科化学,2021-02-05,7.65,7.65,7.34,7.4,7.51,1486001.0,11102950.0,2678361342.8,3151013343.6,241287576.63,442242933.89,1898245825.89,2194005679.42,295759853.53,63665913.849999994,497.24,450.53,52.93,222.37,560.12,437.39,0.0,0.0,,,,,,,基础化工,化学制品,其他化学制品,7.61,7.59,7.56
sz300214,日科化学,2021-02-08,7.49,7.54,7.31,7.41,7.4,1241400.0,9213153.0,2681980750.0200005,3155271469.74,241287576.63,442242933.89,1898245825.89,2194005679.42,295759853.53,63665913.849999994,349.88,297.02,205.12,235.48,366.32,388.81,0.0,0.0,,,,,,,基础化工,化学制品,其他化学制品,7.38,7.34,7.37
sz300214,日科化学,2021-02-09,7.47,7.54,7.35,7.47,7.41,1563600.0,11624589.0,2703697193.34,3180820226.58,241287576.63,442242933.89,1898245825.89,2194005679.42,295759853.53,63665913.849999994,449.06,509.21,207.86,254.88,397.4,384.27,108.14,14.1,,,,,,,基础化工,化学制品,其他化学制品,7.37,7.41,7.43
sz300214,日科化学,2021-02-10,7.48,7.52,7.43,7.5,7.47,1117600.0,8358627.0,2714555415.0,3193594605.0,241287576.63,442242933.89,1898245825.89,2194005679.42,295759853.53,63665913.849999994,320.17,410.7,178.93,96.19,336.76,328.98,0.0,0.0,,,,,,,基础化工,化学制品,其他化学制品,7.46,7.46,7.47
sz300214,日科化学,2021-02-18,7.59,7.7,7.51,7.66,7.5,1674900.0,12805144.0,2772465930.52,3261724623.24,241287576.63,442242933.89,1898245825.89,2194005679.42,295759853.53,63665913.849999994,528.95,659.67,185.09,156.73,566.47,464.12,0.0,0.0,,,,,,,基础化工,化学制品,其他化学制品,7.59,7.7,7.68
sz300214,日科化学,2021-02-19,7.72,8.37,7.66,8.16,7.66,5007947.0,40602189.0,2953436291.52,3474630930.24,241287576.63,442242933.89,1898245825.89,2194005679.42,295759853.53,63665913.849999994,1718.38,1816.23,1141.56,816.45,1143.72,1370.97,0.0,0.0,,,,,,,基础化工,化学制品,其他化学制品,7.72,7.9,8.22
sz300214,日科化学,2021-02-22,8.1,8.45,8.08,8.34,8.16,4879100.0,40500884.0,3018585621.48,3551277200.76,241287576.63,442242933.89,1898245825.89,2194005679.42,295759853.53,63665913.849999994,2094.49,2331.23,506.42,431.29,1449.17,1154.11,0.0,133.46,,,,,,,基础化工,化学制品,其他化学制品,8.2,8.33,8.26
sz300214,日科化学,2021-02-23,8.3,8.4,8.11,8.16,8.34,3574600.0,29356275.0,2953436291.52,3474630930.24,241287576.63,442242933.89,1898245825.89,2194005679.42,295759853.53,63665913.849999994,1524.55,1254.43,255.19,756.71,1155.89,628.17,0.0,296.32,,,,,,,基础化工,化学制品,其他化学制品,8.37,8.21,8.19
sz300214,日科化学,2021-02-24,8.26,8.4,8.22,8.27,8.16,4446066.0,36938702.0,2993249770.94,3521470317.78,241287576.63,442242933.89,1898245825.89,2194005679.42,295759853.53,63665913.849999994,1677.07,1670.74,377.17,955.38,1639.64,1067.75,0.0,0.0,,,,,,,基础化工,化学制品,其他化学制品,8.31,8.28,8.33
sz300214,日科化学,2021-02-25,8.39,8.4,8.21,8.26,8.27,3189302.0,26424190.0,2989630363.72,3517212191.64,241287576.63,442242933.89,1898245825.89,2194005679.42,295759853.53,63665913.849999994,850.59,1363.2,381.71,486.41,1080.94,753.43,329.18,39.38,,,,,,,基础化工,化学制品,其他化学制品,8.33,8.27,8.22
sz300214,日科化学,2021-02-26,8.26,8.28,8.1,8.2,8.26,2241501.0,18389043.0,2967913920.4,3491663434.8,241287576.63,442242933.89,1898245825.89,2194005679.42,295759853.53,63665913.849999994,699.97,875.92,121.35,363.54,1017.58,599.45,0.0,0.0,,,,,,,基础化工,化学制品,其他化学制品,8.2,8.25,8.25
sz300214,日科化学,2021-03-01,8.36,8.36,8.16,8.31,8.2,6001700.0,49535096.0,3007727399.82,3538502822.34,241287576.63,442242933.89,1898245825.89,2194005679.42,295759853.53,63665913.849999994,2449.71,2242.57,769.75,1604.16,1734.05,1106.78,0.0,0.0,,,,,,,基础化工,化学制品,其他化学制品,8.25,8.28,8.24
sz300214,日科化学,2021-03-02,8.17,8.21,7.74,7.89,8.31,8130000.0,64002042.0,2855712296.58,3359661524.46,241287576.63,442242933.89,1898245825.89,2194005679.42,295759853.53,63665913.849999994,2304.05,2614.81,1447.46,1728.43,2648.7,1949.79,0.0,107.17,,,,,,,基础化工,化学制品,其他化学制品,7.94,7.87,7.88
sz300214,日科化学,2021-03-03,7.87,7.93,7.75,7.83,7.89,6318600.0,49458528.0,2833995853.26,3334112767.62,241287576.63,442242933.89,1898245825.89,2194005679.42,295759853.53,63665913.849999994,2032.24,2083.97,1164.6,1827.77,1741.8,950.42,0.0,76.49,,,,,,,基础化工,化学制品,其他化学制品,7.83,7.85,7.8
sz300214,日科化学,2021-03-04,7.84,7.86,7.72,7.73,7.83,3798400.0,29597534.0,2797801781.06,3291531506.22,241287576.63,442242933.89,1898245825.89,2194005679.42,295759853.53,63665913.849999994,1014.37,1397.07,780.22,854.62,1165.16,708.06,0.0,0.0,,,,,,,基础化工,化学制品,其他化学制品,7.83,7.82,7.8
sz300214,日科化学,2021-03-05,7.69,7.81,7.69,7.76,7.73,2860800.0,22180169.0,2808660002.72,3304305884.64,241287576.63,442242933.89,1898245825.89,2194005679.42,295759853.53,63665913.849999994,943.08,773.93,531.17,744.41,717.0,672.92,0.0,0.0,,,,,,,基础化工,化学制品,其他化学制品,7.75,7.77,7.76
sz300214,日科化学,2021-03-08,7.77,7.89,7.74,7.74,7.76,2672500.0,20866881.0,2801421188.28,3295789632.36,241287576.63,442242933.89,1898245825.89,2194005679.42,295759853.53,63665913.849999994,880.27,1014.66,421.55,189.69,709.18,882.33,75.7,0.0,,,,,,,基础化工,化学制品,其他化学制品,7.78,7.84,7.83
sz300214,日科化学,2021-03-09,7.75,7.76,7.45,7.56,7.74,2851800.0,21621751.0,2736271858.32,3219143361.84,241287576.63,442242933.89,1898245825.89,2194005679.42,295759853.53,63665913.849999994,1006.67,1009.1,179.41,366.75,976.09,786.33,0.0,0.0,,,,,,,基础化工,化学制品,其他化学制品,7.65,7.6,7.52
sz300214,日科化学,2021-03-10,7.66,7.66,7.42,7.45,7.56,2141000.0,16059307.0,2696458378.9,3172303974.3,241287576.63,442242933.89,1898245825.89,2194005679.42,295759853.53,63665913.849999994,580.92,675.25,251.18,335.58,773.84,595.1,0.0,0.0,,,,,,,基础化工,化学制品,其他化学制品,7.6,7.54,7.56
sz300214,日科化学,2021-03-11,7.47,7.57,7.41,7.56,7.45,2113802.0,15890236.0,2736271858.32,3219143361.84,241287576.63,442242933.89,1898245825.89,2194005679.42,295759853.53,63665913.849999994,756.44,547.15,351.68,532.21,480.91,509.67,0.0,0.0,,,,,,,基础化工,化学制品,其他化学制品,7.45,7.45,7.52
sz300214,日科化学,2021-03-12,7.6,7.6,7.47,7.56,7.56,1587400.0,11957869.0,2736271858.32,3219143361.84,241287576.63,442242933.89,1898245825.89,2194005679.42,295759853.53,63665913.849999994,447.2,436.17,293.41,357.23,455.17,402.38,0.0,0.0,,,,,,,基础化工,化学制品,其他化学制品,7.54,7.52,7.52
sz300214,日科化学,2021-03-15,7.57,7.69,7.51,7.67,7.56,2144500.0,16351936.0,2776085337.74,3265982749.38,241287576.63,442242933.89,1898245825.89,2194005679.42,295759853.53,63665913.849999994,826.71,568.89,89.17,370.44,525.02,695.87,194.29,0.0,,,,,,,基础化工,化学制品,其他化学制品,7.58,7.57,7.63
sz300214,日科化学,2021-03-16,7.69,7.71,7.59,7.69,7.67,1439300.0,11018545.0,2783324152.1800003,3274499001.66,241287576.63,442242933.89,1898245825.89,2194005679.42,295759853.53,63665913.849999994,432.17,452.91,66.46,130.74,603.22,518.2,0.0,0.0,,,,,,,基础化工,化学制品,其他化学制品,7.63,7.64,7.65
sz300214,日科化学,2021-03-17,7.68,7.72,7.63,7.7,7.69,1813100.0,13915350.0,2786943559.4,3278757127.8,241287576.63,442242933.89,1898245825.89,2194005679.42,295759853.53,63665913.849999994,612.33,680.75,215.29,223.85,464.6,477.06,89.43,0.0,,,,,,,基础化工,化学制品,其他化学制品,7.65,7.66,7.64
sz300214,日科化学,2021-03-18,7.72,7.76,7.65,7.67,7.7,1824400.0,14051526.0,2776085337.74,3265982749.38,241287576.63,442242933.89,1898245825.89,2194005679.42,295759853.53,63665913.849999994,636.96,632.3,224.42,273.69,541.6,497.0,0.0,0.0,,,,,,,基础化工,化学制品,其他化学制品,7.69,7.72,7.72
sz300214,日科化学,2021-03-19,7.62,7.66,7.52,7.58,7.67,2081100.0,15813708.0,2743510672.76,3227659614.12,241287576.63,442242933.89,1898245825.89,2194005679.42,295759853.53,63665913.849999994,699.41,458.57,146.34,684.77,735.62,438.03,0.0,0.0,,,,,,,基础化工,化学制品,其他化学制品,7.58,7.6,7.65
sz300214,日科化学,2021-03-22,7.58,7.7,7.55,7.66,7.58,1817100.0,13908343.0,2772465930.52,3261724623.24,241287576.63,442242933.89,1898245825.89,2194005679.42,295759853.53,63665913.849999994,525.28,674.5,297.69,164.22,565.96,552.11,1.91,0.0,,,,,,,基础化工,化学制品,其他化学制品,7.59,7.59,7.64
sz300214,日科化学,2021-03-23,7.68,7.69,7.5,7.55,7.66,2286500.0,17332232.0,2732652451.1000004,3214885235.7000003,241287576.63,442242933.89,1898245825.89,2194005679.42,295759853.53,63665913.849999994,712.09,644.94,201.87,422.41,819.27,536.39,0.0,129.49,,,,,,,基础化工,化学制品,其他化学制品,7.69,7.67,7.65
sz300214,日科化学,2021-03-24,7.51,7.57,7.41,7.48,7.55,1679100.0,12558653.0,2707316600.56,3185078352.72,241287576.63,442242933.89,1898245825.89,2194005679.42,295759853.53,63665913.849999994,483.0,377.17,125.48,422.01,647.39,456.69,0.0,0.0,,,,,,,基础化工,化学制品,其他化学制品,7.5,7.52,7.53
sz300214,日科化学,2021-03-25,7.52,7.53,7.43,7.5,7.48,984000.0,7366097.0,2714555415.0,3193594605.0,241287576.63,442242933.89,1898245825.89,2194005679.42,295759853.53,63665913.849999994,249.57,349.55,134.0,37.31,353.04,349.75,0.0,0.0,,,,,,,基础化工,化学制品,其他化学制品,7.48,7.5,7.46
sz300214,日科化学,2021-03-26,7.52,7.58,7.46,7.57,7.5,1432100.0,10802024.0,2739891265.54,3223401487.98,241287576.63,442242933.89,1898245825.89,2194005679.42,295759853.53,63665913.849999994,622.92,532.83,124.32,120.28,323.8,427.1,9.16,0.0,,,,,,,基础化工,化学制品,其他化学制品,7.49,7.51,7.52
sz300214,日科化学,2021-03-29,7.54,7.62,7.53,7.58,7.57,1277000.0,9675974.0,2743510672.76,3227659614.12,241287576.63,442242933.89,1898245825.89,2194005679.42,295759853.53,63665913.849999994,401.14,315.73,195.88,208.04,370.58,443.83,0.0,0.0,,,,,,,基础化工,化学制品,其他化学制品,7.56,7.55,7.58
sz300214,日科化学,2021-03-30,7.6,7.6,7.42,7.46,7.58,1497800.0,11198609.0,2700077786.12,3176562100.44,241287576.63,442242933.89,1898245825.89,2194005679.42,295759853.53,63665913.849999994,498.64,232.61,124.15,522.95,497.08,364.3,0.0,0.0,,,,,,,基础化工,化学制品,其他化学制品,7.54,7.5,7.47
sz300214,日科化学,2021-03-31,7.38,7.52,7.38,7.45,7.38,1379300.0,10252368.0,2696458378.9,3172303974.3,241287576.63,442242933.89,1898245825.89,2194005679.42,295759853.53,63665913.849999994,400.92,267.22,250.49,335.39,370.49,419.28,0.0,0.0,,,,,,,基础化工,化学制品,其他化学制品,7.4,7.39,7.48
sz300214,日科化学,2021-04-01,7.41,7.5,7.41,7.45,7.45,1401000.0,10428750.0,2696458378.9,3172303974.3,241287576.63,442242933.89,1898245825.89,2194005679.42,295759853.53,63665913.849999994,298.75,478.77,485.1,212.1,259.02,352.0,0.0,0.0,,,,,,,基础化工,化学制品,其他化学制品,7.43,7.44,7.45
sz300214,日科化学,2021-04-02,7.46,7.49,7.36,7.45,7.45,1548504.0,11482379.0,2696458378.9,3172303974.3,241287576.63,442242933.89,1898245825.89,2194005679.42,295759853.53,63665913.849999994,493.44,409.32,281.32,356.75,373.48,382.17,0.0,0.0,,,,,,,基础化工,化学制品,其他化学制品,7.42,7.43,7.42
sz300214,日科化学,2021-04-06,7.48,7.59,7.42,7.58,7.45,1849700.0,13917732.0,2743510672.76,3227659614.12,241287576.63,442242933.89,1898245825.89,2194005679.42,295759853.53,63665913.849999994,459.5,675.43,438.11,181.23,494.17,535.12,0.0,0.0,,,,,,,基础化工,化学制品,其他化学制品,7.44,7.44,7.45
sz300214,日科化学,2021-04-07,7.53,7.6,7.46,7.59,7.58,1341000.0,10153325.0,2747130079.98,3231917740.26,241287576.63,442242933.89,1898245825.89,2194005679.42,295759853.53,63665913.849999994,375.31,467.3,216.9,244.13,423.12,303.9,0.0,0.0,,,,,,,基础化工,化学制品,其他化学制品,7.58,7.54,7.54
sz300214,日科化学,2021-04-08,7.55,7.61,7.53,7.53,7.59,1173300.0,8864218.0,2725413636.6600003,3206368983.42,241287576.63,442242933.89,1898245825.89,2194005679.42,295759853.53,63665913.849999994,319.15,394.3,126.57,71.15,433.3,413.58,0.0,0.0,,,,,,,基础化工,化学制品,其他化学制品,7.58,7.59,7.56
sz300214,日科化学,2021-04-09,7.51,7.56,7.47,7.54,7.53,1554200.0,11664668.0,2729033043.88,3210627109.5600004,241287576.63,442242933.89,1898245825.89,2194005679.42,295759853.53,63665913.849999994,417.03,416.45,323.51,372.0,425.92,284.19,0.0,93.82,,,,,,,基础化工,化学制品,其他化学制品,7.52,7.52,7.55
sz300214,日科化学,2021-04-12,7.5,7.57,7.4,7.42,7.54,1359900.0,10160939.0,2685600157.24,3159529595.88,241287576.63,442242933.89,1898245825.89,2194005679.42,295759853.53,63665913.849999994,394.37,332.89,183.76,281.74,437.97,401.46,0.0,0.0,,,,,,,基础化工,化学制品,其他化学制品,7.52,7.51,7.52
sz300214,日科化学,2021-04-13,7.5,7.5,7.37,7.4,7.42,953800.0,7069916.0,2678361342.8,3151013343.6,241287576.63,442242933.89,1898245825.89,2194005679.42,295759853.53,63665913.849999994,355.1,152.8,96.83,209.2,255.06,344.99,0.0,0.0,,,,,,,基础化工,化学制品,其他化学制品,7.41,7.39,7.42
sz300214,日科化学,2021-04-14,7.4,7.49,7.38,7.48,7.4,1180101.0,8787556.0,2707316600.56,3185078352.72,241287576.63,442242933.89,1898245825.89,2194005679.42,295759853.53,63665913.849999994,391.18,348.09,116.4,183.95,371.18,346.71,0.0,0.0,,,,,,,基础化工,化学制品,其他化学制品,7.4,7.43,7.42
sz300214,日科化学,2021-04-15,7.4,7.51,7.4,7.47,7.48,884901.0,6601495.0,2703697193.34,3180820226.58,241287576.63,442242933.89,1898245825.89,2194005679.42,295759853.53,63665913.849999994,299.95,332.44,93.51,62.41,266.7,265.3,0.0,0.0,,,,,,,基础化工,化学制品,其他化学制品,7.47,7.48,7.47
sz300214,日科化学,2021-04-16,7.57,7.57,7.4,7.54,7.47,1387200.0,10437700.0,2729033043.88,3210627109.5600004,241287576.63,442242933.89,1898245825.89,2194005679.42,295759853.53,63665913.849999994,354.95,435.34,256.33,149.58,432.49,458.84,0.0,0.0,,,,,,,基础化工,化学制品,其他化学制品,7.46,7.51,7.54
sz300214,日科化学,2021-04-19,7.51,7.66,7.51,7.65,7.54,2149799.0,16376828.0,2768846523.3,3257466497.1000004,241287576.63,442242933.89,1898245825.89,2194005679.42,295759853.53,63665913.849999994,757.74,613.58,359.47,459.15,520.47,564.95,0.0,0.0,,,,,,,基础化工,化学制品,其他化学制品,7.56,7.58,7.62
sz300214,日科化学,2021-04-20,7.6,7.8,7.6,7.77,7.65,3287791.0,25374373.0,2812279409.94,3308564010.78,207036161.13,463349034.97,1922966613.32,2269233836.41,346267223.09,26263697.180000007,961.76,1041.93,892.45,526.95,683.23,968.55,0.0,0.0,,,,,,,基础化工,化学制品,其他化学制品,7.63,7.65,7.65
sz300214,日科化学,2021-04-21,7.77,7.87,7.72,7.74,7.77,3421500.0,26682969.0,2801421188.28,3295789632.36,207036161.13,463349034.97,1922966613.32,2269233836.41,346267223.09,26263697.180000007,1186.16,1102.83,861.27,728.06,620.87,837.41,0.0,0.0,,,,,,,基础化工,化学制品,其他化学制品,7.78,7.79,7.83
sz300214,日科化学,2021-04-22,7.79,7.84,7.71,7.74,7.74,1620299.0,12552792.0,2801421188.28,3295789632.36,207036161.13,463349034.97,1922966613.32,2269233836.41,346267223.09,26263697.180000007,403.82,374.37,320.8,260.95,530.67,447.9,0.0,172.06,,,,,,,基础化工,化学制品,其他化学制品,7.77,7.75,7.76
sz300214,日科化学,2021-04-23,7.77,7.77,7.63,7.68,7.74,1159200.0,8892452.0,2779704744.96,3270240875.52,207036161.13,463349034.97,1922966613.32,2269233836.41,346267223.09,26263697.180000007,366.09,378.51,273.86,186.98,249.29,323.75,0.0,0.0,,,,,,,基础化工,化学制品,其他化学制品,7.73,7.71,7.7
sz300214,日科化学,2021-04-26,7.71,7.72,7.58,7.61,7.68,1754700.0,13401205.0,2754368894.42,3240433992.54,207036161.13,463349034.97,1922966613.32,2269233836.41,346267223.09,26263697.180000007,669.86,370.34,304.37,346.63,365.9,405.18,0.0,217.96,,,,,,,基础化工,化学制品,其他化学制品,7.66,7.62,7.63
sz300214,日科化学,2021-04-27,7.61,7.68,7.53,7.6,7.61,1326053.0,10042434.0,2750749487.2,3236175866.4,207036161.13,463349034.97,1922966613.32,2269233836.41,346267223.09,26263697.180000007,408.04,398.05,319.35,298.62,276.86,307.57,0.0,0.0,,,,,,,基础化工,化学制品,其他化学制品,7.59,7.57,7.56
sz300214,日科化学,2021-04-28,7.72,7.73,7.46,7.49,7.6,2020253.0,15237050.0,2710936007.78,3189336478.86,207036161.13,463349034.97,1922966613.32,2269233836.41,346267223.09,26263697.180000007,671.84,395.2,297.74,540.29,554.12,588.22,0.0,0.0,,,,,,,基础化工,化学制品,其他化学制品,7.61,7.59,7.57
sz300214,日科化学,2021-04-29,7.38,7.44,7.35,7.4,7.49,2061205.0,15245202.0,2678361342.8,3151013343.6,207036161.13,463349034.97,1922966613.32,2269233836.41,346267223.09,26263697.180000007,772.19,658.58,232.92,306.87,519.4,559.07,0.0,0.0,,,,,,,基础化工,化学制品,其他化学制品,7.41,7.42,7.42
sz300214,日科化学,2021-04-30,7.51,7.51,7.36,7.4,7.4,1190947.0,8819955.0,2678361342.8,3151013343.6,207036161.13,463349034.97,1922966613.32,2269233836.41,346267223.09,26263697.180000007,406.17,408.65,99.37,105.69,376.45,367.66,0.0,0.0,,,,,,,基础化工,化学制品,其他化学制品,7.44,7.41,7.4
sz300214,日科化学,2021-05-06,7.39,7.48,7.31,7.33,7.4,1238500.0,9109971.0,2653025492.26,3121206460.6200004,207036161.13,463349034.97,1922966613.32,2269233836.41,346267223.09,26263697.180000007,321.31,308.08,103.97,328.17,485.72,274.75,0.0,0.0,,,,,,,基础化工,化学制品,其他化学制品,7.48,7.4,7.39
sz300214,日科化学,2021-05-07,7.37,7.37,7.21,7.23,7.33,1390900.0,10103629.0,2616831420.06,3078625199.2200003,207036161.13,463349034.97,1922966613.32,2269233836.41,346267223.09,26263697.180000007,373.06,486.78,181.4,212.63,455.9,310.95,0.0,0.0,,,,,,,基础化工,化学制品,其他化学制品,7.25,7.25,7.25
sz300214,日科化学,2021-05-10,7.28,7.32,7.19,7.28,7.23,850620.0,6180987.0,2634928456.16,3099915829.92,207036161.13,463349034.97,1922966613.32,2269233836.41,346267223.09,26263697.180000007,266.62,203.19,145.93,155.7,205.54,250.4,0.0,8.81,,,,,,,基础化工,化学制品,其他化学制品,7.21,7.26,7.24
sz300214,日科化学,2021-05-11,7.39,7.39,7.23,7.26,7.28,1059900.0,7702225.0,2627689641.7200003,3091399577.64,207036161.13,463349034.97,1922966613.32,2269233836.41,346267223.09,26263697.180000007,281.19,258.57,125.02,209.1,364.02,302.55,0.0,0.0,,,,,,,基础化工,化学制品,其他化学制品,7.28,7.28,7.27
sz300214,日科化学,2021-05-12,7.24,7.36,7.21,7.31,7.26,1239899.0,9012818.0,2645786677.82,3112690208.34,207036161.13,463349034.97,1922966613.32,2269233836.41,346267223.09,26263697.180000007,301.55,316.24,228.33,217.72,313.49,367.32,57.91,0.0,,,,,,,基础化工,化学制品,其他化学制品,7.23,7.21,7.23
sz300214,日科化学,2021-05-13,7.32,7.38,7.26,7.27,7.31,1675720.0,12264740.0,2631309048.94,3095657703.78,207036161.13,463349034.97,1922966613.32,2269233836.41,346267223.09,26263697.180000007,368.96,391.46,364.97,525.42,492.54,309.6,0.0,0.0,,,,,,,基础化工,化学制品,其他化学制品,7.29,7.35,7.36
sz300214,日科化学,2021-05-14,7.33,7.36,7.3,7.34,7.27,1356500.0,9942772.0,2656644899.48,3125464586.76,207036161.13,463349034.97,1922966613.32,2269233836.41,346267223.09,26263697.180000007,423.16,531.49,197.63,105.32,364.94,348.92,0.0,0.0,,,,,,,基础化工,化学制品,其他化学制品,7.32,7.33,7.32
sz300214,日科化学,2021-05-17,7.4,7.4,7.2,7.22,7.34,1491000.0,10867807.0,2613212012.84,3074367073.08,207036161.13,463349034.97,1922966613.32,2269233836.41,346267223.09,26263697.180000007,426.01,441.81,157.18,284.53,503.58,360.44,0.0,0.0,,,,,,,基础化工,化学制品,其他化学制品,7.31,7.32,7.32
sz300214,日科化学,2021-05-18,7.28,7.3,7.19,7.21,7.22,1485502.0,10741371.0,2627856357.56,3070108946.94,207036161.13,463349034.97,1922966613.32,2269233836.41,346267223.09,26263697.180000007,379.77,551.04,174.85,304.12,398.83,218.98,120.69,0.0,,,,,,,基础化工,化学制品,其他化学制品,7.23,7.26,7.23
sz300214,日科化学,2021-05-19,7.22,7.24,7.19,7.22,7.21,1620300.0,11685754.0,2631501095.92,3074367073.08,207036161.13,463349034.97,1922966613.32,2269233836.41,346267223.09,26263697.180000007,369.15,359.09,404.39,385.03,378.65,424.46,16.39,0.0,,,,,,,基础化工,化学制品,其他化学制品,7.2,7.21,7.22
sz300214,日科化学,2021-05-20,7.25,7.25,7.06,7.12,7.22,1968900.0,14016205.0,2595053712.32,3031785811.68,207036161.13,463349034.97,1922966613.32,2269233836.41,346267223.09,26263697.180000007,529.58,554.61,305.48,394.45,566.56,452.56,0.0,0.0,,,,,,,基础化工,化学制品,其他化学制品,7.21,7.15,7.15
sz300214,日科化学,2021-05-21,7.09,7.17,7.07,7.11,7.12,1461800.0,10396880.0,2591408973.96,3027527685.54,189007786.26,379810008.01,1925525392.54,2304596450.06,379071057.52,38249194.58,348.44,456.77,334.62,283.4,356.63,299.52,0.0,0.0,,,,,,,基础化工,化学制品,其他化学制品,7.12,7.1,7.09
sz300214,日科化学,2021-05-24,7.15,7.15,7.04,7.05,7.11,1648600.0,11658128.0,2569540543.8,3001978928.7,189007786.26,379810008.01,1925525392.54,2304596450.06,379071057.52,38249194.58,404.65,472.91,328.87,451.03,432.29,241.86,0.0,0.0,,,,,,,基础化工,化学制品,其他化学制品,7.1,7.1,7.1
sz300214,日科化学,2021-05-25,7.11,7.11,7.01,7.09,7.05,1860891.0,13118350.0,2584119497.24,3019011433.26,189007786.26,379810008.01,1925525392.54,2304596450.06,379071057.52,38249194.58,528.87,628.33,429.01,341.05,353.96,342.45,0.0,0.0,,,,,,,基础化工,化学制品,其他化学制品,7.04,7.04,7.05
sz300214,日科化学,2021-05-26,7.13,7.16,7.08,7.13,7.09,1894802.0,13512086.0,2598698450.68,3036043937.82,189007786.26,379810008.01,1925525392.54,2304596450.06,379071057.52,38249194.58,407.15,513.76,318.53,376.87,527.49,332.59,98.04,127.99,,,,,,,基础化工,化学制品,其他化学制品,7.14,7.11,7.12
sz300214,日科化学,2021-05-27,7.15,7.23,7.13,7.23,7.13,1796803.0,12935127.0,2635145834.28,3078625199.2200003,189007786.26,379810008.01,1925525392.54,2304596450.06,379071057.52,38249194.58,505.2,557.17,315.34,301.16,472.98,435.19,0.0,0.0,,,,,,,基础化工,化学制品,其他化学制品,7.18,7.17,7.2
sz300214,日科化学,2021-05-28,7.2,7.27,7.08,7.2,7.23,2141800.0,15400471.0,2624211619.2,3065850820.8,189007786.26,379810008.01,1925525392.54,2304596450.06,379071057.52,38249194.58,587.51,512.89,412.86,420.61,537.9,604.76,0.0,0.0,,,,,,,基础化工,化学制品,其他化学制品,7.22,7.22,7.21
sz300214,日科化学,2021-05-31,7.25,7.27,7.17,7.23,7.2,1620200.0,11669787.0,2635145834.28,3078625199.2200003,189007786.26,379810008.01,1925525392.54,2304596450.06,379071057.52,38249194.58,359.51,529.53,201.56,321.84,392.37,315.6,213.54,0.0,,,,,,,基础化工,化学制品,其他化学制品,7.19,7.21,7.2
sz300214,日科化学,2021-06-01,7.2,7.28,7.18,7.24,7.23,1658400.0,11981509.0,2638790572.64,3082883325.36,189007786.26,379810008.01,1925525392.54,2304596450.06,379071057.52,38249194.58,615.79,718.14,173.2,137.81,409.16,342.19,0.0,0.0,,,,,,,基础化工,化学制品,其他化学制品,7.21,7.21,7.21
sz300214,日科化学,2021-06-02,7.19,7.23,7.12,7.14,7.24,1302700.0,9335280.0,2602343189.04,3040302063.96,189007786.26,379810008.01,1925525392.54,2304596450.06,379071057.52,38249194.58,388.91,354.03,66.37,254.24,478.24,325.26,0.0,0.0,,,,,,,基础化工,化学制品,其他化学制品,7.22,7.18,7.14
sz300214,日科化学,2021-06-03,7.16,7.18,7.09,7.09,7.14,1407500.0,10049699.0,2584119497.24,3019011433.26,189007786.26,379810008.01,1925525392.54,2304596450.06,379071057.52,38249194.58,457.91,467.58,93.76,295.54,453.3,241.85,0.0,0.0,,,,,,,基础化工,化学制品,其他化学制品,7.15,7.17,7.18
sz300214,日科化学,2021-06-04,7.09,7.2,7.06,7.18,7.09,1637300.0,11656675.0,2616922142.48,3057334568.5199995,189007786.26,379810008.01,1925525392.54,2304596450.06,379071057.52,38249194.58,429.62,390.23,376.55,262.1,359.49,513.33,0.0,0.0,,,,,,,基础化工,化学制品,其他化学制品,7.09,7.09,7.07
sz300214,日科化学,2021-06-07,7.18,7.23,7.12,7.18,7.18,1072600.0,7677876.0,2616922142.48,3057334568.5199995,189007786.26,379810008.01,1925525392.54,2304596450.06,379071057.52,38249194.58,263.76,323.17,170.74,211.37,327.61,227.57,0.0,0.0,,,,,,,基础化工,化学制品,其他化学制品,7.2,7.17,7.14
sz300214,日科化学,2021-06-08,7.21,7.21,7.1,7.12,7.18,972900.0,6941365.0,2595053712.32,3031785811.68,189007786.26,379810008.01,1925525392.54,2304596450.06,379071057.52,38249194.58,292.97,353.4,86.68,104.8,314.49,235.94,0.0,0.0,,,,,,,基础化工,化学制品,其他化学制品,7.17,7.17,7.15
sz300214,日科化学,2021-06-09,7.12,7.19,7.08,7.15,7.12,1199900.0,8578270.0,2605987927.4,3044560190.1,189007786.26,379810008.01,1925525392.54,2304596450.06,379071057.52,38249194.58,342.6,377.58,218.93,235.79,296.3,244.45,0.0,0.0,,,,,,,基础化工,化学制品,其他化学制品,7.1,7.12,7.13
sz300214,日科化学,2021-06-10,7.15,7.17,7.09,7.15,7.15,1512800.0,10780164.0,2605987927.4,3044560190.1,189007786.26,379810008.01,1925525392.54,2304596450.06,379071057.52,38249194.58,296.2,281.24,297.06,467.4,484.75,329.38,0.0,0.0,,,,,,,基础化工,化学制品,其他化学制品,7.15,7.14,7.13
sz300214,日科化学,2021-06-11,7.17,7.17,7.09,7.11,7.15,1460000.0,10404575.0,2591408973.96,3027527685.54,189007786.26,379810008.01,1925525392.54,2304596450.06,379071057.52,38249194.58,394.63,397.66,109.73,245.42,433.8,294.84,102.3,102.53,,,,,,,基础化工,化学制品,其他化学制品,7.12,7.12,7.14
sz300214,日科化学,2021-06-15,7.08,7.11,6.91,6.92,7.11,2677734.0,18649927.0,2522158945.12,2946623288.88,189007786.26,379810008.01,1925525392.54,2304596450.06,379071057.52,38249194.58,590.77,728.81,415.31,658.7,858.92,462.72,0.0,14.77,,,,,,,基础化工,化学制品,其他化学制品,7.08,7.02,7.02
sz300214,日科化学,2021-06-16,6.92,6.94,6.81,6.82,6.92,1576500.0,10839733.0,2485711561.52,2904042027.48,189007786.26,379810008.01,1925525392.54,2304596450.06,379071057.52,38249194.58,293.17,448.84,71.86,343.58,718.95,291.55,0.0,0.0,,,,,,,基础化工,化学制品,其他化学制品,6.93,6.92,6.92
sz300214,日科化学,2021-06-17,6.82,6.97,6.77,6.94,6.82,1894402.0,13060730.0,2529448421.84,2955139541.16,189007786.26,379810008.01,1925525392.54,2304596450.06,379071057.52,38249194.58,292.9,443.13,361.08,238.55,652.09,624.39,0.0,0.0,,,,,,,基础化工,化学制品,其他化学制品,6.86,6.89,6.92
sz300214,日科化学,2021-06-18,6.97,6.99,6.89,6.94,6.94,826000.0,5719722.0,2529448421.84,2955139541.16,189007786.26,379810008.01,1925525392.54,2304596450.06,379071057.52,38249194.58,182.47,244.11,123.28,26.15,266.22,301.71,0.0,0.0,,,,,,,基础化工,化学制品,其他化学制品,6.92,6.92,6.9
sz300214,日科化学,2021-06-21,6.94,6.99,6.88,6.9,6.94,1204200.0,8328730.0,2514869468.4,2938107036.6,189007786.26,379810008.01,1925525392.54,2304596450.06,379071057.52,38249194.58,336.36,261.09,120.37,313.4,376.14,258.39,0.0,0.0,,,,,,,基础化工,化学制品,其他化学制品,6.95,6.97,6.94
sz300214,日科化学,2021-06-22,6.9,6.94,6.86,6.88,6.9,1385300.0,9543136.0,2507579991.6800003,2929590784.32,189007786.26,379810008.01,1925525392.54,2304596450.06,379071057.52,38249194.58,409.59,401.26,65.22,297.61,479.5,255.44,0.0,0.0,,,,,,,基础化工,化学制品,其他化学制品,6.9,6.9,6.9
sz300214,日科化学,2021-06-23,6.82,7.45,6.82,7.21,6.88,7301100.0,52793073.0,2627856357.56,3070108946.94,189007786.26,379810008.01,1925525392.54,2304596450.06,379071057.52,38249194.58,2388.38,2128.57,857.4,819.04,1815.51,2161.2,218.01,170.5,,,,,,,基础化工,化学制品,其他化学制品,7.18,7.36,7.32
sz300214,日科化学,2021-06-24,7.12,7.16,7.05,7.13,7.21,2783300.0,19763526.0,2598698450.68,3036043937.82,189007786.26,379810008.01,1925525392.54,2304596450.06,379071057.52,38249194.58,788.46,812.58,132.7,431.27,1055.19,732.5,0.0,0.0,,,,,,,基础化工,化学制品,其他化学制品,7.12,7.09,7.06
sz300214,日科化学,2021-06-25,7.13,7.15,7.08,7.12,7.13,1675616.0,11919754.0,2595053712.32,3031785811.68,189007786.26,379810008.01,1925525392.54,2304596450.06,379071057.52,38249194.58,564.82,465.12,200.14,306.91,427.02,419.95,0.0,0.0,,,,,,,基础化工,化学制品,其他化学制品,7.13,7.12,7.13
sz300214,日科化学,2021-06-28,7.14,7.54,7.12,7.3,7.12,4749281.0,34838224.0,2660659002.8,3108432082.2,189007786.26,379810008.01,1925525392.54,2304596450.06,379071057.52,38249194.58,1649.2,1379.25,485.6,526.14,1211.09,1578.44,137.93,0.0,,,,,,,基础化工,化学制品,其他化学制品,7.2,7.28,7.41
sz300214,日科化学,2021-06-29,7.27,7.27,7.1,7.13,7.3,2968414.0,21225141.0,2598698450.68,3036043937.82,189007786.26,379810008.01,1925525392.54,2304596450.06,379071057.52,38249194.58,957.87,997.48,231.3,498.4,933.34,626.63,0.0,0.0,,,,,,,基础化工,化学制品,其他化学制品,7.18,7.18,7.16
sz300214,日科化学,2021-06-30,7.15,7.15,7.09,7.12,7.13,1535000.0,10920771.0,2595053712.32,3031785811.68,189007786.26,379810008.01,1925525392.54,2304596450.06,379071057.52,38249194.58,714.85,514.07,10.67,147.2,366.57,430.8,0.0,0.0,,,,,,,基础化工,化学制品,其他化学制品,7.12,7.15,7.11
sz300214,日科化学,2021-07-01,7.11,7.14,6.96,6.97,7.12,1857200.0,13126509.0,2540382636.92,2967913919.5800004,189007786.26,379810008.01,1925525392.54,2304596450.06,379071057.52,38249194.58,703.43,588.52,88.89,245.18,520.33,478.95,0.0,0.0,,,,,,,基础化工,化学制品,其他化学制品,7.07,7.08,7.1
sz300214,日科化学,2021-07-02,6.99,7.05,6.9,6.97,6.97,1113502.0,7733778.0,2540382636.92,2967913919.5800004,189007786.26,379810008.01,1925525392.54,2304596450.06,379071057.52,38249194.58,304.74,295.12,116.02,139.69,352.62,338.56,0.0,0.0,,,,,,,基础化工,化学制品,其他化学制品,6.98,7.0,6.98
sz300214,日科化学,2021-07-05,6.95,6.96,6.85,6.91,6.97,2137600.0,14739192.0,2518514206.76,2942365162.74,189007786.26,379810008.01,1925525392.54,2304596450.06,379071057.52,38249194.58,615.44,484.44,204.17,339.2,654.31,314.79,0.0,335.49,,,,,,,基础化工,化学制品,其他化学制品,6.89,6.91,6.92
sz300214,日科化学,2021-07-06,6.91,6.94,6.86,6.93,6.91,2033400.0,14029200.0,2525803683.48,2950881415.02,189007786.26,379810008.01,1925525392.54,2304596450.06,379071057.52,38249194.58,671.93,395.97,134.06,125.92,596.93,700.99,0.0,180.04,,,,,,,基础化工,化学制品,其他化学制品,6.93,6.91,6.88
sz300214,日科化学,2021-07-07,6.93,7.03,6.92,6.94,6.93,1610220.0,11220241.0,2529448421.84,2955139541.16,189007786.26,379810008.01,1925525392.54,2304596450.06,379071057.52,38249194.58,402.0,457.04,226.47,210.0,493.56,454.99,0.0,0.0,,,,,,,基础化工,化学制品,其他化学制品,6.97,6.98,7.01
sz300214,日科化学,2021-07-08,6.94,6.99,6.86,6.87,6.94,1650320.0,11384460.0,2503935253.32,2925332658.1800003,189007786.26,379810008.01,1925525392.54,2304596450.06,379071057.52,38249194.58,391.85,435.76,244.66,199.02,501.94,503.66,0.0,0.0,,,,,,,基础化工,化学制品,其他化学制品,6.95,6.9,6.92
sz300214,日科化学,2021-07-09,6.86,7.01,6.84,7.0,6.87,1893600.0,13145297.0,2551316852.0,2980688298.0,189007786.26,379810008.01,1925525392.54,2304596450.06,379071057.52,38249194.58,415.29,422.01,406.52,392.66,492.72,499.86,0.0,0.0,,,,,,,基础化工,化学制品,其他化学制品,6.86,6.85,6.92
sz300214,日科化学,2021-07-12,7.01,7.15,6.96,7.05,7.0,2389301.0,16873511.0,2569540543.8,3001978928.7,189007786.26,379810008.01,1925525392.54,2304596450.06,379071057.52,38249194.58,650.67,436.49,434.97,419.59,601.71,623.0,0.0,208.27,,,,,,,基础化工,化学制品,其他化学制品,7.06,7.08,7.08
sz300214,日科化学,2021-07-13,7.05,7.09,6.99,7.09,7.05,1587100.0,11164274.0,2584119497.24,3019011433.26,189007786.26,379810008.01,1925525392.54,2304596450.06,379071057.52,38249194.58,348.0,425.36,326.46,318.82,441.97,372.25,0.0,0.0,,,,,,,基础化工,化学制品,其他化学制品,7.02,7.03,7.01
sz300214,日科化学,2021-07-14,7.1,7.13,6.88,6.97,7.09,2301300.0,16202933.0,2540382636.92,2967913919.5800004,189007786.26,379810008.01,1925525392.54,2304596450.06,379071057.52,38249194.58,702.6,708.7,334.08,443.68,583.62,467.92,0.0,0.0,,,,,,,基础化工,化学制品,其他化学制品,7.07,7.12,7.08
sz300214,日科化学,2021-07-15,6.95,6.96,6.84,6.91,6.97,1607502.0,11082064.0,2518514206.76,3253315162.74,189007786.26,379810008.01,1925525392.54,2304596450.06,379071057.52,38249194.58,457.62,423.09,97.1,240.97,553.49,444.15,0.0,0.0,,,,,,,基础化工,化学制品,其他化学制品,6.94,6.94,6.92
sz300214,日科化学,2021-07-16,6.88,6.93,6.85,6.88,6.91,1241400.0,8551296.0,2507579991.6800003,3239190784.32,189007786.26,379810008.01,1925525392.54,2304596450.06,379071057.52,38249194.58,368.14,220.26,138.73,239.15,348.26,395.73,0.0,0.0,,,,,,,基础化工,化学制品,其他化学制品,6.88,6.92,6.89
sz300214,日科化学,2021-07-19,6.9,6.93,6.81,6.88,6.88,1538000.0,10548079.0,2507579991.6800003,3239190784.32,189007786.26,379810008.01,1925525392.54,2304596450.06,379071057.52,38249194.58,337.81,372.75,267.53,231.35,415.75,416.98,0.0,0.0,,,,,,,基础化工,化学制品,其他化学制品,6.9,6.87,6.85
sz300214,日科化学,2021-07-20,6.88,7.11,6.8,7.1,6.88,4601282.0,32299446.0,2587764235.6,3342769559.4,189007786.26,379810008.01,1925525392.54,2304596450.06,379071057.52,38249194.58,1293.68,1248.78,688.55,575.57,1185.32,1405.59,62.39,0.0,,,,,,,基础化工,化学制品,其他化学制品,6.85,6.82,6.84
sz300214,日科化学,2021-07-21,7.1,7.13,7.01,7.08,7.1,2717202.0,19217031.0,2580474758.88,3333353307.1200004,189007786.26,379810008.01,1925525392.54,2304596450.06,379071057.52,38249194.58,787.99,793.23,284.15,329.56,849.57,686.36,0.0,112.55,,,,,,,基础化工,化学制品,其他化学制品,7.1,7.12,7.09
sz300214,日科化学,2021-07-22,7.04,7.19,7.03,7.16,7.08,3662022.0,26104946.0,2609632665.76,3371018316.24,189007786.26,379810008.01,1925525392.54,2304596450.06,379071057.52,38249194.58,1114.38,846.59,312.14,632.77,858.52,1002.98,325.45,128.16,,,,,,,基础化工,化学制品,其他化学制品,7.05,7.14,7.12
sz300214,日科化学,2021-07-23,7.1,7.2,7.03,7.05,7.16,3008182.0,21402994.0,2569540543.8,3319228928.7,189007786.26,379810008.01,1925525392.54,2304596450.06,379071057.52,38249194.58,850.26,978.46,531.17,307.51,758.87,847.54,0.0,6.79,,,,,,,基础化工,化学制品,其他化学制品,7.19,7.17,7.16
sz300214,日科化学,2021-07-26,7.02,7.07,6.86,6.97,7.05,2286000.0,15888359.0,2540382636.92,3281563919.5800004,189007786.26,379810008.01,1925525392.54,2304596450.06,379071057.52,38249194.58,512.87,661.19,267.37,278.07,808.6,649.58,0.0,0.0,,,,,,,基础化工,化学制品,其他化学制品,7.03,7.0,7.0
sz300214,日科化学,2021-07-27,6.97,7.04,6.82,6.84,6.97,2161991.0,14947001.0,2493001038.24,3220358279.76,189007786.26,379810008.01,1925525392.54,2304596450.06,379071057.52,38249194.58,547.14,514.33,332.29,225.18,615.27,549.64,0.0,205.55,,,,,,,基础化工,化学制品,其他化学制品,7.01,7.0,6.97
sz300214,日科化学,2021-07-28,6.83,6.83,6.4,6.65,6.84,2218279.0,14704651.0,2423751009.4,3130903883.1,189007786.26,379810008.01,1925525392.54,2304596450.06,379071057.52,38249194.58,724.99,688.66,79.32,111.86,666.23,670.02,0.0,0.0,,,,,,,基础化工,化学制品,其他化学制品,6.79,6.51,6.59
sz300214,日科化学,2021-07-29,6.72,6.74,6.65,6.66,6.65,1561000.0,10419815.0,2427395747.76,3135612009.24,189007786.26,379810008.01,1925525392.54,2304596450.06,379071057.52,38249194.58,464.48,274.21,227.76,416.94,349.74,350.83,0.0,0.0,,,,,,,基础化工,化学制品,其他化学制品,6.68,6.72,6.69
sz300214,日科化学,2021-07-30,6.66,6.97,6.6,6.84,6.66,2410181.0,16345682.0,2493001038.24,3220358279.76,189007786.26,379810008.01,1925525392.54,2304596450.06,379071057.52,38249194.58,568.72,574.85,312.61,358.37,582.61,701.34,170.63,0.0,,,,,,,基础化工,塑料,其他塑料制品,6.64,6.62,6.62
sz300214,日科化学,2021-08-02,6.81,6.91,6.8,6.88,6.84,1322800.0,9070931.0,2507579991.6800003,3239190784.32,189007786.26,379810008.01,1925525392.54,2304596450.06,379071057.52,38249194.58,390.3,465.28,100.46,113.58,416.34,328.24,0.0,0.0,,,,,,,基础化工,塑料,其他塑料制品,6.83,6.82,6.8
sz300214,日科化学,2021-08-03,6.87,6.96,6.85,6.91,6.88,1567500.0,10824635.0,2518514206.76,3253315162.74,189007786.26,379810008.01,1925525392.54,2304596450.06,379071057.52,38249194.58,333.45,424.95,381.68,257.88,367.33,399.63,0.0,0.0,,,,,,,基础化工,塑料,其他塑料制品,6.9,6.88,6.87
sz300214,日科化学,2021-08-04,6.88,6.95,6.86,6.92,6.91,1249100.0,8642475.0,2522158945.12,3258023288.88,189007786.26,379810008.01,1925525392.54,2304596450.06,379071057.52,38249194.58,335.41,398.44,51.57,111.52,373.44,354.28,103.82,0.0,,,,,,,基础化工,塑料,其他塑料制品,6.89,6.9,6.94
sz300214,日科化学,2021-08-05,6.89,6.91,6.78,6.82,6.92,2573300.0,17576928.0,2485711561.52,3210942027.48,189007786.26,379810008.01,1925525392.54,2304596450.06,379071057.52,38249194.58,406.24,573.94,699.4,680.36,652.06,503.39,0.0,0.0,,,,,,,基础化工,塑料,其他塑料制品,6.88,6.9,6.9
sz300214,日科化学,2021-08-06,6.84,6.87,6.77,6.87,6.82,1505200.0,10269614.0,2503935253.32,3234482658.1800003,189007786.26,379810008.01,1925525392.54,2304596450.06,379071057.52,38249194.58,352.46,567.19,233.84,93.85,440.66,365.92,0.0,0.0,,,,,,,基础化工,塑料,其他塑料制品,6.82,6.82,6.82
sz300214,日科化学,2021-08-09,6.85,6.92,6.83,6.88,6.87,1613100.0,11107405.0,2507579991.6800003,3239190784.32,189007786.26,379810008.01,1925525392.54,2304596450.06,379071057.52,38249194.58,473.67,403.69,65.63,215.52,571.43,364.01,0.0,127.52,,,,,,,基础化工,塑料,其他塑料制品,6.88,6.89,6.89
sz300214,日科化学,2021-08-10,6.94,7.44,6.92,7.14,6.88,7694701.0,55348335.0,2602343189.04,3361602063.96,189007786.26,379810008.01,1925525392.54,2304596450.06,379071057.52,38249194.58,1997.42,1548.34,1450.85,1486.84,1826.66,2391.63,259.91,108.02,,,,,,,基础化工,塑料,其他塑料制品,7.07,7.26,7.26
sz300214,日科化学,2021-08-11,7.11,7.38,7.1,7.25,7.14,6224618.0,45202605.0,2642435311.0,3413391451.5,189007786.26,379810008.01,1925525392.54,2304596450.06,379071057.52,38249194.58,1702.3,1641.53,754.65,1011.1,2063.31,1867.64,0.0,0.0,,,,,,,基础化工,塑料,其他塑料制品,7.32,7.28,7.31
sz300214,日科化学,2021-08-12,7.24,7.29,7.2,7.25,7.25,3092500.0,22376812.0,2642435311.0,3413391451.5,189007786.26,379810008.01,1925525392.54,2304596450.06,379071057.52,38249194.58,663.71,1146.45,375.67,297.07,1141.4,794.16,56.9,0.0,,,,,,,基础化工,塑料,其他塑料制品,7.25,7.27,7.26
sz300214,日科化学,2021-08-13,7.26,7.37,7.26,7.29,7.25,4498244.0,32853134.0,2657014264.44,3432223956.06,189007786.26,379810008.01,1925525392.54,2304596450.06,379071057.52,38249194.58,1088.19,954.17,1130.12,1346.63,1067.01,984.51,0.0,0.0,,,,,,,基础化工,塑料,其他塑料制品,7.33,7.29,7.28
sz300214,日科化学,2021-08-16,7.32,7.38,7.16,7.22,7.29,3736564.0,27021585.0,2631501095.92,3399267073.08,189007786.26,379810008.01,1925525392.54,2304596450.06,379071057.52,38249194.58,992.04,962.52,367.8,914.15,1342.32,825.49,0.0,0.0,,,,,,,基础化工,塑料,其他塑料制品,7.3,7.25,7.18
sz300214,日科化学,2021-08-17,7.22,7.27,7.09,7.1,7.22,2745400.0,19690313.0,2587764235.6,3342769559.4,189007786.26,379810008.01,1925525392.54,2304596450.06,379071057.52,38249194.58,709.9,805.31,261.54,315.86,997.59,847.87,0.0,0.0,,,,,,,基础化工,塑料,其他塑料制品,7.19,7.27,7.22
sz300214,日科化学,2021-08-18,7.15,7.18,7.08,7.17,7.1,2584858.0,18456168.0,2613277404.1200004,3375726442.38,189007786.26,379810008.01,1925525392.54,2304596450.06,379071057.52,38249194.58,730.91,817.08,340.18,390.24,774.52,638.3,0.0,0.0,,,,,,,基础化工,塑料,其他塑料制品,7.13,7.13,7.17
sz300214,日科化学,2021-08-19,7.17,7.18,7.08,7.12,7.17,2037347.0,14493977.0,2595053712.32,3352185811.68,189007786.26,379810008.01,1925525392.54,2304596450.06,379071057.52,38249194.58,506.1,622.84,276.01,269.14,565.04,557.43,102.24,0.0,,,,,,,基础化工,塑料,其他塑料制品,7.15,7.12,7.13
sz300214,日科化学,2021-08-20,7.12,7.12,6.91,7.01,7.12,2444100.0,17030949.0,2554961590.36,3300396424.14,189007786.26,379810008.01,1925525392.54,2304596450.06,379071057.52,38249194.58,591.68,701.64,188.6,321.12,922.82,680.33,0.0,0.0,,,,,,,基础化工,塑料,其他塑料制品,7.0,6.94,7.0
sz300214,日科化学,2021-08-23,7.07,7.29,7.02,7.25,7.01,3532714.0,25441426.0,2642435311.0,3413391451.5,189007786.26,379810008.01,1925525392.54,2304596450.06,379071057.52,38249194.58,915.62,964.48,404.29,639.57,1224.24,940.09,0.0,0.0,,,,,,,基础化工,塑料,其他塑料制品,7.08,7.14,7.19
sz300214,日科化学,2021-08-24,7.27,7.44,7.2,7.39,7.25,5446230.0,40147598.0,2693461648.04,3479305217.46,189007786.26,379810008.01,1925525392.54,2304596450.06,379071057.52,38249194.58,1551.71,1589.28,940.15,1007.64,1420.0,1417.84,102.9,0.0,,,,,,,基础化工,塑料,其他塑料制品,7.32,7.3,7.41
sz300214,日科化学,2021-08-25,7.41,7.43,7.32,7.41,7.39,2867000.0,21177207.0,2700751124.76,3488721469.74,189007786.26,379810008.01,1925525392.54,2304596450.06,379071057.52,38249194.58,591.81,693.06,292.68,646.68,1233.22,777.98,0.0,0.0,,,,,,,基础化工,塑料,其他塑料制品,7.33,7.39,7.4
sz300214,日科化学,2021-08-26,7.4,7.48,7.33,7.44,7.41,3261800.0,24220916.0,2711685339.84,3502845848.1600003,189007786.26,379810008.01,1925525392.54,2304596450.06,379071057.52,38249194.58,1032.69,968.8,335.04,452.89,1054.36,1000.4,0.0,0.0,,,,,,,基础化工,塑料,其他塑料制品,7.39,7.44,7.43
sz300214,日科化学,2021-08-27,7.44,7.47,7.32,7.45,7.44,2853400.0,21120955.0,2715330078.2,3507553974.3,189007786.26,379810008.01,1925525392.54,2304596450.06,379071057.52,38249194.58,830.19,790.83,291.93,430.45,906.98,890.82,83.0,0.0,,,,,,,基础化工,塑料,其他塑料制品,7.41,7.35,7.35
sz300214,日科化学,2021-08-30,7.4,7.4,7.14,7.21,7.45,4825546.0,34919801.0,2627856357.56,3394558946.94,169009596.67999998,241951060.20999998,1966356183.61,2294592836.39,328236652.78,40830791.07000001,1523.21,1244.49,505.66,735.12,1463.11,1512.36,0.0,0.0,,,,,,,基础化工,塑料,其他塑料制品,7.25,7.21,7.2
sz300214,日科化学,2021-08-31,7.17,7.25,7.15,7.18,7.21,2197500.0,15795466.0,2616922142.48,3380434568.5199995,169009596.67999998,241951060.20999998,1966356183.61,2294592836.39,328236652.78,40830791.07000001,580.08,582.48,111.1,251.76,888.37,745.31,0.0,0.0,,,,,,,基础化工,塑料,其他塑料制品,7.19,7.25,7.23
sz300214,日科化学,2021-09-01,7.16,7.27,7.07,7.18,7.18,3296100.0,23598419.0,2616922142.48,3380434568.5199995,169009596.67999998,241951060.20999998,1966356183.61,2294592836.39,328236652.78,40830791.07000001,690.79,906.48,491.91,311.34,1177.14,1142.03,0.0,0.0,,,,,,,基础化工,塑料,其他塑料制品,7.22,7.24,7.21
sz300214,日科化学,2021-09-02,7.17,7.2,7.09,7.19,7.18,2073900.0,14844087.0,2620566880.84,3385142694.6600003,169009596.67999998,241951060.20999998,1966356183.61,2294592836.39,328236652.78,40830791.07000001,567.79,651.72,239.04,252.98,677.58,579.7,0.0,0.0,,,,,,,基础化工,塑料,其他塑料制品,7.11,7.17,7.16
sz300214,日科化学,2021-09-03,7.2,7.46,7.16,7.41,7.19,5231808.0,38376754.0,2700751124.76,3488721469.74,169009596.67999998,241951060.20999998,1966356183.61,2294592836.39,328236652.78,40830791.07000001,1548.64,1454.5,956.46,565.68,1332.58,1817.49,0.0,0.0,,,,,,,基础化工,塑料,其他塑料制品,7.21,7.26,7.28
sz300214,日科化学,2021-09-06,7.42,7.48,7.28,7.46,7.41,4729100.0,34856405.0,2718974816.5600004,3512262100.44,169009596.67999998,241951060.20999998,1966356183.61,2294592836.39,328236652.78,40830791.07000001,1426.99,1482.81,698.13,596.68,1360.51,1406.15,0.0,0.0,,,,,,,基础化工,塑料,其他塑料制品,7.39,7.3,7.3
sz300214,日科化学,2021-09-07,7.46,7.52,7.35,7.5,7.46,5421701.0,40354525.0,2733553770.0,3531094605.0,169009596.67999998,241951060.20999998,1966356183.61,2294592836.39,328236652.78,40830791.07000001,1775.07,1476.74,815.89,1117.4,1444.49,1441.31,0.0,0.0,,,,,,,基础化工,塑料,其他塑料制品,7.42,7.45,7.44
sz300214,日科化学,2021-09-08,7.49,8.08,7.42,7.85,7.5,12556653.0,98273412.0,2861119612.6,3695879019.9,169009596.67999998,241951060.20999998,1966356183.61,2294592836.39,328236652.78,40830791.07000001,3747.61,4060.3,2623.44,1466.98,3398.2,4153.27,58.09,146.79,,,,,,,基础化工,塑料,其他塑料制品,7.46,7.54,7.81
sz300214,日科化学,2021-09-09,7.79,7.93,7.68,7.86,7.85,8114108.0,63550505.0,2864764350.96,3700587146.04,169009596.67999998,241951060.20999998,1966356183.61,2294592836.39,328236652.78,40830791.07000001,2673.08,2377.06,958.17,1851.4,2708.1,2115.88,4.99,0.0,,,,,,,基础化工,塑料,其他塑料制品,7.8,7.73,7.83
sz300214,日科化学,2021-09-10,7.86,7.87,7.62,7.69,7.86,5806300.0,44921041.0,2802803798.84,3620549001.66,169009596.67999998,241951060.20999998,1966356183.61,2294592836.39,328236652.78,40830791.07000001,1480.53,1526.98,675.79,1155.17,2016.22,1653.98,319.56,155.98,,,,,,,基础化工,塑料,其他塑料制品,7.81,7.8,7.78
sz300214,日科化学,2021-09-13,7.67,8.16,7.57,8.11,7.69,9913274.0,78572846.0,2955882809.96,3818290299.54,169009596.67999998,241951060.20999998,1966356183.61,2294592836.39,328236652.78,40830791.07000001,3025.07,3246.71,2427.89,1738.5,2368.33,2748.87,35.99,123.2,,,,,,,基础化工,塑料,其他塑料制品,7.67,7.67,7.69
sz300214,日科化学,2021-09-14,8.12,8.15,7.76,7.8,8.11,8018020.0,63388674.0,2842895920.8,3672338389.2,169009596.67999998,241951060.20999998,1966356183.61,2294592836.39,328236652.78,40830791.07000001,2393.55,2077.79,656.84,1659.23,2758.61,2536.97,529.87,64.88,,,,,,,基础化工,塑料,其他塑料制品,7.89,7.9,7.89
sz300214,日科化学,2021-09-15,7.75,7.9,7.75,7.86,7.8,4888619.0,38327514.0,2864764350.96,3700587146.04,169009596.67999998,241951060.20999998,1966356183.61,2294592836.39,328236652.78,40830791.07000001,1371.16,1602.03,813.17,668.64,1648.42,1204.45,0.0,357.63,,,,,,,基础化工,塑料,其他塑料制品,7.77,7.83,7.8
sz300214,日科化学,2021-09-16,7.97,8.56,7.97,8.18,7.86,16360804.0,134923200.0,2981395978.48,3851247182.52,169009596.67999998,241951060.20999998,1966356183.61,2294592836.39,328236652.78,40830791.07000001,5233.54,6067.05,3077.85,3370.74,4638.01,3641.11,542.91,413.42,,,,,,,基础化工,塑料,其他塑料制品,8.12,8.18,8.18
sz300214,日科化学,2021-09-17,8.18,8.39,7.99,8.22,8.18,12331992.0,101177041.0,2995974931.92,3870079687.08,169009596.67999998,241951060.20999998,1966356183.61,2294592836.39,328236652.78,40830791.07000001,4397.67,3934.67,1903.63,2622.69,3701.9,2978.74,114.5,581.6,,,,,,,基础化工,塑料,其他塑料制品,8.15,8.26,8.3
sz300214,日科化学,2021-09-22,8.71,9.86,8.71,9.86,8.22,56768896.0,549694187.0,3593712022.96,4642212374.04,169009596.67999998,241951060.20999998,1966356183.61,2294592836.39,328236652.78,40830791.07000001,14874.52,20358.02,15255.0,15840.1,9882.69,11352.65,14957.22,7418.65,,,,,,,基础化工,塑料,其他塑料制品,9.86,9.86,9.86
sz300214,日科化学,2021-09-23,9.39,9.48,8.78,8.79,9.86,49223775.0,447164285.0,3203725018.44,4138442877.06,169009596.67999998,241951060.20999998,1966356183.61,2294592836.39,328236652.78,40830791.07000001,19355.45,17860.91,8147.92,13013.31,15505.81,8277.06,1707.25,5565.15,,,,,,,基础化工,塑料,其他塑料制品,9.3,9.18,9.15
sz300214,日科化学,2021-09-24,8.57,8.63,8.13,8.18,8.79,27637363.0,231355144.0,2981395978.48,3851247182.52,169009596.67999998,241951060.20999998,1966356183.61,2294592836.39,328236652.78,40830791.07000001,9777.98,10226.3,4225.41,5478.47,8258.91,6553.4,873.21,877.35,,,,,,,基础化工,塑料,其他塑料制品,8.45,8.37,8.33
sz300214,日科化学,2021-09-27,8.12,8.13,7.5,7.79,8.18,18512841.0,144988866.0,2839251182.44,3667630263.06,169009596.67999998,241951060.20999998,1966356183.61,2294592836.39,328236652.78,40830791.07000001,5872.52,5828.33,2552.93,4067.54,6073.45,4272.55,0.0,330.46,,,,,,,基础化工,塑料,其他塑料制品,8.01,7.94,8.01
sz300214,日科化学,2021-09-28,7.74,7.89,7.63,7.84,7.79,11181900.0,86865055.0,2857474874.24,3691170893.76,169009596.67999998,241951060.20999998,1966356183.61,2294592836.39,328236652.78,40830791.07000001,3239.98,3063.92,2019.19,1467.57,2887.08,3416.86,540.25,738.16,,,,,,,基础化工,塑料,其他塑料制品,7.79,7.74,7.79
sz300214,日科化学,2021-09-29,7.74,7.77,7.36,7.41,7.84,10344880.0,77964780.0,2700751124.76,3488721469.74,169009596.67999998,241951060.20999998,1966356183.61,2294592836.39,328236652.78,40830791.07000001,3064.45,3228.29,1378.45,2306.86,3002.48,2146.62,351.09,114.71,,,,,,,基础化工,塑料,其他塑料制品,7.65,7.7,7.71
sz300214,日科化学,2021-09-30,7.48,7.59,7.4,7.54,7.41,6671352.0,50045040.0,2748132723.44,3549927109.560001,169009596.67999998,241951060.20999998,1966356183.61,2294592836.39,328236652.78,40830791.07000001,2275.58,2360.16,965.52,733.0,1763.41,1666.81,0.0,244.53,,,,,,,基础化工,塑料,其他塑料制品,7.51,7.47,7.45
sz300214,日科化学,2021-10-08,7.58,7.7,7.46,7.62,7.54,7551200.0,57297504.0,2777290630.32,3587592118.68,169009596.67999998,241951060.20999998,1966356183.61,2294592836.39,328236652.78,40830791.07000001,2451.37,2500.08,1145.76,1179.1,2132.62,1866.6,0.0,183.98,,,,,,,基础化工,塑料,其他塑料制品,7.62,7.61,7.53
sz300214,日科化学,2021-10-11,7.66,7.74,7.48,7.5,7.62,5784250.0,43661765.0,2733553770.0,3531094605.0,169009596.67999998,241951060.20999998,1966356183.61,2294592836.39,328236652.78,40830791.07000001,1758.36,2116.6,391.0,871.63,2216.81,1280.28,0.0,97.68,,,,,,,基础化工,塑料,其他塑料制品,7.53,7.52,7.53
sz300214,日科化学,2021-10-12,7.45,7.6,7.32,7.39,7.5,5219341.0,38789591.0,2693461648.04,3479305217.46,169009596.67999998,241951060.20999998,1966356183.61,2294592836.39,328236652.78,40830791.07000001,1452.83,1687.26,947.27,956.71,1478.86,1234.99,0.0,0.0,,,,,,,基础化工,塑料,其他塑料制品,7.53,7.51,7.49
sz300214,日科化学,2021-10-13,7.39,7.44,7.2,7.32,7.39,4731900.0,34558938.0,2667948479.52,3446348334.48,169009596.67999998,241951060.20999998,1966356183.61,2294592836.39,328236652.78,40830791.07000001,1283.55,1751.14,777.97,674.26,1394.38,1030.5,0.0,0.0,,,,,,,基础化工,塑料,其他塑料制品,7.38,7.37,7.4
sz300214,日科化学,2021-10-14,7.37,7.39,7.21,7.35,7.32,3862100.0,28213169.0,2678882694.6,3460472712.9,169009596.67999998,241951060.20999998,1966356183.61,2294592836.39,328236652.78,40830791.07000001,1142.54,1246.94,395.39,552.06,1283.38,1022.31,0.0,0.0,,,,,,,基础化工,塑料,其他塑料制品,7.29,7.27,7.24
sz300214,日科化学,2021-10-15,7.35,7.35,7.1,7.12,7.35,5046400.0,36407201.0,2595053712.32,3352185811.68,169009596.67999998,241951060.20999998,1966356183.61,2294592836.39,328236652.78,40830791.07000001,1383.45,1535.71,698.13,954.89,1559.14,1150.12,0.0,0.0,,,,,,,基础化工,塑料,其他塑料制品,7.29,7.27,7.26
sz300214,日科化学,2021-10-18,7.15,7.25,7.07,7.25,7.12,2975345.0,21377657.0,2642435311.0,3413391451.5,169009596.67999998,241951060.20999998,1966356183.61,2294592836.39,328236652.78,40830791.07000001,839.22,777.73,129.37,258.82,1040.89,972.93,0.0,0.0,,,,,,,基础化工,塑料,其他塑料制品,7.08,7.14,7.12
sz300214,日科化学,2021-10-19,7.25,7.28,7.16,7.2,7.25,2654400.0,19148682.0,2624211619.2,3389850820.8,169009596.67999998,241951060.20999998,1966356183.61,2294592836.39,328236652.78,40830791.07000001,700.03,806.88,429.64,501.33,785.2,606.66,0.0,0.0,,,,,,,基础化工,塑料,其他塑料制品,7.2,7.23,7.2
sz300214,日科化学,2021-10-20,7.2,7.2,7.09,7.1,7.2,3739000.0,26600148.0,2587764235.6,3342769559.4,169009596.67999998,241951060.20999998,1966356183.61,2294592836.39,328236652.78,40830791.07000001,1010.58,1027.7,446.95,779.78,1202.48,852.53,0.0,0.0,,,,,,,基础化工,塑料,其他塑料制品,7.16,7.09,7.13
sz300214,日科化学,2021-10-21,7.15,7.27,7.06,7.18,7.1,3478400.0,24926471.0,2616922142.48,3380434568.5199995,169009596.67999998,241951060.20999998,1966356183.61,2294592836.39,328236652.78,40830791.07000001,1345.94,925.57,108.18,301.99,1037.39,1265.09,1.14,0.0,,,,,,,基础化工,塑料,其他塑料制品,7.11,7.14,7.12
sz300214,日科化学,2021-10-22,7.17,7.21,7.07,7.11,7.18,3465000.0,24672255.0,2591408973.96,3347477685.54,169009596.67999998,241951060.20999998,1966356183.61,2294592836.39,328236652.78,40830791.07000001,1068.38,1083.65,400.15,346.46,998.69,1037.11,0.0,0.0,,,,,,,基础化工,塑料,其他塑料制品,7.11,7.08,7.14
sz300214,日科化学,2021-10-25,7.07,7.08,6.89,6.94,7.11,4494600.0,31265883.0,2529448421.84,3267439541.16,169009596.67999998,241951060.20999998,1966356183.61,2294592836.39,328236652.78,40830791.07000001,1385.01,1157.97,472.06,968.81,1269.52,999.81,0.0,0.0,,,,,,,基础化工,塑料,其他塑料制品,7.01,7.05,7.0
sz300214,日科化学,2021-10-26,6.9,7.05,6.89,6.99,6.94,2486441.0,17322383.0,2547672113.64,3290980171.86,169009596.67999998,241951060.20999998,1966356183.61,2294592836.39,328236652.78,40830791.07000001,804.9,764.8,350.88,230.16,576.45,737.27,0.0,0.0,,,,,,,基础化工,塑料,其他塑料制品,6.9,6.91,6.95
sz300214,日科化学,2021-10-27,6.95,7.02,6.88,6.95,6.99,2879100.0,19915053.0,2533093160.2,3272147667.3,169009596.67999998,241951060.20999998,1966356183.61,2294592836.39,328236652.78,40830791.07000001,959.03,880.82,497.44,440.68,535.03,670.0,0.0,0.0,,,,,,,基础化工,塑料,其他塑料制品,6.98,6.96,6.97
sz300214,日科化学,2021-10-28,6.95,6.95,6.67,6.7,6.95,2878300.0,19517656.0,2441974701.2000003,3154444513.8,159641869.82999998,365855921.88000005,2303781729.1099997,2675530098.41,371748369.3,54298187.0,830.64,720.86,167.83,540.47,953.3,588.45,0.0,101.98,,,,,,,基础化工,塑料,其他塑料制品,6.85,6.89,6.85
sz300214,日科化学,2021-10-29,6.77,6.81,6.68,6.8,6.7,1901100.0,12849662.0,2478422084.8,3201525775.2,159641869.82999998,365855921.88000005,2303781729.1099997,2675530098.41,371748369.3,54298187.0,553.58,572.13,165.02,223.34,566.37,489.5,0.0,0.0,,,,,,,基础化工,塑料,其他塑料制品,6.75,6.74,6.72
sz300214,日科化学,2021-11-01,6.8,6.94,6.77,6.93,6.8,1798000.0,12386352.0,2525803683.48,3262731415.02,159641869.82999998,365855921.88000005,2303781729.1099997,2675530098.41,371748369.3,54298187.0,575.43,508.35,84.01,46.01,579.2,684.28,0.0,0.0,,,,,,,基础化工,塑料,其他塑料制品,6.82,6.8,6.82
sz300214,日科化学,2021-11-02,6.93,6.95,6.74,6.76,6.93,2357145.0,16054334.0,2463843131.36,3182693270.6400003,159641869.82999998,365855921.88000005,2303781729.1099997,2675530098.41,371748369.3,54298187.0,769.41,709.96,77.37,304.19,758.65,591.28,0.0,0.0,,,,,,,基础化工,塑料,其他塑料制品,6.91,6.89,6.92
sz300214,日科化学,2021-11-03,6.8,6.86,6.72,6.85,6.76,1965686.0,13357899.0,2496645776.6,3225066405.9,159641869.82999998,365855921.88000005,2303781729.1099997,2675530098.41,371748369.3,54298187.0,582.92,589.11,226.94,280.86,525.93,465.82,0.0,0.0,,,,,,,基础化工,塑料,其他塑料制品,6.82,6.78,6.78
sz300214,日科化学,2021-11-04,6.84,6.99,6.78,6.98,6.85,2465200.0,17067578.0,2544027375.28,3286272045.7200003,159641869.82999998,365855921.88000005,2303781729.1099997,2675530098.41,371748369.3,54298187.0,581.06,687.74,553.62,331.13,545.7,687.89,26.38,0.0,,,,,,,基础化工,塑料,其他塑料制品,6.83,6.9,6.88
sz300214,日科化学,2021-11-05,6.94,7.02,6.92,6.98,6.98,1666100.0,11607161.0,2544027375.28,3286272045.7200003,159641869.82999998,365855921.88000005,2303781729.1099997,2675530098.41,371748369.3,54298187.0,352.42,383.5,294.18,179.24,514.12,597.98,0.0,0.0,,,,,,,基础化工,塑料,其他塑料制品,6.94,6.93,6.97
sz300214,日科化学,2021-11-08,6.99,7.15,6.92,7.15,6.98,3292150.0,23263229.0,2605987927.4,3366310190.1,159641869.82999998,365855921.88000005,2303781729.1099997,2675530098.41,371748369.3,54298187.0,526.42,954.85,851.89,319.03,876.9,1052.44,71.1,0.0,,,,,,,基础化工,塑料,其他塑料制品,6.97,6.94,6.94
sz300214,日科化学,2021-11-09,7.15,7.15,7.05,7.1,7.15,2479200.0,17571150.0,2587764235.6,3342769559.4,159641869.82999998,365855921.88000005,2303781729.1099997,2675530098.41,371748369.3,54298187.0,675.53,571.54,216.48,553.41,865.11,526.48,0.0,105.7,,,,,,,基础化工,塑料,其他塑料制品,7.11,7.13,7.12
sz300214,日科化学,2021-11-10,7.12,7.99,7.12,7.65,7.1,16223227.0,122206156.0,2788224845.4,3601716497.100001,159641869.82999998,365855921.88000005,2303781729.1099997,2675530098.41,371748369.3,54298187.0,4733.84,5010.06,3733.73,2470.94,3181.5,4484.87,571.55,254.75,,,,,,,基础化工,塑料,其他塑料制品,7.24,7.34,7.36
sz300214,日科化学,2021-11-11,7.49,7.67,7.3,7.65,7.65,12308500.0,92682979.0,2788224845.4,3601716497.100001,159641869.82999998,365855921.88000005,2303781729.1099997,2675530098.41,371748369.3,54298187.0,3712.32,3071.6,1614.62,3390.0,3677.15,2076.22,264.21,730.49,,,,,,,基础化工,塑料,其他塑料制品,7.41,7.49,7.6
sz300214,日科化学,2021-11-12,7.56,7.63,7.4,7.5,7.65,6700500.0,50039522.0,2733553770.0,3531094605.0,159641869.82999998,365855921.88000005,2303781729.1099997,2675530098.41,371748369.3,54298187.0,1939.82,2305.77,748.51,920.8,2196.51,1561.7,119.1,215.68,,,,,,,基础化工,塑料,其他塑料制品,7.49,7.45,7.46
sz300214,日科化学,2021-11-15,7.48,7.56,7.35,7.55,7.5,5759745.0,43035424.0,2751777461.8,3554635235.700001,159641869.82999998,365855921.88000005,2303781729.1099997,2675530098.41,371748369.3,54298187.0,1557.89,2030.14,948.71,689.28,1796.94,1584.13,0.0,0.0,,,,,,,基础化工,塑料,其他塑料制品,7.39,7.38,7.41
sz300214,日科化学,2021-11-16,7.5,7.53,7.3,7.33,7.55,5366682.0,39822424.0,2671593217.88,3451056460.6200004,159641869.82999998,365855921.88000005,2303781729.1099997,2675530098.41,371748369.3,54298187.0,1428.28,1383.3,743.66,803.71,1810.31,1309.69,0.0,485.55,,,,,,,基础化工,塑料,其他塑料制品,7.48,7.46,7.46
sz300214,日科化学,2021-11-17,7.33,7.43,7.29,7.41,7.33,2675400.0,19762472.0,2700751124.76,3488721469.74,159641869.82999998,365855921.88000005,2303781729.1099997,2675530098.41,371748369.3,54298187.0,684.38,871.52,429.66,372.49,743.13,732.24,119.08,0.0,,,,,,,基础化工,塑料,其他塑料制品,7.36,7.36,7.38
sz300214,日科化学,2021-11-18,7.42,7.44,7.3,7.3,7.41,2812000.0,20686663.0,2660659002.8,3436932082.2,159641869.82999998,365855921.88000005,2303781729.1099997,2675530098.41,371748369.3,54298187.0,692.18,902.35,196.7,316.58,1179.78,696.59,0.0,153.14,,,,,,,基础化工,塑料,其他塑料制品,7.39,7.41,7.42
sz300214,日科化学,2021-11-19,7.3,7.44,7.25,7.44,7.3,3228700.0,23854119.0,2711685339.84,3502845848.1600003,159641869.82999998,365855921.88000005,2303781729.1099997,2675530098.41,371748369.3,54298187.0,710.01,1008.95,781.11,409.89,885.92,960.36,8.38,6.21,,,,,,,基础化工,塑料,其他塑料制品,7.32,7.35,7.34
sz300214,日科化学,2021-11-22,7.45,7.6,7.42,7.49,7.44,3840100.0,28785161.0,2729909031.6400003,3526386478.86,159641869.82999998,365855921.88000005,2303781729.1099997,2675530098.41,371748369.3,54298187.0,1218.38,1233.02,342.73,467.46,1317.4,1178.03,0.0,0.0,,,,,,,基础化工,塑料,其他塑料制品,7.54,7.52,7.44
sz300214,日科化学,2021-11-23,7.49,7.7,7.46,7.7,7.49,5121800.0,38869655.0,2806448537.2000003,3625257127.8,159641869.82999998,365855921.88000005,2303781729.1099997,2675530098.41,371748369.3,54298187.0,1802.8,1513.32,723.13,388.26,1361.04,1985.38,0.0,0.0,,,,,,,基础化工,塑料,其他塑料制品,7.47,7.5,7.5
sz300214,日科化学,2021-11-24,7.65,7.7,7.57,7.62,7.7,3780700.0,28809837.0,2777290630.32,3587592118.68,159641869.82999998,365855921.88000005,2303781729.1099997,2675530098.41,371748369.3,54298187.0,1122.84,1182.41,515.37,643.49,1242.78,1055.08,0.0,0.0,,,,,,,基础化工,塑料,其他塑料制品,7.65,7.62,7.68
sz300214,日科化学,2021-11-25,7.59,7.69,7.52,7.63,7.62,3465120.0,26338485.0,2780935368.68,3592300244.82,159641869.82999998,365855921.88000005,2303781729.1099997,2675530098.41,371748369.3,54298187.0,1052.52,1068.08,476.68,644.43,1104.65,921.34,0.0,0.0,,,,,,,基础化工,塑料,其他塑料制品,7.62,7.61,7.58
sz300214,日科化学,2021-11-26,7.63,7.63,7.48,7.52,7.63,2781041.0,20909663.0,2740843246.7200003,3540510857.28,159641869.82999998,365855921.88000005,2303781729.1099997,2675530098.41,371748369.3,54298187.0,880.24,786.11,196.37,519.6,1014.36,785.26,0.0,0.0,,,,,,,基础化工,塑料,其他塑料制品,7.59,7.55,7.54
sz300214,日科化学,2021-11-29,7.34,7.63,7.34,7.59,7.52,3706800.0,27975839.0,2766356415.24,3573467740.26,159641869.82999998,365855921.88000005,2303781729.1099997,2675530098.41,371748369.3,54298187.0,908.29,1076.75,454.16,675.54,1435.13,1045.3,0.0,0.0,,,,,,,基础化工,塑料,其他塑料制品,7.38,7.45,7.45
sz300214,日科化学,2021-11-30,7.56,7.79,7.55,7.69,7.59,6252500.0,48171911.0,2802803798.84,3620549001.66,159641869.82999998,365855921.88000005,2303781729.1099997,2675530098.41,371748369.3,54298187.0,1831.99,1658.3,789.78,1504.86,2079.86,1654.03,115.56,0.0,,,,,,,基础化工,塑料,其他塑料制品,7.62,7.66,7.68
sz300214,日科化学,2021-12-01,7.78,7.83,7.67,7.81,7.69,4968241.0,38597942.0,2846540659.16,3677046515.34,159641869.82999998,365855921.88000005,2303781729.1099997,2675530098.41,371748369.3,54298187.0,1540.69,1354.95,612.02,931.14,1707.09,1355.32,0.0,218.38,,,,,,,基础化工,塑料,其他塑料制品,7.68,7.73,7.73
sz300214,日科化学,2021-12-02,7.77,7.86,7.7,7.82,7.81,4523300.0,35191370.0,2850185397.52,3681754641.48,159641869.82999998,365855921.88000005,2303781729.1099997,2675530098.41,371748369.3,54298187.0,1216.7,1668.3,515.16,522.41,1787.28,1328.43,0.0,0.0,,,,,,,基础化工,塑料,其他塑料制品,7.83,7.81,7.77
sz300214,日科化学,2021-12-03,7.75,7.82,7.53,7.63,7.82,5591000.0,42592235.0,2780935368.68,3592300244.82,159641869.82999998,365855921.88000005,2303781729.1099997,2675530098.41,371748369.3,54298187.0,1507.52,1614.64,895.77,1131.25,1855.93,1513.34,0.0,0.0,,,,,,,基础化工,塑料,其他塑料制品,7.6,7.61,7.57
sz300214,日科化学,2021-12-06,7.61,7.65,7.34,7.38,7.63,4984300.0,37178040.0,2689816909.68,3474597091.32,159641869.82999998,365855921.88000005,2303781729.1099997,2675530098.41,371748369.3,54298187.0,1116.45,1443.32,411.3,1133.8,2190.05,1140.68,0.0,0.0,,,,,,,基础化工,塑料,其他塑料制品,7.57,7.5,7.45
sz300214,日科化学,2021-12-07,7.39,7.44,7.2,7.25,7.38,3886300.0,28319958.0,2642435311.0,3413391451.5,159641869.82999998,365855921.88000005,2303781729.1099997,2675530098.41,371748369.3,54298187.0,978.83,868.07,579.88,986.88,1273.28,945.69,0.0,31.35,,,,,,,基础化工,塑料,其他塑料制品,7.4,7.4,7.37
sz300214,日科化学,2021-12-08,7.22,7.47,7.22,7.46,7.25,4112886.0,30382131.0,2718974816.5600004,3512262100.44,159641869.82999998,365855921.88000005,2303781729.1099997,2675530098.41,371748369.3,54298187.0,1072.95,855.47,966.3,797.43,872.0,1385.31,126.96,0.0,,,,,,,基础化工,塑料,其他塑料制品,7.24,7.25,7.24
sz300214,日科化学,2021-12-09,7.42,7.62,7.42,7.5,7.46,3527800.0,26479415.0,2733553770.0,3531094605.0,159641869.82999998,365855921.88000005,2303781729.1099997,2675530098.41,371748369.3,54298187.0,995.09,811.04,636.82,693.09,897.77,1143.82,118.26,0.0,,,,,,,基础化工,塑料,其他塑料制品,7.45,7.49,7.54
sz300214,日科化学,2021-12-10,7.49,7.52,7.42,7.47,7.5,1802500.0,13440982.0,2722619554.92,3516970226.58,159641869.82999998,365855921.88000005,2303781729.1099997,2675530098.41,371748369.3,54298187.0,473.96,592.14,241.36,104.59,628.77,647.37,0.0,0.0,,,,,,,基础化工,塑料,其他塑料制品,7.45,7.5,7.49
sz300214,日科化学,2021-12-13,7.45,7.47,7.37,7.4,7.47,1873186.0,13888558.0,2697106386.4,3484013343.6,159641869.82999998,365855921.88000005,2303781729.1099997,2675530098.41,371748369.3,54298187.0,678.69,496.97,74.11,203.83,636.06,476.7,0.0,211.36,,,,,,,基础化工,塑料,其他塑料制品,7.45,7.47,7.46
sz300214,日科化学,2021-12-14,7.39,7.46,7.34,7.39,7.4,3259300.0,24076046.0,2693461648.04,3479305217.46,159641869.82999998,365855921.88000005,2303781729.1099997,2675530098.41,371748369.3,54298187.0,817.77,562.66,437.48,1204.61,983.91,514.32,168.44,126.02,,,,,,,基础化工,塑料,其他塑料制品,7.37,7.38,7.4
sz300214,日科化学,2021-12-15,7.39,7.47,7.37,7.45,7.39,2039500.0,15145612.0,2715330078.2,3507553974.3,159641869.82999998,365855921.88000005,2303781729.1099997,2675530098.41,371748369.3,54298187.0,694.83,758.09,313.01,106.06,506.72,650.41,0.0,0.0,,,,,,,基础化工,塑料,其他塑料制品,7.4,7.39,7.42
sz300214,日科化学,2021-12-16,7.47,7.74,7.46,7.72,7.45,6237200.0,47587411.0,2813738013.92,3634673380.08,159641869.82999998,365855921.88000005,2303781729.1099997,2675530098.41,371748369.3,54298187.0,1960.72,1926.51,1153.34,688.5,1391.56,2143.73,253.12,0.0,,,,,,,基础化工,塑料,其他塑料制品,7.47,7.54,7.53
sz300214,日科化学,2021-12-17,7.73,7.77,7.61,7.75,7.72,4292300.0,33082428.0,2824672229.0,3648797758.5,159641869.82999998,365855921.88000005,2303781729.1099997,2675530098.41,371748369.3,54298187.0,1239.95,1461.68,562.91,370.67,1505.39,1475.9,0.0,0.0,,,,,,,基础化工,塑料,其他塑料制品,7.71,7.63,7.69
sz300214,日科化学,2021-12-20,7.71,7.86,7.67,7.71,7.75,5478780.0,42593628.0,2810093275.56,3629965253.94,159641869.82999998,365855921.88000005,2303781729.1099997,2675530098.41,371748369.3,54298187.0,1955.27,1696.23,705.07,759.44,1589.09,1571.85,9.93,231.85,,,,,,,基础化工,塑料,其他塑料制品,7.76,7.79,7.77
sz300214,日科化学,2021-12-21,7.82,7.93,7.73,7.85,7.71,4932502.0,38577799.0,2861119612.6,3695879019.9,159641869.82999998,365855921.88000005,2303781729.1099997,2675530098.41,371748369.3,54298187.0,1435.78,1551.1,779.32,885.17,1642.69,1360.05,0.0,61.46,,,,,,,基础化工,塑料,其他塑料制品,7.82,7.84,7.83
sz300214,日科化学,2021-12-22,7.86,7.93,7.71,7.71,7.85,4190000.0,32641847.0,2810093275.56,3629965253.94,159641869.82999998,365855921.88000005,2303781729.1099997,2675530098.41,371748369.3,54298187.0,1196.22,1209.67,449.62,1023.01,1618.34,1031.51,0.0,0.0,,,,,,,基础化工,塑料,其他塑料制品,7.86,7.83,7.82
sz300214,日科化学,2021-12-23,7.71,7.72,7.6,7.62,7.71,3704900.0,28329881.0,2777290630.32,3587592118.68,159641869.82999998,365855921.88000005,2303781729.1099997,2675530098.41,371748369.3,54298187.0,962.82,769.19,328.12,879.26,1373.38,1078.57,168.67,105.97,,,,,,,基础化工,塑料,其他塑料制品,7.7,7.64,7.66
sz300214,日科化学,2021-12-24,7.61,7.68,7.4,7.44,7.62,3086900.0,23075033.0,2711685339.84,3502845848.1600003,159641869.82999998,365855921.88000005,2303781729.1099997,2675530098.41,371748369.3,54298187.0,757.53,801.69,447.45,343.59,1102.52,939.89,0.0,222.33,,,,,,,基础化工,塑料,其他塑料制品,7.58,7.57,7.53
sz300214,日科化学,2021-12-27,7.44,7.55,7.39,7.47,7.44,1875100.0,14019907.0,2722619554.92,3516970226.58,159641869.82999998,365855921.88000005,2303781729.1099997,2675530098.41,371748369.3,54298187.0,580.49,407.15,30.0,273.92,686.98,720.92,104.52,0.0,,,,,,,基础化工,塑料,其他塑料制品,7.42,7.4,7.43
sz300214,日科化学,2021-12-28,7.47,7.6,7.44,7.57,7.47,2796000.0,21086006.0,2759066938.52,3564051487.98,159641869.82999998,365855921.88000005,2303781729.1099997,2675530098.41,371748369.3,54298187.0,933.59,819.79,331.47,601.36,843.55,687.45,0.0,0.0,,,,,,,基础化工,塑料,其他塑料制品,7.49,7.5,7.49
sz300214,日科化学,2021-12-29,7.56,7.68,7.5,7.6,7.57,2924500.0,22234185.0,2770001153.6,3578175866.4,159641869.82999998,365855921.88000005,2303781729.1099997,2675530098.41,371748369.3,54298187.0,768.93,908.73,242.12,424.42,1212.36,890.27,0.0,0.0,,,,,,,基础化工,塑料,其他塑料制品,7.55,7.54,7.53
sz300214,日科化学,2021-12-30,7.64,7.67,7.57,7.59,7.6,2503200.0,19074120.0,2766356415.24,3573467740.26,159641869.82999998,365855921.88000005,2303781729.1099997,2675530098.41,371748369.3,54298187.0,732.13,649.59,223.17,429.48,914.86,828.35,37.25,0.0,,,,,,,基础化工,塑料,其他塑料制品,7.58,7.65,7.64
sz300214,日科化学,2021-12-31,7.59,7.71,7.58,7.71,7.59,3499700.0,26830094.0,2810093275.56,3629965253.94,159641869.82999998,365855921.88000005,2303781729.1099997,2675530098.41,371748369.3,54298187.0,1096.42,1003.5,508.12,539.48,1052.3,1140.03,26.16,0.0,,,,,,,基础化工,塑料,其他塑料制品,7.61,7.62,7.61
sz300214,日科化学,2022-01-04,7.79,7.84,7.68,7.82,7.71,4573702.0,35591015.0,2850185397.52,3681754641.48,159641869.82999998,365855921.88000005,2303781729.1099997,2675530098.41,371748369.3,54298187.0,1183.05,1526.67,1144.38,529.78,1231.67,1502.65,0.0,0.0,,,,,,,基础化工,塑料,其他塑料制品,7.69,7.74,7.74
sz300214,日科化学,2022-01-05,7.83,7.83,7.69,7.71,7.82,3070000.0,23748417.0,2810093275.56,3629965253.94,159641869.82999998,365855921.88000005,2303781729.1099997,2675530098.41,371748369.3,54298187.0,760.64,977.59,700.71,533.92,913.49,863.33,0.0,0.0,,,,,,,基础化工,塑料,其他塑料制品,7.8,7.8,7.78
sz300214,日科化学,2022-01-06,7.7,7.86,7.69,7.8,7.71,3158900.0,24642877.0,2842895920.8,3672338389.2,159641869.82999998,365855921.88000005,2303781729.1099997,2675530098.41,371748369.3,54298187.0,938.56,748.51,470.56,616.39,1055.17,881.07,0.0,218.32,,,,,,,基础化工,塑料,其他塑料制品,7.75,7.79,7.8
sz300214,日科化学,2022-01-07,7.82,7.85,7.73,7.76,7.8,3695047.0,28785967.0,2828316967.36,3653505884.64,159641869.82999998,365855921.88000005,2303781729.1099997,2675530098.41,371748369.3,54298187.0,995.52,1027.41,1052.51,745.43,830.57,1105.76,0.0,0.0,,,,,,,基础化工,塑料,其他塑料制品,7.79,7.77,7.78
sz300214,日科化学,2022-01-10,7.73,8.5,7.73,8.5,7.76,23049347.0,189187323.0,3098027606.0,4001907219.0,159641869.82999998,365855921.88000005,2303781729.1099997,2675530098.41,371748369.3,54298187.0,8269.5,8211.29,5644.73,4631.43,4206.92,5797.05,797.58,278.96,,,,,,,基础化工,塑料,其他塑料制品,7.79,7.78,7.79
sz300214,日科化学,2022-01-11,8.59,8.6,8.22,8.3,8.5,12173341.0,101613537.0,3025132838.8,3907744696.2,159641869.82999998,365855921.88000005,2303781729.1099997,2675530098.41,371748369.3,54298187.0,3928.96,4416.22,1510.58,2055.91,4334.5,3240.29,387.31,448.93,,,,,,,基础化工,塑料,其他塑料制品,8.32,8.37,8.32
sz300214,日科化学,2022-01-12,8.39,8.7,8.18,8.6,8.3,15453200.0,131560822.0,3134474989.6,4048988480.4,159641869.82999998,365855921.88000005,2303781729.1099997,2675530098.41,371748369.3,54298187.0,4738.84,5625.23,3991.26,2205.17,3603.49,4777.96,822.49,547.72,,,,,,,基础化工,塑料,其他塑料制品,8.3,8.32,8.27
sz300214,日科化学,2022-01-13,8.6,8.67,8.31,8.52,8.6,9639922.0,81466822.0,3105317082.7200003,4011323471.28,159641869.82999998,365855921.88000005,2303781729.1099997,2675530098.41,371748369.3,54298187.0,3173.36,3187.61,1603.6,2233.11,2909.36,2677.66,460.36,48.31,,,,,,,基础化工,塑料,其他塑料制品,8.46,8.46,8.46
sz300214,日科化学,2022-01-14,8.52,8.79,8.3,8.35,8.52,16250000.0,139499465.0,3043356530.6,3931285326.9,159641869.82999998,365855921.88000005,2303781729.1099997,2675530098.41,371748369.3,54298187.0,4988.23,4481.74,4322.29,4711.27,3843.5,3661.06,795.93,1095.88,,,,,,,基础化工,塑料,其他塑料制品,8.52,8.62,8.59
sz300214,日科化学,2022-01-17,8.21,8.91,8.0,8.73,8.35,23581683.0,201211135.0,3574706588.28,4110194120.22,159641869.82999998,365855921.88000005,2303781729.1099997,2675530098.41,371748369.3,54298187.0,7901.49,8495.82,5803.91,6389.95,6137.67,4545.12,278.05,690.22,,,,,,,基础化工,塑料,其他塑料制品,8.36,8.03,8.36
sz300214,日科化学,2022-01-18,8.68,8.85,8.33,8.41,8.73,15468141.0,131486414.0,3443674960.76,3959534083.74,159641869.82999998,365855921.88000005,2303781729.1099997,2675530098.41,371748369.3,54298187.0,5106.05,4176.36,3272.13,4508.86,4386.27,3651.52,384.19,811.9,,,,,,,基础化工,塑料,其他塑料制品,8.7,8.51,8.5
sz300214,日科化学,2022-01-19,8.52,8.53,8.2,8.26,8.41,9646800.0,80459531.0,3382253885.36,3888912191.64,159641869.82999998,365855921.88000005,2303781729.1099997,2675530098.41,371748369.3,54298187.0,3058.51,2680.8,1188.45,2274.99,3798.99,2126.35,0.0,963.81,,,,,,,基础化工,塑料,其他塑料制品,8.41,8.36,8.43
sz300214,日科化学,2022-01-20,8.36,8.37,7.82,7.85,8.26,14407700.0,115575781.0,3214369612.6,3695879019.9,159641869.82999998,365855921.88000005,2303781729.1099997,2675530098.41,371748369.3,54298187.0,4148.22,2723.46,2107.53,3630.26,5015.42,2601.59,286.41,2602.28,,,,,,,基础化工,塑料,其他塑料制品,8.28,8.19,8.14
sz300214,日科化学,2022-01-21,7.8,8.15,7.65,7.69,7.85,9446445.0,74007240.0,3148853798.84,3620549001.66,159641869.82999998,365855921.88000005,2303781729.1099997,2675530098.41,371748369.3,54298187.0,2466.8,2451.05,806.65,1599.38,3687.63,2577.36,439.65,772.94,,,,,,,基础化工,塑料,其他塑料制品,7.95,7.91,7.84
sz300214,日科化学,2022-01-24,7.69,8.27,7.6,8.06,7.69,12803300.0,103128773.0,3300359118.16,3794749668.84,159641869.82999998,365855921.88000005,2303781729.1099997,2675530098.41,371748369.3,54298187.0,4071.91,3326.81,1943.33,2193.78,4056.67,4678.85,240.97,113.44,,,,,,,基础化工,塑料,其他塑料制品,7.8,7.8,8.12
sz300214,日科化学,2022-01-25,8.18,8.18,7.7,7.77,8.06,7106200.0,55667860.0,3181611705.72,3658214010.78,159641869.82999998,365855921.88000005,2303781729.1099997,2675530098.41,371748369.3,54298187.0,2967.93,2107.61,726.13,547.04,1872.72,2708.54,0.0,203.59,,,,,,,基础化工,塑料,其他塑料制品,7.99,7.94,7.86
sz300214,日科化学,2022-01-26,7.77,7.84,7.6,7.77,7.77,3678822.0,28398601.0,3181611705.72,3658214010.78,159641869.82999998,365855921.88000005,2303781729.1099997,2675530098.41,371748369.3,54298187.0,914.72,985.9,728.75,408.97,1196.39,1444.99,0.0,0.0,,,,,,,基础化工,塑料,其他塑料制品,7.78,7.65,7.73
sz300214,日科化学,2022-01-27,7.76,7.84,7.27,7.3,7.77,6387922.0,47641321.0,2989159002.8,3436932082.2,159641869.82999998,365855921.88000005,2303781729.1099997,2675530098.41,371748369.3,54298187.0,1886.79,1627.01,682.53,826.56,2194.81,2310.57,0.0,0.0,,,,,,,基础化工,塑料,其他塑料制品,7.77,7.69,7.65
sz300214,日科化学,2022-01-28,7.37,8.25,7.37,7.78,7.3,13094300.0,103013945.0,3185706444.08,3662922136.92,159641869.82999998,365855921.88000005,2303781729.1099997,2675530098.41,371748369.3,54298187.0,3384.61,3435.49,2084.51,2302.26,3650.36,4343.26,1181.91,220.39,,,,,,,基础化工,塑料,其他塑料制品,7.94,7.88,7.75
sz300214,日科化学,2022-02-07,7.9,8.1,7.68,7.99,7.78,6627500.0,52251273.0,3271695949.64,3761792785.86,159641869.82999998,365855921.88000005,2303781729.1099997,2675530098.41,371748369.3,54298187.0,2118.36,1868.51,1362.93,857.18,1743.04,2499.44,0.79,0.0,,,,,,,基础化工,塑料,其他塑料制品,7.74,7.7,7.87
sz300214,日科化学,2022-02-08,7.99,8.11,7.87,8.08,7.99,4578400.0,36726871.0,3308548594.88,3804165921.12,159641869.82999998,365855921.88000005,2303781729.1099997,2675530098.41,371748369.3,54298187.0,1614.4,1421.57,617.76,691.74,1426.39,1559.38,14.14,0.0,,,,,,,基础化工,塑料,其他塑料制品,7.94,8.08,8.09
sz300214,日科化学,2022-02-09,8.03,8.43,8.03,8.36,8.08,9189400.0,76002233.0,3423201268.96,3935993453.04,159641869.82999998,365855921.88000005,2303781729.1099997,2675530098.41,371748369.3,54298187.0,2647.51,3155.67,2054.35,1958.81,2750.74,2343.25,147.62,142.49,,,,,,,基础化工,塑料,其他塑料制品,8.14,8.15,8.09
sz300214,日科化学,2022-02-10,8.36,8.5,8.25,8.5,8.36,7444902.0,62578196.0,3480527606.0,4001907219.0,159641869.82999998,365855921.88000005,2303781729.1099997,2675530098.41,371748369.3,54298187.0,2291.76,2612.72,1501.74,599.33,2093.74,2938.41,370.58,107.36,,,,,,,基础化工,塑料,其他塑料制品,8.31,8.34,8.32
sz300214,日科化学,2022-02-11,8.47,8.47,8.26,8.3,8.5,5356200.0,44765673.0,3398632838.8,3907744696.2,159641869.82999998,365855921.88000005,2303781729.1099997,2675530098.41,371748369.3,54298187.0,2060.75,1867.35,526.7,812.11,1889.12,1797.11,0.0,0.0,,,,,,,基础化工,塑料,其他塑料制品,8.43,8.38,8.4
sz300214,日科化学,2022-02-14,8.3,8.4,8.16,8.35,8.3,3593500.0,29844128.0,3419106530.6,3931285326.9,159641869.82999998,365855921.88000005,2303781729.1099997,2675530098.41,371748369.3,54298187.0,1279.7,931.95,499.13,350.53,1205.58,1583.84,0.0,118.09,,,,,,,基础化工,塑料,其他塑料制品,8.36,8.31,8.33
sz300214,日科化学,2022-02-15,8.35,8.65,8.18,8.55,8.35,11260720.0,95887943.0,3501001297.8,4025447849.7,159641869.82999998,365855921.88000005,2303781729.1099997,2675530098.41,371748369.3,54298187.0,3315.52,3427.09,2752.29,2489.7,2908.29,2819.74,612.69,852.26,,,,,,,基础化工,塑料,其他塑料制品,8.31,8.25,8.42
sz300214,日科化学,2022-02-16,8.55,8.62,8.45,8.51,8.55,5878600.0,50083222.0,3484622344.36,4006615345.14,159641869.82999998,365855921.88000005,2303781729.1099997,2675530098.41,371748369.3,54298187.0,2019.66,1986.21,744.04,890.79,1989.1,1443.52,255.52,687.8,,,,,,,基础化工,塑料,其他塑料制品,8.49,8.49,8.48
sz300214,日科化学,2022-02-17,8.54,8.56,8.35,8.38,8.51,5091400.0,42964449.0,3431390745.68,3945409705.32,159641869.82999998,365855921.88000005,2303781729.1099997,2675530098.41,371748369.3,54298187.0,1544.32,1415.63,420.88,1286.24,2331.24,1594.07,0.0,0.51,,,,,,,基础化工,塑料,其他塑料制品,8.45,8.5,8.53
sz300214,日科化学,2022-02-18,8.31,8.48,8.29,8.46,8.38,3504992.0,29481667.0,3464148652.5600004,3983074714.44,159641869.82999998,365855921.88000005,2303781729.1099997,2675530098.41,371748369.3,54298187.0,1165.7,1180.19,349.52,448.42,1432.94,1319.56,0.0,0.0,,,,,,,基础化工,塑料,其他塑料制品,8.38,8.32,8.4
sz300214,日科化学,2022-02-21,8.32,8.35,7.98,8.23,8.46,9744392.0,79415520.0,3369969670.28,3874787813.22,159641869.82999998,365855921.88000005,2303781729.1099997,2675530098.41,371748369.3,54298187.0,3070.3,2879.09,1498.36,2018.22,3372.89,2654.41,0.0,389.84,,,,,,,基础化工,塑料,其他塑料制品,8.09,8.09,8.19
sz300214,日科化学,2022-02-22,8.27,8.53,8.15,8.25,8.23,6616400.0,54854542.0,3378159147.0,3884204065.5,159641869.82999998,365855921.88000005,2303781729.1099997,2675530098.41,371748369.3,54298187.0,2872.2,2440.29,684.02,814.68,1929.24,2186.7,0.0,43.78,,,,,,,基础化工,塑料,其他塑料制品,8.28,8.51,8.23
sz300214,日科化学,2022-02-23,8.25,8.65,8.2,8.51,8.25,10068700.0,85276751.0,3484622344.36,4006615345.14,159641869.82999998,365855921.88000005,2303781729.1099997,2675530098.41,371748369.3,54298187.0,3172.37,3265.63,1956.72,2156.09,2895.96,2730.53,502.63,375.42,,,,,,,基础化工,塑料,其他塑料制品,8.31,8.26,8.21
sz300214,日科化学,2022-02-24,8.51,8.73,8.29,8.38,8.51,10081766.0,85936862.0,3431390745.68,3945409705.32,159641869.82999998,365855921.88000005,2303781729.1099997,2675530098.41,371748369.3,54298187.0,3680.13,3659.89,1296.46,2028.29,3617.1,2905.5,0.0,0.0,,,,,,,基础化工,塑料,其他塑料制品,8.56,8.61,8.65
sz300214,日科化学,2022-02-25,8.38,8.53,8.36,8.48,8.38,6148700.0,51976941.0,3472338129.28,3992490966.72,159641869.82999998,365855921.88000005,2303781729.1099997,2675530098.41,371748369.3,54298187.0,2434.28,1762.68,744.16,980.52,1865.33,2454.49,153.93,0.0,,,,,,,基础化工,塑料,其他塑料制品,8.41,8.4,8.47
sz300214,日科化学,2022-02-28,8.51,8.55,8.3,8.42,8.48,4082800.0,34317694.0,3447769699.12,3964242209.88,159641869.82999998,365855921.88000005,2303781729.1099997,2675530098.41,371748369.3,54298187.0,1516.37,1259.02,439.21,716.35,1476.18,1456.39,0.0,0.0,,,,,,,基础化工,塑料,其他塑料制品,8.4,8.35,8.35
sz300214,日科化学,2022-03-01,8.38,8.51,8.38,8.43,8.42,3683000.0,31092464.0,3451864437.48,3968950336.02,159641869.82999998,365855921.88000005,2303781729.1099997,2675530098.41,371748369.3,54298187.0,1089.85,1311.7,700.03,499.62,1319.37,1171.48,0.0,126.45,,,,,,,基础化工,塑料,其他塑料制品,8.48,8.44,8.5
sz300214,日科化学,2022-03-02,8.46,8.76,8.43,8.67,8.43,10843200.0,94137635.0,3550138158.120001,4081945363.38,159641869.82999998,365855921.88000005,2303781729.1099997,2675530098.41,371748369.3,54298187.0,3499.01,3977.46,2042.55,2868.05,3518.52,2203.08,353.68,365.17,,,,,,,基础化工,塑料,其他塑料制品,8.55,8.64,8.67
sz300214,日科化学,2022-03-03,8.68,8.77,8.56,8.64,8.67,5557100.0,48005457.0,3537853943.04,4067820984.96,159641869.82999998,365855921.88000005,2303781729.1099997,2675530098.41,371748369.3,54298187.0,2462.51,1896.17,517.53,693.59,1820.5,2082.25,0.0,128.54,,,,,,,基础化工,塑料,其他塑料制品,8.7,8.59,8.67
sz300214,日科化学,2022-03-04,8.54,8.64,8.32,8.35,8.64,5999245.0,50791722.0,3419106530.6,3931285326.9,159641869.82999998,365855921.88000005,2303781729.1099997,2675530098.41,371748369.3,54298187.0,2328.48,1853.88,724.62,1018.95,2026.07,1634.71,0.0,571.64,,,,,,,基础化工,塑料,其他塑料制品,8.57,8.53,8.52
sz300214,日科化学,2022-03-07,8.31,8.44,8.12,8.21,8.35,5528501.0,45648594.0,3361780193.56,3865371560.94,159641869.82999998,365855921.88000005,2303781729.1099997,2675530098.41,371748369.3,54298187.0,2122.97,1542.51,446.27,1083.61,1995.61,1483.93,0.0,454.81,,,,,,,基础化工,塑料,其他塑料制品,8.39,8.4,8.32
sz300214,日科化学,2022-03-08,8.22,8.24,7.88,7.9,8.21,5143902.0,41271975.0,3234843304.4,3719419650.6,159641869.82999998,365855921.88000005,2303781729.1099997,2675530098.41,371748369.3,54298187.0,2049.24,1429.05,230.52,727.79,1847.43,1811.66,0.0,158.69,,,,,,,基础化工,塑料,其他塑料制品,8.15,8.15,8.14
sz300214,日科化学,2022-03-09,7.91,8.58,7.74,8.14,7.9,9513000.0,77650720.0,3333117025.04,3832414677.96,159641869.82999998,365855921.88000005,2303781729.1099997,2675530098.41,371748369.3,54298187.0,3129.53,2669.13,1743.83,1296.97,2795.41,3798.98,96.31,0.0,,,,,,,基础化工,塑料,其他塑料制品,8.06,8.37,8.27
sz300214,日科化学,2022-03-10,8.28,8.46,8.07,8.11,8.14,7311100.0,60412005.0,3320832809.96,3818290299.54,159641869.82999998,365855921.88000005,2303781729.1099997,2675530098.41,371748369.3,54298187.0,2527.97,2169.86,964.11,1004.14,2549.12,2867.2,0.0,0.0,,,,,,,基础化工,塑料,其他塑料制品,8.38,8.34,8.43
sz300214,日科化学,2022-03-11,7.9,8.13,7.78,8.09,8.11,6129300.0,48836132.0,3312643333.24,3808874047.26,159641869.82999998,365855921.88000005,2303781729.1099997,2675530098.41,371748369.3,54298187.0,1963.09,1865.65,749.21,1051.81,2171.31,1966.15,0.0,0.0,,,,,,,基础化工,塑料,其他塑料制品,7.88,8.07,8.07
sz300214,日科化学,2022-03-14,7.96,8.05,7.71,7.73,8.09,5849100.0,45914054.0,3165232752.28,3639381506.22,159641869.82999998,365855921.88000005,2303781729.1099997,2675530098.41,371748369.3,54298187.0,1880.98,1432.6,635.75,1037.14,2074.68,2121.66,0.0,0.0,,,,,,,基础化工,塑料,其他塑料制品,7.99,8.01,7.97
sz300214,日科化学,2022-03-15,7.37,7.65,7.15,7.16,7.73,7225080.0,53845129.0,2931832665.76,3371018316.24,159641869.82999998,365855921.88000005,2303781729.1099997,2675530098.41,371748369.3,54298187.0,2153.8,1377.59,717.77,1298.21,2399.48,2370.92,113.47,337.8,,,,,,,基础化工,塑料,其他塑料制品,7.58,7.56,7.42
sz300214,日科化学,2022-03-16,7.28,7.64,7.07,7.61,7.16,6872702.0,50827321.0,3116095891.96,3582883992.54,159641869.82999998,365855921.88000005,2303781729.1099997,2675530098.41,371748369.3,54298187.0,1556.73,1552.78,1057.03,683.43,2021.58,2846.53,447.4,0.0,,,,,,,基础化工,塑料,其他塑料制品,7.27,7.21,7.32
sz300214,日科化学,2022-03-17,7.64,7.73,7.47,7.51,7.61,5086400.0,38711318.0,3075148508.36,3535802731.14,159641869.82999998,365855921.88000005,2303781729.1099997,2675530098.41,371748369.3,54298187.0,1742.79,1119.96,526.74,653.61,1601.6,2097.56,0.0,0.0,,,,,,,基础化工,塑料,其他塑料制品,7.67,7.7,7.7
sz300214,日科化学,2022-03-18,7.48,7.63,7.41,7.6,7.51,2545600.0,19220559.0,3112001153.6,3578175866.4,159641869.82999998,365855921.88000005,2303781729.1099997,2675530098.41,371748369.3,54298187.0,772.38,745.3,372.97,53.91,776.7,1122.85,0.0,0.0,,,,,,,基础化工,塑料,其他塑料制品,7.49,7.55,7.52
sz300214,日科化学,2022-03-21,7.61,7.64,7.51,7.61,7.6,3451080.0,26163363.0,3116095891.96,3582883992.54,159641869.82999998,365855921.88000005,2303781729.1099997,2675530098.41,371748369.3,54298187.0,747.25,829.36,510.19,622.65,1358.9,1164.33,0.0,0.0,,,,,,,基础化工,塑料,其他塑料制品,7.53,7.59,7.58
sz300214,日科化学,2022-03-22,7.6,7.6,7.4,7.52,7.61,3374100.0,25213978.0,3079243246.7200003,3540510857.28,159641869.82999998,365855921.88000005,2303781729.1099997,2675530098.41,371748369.3,54298187.0,873.26,503.95,375.39,320.35,1272.75,1697.09,0.0,0.0,,,,,,,基础化工,塑料,其他塑料制品,7.53,7.48,7.49
sz300214,日科化学,2022-03-23,7.49,7.55,7.45,7.47,7.52,2298200.0,17221458.0,3058769554.92,3516970226.58,159641869.82999998,365855921.88000005,2303781729.1099997,2675530098.41,371748369.3,54298187.0,660.65,471.0,330.12,417.65,731.38,833.5,0.0,0.0,,,,,,,基础化工,塑料,其他塑料制品,7.52,7.52,7.54
sz300214,日科化学,2022-03-24,7.43,7.55,7.43,7.44,7.47,2611400.0,19535580.0,3046485339.84,3502845848.1600003,159641869.82999998,365855921.88000005,2303781729.1099997,2675530098.41,371748369.3,54298187.0,529.39,652.39,266.24,61.68,1157.93,1239.5,0.0,0.0,,,,,,,基础化工,塑料,其他塑料制品,7.49,7.5,7.52
sz300214,日科化学,2022-03-25,7.54,7.85,7.45,7.61,7.44,6624200.0,50874475.0,3116095891.96,3582883992.54,159641869.82999998,365855921.88000005,2303781729.1099997,2675530098.41,371748369.3,54298187.0,1619.02,1576.98,856.58,483.2,1828.37,2698.78,744.44,289.46,,,,,,,基础化工,塑料,其他塑料制品,7.47,7.55,7.68
sz300214,日科化学,2022-03-28,7.58,7.65,7.5,7.62,7.61,3195900.0,24249256.0,3120190630.32,3587592118.68,159641869.82999998,365855921.88000005,2303781729.1099997,2675530098.41,371748369.3,54298187.0,727.91,724.69,85.82,379.57,1611.2,1320.67,0.0,0.0,,,,,,,基础化工,塑料,其他塑料制品,7.61,7.52,7.54
sz300214,日科化学,2022-03-29,7.62,7.63,7.44,7.46,7.62,2996400.0,22468352.0,3054674816.5600004,3512262100.44,159641869.82999998,365855921.88000005,2303781729.1099997,2675530098.41,371748369.3,54298187.0,879.43,555.57,390.09,240.19,977.32,1451.07,0.0,0.0,,,,,,,基础化工,塑料,其他塑料制品,7.56,7.56,7.57
sz300214,日科化学,2022-03-30,7.44,7.61,7.44,7.51,7.46,2543600.0,19136545.0,3075148508.36,3535802731.14,159641869.82999998,365855921.88000005,2303781729.1099997,2675530098.41,371748369.3,54298187.0,829.77,496.97,361.24,485.26,722.65,931.42,0.0,0.0,,,,,,,基础化工,塑料,其他塑料制品,7.46,7.5,7.5
sz300214,日科化学,2022-03-31,7.49,7.56,7.45,7.5,7.51,1966400.0,14758182.0,3071053770.0,3531094605.0,159641869.82999998,365855921.88000005,2303781729.1099997,2675530098.41,371748369.3,54298187.0,597.86,577.77,133.18,256.07,744.78,641.98,0.0,0.0,,,,,,,基础化工,塑料,其他塑料制品,7.49,7.46,7.47
sz300214,日科化学,2022-04-01,7.52,7.52,7.36,7.39,7.5,3434500.0,25468350.0,3026011648.04,3479305217.46,159641869.82999998,365855921.88000005,2303781729.1099997,2675530098.41,371748369.3,54298187.0,1228.26,788.94,274.66,649.2,1043.92,1108.7,0.0,0.0,,,,,,,基础化工,塑料,其他塑料制品,7.46,7.45,7.42
sz300214,日科化学,2022-04-06,7.37,7.65,7.36,7.65,7.39,3609900.0,27232632.0,3132474845.4,3601716497.100001,159641869.82999998,365855921.88000005,2303781729.1099997,2675530098.41,371748369.3,54298187.0,558.36,921.32,353.55,408.39,1659.26,1393.55,152.1,0.0,,,,,,,基础化工,塑料,其他塑料制品,7.41,7.48,7.54
sz300214,日科化学,2022-04-07,7.57,7.61,7.39,7.46,7.65,3425900.0,25540621.0,3054674816.5600004,3512262100.44,159641869.82999998,365855921.88000005,2303781729.1099997,2675530098.41,371748369.3,54298187.0,932.79,539.9,459.05,250.58,1162.22,1763.58,0.0,0.0,,,,,,,基础化工,塑料,其他塑料制品,7.53,7.52,7.53
sz300214,日科化学,2022-04-08,7.4,7.45,7.26,7.28,7.46,3178202.0,23290817.0,2980969526.0800004,3427515829.92,159641869.82999998,365855921.88000005,2303781729.1099997,2675530098.41,371748369.3,54298187.0,1041.03,752.93,121.35,703.01,1009.83,792.74,156.86,80.41,,,,,,,基础化工,塑料,其他塑料制品,7.42,7.39,7.36
sz300214,日科化学,2022-04-11,7.3,7.33,6.97,7.02,7.28,3715100.0,26369822.0,2874506328.72,3305104550.28,159641869.82999998,365855921.88000005,2303781729.1099997,2675530098.41,371748369.3,54298187.0,791.39,885.7,305.46,695.65,1151.5,753.63,388.63,302.0,,,,,,,基础化工,塑料,其他塑料制品,7.24,7.25,7.23
sz300214,日科化学,2022-04-12,7.12,7.32,7.03,7.18,7.02,4250441.0,30570887.0,2940022142.48,3380434568.5199995,159641869.82999998,365855921.88000005,2303781729.1099997,2675530098.41,371748369.3,54298187.0,898.25,802.75,424.92,1080.23,1499.77,1174.1,234.15,0.0,,,,,,,基础化工,塑料,其他塑料制品,7.09,7.08,7.06
sz300214,日科化学,2022-04-13,7.23,7.3,7.0,7.16,7.18,3140000.0,22251201.0,2931832665.76,3371018316.24,159641869.82999998,365855921.88000005,2303781729.1099997,2675530098.41,371748369.3,54298187.0,687.12,622.1,258.0,306.62,1103.54,1178.59,176.46,117.82,,,,,,,基础化工,塑料,其他塑料制品,7.11,7.01,7.05
sz300214,日科化学,2022-04-14,7.31,7.31,7.12,7.15,7.16,3014700.0,21640792.0,2927737927.4,3366310190.1,159641869.82999998,365855921.88000005,2303781729.1099997,2675530098.41,371748369.3,54298187.0,703.81,601.14,625.57,541.35,834.71,1021.58,0.0,0.0,,,,,,,基础化工,塑料,其他塑料制品,7.16,7.13,7.16
sz300214,日科化学,2022-04-15,7.15,7.15,6.97,7.0,7.15,2294800.0,16145303.0,2866316852.0,3295688298.0,159641869.82999998,365855921.88000005,2303781729.1099997,2675530098.41,371748369.3,54298187.0,693.28,434.6,273.25,632.68,647.99,547.25,0.0,0.0,,,,,,,基础化工,塑料,其他塑料制品,7.06,7.06,7.08
sz300214,日科化学,2022-04-18,6.96,7.09,6.86,7.04,7.0,1268900.0,8850096.0,2882695805.44,3314520802.56,159641869.82999998,365855921.88000005,2303781729.1099997,2675530098.41,371748369.3,54298187.0,321.35,289.03,109.51,28.17,454.15,567.81,0.0,0.0,,,,,,,基础化工,塑料,其他塑料制品,6.9,6.93,6.95
sz300214,日科化学,2022-04-19,7.04,7.2,7.0,7.1,7.04,1901200.0,13459150.0,2907264235.6000004,3342769559.4,159641869.82999998,365855921.88000005,2303781729.1099997,2675530098.41,371748369.3,54298187.0,422.71,506.31,271.34,456.97,470.95,382.63,180.92,0.0,,,,,,,基础化工,塑料,其他塑料制品,7.05,7.06,7.09
sz300214,日科化学,2022-04-20,7.11,7.45,7.11,7.25,7.1,6452100.0,47317174.0,2968685311.0,3413391451.5,190169628.7,106960548.21,2360999581.38,2892064345.84,531064764.46,56791456.04999998,1069.16,1554.73,801.3,1166.16,2674.36,1892.89,186.89,117.94,,,,,,,基础化工,塑料,其他塑料制品,7.25,7.34,7.34
sz300214,日科化学,2022-04-21,7.17,7.32,6.69,6.76,7.25,9401797.0,65011680.0,2768043131.36,3182693270.6400003,190169628.7,106960548.21,2360999581.38,2892064345.84,531064764.46,56791456.04999998,2279.88,1921.0,748.32,1751.02,2962.98,2243.91,510.0,585.23,,,,,,,基础化工,塑料,其他塑料制品,7.26,7.09,7.08
sz300214,日科化学,2022-04-22,6.74,6.97,6.63,6.86,6.76,3307300.0,22491634.0,2808990514.96,3229774532.04,190169628.7,106960548.21,2360999581.38,2892064345.84,531064764.46,56791456.04999998,554.08,567.29,465.23,342.13,1229.84,1339.75,0.0,0.0,,,,,,,基础化工,塑料,其他塑料制品,6.66,6.68,6.78
sz300214,日科化学,2022-04-25,6.75,6.8,6.34,6.4,6.86,4138600.0,27146935.0,2620632550.4,3013200729.6000004,190169628.7,106960548.21,2360999581.38,2892064345.84,531064764.46,56791456.04999998,831.88,677.79,429.56,702.94,1453.26,1224.43,0.0,109.53,,,,,,,基础化工,塑料,其他塑料制品,6.68,6.62,6.6
sz300214,日科化学,2022-04-26,6.41,6.65,6.32,6.4,6.4,3414600.0,21969159.0,2620632550.4,3013200729.6000004,190169628.7,106960548.21,2360999581.38,2892064345.84,531064764.46,56791456.04999998,623.41,714.8,272.83,253.32,757.71,1106.42,542.97,122.38,,,,,,,基础化工,塑料,其他塑料制品,6.37,6.43,6.34
sz300214,日科化学,2022-04-27,6.33,6.53,6.22,6.51,6.4,2431800.0,15487584.0,2665674672.36,3064990117.1400003,190169628.7,106960548.21,2360999581.38,2892064345.84,531064764.46,56791456.04999998,635.46,247.23,247.34,167.75,650.51,1066.98,0.0,51.35,,,,,,,基础化工,塑料,其他塑料制品,6.29,6.32,6.28
sz300214,日科化学,2022-04-28,6.42,6.6,6.42,6.49,6.51,1646710.0,10688391.0,2657485195.6400003,3055573864.86,190169628.7,106960548.21,2360999581.38,2892064345.84,531064764.46,56791456.04999998,336.27,373.69,61.88,114.1,666.62,576.98,0.0,0.0,,,,,,,基础化工,塑料,其他塑料制品,6.51,6.51,6.49
sz300214,日科化学,2022-04-29,6.8,7.13,6.76,7.03,6.49,7433000.0,51668356.0,2878601067.08,3309812676.42,232858622.39,88542997.44,2443626960.9500003,2943114096.11,499487135.16,80938188.27,1528.32,1851.24,686.51,1629.25,2917.49,1651.83,0.0,0.0,,,,,,,基础化工,塑料,其他塑料制品,6.79,6.92,6.88
sz300214,日科化学,2022-05-05,6.9,7.2,6.9,7.14,7.03,4533900.0,32162726.0,2923643189.04,3361602063.96,232858622.39,88542997.44,2443626960.9500003,2943114096.11,499487135.16,80938188.27,994.4,1233.89,344.92,367.15,1876.96,1615.23,0.0,0.0,,,,,,,基础化工,塑料,其他塑料制品,7.01,7.06,7.11
sz300214,日科化学,2022-05-06,6.96,7.2,6.95,7.15,7.14,2912900.0,20776604.0,2927737927.4,3366310190.1,232858622.39,88542997.44,2443626960.9500003,2943114096.11,499487135.16,80938188.27,523.04,856.61,254.24,448.93,1272.49,744.24,0.0,0.0,,,,,,,基础化工,塑料,其他塑料制品,7.06,7.13,7.15
sz300214,日科化学,2022-05-09,7.17,7.3,7.14,7.27,7.15,2629800.0,19067645.0,2976874787.72,3422807703.78,232858622.39,88542997.44,2443626960.9500003,2943114096.11,499487135.16,80938188.27,474.7,668.05,53.82,288.83,1227.92,847.65,150.33,102.24,,,,,,,基础化工,塑料,其他塑料制品,7.21,7.24,7.24
sz300214,日科化学,2022-05-10,7.22,7.4,7.17,7.3,7.27,2961600.0,21613042.0,2989159002.8,3436932082.2,232858622.39,88542997.44,2443626960.9500003,2943114096.11,499487135.16,80938188.27,817.4,714.51,173.24,492.07,1159.44,840.53,0.0,102.96,,,,,,,基础化工,塑料,其他塑料制品,7.31,7.26,7.27
sz300214,日科化学,2022-05-11,7.3,7.39,7.2,7.22,7.3,3332300.0,24385601.0,2956401095.92,3399267073.08,232858622.39,88542997.44,2443626960.9500003,2943114096.11,499487135.16,80938188.27,641.16,968.71,468.63,254.81,1301.37,1187.65,0.0,0.0,,,,,,,基础化工,塑料,其他塑料制品,7.31,7.31,7.32
sz300214,日科化学,2022-05-12,7.24,7.43,7.2,7.4,7.22,3726700.0,27444128.0,3030106386.4,3484013343.6,232858622.39,88542997.44,2443626960.9500003,2943114096.11,499487135.16,80938188.27,737.57,1097.86,196.76,140.48,1627.66,1211.35,178.01,290.31,,,,,,,基础化工,塑料,其他塑料制品,7.36,7.38,7.39
sz300214,日科化学,2022-05-13,7.36,7.36,7.0,7.29,7.4,3182600.0,23153554.0,2985064264.44,3432223956.06,232858622.39,88542997.44,2443626960.9500003,2943114096.11,499487135.16,80938188.27,712.57,607.45,83.89,399.41,1409.85,1090.4,109.05,218.1,,,,,,,基础化工,塑料,其他塑料制品,7.25,7.28,7.32
sz300214,日科化学,2022-05-16,7.33,7.5,7.11,7.37,7.29,3045901.0,22360195.0,3017822171.32,3469888965.18,232858622.39,88542997.44,2443626960.9500003,2943114096.11,499487135.16,80938188.27,691.52,676.49,323.23,457.79,1214.51,1094.98,0.0,0.0,,,,,,,基础化工,塑料,其他塑料制品,7.36,7.36,7.36
sz300214,日科化学,2022-05-17,7.31,7.38,7.2,7.26,7.37,2010200.0,14555311.0,2972780049.36,3418099577.64,232858622.39,88542997.44,2443626960.9500003,2943114096.11,499487135.16,80938188.27,464.41,368.0,94.25,448.64,885.69,542.8,0.0,84.9,,,,,,,基础化工,塑料,其他塑料制品,7.31,7.26,7.25
sz300214,日科化学,2022-05-18,7.25,7.39,7.08,7.32,7.26,2068701.0,15108227.0,2997348479.52,3446348334.48,232858622.39,88542997.44,2443626960.9500003,2943114096.11,499487135.16,80938188.27,444.57,472.88,234.09,361.11,795.27,639.94,0.0,0.0,,,,,,,基础化工,塑料,其他塑料制品,7.31,7.32,7.31
sz300214,日科化学,2022-05-19,7.31,7.41,7.26,7.4,7.32,2475301.0,18221750.0,3030106386.4,3484013343.6,232858622.39,88542997.44,2443626960.9500003,2943114096.11,499487135.16,80938188.27,710.94,668.31,249.87,237.47,731.26,904.59,118.3,0.0,,,,,,,基础化工,塑料,其他塑料制品,7.34,7.3,7.32
sz300214,日科化学,2022-05-20,7.45,7.67,7.31,7.6,7.4,4446301.0,33540796.0,3112001153.6,3578175866.4,232858622.39,88542997.44,2443626960.9500003,2943114096.11,499487135.16,80938188.27,973.14,1452.95,677.2,317.2,1510.79,1390.98,0.0,0.0,,,,,,,基础化工,塑料,其他塑料制品,7.45,7.45,7.43
sz300214,日科化学,2022-05-23,7.64,7.65,7.4,7.59,7.6,2787000.0,21079633.0,3107906415.24,3573467740.26,232858622.39,88542997.44,2443626960.9500003,2943114096.11,499487135.16,80938188.27,579.22,709.22,167.85,389.66,1171.94,864.11,43.99,0.0,,,,,,,基础化工,塑料,其他塑料制品,7.54,7.55,7.51
sz300214,日科化学,2022-05-24,7.6,7.68,7.35,7.37,7.59,3927100.0,29501029.0,3017822171.32,3469888965.18,232858622.39,88542997.44,2443626960.9500003,2943114096.11,499487135.16,80938188.27,924.24,962.33,320.78,616.75,1704.33,1284.08,0.0,86.19,,,,,,,基础化工,塑料,其他塑料制品,7.61,7.61,7.6
sz300214,日科化学,2022-05-25,7.46,7.47,7.31,7.39,7.37,2985800.0,22042606.0,3026011648.04,3479305217.46,232858622.39,88542997.44,2443626960.9500003,2943114096.11,499487135.16,80938188.27,570.85,480.38,189.53,354.51,1443.88,1369.37,0.0,0.0,,,,,,,基础化工,塑料,其他塑料制品,7.44,7.37,7.42
sz300214,日科化学,2022-05-26,7.41,7.41,7.26,7.41,7.39,2477600.0,18212041.0,3034201124.76,3488721469.74,232858622.39,88542997.44,2443626960.9500003,2943114096.11,499487135.16,80938188.27,603.95,566.02,202.36,307.86,1014.9,947.33,0.0,0.0,,,,,,,基础化工,塑料,其他塑料制品,7.37,7.33,7.29
sz300214,日科化学,2022-05-27,7.41,7.49,7.33,7.42,7.41,3249700.0,24058025.0,3038295863.12,3493429595.88,232858622.39,88542997.44,2443626960.9500003,2943114096.11,499487135.16,80938188.27,804.74,727.66,396.78,221.79,1204.28,1269.86,0.0,186.5,,,,,,,基础化工,塑料,其他塑料制品,7.43,7.42,7.4
sz300214,日科化学,2022-05-30,7.41,7.52,7.36,7.5,7.42,2290100.0,17084781.0,3071053770.0,3531094605.0,232858622.39,88542997.44,2443626960.9500003,2943114096.11,499487135.16,80938188.27,441.36,510.94,79.41,141.33,1187.71,1056.21,0.0,0.0,,,,,,,基础化工,塑料,其他塑料制品,7.47,7.45,7.36
sz300214,日科化学,2022-05-31,7.52,7.52,7.28,7.47,7.5,3839600.0,28437694.0,3058769554.92,3516970226.58,232858622.39,88542997.44,2443626960.9500003,2943114096.11,499487135.16,80938188.27,755.97,878.14,426.45,513.09,1661.34,1298.9,0.0,153.64,,,,,,,基础化工,塑料,其他塑料制品,7.42,7.37,7.3
sz300214,日科化学,2022-06-01,7.46,7.51,7.4,7.42,7.47,2997200.0,22333590.0,3038295863.12,3493429595.88,232858622.39,88542997.44,2443626960.9500003,2943114096.11,499487135.16,80938188.27,549.97,545.49,280.42,331.25,1402.97,1315.05,0.0,41.57,,,,,,,基础化工,塑料,其他塑料制品,7.42,7.47,7.49
sz300214,日科化学,2022-06-02,7.45,7.49,7.34,7.45,7.42,2065700.0,15320179.0,3050580078.2,3507553974.3,232858622.39,88542997.44,2443626960.9500003,2943114096.11,499487135.16,80938188.27,414.89,296.48,94.39,193.84,899.89,918.86,0.0,0.0,,,,,,,基础化工,塑料,其他塑料制品,7.4,7.37,7.37
sz300214,日科化学,2022-06-06,7.45,7.61,7.43,7.57,7.45,2575000.0,19462669.0,3099716938.52,3564051487.98,232858622.39,88542997.44,2443626960.9500003,2943114096.11,499487135.16,80938188.27,624.08,512.85,227.58,205.82,1094.6,1227.6,0.0,0.0,,,,,,,基础化工,塑料,其他塑料制品,7.5,7.58,7.59
sz300214,日科化学,2022-06-07,7.58,7.63,7.43,7.47,7.57,3447900.0,25941761.0,3058769554.92,3516970226.58,232858622.39,88542997.44,2443626960.9500003,2943114096.11,499487135.16,80938188.27,927.91,616.46,133.94,757.96,1511.29,984.22,0.0,214.5,,,,,,,基础化工,塑料,其他塑料制品,7.61,7.54,7.54
sz300214,日科化学,2022-06-08,7.5,7.53,7.24,7.41,7.47,3467200.0,25619670.0,3034201124.76,3488721469.74,232858622.39,88542997.44,2443626960.9500003,2943114096.11,499487135.16,80938188.27,812.98,902.78,58.7,378.99,1643.94,1231.83,0.0,2.02,,,,,,,基础化工,塑料,其他塑料制品,7.5,7.5,7.47
sz300214,日科化学,2022-06-09,7.4,7.45,7.26,7.27,7.41,3148600.0,23087348.0,2976874787.72,3422807703.78,232858622.39,88542997.44,2443626960.9500003,2943114096.11,499487135.16,80938188.27,534.88,581.52,194.69,461.8,1513.44,896.96,0.0,302.73,,,,,,,基础化工,塑料,其他塑料制品,7.38,7.35,7.41
sz300214,日科化学,2022-06-10,7.2,7.44,7.2,7.39,7.27,3061100.0,22575120.0,3026011648.04,3479305217.46,232858622.39,88542997.44,2443626960.9500003,2943114096.11,499487135.16,80938188.27,492.25,569.64,232.68,267.54,1532.58,1420.33,0.0,0.0,,,,,,,基础化工,塑料,其他塑料制品,7.33,7.34,7.33
sz300214,日科化学,2022-06-13,7.33,7.6,7.33,7.51,7.39,4526600.0,34074829.0,3075148508.36,3535802731.14,232858622.39,88542997.44,2443626960.9500003,2943114096.11,499487135.16,80938188.27,1173.24,1062.1,502.26,555.17,1731.99,1665.67,0.0,124.54,,,,,,,基础化工,塑料,其他塑料制品,7.53,7.58,7.57
sz300214,日科化学,2022-06-14,7.46,7.64,7.41,7.64,7.51,4609100.0,34733822.0,3128380107.04,3597008370.96,232858622.39,88542997.44,2443626960.9500003,2943114096.11,499487135.16,80938188.27,1129.07,975.15,583.69,682.03,1760.62,1816.21,0.0,0.0,,,,,,,基础化工,塑料,其他塑料制品,7.46,7.44,7.43
sz300214,日科化学,2022-06-15,7.67,7.68,7.5,7.52,7.64,4894901.0,36997785.0,3079243246.7200003,3540510857.28,232858622.39,88542997.44,2443626960.9500003,2943114096.11,499487135.16,80938188.27,1258.35,1397.07,630.03,303.31,1811.39,1999.4,0.0,0.0,,,,,,,基础化工,塑料,其他塑料制品,7.65,7.58,7.54
sz300214,日科化学,2022-06-16,7.47,7.55,7.33,7.39,7.44,3648036.0,27141975.0,3026011648.04,3479305217.46,232858622.39,88542997.44,2443626960.9500003,2943114096.11,499487135.16,80938188.27,866.81,787.46,236.79,467.31,1542.28,1391.11,0.0,0.0,,,,,,,基础化工,塑料,其他塑料制品,7.48,7.49,7.49
sz300214,日科化学,2022-06-17,7.38,7.93,7.34,7.75,7.39,8299316.0,63616422.0,3173422229.0,3648797758.5,232858622.39,88542997.44,2443626960.9500003,2943114096.11,499487135.16,80938188.27,1894.93,2253.22,1618.54,731.9,2414.68,3376.53,433.5,0.0,,,,,,,基础化工,塑料,其他塑料制品,7.44,7.46,7.47
sz300214,日科化学,2022-06-20,7.78,7.8,7.61,7.74,7.75,4787800.0,36822319.0,3169327490.64,3644089632.36,232858622.39,88542997.44,2443626960.9500003,2943114096.11,499487135.16,80938188.27,1468.67,1489.28,315.22,266.56,1898.34,1926.4,0.0,0.0,,,,,,,基础化工,塑料,其他塑料制品,7.72,7.7,7.65
sz300214,日科化学,2022-06-21,7.69,7.76,7.5,7.6,7.74,5036876.0,38312473.0,3112001153.6,3578175866.4,232858622.39,88542997.44,2443626960.9500003,2943114096.11,499487135.16,80938188.27,1473.25,1129.13,457.91,1001.85,1900.08,1416.1,0.0,284.16,,,,,,,基础化工,塑料,其他塑料制品,7.69,7.66,7.67
sz300214,日科化学,2022-06-22,7.6,7.61,7.46,7.51,7.6,3740300.0,28185617.0,3075148508.36,3535802731.14,232858622.39,88542997.44,2443626960.9500003,2943114096.11,499487135.16,80938188.27,1129.25,1198.82,436.75,494.72,1251.05,1123.51,0.0,0.0,,,,,,,基础化工,塑料,其他塑料制品,7.56,7.5,7.5
sz300214,日科化学,2022-06-23,7.49,7.61,7.46,7.59,7.51,3849710.0,29044073.0,3107906415.24,3573467740.26,232858622.39,88542997.44,2443626960.9500003,2943114096.11,499487135.16,80938188.27,1201.86,1032.69,446.78,685.2,1255.77,1186.52,0.0,0.0,,,,,,,基础化工,塑料,其他塑料制品,7.53,7.52,7.52
sz300214,日科化学,2022-06-24,7.59,8.0,7.57,7.75,7.59,7916854.0,61832813.0,3173422229.0,3648797758.5,232858622.39,88542997.44,2443626960.9500003,2943114096.11,499487135.16,80938188.27,2222.14,2223.74,1638.11,1468.88,2323.03,2287.98,0.0,202.68,,,,,,,基础化工,塑料,其他塑料制品,7.63,7.69,7.78
sz300214,日科化学,2022-06-27,7.74,8.05,7.5,7.97,7.75,9893879.0,78145674.0,3263506472.92,3752376533.58,232858622.39,88542997.44,2443626960.9500003,2943114096.11,499487135.16,80938188.27,2806.38,3002.28,1779.48,1754.07,2990.2,2342.69,238.5,715.52,,,,,,,基础化工,塑料,其他塑料制品,7.79,7.81,7.83
sz300214,日科化学,2022-06-28,8.01,8.06,7.89,7.94,7.97,5040377.0,40107264.0,3251222257.84,3738252155.16,232858622.39,88542997.44,2443626960.9500003,2943114096.11,499487135.16,80938188.27,1542.99,1426.62,537.28,947.77,1912.48,1618.35,0.0,0.0,,,,,,,基础化工,塑料,其他塑料制品,7.93,7.96,7.95
sz300214,日科化学,2022-06-29,7.95,8.01,7.7,7.71,7.94,5446600.0,42542408.0,3157043275.56,3629965253.94,232858622.39,88542997.44,2443626960.9500003,2943114096.11,499487135.16,80938188.27,1236.59,1374.28,402.9,678.28,2535.6,2005.29,0.0,117.23,,,,,,,基础化工,塑料,其他塑料制品,7.93,7.89,7.88
sz300214,日科化学,2022-06-30,7.76,7.87,7.71,7.74,7.71,4753600.0,36973867.0,3169327490.64,3644089632.36,232858622.39,88542997.44,2443626960.9500003,2943114096.11,499487135.16,80938188.27,1268.52,1181.93,502.41,369.13,1445.77,1943.68,417.41,139.37,,,,,,,基础化工,塑料,其他塑料制品,7.76,7.77,7.79
sz300214,日科化学,2022-07-01,7.78,7.91,7.67,7.75,7.74,4764000.0,36945098.0,3173422229.0,3648797758.5,232858622.39,88542997.44,2443626960.9500003,2943114096.11,499487135.16,80938188.27,1234.61,1036.59,331.21,358.77,1975.37,1992.35,153.31,306.79,,,,,,,基础化工,塑料,其他塑料制品,7.83,7.79,7.8
sz300214,日科化学,2022-07-04,7.78,7.99,7.66,7.98,7.75,7287000.0,57282922.0,3267601211.28,3757084659.72,232858622.39,88542997.44,2443626960.9500003,2943114096.11,499487135.16,80938188.27,1763.58,1812.67,1894.72,748.42,2069.99,3038.84,0.0,128.37,,,,,,,基础化工,塑料,其他塑料制品,7.7,7.7,7.7
sz300214,日科化学,2022-07-05,7.99,8.34,7.92,8.17,7.98,13519400.0,110371456.0,3345401240.12,3846539056.38,232858622.39,88542997.44,2443626960.9500003,2943114096.11,499487135.16,80938188.27,4314.68,3703.25,2830.76,1736.87,3745.45,4929.47,146.26,667.55,,,,,,,基础化工,塑料,其他塑料制品,7.94,8.02,8.17
sz300214,日科化学,2022-07-06,8.09,8.15,7.81,7.94,8.17,6993900.0,55582752.0,3251222257.84,3738252155.16,232858622.39,88542997.44,2443626960.9500003,2943114096.11,499487135.16,80938188.27,1859.41,1979.42,802.55,1054.51,2896.32,2382.66,0.0,141.69,,,,,,,基础化工,塑料,其他塑料制品,8.01,7.99,7.98
sz300214,日科化学,2022-07-07,7.98,7.98,7.83,7.91,7.94,4778172.0,37751069.0,3238938042.76,3724127776.74,232858622.39,88542997.44,2443626960.9500003,2943114096.11,499487135.16,80938188.27,1330.07,1036.01,431.3,904.42,2013.74,1594.6,0.0,240.09,,,,,,,基础化工,塑料,其他塑料制品,7.87,7.93,7.89
sz300214,日科化学,2022-07-08,7.88,7.97,7.8,7.87,7.91,4361972.0,34396864.0,3222559089.32,3705295272.18,232858622.39,88542997.44,2443626960.9500003,2943114096.11,499487135.16,80938188.27,1159.39,1161.15,400.75,901.43,1879.55,1377.1,0.0,0.0,,,,,,,基础化工,塑料,其他塑料制品,7.91,7.93,7.95
sz300214,日科化学,2022-07-11,7.83,7.86,7.71,7.77,7.87,4290200.0,33353639.0,3181611705.72,3658214010.78,232858622.39,88542997.44,2443626960.9500003,2943114096.11,499487135.16,80938188.27,925.51,1087.48,311.13,895.75,2098.73,1352.13,0.0,0.0,,,,,,,基础化工,塑料,其他塑料制品,7.78,7.84,7.82
sz300214,日科化学,2022-07-12,7.76,7.76,7.61,7.64,7.77,3825700.0,29377710.0,3128380107.04,3597008370.96,232858622.39,88542997.44,2443626960.9500003,2943114096.11,499487135.16,80938188.27,897.28,1163.88,552.54,562.64,1487.95,1211.25,0.0,0.0,,,,,,,基础化工,塑料,其他塑料制品,7.65,7.74,7.74
sz300214,日科化学,2022-07-13,7.68,7.75,7.64,7.71,7.64,3157200.0,24298113.0,3157043275.56,3629965253.94,232858622.39,88542997.44,2443626960.9500003,2943114096.11,499487135.16,80938188.27,856.72,875.02,341.76,351.28,1109.55,1203.36,121.77,0.15,,,,,,,基础化工,塑料,其他塑料制品,7.73,7.66,7.65
sz300214,日科化学,2022-07-14,7.74,7.75,7.6,7.7,7.71,3807000.0,29180236.0,3152948537.2000003,3625257127.8,232858622.39,88542997.44,2443626960.9500003,2943114096.11,499487135.16,80938188.27,1002.23,865.32,549.45,357.31,1366.34,1556.37,0.0,139.02,,,,,,,基础化工,塑料,其他塑料制品,7.61,7.63,7.61
sz300214,日科化学,2022-07-15,7.67,7.69,7.46,7.46,7.7,6109500.0,45982235.0,3054674816.5600004,3512262100.44,232858622.39,88542997.44,2443626960.9500003,2943114096.11,499487135.16,80938188.27,1669.32,1737.32,684.06,808.08,2244.84,1886.17,0.0,166.65,,,,,,,基础化工,塑料,其他塑料制品,7.59,7.53,7.53
sz300214,日科化学,2022-07-18,7.46,7.83,7.46,7.8,7.46,8009101.0,62054154.0,3179075920.8,3672338389.2,232858622.39,88542997.44,2443626960.9500003,2943114096.11,499487135.16,80938188.27,1727.04,2658.22,1169.69,863.93,3308.69,2445.87,0.0,237.4,,,,,,,基础化工,塑料,其他塑料制品,7.68,7.73,7.75
sz300214,日科化学,2022-07-19,7.8,8.02,7.78,7.94,7.8,6793901.0,53848038.0,3236136257.84,3738252155.16,232858622.39,88542997.44,2443626960.9500003,2943114096.11,499487135.16,80938188.27,1514.78,1779.34,731.81,1105.06,3138.21,2500.4,0.0,0.0,,,,,,,基础化工,塑料,其他塑料制品,7.82,7.84,7.85
sz300214,日科化学,2022-07-20,7.98,8.01,7.9,7.98,7.94,4297000.0,34177529.0,3252439211.28,3757084659.72,232858622.39,88542997.44,2443626960.9500003,2943114096.11,499487135.16,80938188.27,1165.35,1099.25,317.47,588.26,1891.64,1494.66,0.0,192.28,,,,,,,基础化工,塑料,其他塑料制品,7.95,7.94,7.92
sz300214,日科化学,2022-07-21,8.03,8.03,7.88,7.91,7.98,2916900.0,23181000.0,3223909042.76,3724127776.74,232858622.39,88542997.44,2443626960.9500003,2943114096.11,499487135.16,80938188.27,586.59,594.35,200.06,265.64,1531.45,1458.1,0.0,0.0,,,,,,,基础化工,塑料,其他塑料制品,7.96,7.92,7.94
sz300214,日科化学,2022-07-22,7.94,7.97,7.8,7.87,7.91,3852301.0,30405720.0,3207606089.32,3705295272.18,232858622.39,88542997.44,2443626960.9500003,2943114096.11,499487135.16,80938188.27,1209.36,809.54,361.64,814.18,1361.01,1099.65,108.56,317.2,,,,,,,基础化工,塑料,其他塑料制品,7.94,7.92,7.93
sz300214,日科化学,2022-07-25,7.92,7.96,7.71,7.76,7.87,3692330.0,28873565.0,3162772967.36,3653505884.64,232858622.39,88542997.44,2443626960.9500003,2943114096.11,499487135.16,80938188.27,1095.15,721.95,330.46,798.39,1461.75,1367.02,0.0,0.0,,,,,,,基础化工,塑料,其他塑料制品,7.91,7.9,7.94
sz300214,日科化学,2022-07-26,7.83,7.95,7.68,7.94,7.76,3807948.0,29946909.0,3236136257.84,3738252155.16,232858622.39,88542997.44,2443626960.9500003,2943114096.11,499487135.16,80938188.27,728.2,986.68,130.01,353.21,2136.48,1654.8,0.0,0.0,,,,,,,基础化工,塑料,其他塑料制品,7.74,7.72,7.74
sz300214,日科化学,2022-07-27,7.89,8.12,7.89,8.02,7.94,4352918.0,34932562.0,3268742164.72,3775917164.28,232858622.39,88542997.44,2443626960.9500003,2943114096.11,499487135.16,80938188.27,1120.06,1263.13,944.85,480.0,1323.2,1388.41,105.14,361.72,,,,,,,基础化工,塑料,其他塑料制品,7.98,8.06,8.04
sz300214,日科化学,2022-07-28,8.02,8.16,8.0,8.1,8.02,5100200.0,41277330.0,3301348071.6000004,3813582173.4,232858622.39,88542997.44,2443626960.9500003,2943114096.11,499487135.16,80938188.27,1210.87,1423.75,882.95,1210.98,1834.38,1322.89,199.52,170.12,,,,,,,基础化工,塑料,其他塑料制品,8.04,8.04,8.04
sz300214,日科化学,2022-07-29,8.12,8.12,7.92,7.95,8.1,4605802.0,36840020.0,3240211996.2000003,3742960281.3,232858622.39,88542997.44,2443626960.9500003,2943114096.11,499487135.16,80938188.27,1132.64,693.82,359.72,421.52,2191.64,2568.67,0.0,0.0,,,,,,,基础化工,化学制品,其他化学制品,8.07,8.04,8.02
sz300214,日科化学,2022-08-01,7.96,8.21,7.9,8.2,7.95,7523500.0,61010543.0,3342105455.2,3860663434.8,232858622.39,88542997.44,2443626960.9500003,2943114096.11,499487135.16,80938188.27,2690.29,2473.08,1108.91,1055.25,2301.85,2572.73,0.0,0.0,,,,,,,基础化工,化学制品,其他化学制品,8.01,8.0,7.99
sz300214,日科化学,2022-08-02,8.1,8.17,7.71,7.84,8.2,7746100.0,61022607.0,3195378874.24,3691170893.76,232858622.39,88542997.44,2443626960.9500003,2943114096.11,499487135.16,80938188.27,2078.13,2288.25,833.17,829.82,3190.97,2984.19,0.0,0.0,,,,,,,基础化工,化学制品,其他化学制品,8.02,7.96,7.97
sz300214,日科化学,2022-08-03,7.83,8.14,7.83,7.92,7.84,7601500.0,60979510.0,3227984781.12,3728835902.88,232858622.39,88542997.44,2443626960.9500003,2943114096.11,499487135.16,80938188.27,2549.85,2478.23,1048.71,1277.58,2356.19,2342.15,143.2,0.0,,,,,,,基础化工,化学制品,其他化学制品,7.98,8.01,7.97
sz300214,日科化学,2022-08-04,7.93,8.17,7.87,8.03,7.92,7611900.0,60811763.0,3272817903.08,3780625290.42,232858622.39,88542997.44,2443626960.9500003,2943114096.11,499487135.16,80938188.27,2315.24,2628.88,765.56,1426.95,2585.63,1883.09,414.75,142.25,,,,,,,基础化工,化学制品,其他化学制品,7.92,8.02,8.08
sz300214,日科化学,2022-08-05,8.06,8.13,7.91,8.06,8.03,4795700.0,38388549.0,3285045118.16,3794749668.84,232858622.39,88542997.44,2443626960.9500003,2943114096.11,499487135.16,80938188.27,1376.12,1529.82,698.49,847.16,1764.24,1461.88,0.0,0.0,,,,,,,基础化工,化学制品,其他化学制品,8.03,8.05,7.98
sz300214,日科化学,2022-08-08,8.04,8.19,7.94,8.17,8.06,7751800.0,62966691.0,3329878240.12,3846539056.38,232858622.39,88542997.44,2443626960.9500003,2943114096.11,499487135.16,80938188.27,2498.2,2532.17,1299.58,1535.89,2498.89,1651.31,0.0,577.3,,,,,,,基础化工,化学制品,其他化学制品,7.98,8.06,8.06
sz300214,日科化学,2022-08-09,8.16,8.22,8.11,8.17,8.17,4332100.0,35382768.0,3329878240.12,3846539056.38,232858622.39,88542997.44,2443626960.9500003,2943114096.11,499487135.16,80938188.27,1215.56,1518.68,637.29,552.16,1685.43,1467.44,0.0,0.0,,,,,,,基础化工,化学制品,其他化学制品,8.14,8.15,8.19
sz300214,日科化学,2022-08-10,8.2,8.21,8.11,8.17,8.17,5140300.0,41978682.0,3329878240.12,3846539056.38,232858622.39,88542997.44,2443626960.9500003,2943114096.11,499487135.16,80938188.27,1659.24,1420.74,577.42,1403.41,1961.21,1251.71,0.0,122.01,,,,,,,基础化工,化学制品,其他化学制品,8.15,8.18,8.14
sz300214,日科化学,2022-08-11,8.2,8.4,8.19,8.37,8.17,10379656.0,86671156.0,3411393007.32,3940701579.18,232858622.39,88542997.44,2443626960.9500003,2943114096.11,499487135.16,80938188.27,2587.04,3584.69,1920.85,1625.28,3806.35,3049.14,352.88,408.01,,,,,,,基础化工,化学制品,其他化学制品,8.27,8.32,8.31
sz300214,日科化学,2022-08-12,8.34,8.41,8.22,8.24,8.37,6007500.0,49904482.0,3358408408.6400003,3879495939.36,232858622.39,88542997.44,2443626960.9500003,2943114096.11,499487135.16,80938188.27,2242.1,1721.59,469.48,862.19,2278.87,1968.41,0.0,438.26,,,,,,,基础化工,化学制品,其他化学制品,8.4,8.36,8.33
sz300214,日科化学,2022-08-15,8.28,8.28,8.15,8.2,8.24,4551400.0,37349635.0,3342105455.2,3860663434.8,232858622.39,88542997.44,2443626960.9500003,2943114096.11,499487135.16,80938188.27,1222.46,965.59,203.36,717.53,2309.14,1899.96,0.0,151.89,,,,,,,基础化工,化学制品,其他化学制品,8.21,8.23,8.17
sz300214,日科化学,2022-08-16,8.26,8.32,8.18,8.29,8.2,5214000.0,42999261.0,3378787100.44,3903036570.06,232858622.39,88542997.44,2443626960.9500003,2943114096.11,499487135.16,80938188.27,1419.51,1329.45,852.75,996.77,1613.99,1717.83,413.67,255.87,,,,,,,基础化工,化学制品,其他化学制品,8.27,8.23,8.2
sz300214,日科化学,2022-08-17,8.32,8.32,8.19,8.24,8.29,4589700.0,37810890.0,3358408408.6400003,3879495939.36,232858622.39,88542997.44,2443626960.9500003,2943114096.11,499487135.16,80938188.27,1740.28,1426.8,497.81,732.21,1417.96,1622.08,125.04,0.0,,,,,,,基础化工,化学制品,其他化学制品,8.26,8.24,8.21
sz300214,日科化学,2022-08-18,8.2,8.26,8.09,8.22,8.24,6001800.0,48981720.0,3350256931.92,3870079687.08,232858622.39,88542997.44,2443626960.9500003,2943114096.11,499487135.16,80938188.27,2153.53,1704.81,497.65,842.3,2146.76,1922.96,100.24,428.1,,,,,,,基础化工,化学制品,其他化学制品,8.18,8.15,8.13
sz300214,日科化学,2022-08-19,8.26,8.75,8.07,8.48,8.22,23305637.0,196784969.0,3456226129.28,3992490966.72,232858622.39,88542997.44,2443626960.9500003,2943114096.11,499487135.16,80938188.27,7031.25,7511.72,5679.78,3109.82,5598.45,7351.31,1369.02,1705.65,,,,,,,基础化工,化学制品,其他化学制品,8.23,8.19,8.17
sz300214,日科化学,2022-08-22,8.53,8.73,8.29,8.44,8.48,29555084.0,252226186.0,3439923175.84,3973658462.16,232858622.39,88542997.44,2443626960.9500003,2943114096.11,499487135.16,80938188.27,10371.1,7635.23,6026.13,6371.41,7889.77,8874.93,935.62,2341.05,,,,,,,基础化工,化学制品,其他化学制品,8.5,8.49,8.52
sz300214,日科化学,2022-08-23,8.12,8.48,8.12,8.41,8.44,18230300.0,151741270.0,3427695960.76,3959534083.74,232858622.39,88542997.44,2443626960.9500003,2943114096.11,499487135.16,80938188.27,5224.31,6736.32,2144.65,3273.19,7556.54,4646.84,248.62,517.78,,,,,,,基础化工,化学制品,其他化学制品,8.23,8.32,8.34
sz300214,日科化学,2022-08-24,8.38,8.54,7.99,8.09,8.41,12497610.0,102241273.0,3297272333.24,3808874047.26,232858622.39,88542997.44,2443626960.9500003,2943114096.11,499487135.16,80938188.27,3742.13,3763.22,1055.47,1848.1,5023.75,4467.29,402.78,145.51,,,,,,,基础化工,化学制品,其他化学制品,8.41,8.31,8.3
sz300214,日科化学,2022-08-25,8.14,8.24,8.0,8.09,8.09,9087054.0,73436906.0,3297272333.24,3808874047.26,232858622.39,88542997.44,2443626960.9500003,2943114096.11,499487135.16,80938188.27,3007.84,2384.63,1137.66,1934.82,3155.84,2896.87,42.35,127.37,,,,,,,基础化工,化学制品,其他化学制品,8.02,8.05,8.05
sz300214,日科化学,2022-08-26,8.1,8.38,8.06,8.15,8.09,9231508.0,75986762.0,3321726763.4,3837122804.1,232858622.39,88542997.44,2443626960.9500003,2943114096.11,499487135.16,80938188.27,2986.17,2837.59,1214.61,1899.18,3397.9,2590.1,0.0,271.81,,,,,,,基础化工,化学制品,其他化学制品,8.22,8.29,8.21
sz300214,日科化学,2022-08-29,8.02,8.05,7.79,7.85,8.15,12556100.0,98714051.0,3199454612.6,3695879019.9,241341322.38999996,112595331.90999998,2457171832.43,2931493665.79,474321833.36,49313491.07000001,3567.07,2242.28,1932.19,1892.39,4372.14,5673.16,0.0,63.58,,,,,,,基础化工,化学制品,其他化学制品,7.87,7.93,7.88
sz300214,日科化学,2022-08-30,7.87,8.0,7.63,7.7,7.85,9529300.0,73904006.0,3138318537.2000003,3625257127.8,241341322.38999996,112595331.90999998,2457171832.43,2931493665.79,474321833.36,49313491.07000001,2666.07,2344.85,1806.6,773.8,2917.73,4184.6,0.0,87.14,,,,,,,基础化工,化学制品,其他化学制品,7.88,7.9,7.77
sz300214,日科化学,2022-08-31,7.7,7.76,7.39,7.41,7.7,7912302.0,59425153.0,3020122124.76,3488721469.74,241341322.38999996,112595331.90999998,2457171832.43,2931493665.79,474321833.36,49313491.07000001,2362.99,1513.95,808.01,1414.92,2660.71,2939.49,110.8,74.15,,,,,,,基础化工,化学制品,其他化学制品,7.66,7.65,7.57
sz300214,日科化学,2022-09-01,7.41,7.59,7.3,7.37,7.41,5558108.0,41089269.0,3003819171.32,3469888965.18,241341322.38999996,112595331.90999998,2457171832.43,2931493665.79,474321833.36,49313491.07000001,1276.18,1470.13,869.08,516.44,1857.89,2122.35,105.78,0.0,,,,,,,基础化工,化学制品,其他化学制品,7.47,7.45,7.47
sz300214,日科化学,2022-09-02,7.41,7.45,7.32,7.38,7.37,3834800.0,28271659.0,3007894909.6800003,3474597091.32,241341322.38999996,112595331.90999998,2457171832.43,2931493665.79,474321833.36,49313491.07000001,995.9,695.45,396.04,235.79,1104.97,1526.25,330.25,369.67,,,,,,,基础化工,化学制品,其他化学制品,7.35,7.34,7.37
sz300214,日科化学,2022-09-05,7.42,7.47,7.37,7.42,7.38,3099900.0,22989019.0,3024197863.12,3493429595.88,241341322.38999996,112595331.90999998,2457171832.43,2931493665.79,474321833.36,49313491.07000001,774.3,746.39,251.73,247.98,1272.87,1304.53,0.0,0.0,,,,,,,基础化工,化学制品,其他化学制品,7.42,7.44,7.44
sz300214,日科化学,2022-09-06,7.43,7.63,7.38,7.62,7.42,4852200.0,36621312.0,3105712630.32,3587592118.68,241341322.38999996,112595331.90999998,2457171832.43,2931493665.79,474321833.36,49313491.07000001,1389.26,1438.07,880.62,616.45,1392.25,1607.61,0.0,0.0,,,,,,,基础化工,化学制品,其他化学制品,7.44,7.51,7.53
sz300214,日科化学,2022-09-07,7.62,7.62,7.52,7.52,7.62,3457100.0,26119486.0,3064955246.7200003,3540510857.28,241341322.38999996,112595331.90999998,2457171832.43,2931493665.79,474321833.36,49313491.07000001,1010.3,938.37,386.76,546.39,1214.88,1127.18,0.0,0.0,,,,,,,基础化工,化学制品,其他化学制品,7.6,7.57,7.56
sz300214,日科化学,2022-09-08,7.53,7.56,7.41,7.43,7.52,3077900.0,22954006.0,3028273601.48,3498137722.0200005,241341322.38999996,112595331.90999998,2457171832.43,2931493665.79,474321833.36,49313491.07000001,890.86,722.08,449.68,472.18,954.87,1101.14,0.0,0.0,,,,,,,基础化工,化学制品,其他化学制品,7.52,7.49,7.49
sz300214,日科化学,2022-09-09,7.42,7.5,7.3,7.34,7.43,4020601.0,29582018.0,2991591956.24,3455764586.76,241341322.38999996,112595331.90999998,2457171832.43,2931493665.79,474321833.36,49313491.07000001,1188.16,773.64,325.11,669.53,1207.77,1404.64,237.16,110.4,,,,,,,基础化工,化学制品,其他化学制品,7.36,7.35,7.3
sz300214,日科化学,2022-09-13,7.34,7.4,7.26,7.28,7.34,4645500.0,33990425.0,2967137526.08,3427515829.92,241341322.38999996,112595331.90999998,2457171832.43,2931493665.79,474321833.36,49313491.07000001,1263.0,1153.75,571.3,734.52,1315.08,1408.29,249.67,102.48,,,,,,,基础化工,化学制品,其他化学制品,7.35,7.36,7.34
sz300214,日科化学,2022-09-14,7.18,7.26,7.07,7.14,7.28,4118900.0,29416377.0,2910077189.04,3361602063.96,241341322.38999996,112595331.90999998,2457171832.43,2931493665.79,474321833.36,49313491.07000001,928.76,1104.28,420.86,634.98,1490.58,998.03,101.44,204.35,,,,,,,基础化工,化学制品,其他化学制品,7.18,7.14,7.15
sz300214,日科化学,2022-09-15,7.15,7.17,6.9,7.02,7.14,4377623.0,30695268.0,2861168328.72,3305104550.28,241341322.38999996,112595331.90999998,2457171832.43,2931493665.79,474321833.36,49313491.07000001,1064.72,935.45,546.45,657.38,1458.35,1476.7,0.0,0.0,,,,,,,基础化工,化学制品,其他化学制品,7.13,7.12,7.09
sz300214,日科化学,2022-09-16,6.99,7.05,6.75,6.77,7.02,5238600.0,35992264.0,2759274869.72,3187401396.78,241341322.38999996,112595331.90999998,2457171832.43,2931493665.79,474321833.36,49313491.07000001,1167.74,586.58,785.32,1542.48,1646.18,1242.93,0.0,227.24,,,,,,,基础化工,化学制品,其他化学制品,6.93,6.91,6.94
sz300214,日科化学,2022-09-19,6.74,6.98,6.69,6.74,6.77,4200000.0,28408261.0,2747047654.64,3173277018.36,241341322.38999996,112595331.90999998,2457171832.43,2931493665.79,474321833.36,49313491.07000001,876.89,673.42,412.82,478.35,1312.48,1450.42,238.64,238.64,,,,,,,基础化工,化学制品,其他化学制品,6.8,6.83,6.83
sz300214,日科化学,2022-09-20,6.78,6.87,6.77,6.84,6.74,1952900.0,13339344.0,2787805038.24,3220358279.76,241341322.38999996,112595331.90999998,2457171832.43,2931493665.79,474321833.36,49313491.07000001,399.36,386.38,164.94,111.14,655.13,709.53,114.5,126.88,,,,,,,基础化工,化学制品,其他化学制品,6.82,6.81,6.81
sz300214,日科化学,2022-09-21,6.83,6.95,6.71,6.91,6.84,2489500.0,17048267.0,2816335206.76,3253315162.74,241341322.38999996,112595331.90999998,2457171832.43,2931493665.79,474321833.36,49313491.07000001,546.72,400.8,199.85,254.57,937.48,1028.68,0.0,0.0,,,,,,,基础化工,化学制品,其他化学制品,6.79,6.76,6.75
sz300214,日科化学,2022-09-22,6.9,6.92,6.84,6.89,6.91,2124700.0,14611001.0,2808183730.04,3243898910.46,241341322.38999996,112595331.90999998,2457171832.43,2931493665.79,474321833.36,49313491.07000001,535.77,308.05,313.16,143.65,612.17,1009.4,0.0,0.0,,,,,,,基础化工,化学制品,其他化学制品,6.88,6.87,6.88
sz300214,日科化学,2022-09-23,6.91,6.94,6.72,6.75,6.89,3233800.0,22002050.0,2751123393.0,3177985144.5,241341322.38999996,112595331.90999998,2457171832.43,2931493665.79,474321833.36,49313491.07000001,756.69,668.14,544.25,244.47,899.27,1287.6,0.0,0.0,,,,,,,基础化工,化学制品,其他化学制品,6.88,6.86,6.85
sz300214,日科化学,2022-09-26,6.72,6.74,6.51,6.52,6.75,3159100.0,20835873.0,2657381410.7200003,3069698243.28,241341322.38999996,112595331.90999998,2457171832.43,2931493665.79,474321833.36,49313491.07000001,750.85,634.68,373.52,449.45,959.22,999.45,0.0,0.0,,,,,,,基础化工,化学制品,其他化学制品,6.65,6.65,6.64
sz300214,日科化学,2022-09-27,6.56,6.85,6.53,6.76,6.52,2291300.0,15308545.0,2755199131.36,3182693270.6400003,241341322.38999996,112595331.90999998,2457171832.43,2931493665.79,474321833.36,49313491.07000001,361.71,497.21,250.97,299.45,918.17,734.19,0.0,0.0,,,,,,,基础化工,化学制品,其他化学制品,6.62,6.61,6.59
sz300214,日科化学,2022-09-28,6.64,6.79,6.6,6.61,6.76,2284923.0,15220060.0,2694063055.96,3112071378.5399995,241341322.38999996,112595331.90999998,2457171832.43,2931493665.79,474321833.36,49313491.07000001,596.92,447.02,318.34,304.06,606.75,770.93,0.0,0.0,,,,,,,基础化工,化学制品,其他化学制品,6.72,6.75,6.7
sz300214,日科化学,2022-09-29,6.7,6.71,6.6,6.64,6.61,1889223.0,12583716.0,2706290271.04,3126195756.96,241341322.38999996,112595331.90999998,2457171832.43,2931493665.79,474321833.36,49313491.07000001,502.16,300.84,53.25,188.56,702.97,768.97,0.0,0.0,,,,,,,基础化工,化学制品,其他化学制品,6.66,6.7,6.68
sz300214,日科化学,2022-09-30,6.6,6.75,6.54,6.64,6.64,1769723.0,11723677.0,2706290271.04,3126195756.96,241341322.38999996,112595331.90999998,2457171832.43,2931493665.79,474321833.36,49313491.07000001,493.06,359.34,163.57,156.01,515.73,657.02,0.0,0.0,,,,,,,基础化工,化学制品,其他化学制品,6.6,6.63,6.6
sz300214,日科化学,2022-10-10,6.68,6.7,6.5,6.51,6.64,2108386.0,13874073.0,2653305672.36,3064990117.1400003,241341322.38999996,112595331.90999998,2457171832.43,2931493665.79,474321833.36,49313491.07000001,673.61,492.98,89.86,108.13,623.94,786.3,0.0,0.0,,,,,,,基础化工,化学制品,其他化学制品,6.56,6.63,6.65
sz300214,日科化学,2022-10-11,6.52,6.56,6.43,6.56,6.51,1423351.0,9264595.0,2673684364.1600003,3088530747.84,241341322.38999996,112595331.90999998,2457171832.43,2931493665.79,474321833.36,49313491.07000001,316.01,260.08,23.38,149.15,587.07,517.23,0.0,0.0,,,,,,,基础化工,化学制品,其他化学制品,6.54,6.5,6.5
sz300214,日科化学,2022-10-12,6.55,6.7,6.47,6.69,6.56,2414606.0,15942812.0,2726668962.84,3149736387.66,241341322.38999996,112595331.90999998,2457171832.43,2931493665.79,474321833.36,49313491.07000001,616.85,511.27,194.13,140.33,651.17,810.47,132.13,132.2,,,,,,,基础化工,化学制品,其他化学制品,6.51,6.53,6.53
sz300214,日科化学,2022-10-13,6.67,6.78,6.61,6.71,6.69,1972300.0,13218956.0,2734820439.56,3159152639.94,241341322.38999996,112595331.90999998,2457171832.43,2931493665.79,474321833.36,49313491.07000001,559.14,537.63,146.14,161.07,616.62,623.2,0.0,0.0,,,,,,,基础化工,化学制品,其他化学制品,6.65,6.65,6.66
sz300214,日科化学,2022-10-14,6.75,6.8,6.73,6.77,6.71,2619102.0,17747733.0,2759274869.72,3187401396.78,241341322.38999996,112595331.90999998,2457171832.43,2931493665.79,474321833.36,49313491.07000001,805.54,597.11,199.92,476.72,769.32,700.94,0.0,0.0,,,,,,,基础化工,化学制品,其他化学制品,6.75,6.76,6.77
sz300214,日科化学,2022-10-17,6.74,6.86,6.73,6.84,6.77,1998010.0,13590311.0,2787805038.24,3220358279.76,241341322.38999996,112595331.90999998,2457171832.43,2931493665.79,474321833.36,49313491.07000001,680.17,511.35,135.66,198.57,543.19,649.12,0.0,0.0,,,,,,,基础化工,化学制品,其他化学制品,6.76,6.74,6.75
sz300214,日科化学,2022-10-18,6.85,6.87,6.8,6.82,6.84,1749600.0,11953009.0,2779653561.5200005,3210942027.48,241341322.38999996,112595331.90999998,2457171832.43,2931493665.79,474321833.36,49313491.07000001,529.72,502.97,50.58,174.63,615.01,517.69,0.0,0.0,,,,,,,基础化工,化学制品,其他化学制品,6.85,6.85,6.84
sz300214,日科化学,2022-10-19,6.78,6.88,6.76,6.81,6.82,2985600.0,20377040.0,2775577823.1600003,3206233901.34,241341322.38999996,112595331.90999998,2457171832.43,2931493665.79,474321833.36,49313491.07000001,561.0,785.62,363.12,500.88,682.02,614.6,431.57,136.6,,,,,,,基础化工,化学制品,其他化学制品,6.8,6.8,6.79
sz300214,日科化学,2022-10-20,6.79,6.83,6.7,6.73,6.81,2330200.0,15745769.0,2742971916.28,3168568892.2200003,241341322.38999996,112595331.90999998,2457171832.43,2931493665.79,474321833.36,49313491.07000001,458.85,518.84,379.9,394.12,735.83,527.05,0.0,134.57,,,,,,,基础化工,化学制品,其他化学制品,6.78,6.76,6.72
sz300214,日科化学,2022-10-21,6.75,6.86,6.72,6.83,6.73,3024400.0,20569930.0,2783729299.88,3215650153.62,241341322.38999996,112595331.90999998,2457171832.43,2931493665.79,474321833.36,49313491.07000001,774.13,1007.04,405.08,235.52,770.35,808.84,101.84,0.0,,,,,,,基础化工,化学制品,其他化学制品,6.75,6.77,6.76
sz300214,日科化学,2022-10-24,6.74,6.79,6.43,6.44,6.83,7344169.0,48518193.0,2624775503.84,3032033234.16,217356323.42,114088875.1,2488352289.2999997,2933021534.72,444669245.42,30313188.03,1889.79,1311.33,826.26,1388.72,2135.77,2097.01,0.0,54.76,,,,,,,基础化工,化学制品,其他化学制品,6.71,6.74,6.72
sz300214,日科化学,2022-10-25,6.43,6.5,6.28,6.39,6.44,3819000.0,24278401.0,2604396812.04,3008492603.46,217356323.42,114088875.1,2488352289.2999997,2933021534.72,444669245.42,30313188.03,927.43,739.76,422.75,203.72,1077.66,1484.36,0.0,0.0,,,,,,,基础化工,化学制品,其他化学制品,6.31,6.36,6.35
sz300214,日科化学,2022-10-26,6.39,6.54,6.39,6.5,6.39,2638100.0,17109379.0,2649229934.0,3060281991.0000005,217356323.42,114088875.1,2488352289.2999997,2933021534.72,444669245.42,30313188.03,686.98,722.23,152.18,211.47,871.78,777.24,0.0,0.0,,,,,,,基础化工,化学制品,其他化学制品,6.44,6.43,6.46
sz300214,日科化学,2022-10-27,6.49,6.67,6.49,6.59,6.5,2906677.0,19201157.0,2685911579.24,3102655126.26,217356323.42,114088875.1,2488352289.2999997,2933021534.72,444669245.42,30313188.03,697.57,714.53,199.19,399.14,1023.36,806.44,0.0,0.0,,,,,,,基础化工,化学制品,其他化学制品,6.52,6.58,6.58
sz300214,日科化学,2022-10-28,6.62,6.62,6.26,6.28,6.59,4188200.0,26721308.0,2559563690.08,2956703215.92,217356323.42,114088875.1,2488352289.2999997,2933021534.72,444669245.42,30313188.03,1203.63,750.86,372.87,669.02,1095.63,1208.92,0.0,43.34,,,,,,,基础化工,化学制品,其他化学制品,6.49,6.47,6.43
sz300214,日科化学,2022-10-31,6.29,6.41,6.24,6.35,6.28,2093994.0,13293072.0,2588093858.6,2989660098.9,217356323.42,114088875.1,2488352289.2999997,2933021534.72,444669245.42,30313188.03,445.19,547.96,227.47,242.17,656.65,525.92,0.0,13.25,,,,,,,基础化工,化学制品,其他化学制品,6.28,6.35,6.33
sz300214,日科化学,2022-11-01,6.39,6.57,6.35,6.56,6.35,2722000.0,17626712.0,2673684364.1600003,3088530747.84,217356323.42,114088875.1,2488352289.2999997,2933021534.72,444669245.42,30313188.03,413.4,638.73,339.99,221.2,1009.28,902.74,0.0,0.0,,,,,,,基础化工,化学制品,其他化学制品,6.43,6.4,6.39
sz300214,日科化学,2022-11-02,6.51,6.63,6.5,6.56,6.56,2360017.0,15516752.0,2673684364.1600003,3088530747.84,217356323.42,114088875.1,2488352289.2999997,2933021534.72,444669245.42,30313188.03,413.59,553.63,445.38,164.98,692.7,833.07,0.0,0.0,,,,,,,基础化工,化学制品,其他化学制品,6.53,6.56,6.55
sz300214,日科化学,2022-11-03,6.54,6.62,6.5,6.59,6.56,1736046.0,11423100.0,2685911579.24,3102655126.26,217356323.42,114088875.1,2488352289.2999997,2933021534.72,444669245.42,30313188.03,321.08,289.0,192.5,301.92,628.73,551.39,0.0,0.0,,,,,,,基础化工,化学制品,其他化学制品,6.55,6.58,6.56
sz300214,日科化学,2022-11-04,6.6,6.78,6.59,6.74,6.59,3293356.0,22063808.0,2747047654.64,3173277018.36,217356323.42,114088875.1,2488352289.2999997,2933021534.72,444669245.42,30313188.03,679.82,819.14,643.41,230.98,782.73,1156.26,100.42,0.0,,,,,,,基础化工,化学制品,其他化学制品,6.66,6.64,6.64
sz300214,日科化学,2022-11-07,6.76,6.83,6.69,6.78,6.74,2636100.0,17877780.0,2763350608.08,3192109522.92,217356323.42,114088875.1,2488352289.2999997,2933021534.72,444669245.42,30313188.03,539.33,534.19,344.73,378.46,700.31,671.72,203.4,203.4,,,,,,,基础化工,化学制品,其他化学制品,6.75,6.78,6.79
sz300214,日科化学,2022-11-08,6.75,6.8,6.71,6.75,6.78,1504700.0,10155174.0,2751123393.0,3177985144.5,217356323.42,114088875.1,2488352289.2999997,2933021534.72,444669245.42,30313188.03,317.52,423.62,158.22,146.66,539.78,445.23,0.0,0.0,,,,,,,基础化工,化学制品,其他化学制品,6.76,6.71,6.71
sz300214,日科化学,2022-11-09,6.77,6.83,6.73,6.77,6.75,1742218.0,11810616.0,2759274869.72,3187401396.78,217356323.42,114088875.1,2488352289.2999997,2933021534.72,444669245.42,30313188.03,305.54,373.72,220.14,357.49,655.39,449.85,0.0,0.0,,,,,,,基础化工,化学制品,其他化学制品,6.8,6.75,6.76
sz300214,日科化学,2022-11-10,6.76,6.77,6.68,6.73,6.77,2744300.0,18462405.0,2742971916.28,3168568892.2200003,217356323.42,114088875.1,2488352289.2999997,2933021534.72,444669245.42,30313188.03,639.04,786.47,257.01,416.65,950.19,508.91,0.0,134.21,,,,,,,基础化工,化学制品,其他化学制品,6.73,6.74,6.73
sz300214,日科化学,2022-11-11,6.85,6.86,6.72,6.73,6.73,4069700.0,27577209.0,2742971916.28,3168568892.2200003,217356323.42,114088875.1,2488352289.2999997,2933021534.72,444669245.42,30313188.03,1151.46,872.27,532.77,721.65,1073.49,602.9,0.0,560.9,,,,,,,基础化工,化学制品,其他化学制品,6.8,6.79,6.78
sz300214,日科化学,2022-11-14,6.77,6.8,6.7,6.72,6.73,2597800.0,17537764.0,2738896177.92,3163860766.08,217356323.42,114088875.1,2488352289.2999997,2933021534.72,444669245.42,30313188.03,468.03,642.87,376.98,323.53,908.76,707.22,0.0,80.17,,,,,,,基础化工,化学制品,其他化学制品,6.74,6.77,6.77
sz300214,日科化学,2022-11-15,6.74,6.82,6.67,6.81,6.72,2472777.0,16736022.0,2775577823.1600003,3206233901.34,217356323.42,114088875.1,2488352289.2999997,2933021534.72,444669245.42,30313188.03,630.41,757.68,337.33,184.84,705.87,731.09,0.0,0.0,,,,,,,基础化工,化学制品,其他化学制品,6.7,6.71,6.7
sz300214,日科化学,2022-11-16,6.81,6.84,6.66,6.77,6.81,3497200.0,23722558.0,2759274869.72,3187401396.78,217356323.42,114088875.1,2488352289.2999997,2933021534.72,444669245.42,30313188.03,911.65,619.97,245.78,646.79,1214.83,605.3,0.0,500.2,,,,,,,基础化工,化学制品,其他化学制品,6.78,6.8,6.79
sz300214,日科化学,2022-11-17,6.75,6.77,6.71,6.76,6.77,3167197.0,21326562.0,2755199131.36,3182693270.6400003,217356323.42,114088875.1,2488352289.2999997,2933021534.72,444669245.42,30313188.03,718.5,489.36,472.25,290.19,941.91,602.51,0.0,750.6,,,,,,,基础化工,化学制品,其他化学制品,6.75,6.74,6.71
sz300214,日科化学,2022-11-18,6.79,6.79,6.68,6.68,6.76,2312200.0,15594403.0,2722593224.48,3145028261.52,217356323.42,114088875.1,2488352289.2999997,2933021534.72,444669245.42,30313188.03,443.97,698.37,276.78,235.72,838.69,589.76,0.0,35.6,,,,,,,基础化工,化学制品,其他化学制品,6.75,6.78,6.77
sz300214,日科化学,2022-11-21,6.72,6.73,6.64,6.68,6.68,3263700.0,21831118.0,2722593224.48,3145028261.52,217356323.42,114088875.1,2488352289.2999997,2933021534.72,444669245.42,30313188.03,719.15,380.31,218.99,511.4,1244.98,604.59,0.0,686.81,,,,,,,基础化工,化学制品,其他化学制品,6.68,6.7,6.68
sz300214,日科化学,2022-11-22,6.72,6.75,6.56,6.61,6.68,5735200.0,38187728.0,2694063055.96,3112071378.5399995,217356323.42,114088875.1,2488352289.2999997,2933021534.72,444669245.42,30313188.03,1224.77,676.47,702.18,1160.21,1690.58,779.75,201.25,1202.35,,,,,,,基础化工,化学制品,其他化学制品,6.74,6.72,6.7
sz300214,日科化学,2022-11-23,6.61,6.65,6.5,6.59,6.61,3125686.0,20528383.0,2685911579.24,3102655126.26,217356323.42,114088875.1,2488352289.2999997,2933021534.72,444669245.42,30313188.03,627.11,797.64,168.38,383.55,1257.34,871.65,0.0,0.0,,,,,,,基础化工,化学制品,其他化学制品,6.6,6.58,6.56
sz300214,日科化学,2022-11-24,6.64,6.69,6.6,6.68,6.59,2360272.0,15720339.0,2722593224.48,3145028261.52,217356323.42,114088875.1,2488352289.2999997,2933021534.72,444669245.42,30313188.03,577.51,566.87,89.75,128.99,904.77,876.18,0.0,0.0,,,,,,,基础化工,化学制品,其他化学制品,6.63,6.67,6.66
sz300214,日科化学,2022-11-25,6.75,6.75,6.6,6.6,6.68,1946200.0,12920165.0,2689987317.6,3107363252.4,217356323.42,114088875.1,2488352289.2999997,2933021534.72,444669245.42,30313188.03,424.93,411.63,57.53,181.3,809.55,699.09,0.0,0.0,,,,,,,基础化工,化学制品,其他化学制品,6.66,6.66,6.65
sz300214,日科化学,2022-11-28,6.55,6.57,6.46,6.54,6.6,2247600.0,14674860.0,2665532887.44,3079114495.56,217356323.42,114088875.1,2488352289.2999997,2933021534.72,444669245.42,30313188.03,602.43,512.98,76.81,136.92,788.25,817.59,0.0,0.0,,,,,,,基础化工,化学制品,其他化学制品,6.55,6.53,6.53
sz300214,日科化学,2022-11-29,6.51,6.67,6.51,6.64,6.54,2335857.0,15444906.0,2706290271.04,3126195756.96,217356323.42,114088875.1,2488352289.2999997,2933021534.72,444669245.42,30313188.03,511.37,486.95,454.33,296.23,578.8,761.31,0.0,0.0,,,,,,,基础化工,化学制品,其他化学制品,6.57,6.59,6.56
sz300214,日科化学,2022-11-30,6.64,6.7,6.61,6.64,6.64,2108500.0,14030804.0,2706290271.04,3126195756.96,217356323.42,114088875.1,2488352289.2999997,2933021534.72,444669245.42,30313188.03,665.26,436.07,205.87,235.83,531.95,716.44,0.0,14.74,,,,,,,基础化工,化学制品,其他化学制品,6.67,6.67,6.66
sz300214,日科化学,2022-12-01,6.7,6.74,6.66,6.73,6.64,2619000.0,17546786.0,2742971916.28,3168568892.2200003,217356323.42,114088875.1,2488352289.2999997,2933021534.72,444669245.42,30313188.03,572.62,551.28,388.38,316.67,782.14,886.73,11.54,0.0,,,,,,,基础化工,化学制品,其他化学制品,6.66,6.72,6.71
sz300214,日科化学,2022-12-02,6.67,6.76,6.67,6.76,6.73,2592481.0,17449159.0,2755199131.36,3182693270.6400003,217356323.42,114088875.1,2488352289.2999997,2933021534.72,444669245.42,30313188.03,662.69,577.64,350.05,309.51,732.18,857.76,0.0,0.0,,,,,,,基础化工,化学制品,其他化学制品,6.7,6.72,6.71
sz300214,日科化学,2022-12-05,6.79,6.81,6.75,6.8,6.76,2869910.0,19453087.0,2771502084.8,3201525775.2,217356323.42,114088875.1,2488352289.2999997,2933021534.72,444669245.42,30313188.03,689.05,824.01,381.28,310.18,816.94,811.12,58.04,0.0,,,,,,,基础化工,化学制品,其他化学制品,6.77,6.78,6.8
sz300214,日科化学,2022-12-06,6.8,6.82,6.72,6.8,6.8,2474418.0,16770369.0,2771502084.8,3201525775.2,217356323.42,114088875.1,2488352289.2999997,2933021534.72,444669245.42,30313188.03,553.1,465.08,307.03,589.01,814.19,620.23,0.0,0.0,,,,,,,基础化工,化学制品,其他化学制品,6.79,6.76,6.77
sz300214,日科化学,2022-12-07,6.79,6.8,6.71,6.74,6.8,1911800.0,12928568.0,2747047654.64,3173277018.36,217356323.42,114088875.1,2488352289.2999997,2933021534.72,444669245.42,30313188.03,421.5,549.6,169.07,272.96,669.44,470.3,32.84,0.0,,,,,,,基础化工,化学制品,其他化学制品,6.76,6.77,6.79
sz300214,日科化学,2022-12-08,6.76,6.95,6.72,6.87,6.74,6569600.0,45084570.0,2800032253.32,3234482658.1800003,217356323.42,114088875.1,2488352289.2999997,2933021534.72,444669245.42,30313188.03,1545.88,1653.86,1325.96,943.81,1520.28,1910.79,116.34,0.0,,,,,,,基础化工,化学制品,其他化学制品,6.75,6.76,6.75
sz300214,日科化学,2022-12-09,6.94,6.94,6.78,6.82,6.87,3399700.0,23204463.0,2779653561.5200005,3210942027.48,217356323.42,114088875.1,2488352289.2999997,2933021534.72,444669245.42,30313188.03,684.92,715.67,553.29,602.62,1082.24,1002.16,0.0,0.0,,,,,,,基础化工,化学制品,其他化学制品,6.85,6.83,6.81
sz300214,日科化学,2022-12-12,6.8,6.84,6.64,6.66,6.82,2763700.0,18539429.0,2714441747.76,3135612009.24,217356323.42,114088875.1,2488352289.2999997,2933021534.72,444669245.42,30313188.03,537.15,653.41,164.23,330.71,1152.56,803.02,0.0,66.8,,,,,,,基础化工,化学制品,其他化学制品,6.79,6.78,6.75
sz300214,日科化学,2022-12-13,6.66,6.71,6.62,6.65,6.66,1995295.0,13266904.0,2710366009.4,3130903883.1,217356323.42,114088875.1,2488352289.2999997,2933021534.72,444669245.42,30313188.03,449.93,426.55,119.84,274.55,694.74,625.59,62.18,0.0,,,,,,,基础化工,化学制品,其他化学制品,6.68,6.67,6.65
sz300214,日科化学,2022-12-14,6.66,6.67,6.56,6.56,6.65,2079008.0,13754431.0,2673684364.1600003,3088530747.84,217356323.42,114088875.1,2488352289.2999997,2933021534.72,444669245.42,30313188.03,573.79,431.02,168.72,236.76,632.93,490.1,0.0,217.56,,,,,,,基础化工,化学制品,其他化学制品,6.64,6.64,6.63
sz300214,日科化学,2022-12-15,6.59,6.62,6.52,6.59,6.56,2511700.0,16492674.0,2685911579.24,3102655126.26,217356323.42,114088875.1,2488352289.2999997,2933021534.72,444669245.42,30313188.03,366.46,358.69,507.05,531.59,775.75,573.97,0.0,185.01,,,,,,,基础化工,化学制品,其他化学制品,6.58,6.56,6.57
sz300214,日科化学,2022-12-16,6.6,6.6,6.52,6.53,6.59,1628800.0,10658824.0,2661457149.0800004,3074406369.42,217356323.42,114088875.1,2488352289.2999997,2933021534.72,444669245.42,30313188.03,487.23,304.83,53.42,82.15,525.24,678.91,0.0,0.0,,,,,,,基础化工,化学制品,其他化学制品,6.53,6.55,6.54
sz300214,日科化学,2022-12-19,6.53,6.56,6.35,6.4,6.53,2843000.0,18329118.0,2608472550.4,3013200729.6000004,217356323.42,114088875.1,2488352289.2999997,2933021534.72,444669245.42,30313188.03,781.13,399.07,365.51,211.57,686.28,1040.71,0.0,181.57,,,,,,,基础化工,化学制品,其他化学制品,6.5,6.52,6.48
sz300214,日科化学,2022-12-20,6.36,6.43,6.32,6.38,6.4,1541633.0,9835014.0,2600321073.68,3003784477.32,217356323.42,114088875.1,2488352289.2999997,2933021534.72,444669245.42,30313188.03,312.58,234.26,99.85,273.32,571.08,475.93,0.0,0.0,,,,,,,基础化工,化学制品,其他化学制品,6.35,6.36,6.36
sz300214,日科化学,2022-12-21,6.41,6.45,6.34,6.36,6.38,1076653.0,6856398.0,2592169596.96,2994368225.04,217356323.42,114088875.1,2488352289.2999997,2933021534.72,444669245.42,30313188.03,302.67,202.73,69.97,0.0,313.0,482.91,0.0,0.0,,,,,,,基础化工,化学制品,其他化学制品,6.35,6.35,6.36
sz300214,日科化学,2022-12-22,6.37,6.43,6.26,6.31,6.36,2338200.0,14858686.0,2571790905.16,2970827594.34,217356323.42,114088875.1,2488352289.2999997,2933021534.72,444669245.42,30313188.03,559.34,426.71,401.13,102.45,458.81,956.7,66.59,0.0,,,,,,,基础化工,化学制品,其他化学制品,6.39,6.36,6.38
sz300214,日科化学,2022-12-23,6.3,6.35,6.24,6.26,6.31,1600300.0,10057029.0,2551412213.36,2947286963.64,217356323.42,114088875.1,2488352289.2999997,2933021534.72,444669245.42,30313188.03,392.29,296.11,115.04,250.58,498.37,459.01,0.0,0.0,,,,,,,基础化工,化学制品,其他化学制品,6.28,6.26,6.28
sz300214,日科化学,2022-12-26,6.24,6.32,6.24,6.31,6.26,1239500.0,7798683.0,2571790905.16,2970827594.34,217356323.42,114088875.1,2488352289.2999997,2933021534.72,444669245.42,30313188.03,399.26,228.25,17.11,75.75,363.5,475.88,0.0,0.0,,,,,,,基础化工,化学制品,其他化学制品,6.29,6.28,6.27
sz300214,日科化学,2022-12-27,6.32,6.36,6.27,6.33,6.31,1140000.0,7194036.0,2579942381.88,2980243846.62,217356323.42,114088875.1,2488352289.2999997,2933021534.72,444669245.42,30313188.03,294.09,241.24,25.38,46.09,399.94,432.08,0.0,0.0,,,,,,,基础化工,化学制品,其他化学制品,6.33,6.31,6.29
sz300214,日科化学,2022-12-28,6.32,6.32,6.19,6.19,6.33,1901800.0,11854980.0,2522882044.84,2914330080.6600003,217356323.42,114088875.1,2488352289.2999997,2933021534.72,444669245.42,30313188.03,442.28,311.6,196.34,380.26,546.88,493.64,0.0,0.0,,,,,,,基础化工,化学制品,其他化学制品,6.27,6.27,6.25
sz300214,日科化学,2022-12-29,6.19,6.39,6.19,6.37,6.19,3021040.0,19059215.0,2596245335.32,2999076351.18,217356323.42,114088875.1,2488352289.2999997,2933021534.72,444669245.42,30313188.03,891.6,856.42,403.61,137.9,598.1,911.6,12.61,0.0,,,,,,,基础化工,化学制品,其他化学制品,6.2,6.21,6.21
sz300214,日科化学,2022-12-30,6.37,6.56,6.32,6.55,6.37,5255923.0,34044431.0,2669608625.8,3083822621.7,217356323.42,114088875.1,2488352289.2999997,2933021534.72,444669245.42,30313188.03,1361.2,1310.24,857.75,599.21,1185.49,1494.99,0.0,0.0,,,,,,,基础化工,化学制品,其他化学制品,6.33,6.39,6.4
sz300214,日科化学,2023-01-03,6.5,6.57,6.47,6.57,6.55,2418000.0,15752258.0,2677760102.52,3093238873.98,217356323.42,114088875.1,2488352289.2999997,2933021534.72,444669245.42,30313188.03,584.47,405.73,128.79,293.16,834.61,876.34,27.36,0.0,,,,,,,基础化工,化学制品,其他化学制品,6.49,6.53,6.51
sz300214,日科化学,2023-01-04,6.55,6.66,6.53,6.66,6.57,2111077.0,13907733.0,2714441747.76,3135612009.24,217356323.42,114088875.1,2488352289.2999997,2933021534.72,444669245.42,30313188.03,648.92,524.15,372.11,101.31,369.73,765.32,0.0,0.0,,,,,,,基础化工,化学制品,其他化学制品,6.55,6.54,6.55
sz300214,日科化学,2023-01-05,6.62,6.92,6.62,6.89,6.66,7573663.0,51718043.0,2780554830.04,3216270010.46,217356323.42,114088875.1,2488352289.2999997,2933021534.72,444669245.42,30313188.03,1935.09,1729.05,1074.21,891.41,1570.31,2347.04,592.19,204.3,,,,,,,基础化工,化学制品,其他化学制品,6.72,6.76,6.82
sz300214,日科化学,2023-01-06,6.83,6.85,6.67,6.72,6.89,2744597.0,18494152.0,2711948977.92,3136913566.08,217356323.42,114088875.1,2488352289.2999997,2933021534.72,444669245.42,30313188.03,745.65,671.57,95.13,340.51,1008.64,837.33,0.0,0.0,,,,,,,基础化工,化学制品,其他化学制品,6.82,6.79,6.79
sz300214,日科化学,2023-01-09,6.72,6.75,6.62,6.64,6.72,2087100.0,13892610.0,2679663871.0400004,3099569356.96,217356323.42,114088875.1,2488352289.2999997,2933021534.72,444669245.42,30313188.03,519.94,685.94,114.95,126.96,754.37,576.36,0.0,0.0,,,,,,,基础化工,化学制品,其他化学制品,6.72,6.69,6.68
sz300214,日科化学,2023-01-10,6.65,6.67,6.57,6.59,6.64,2509500.0,16545854.0,2659485679.24,3076229226.26,217356323.42,114088875.1,2488352289.2999997,2933021534.72,444669245.42,30313188.03,644.52,342.43,407.33,280.49,602.74,338.8,0.0,692.86,,,,,,,基础化工,化学制品,其他化学制品,6.61,6.6,6.59
sz300214,日科化学,2023-01-11,6.6,6.67,6.53,6.63,6.59,1981400.0,13072874.0,2675628232.68,3094901330.82,217356323.42,114088875.1,2488352289.2999997,2933021534.72,444669245.42,30313188.03,474.46,463.57,164.63,70.32,542.22,679.68,125.97,93.71,,,,,,,基础化工,化学制品,其他化学制品,6.59,6.59,6.6
sz300214,日科化学,2023-01-12,6.59,6.64,6.53,6.63,6.63,1412000.0,9309115.0,2675628232.68,3094901330.82,217356323.42,114088875.1,2488352289.2999997,2933021534.72,444669245.42,30313188.03,452.18,459.1,194.34,0.0,284.4,471.81,0.0,0.0,,,,,,,基础化工,化学制品,其他化学制品,6.56,6.58,6.61
sz300214,日科化学,2023-01-13,6.65,6.68,6.6,6.65,6.63,1643800.0,10897562.0,2683699509.4,3104237383.1,217356323.42,114088875.1,2488352289.2999997,2933021534.72,444669245.42,30313188.03,526.88,489.47,224.57,105.76,338.31,494.53,0.0,0.0,,,,,,,基础化工,化学制品,其他化学制品,6.64,6.64,6.63
sz300214,日科化学,2023-01-16,6.65,6.69,6.6,6.67,6.65,1888923.0,12548076.0,2691770786.12,3113573435.38,217356323.42,114088875.1,2488352289.2999997,2933021534.72,444669245.42,30313188.03,572.21,491.36,139.27,258.31,543.33,505.13,0.0,0.0,,,,,,,基础化工,化学制品,其他化学制品,6.65,6.64,6.63
sz300214,日科化学,2023-01-17,6.67,6.67,6.6,6.65,6.67,818700.0,5425315.0,2683699509.4,3104237383.1,217356323.42,114088875.1,2488352289.2999997,2933021534.72,444669245.42,30313188.03,229.1,244.88,0.0,93.43,313.44,204.23,0.0,0.0,,,,,,,基础化工,化学制品,其他化学制品,6.66,6.66,6.65
sz300214,日科化学,2023-01-18,6.65,6.67,6.62,6.65,6.65,1193500.0,7931372.0,2683699509.4,3104237383.1,217356323.42,114088875.1,2488352289.2999997,2933021534.72,444669245.42,30313188.03,306.82,194.76,188.23,350.98,298.09,247.4,0.0,0.0,,,,,,,基础化工,化学制品,其他化学制品,6.65,6.66,6.66
sz300214,日科化学,2023-01-19,6.65,6.69,6.62,6.67,6.65,1314347.0,8753281.0,2691770786.12,3113573435.38,217356323.42,114088875.1,2488352289.2999997,2933021534.72,444669245.42,30313188.03,403.94,456.45,175.15,171.53,296.23,247.35,0.0,0.0,,,,,,,基础化工,化学制品,其他化学制品,6.63,6.64,6.65
sz300214,日科化学,2023-01-20,6.66,6.85,6.66,6.77,6.67,2506100.0,16899754.0,2732127169.7200003,3160253696.78,217356323.42,114088875.1,2488352289.2999997,2933021534.72,444669245.42,30313188.03,657.06,665.06,449.75,290.75,583.17,734.17,0.0,0.0,,,,,,,基础化工,化学制品,其他化学制品,6.71,6.69,6.7
sz300214,日科化学,2023-01-30,6.84,6.89,6.77,6.87,6.77,3565400.0,24396600.0,2772483553.32,3206933958.1800003,217356323.42,114088875.1,2488352289.2999997,2933021534.72,444669245.42,30313188.03,904.98,936.12,417.57,436.48,882.22,958.15,234.89,108.92,,,,,,,基础化工,化学制品,其他化学制品,6.83,6.85,6.85
sz300214,日科化学,2023-01-31,6.83,6.92,6.83,6.89,6.87,2211212.0,15222139.0,2780554830.04,3216270010.46,217356323.42,114088875.1,2488352289.2999997,2933021534.72,444669245.42,30313188.03,562.73,721.54,241.3,302.94,718.18,497.74,0.0,0.0,,,,,,,基础化工,化学制品,其他化学制品,6.85,6.85,6.87
sz300214,日科化学,2023-02-01,6.89,7.02,6.83,7.0,6.89,4478397.0,31078011.0,2824946852.0,3267618298.0,217356323.42,114088875.1,2488352289.2999997,2933021534.72,444669245.42,30313188.03,1094.73,1368.17,1119.65,733.88,893.42,889.11,0.0,116.64,,,,,,,基础化工,化学制品,其他化学制品,6.89,6.89,6.9
sz300214,日科化学,2023-02-02,6.99,7.0,6.93,6.97,7.0,2788109.0,19395215.0,2812839936.92,3253614219.58,217356323.42,114088875.1,2488352289.2999997,2933021534.72,444669245.42,30313188.03,656.01,733.04,373.33,505.55,670.4,512.76,210.85,159.24,,,,,,,基础化工,化学制品,其他化学制品,6.99,6.95,6.94
sz300214,日科化学,2023-02-03,6.98,7.03,6.88,7.01,6.97,3591812.0,24987505.0,2828982490.36,3272286324.14,217356323.42,114088875.1,2488352289.2999997,2933021534.72,444669245.42,30313188.03,1182.48,1227.48,550.45,347.1,765.82,819.77,0.0,104.4,,,,,,,基础化工,化学制品,其他化学制品,6.97,6.98,6.94
sz300214,日科化学,2023-02-06,6.98,7.09,6.91,7.08,7.01,3955200.0,27886032.0,2857231958.88,3304962507.12,217356323.42,114088875.1,2488352289.2999997,2933021534.72,444669245.42,30313188.03,1219.81,950.16,542.55,773.14,894.39,1065.3,131.86,0.0,,,,,,,基础化工,化学制品,其他化学制品,6.95,7.0,7.02
sz300214,日科化学,2023-02-07,7.01,7.09,7.01,7.06,7.08,2090400.0,14713641.0,2849160682.16,3295626454.84,217356323.42,114088875.1,2488352289.2999997,2933021534.72,444669245.42,30313188.03,648.09,563.44,303.94,367.68,519.33,540.24,0.0,0.0,,,,,,,基础化工,化学制品,其他化学制品,7.07,7.04,7.04
sz300214,日科化学,2023-02-08,7.08,7.08,7.02,7.04,7.06,1625900.0,11461109.0,2841089405.44,3286290402.56,217356323.42,114088875.1,2488352289.2999997,2933021534.72,444669245.42,30313188.03,398.3,432.98,265.61,134.61,433.27,451.89,48.93,126.64,,,,,,,基础化工,化学制品,其他化学制品,7.05,7.04,7.04
sz300214,日科化学,2023-02-09,7.04,7.08,6.99,7.07,7.04,2807779.0,19815266.0,2853196320.5199995,3300294480.98,217356323.42,114088875.1,2488352289.2999997,2933021534.72,444669245.42,30313188.03,900.84,770.45,232.26,801.49,848.43,409.58,0.0,0.0,,,,,,,基础化工,化学制品,其他化学制品,7.06,7.05,7.05
sz300214,日科化学,2023-02-10,7.3,7.5,7.07,7.13,7.07,18652341.0,135125015.0,2877410150.6800003,3328302637.82,217356323.42,114088875.1,2488352289.2999997,2933021534.72,444669245.42,30313188.03,4916.95,5456.54,3294.4,3814.98,5153.72,3548.08,147.43,692.9,,,,,,,基础化工,化学制品,其他化学制品,7.43,7.33,7.2
sz300214,日科化学,2023-02-13,7.12,7.12,6.94,7.08,7.13,9356927.0,65880528.0,2857231958.88,3304962507.12,217356323.42,114088875.1,2488352289.2999997,2933021534.72,444669245.42,30313188.03,2408.22,2454.29,1293.47,2219.9,2670.24,1703.57,216.12,210.29,,,,,,,基础化工,化学制品,其他化学制品,7.01,7.02,7.03
sz300214,日科化学,2023-02-14,7.09,7.17,7.07,7.14,7.08,4763100.0,33918680.0,2881445789.04,3332970663.96,217356323.42,114088875.1,2488352289.2999997,2933021534.72,444669245.42,30313188.03,1216.71,1327.17,764.4,920.36,1405.83,1144.34,4.92,0.0,,,,,,,基础化工,化学制品,其他化学制品,7.08,7.09,7.1
sz300214,日科化学,2023-02-15,7.15,7.15,7.05,7.08,7.14,3489700.0,24734694.0,2857231958.88,3304962507.12,217356323.42,114088875.1,2488352289.2999997,2933021534.72,444669245.42,30313188.03,976.38,937.44,292.32,658.43,1204.77,763.07,0.0,114.53,,,,,,,基础化工,化学制品,其他化学制品,7.11,7.14,7.12
sz300214,日科化学,2023-02-16,7.07,7.1,6.82,6.89,7.08,5635500.0,39475097.0,2780554830.04,3216270010.46,217356323.42,114088875.1,2488352289.2999997,2933021534.72,444669245.42,30313188.03,1496.57,1581.3,836.42,866.69,1598.26,1499.52,16.26,0.0,,,,,,,基础化工,化学制品,其他化学制品,7.07,7.07,7.06
sz300214,日科化学,2023-02-17,6.89,6.99,6.88,6.94,6.89,3060000.0,21255071.0,2800733021.84,3239610141.16,217356323.42,114088875.1,2488352289.2999997,2933021534.72,444669245.42,30313188.03,738.59,859.71,380.23,365.46,1006.69,900.34,0.0,0.0,,,,,,,基础化工,化学制品,其他化学制品,6.93,6.96,6.97
sz300214,日科化学,2023-02-20,6.94,7.01,6.87,6.99,6.94,2833927.0,19650071.0,2820911213.6400003,3262950271.86,217356323.42,114088875.1,2488352289.2999997,2933021534.72,444669245.42,30313188.03,892.07,707.67,457.86,227.95,615.08,1029.38,0.0,0.0,,,,,,,基础化工,化学制品,其他化学制品,6.88,6.9,6.91
sz300214,日科化学,2023-02-21,7.02,7.03,6.95,7.0,6.99,2029500.0,14183185.0,2824946852.0,3267618298.0,217356323.42,114088875.1,2488352289.2999997,2933021534.72,444669245.42,30313188.03,599.56,432.59,195.75,457.23,623.0,528.5,0.0,0.0,,,,,,,基础化工,化学制品,其他化学制品,6.99,7.02,7.01
sz300214,日科化学,2023-02-22,7.0,7.0,6.94,6.97,7.0,1697400.0,11818488.0,2812839936.92,3253614219.58,217356323.42,114088875.1,2488352289.2999997,2933021534.72,444669245.42,30313188.03,518.23,506.13,137.92,256.27,525.7,419.45,0.0,0.0,,,,,,,基础化工,化学制品,其他化学制品,6.97,6.97,6.96
sz300214,日科化学,2023-02-23,6.99,6.99,6.88,6.93,6.97,2118700.0,14701732.0,2796697383.48,3234942115.02,217356323.42,114088875.1,2488352289.2999997,2933021534.72,444669245.42,30313188.03,400.95,494.41,148.71,434.81,714.43,540.95,206.09,0.0,,,,,,,基础化工,化学制品,其他化学制品,6.98,6.98,6.97
sz300214,日科化学,2023-02-24,6.93,6.98,6.87,6.97,6.93,2006800.0,13894145.0,2812839936.92,3253614219.58,217356323.42,114088875.1,2488352289.2999997,2933021534.72,444669245.42,30313188.03,597.73,489.28,200.35,226.78,591.33,673.35,0.0,0.0,,,,,,,基础化工,化学制品,其他化学制品,6.95,6.95,6.92
sz300214,日科化学,2023-02-27,6.95,7.01,6.92,6.93,6.97,1748900.0,12172662.0,2796697383.48,3234942115.02,217356323.42,114088875.1,2488352289.2999997,2933021534.72,444669245.42,30313188.03,627.88,509.39,82.05,58.11,507.33,649.77,0.0,0.0,,,,,,,基础化工,化学制品,其他化学制品,6.94,6.95,6.97
sz300214,日科化学,2023-02-28,6.97,6.98,6.89,6.96,6.93,2003200.0,13898412.0,2808804298.56,3248946193.44,217356323.42,114088875.1,2488352289.2999997,2933021534.72,444669245.42,30313188.03,459.77,540.21,213.91,511.72,716.16,337.91,0.0,0.0,,,,,,,基础化工,化学制品,其他化学制品,6.96,6.96,6.94
sz300214,日科化学,2023-03-01,6.97,6.98,6.94,6.97,6.96,2153600.0,14999012.0,2812839936.92,3253614219.58,217356323.42,114088875.1,2488352289.2999997,2933021534.72,444669245.42,30313188.03,594.7,468.2,297.49,527.91,607.71,395.75,0.0,108.04,,,,,,,基础化工,化学制品,其他化学制品,6.96,6.96,6.96
sz300214,日科化学,2023-03-02,6.98,6.99,6.93,6.94,6.97,2154300.0,14991269.0,2800733021.84,3239610141.16,217356323.42,114088875.1,2488352289.2999997,2933021534.72,444669245.42,30313188.03,959.42,656.48,0.0,311.37,539.7,430.15,0.0,101.13,,,,,,,基础化工,化学制品,其他化学制品,6.98,6.98,6.98
sz300214,日科化学,2023-03-03,6.94,6.96,6.9,6.94,6.94,1837100.0,12729436.0,2800733021.84,3239610141.16,217356323.42,114088875.1,2488352289.2999997,2933021534.72,444669245.42,30313188.03,685.5,594.52,172.77,137.44,414.67,540.98,0.0,0.0,,,,,,,基础化工,化学制品,其他化学制品,6.94,6.95,6.94
sz300214,日科化学,2023-03-06,6.94,6.96,6.87,6.92,6.94,1923500.0,13287758.0,2792661745.12,3230274088.88,217356323.42,114088875.1,2488352289.2999997,2933021534.72,444669245.42,30313188.03,617.81,427.76,331.66,510.25,379.31,390.77,0.0,0.0,,,,,,,基础化工,化学制品,其他化学制品,6.94,6.95,6.95
sz300214,日科化学,2023-03-07,6.93,6.93,6.77,6.77,6.92,2400900.0,16414380.0,2732127169.7200003,3160253696.78,217356323.42,114088875.1,2488352289.2999997,2933021534.72,444669245.42,30313188.03,629.33,637.22,139.35,406.47,872.76,597.74,0.0,0.0,,,,,,,基础化工,化学制品,其他化学制品,6.89,6.9,6.9
sz300214,日科化学,2023-03-08,6.8,6.83,6.72,6.82,6.77,1253600.0,8506230.0,2752305361.52,3183593827.4799995,217356323.42,114088875.1,2488352289.2999997,2933021534.72,444669245.42,30313188.03,259.91,359.21,226.33,171.47,364.39,319.94,0.0,0.0,,,,,,,基础化工,化学制品,其他化学制品,6.77,6.78,6.78
sz300214,日科化学,2023-03-09,6.8,6.87,6.78,6.86,6.82,1420800.0,9695422.0,2768447914.96,3202265932.04,217356323.42,114088875.1,2488352289.2999997,2933021534.72,444669245.42,30313188.03,315.94,303.62,213.21,200.05,440.4,465.87,0.0,0.0,,,,,,,基础化工,化学制品,其他化学制品,6.81,6.81,6.79
sz300214,日科化学,2023-03-10,6.83,6.87,6.75,6.78,6.86,1165900.0,7915950.0,2736162808.08,3164921722.92,217356323.42,114088875.1,2488352289.2999997,2933021534.72,444669245.42,30313188.03,250.45,256.01,108.53,33.75,432.62,501.83,0.0,0.0,,,,,,,基础化工,化学制品,其他化学制品,6.82,6.81,6.81
sz300214,日科化学,2023-03-13,6.77,6.79,6.7,6.77,6.78,1658013.0,11172012.0,2732127169.7200003,3160253696.78,217356323.42,114088875.1,2488352289.2999997,2933021534.72,444669245.42,30313188.03,391.56,346.43,116.25,251.02,609.4,519.75,0.0,0.0,,,,,,,基础化工,化学制品,其他化学制品,6.75,6.79,6.74
sz300214,日科化学,2023-03-14,6.75,6.75,6.56,6.66,6.77,1901800.0,12643247.0,2687735147.76,3108905409.24,217356323.42,114088875.1,2488352289.2999997,2933021534.72,444669245.42,30313188.03,329.6,381.97,369.62,376.61,565.11,505.75,0.0,0.0,,,,,,,基础化工,化学制品,其他化学制品,6.72,6.71,6.71
sz300214,日科化学,2023-03-15,6.7,6.81,6.68,6.8,6.66,1529602.0,10345318.0,2744234084.8,3174257775.2,217356323.42,114088875.1,2488352289.2999997,2933021534.72,444669245.42,30313188.03,346.5,375.19,202.95,100.04,485.08,559.31,0.0,0.0,,,,,,,基础化工,化学制品,其他化学制品,6.71,6.73,6.73
sz300214,日科化学,2023-03-16,6.78,6.78,6.66,6.66,6.8,954002.0,6404566.0,2687735147.76,3108905409.24,217356323.42,114088875.1,2488352289.2999997,2933021534.72,444669245.42,30313188.03,205.6,260.81,24.42,40.29,410.43,339.36,0.0,0.0,,,,,,,基础化工,化学制品,其他化学制品,6.73,6.73,6.76
sz300214,日科化学,2023-03-17,6.73,6.74,6.69,6.7,6.66,963397.0,6471930.0,2703877701.2,3127577513.8,217356323.42,114088875.1,2488352289.2999997,2933021534.72,444669245.42,30313188.03,237.3,231.35,40.29,34.24,369.6,381.61,0.0,0.0,,,,,,,基础化工,化学制品,其他化学制品,6.72,6.72,6.71
sz300214,日科化学,2023-03-20,6.73,6.74,6.67,6.72,6.7,892400.0,5981714.0,2711948977.92,3136913566.08,217356323.42,114088875.1,2488352289.2999997,2933021534.72,444669245.42,30313188.03,214.27,229.78,44.12,55.13,339.78,313.26,0.0,0.0,,,,,,,基础化工,化学制品,其他化学制品,6.68,6.69,6.69
sz300214,日科化学,2023-03-21,6.75,6.83,6.71,6.83,6.72,1460200.0,9907871.0,2756340999.88,3188261853.6200004,217356323.42,114088875.1,2488352289.2999997,2933021534.72,444669245.42,30313188.03,381.22,296.57,234.11,238.98,375.46,455.23,0.0,0.0,,,,,,,基础化工,化学制品,其他化学制品,6.72,6.74,6.74
sz300214,日科化学,2023-03-22,6.84,6.9,6.81,6.86,6.83,1119600.0,7664049.0,2768447914.96,3202265932.04,217356323.42,114088875.1,2488352289.2999997,2933021534.72,444669245.42,30313188.03,275.8,341.79,95.49,40.88,395.11,383.74,0.0,0.0,,,,,,,基础化工,化学制品,其他化学制品,6.83,6.88,6.85
sz300214,日科化学,2023-03-23,6.85,6.85,6.78,6.82,6.86,1115200.0,7599820.0,2752305361.52,3183593827.4799995,217356323.42,114088875.1,2488352289.2999997,2933021534.72,444669245.42,30313188.03,260.11,287.75,85.09,175.12,414.78,297.11,0.0,0.0,,,,,,,基础化工,化学制品,其他化学制品,6.85,6.84,6.83
sz300214,日科化学,2023-03-24,6.85,6.89,6.79,6.85,6.82,1397000.0,9573212.0,2764412276.6,3197597905.9,217356323.42,114088875.1,2488352289.2999997,2933021534.72,444669245.42,30313188.03,468.83,392.95,188.88,172.64,299.61,391.73,0.0,0.0,,,,,,,基础化工,化学制品,其他化学制品,6.8,6.82,6.84
sz300214,日科化学,2023-03-27,6.86,6.89,6.79,6.84,6.85,1727697.0,11826512.0,2760376638.24,3192929879.76,217356323.42,114088875.1,2488352289.2999997,2933021534.72,444669245.42,30313188.03,387.73,407.96,146.25,343.7,648.67,431.0,0.0,0.0,,,,,,,基础化工,化学制品,其他化学制品,6.88,6.88,6.89
sz300214,日科化学,2023-03-28,6.84,6.92,6.81,6.88,6.84,2179847.0,15000916.0,2776519191.68,3211601984.32,217356323.42,114088875.1,2488352289.2999997,2933021534.72,444669245.42,30313188.03,535.04,679.0,401.44,267.98,501.53,553.11,62.08,0.0,,,,,,,基础化工,化学制品,其他化学制品,6.84,6.84,6.83
sz300214,日科化学,2023-03-29,6.88,6.88,6.75,6.76,6.88,1386674.0,9445699.0,2728091531.36,3155585670.64,217356323.42,114088875.1,2488352289.2999997,2933021534.72,444669245.42,30313188.03,337.33,287.71,40.89,224.55,566.35,432.31,0.0,0.0,,,,,,,基础化工,化学制品,其他化学制品,6.84,6.83,6.86
sz300214,日科化学,2023-03-30,6.76,6.78,6.68,6.69,6.76,973300.0,6544505.0,2699842062.84,3122909487.66,217356323.42,114088875.1,2488352289.2999997,2933021534.72,444669245.42,30313188.03,233.68,222.44,2.74,125.43,418.04,306.59,0.0,0.0,,,,,,,基础化工,化学制品,其他化学制品,6.78,6.75,6.74
sz300214,日科化学,2023-03-31,6.69,6.81,6.69,6.78,6.69,1248212.0,8424145.0,2736162808.08,3164921722.92,217356323.42,114088875.1,2488352289.2999997,2933021534.72,444669245.42,30313188.03,284.9,376.57,93.4,0.0,464.11,465.84,0.0,0.0,,,,,,,基础化工,化学制品,其他化学制品,6.7,6.72,6.72
sz300214,日科化学,2023-04-03,6.79,6.83,6.71,6.75,6.78,1752200.0,11817856.0,2724055893.0,3150917644.5,217356323.42,114088875.1,2488352289.2999997,2933021534.72,444669245.42,30313188.03,543.4,355.0,54.13,482.6,584.25,344.18,0.0,0.0,,,,,,,基础化工,化学制品,其他化学制品,6.79,6.77,6.75
sz300214,日科化学,2023-04-04,6.74,6.78,6.6,6.67,6.75,1954800.0,13046492.0,2691770786.12,3113573435.38,217356323.42,114088875.1,2488352289.2999997,2933021534.72,444669245.42,30313188.03,439.38,357.31,216.06,429.64,649.21,517.7,0.0,0.0,,,,,,,基础化工,化学制品,其他化学制品,6.74,6.73,6.73
sz300214,日科化学,2023-04-06,6.64,6.65,6.55,6.59,6.67,1633997.0,10773673.0,2659485679.24,3076229226.26,217356323.42,114088875.1,2488352289.2999997,2933021534.72,444669245.42,30313188.03,365.47,298.28,178.89,151.03,533.02,430.49,0.0,197.57,,,,,,,基础化工,化学制品,其他化学制品,6.58,6.63,6.63
sz300214,日科化学,2023-04-07,6.59,6.62,6.56,6.61,6.59,1259012.0,8298719.0,2667556955.96,3085565278.54,217356323.42,114088875.1,2488352289.2999997,2933021534.72,444669245.42,30313188.03,352.36,307.54,73.38,133.12,404.13,389.21,0.0,0.0,,,,,,,基础化工,化学制品,其他化学制品,6.59,6.59,6.59
sz300214,日科化学,2023-04-10,6.63,6.63,6.48,6.49,6.61,1790884.0,11722705.0,2619129295.64,3029548964.86,217356323.42,114088875.1,2488352289.2999997,2933021534.72,444669245.42,30313188.03,426.61,392.91,103.55,210.97,626.99,553.26,0.0,0.0,,,,,,,基础化工,化学制品,其他化学制品,6.6,6.61,6.58
sz300214,日科化学,2023-04-11,6.5,6.53,6.4,6.42,6.49,2370069.0,15247313.0,2590879827.12,2996872781.88,217356323.42,114088875.1,2488352289.2999997,2933021534.72,444669245.42,30313188.03,526.05,465.45,234.62,703.56,709.55,355.72,54.51,0.0,,,,,,,基础化工,化学制品,其他化学制品,6.45,6.45,6.46
sz300214,日科化学,2023-04-12,6.45,6.48,6.39,6.47,6.42,1215569.0,7824539.0,2611058018.92,3020212912.58,217356323.42,114088875.1,2488352289.2999997,2933021534.72,444669245.42,30313188.03,317.04,352.86,79.27,74.73,386.14,354.86,0.0,0.0,,,,,,,基础化工,化学制品,其他化学制品,6.43,6.43,6.43
sz300214,日科化学,2023-04-13,6.48,6.48,6.41,6.44,6.47,906400.0,5844193.0,2598951103.84,3006208834.16,217356323.42,114088875.1,2488352289.2999997,2933021534.72,444669245.42,30313188.03,229.71,199.3,51.94,141.81,302.76,243.3,0.0,0.0,,,,,,,基础化工,化学制品,其他化学制品,6.45,6.45,6.44
sz300214,日科化学,2023-04-14,6.45,6.5,6.42,6.48,6.44,1126610.0,7291129.0,2615093657.28,3024880938.72,217356323.42,114088875.1,2488352289.2999997,2933021534.72,444669245.42,30313188.03,240.56,241.15,136.07,105.4,229.68,382.56,122.8,0.0,,,,,,,基础化工,化学制品,其他化学制品,6.45,6.49,6.49
sz300214,日科化学,2023-04-17,6.47,6.53,6.43,6.52,6.48,1209100.0,7851181.0,2631236210.7200003,3043553043.28,217356323.42,114088875.1,2488352289.2999997,2933021534.72,444669245.42,30313188.03,454.73,372.2,25.62,55.63,304.77,357.29,0.0,0.0,,,,,,,基础化工,化学制品,其他化学制品,6.43,6.5,6.48
sz300214,日科化学,2023-04-18,6.53,6.55,6.49,6.53,6.52,711600.0,4638892.0,2635271849.08,3048221069.42,217356323.42,114088875.1,2488352289.2999997,2933021534.72,444669245.42,30313188.03,112.23,190.11,51.1,0.0,300.56,273.78,0.0,0.0,,,,,,,基础化工,化学制品,其他化学制品,6.53,6.52,6.52
sz300214,日科化学,2023-04-19,6.55,6.56,6.5,6.5,6.53,1240300.0,8086777.0,2623164934.0,3034216991.0000005,217356323.42,114088875.1,2488352289.2999997,2933021534.72,444669245.42,30313188.03,418.09,241.73,99.63,105.65,290.96,279.1,0.0,182.2,,,,,,,基础化工,化学制品,其他化学制品,6.55,6.52,6.55
sz300214,日科化学,2023-04-20,6.48,6.52,6.39,6.44,6.5,1321407.0,8497253.0,2598951103.84,3006208834.16,217356323.42,114088875.1,2488352289.2999997,2933021534.72,444669245.42,30313188.03,341.94,296.36,104.19,78.64,403.6,366.83,0.0,107.9,,,,,,,基础化工,化学制品,其他化学制品,6.47,6.47,6.46
sz300214,日科化学,2023-04-21,6.4,6.49,6.3,6.31,6.44,1915984.0,12279558.0,2546487805.16,2945524494.34,196498216.73,227690681.31,2525929456.73,3046987882.64,521058425.91,35933349.359999985,456.0,515.19,289.73,193.34,482.24,519.42,0.0,0.0,,,,,,,基础化工,化学制品,其他化学制品,6.43,6.43,6.45
sz300214,日科化学,2023-04-24,6.31,6.36,6.23,6.31,6.31,1417000.0,8942953.0,2546487805.16,2945524494.34,196498216.73,227690681.31,2525929456.73,3046987882.64,521058425.91,35933349.359999985,305.83,284.35,110.0,215.13,478.47,394.82,0.0,0.0,,,,,,,基础化工,化学制品,其他化学制品,6.29,6.28,6.24
sz300214,日科化学,2023-04-25,6.31,6.33,6.11,6.2,6.31,2148700.0,13330755.0,2502095783.2,2894176206.8,196498216.73,227690681.31,2525929456.73,3046987882.64,521058425.91,35933349.359999985,532.67,584.52,126.85,264.45,673.55,484.11,0.0,0.0,,,,,,,基础化工,化学制品,其他化学制品,6.32,6.29,6.28
sz300214,日科化学,2023-04-26,6.15,6.27,6.15,6.25,6.2,1077900.0,6727072.0,2522273975.0,2917516337.5,196498216.73,227690681.31,2525929456.73,3046987882.64,521058425.91,35933349.359999985,153.62,292.9,156.5,112.12,362.59,267.69,0.0,0.0,,,,,,,基础化工,化学制品,其他化学制品,6.23,6.26,6.24
sz300214,日科化学,2023-04-27,6.26,6.33,6.22,6.28,6.25,1387677.0,8730714.0,2534380890.08,2931520415.92,196498216.73,227690681.31,2525929456.73,3046987882.64,521058425.91,35933349.359999985,263.18,371.75,98.93,207.75,510.96,293.57,0.0,0.0,,,,,,,基础化工,化学制品,其他化学制品,6.24,6.25,6.28
sz300214,日科化学,2023-04-28,6.07,6.17,5.95,6.15,6.28,4470877.0,27124579.0,2481917591.4,2870836076.1,133287870.80999999,264541252.26999998,2545628259.7000003,3064685388.36,519057128.66,17727842.35,1216.05,1250.21,259.18,477.25,1237.23,985.0,0.0,0.0,,,,,,,基础化工,化学制品,其他化学制品,6.01,6.02,6.02
sz300214,日科化学,2023-05-04,6.15,6.27,6.12,6.25,6.15,2124400.0,13258863.0,2522273975.0,2917516337.5,133287870.80999999,264541252.26999998,2545628259.7000003,3064685388.36,519057128.66,17727842.35,400.34,619.11,69.77,213.17,855.78,493.61,0.0,0.0,,,,,,,基础化工,化学制品,其他化学制品,6.17,6.26,6.25
sz300214,日科化学,2023-05-05,6.25,6.26,6.17,6.22,6.25,991400.0,6161222.0,2510167059.92,2903512259.0800004,133287870.80999999,264541252.26999998,2545628259.7000003,3064685388.36,519057128.66,17727842.35,93.12,183.78,0.0,31.1,523.0,401.24,0.0,0.0,,,,,,,基础化工,化学制品,其他化学制品,6.24,6.24,6.23
sz300214,日科化学,2023-05-08,6.26,6.3,6.18,6.22,6.22,1321300.0,8214474.0,2510167059.92,2903512259.0800004,133287870.80999999,264541252.26999998,2545628259.7000003,3064685388.36,519057128.66,17727842.35,345.06,198.61,74.14,91.89,402.25,530.95,0.0,0.0,,,,,,,基础化工,化学制品,其他化学制品,6.3,6.23,6.24
sz300214,日科化学,2023-05-09,6.18,6.22,6.14,6.15,6.22,1406500.0,8687617.0,2481917591.4,2870836076.1,133287870.80999999,264541252.26999998,2545628259.7000003,3064685388.36,519057128.66,17727842.35,354.23,339.23,94.7,96.8,419.83,432.73,0.0,0.0,,,,,,,基础化工,化学制品,其他化学制品,6.17,6.18,6.17
sz300214,日科化学,2023-05-10,6.17,6.21,6.14,6.18,6.15,875000.0,5403023.0,2494024506.48,2884840154.52,133287870.80999999,264541252.26999998,2545628259.7000003,3064685388.36,519057128.66,17727842.35,135.87,201.0,73.72,65.79,330.71,273.52,0.0,0.0,,,,,,,基础化工,化学制品,其他化学制品,6.15,6.17,6.17
sz300214,日科化学,2023-05-11,6.2,6.24,6.14,6.15,6.18,1821800.0,11232541.0,2481917591.4,2870836076.1,133287870.80999999,264541252.26999998,2545628259.7000003,3064685388.36,519057128.66,17727842.35,449.34,475.81,119.86,436.76,554.05,210.68,0.0,0.0,,,,,,,基础化工,化学制品,其他化学制品,6.24,6.2,6.18
sz300214,日科化学,2023-05-12,6.12,6.19,6.1,6.11,6.15,1070600.0,6564568.0,2465775037.96,2852163971.54,133287870.80999999,264541252.26999998,2545628259.7000003,3064685388.36,519057128.66,17727842.35,257.83,337.42,0.0,30.42,398.63,247.42,0.0,41.2,,,,,,,基础化工,化学制品,其他化学制品,6.16,6.15,6.15
sz300214,日科化学,2023-05-15,6.16,6.18,6.03,6.16,6.11,1962900.0,11953844.0,2485953229.76,2875504102.24,133287870.80999999,264541252.26999998,2545628259.7000003,3064685388.36,519057128.66,17727842.35,393.86,404.06,273.49,216.62,528.04,574.7,0.0,0.0,,,,,,,基础化工,化学制品,其他化学制品,6.09,6.07,6.05
sz300214,日科化学,2023-05-16,6.12,6.63,6.1,6.35,6.16,5106500.0,32592228.0,2562630358.6,2964196598.9,133287870.80999999,264541252.26999998,2545628259.7000003,3064685388.36,519057128.66,17727842.35,1289.34,1269.58,682.21,328.9,1205.89,1660.74,81.78,0.0,,,,,,,基础化工,化学制品,其他化学制品,6.12,6.12,6.11
sz300214,日科化学,2023-05-17,6.3,6.31,6.17,6.29,6.35,3841500.0,23950772.0,2538416528.44,2936188442.06,133287870.80999999,264541252.26999998,2545628259.7000003,3064685388.36,519057128.66,17727842.35,980.21,737.64,365.69,681.65,1049.18,975.79,0.0,0.0,,,,,,,基础化工,化学制品,其他化学制品,6.24,6.21,6.18
sz300214,日科化学,2023-05-18,6.32,6.32,6.23,6.24,6.29,1976956.0,12377458.0,2518238336.64,2912848311.36,133287870.80999999,264541252.26999998,2545628259.7000003,3064685388.36,519057128.66,17727842.35,471.58,369.87,179.87,449.5,586.29,418.37,0.0,0.0,,,,,,,基础化工,化学制品,其他化学制品,6.31,6.29,6.25
sz300214,日科化学,2023-05-19,6.23,6.36,6.2,6.33,6.24,2309597.0,14546695.0,2554559081.88,2954860546.62,133287870.80999999,264541252.26999998,2545628259.7000003,3064685388.36,519057128.66,17727842.35,636.48,507.41,211.13,273.22,607.06,674.04,0.0,0.0,,,,,,,基础化工,化学制品,其他化学制品,6.22,6.22,6.29
sz300214,日科化学,2023-05-22,6.27,6.32,6.22,6.3,6.33,1825697.0,11444583.0,2542452166.8,2940856468.2000003,133287870.80999999,264541252.26999998,2545628259.7000003,3064685388.36,519057128.66,17727842.35,344.05,211.05,155.02,97.39,404.26,594.88,0.0,0.0,,,,,,,基础化工,化学制品,其他化学制品,6.26,6.23,6.27
sz300214,日科化学,2023-05-23,6.3,6.39,6.26,6.37,6.3,2296900.0,14514273.0,2570701635.32,2973532651.18,133287870.80999999,264541252.26999998,2545628259.7000003,3064685388.36,519057128.66,17727842.35,442.14,586.08,469.03,263.84,419.93,601.51,120.33,0.0,,,,,,,基础化工,化学制品,其他化学制品,6.27,6.27,6.28
sz300214,日科化学,2023-05-24,6.37,6.54,6.31,6.38,6.37,3053800.0,19603376.0,2574737273.68,2978200677.32,133287870.80999999,264541252.26999998,2545628259.7000003,3064685388.36,519057128.66,17727842.35,760.06,803.34,550.19,365.18,616.91,791.81,33.18,0.0,,,,,,,基础化工,化学制品,其他化学制品,6.36,6.36,6.38
sz300214,日科化学,2023-05-25,6.35,6.36,6.25,6.3,6.38,2049700.0,12916397.0,2542452166.8,2940856468.2000003,133287870.80999999,264541252.26999998,2545628259.7000003,3064685388.36,519057128.66,17727842.35,618.97,572.57,44.75,276.48,627.92,442.59,0.0,0.0,,,,,,,基础化工,化学制品,其他化学制品,6.35,6.32,6.33
sz300214,日科化学,2023-05-26,6.29,6.39,6.26,6.35,6.3,1481900.0,9372101.0,2562630358.6,2964196598.9,133287870.80999999,264541252.26999998,2545628259.7000003,3064685388.36,519057128.66,17727842.35,406.1,383.94,91.54,146.94,437.93,404.68,0.0,0.0,,,,,,,基础化工,化学制品,其他化学制品,6.3,6.27,6.27
sz300214,日科化学,2023-05-29,6.35,6.48,6.32,6.36,6.35,1883300.0,12036422.0,2566665996.96,2968864625.04,133287870.80999999,264541252.26999998,2545628259.7000003,3064685388.36,519057128.66,17727842.35,572.72,532.23,178.17,171.6,452.75,499.81,0.0,0.0,,,,,,,基础化工,化学制品,其他化学制品,6.33,6.32,6.33
sz300214,日科化学,2023-05-30,6.32,6.43,6.29,6.38,6.36,2265300.0,14416802.0,2574737273.68,2978200677.32,133287870.80999999,264541252.26999998,2545628259.7000003,3064685388.36,519057128.66,17727842.35,606.57,643.55,286.75,379.83,548.35,418.3,0.0,0.0,,,,,,,基础化工,化学制品,其他化学制品,6.31,6.32,6.4
sz300214,日科化学,2023-05-31,6.32,6.66,6.31,6.54,6.38,8076840.0,52766451.0,2639307487.44,3052889095.5600004,133287870.80999999,264541252.26999998,2545628259.7000003,3064685388.36,519057128.66,17727842.35,2226.38,2294.01,1434.09,1252.89,1616.17,1729.74,0.0,0.0,,,,,,,基础化工,化学制品,其他化学制品,6.34,6.32,6.35
sz300214,日科化学,2023-06-01,6.99,7.18,6.64,6.72,6.54,17292244.0,119114393.0,2711948977.92,3136913566.08,133287870.80999999,264541252.26999998,2545628259.7000003,3064685388.36,519057128.66,17727842.35,4378.87,4988.13,2542.31,3175.26,4411.18,3301.42,579.08,446.63,,,,,,,基础化工,化学制品,其他化学制品,6.93,6.86,6.79
sz300214,日科化学,2023-06-02,6.89,7.15,6.54,6.56,6.72,16862334.0,115174519.0,2647378764.1600003,3062225147.84,133287870.80999999,264541252.26999998,2545628259.7000003,3064685388.36,519057128.66,17727842.35,4589.54,4087.67,2634.06,3008.01,3693.28,3826.87,600.57,594.9,,,,,,,基础化工,化学制品,其他化学制品,6.92,6.8,6.81
sz300214,日科化学,2023-06-05,6.49,6.88,6.4,6.62,6.56,12635245.0,83773475.0,2671592594.32,3090233304.68,133287870.80999999,264541252.26999998,2545628259.7000003,3064685388.36,519057128.66,17727842.35,3170.68,3240.83,2029.96,2149.72,2405.94,2626.25,770.78,360.54,,,,,,,基础化工,化学制品,其他化学制品,6.44,6.78,6.76
sz300214,日科化学,2023-06-06,6.59,6.64,6.31,6.33,6.62,9162700.0,58864766.0,2554559081.88,2954860546.62,133287870.80999999,264541252.26999998,2545628259.7000003,3064685388.36,519057128.66,17727842.35,2434.88,2455.04,1071.0,1716.38,2257.03,1655.18,123.56,59.88,,,,,,,基础化工,化学制品,其他化学制品,6.45,6.44,6.46
sz300214,日科化学,2023-06-07,6.33,6.36,6.26,6.27,6.33,3462100.0,21830511.0,2530345251.72,2926852389.78,133287870.80999999,264541252.26999998,2545628259.7000003,3064685388.36,519057128.66,17727842.35,1129.1,951.03,172.48,373.67,881.47,858.35,0.0,0.0,,,,,,,基础化工,化学制品,其他化学制品,6.31,6.34,6.34
sz300214,日科化学,2023-06-08,6.25,6.3,6.17,6.21,6.27,2881600.0,17917685.0,2506131421.56,2898844232.94,133287870.80999999,264541252.26999998,2545628259.7000003,3064685388.36,519057128.66,17727842.35,857.1,794.5,113.68,338.38,820.99,658.89,0.0,0.0,,,,,,,基础化工,化学制品,其他化学制品,6.26,6.24,6.22
sz300214,日科化学,2023-06-09,6.2,6.24,6.11,6.14,6.21,3533900.0,21834155.0,2477881953.04,2866168049.96,133287870.80999999,264541252.26999998,2545628259.7000003,3064685388.36,519057128.66,17727842.35,943.9,531.22,309.34,1086.15,930.18,411.22,0.0,154.83,,,,,,,基础化工,化学制品,其他化学制品,6.23,6.22,6.23
sz300214,日科化学,2023-06-12,6.12,6.21,6.1,6.18,6.14,1875677.0,11561516.0,2494024506.48,2884840154.52,133287870.80999999,264541252.26999998,2545628259.7000003,3064685388.36,519057128.66,17727842.35,559.56,577.34,22.41,84.27,574.18,491.47,0.0,3.07,,,,,,,基础化工,化学制品,其他化学制品,6.11,6.14,6.13
sz300214,日科化学,2023-06-13,6.18,6.26,6.18,6.21,6.18,2395600.0,14918452.0,2506131421.56,2898844232.94,133287870.80999999,264541252.26999998,2545628259.7000003,3064685388.36,519057128.66,17727842.35,419.11,443.26,606.21,379.9,466.52,494.71,0.0,173.98,,,,,,,基础化工,化学制品,其他化学制品,6.21,6.23,6.23
sz300214,日科化学,2023-06-14,6.21,6.24,6.15,6.15,6.21,1317577.0,8147945.0,2481917591.4,2870836076.1,133287870.80999999,264541252.26999998,2545628259.7000003,3064685388.36,519057128.66,17727842.35,314.74,292.8,20.43,170.61,479.63,351.39,0.0,0.0,,,,,,,基础化工,化学制品,其他化学制品,6.2,6.18,6.19
sz300214,日科化学,2023-06-15,6.18,6.25,6.13,6.18,6.15,1707777.0,10569523.0,2494024506.48,2884840154.52,133287870.80999999,264541252.26999998,2545628259.7000003,3064685388.36,519057128.66,17727842.35,397.6,422.15,123.57,211.09,357.4,423.71,178.39,0.0,,,,,,,基础化工,化学制品,其他化学制品,6.14,6.15,6.16
sz300214,日科化学,2023-06-16,6.22,6.23,6.18,6.21,6.18,1451100.0,9001894.0,2506131421.56,2898844232.94,133287870.80999999,264541252.26999998,2545628259.7000003,3064685388.36,519057128.66,17727842.35,334.68,392.36,212.77,165.09,352.73,342.74,0.0,0.0,,,,,,,基础化工,化学制品,其他化学制品,6.21,6.19,6.19
sz300214,日科化学,2023-06-19,6.17,6.23,6.15,6.16,6.21,1596200.0,9849603.0,2485953229.76,2875504102.24,133287870.80999999,264541252.26999998,2545628259.7000003,3064685388.36,519057128.66,17727842.35,370.66,357.97,56.92,354.88,557.38,272.11,0.0,0.0,,,,,,,基础化工,化学制品,其他化学制品,6.21,6.2,6.2
sz300214,日科化学,2023-06-20,6.16,6.2,6.13,6.15,6.16,1284300.0,7904764.0,2481917591.4,2870836076.1,133287870.80999999,264541252.26999998,2545628259.7000003,3064685388.36,519057128.66,17727842.35,315.09,500.83,34.93,50.12,321.92,239.53,118.53,0.0,,,,,,,基础化工,化学制品,其他化学制品,6.17,6.15,6.16
sz300214,日科化学,2023-06-21,6.15,6.15,6.07,6.11,6.15,1299700.0,7941514.0,2465775037.96,2852163971.54,133287870.80999999,264541252.26999998,2545628259.7000003,3064685388.36,519057128.66,17727842.35,338.84,288.61,81.17,213.96,374.13,291.59,0.0,0.0,,,,,,,基础化工,化学制品,其他化学制品,6.14,6.14,6.12
sz300214,日科化学,2023-06-26,6.1,6.1,6.02,6.04,6.11,992300.0,6008397.0,2437525569.44,2819487788.56,133287870.80999999,264541252.26999998,2545628259.7000003,3064685388.36,519057128.66,17727842.35,173.19,325.15,58.34,0.0,369.31,275.69,0.0,0.0,,,,,,,基础化工,化学制品,其他化学制品,6.08,6.07,6.08
sz300214,日科化学,2023-06-27,6.05,6.12,6.03,6.1,6.04,1187000.0,7238310.0,2461739399.6,2847495945.4,133287870.80999999,264541252.26999998,2545628259.7000003,3064685388.36,519057128.66,17727842.35,239.23,211.41,102.96,229.0,381.64,283.42,0.0,0.0,,,,,,,基础化工,化学制品,其他化学制品,6.07,6.11,6.12
sz300214,日科化学,2023-06-28,6.1,6.11,6.03,6.08,6.1,1165200.0,7069028.0,2453668122.88,2838159893.12,133287870.80999999,264541252.26999998,2545628259.7000003,3064685388.36,519057128.66,17727842.35,270.28,315.1,78.7,109.2,357.93,282.6,0.0,0.0,,,,,,,基础化工,化学制品,其他化学制品,6.11,6.07,6.06
sz300214,日科化学,2023-06-29,6.08,6.2,6.03,6.16,6.02,2359300.0,14464326.0,2485953229.76,2875504102.24,133287870.80999999,264541252.26999998,2545628259.7000003,3064685388.36,519057128.66,17727842.35,456.09,497.34,284.55,338.3,605.77,610.8,100.02,0.0,,,,,,,基础化工,化学制品,其他化学制品,6.06,6.08,6.08
sz300214,日科化学,2023-06-30,6.17,6.23,6.13,6.21,6.16,1316800.0,8157946.0,2506131421.56,2898844232.94,133287870.80999999,264541252.26999998,2545628259.7000003,3064685388.36,519057128.66,17727842.35,302.32,400.51,122.56,122.84,390.92,292.45,0.0,0.0,,,,,,,基础化工,化学制品,其他化学制品,6.2,6.2,6.18
sz300214,日科化学,2023-07-03,6.22,6.28,6.2,6.25,6.21,2389400.0,14901945.0,2522273975.0,2917516337.5,133287870.80999999,264541252.26999998,2545628259.7000003,3064685388.36,519057128.66,17727842.35,374.75,384.57,119.34,204.57,547.44,401.85,448.66,499.2,,,,,,,基础化工,化学制品,其他化学制品,6.27,6.24,6.24
sz300214,日科化学,2023-07-04,6.28,6.28,6.21,6.25,6.25,1266073.0,7900191.0,2522273975.0,2917516337.5,133287870.80999999,264541252.26999998,2545628259.7000003,3064685388.36,519057128.66,17727842.35,337.81,298.66,73.61,187.62,378.6,303.74,0.0,0.0,,,,,,,基础化工,化学制品,其他化学制品,6.26,6.26,6.25
sz300214,日科化学,2023-07-05,6.25,6.33,6.21,6.22,6.25,2058800.0,12899034.0,2510167059.92,2903512259.0800004,133287870.80999999,264541252.26999998,2545628259.7000003,3064685388.36,519057128.66,17727842.35,448.59,408.66,304.08,337.3,537.23,418.34,0.0,125.6,,,,,,,基础化工,化学制品,其他化学制品,6.24,6.27,6.33
sz300214,日科化学,2023-07-06,6.27,6.27,6.21,6.26,6.22,1145200.0,7146655.0,2526309613.36,2922184363.6400003,133287870.80999999,264541252.26999998,2545628259.7000003,3064685388.36,519057128.66,17727842.35,282.27,292.91,0.0,84.89,432.39,336.87,0.0,0.0,,,,,,,基础化工,化学制品,其他化学制品,6.23,6.22,6.23
sz300214,日科化学,2023-07-07,6.22,6.26,6.22,6.23,6.26,769220.0,4797647.0,2514202698.28,2908180285.2200003,133287870.80999999,264541252.26999998,2545628259.7000003,3064685388.36,519057128.66,17727842.35,183.62,195.12,25.5,0.0,270.64,284.64,0.0,0.0,,,,,,,基础化工,化学制品,其他化学制品,6.26,6.22,6.23
sz300214,日科化学,2023-07-10,6.25,6.26,6.21,6.24,6.23,832800.0,5193708.0,2518238336.64,2912848311.36,133287870.80999999,264541252.26999998,2545628259.7000003,3064685388.36,519057128.66,17727842.35,218.44,143.92,39.31,128.62,261.62,246.83,0.0,0.0,,,,,,,基础化工,化学制品,其他化学制品,6.24,6.25,6.24
sz300214,日科化学,2023-07-11,6.25,6.28,6.23,6.27,6.24,1058200.0,6623045.0,2530345251.72,2926852389.78,133287870.80999999,264541252.26999998,2545628259.7000003,3064685388.36,519057128.66,17727842.35,221.17,300.84,70.21,106.15,370.93,255.32,0.0,0.0,,,,,,,基础化工,化学制品,其他化学制品,6.25,6.26,6.23
sz300214,日科化学,2023-07-12,6.3,6.3,6.21,6.23,6.27,1519120.0,9527751.0,2514202698.28,2908180285.2200003,133287870.80999999,264541252.26999998,2545628259.7000003,3064685388.36,519057128.66,17727842.35,349.65,361.18,134.91,270.2,468.21,321.39,0.0,0.0,,,,,,,基础化工,化学制品,其他化学制品,6.28,6.29,6.3
sz300214,日科化学,2023-07-13,6.23,6.29,6.23,6.26,6.23,1289700.0,8076866.0,2526309613.36,2922184363.6400003,133287870.80999999,264541252.26999998,2545628259.7000003,3064685388.36,519057128.66,17727842.35,355.29,281.21,65.42,296.82,386.98,229.66,0.0,0.0,,,,,,,基础化工,化学制品,其他化学制品,6.26,6.26,6.29
sz300214,日科化学,2023-07-14,6.29,6.29,6.23,6.25,6.26,988100.0,6181454.0,2522273975.0,2917516337.5,133287870.80999999,264541252.26999998,2545628259.7000003,3064685388.36,519057128.66,17727842.35,194.51,236.61,0.0,141.33,423.64,240.2,0.0,0.0,,,,,,,基础化工,化学制品,其他化学制品,6.27,6.27,6.26
sz300214,日科化学,2023-07-17,6.29,6.3,6.21,6.3,6.25,1643500.0,10298184.0,2542452166.8,2940856468.2000003,133287870.80999999,264541252.26999998,2545628259.7000003,3064685388.36,519057128.66,17727842.35,456.19,405.15,0.0,88.18,573.62,536.49,0.0,0.0,,,,,,,基础化工,化学制品,其他化学制品,6.21,6.24,6.23
sz300214,日科化学,2023-07-18,6.28,6.32,6.25,6.3,6.3,1477532.0,9302975.0,2542452166.8,2940856468.2000003,133287870.80999999,264541252.26999998,2545628259.7000003,3064685388.36,519057128.66,17727842.35,313.66,374.71,106.52,282.9,510.12,272.7,0.0,0.0,,,,,,,基础化工,化学制品,其他化学制品,6.29,6.28,6.29
sz300214,日科化学,2023-07-19,6.31,6.33,6.28,6.33,6.3,1213400.0,7659718.0,2554559081.88,2954860546.62,133287870.80999999,264541252.26999998,2545628259.7000003,3064685388.36,519057128.66,17727842.35,332.14,249.91,106.8,129.59,327.02,386.47,0.0,0.0,,,,,,,基础化工,化学制品,其他化学制品,6.31,6.32,6.31
sz300214,日科化学,2023-07-20,6.34,6.35,6.26,6.27,6.33,1779800.0,11240096.0,2530345251.72,2926852389.78,133287870.80999999,264541252.26999998,2545628259.7000003,3064685388.36,519057128.66,17727842.35,401.31,408.77,210.13,214.2,509.08,497.55,0.0,0.0,,,,,,,基础化工,化学制品,其他化学制品,6.34,6.33,6.33
sz300214,日科化学,2023-07-21,6.3,6.31,6.24,6.3,6.27,1425732.0,8961563.0,2542452166.8,2940856468.2000003,133287870.80999999,264541252.26999998,2545628259.7000003,3064685388.36,519057128.66,17727842.35,366.5,340.54,102.46,176.81,427.2,378.81,0.0,0.0,,,,,,,基础化工,化学制品,其他化学制品,6.29,6.3,6.29
sz300214,日科化学,2023-07-24,6.29,6.33,6.22,6.32,6.3,1114220.0,7013079.0,2550523443.52,2950192520.48,133287870.80999999,264541252.26999998,2545628259.7000003,3064685388.36,519057128.66,17727842.35,137.01,258.91,140.77,20.41,351.28,421.99,72.24,0.0,,,,,,,基础化工,化学制品,其他化学制品,6.26,6.27,6.27
sz300214,日科化学,2023-07-25,6.31,6.4,6.3,6.36,6.32,1857000.0,11794677.0,2566665996.96,2968864625.04,133287870.80999999,264541252.26999998,2545628259.7000003,3064685388.36,519057128.66,17727842.35,436.29,395.8,291.56,242.66,451.62,437.66,0.0,103.35,,,,,,,基础化工,化学制品,其他化学制品,6.36,6.35,6.34
sz300214,日科化学,2023-07-26,6.36,6.44,6.31,6.44,6.36,2542753.0,16245147.0,2598951103.84,3006208834.16,133287870.80999999,264541252.26999998,2545628259.7000003,3064685388.36,519057128.66,17727842.35,671.86,666.59,279.94,315.64,672.72,642.29,0.0,0.0,,,,,,,基础化工,化学制品,其他化学制品,6.37,6.35,6.36
sz300214,日科化学,2023-07-27,6.41,6.47,6.35,6.37,6.44,1943377.0,12456761.0,2570701635.32,2973532651.18,133287870.80999999,264541252.26999998,2545628259.7000003,3064685388.36,519057128.66,17727842.35,386.69,555.64,96.51,163.99,762.49,526.04,0.0,0.0,,,,,,,基础化工,化学制品,其他化学制品,6.46,6.45,6.45
sz300214,日科化学,2023-07-28,6.35,6.43,6.35,6.41,6.37,1685885.0,10780556.0,2586844188.76,2992204755.74,133287870.80999999,264541252.26999998,2545628259.7000003,3064685388.36,519057128.66,17727842.35,363.51,448.0,86.52,137.75,628.03,492.31,0.0,0.0,,,,,,,基础化工,化学制品,其他化学制品,6.37,6.38,6.36
sz300214,日科化学,2023-07-31,6.45,6.48,6.42,6.46,6.41,1963787.0,12680824.0,2607022380.56,3015544886.44,133287870.80999999,264541252.26999998,2545628259.7000003,3064685388.36,519057128.66,17727842.35,476.31,401.92,128.22,365.05,663.55,501.11,0.0,0.0,,,,,,,基础化工,化学制品,其他化学制品,6.46,6.47,6.46
sz300214,日科化学,2023-08-01,6.45,6.48,6.42,6.44,6.46,1542677.0,9954166.0,2598951103.84,3006208834.16,133287870.80999999,264541252.26999998,2545628259.7000003,3064685388.36,519057128.66,17727842.35,397.3,331.81,135.18,170.62,462.94,343.76,0.0,149.23,,,,,,,基础化工,化学制品,其他化学制品,6.47,6.48,6.47
sz300214,日科化学,2023-08-02,6.45,6.47,6.41,6.47,6.44,1470474.0,9469822.0,2611058018.92,3020212912.58,133287870.80999999,264541252.26999998,2545628259.7000003,3064685388.36,519057128.66,17727842.35,400.21,368.25,115.83,213.09,430.94,365.64,0.0,0.0,,,,,,,基础化工,化学制品,其他化学制品,6.45,6.45,6.44
sz300214,日科化学,2023-08-03,6.46,6.47,6.38,6.4,6.47,1582300.0,10136342.0,2582808550.4,2987536729.6,133287870.80999999,264541252.26999998,2545628259.7000003,3064685388.36,519057128.66,17727842.35,480.99,464.97,29.42,76.7,503.22,471.97,0.0,0.0,,,,,,,基础化工,化学制品,其他化学制品,6.44,6.43,6.42
sz300214,日科化学,2023-08-04,6.43,6.46,6.37,6.37,6.4,1372300.0,8785480.0,2570701635.32,2973532651.18,133287870.80999999,264541252.26999998,2545628259.7000003,3064685388.36,519057128.66,17727842.35,326.58,337.19,80.26,115.32,471.7,426.04,0.0,0.0,,,,,,,基础化工,化学制品,其他化学制品,6.44,6.43,6.41
sz300214,日科化学,2023-08-07,6.39,6.4,6.3,6.31,6.37,1404610.0,8900847.0,2546487805.16,2945524494.34,133287870.80999999,264541252.26999998,2545628259.7000003,3064685388.36,519057128.66,17727842.35,294.49,301.2,108.3,51.65,487.29,537.23,0.0,0.0,,,,,,,基础化工,化学制品,其他化学制品,6.38,6.35,6.34
sz300214,日科化学,2023-08-08,6.32,6.38,6.24,6.38,6.31,1613100.0,10185806.0,2574737273.68,2978200677.32,133287870.80999999,264541252.26999998,2545628259.7000003,3064685388.36,519057128.66,17727842.35,246.3,391.83,25.06,69.04,747.23,557.71,0.0,0.0,,,,,,,基础化工,化学制品,其他化学制品,6.3,6.27,6.27
sz300214,日科化学,2023-08-09,6.36,6.36,6.31,6.33,6.38,1035500.0,6556849.0,2554559081.88,2954860546.62,133287870.80999999,264541252.26999998,2545628259.7000003,3064685388.36,519057128.66,17727842.35,165.92,169.9,0.0,48.88,489.76,436.9,0.0,0.0,,,,,,,基础化工,化学制品,其他化学制品,6.33,6.33,6.33
sz300214,日科化学,2023-08-10,6.34,6.36,6.28,6.31,6.33,716200.0,4530999.0,2546487805.16,2945524494.34,133287870.80999999,264541252.26999998,2545628259.7000003,3064685388.36,519057128.66,17727842.35,123.76,138.81,28.99,34.96,300.35,279.34,0.0,0.0,,,,,,,基础化工,化学制品,其他化学制品,6.34,6.34,6.32
sz300214,日科化学,2023-08-11,6.34,6.34,6.21,6.21,6.31,1404400.0,8796006.0,2506131421.56,2898844232.94,133287870.80999999,264541252.26999998,2545628259.7000003,3064685388.36,519057128.66,17727842.35,310.58,302.52,54.65,178.45,514.37,398.62,0.0,0.0,,,,,,,基础化工,化学制品,其他化学制品,6.31,6.31,6.32
sz300214,日科化学,2023-08-14,6.2,6.21,6.11,6.2,6.21,1974100.0,12165435.0,2502095783.2,2894176206.8,133287870.80999999,264541252.26999998,2545628259.7000003,3064685388.36,519057128.66,17727842.35,448.94,361.12,118.32,373.22,649.28,482.2,0.0,0.0,,,,,,,基础化工,化学制品,其他化学制品,6.19,6.15,6.16
sz300214,日科化学,2023-08-15,6.22,6.27,6.16,6.17,6.2,1431000.0,8860535.0,2489988868.12,2880172128.38,133287870.80999999,264541252.26999998,2545628259.7000003,3064685388.36,519057128.66,17727842.35,345.31,213.75,66.64,9.94,474.11,475.43,0.0,186.94,,,,,,,基础化工,化学制品,其他化学制品,6.21,6.19,6.21
sz300214,日科化学,2023-08-16,6.18,6.19,6.11,6.11,6.17,1152000.0,7073866.0,2465775037.96,2852163971.54,133287870.80999999,264541252.26999998,2545628259.7000003,3064685388.36,519057128.66,17727842.35,252.32,214.89,40.67,107.89,414.4,384.61,0.0,0.0,,,,,,,基础化工,化学制品,其他化学制品,6.16,6.18,6.17
sz300214,日科化学,2023-08-17,6.16,6.2,6.06,6.2,6.11,1564700.0,9593566.0,2502095783.2,2894176206.8,133287870.80999999,264541252.26999998,2545628259.7000003,3064685388.36,519057128.66,17727842.35,344.13,435.69,32.75,93.32,582.47,430.34,0.0,0.0,,,,,,,基础化工,化学制品,其他化学制品,6.08,6.09,6.09
sz300214,日科化学,2023-08-18,6.17,6.24,6.11,6.13,6.2,1077100.0,6665086.0,2473846314.6800003,2861500023.82,133287870.80999999,264541252.26999998,2545628259.7000003,3064685388.36,519057128.66,17727842.35,191.35,250.63,0.0,2.03,475.16,413.84,0.0,0.0,,,,,,,基础化工,化学制品,其他化学制品,6.19,6.19,6.19
sz300214,日科化学,2023-08-21,6.18,6.2,6.06,6.08,6.13,2015202.0,12329633.0,2453668122.88,2838159893.12,133287870.80999999,264541252.26999998,2545628259.7000003,3064685388.36,519057128.66,17727842.35,420.21,282.83,0.0,320.45,812.76,629.68,0.0,0.0,,,,,,,基础化工,化学制品,其他化学制品,6.18,6.17,6.15
sz300214,日科化学,2023-08-22,6.09,6.12,5.92,6.0,6.08,2802300.0,16793059.0,2421383016.0,2800815684.0,133287870.80999999,264541252.26999998,2545628259.7000003,3064685388.36,519057128.66,17727842.35,635.89,611.09,73.09,240.49,970.32,719.17,0.0,108.57,,,,,,,基础化工,化学制品,其他化学制品,6.08,6.05,6.0
sz300214,日科化学,2023-08-23,6.0,6.01,5.92,5.95,6.0,1748100.0,10418039.0,2401204824.2,2777475553.3,133287870.80999999,264541252.26999998,2545628259.7000003,3064685388.36,519057128.66,17727842.35,303.96,171.38,218.87,123.37,518.97,623.8,0.0,123.25,,,,,,,基础化工,化学制品,其他化学制品,5.98,5.94,5.97
sz300214,日科化学,2023-08-24,5.94,6.02,5.89,5.92,5.95,1469000.0,8709359.0,2389097909.12,2763471474.88,133287870.80999999,264541252.26999998,2545628259.7000003,3064685388.36,519057128.66,17727842.35,296.59,310.74,57.46,119.91,516.88,440.28,0.0,0.0,,,,,,,基础化工,化学制品,其他化学制品,5.94,5.91,5.9
sz300214,日科化学,2023-08-25,5.9,6.03,5.85,5.88,5.92,1552600.0,9211954.0,2372955355.68,2744799370.32,133287870.80999999,264541252.26999998,2545628259.7000003,3064685388.36,519057128.66,17727842.35,240.88,347.08,108.93,50.14,571.38,523.97,0.0,0.0,,,,,,,基础化工,化学制品,其他化学制品,5.9,5.92,5.94
sz300214,日科化学,2023-08-28,6.15,6.15,5.92,5.98,5.88,2489904.0,15011125.0,2413311739.28,2791479631.7200003,133287870.80999999,264541252.26999998,2545628259.7000003,3064685388.36,519057128.66,17727842.35,620.26,432.72,20.05,356.69,860.8,711.71,0.0,0.0,,,,,,,基础化工,化学制品,其他化学制品,6.06,6.06,6.0
sz300214,日科化学,2023-08-29,5.98,6.09,5.93,6.07,5.98,1869400.0,11300626.0,2449632484.52,2833491866.98,133287870.80999999,264541252.26999998,2545628259.7000003,3064685388.36,519057128.66,17727842.35,402.57,610.55,90.95,27.14,636.55,492.38,0.0,0.0,,,,,,,基础化工,化学制品,其他化学制品,6.02,6.03,6.04
sz300214,日科化学,2023-08-30,6.08,6.13,6.05,6.08,6.07,1967762.0,12000012.0,2453668122.88,2838159893.12,133287870.80999999,264541252.26999998,2545628259.7000003,3064685388.36,519057128.66,17727842.35,347.6,513.1,176.05,98.63,676.35,588.27,0.0,0.0,,,,,,,基础化工,化学制品,其他化学制品,6.11,6.12,6.12
sz300214,日科化学,2023-08-31,6.1,6.17,6.09,6.16,6.08,2850149.0,17492808.0,2485948609.76,2875504102.24,124637044.91999999,148324854.99,2555616877.1899996,3376722724.14,821105846.95,40662665.18,235.44,805.95,123.95,127.38,1389.88,815.96,0.0,0.0,,,,,,,基础化工,化学制品,其他化学制品,6.15,6.11,6.1
sz300214,日科化学,2023-09-01,6.12,6.3,6.12,6.28,6.16,4176600.0,26044362.0,2534376180.08,2931520415.92,124637044.91999999,148324854.99,2555616877.1899996,3376722724.14,821105846.95,40662665.18,870.48,923.42,271.93,185.55,1462.02,1495.46,0.0,0.0,,,,,,,基础化工,化学制品,其他化学制品,6.26,6.24,6.21
sz300214,日科化学,2023-09-04,6.27,6.32,6.22,6.28,6.28,2359500.0,14780904.0,2534376180.08,2931520415.92,124637044.91999999,148324854.99,2555616877.1899996,3376722724.14,821105846.95,40662665.18,503.52,285.54,37.95,134.26,936.62,1058.29,0.0,0.0,,,,,,,基础化工,化学制品,其他化学制品,6.25,6.26,6.23
sz300214,日科化学,2023-09-05,6.27,6.34,6.27,6.34,6.28,2889702.0,18236259.0,2558589965.24,2959528572.76,124637044.91999999,148324854.99,2555616877.1899996,3376722724.14,821105846.95,40662665.18,490.29,818.13,0.0,252.58,1333.34,752.93,0.0,0.0,,,,,,,基础化工,化学制品,其他化学制品,6.29,6.3,6.3
sz300214,日科化学,2023-09-06,6.34,6.43,6.3,6.43,6.34,3290174.0,20979942.0,2594910642.98,3001540808.02,124637044.91999999,148324854.99,2555616877.1899996,3376722724.14,821105846.95,40662665.18,630.68,870.25,50.1,259.03,1417.22,968.72,0.0,0.0,,,,,,,基础化工,化学制品,其他化学制品,6.33,6.31,6.32
sz300214,日科化学,2023-09-07,6.4,6.45,6.35,6.35,6.43,2502800.0,16011542.0,2562625596.1,2964196598.9,124637044.91999999,148324854.99,2555616877.1899996,3376722724.14,821105846.95,40662665.18,301.85,725.23,0.0,166.89,1299.3,709.04,0.0,0.0,,,,,,,基础化工,化学制品,其他化学制品,6.44,6.43,6.42
sz300214,日科化学,2023-09-08,6.35,6.43,6.31,6.42,6.35,2717200.0,17374529.0,2590875012.12,2996872781.88,124637044.91999999,148324854.99,2555616877.1899996,3376722724.14,821105846.95,40662665.18,616.68,546.83,0.0,169.2,1120.78,1021.43,0.0,0.0,,,,,,,基础化工,化学制品,其他化学制品,6.38,6.36,6.37
sz300214,日科化学,2023-09-11,6.42,6.43,6.31,6.35,6.42,2888951.0,18380080.0,2562625596.1,2964196598.9,124637044.91999999,148324854.99,2555616877.1899996,3376722724.14,821105846.95,40662665.18,624.44,553.24,27.01,88.22,1186.56,1196.55,0.0,0.0,,,,,,,基础化工,化学制品,其他化学制品,6.38,6.37,6.35
sz300214,日科化学,2023-09-12,6.33,6.41,6.3,6.39,6.35,3323400.0,21139677.0,2578768119.54,2982868703.46,124637044.91999999,148324854.99,2555616877.1899996,3376722724.14,821105846.95,40662665.18,677.52,840.64,118.36,300.0,1318.08,973.33,0.0,0.0,,,,,,,基础化工,化学制品,其他化学制品,6.34,6.32,6.32
sz300214,日科化学,2023-09-13,6.4,6.46,6.35,6.4,6.39,2681500.0,17155718.0,2582803750.4,2987536729.6,124637044.91999999,148324854.99,2555616877.1899996,3376722724.14,821105846.95,40662665.18,455.83,587.37,23.24,230.46,1236.51,897.75,0.0,0.0,,,,,,,基础化工,化学制品,其他化学制品,6.45,6.42,6.42
sz300214,日科化学,2023-09-14,6.36,6.43,6.32,6.34,6.4,2608200.0,16552708.0,2558589965.24,2959528572.76,124637044.91999999,148324854.99,2555616877.1899996,3376722724.14,821105846.95,40662665.18,563.03,408.71,0.0,209.59,1092.24,1036.97,0.0,0.0,,,,,,,基础化工,化学制品,其他化学制品,6.36,6.36,6.35
sz300214,日科化学,2023-09-15,6.38,6.38,6.29,6.31,6.34,2383000.0,15080753.0,2546483072.66,2945524494.34,124637044.91999999,148324854.99,2555616877.1899996,3376722724.14,821105846.95,40662665.18,434.1,577.44,25.24,144.98,1048.74,785.65,0.0,0.0,,,,,,,基础化工,化学制品,其他化学制品,6.31,6.33,6.34
sz300214,日科化学,2023-09-18,6.28,6.4,6.24,6.34,6.31,3326102.0,21158575.0,2558589965.24,2959528572.76,124637044.91999999,148324854.99,2555616877.1899996,3376722724.14,821105846.95,40662665.18,550.15,910.58,87.83,262.85,1477.88,942.43,0.0,0.0,,,,,,,基础化工,化学制品,其他化学制品,6.32,6.3,6.31
sz300214,日科化学,2023-09-19,6.34,6.39,6.3,6.35,6.34,1765600.0,11186410.0,2562625596.1,2964196598.9,124637044.91999999,148324854.99,2555616877.1899996,3376722724.14,821105846.95,40662665.18,365.65,422.14,0.0,11.0,752.99,685.5,0.0,0.0,,,,,,,基础化工,化学制品,其他化学制品,6.35,6.33,6.33
sz300214,日科化学,2023-09-20,6.32,6.38,6.3,6.32,6.35,1839500.0,11644062.0,2550518703.52,2950192520.48,124637044.91999999,148324854.99,2555616877.1899996,3376722724.14,821105846.95,40662665.18,455.84,204.96,0.0,0.0,708.57,959.45,0.0,0.0,,,,,,,基础化工,化学制品,其他化学制品,6.33,6.36,6.37
sz300214,日科化学,2023-09-21,6.29,6.34,6.23,6.24,6.32,1526100.0,9570560.0,2518233656.6400003,2912848311.36,124637044.91999999,148324854.99,2555616877.1899996,3376722724.14,821105846.95,40662665.18,343.95,271.33,0.0,80.78,613.11,604.95,0.0,0.0,,,,,,,基础化工,化学制品,其他化学制品,6.3,6.33,6.31
sz300214,日科化学,2023-09-22,6.27,6.36,6.22,6.33,6.24,1968100.0,12420835.0,2554554334.38,2954860546.62,124637044.91999999,148324854.99,2555616877.1899996,3376722724.14,821105846.95,40662665.18,363.89,435.09,0.0,7.25,878.19,799.75,0.0,0.0,,,,,,,基础化工,化学制品,其他化学制品,6.25,6.26,6.34
sz300214,日科化学,2023-09-25,6.33,6.35,6.24,6.24,6.33,1463950.0,9190433.0,2518233656.6400003,2912848311.36,124637044.91999999,148324854.99,2555616877.1899996,3376722724.14,821105846.95,40662665.18,176.54,200.01,25.08,106.38,717.42,612.65,0.0,0.0,,,,,,,基础化工,化学制品,其他化学制品,6.33,6.31,6.3
sz300214,日科化学,2023-09-26,6.26,6.29,6.14,6.15,6.24,1450300.0,8992836.0,2481912978.9,2870836076.1,124637044.91999999,148324854.99,2555616877.1899996,3376722724.14,821105846.95,40662665.18,256.34,251.96,0.0,126.74,642.95,505.89,0.0,14.69,,,,,,,基础化工,化学制品,其他化学制品,6.25,6.23,6.22
sz300214,日科化学,2023-09-27,6.15,6.29,6.12,6.26,6.15,2424500.0,15105104.0,2526304918.36,2922184363.6400003,124637044.91999999,148324854.99,2555616877.1899996,3376722724.14,821105846.95,40662665.18,267.99,447.17,0.0,59.05,1241.46,1003.24,0.0,0.0,,,,,,,基础化工,化学制品,其他化学制品,6.14,6.18,6.22
sz300214,日科化学,2023-09-28,6.28,6.32,6.2,6.27,6.26,1811910.0,11354289.0,2530340549.2200003,2926852389.78,124637044.91999999,148324854.99,2555616877.1899996,3376722724.14,821105846.95,40662665.18,345.12,242.4,0.0,112.01,789.93,780.65,0.0,0.0,,,,,,,基础化工,化学制品,其他化学制品,6.2,6.26,6.3
sz300214,日科化学,2023-10-09,6.27,6.32,6.18,6.21,6.27,1550100.0,9634735.0,2506126764.06,2898844232.94,124637044.91999999,148324854.99,2555616877.1899996,3376722724.14,821105846.95,40662665.18,197.46,179.14,49.71,22.23,716.3,762.1,0.0,0.0,,,,,,,基础化工,化学制品,其他化学制品,6.25,6.23,6.23
sz300214,日科化学,2023-10-10,6.21,6.25,6.15,6.16,6.21,1300200.0,8044762.0,2485948609.76,2875504102.24,124637044.91999999,148324854.99,2555616877.1899996,3376722724.14,821105846.95,40662665.18,185.58,163.16,0.0,23.1,618.9,618.22,0.0,0.0,,,,,,,基础化工,化学制品,其他化学制品,6.23,6.25,6.22
sz300214,日科化学,2023-10-11,6.2,6.24,6.13,6.21,6.16,1567400.0,9716976.0,2506126764.06,2898844232.94,124637044.91999999,148324854.99,2555616877.1899996,3376722724.14,821105846.95,40662665.18,165.45,180.91,25.63,33.92,780.62,756.87,0.0,0.0,,,,,,,基础化工,化学制品,其他化学制品,6.16,6.16,6.21
sz300214,日科化学,2023-10-12,6.24,6.29,6.19,6.26,6.21,2154600.0,13450302.0,2526304918.36,2922184363.6400003,124637044.91999999,148324854.99,2555616877.1899996,3376722724.14,821105846.95,40662665.18,348.79,252.62,192.04,151.77,804.21,940.63,0.0,0.0,,,,,,,基础化工,化学制品,其他化学制品,6.2,6.23,6.25
sz300214,日科化学,2023-10-13,6.29,6.29,6.15,6.19,6.26,1642100.0,10166989.0,2498055502.34,2889508180.66,124637044.91999999,148324854.99,2555616877.1899996,3376722724.14,821105846.95,40662665.18,307.94,307.47,121.41,0.0,587.35,709.23,0.0,0.0,,,,,,,基础化工,化学制品,其他化学制品,6.21,6.2,6.2
sz300214,日科化学,2023-10-16,6.21,6.23,6.14,6.15,6.19,1611800.0,9979291.0,2481912978.9,2870836076.1,124637044.91999999,148324854.99,2555616877.1899996,3376722724.14,821105846.95,40662665.18,172.61,277.33,0.0,133.9,825.32,586.71,0.0,0.0,,,,,,,基础化工,化学制品,其他化学制品,6.18,6.2,6.22
sz300214,日科化学,2023-10-17,6.18,6.26,6.14,6.18,6.15,1577900.0,9785357.0,2494019871.48,2884840154.52,124637044.91999999,148324854.99,2555616877.1899996,3376722724.14,821105846.95,40662665.18,233.54,263.66,112.41,117.48,632.59,597.39,0.0,0.0,,,,,,,基础化工,化学制品,其他化学制品,6.17,6.19,6.21
sz300214,日科化学,2023-10-18,6.15,6.21,6.08,6.1,6.18,1448899.0,8878165.0,2461734824.6,2847495945.4,124637044.91999999,148324854.99,2555616877.1899996,3376722724.14,821105846.95,40662665.18,222.94,228.06,60.78,0.0,604.1,659.76,0.0,0.0,,,,,,,基础化工,化学制品,其他化学制品,6.17,6.17,6.15
sz300214,日科化学,2023-10-19,6.06,6.21,5.98,6.07,6.1,2365410.0,14430933.0,2449627932.02,2833491866.98,124637044.91999999,148324854.99,2555616877.1899996,3376722724.14,821105846.95,40662665.18,348.81,355.5,90.81,223.78,1003.48,849.53,0.0,14.29,,,,,,,基础化工,化学制品,其他化学制品,6.03,6.08,6.12
sz300214,日科化学,2023-10-20,6.07,6.11,6.02,6.03,6.07,1257700.0,7624963.0,2433485408.58,2814819762.42,124637044.91999999,148324854.99,2555616877.1899996,3376722724.14,821105846.95,40662665.18,201.28,250.68,0.0,0.0,561.21,511.82,0.0,0.0,,,,,,,基础化工,化学制品,其他化学制品,6.07,6.09,6.06
sz300214,日科化学,2023-10-23,6.01,6.07,5.84,5.9,6.03,2399110.0,14205866.0,2381022207.4,2754135422.6000004,124637044.91999999,148324854.99,2555616877.1899996,3376722724.14,821105846.95,40662665.18,519.67,363.19,185.18,169.27,715.74,888.13,0.0,0.0,,,,,,,基础化工,化学制品,其他化学制品,6.0,5.98,5.93
sz300214,日科化学,2023-10-24,5.82,6.08,5.8,6.05,5.9,3332101.0,19914099.0,2441556670.3,2824155814.7,118281609.78999996,-22824530.949999988,2579204979.83,3550761680.06,971556700.23,23957752.900000006,543.38,609.31,175.8,138.67,1272.23,1243.43,0.0,0.0,,,,,,,基础化工,化学制品,其他化学制品,5.87,5.88,5.9
sz300214,日科化学,2023-10-25,6.05,6.15,6.01,6.05,6.05,2608402.0,15872832.0,2441556670.3,2824155814.7,118281609.78999996,-22824530.949999988,2579204979.83,3550761680.06,971556700.23,23957752.900000006,352.35,302.65,31.95,0.0,1202.98,1284.64,0.0,0.0,,,,,,,基础化工,化学制品,其他化学制品,6.09,6.1,6.11
sz300214,日科化学,2023-10-26,6.0,6.06,5.95,6.05,6.05,2405100.0,14430182.0,2441556670.3,2824155814.7,118281609.78999996,-22824530.949999988,2579204979.83,3550761680.06,971556700.23,23957752.900000006,358.95,272.72,102.31,51.2,981.75,1119.09,0.0,0.0,,,,,,,基础化工,化学制品,其他化学制品,6.01,5.99,6.0
sz300214,日科化学,2023-10-27,6.07,6.21,6.0,6.2,6.05,2821000.0,17380935.0,2502091133.2,2894176206.8,118281609.78999996,-22824530.949999988,2579204979.83,3550761680.06,971556700.23,23957752.900000006,339.68,712.37,163.15,67.18,1235.27,958.54,0.0,0.0,,,,,,,基础化工,化学制品,其他化学制品,6.06,6.08,6.18
sz300214,日科化学,2023-10-30,6.17,6.35,6.17,6.31,6.2,3202463.0,20186247.0,2546483072.66,2945524494.34,118281609.78999996,-22824530.949999988,2579204979.83,3550761680.06,971556700.23,23957752.900000006,327.79,627.23,49.68,260.54,1641.15,1130.85,0.0,0.0,,,,,,,基础化工,化学制品,其他化学制品,6.26,6.27,6.31
sz300214,日科化学,2023-10-31,6.31,6.34,6.28,6.33,6.31,1780304.0,11245270.0,2554554334.38,2954860546.62,118281609.78999996,-22824530.949999988,2579204979.83,3550761680.06,971556700.23,23957752.900000006,186.98,359.87,64.93,54.48,872.62,710.17,0.0,0.0,,,,,,,基础化工,化学制品,其他化学制品,6.33,6.3,6.31
sz300214,日科化学,2023-11-01,6.28,6.39,6.28,6.38,6.33,2531100.0,16095648.0,2574732488.68,2978200677.32,118281609.78999996,-22824530.949999988,2579204979.83,3550761680.06,971556700.23,23957752.900000006,379.26,604.86,20.99,99.23,1197.97,894.13,0.0,0.0,,,,,,,基础化工,化学制品,其他化学制品,6.31,6.31,6.38
sz300214,日科化学,2023-11-02,6.35,6.39,6.32,6.36,6.38,2594700.0,16488366.0,2566661226.96,2968864625.04,118281609.78999996,-22824530.949999988,2579204979.83,3550761680.06,971556700.23,23957752.900000006,392.46,490.57,21.85,91.59,1234.52,1066.68,0.0,0.0,,,,,,,基础化工,化学制品,其他化学制品,6.37,6.33,6.35
sz300214,日科化学,2023-11-03,6.34,6.41,6.33,6.33,6.36,2257400.0,14385127.0,2554554334.38,2954860546.62,118281609.78999996,-22824530.949999988,2579204979.83,3550761680.06,971556700.23,23957752.900000006,280.51,406.81,25.36,39.59,1132.65,677.09,0.0,315.03,,,,,,,基础化工,化学制品,其他化学制品,6.37,6.38,6.38
sz300214,日科化学,2023-11-06,6.37,6.41,6.34,6.39,6.33,2158510.0,13769594.0,2578768119.54,2982868703.46,118281609.78999996,-22824530.949999988,2579204979.83,3550761680.06,971556700.23,23957752.900000006,198.01,321.56,50.62,133.06,1128.32,922.35,0.0,0.0,,,,,,,基础化工,化学制品,其他化学制品,6.38,6.36,6.36
sz300214,日科化学,2023-11-07,6.35,6.38,6.32,6.35,6.39,1522300.0,9669257.0,2562625596.1,2964196598.9,118281609.78999996,-22824530.949999988,2579204979.83,3550761680.06,971556700.23,23957752.900000006,248.69,239.15,20.76,81.54,697.47,646.23,0.0,0.0,,,,,,,基础化工,化学制品,其他化学制品,6.35,6.35,6.36
sz300214,日科化学,2023-11-08,6.38,6.39,6.3,6.34,6.35,1641600.0,10419628.0,2558589965.24,2959528572.76,118281609.78999996,-22824530.949999988,2579204979.83,3550761680.06,971556700.23,23957752.900000006,258.04,335.71,2.93,23.78,781.0,682.48,0.0,0.0,,,,,,,基础化工,化学制品,其他化学制品,6.34,6.33,6.38
sz300214,日科化学,2023-11-09,6.31,6.4,6.31,6.34,6.34,2607400.0,16587194.0,2558589965.24,2959528572.76,118281609.78999996,-22824530.949999988,2579204979.83,3550761680.06,971556700.23,23957752.900000006,452.06,648.54,50.77,46.02,1155.89,964.16,0.0,0.0,,,,,,,基础化工,化学制品,其他化学制品,6.34,6.38,6.4
sz300214,日科化学,2023-11-10,6.3,6.36,6.27,6.34,6.34,1913400.0,12109370.0,2558589965.24,2959528572.76,118281609.78999996,-22824530.949999988,2579204979.83,3550761680.06,971556700.23,23957752.900000006,264.05,467.6,0.0,47.31,946.89,696.03,0.0,0.0,,,,,,,基础化工,化学制品,其他化学制品,6.28,6.31,6.34
sz300214,日科化学,2023-11-13,6.36,6.4,6.31,6.4,6.34,2733100.0,17373515.0,2582803750.4,2987536729.6,118281609.78999996,-22824530.949999988,2579204979.83,3550761680.06,971556700.23,23957752.900000006,340.4,567.87,0.0,50.12,1396.95,1119.36,0.0,0.0,,,,,,,基础化工,化学制品,其他化学制品,6.38,6.34,6.33
sz300214,日科化学,2023-11-14,6.41,6.41,6.31,6.33,6.4,1950100.0,12372661.0,2554554334.38,2954860546.62,118281609.78999996,-22824530.949999988,2579204979.83,3550761680.06,971556700.23,23957752.900000006,286.29,288.62,0.0,21.74,840.58,926.91,110.4,0.0,,,,,,,基础化工,化学制品,其他化学制品,6.38,6.39,6.35
sz300214,日科化学,2023-11-15,6.37,6.4,6.34,6.37,6.33,1974100.0,12597402.0,2570696857.82,2973532651.18,118281609.78999996,-22824530.949999988,2579204979.83,3550761680.06,971556700.23,23957752.900000006,303.43,413.99,61.28,77.89,862.74,735.58,0.0,0.0,,,,,,,基础化工,化学制品,其他化学制品,6.38,6.4,6.38
sz300214,日科化学,2023-11-16,6.42,6.42,6.34,6.34,6.37,1399600.0,8902738.0,2558589965.24,2959528572.76,118281609.78999996,-22824530.949999988,2579204979.83,3550761680.06,971556700.23,23957752.900000006,294.05,148.96,116.38,123.63,479.85,617.69,0.0,0.0,,,,,,,基础化工,化学制品,其他化学制品,6.36,6.38,6.38
sz300214,日科化学,2023-11-17,6.34,6.4,6.33,6.37,6.34,1924400.0,12274493.0,2570696857.82,2973532651.18,118281609.78999996,-22824530.949999988,2579204979.83,3550761680.06,971556700.23,23957752.900000006,226.86,525.09,49.44,91.97,951.16,610.39,0.0,0.0,,,,,,,基础化工,化学制品,其他化学制品,6.37,6.37,6.37
sz300214,日科化学,2023-11-20,6.41,6.49,6.38,6.48,6.37,2964834.0,19090292.0,2615088797.28,3024880938.72,118281609.78999996,-22824530.949999988,2579204979.83,3550761680.06,971556700.23,23957752.900000006,468.82,826.01,198.11,121.71,1242.1,961.3,0.0,0.0,,,,,,,基础化工,化学制品,其他化学制品,6.4,6.4,6.38
sz300214,日科化学,2023-11-21,6.43,6.55,6.43,6.46,6.48,2232300.0,14507838.0,2607017535.56,3015544886.44,118281609.78999996,-22824530.949999988,2579204979.83,3550761680.06,971556700.23,23957752.900000006,349.17,536.74,170.21,97.5,931.4,816.55,0.0,0.0,,,,,,,基础化工,化学制品,其他化学制品,6.47,6.49,6.49
sz300214,日科化学,2023-11-22,6.45,6.52,6.43,6.45,6.46,2440100.0,15800056.0,2602981904.7,3010876860.3,118281609.78999996,-22824530.949999988,2579204979.83,3550761680.06,971556700.23,23957752.900000006,436.86,451.61,32.3,91.77,1110.85,1036.63,0.0,0.0,,,,,,,基础化工,化学制品,其他化学制品,6.48,6.48,6.47
sz300214,日科化学,2023-11-23,6.46,6.54,6.44,6.5,6.45,2804700.0,18241316.0,2623160059.0,3034216991.0000005,118281609.78999996,-22824530.949999988,2579204979.83,3550761680.06,971556700.23,23957752.900000006,501.04,542.56,48.65,313.56,1274.44,776.78,0.0,191.23,,,,,,,基础化工,化学制品,其他化学制品,6.48,6.46,6.47
sz300214,日科化学,2023-11-24,6.49,6.51,6.42,6.44,6.5,1925351.0,12414106.0,2598946273.84,3006208834.16,118281609.78999996,-22824530.949999988,2579204979.83,3550761680.06,971556700.23,23957752.900000006,374.33,380.61,0.0,60.78,867.08,800.02,0.0,0.0,,,,,,,基础化工,化学制品,其他化学制品,6.47,6.46,6.45
sz300214,日科化学,2023-11-27,6.47,6.48,6.35,6.4,6.44,3417600.0,21882238.0,2582803750.4,2987536729.6,118281609.78999996,-22824530.949999988,2579204979.83,3550761680.06,971556700.23,23957752.900000006,642.35,440.25,64.1,183.01,1481.77,1564.96,0.0,0.0,,,,,,,基础化工,化学制品,其他化学制品,6.45,6.41,6.41
sz300214,日科化学,2023-11-28,6.41,6.48,6.35,6.48,6.4,2329600.0,15017365.0,2615088797.28,3024880938.72,118281609.78999996,-22824530.949999988,2579204979.83,3550761680.06,971556700.23,23957752.900000006,243.69,455.08,102.51,96.43,1155.54,950.23,0.0,0.0,,,,,,,基础化工,化学制品,其他化学制品,6.39,6.4,6.43
sz300214,日科化学,2023-11-29,6.46,6.51,6.41,6.44,6.48,1853000.0,11949193.0,2598946273.84,3006208834.16,118281609.78999996,-22824530.949999988,2579204979.83,3550761680.06,971556700.23,23957752.900000006,281.59,374.77,0.0,54.51,913.33,765.63,0.0,0.0,,,,,,,基础化工,化学制品,其他化学制品,6.48,6.49,6.48
sz300214,日科化学,2023-11-30,6.47,6.47,6.32,6.35,6.44,1750800.0,11164846.0,2562625596.1,2964196598.9,118281609.78999996,-22824530.949999988,2579204979.83,3550761680.06,971556700.23,23957752.900000006,211.11,223.01,0.0,42.76,905.37,850.72,0.0,0.0,,,,,,,基础化工,化学制品,其他化学制品,6.42,6.41,6.39
sz300214,日科化学,2023-12-01,6.37,6.44,6.35,6.42,6.35,1865700.0,11927578.0,2590875012.12,2996872781.88,118281609.78999996,-22824530.949999988,2579204979.83,3550761680.06,971556700.23,23957752.900000006,221.8,428.51,3.82,0.0,967.14,764.24,0.0,0.0,,,,,,,基础化工,化学制品,其他化学制品,6.38,6.38,6.38
sz300214,日科化学,2023-12-04,6.38,6.44,6.35,6.35,6.42,1792900.0,11442047.0,2562625596.1,2964196598.9,118281609.78999996,-22824530.949999988,2579204979.83,3550761680.06,971556700.23,23957752.900000006,262.98,191.21,104.47,43.45,776.76,909.54,0.0,0.0,,,,,,,基础化工,化学制品,其他化学制品,6.42,6.39,6.39
sz300214,日科化学,2023-12-05,6.35,6.4,6.3,6.3,6.35,2354151.0,14936553.0,2542447441.8,2940856468.2000003,118281609.78999996,-22824530.949999988,2579204979.83,3550761680.06,971556700.23,23957752.900000006,310.71,410.67,0.0,0.0,1182.95,1082.99,0.0,0.0,,,,,,,基础化工,化学制品,其他化学制品,6.37,6.38,6.35
sz300214,日科化学,2023-12-06,6.31,6.41,6.27,6.35,6.3,2089616.0,13311540.0,2562625596.1,2964196598.9,118281609.78999996,-22824530.949999988,2579204979.83,3550761680.06,971556700.23,23957752.900000006,291.59,342.59,0.0,0.0,1039.56,988.57,0.0,0.0,,,,,,,基础化工,化学制品,其他化学制品,6.32,6.38,6.38
sz300214,日科化学,2023-12-07,6.4,6.41,6.3,6.36,6.35,2202900.0,13967745.0,2566661226.96,2968864625.04,118281609.78999996,-22824530.949999988,2579204979.83,3550761680.06,971556700.23,23957752.900000006,250.63,430.62,0.0,0.0,1146.14,966.16,0.0,0.0,,,,,,,基础化工,化学制品,其他化学制品,6.34,6.31,6.32
sz300214,日科化学,2023-12-08,6.33,6.36,6.14,6.15,6.36,2603323.0,16232255.0,2481912978.9,2870836076.1,118281609.78999996,-22824530.949999988,2579204979.83,3550761680.06,971556700.23,23957752.900000006,521.92,318.63,77.19,0.0,1024.12,1304.59,0.0,0.0,,,,,,,基础化工,化学制品,其他化学制品,6.31,6.32,6.31
sz300214,日科化学,2023-12-11,6.17,6.26,6.09,6.23,6.15,3128700.0,19392410.0,2514198025.78,2908180285.2200003,118281609.78999996,-22824530.949999988,2579204979.83,3550761680.06,971556700.23,23957752.900000006,377.64,351.45,75.6,33.19,1486.01,1554.59,0.0,0.0,,,,,,,基础化工,化学制品,其他化学制品,6.14,6.2,6.21
sz300214,日科化学,2023-12-12,6.26,6.26,6.09,6.18,6.23,2986050.0,18381249.0,2494019871.48,2884840154.52,118281609.78999996,-22824530.949999988,2579204979.83,3550761680.06,971556700.23,23957752.900000006,440.89,631.38,51.9,80.14,1225.48,1126.6,119.85,0.0,,,,,,,基础化工,化学制品,其他化学制品,6.21,6.14,6.12
sz300214,日科化学,2023-12-13,6.17,6.32,6.14,6.26,6.18,2716300.0,16953005.0,2526304918.36,2922184363.6400003,118281609.78999996,-22824530.949999988,2579204979.83,3550761680.06,971556700.23,23957752.900000006,483.74,548.03,0.0,49.76,1211.56,1097.51,0.0,0.0,,,,,,,基础化工,化学制品,其他化学制品,6.16,6.15,6.2
sz300214,日科化学,2023-12-14,6.26,6.31,6.21,6.22,6.26,2022200.0,12643867.0,2510162394.92,2898785059.08,118281609.78999996,-22824530.949999988,2579204979.83,3550761680.06,971556700.23,23957752.900000006,304.86,364.07,48.69,104.8,910.84,795.52,0.0,0.0,,,,,,,基础化工,化学制品,其他化学制品,6.26,6.3,6.29
sz300214,日科化学,2023-12-15,6.24,6.28,6.18,6.22,6.22,2033800.0,12659572.0,2510162394.92,2898785059.08,118281609.78999996,-22824530.949999988,2579204979.83,3550761680.06,971556700.23,23957752.900000006,312.4,304.38,99.99,147.46,853.57,814.12,0.0,0.0,,,,,,,基础化工,化学制品,其他化学制品,6.23,6.23,6.21
sz300214,日科化学,2023-12-18,6.21,6.21,6.08,6.12,6.22,2418800.0,14855247.0,2469806086.32,2852180797.68,118281609.78999996,-22824530.949999988,2579204979.83,3550761680.06,971556700.23,23957752.900000006,367.63,251.35,131.36,99.98,986.53,1134.2,0.0,0.0,,,,,,,基础化工,化学制品,其他化学制品,6.19,6.18,6.19
sz300214,日科化学,2023-12-19,6.14,6.16,6.04,6.14,6.12,2434700.0,14850265.0,2477877348.04,2861501649.96,118281609.78999996,-22824530.949999988,2579204979.83,3550761680.06,971556700.23,23957752.900000006,431.85,225.3,70.71,78.15,982.46,1181.58,0.0,0.0,,,,,,,基础化工,化学制品,其他化学制品,6.11,6.09,6.08
sz300214,日科化学,2023-12-20,6.24,6.34,6.14,6.23,6.14,3667700.0,22938158.0,2514198025.78,2903445485.2200003,118281609.78999996,-22824530.949999988,2579204979.83,3550761680.06,971556700.23,23957752.900000006,925.22,611.94,161.15,327.95,1207.45,1353.93,0.0,0.0,,,,,,,基础化工,化学制品,其他化学制品,6.19,6.22,6.21
sz300214,日科化学,2023-12-21,6.21,6.24,6.04,6.21,6.23,4333900.0,26593041.0,2506126764.06,2894124632.94,118281609.78999996,-22824530.949999988,2579204979.83,3550761680.06,971556700.23,23957752.900000006,940.87,691.91,175.73,443.6,1542.7,1523.79,0.0,0.0,,,,,,,基础化工,化学制品,其他化学制品,6.19,6.13,6.12
sz300214,日科化学,2023-12-22,6.24,6.25,6.14,6.15,6.21,2306300.0,14270472.0,2481912978.9,2866162076.1,118281609.78999996,-22824530.949999988,2579204979.83,3550761680.06,971556700.23,23957752.900000006,269.59,352.4,49.52,48.07,1107.93,1026.59,0.0,0.0,,,,,,,基础化工,化学制品,其他化学制品,6.2,6.19,6.2
sz300214,日科化学,2023-12-25,6.13,6.18,6.05,6.13,6.15,2942500.0,17965508.0,2473841717.18,2856841223.82,118281609.78999996,-22824530.949999988,2579204979.83,3550761680.06,971556700.23,23957752.900000006,548.96,290.15,145.97,80.74,1101.62,1425.67,0.0,0.0,,,,,,,基础化工,化学制品,其他化学制品,6.12,6.06,6.07
sz300214,日科化学,2023-12-26,6.13,6.44,6.07,6.18,6.13,6817500.0,42317290.0,2494019871.48,2880143354.5200005,118281609.78999996,-22824530.949999988,2579204979.83,3550761680.06,971556700.23,23957752.900000006,1991.35,1335.3,467.86,337.47,1772.52,2558.95,0.0,0.0,,,,,,,基础化工,化学制品,其他化学制品,6.08,6.12,6.12
sz300214,日科化学,2023-12-27,6.18,6.57,6.1,6.41,6.18,15112500.0,95579228.0,2586839381.26,2987333155.74,118281609.78999996,-22824530.949999988,2579204979.83,3550761680.06,971556700.23,23957752.900000006,3878.64,3375.2,1819.29,806.1,3692.11,5184.62,167.88,192.0,,,,,,,基础化工,化学制品,其他化学制品,6.15,6.22,6.21
sz300214,日科化学,2023-12-28,6.3,6.78,6.12,6.62,6.41,22188371.0,143205176.0,2671587629.32,3085202104.68,118281609.78999996,-22824530.949999988,2579204979.83,3550761680.06,971556700.23,23957752.900000006,5772.36,4615.7,2508.03,2908.8,5284.63,6796.02,755.5,0.0,,,,,,,基础化工,化学制品,其他化学制品,6.19,6.18,6.17
sz300214,日科化学,2023-12-29,6.53,6.7,6.37,6.5,6.62,15914719.0,103581316.0,2623160059.0,3029276991.0000005,118281609.78999996,-22824530.949999988,2579204979.83,3550761680.06,971556700.23,23957752.900000006,4310.45,3393.56,1826.95,2051.54,3941.5,4607.45,279.23,305.58,,,,,,,基础化工,化学制品,其他化学制品,6.4,6.49,6.47
sz300214,日科化学,2024-01-02,6.45,6.66,6.44,6.6,6.5,12729946.0,83400075.0,2663516367.6000004,3075881252.4,118281609.78999996,-22824530.949999988,2579204979.83,3550761680.06,971556700.23,23957752.900000006,3286.03,3233.84,1633.04,1851.92,3211.09,3254.25,209.84,0.0,,,,,,,基础化工,化学制品,其他化学制品,6.46,6.53,6.53
sz300214,日科化学,2024-01-03,6.5,6.55,6.37,6.45,6.6,9822800.0,63379298.0,2602981904.7,3005974860.3,118281609.78999996,-22824530.949999988,2579204979.83,3550761680.06,971556700.23,23957752.900000006,2499.2,2172.79,771.83,1900.97,2830.53,1977.86,236.37,286.3,,,,,,,基础化工,化学制品,其他化学制品,6.51,6.46,6.46
sz300214,日科化学,2024-01-04,6.44,6.49,6.4,6.43,6.45,5499600.0,35436059.0,2594910642.98,2996654008.02,118281609.78999996,-22824530.949999988,2579204979.83,3550761680.06,971556700.23,23957752.900000006,1091.7,1458.71,290.82,614.79,2161.09,1470.1,0.0,0.0,,,,,,,基础化工,化学制品,其他化学制品,6.46,6.44,6.47
sz300214,日科化学,2024-01-05,6.45,6.5,6.29,6.32,6.43,6771800.0,43210438.0,2550518703.52,2945389320.48,118281609.78999996,-22824530.949999988,2579204979.83,3550761680.06,971556700.23,23957752.900000006,1359.4,1717.33,775.88,675.04,2112.05,1928.68,73.71,0.0,,,,,,,基础化工,化学制品,其他化学制品,6.45,6.46,6.46
sz300214,日科化学,2024-01-08,6.32,6.39,6.25,6.25,6.32,4827200.0,30541695.0,2522269287.5,2912766337.5,118281609.78999996,-22824530.949999988,2579204979.83,3550761680.06,971556700.23,23957752.900000006,887.37,1012.59,306.04,314.07,1860.76,1727.51,0.0,0.0,,,,,,,基础化工,化学制品,其他化学制品,6.35,6.33,6.35
sz300214,日科化学,2024-01-09,6.22,6.37,6.22,6.29,6.25,5036100.0,31787107.0,2538411810.94,2931408042.06,118281609.78999996,-22824530.949999988,2579204979.83,3550761680.06,971556700.23,23957752.900000006,969.81,1218.91,434.3,614.82,1774.6,1344.98,0.0,0.0,,,,,,,基础化工,化学制品,其他化学制品,6.28,6.33,6.34
sz300214,日科化学,2024-01-10,6.25,6.38,6.19,6.25,6.29,5403300.0,34032477.0,2522269287.5,2912766337.5,118281609.78999996,-22824530.949999988,2579204979.83,3550761680.06,971556700.23,23957752.900000006,1192.3,1204.56,432.49,664.77,1778.45,1533.92,0.0,0.0,,,,,,,基础化工,化学制品,其他化学制品,6.25,6.23,6.27
sz300214,日科化学,2024-01-11,6.25,6.36,6.23,6.34,6.25,4578200.0,28893295.0,2558589965.24,2954710172.76,118281609.78999996,-22824530.949999988,2579204979.83,3550761680.06,971556700.23,23957752.900000006,795.71,1151.65,169.56,282.69,1924.07,1455.0,0.0,0.0,,,,,,,基础化工,化学制品,其他化学制品,6.29,6.28,6.33
sz300214,日科化学,2024-01-12,6.33,6.47,6.31,6.39,6.34,4673000.0,29939006.0,2578768119.54,2978012303.46,118281609.78999996,-22824530.949999988,2579204979.83,3550761680.06,971556700.23,23957752.900000006,946.52,1361.62,243.66,443.69,1803.72,1188.59,0.0,0.0,,,,,,,基础化工,化学制品,其他化学制品,6.38,6.4,6.42
sz300214,日科化学,2024-01-15,6.35,6.41,6.31,6.39,6.39,3141500.0,20024733.0,2578768119.54,2978012303.46,118281609.78999996,-22824530.949999988,2579204979.83,3550761680.06,971556700.23,23957752.900000006,686.04,588.23,120.18,155.14,1196.25,1259.1,0.0,0.0,,,,,,,基础化工,化学制品,其他化学制品,6.33,6.33,6.36
sz300214,日科化学,2024-01-16,6.39,6.42,6.25,6.34,6.39,4343600.0,27492897.0,2558589965.24,2954710172.76,118281609.78999996,-22824530.949999988,2579204979.83,3550761680.06,971556700.23,23957752.900000006,663.51,977.17,360.85,334.85,1724.93,1437.27,0.0,0.0,,,,,,,基础化工,化学制品,其他化学制品,6.37,6.38,6.41
sz300214,日科化学,2024-01-17,6.34,6.39,6.23,6.24,6.34,3854300.0,24401017.0,2518233656.6400003,2908105911.36,118281609.78999996,-22824530.949999988,2579204979.83,3550761680.06,971556700.23,23957752.900000006,823.17,854.21,386.38,329.51,1230.55,1256.38,0.0,0.0,,,,,,,基础化工,化学制品,其他化学制品,6.34,6.39,6.37
sz300214,日科化学,2024-01-18,6.22,6.24,5.89,6.06,6.24,5833400.0,35194093.0,2445592301.16,2824218240.84,118281609.78999996,-22824530.949999988,2579204979.83,3550761680.06,971556700.23,23957752.900000006,1171.69,1281.14,429.78,322.72,1917.93,1811.41,0.0,104.14,,,,,,,基础化工,化学制品,其他化学制品,6.16,6.12,6.11
sz300214,日科化学,2024-01-19,6.06,6.07,5.89,5.92,6.06,3583300.0,21348079.0,2389093469.12,2758972274.88,118281609.78999996,-22824530.949999988,2579204979.83,3550761680.06,971556700.23,23957752.900000006,680.56,586.85,29.8,232.34,1424.45,1315.62,0.0,0.0,,,,,,,基础化工,化学制品,其他化学制品,6.04,5.98,6.01
sz300214,日科化学,2024-01-22,5.92,5.93,5.53,5.58,5.92,4650230.0,26650753.0,2251882019.88,2600517786.12,118281609.78999996,-22824530.949999988,2579204979.83,3550761680.06,971556700.23,23957752.900000006,797.83,701.38,231.83,277.64,1635.42,1686.06,0.0,0.0,,,,,,,基础化工,化学制品,其他化学制品,5.85,5.85,5.85
sz300214,日科化学,2024-01-23,5.59,5.64,5.31,5.43,5.58,4831861.0,26118751.0,2191347556.98,2530611394.02,118281609.78999996,-22824530.949999988,2579204979.83,3550761680.06,971556700.23,23957752.900000006,842.78,606.56,263.72,63.05,1505.38,1942.27,0.0,0.0,,,,,,,基础化工,化学制品,其他化学制品,5.42,5.33,5.34
sz300214,日科化学,2024-01-24,5.46,5.55,5.3,5.5,5.43,4031900.0,21899445.0,2219596973.0,2563234377.0,118281609.78999996,-22824530.949999988,2579204979.83,3550761680.06,971556700.23,23957752.900000006,739.61,573.37,99.32,119.5,1351.02,1497.07,0.0,0.0,,,,,,,基础化工,化学制品,其他化学制品,5.5,5.49,5.55
sz300214,日科化学,2024-01-25,5.52,5.68,5.45,5.68,5.5,3544300.0,19834867.0,2292238328.48,2647122047.52,118281609.78999996,-22824530.949999988,2579204979.83,3550761680.06,971556700.23,23957752.900000006,598.51,503.78,119.81,145.96,1265.16,1229.78,0.0,103.97,,,,,,,基础化工,化学制品,其他化学制品,5.53,5.52,5.52
sz300214,日科化学,2024-01-26,5.69,5.82,5.67,5.74,5.68,3721200.0,21441560.0,2316452113.64,2675084604.36,118281609.78999996,-22824530.949999988,2579204979.83,3550761680.06,971556700.23,23957752.900000006,756.7,559.58,41.62,409.6,1345.84,1174.97,0.0,0.0,,,,,,,基础化工,化学制品,其他化学制品,5.77,5.75,5.76
sz300214,日科化学,2024-01-29,5.75,5.79,5.54,5.62,5.74,3763700.0,21158368.0,2268024543.32,2619159490.68,118281609.78999996,-22824530.949999988,2579204979.83,3550761680.06,971556700.23,23957752.900000006,669.01,647.43,278.63,74.19,1168.2,1394.21,0.0,0.0,,,,,,,基础化工,化学制品,其他化学制品,5.71,5.66,5.66
sz300214,日科化学,2024-01-30,5.56,5.6,5.37,5.38,5.62,3880350.0,21282357.0,2171169402.68,2507309263.32,118281609.78999996,-22824530.949999988,2579204979.83,3550761680.06,971556700.23,23957752.900000006,722.94,513.87,323.63,275.2,1081.66,1229.17,0.0,110.0,,,,,,,基础化工,化学制品,其他化学制品,5.52,5.46,5.49
sz300214,日科化学,2024-01-31,5.36,5.41,5.1,5.13,5.38,4003400.0,20949667.0,2070278631.18,2390798609.82,118281609.78999996,-22824530.949999988,2579204979.83,3550761680.06,971556700.23,23957752.900000006,548.15,702.03,313.99,92.16,1232.83,1300.77,0.0,0.0,,,,,,,基础化工,化学制品,其他化学制品,5.38,5.35,5.31
sz300214,日科化学,2024-02-01,5.18,5.18,4.92,4.95,5.13,3292900.0,16459764.0,1997637275.7,2306910939.3,118281609.78999996,-22824530.949999988,2579204979.83,3550761680.06,971556700.23,23957752.900000006,400.61,331.23,86.48,47.97,1158.88,1266.78,0.0,0.0,,,,,,,基础化工,化学制品,其他化学制品,5.09,5.01,4.97
sz300214,日科化学,2024-02-02,4.95,5.07,4.63,4.76,4.95,4625536.0,22409163.0,1920960289.36,2218362842.64,118281609.78999996,-22824530.949999988,2579204979.83,3550761680.06,971556700.23,23957752.900000006,727.79,430.52,326.37,343.44,1186.75,1466.96,0.0,0.0,,,,,,,基础化工,化学制品,其他化学制品,5.01,5.0,4.98
sz300214,日科化学,2024-02-05,4.7,4.71,4.22,4.32,4.76,6171854.0,27211644.0,1743392531.52,2013304092.48,118281609.78999996,-22824530.949999988,2579204979.83,3550761680.06,971556700.23,23957752.900000006,1344.0,739.79,272.76,121.61,1104.4,1859.76,0.0,0.0,,,,,,,基础化工,化学制品,其他化学制品,4.53,4.49,4.41
sz300214,日科化学,2024-02-06,4.3,4.54,4.01,4.37,4.32,5736900.0,24132160.0,1763570685.8200002,2036606223.18,118281609.78999996,-22824530.949999988,2579204979.83,3550761680.06,971556700.23,23957752.900000006,1032.16,616.08,219.71,327.81,1161.35,1469.33,0.0,0.0,,,,,,,基础化工,化学制品,其他化学制品,4.13,4.06,4.21
sz300214,日科化学,2024-02-07,4.44,4.54,4.09,4.5,4.37,8511230.0,36384217.0,1816037262.0,2097191763.0,118281609.78999996,-22824530.949999988,2579204979.83,3550761680.06,971556700.23,23957752.900000006,1697.58,1508.32,978.08,173.55,962.76,1956.55,0.0,0.0,,,,,,,基础化工,化学制品,其他化学制品,4.28,4.22,4.25
sz300214,日科化学,2024-02-08,4.43,4.81,4.34,4.77,4.5,5897729.0,27031734.0,1924999497.72,2223023268.78,118281609.78999996,-22824530.949999988,2579204979.83,3550761680.06,971556700.23,23957752.900000006,1178.53,960.96,503.21,167.79,1021.43,1574.43,0.0,0.0,,,,,,,基础化工,化学制品,其他化学制品,4.5,4.45,4.45
sz300214,日科化学,2024-02-19,4.77,4.97,4.76,4.86,4.77,3836220.0,18603939.0,1961320242.96,2264967104.04,118281609.78999996,-22824530.949999988,2579204979.83,3550761680.06,971556700.23,23957752.900000006,730.16,740.76,255.27,251.68,874.97,867.95,0.0,0.0,,,,,,,基础化工,化学制品,其他化学制品,4.77,4.82,4.9
sz300214,日科化学,2024-02-20,4.85,4.88,4.77,4.86,4.86,2004144.0,9681062.0,1961320242.96,2264967104.04,118281609.78999996,-22824530.949999988,2579204979.83,3550761680.06,971556700.23,23957752.900000006,455.47,316.44,113.21,54.57,399.43,597.1,0.0,0.0,,,,,,,基础化工,化学制品,其他化学制品,4.79,4.84,4.83
sz300214,日科化学,2024-02-21,4.81,5.02,4.78,4.97,4.86,3061650.0,15172557.0,2005712264.92,2316231791.58,118281609.78999996,-22824530.949999988,2579204979.83,3550761680.06,971556700.23,23957752.900000006,709.83,574.74,269.23,153.91,538.19,788.61,0.0,0.0,,,,,,,基础化工,化学制品,其他化学制品,4.85,4.87,4.87
sz300214,日科化学,2024-02-22,4.99,5.06,4.9,5.03,4.97,2150902.0,10736843.0,2029926095.08,2344194348.42,118281609.78999996,-22824530.949999988,2579204979.83,3550761680.06,971556700.23,23957752.900000006,369.6,491.76,163.6,128.73,540.49,453.19,0.0,0.0,,,,,,,基础化工,化学制品,其他化学制品,5.02,5.04,5.03
sz300214,日科化学,2024-02-23,5.01,5.1,5.01,5.1,5.03,2599576.0,13160075.0,2058175563.6,2376817331.4,118281609.78999996,-22824530.949999988,2579204979.83,3550761680.06,971556700.23,23957752.900000006,501.76,437.87,64.54,193.61,749.71,584.12,0.0,100.4,,,,,,,基础化工,化学制品,其他化学制品,5.07,5.08,5.03
sz300214,日科化学,2024-02-26,5.11,5.3,5.07,5.25,5.1,3694179.0,19166756.0,2118710139.0,2446723723.5,118281609.78999996,-22824530.949999988,2579204979.83,3550761680.06,971556700.23,23957752.900000006,540.75,799.66,385.38,264.55,990.54,852.47,0.0,0.0,,,,,,,基础化工,化学制品,其他化学制品,5.11,5.12,5.13
sz300214,日科化学,2024-02-27,5.24,5.37,5.18,5.36,5.25,2548981.0,13542734.0,2163102160.96,2497988411.04,118281609.78999996,-22824530.949999988,2579204979.83,3550761680.06,971556700.23,23957752.900000006,397.78,394.36,71.0,254.21,771.45,576.14,114.05,129.56,,,,,,,基础化工,化学制品,其他化学制品,5.28,5.32,5.31
sz300214,日科化学,2024-02-28,5.38,5.46,5.12,5.13,5.36,4052597.0,21444784.0,2070282478.68,2390798609.82,118281609.78999996,-22824530.949999988,2579204979.83,3550761680.06,971556700.23,23957752.900000006,966.06,792.95,303.67,276.24,874.74,1075.29,0.0,0.0,,,,,,,基础化工,化学制品,其他化学制品,5.4,5.43,5.4
sz300214,日科化学,2024-02-29,5.14,5.26,5.05,5.24,5.13,2703500.0,14024355.0,2114674500.64,2442063297.36,118281609.78999996,-22824530.949999988,2579204979.83,3550761680.06,971556700.23,23957752.900000006,478.58,409.59,24.27,56.54,899.58,936.31,0.0,0.0,,,,,,,基础化工,化学制品,其他化学制品,5.15,5.17,5.2
sz300214,日科化学,2024-03-01,5.25,5.29,5.18,5.27,5.24,1649309.0,8643083.0,2126781415.72,2456044575.78,118281609.78999996,-22824530.949999988,2579204979.83,3550761680.06,971556700.23,23957752.900000006,233.36,242.15,19.57,96.61,611.39,525.55,0.0,0.0,,,,,,,基础化工,化学制品,其他化学制品,5.28,5.2,5.23
sz300214,日科化学,2024-03-04,5.26,5.32,5.18,5.24,5.27,2285100.0,11918962.0,2114674500.64,2442063297.36,118281609.78999996,-22824530.949999988,2579204979.83,3550761680.06,971556700.23,23957752.900000006,481.44,436.41,190.97,153.77,519.49,498.06,0.0,103.67,,,,,,,基础化工,化学制品,其他化学制品,5.26,5.28,5.21
sz300214,日科化学,2024-03-05,5.19,5.21,5.08,5.11,5.24,1847295.0,9475249.0,2062211201.96,2381477757.54,118281609.78999996,-22824530.949999988,2579204979.83,3550761680.06,971556700.23,23957752.900000006,386.58,371.25,99.74,82.92,461.21,493.35,0.0,0.0,,,,,,,基础化工,化学制品,其他化学制品,5.16,5.2,5.17
sz300214,日科化学,2024-03-06,5.06,5.23,5.06,5.19,5.11,2191500.0,11312124.0,2094496308.84,2418761166.66,118281609.78999996,-22824530.949999988,2579204979.83,3550761680.06,971556700.23,23957752.900000006,346.75,499.7,224.24,156.68,507.8,474.83,52.42,0.0,,,,,,,基础化工,化学制品,其他化学制品,5.07,5.11,5.08
sz300214,日科化学,2024-03-07,5.19,5.4,5.17,5.24,5.19,3400750.0,17902516.0,2114674500.64,2442063297.36,118281609.78999996,-22824530.949999988,2579204979.83,3550761680.06,971556700.23,23957752.900000006,627.71,667.24,415.04,339.3,618.73,783.71,128.77,0.0,,,,,,,基础化工,化学制品,其他化学制品,5.19,5.23,5.22
sz300214,日科化学,2024-03-08,5.26,5.26,5.17,5.2,5.24,1279797.0,6669746.0,2098531947.2,2423421592.8,118281609.78999996,-22824530.949999988,2579204979.83,3550761680.06,971556700.23,23957752.900000006,320.68,129.81,20.92,33.25,325.37,503.91,0.0,0.0,,,,,,,基础化工,化学制品,其他化学制品,5.2,5.24,5.25
sz300214,日科化学,2024-03-11,5.21,5.27,5.18,5.23,5.2,1975500.0,10294926.0,2110638862.28,2437402871.2200003,118281609.78999996,-22824530.949999988,2579204979.83,3550761680.06,971556700.23,23957752.900000006,308.27,327.15,74.24,411.6,646.98,290.75,0.0,0.0,,,,,,,基础化工,化学制品,其他化学制品,5.24,5.21,5.21
sz300214,日科化学,2024-03-12,5.25,5.33,5.21,5.32,5.23,2494600.0,13178830.0,2146959607.52,2479346706.48,118281609.78999996,-22824530.949999988,2579204979.83,3550761680.06,971556700.23,23957752.900000006,406.1,587.59,323.45,190.44,588.33,539.85,0.0,0.0,,,,,,,基础化工,化学制品,其他化学制品,5.23,5.29,5.29
sz300214,日科化学,2024-03-13,5.39,5.79,5.38,5.54,5.32,8463868.0,47498032.0,2235743651.44,2581876081.56,118281609.78999996,-22824530.949999988,2579204979.83,3550761680.06,971556700.23,23957752.900000006,2019.53,1983.6,832.4,539.56,1897.87,2086.09,0.0,140.56,,,,,,,基础化工,化学制品,其他化学制品,5.59,5.65,5.73
sz300214,日科化学,2024-03-14,5.49,5.51,5.29,5.35,5.54,5227768.0,28191058.0,2159066522.6,2493327984.9,118281609.78999996,-22824530.949999988,2579204979.83,3550761680.06,971556700.23,23957752.900000006,1187.52,1081.84,421.55,521.18,1210.04,1216.08,0.0,0.0,,,,,,,基础化工,化学制品,其他化学制品,5.43,5.43,5.4
sz300214,日科化学,2024-03-15,5.33,5.51,5.28,5.5,5.35,3537997.0,19129825.0,2219601098.0,2563234377.0,118281609.78999996,-22824530.949999988,2579204979.83,3550761680.06,971556700.23,23957752.900000006,780.48,684.43,303.63,277.96,828.87,950.6,0.0,0.0,,,,,,,基础化工,化学制品,其他化学制品,5.32,5.28,5.32
sz300214,日科化学,2024-03-18,5.55,6.5,5.53,5.85,5.5,16457378.0,99917486.0,2360848440.6,2726349291.9,118281609.78999996,-22824530.949999988,2579204979.83,3550761680.06,971556700.23,23957752.900000006,4013.63,3491.33,1773.06,2589.07,3520.71,2910.25,684.35,1001.1,,,,,,,基础化工,化学制品,其他化学制品,6.32,5.96,5.89
sz300214,日科化学,2024-03-19,5.71,6.06,5.59,5.92,5.85,12659798.0,72399499.0,2389097909.12,2758972274.88,118281609.78999996,-22824530.949999988,2579204979.83,3550761680.06,971556700.23,23957752.900000006,3218.87,2621.16,998.81,1136.19,2849.35,2734.35,172.91,748.25,,,,,,,基础化工,化学制品,其他化学制品,5.65,5.64,5.7
sz300214,日科化学,2024-03-20,5.89,5.89,5.71,5.77,5.92,7355267.0,42617824.0,2328563333.72,2689065882.78,118281609.78999996,-22824530.949999988,2579204979.83,3550761680.06,971556700.23,23957752.900000006,1764.32,1607.0,792.85,604.81,1704.61,2049.97,0.0,0.0,,,,,,,基础化工,化学制品,其他化学制品,5.77,5.78,5.79
sz300214,日科化学,2024-03-21,5.75,5.78,5.6,5.67,5.77,5718497.0,32411847.0,2288206950.12,2642461621.38,118281609.78999996,-22824530.949999988,2579204979.83,3550761680.06,971556700.23,23957752.900000006,1448.73,1481.67,151.32,768.95,1504.56,990.57,136.58,0.0,,,,,,,基础化工,化学制品,其他化学制品,5.72,5.69,5.67
sz300214,日科化学,2024-03-22,5.63,5.71,5.56,5.6,5.67,3904600.0,21966967.0,2259957481.6,2609838638.4,118281609.78999996,-22824530.949999988,2579204979.83,3550761680.06,971556700.23,23957752.900000006,1039.25,840.93,291.78,365.92,865.67,989.85,0.0,0.0,,,,,,,基础化工,化学制品,其他化学制品,5.62,5.67,5.67
sz300214,日科化学,2024-03-25,5.57,5.66,5.52,5.58,5.6,3535900.0,19738043.0,2251886204.88,2600517786.12,118281609.78999996,-22824530.949999988,2579204979.83,3550761680.06,971556700.23,23957752.900000006,917.09,892.2,235.04,241.69,674.6,839.91,147.08,0.0,,,,,,,基础化工,化学制品,其他化学制品,5.55,5.56,5.53
sz300214,日科化学,2024-03-26,5.54,5.78,5.54,5.71,5.58,5026848.0,28451838.0,2304349503.56,2661103325.94,118281609.78999996,-22824530.949999988,2579204979.83,3550761680.06,971556700.23,23957752.900000006,1145.52,834.47,515.75,320.75,842.81,982.78,341.1,707.19,,,,,,,基础化工,化学制品,其他化学制品,5.66,5.66,5.64
sz300214,日科化学,2024-03-27,5.64,5.75,5.42,5.42,5.71,4150200.0,23139510.0,2187315991.12,2525950967.88,118281609.78999996,-22824530.949999988,2579204979.83,3550761680.06,971556700.23,23957752.900000006,775.05,1068.43,449.09,483.88,953.93,761.63,135.88,0.0,,,,,,,基础化工,化学制品,其他化学制品,5.63,5.64,5.59
sz300214,日科化学,2024-03-28,5.4,5.55,5.36,5.48,5.42,2602372.0,14269030.0,2211529821.28,2553913524.72,118281609.78999996,-22824530.949999988,2579204979.83,3550761680.06,971556700.23,23957752.900000006,557.68,606.09,234.35,225.04,634.88,595.77,0.0,0.0,,,,,,,基础化工,化学制品,其他化学制品,5.42,5.42,5.45
sz300214,日科化学,2024-03-29,5.47,5.58,5.46,5.56,5.48,2486000.0,13729438.0,2243814928.1600003,2591196933.84,118281609.78999996,-22824530.949999988,2579204979.83,3550761680.06,971556700.23,23957752.900000006,627.06,553.63,227.21,269.85,518.68,549.46,0.0,0.0,,,,,,,基础化工,化学制品,其他化学制品,5.51,5.53,5.51
sz300214,日科化学,2024-04-01,5.59,5.78,5.57,5.65,5.56,3842102.0,21714850.0,2280135673.4,2633140769.1,118281609.78999996,-22824530.949999988,2579204979.83,3550761680.06,971556700.23,23957752.900000006,783.7,793.22,532.73,536.18,694.88,739.73,160.17,102.36,,,,,,,基础化工,化学制品,其他化学制品,5.68,5.63,5.62
sz300214,日科化学,2024-04-02,5.68,5.78,5.63,5.7,5.65,4992700.0,28523725.0,2300313865.2,2656442899.8,118281609.78999996,-22824530.949999988,2579204979.83,3550761680.06,971556700.23,23957752.900000006,1202.62,1083.15,437.37,681.28,1212.38,917.34,0.0,170.6,,,,,,,基础化工,化学制品,其他化学制品,5.71,5.73,5.74
sz300214,日科化学,2024-04-03,5.7,5.79,5.65,5.75,5.7,4530700.0,25966610.0,2320492057.0,2679745030.5,118281609.78999996,-22824530.949999988,2579204979.83,3550761680.06,971556700.23,23957752.900000006,1184.02,1021.48,212.33,501.69,1200.31,924.13,0.0,149.36,,,,,,,基础化工,化学制品,其他化学制品,5.72,5.78,5.74
sz300214,日科化学,2024-04-08,5.75,5.75,5.55,5.56,5.75,2742686.0,15440186.0,2243814928.1600003,2591196933.84,118281609.78999996,-22824530.949999988,2579204979.83,3550761680.06,971556700.23,23957752.900000006,439.99,619.49,195.14,267.15,908.89,657.37,0.0,0.0,,,,,,,基础化工,化学制品,其他化学制品,5.69,5.66,5.64
sz300214,日科化学,2024-04-09,5.59,5.72,5.55,5.71,5.56,2530386.0,14346031.0,2304349503.56,2661103325.94,118281609.78999996,-22824530.949999988,2579204979.83,3550761680.06,971556700.23,23957752.900000006,624.61,532.58,101.74,116.95,708.24,785.07,0.0,0.0,,,,,,,基础化工,化学制品,其他化学制品,5.61,5.62,5.61
sz300214,日科化学,2024-04-10,5.73,5.75,5.5,5.55,5.71,2789000.0,15603356.0,2239779289.8,2586536507.7000003,118281609.78999996,-22824530.949999988,2579204979.83,3550761680.06,971556700.23,23957752.900000006,599.37,645.59,101.97,311.06,859.0,603.68,0.0,0.0,,,,,,,基础化工,化学制品,其他化学制品,5.73,5.68,5.65
sz300214,日科化学,2024-04-11,5.53,5.67,5.51,5.58,5.55,1731400.0,9686928.0,2251886204.88,2600517786.12,118281609.78999996,-22824530.949999988,2579204979.83,3550761680.06,971556700.23,23957752.900000006,349.12,472.27,71.09,0.0,548.49,496.42,0.0,0.0,,,,,,,基础化工,化学制品,其他化学制品,5.56,5.57,5.58
sz300214,日科化学,2024-04-12,5.59,5.67,5.52,5.55,5.58,2463800.0,13762630.0,2239779289.8,2586536507.7000003,118281609.78999996,-22824530.949999988,2579204979.83,3550761680.06,971556700.23,23957752.900000006,480.38,488.16,219.59,238.14,676.29,649.96,0.0,0.0,,,,,,,基础化工,化学制品,其他化学制品,5.61,5.61,5.58
sz300214,日科化学,2024-04-15,5.49,5.6,5.22,5.28,5.55,4862101.0,25985729.0,2130817054.08,2460705001.92,118281609.78999996,-22824530.949999988,2579204979.83,3550761680.06,971556700.23,23957752.900000006,1000.66,793.75,464.42,606.78,1133.49,1198.05,0.0,0.0,,,,,,,基础化工,化学制品,其他化学制品,5.52,5.32,5.29
sz300214,日科化学,2024-04-16,5.28,6.24,5.23,5.8,5.28,23807802.0,139431089.0,2340670248.8,2703047161.2,118281609.78999996,-22824530.949999988,2579204979.83,3550761680.06,971556700.23,23957752.900000006,5046.41,5336.29,3537.47,3332.96,4456.88,4560.29,902.35,713.56,,,,,,,基础化工,化学制品,其他化学制品,5.97,5.77,5.68
sz300214,日科化学,2024-04-17,5.39,6.23,5.28,6.04,5.8,24389986.0,141557253.0,2437525569.44,2814897388.56,118281609.78999996,-22824530.949999988,2579204979.83,3550761680.06,971556700.23,23957752.900000006,6286.05,5226.27,2478.07,3563.37,5037.24,4880.0,354.36,486.09,,,,,,,基础化工,化学制品,其他化学制品,5.57,5.74,5.84
sz300214,日科化学,2024-04-18,5.87,5.98,5.72,5.78,6.04,14268130.0,82767377.0,2332598972.08,2693726308.92,118281609.78999996,-22824530.949999988,2579204979.83,3550761680.06,971556700.23,23957752.900000006,3568.54,3560.76,1261.73,1510.1,3446.47,3205.88,0.0,0.0,,,,,,,基础化工,化学制品,其他化学制品,5.82,5.8,5.91
sz300214,日科化学,2024-04-19,5.69,6.1,5.4,6.05,5.78,19262164.0,111882473.0,2441561207.8,2819557814.7,118281609.78999996,-22824530.949999988,2579204979.83,3550761680.06,971556700.23,23957752.900000006,4969.96,4806.89,2128.25,2575.36,3964.44,3805.99,125.61,0.0,,,,,,,基础化工,化学制品,其他化学制品,5.51,5.57,5.68
sz300214,日科化学,2024-04-22,5.94,6.03,5.76,5.91,6.05,12038112.0,70604978.0,2385062270.76,2754311848.74,118281609.78999996,-22824530.949999988,2579204979.83,3550761680.06,971556700.23,23957752.900000006,3196.34,2768.22,1035.45,1503.39,2827.0,2788.88,1.71,0.0,,,,,,,基础化工,化学制品,其他化学制品,5.91,5.9,5.84
sz300214,日科化学,2024-04-23,5.83,5.87,5.63,5.63,5.91,9347400.0,53403264.0,2272064396.68,2623819916.82,118281609.78999996,-22824530.949999988,2579204979.83,3550761680.06,971556700.23,23957752.900000006,2429.7,2246.81,648.06,1163.87,2262.57,1877.98,0.0,51.67,,,,,,,基础化工,化学制品,其他化学制品,5.8,5.82,5.78
sz300214,日科化学,2024-04-24,5.62,5.62,5.45,5.52,5.63,8712200.0,47863950.0,2227672374.7200003,2572555229.28,118281609.78999996,-22824530.949999988,2579204979.83,3550761680.06,971556700.23,23957752.900000006,2290.19,1952.15,557.0,1385.91,1939.21,1448.34,0.0,0.0,,,,,,,基础化工,化学制品,其他化学制品,5.5,5.5,5.47
sz300214,日科化学,2024-04-25,5.45,5.68,5.45,5.55,5.52,5655000.0,31556848.0,2239779289.8,2586536507.7000003,118281609.78999996,-22824530.949999988,2579204979.83,3550761680.06,971556700.23,23957752.900000006,1637.32,1390.73,277.32,418.57,1241.05,1346.38,0.0,0.0,,,,,,,基础化工,化学制品,其他化学制品,5.57,5.53,5.54
sz300214,日科化学,2024-04-26,5.52,5.52,5.35,5.46,5.55,7524724.0,40786529.0,2203458544.56,2544592672.44,118281609.78999996,-22824530.949999988,2579204979.83,3550761680.06,971556700.23,23957752.900000006,1855.83,1722.7,645.26,705.37,1577.56,1650.58,0.0,0.0,,,,,,,基础化工,化学制品,其他化学制品,5.41,5.4,5.41
sz300214,日科化学,2024-04-29,5.37,5.66,5.32,5.64,5.46,8699500.0,48180291.0,2276100035.04,2628480342.96,58191088.82,-184115220.98,2572189326.25,4394040393.49,1821851067.24,-8713724.13,1981.54,2161.68,1354.19,894.23,1482.3,1637.93,0.0,124.19,,,,,,,基础化工,化学制品,其他化学制品,5.44,5.43,5.45
sz300214,日科化学,2024-04-30,5.63,5.85,5.59,5.78,5.64,9610792.0,55008681.0,2332598972.08,2693726308.92,58191088.82,-184115220.98,2572189326.25,4394040393.49,1821851067.24,-8713724.13,2915.56,2351.59,846.73,892.58,1738.58,2256.69,0.0,0.0,,,,,,,基础化工,化学制品,其他化学制品,5.62,5.61,5.66
sz300214,日科化学,2024-05-06,5.79,6.19,5.71,6.03,5.78,12474700.0,74425128.0,2433489931.08,2810236962.42,58191088.82,-184115220.98,2572189326.25,4394040393.49,1821851067.24,-8713724.13,3231.41,3130.09,1522.59,1625.3,2364.95,2506.68,323.56,180.45,,,,,,,基础化工,化学制品,其他化学制品,5.8,5.75,5.74
sz300214,日科化学,2024-05-07,6.0,6.21,5.93,6.14,6.03,13725997.0,83092313.0,2477881953.04,2861501649.96,58191088.82,-184115220.98,2572189326.25,4394040393.49,1821851067.24,-8713724.13,3434.19,3526.64,1703.6,2098.96,3171.44,2502.54,0.0,181.09,,,,,,,基础化工,化学制品,其他化学制品,6.05,6.03,5.99
sz300214,日科化学,2024-05-08,6.07,6.14,5.87,5.91,6.14,10097300.0,60310970.0,2385062270.76,2754311848.74,58191088.82,-184115220.98,2572189326.25,4394040393.49,1821851067.24,-8713724.13,2760.49,2256.46,708.49,1813.78,2562.12,1588.41,0.0,372.45,,,,,,,基础化工,化学制品,其他化学制品,6.11,6.01,6.06
sz300214,日科化学,2024-05-09,5.94,6.01,5.84,5.87,5.91,6690175.0,39568586.0,2368919717.32,2735670144.18,58191088.82,-184115220.98,2572189326.25,4394040393.49,1821851067.24,-8713724.13,1750.01,1690.36,918.82,861.37,1255.12,1405.13,32.91,0.0,,,,,,,基础化工,化学制品,其他化学制品,5.9,5.92,5.97
sz300214,日科化学,2024-05-10,5.83,6.12,5.76,5.93,5.87,9439800.0,55892751.0,2393133547.48,2763632701.02,58191088.82,-184115220.98,2572189326.25,4394040393.49,1821851067.24,-8713724.13,2235.62,2428.77,1046.15,962.93,1886.39,2197.57,421.11,0.0,,,,,,,基础化工,化学制品,其他化学制品,5.84,5.83,5.81
sz300214,日科化学,2024-05-13,5.84,6.02,5.74,5.81,5.93,6428921.0,37491724.0,2344705887.16,2707707587.34,58191088.82,-184115220.98,2572189326.25,4394040393.49,1821851067.24,-8713724.13,1748.73,1677.05,813.87,240.14,1186.57,1716.71,0.0,115.28,,,,,,,基础化工,化学制品,其他化学制品,5.77,5.76,5.83
sz300214,日科化学,2024-05-14,5.72,5.9,5.72,5.77,5.81,4188700.0,24324672.0,2328563333.72,2689065882.78,58191088.82,-184115220.98,2572189326.25,4394040393.49,1821851067.24,-8713724.13,1209.07,1189.02,440.67,377.31,782.73,866.13,0.0,0.0,,,,,,,基础化工,化学制品,其他化学制品,5.8,5.89,5.81
sz300214,日科化学,2024-05-15,5.77,5.83,5.67,5.67,5.77,4616200.0,26452281.0,2288206950.12,2642461621.38,58191088.82,-184115220.98,2572189326.25,4394040393.49,1821851067.24,-8713724.13,1389.99,1137.28,253.56,617.38,1001.68,890.56,0.0,0.0,,,,,,,基础化工,化学制品,其他化学制品,5.72,5.68,5.69
sz300214,日科化学,2024-05-16,5.68,5.73,5.63,5.64,5.67,2770450.0,15720212.0,2276100035.04,2628480342.96,58191088.82,-184115220.98,2572189326.25,4394040393.49,1821851067.24,-8713724.13,755.85,757.45,243.64,297.83,572.53,516.75,0.0,0.0,,,,,,,基础化工,化学制品,其他化学制品,5.72,5.72,5.71
sz300214,日科化学,2024-05-17,5.64,5.79,5.62,5.79,5.64,3216000.0,18397678.0,2336634610.44,2698386735.0600004,58191088.82,-184115220.98,2572189326.25,4394040393.49,1821851067.24,-8713724.13,938.97,910.44,370.9,186.87,529.9,742.45,0.0,0.0,,,,,,,基础化工,化学制品,其他化学制品,5.63,5.66,5.71
sz300214,日科化学,2024-05-20,5.79,5.88,5.78,5.79,5.79,3014200.0,17554414.0,2336634610.44,2698386735.0600004,58191088.82,-184115220.98,2572189326.25,4394040393.49,1821851067.24,-8713724.13,769.46,872.49,211.63,309.03,774.36,573.92,0.0,0.0,,,,,,,基础化工,化学制品,其他化学制品,5.82,5.85,5.88
sz300214,日科化学,2024-05-21,5.79,5.83,5.61,5.64,5.79,2979900.0,16922526.0,2276100035.04,2628480342.96,58191088.82,-184115220.98,2572189326.25,4394040393.49,1821851067.24,-8713724.13,789.83,792.94,122.83,304.78,779.6,594.52,0.0,0.0,,,,,,,基础化工,化学制品,其他化学制品,5.75,5.74,5.72
sz300214,日科化学,2024-05-22,5.61,5.67,5.55,5.61,5.64,3356619.0,18810341.0,2263993119.96,2614499064.54,58191088.82,-184115220.98,2572189326.25,4394040393.49,1821851067.24,-8713724.13,670.75,585.04,391.74,237.83,711.86,553.36,106.68,504.8,,,,,,,基础化工,化学制品,其他化学制品,5.65,5.65,5.65
sz300214,日科化学,2024-05-23,5.59,5.59,5.39,5.42,5.61,3671200.0,20057678.0,2187315991.12,2525950967.88,58191088.82,-184115220.98,2572189326.25,4394040393.49,1821851067.24,-8713724.13,936.35,732.54,191.63,537.71,877.8,608.84,0.0,126.67,,,,,,,基础化工,化学制品,其他化学制品,5.55,5.53,5.51
sz300214,日科化学,2024-05-24,5.38,5.49,5.38,5.4,5.42,1991100.0,10791461.0,2179244714.4,2516630115.6,58191088.82,-184115220.98,2572189326.25,4394040393.49,1821851067.24,-8713724.13,445.02,347.05,133.75,305.39,500.38,424.25,0.0,2.46,,,,,,,基础化工,化学制品,其他化学制品,5.44,5.47,5.44
sz300214,日科化学,2024-05-27,5.39,6.48,5.39,6.32,5.4,46301035.0,289799045.0,2550523443.52,2945389320.48,58191088.82,-184115220.98,2572189326.25,4394040393.49,1821851067.24,-8713724.13,7745.85,9774.42,6320.57,7355.84,5129.58,6568.71,9783.91,5280.93,,,,,,,基础化工,化学制品,其他化学制品,5.58,5.49,5.82
sz300214,日科化学,2024-05-28,5.97,6.63,5.94,6.17,6.32,42497511.0,264748660.0,2489988868.12,2875482928.38,58191088.82,-184115220.98,2572189326.25,4394040393.49,1821851067.24,-8713724.13,10669.18,8357.75,4738.88,6375.38,9372.29,7621.68,1694.51,4120.05,,,,,,,基础化工,化学制品,其他化学制品,6.07,6.51,6.42
sz300214,日科化学,2024-05-29,6.11,6.16,5.84,5.89,6.17,26101320.0,154711795.0,2376990994.04,2744990996.46,58191088.82,-184115220.98,2572189326.25,4394040393.49,1821851067.24,-8713724.13,5555.7,5575.72,2369.23,4014.28,7040.85,5104.79,505.39,776.39,,,,,,,基础化工,化学制品,其他化学制品,5.97,5.99,5.9
sz300214,日科化学,2024-05-30,5.81,6.24,5.61,5.65,5.89,20619772.0,119910339.0,2280135673.4,2633140769.1,58191088.82,-184115220.98,2572189326.25,4394040393.49,1821851067.24,-8713724.13,4853.43,4720.48,2829.13,2068.55,4308.47,5202.01,0.0,0.0,,,,,,,基础化工,化学制品,其他化学制品,6.12,5.93,5.89
sz300214,日科化学,2024-05-31,5.58,5.93,5.51,5.69,5.65,17233801.0,98327960.0,2296278226.84,2651782473.6600003,58191088.82,-184115220.98,2572189326.25,4394040393.49,1821851067.24,-8713724.13,4581.88,4372.59,1527.42,1405.48,3608.55,4054.72,114.94,0.0,,,,,,,基础化工,化学制品,其他化学制品,5.6,5.57,5.82
sz300214,日科化学,2024-06-03,5.65,5.71,5.36,5.44,5.69,14767100.0,80925651.0,2195387267.84,2535271820.16,58191088.82,-184115220.98,2572189326.25,4394040393.49,1821851067.24,-8713724.13,3600.86,3486.8,1515.65,1851.17,2976.05,2754.6,0.0,0.0,,,,,,,基础化工,化学制品,其他化学制品,5.53,5.52,5.51
sz300214,日科化学,2024-06-04,5.38,5.4,5.1,5.18,5.44,9786662.0,50751371.0,2090460670.48,2414100740.52,58191088.82,-184115220.98,2572189326.25,4394040393.49,1821851067.24,-8713724.13,2264.47,2294.0,1016.4,990.01,1794.27,1791.13,0.0,0.0,,,,,,,基础化工,化学制品,其他化学制品,5.3,5.15,5.17
sz300214,日科化学,2024-06-05,5.21,5.26,5.08,5.14,5.18,5321500.0,27416148.0,2074318117.04,2395459035.96,58191088.82,-184115220.98,2572189326.25,4394040393.49,1821851067.24,-8713724.13,1043.52,1151.2,531.32,521.9,1155.85,1068.52,10.93,0.0,,,,,,,基础化工,化学制品,其他化学制品,5.15,5.15,5.14
sz300214,日科化学,2024-06-06,5.08,5.19,4.91,4.91,5.14,6777261.0,34036524.0,1981498434.76,2288269234.74,58191088.82,-184115220.98,2572189326.25,4394040393.49,1821851067.24,-8713724.13,1414.67,1361.04,524.87,818.56,1225.38,1104.89,238.73,119.16,,,,,,,基础化工,化学制品,其他化学制品,5.18,5.11,5.14
sz300214,日科化学,2024-06-07,4.98,5.14,4.97,5.13,4.91,4163461.0,21130456.0,2070282478.68,2390798609.82,58191088.82,-184115220.98,2572189326.25,4394040393.49,1821851067.24,-8713724.13,849.14,910.63,215.83,275.91,1048.08,926.51,0.0,0.0,,,,,,,基础化工,化学制品,其他化学制品,5.02,5.1,5.07
sz300214,日科化学,2024-06-11,5.09,5.19,5.08,5.14,5.13,3381050.0,17358060.0,2074318117.04,2395459035.96,58191088.82,-184115220.98,2572189326.25,4394040393.49,1821851067.24,-8713724.13,700.24,694.04,289.49,134.19,746.08,907.57,0.0,0.0,,,,,,,基础化工,化学制品,其他化学制品,5.14,5.15,5.15
sz300214,日科化学,2024-06-12,5.12,5.21,5.1,5.18,5.14,2795400.0,14457589.0,2090460670.48,2414100740.52,58191088.82,-184115220.98,2572189326.25,4394040393.49,1821851067.24,-8713724.13,587.89,696.45,263.91,172.76,593.96,576.55,0.0,0.0,,,,,,,基础化工,化学制品,其他化学制品,5.17,5.15,5.15
sz300214,日科化学,2024-06-13,5.18,5.2,5.03,5.06,5.18,3799800.0,19301457.0,2042033010.16,2358175626.84,58191088.82,-184115220.98,2572189326.25,4394040393.49,1821851067.24,-8713724.13,962.71,928.74,88.7,261.13,878.74,740.28,0.0,0.0,,,,,,,基础化工,化学制品,其他化学制品,5.16,5.13,5.1
sz300214,日科化学,2024-06-14,5.06,5.15,5.01,5.13,5.06,2498900.0,12744711.0,2070282478.68,2390798609.82,58191088.82,-184115220.98,2572189326.25,4394040393.49,1821851067.24,-8713724.13,598.21,531.4,172.5,61.03,503.76,682.04,0.0,0.0,,,,,,,基础化工,化学制品,其他化学制品,5.05,5.09,5.1
sz300214,日科化学,2024-06-17,5.08,5.18,5.07,5.09,5.13,2161300.0,11063247.0,2054139925.24,2372156905.26,58191088.82,-184115220.98,2572189326.25,4394040393.49,1821851067.24,-8713724.13,392.91,476.86,137.47,170.25,575.95,459.22,0.0,0.0,,,,,,,基础化工,化学制品,其他化学制品,5.09,5.11,5.15
sz300214,日科化学,2024-06-18,5.12,5.26,5.08,5.2,5.09,4002900.0,20740580.0,2098531947.2,2423421592.8,58191088.82,-184115220.98,2572189326.25,4394040393.49,1821851067.24,-8713724.13,1094.74,938.2,345.97,381.4,633.34,754.46,0.0,0.0,,,,,,,基础化工,化学制品,其他化学制品,5.12,5.11,5.09
sz300214,日科化学,2024-06-19,5.24,5.37,5.18,5.31,5.2,4109100.0,21728652.0,2142923969.16,2474686280.34,58191088.82,-184115220.98,2572189326.25,4394040393.49,1821851067.24,-8713724.13,1161.87,994.64,300.99,158.95,710.01,1019.27,0.0,0.0,,,,,,,基础化工,化学制品,其他化学制品,5.19,5.19,5.22
sz300214,日科化学,2024-06-20,5.49,6.37,5.49,5.92,5.31,30942725.0,186820658.0,2389097909.12,2758972274.88,58191088.82,-184115220.98,2572189326.25,4394040393.49,1821851067.24,-8713724.13,6624.12,6929.37,4516.82,5285.95,5581.59,4975.23,1959.54,1491.51,,,,,,,基础化工,化学制品,其他化学制品,6.19,6.0,6.03
sz300214,日科化学,2024-06-21,5.63,5.8,5.45,5.67,5.92,18172626.0,101704770.0,2288206950.12,2642461621.38,58191088.82,-184115220.98,2572189326.25,4394040393.49,1821851067.24,-8713724.13,4312.51,3692.73,1724.32,2331.3,3643.39,4035.45,490.25,111.0,,,,,,,基础化工,化学制品,其他化学制品,5.48,5.6,5.65
sz300214,日科化学,2024-06-24,5.62,5.62,5.25,5.28,5.67,11932401.0,64040001.0,2130817054.08,2460705001.92,58191088.82,-184115220.98,2572189326.25,4394040393.49,1821851067.24,-8713724.13,2921.01,2821.08,962.73,963.39,2520.26,2156.88,0.0,462.65,,,,,,,基础化工,化学制品,其他化学制品,5.44,5.41,5.39
sz300214,日科化学,2024-06-25,5.25,5.33,5.1,5.18,5.28,7585300.0,39485617.0,2090460670.48,2414100740.52,58191088.82,-184115220.98,2572189326.25,4394040393.49,1821851067.24,-8713724.13,1596.57,1742.21,671.64,724.4,1680.34,1276.49,0.0,205.46,,,,,,,基础化工,化学制品,其他化学制品,5.22,5.2,5.3
sz300214,日科化学,2024-06-26,5.18,5.4,5.11,5.38,5.18,6542539.0,34408276.0,2171173437.68,2507309263.32,58191088.82,-184115220.98,2572189326.25,4394040393.49,1821851067.24,-8713724.13,1341.78,1682.67,841.14,290.81,1151.51,1467.35,106.39,0.0,,,,,,,基础化工,化学制品,其他化学制品,5.12,5.15,5.18
sz300214,日科化学,2024-06-27,5.32,5.67,5.32,5.39,5.38,8008300.0,43669501.0,2175209076.04,2511969689.46,58191088.82,-184115220.98,2572189326.25,4394040393.49,1821851067.24,-8713724.13,1857.5,1879.99,597.38,577.29,1669.98,1800.89,242.1,108.78,,,,,,,基础化工,化学制品,其他化学制品,5.38,5.36,5.35
sz300214,日科化学,2024-06-28,5.52,5.52,5.36,5.39,5.39,5697304.0,30913069.0,2175209076.04,2511969689.46,58191088.82,-184115220.98,2572189326.25,4394040393.49,1821851067.24,-8713724.13,1496.01,1520.13,211.99,473.75,1265.17,1097.43,118.14,0.0,,,,,,,基础化工,化学制品,其他化学制品,5.45,5.43,5.43
sz300214,日科化学,2024-07-01,5.35,5.43,5.29,5.43,5.39,3932200.0,21017960.0,2191351629.48,2530611394.02,58191088.82,-184115220.98,2572189326.25,4394040393.49,1821851067.24,-8713724.13,977.84,1097.93,211.76,163.06,912.19,840.8,0.0,0.0,,,,,,,基础化工,化学制品,其他化学制品,5.37,5.31,5.32
sz300214,日科化学,2024-07-02,5.49,5.66,5.43,5.49,5.43,6343112.0,34934128.0,2215565459.64,2558573950.86,58191088.82,-184115220.98,2572189326.25,4394040393.49,1821851067.24,-8713724.13,1507.34,1250.38,696.05,504.01,1290.02,1381.51,0.0,357.51,,,,,,,基础化工,化学制品,其他化学制品,5.6,5.55,5.52
sz300214,日科化学,2024-07-03,5.53,5.53,5.3,5.35,5.49,4569900.0,24601343.0,2159066522.6,2493327984.9,58191088.82,-184115220.98,2572189326.25,4394040393.49,1821851067.24,-8713724.13,1120.42,1113.9,166.5,448.86,1173.21,769.19,0.0,128.18,,,,,,,基础化工,化学制品,其他化学制品,5.4,5.42,5.44
sz300214,日科化学,2024-07-04,5.31,5.39,5.21,5.23,5.35,3188400.0,16815423.0,2110638862.28,2437402871.2200003,58191088.82,-184115220.98,2572189326.25,4394040393.49,1821851067.24,-8713724.13,563.14,898.9,238.59,131.9,879.81,650.74,0.0,0.0,,,,,,,基础化工,化学制品,其他化学制品,5.34,5.32,5.29
sz300214,日科化学,2024-07-05,5.21,5.35,5.2,5.35,5.23,2696600.0,14294208.0,2159066522.6,2493327984.9,58191088.82,-184115220.98,2572189326.25,4394040393.49,1821851067.24,-8713724.13,604.44,707.77,79.38,35.13,745.61,686.52,0.0,0.0,,,,,,,基础化工,化学制品,其他化学制品,5.22,5.26,5.3
sz300214,日科化学,2024-07-08,5.36,5.47,5.28,5.29,5.35,4231095.0,22691836.0,2134852692.44,2465365428.06,58191088.82,-184115220.98,2572189326.25,4394040393.49,1821851067.24,-8713724.13,1145.67,901.21,290.85,269.55,832.67,996.97,0.0,101.45,,,,,,,基础化工,化学制品,其他化学制品,5.32,5.3,5.36
sz300214,日科化学,2024-07-09,5.27,5.46,5.25,5.45,5.29,5062900.0,27199144.0,2199422906.2000003,2539932246.3,58191088.82,-184115220.98,2572189326.25,4394040393.49,1821851067.24,-8713724.13,1248.43,1326.52,460.1,329.38,1011.38,1064.01,0.0,0.0,,,,,,,基础化工,化学制品,其他化学制品,5.33,5.35,5.33
sz300214,日科化学,2024-07-10,5.45,5.5,5.36,5.4,5.45,3503600.0,19008646.0,2179244714.4,2516630115.6,58191088.82,-184115220.98,2572189326.25,4394040393.49,1821851067.24,-8713724.13,803.71,864.06,425.93,359.21,671.23,677.59,0.0,0.0,,,,,,,基础化工,化学制品,其他化学制品,5.43,5.44,5.42
sz300214,日科化学,2024-07-11,5.46,5.54,5.42,5.53,5.4,4785488.0,26234922.0,2231708013.08,2577215655.42,58191088.82,-184115220.98,2572189326.25,4394040393.49,1821851067.24,-8713724.13,1121.83,1200.13,504.99,471.97,996.68,951.39,0.0,0.0,,,,,,,基础化工,化学制品,其他化学制品,5.45,5.43,5.43
sz300214,日科化学,2024-07-12,5.54,5.55,5.43,5.47,5.53,3453200.0,18900692.0,2207494182.92,2549253098.58,58191088.82,-184115220.98,2572189326.25,4394040393.49,1821851067.24,-8713724.13,789.11,871.31,187.69,295.25,913.26,723.51,0.0,0.0,,,,,,,基础化工,化学制品,其他化学制品,5.53,5.51,5.49
sz300214,日科化学,2024-07-15,5.45,5.47,5.33,5.35,5.47,2901535.0,15596232.0,2159066522.6,2493327984.9,58191088.82,-184115220.98,2572189326.25,4394040393.49,1821851067.24,-8713724.13,638.34,699.87,271.87,434.53,649.41,425.22,0.0,0.0,,,,,,,基础化工,化学制品,其他化学制品,5.4,5.4,5.39
sz300214,日科化学,2024-07-16,5.36,5.36,5.2,5.26,5.35,3184300.0,16743806.0,2122745777.36,2451384149.64,58191088.82,-184115220.98,2572189326.25,4394040393.49,1821851067.24,-8713724.13,741.4,576.86,153.62,507.24,779.36,590.29,0.0,0.0,,,,,,,基础化工,化学制品,其他化学制品,5.36,5.34,5.31
sz300214,日科化学,2024-07-17,5.25,5.26,5.12,5.12,5.22,2570700.0,13293100.0,2066246840.32,2386138183.6800003,58191088.82,-184115220.98,2572189326.25,4394040393.49,1821851067.24,-8713724.13,574.39,706.56,101.7,300.43,653.22,322.31,0.0,0.0,,,,,,,基础化工,化学制品,其他化学制品,5.21,5.19,5.18
sz300214,日科化学,2024-07-18,5.13,5.17,5.04,5.17,5.12,2140300.0,10901244.0,2086425032.12,2409440314.38,58191088.82,-184115220.98,2572189326.25,4394040393.49,1821851067.24,-8713724.13,551.54,418.86,0.0,230.46,538.59,440.8,0.0,0.0,,,,,,,基础化工,化学制品,其他化学制品,5.07,5.09,5.07
sz300214,日科化学,2024-07-19,5.17,5.2,5.08,5.12,5.17,2115400.0,10863966.0,2066246840.32,2386138183.6800003,58191088.82,-184115220.98,2572189326.25,4394040393.49,1821851067.24,-8713724.13,432.78,459.24,205.5,190.93,448.11,436.22,0.0,0.0,,,,,,,基础化工,化学制品,其他化学制品,5.14,5.13,5.12
sz300214,日科化学,2024-07-22,5.13,5.15,5.09,5.14,5.12,1331500.0,6818397.0,2074318117.04,2395459035.96,58191088.82,-184115220.98,2572189326.25,4394040393.49,1821851067.24,-8713724.13,275.04,332.39,86.97,96.31,319.83,253.13,0.0,0.0,,,,,,,基础化工,化学制品,其他化学制品,5.12,5.11,5.11
sz300214,日科化学,2024-07-23,5.16,5.27,5.11,5.13,5.14,2654000.0,13787219.0,2070282478.68,2390798609.82,58191088.82,-184115220.98,2572189326.25,4394040393.49,1821851067.24,-8713724.13,627.55,542.02,245.14,162.23,506.04,674.47,0.0,0.0,,,,,,,基础化工,化学制品,其他化学制品,5.24,5.23,5.21
sz300214,日科化学,2024-07-24,5.12,5.36,5.1,5.32,5.13,4377600.0,22897518.0,2146959607.52,2479346706.48,58191088.82,-184115220.98,2572189326.25,4394040393.49,1821851067.24,-8713724.13,1160.72,1106.96,345.51,169.28,783.52,1013.51,0.0,0.0,,,,,,,基础化工,化学制品,其他化学制品,5.14,5.12,5.13
sz300214,日科化学,2024-07-25,5.22,5.36,5.22,5.3,5.32,3360400.0,17726993.0,2138888330.8,2470025854.2,58191088.82,-184115220.98,2572189326.25,4394040393.49,1821851067.24,-8713724.13,969.69,606.33,142.98,414.7,660.02,751.67,0.0,0.0,,,,,,,基础化工,化学制品,其他化学制品,5.25,5.29,5.31
sz300214,日科化学,2024-07-26,5.3,5.35,5.27,5.34,5.3,3270500.0,17397197.0,2155030884.24,2488667558.76,58191088.82,-184115220.98,2572189326.25,4394040393.49,1821851067.24,-8713724.13,844.7,797.68,274.54,357.92,620.48,584.12,0.0,0.0,,,,,,,基础化工,化学制品,其他化学制品,5.33,5.33,5.33
sz300214,日科化学,2024-07-29,5.3,5.33,5.25,5.3,5.34,2292500.0,12105967.0,2138888330.8,2470025854.2,58191088.82,-184115220.98,2572189326.25,4394040393.49,1821851067.24,-8713724.13,637.89,602.29,92.14,112.19,480.56,496.12,0.0,0.0,,,,,,,基础化工,化学制品,其他化学制品,5.26,5.28,5.29
sz300214,日科化学,2024-07-30,5.3,5.31,5.23,5.27,5.3,2463000.0,12974968.0,2126781415.72,2456044575.78,58191088.82,-184115220.98,2572189326.25,4394040393.49,1821851067.24,-8713724.13,590.01,640.01,223.01,274.32,484.48,383.17,0.0,0.0,,,,,,,基础化工,化学制品,其他化学制品,5.26,5.24,5.24
sz300214,日科化学,2024-07-31,5.26,5.38,5.23,5.38,5.27,3507300.0,18706158.0,2171173437.68,2507309263.32,58191088.82,-184115220.98,2572189326.25,4394040393.49,1821851067.24,-8713724.13,813.21,1093.2,378.26,202.59,679.15,574.82,0.0,0.0,,,,,,,基础化工,化学制品,其他化学制品,5.23,5.28,5.3
sz300214,日科化学,2024-08-01,5.38,5.41,5.32,5.33,5.38,2674600.0,14324750.0,2150995245.88,2484007132.62,58191088.82,-184115220.98,2572189326.25,4394040393.49,1821851067.24,-8713724.13,598.37,733.91,211.52,177.97,622.59,520.59,0.0,0.0,,,,,,,基础化工,化学制品,其他化学制品,5.38,5.38,5.36
sz300214,日科化学,2024-08-02,5.3,5.43,5.29,5.38,5.33,3902800.0,20996436.0,2171173437.68,2507309263.32,58191088.82,-184115220.98,2572189326.25,4394040393.49,1821851067.24,-8713724.13,920.55,1004.43,376.32,431.42,802.77,663.79,0.0,0.0,,,,,,,基础化工,化学制品,其他化学制品,5.33,5.35,5.37
sz300214,日科化学,2024-08-05,5.39,5.47,5.17,5.19,5.38,5407135.0,28745045.0,2094496308.84,2418761166.66,58191088.82,-184115220.98,2572189326.25,4394040393.49,1821851067.24,-8713724.13,1409.31,1239.51,312.49,701.89,1152.71,857.88,0.0,75.22,,,,,,,基础化工,化学制品,其他化学制品,5.47,5.42,5.42
sz300214,日科化学,2024-08-06,5.19,5.28,5.19,5.25,5.19,2220700.0,11605046.0,2118710139.0,2446723723.5,58191088.82,-184115220.98,2572189326.25,4394040393.49,1821851067.24,-8713724.13,531.06,464.54,133.62,259.61,495.83,436.35,0.0,0.0,,,,,,,基础化工,化学制品,其他化学制品,5.22,5.21,5.24
sz300214,日科化学,2024-08-07,5.29,5.29,5.21,5.24,5.25,1584000.0,8328084.0,2114674500.64,2442063297.36,58191088.82,-184115220.98,2572189326.25,4394040393.49,1821851067.24,-8713724.13,388.69,388.78,47.14,91.86,396.97,352.16,0.0,0.0,,,,,,,基础化工,化学制品,其他化学制品,5.24,5.25,5.27
sz300214,日科化学,2024-08-08,5.2,5.27,5.19,5.23,5.24,2169600.0,11345482.0,2110638862.28,2437402871.2200003,58191088.82,-184115220.98,2572189326.25,4394040393.49,1821851067.24,-8713724.13,513.81,500.71,170.98,270.45,449.76,363.39,0.0,0.0,,,,,,,基础化工,化学制品,其他化学制品,5.24,5.25,5.22
sz300214,日科化学,2024-08-09,5.24,5.28,5.2,5.2,5.23,1598600.0,8385595.0,2098531947.2,2423421592.8,58191088.82,-184115220.98,2572189326.25,4394040393.49,1821851067.24,-8713724.13,360.2,383.52,142.82,154.94,335.53,300.1,0.0,0.0,,,,,,,基础化工,化学制品,其他化学制品,5.28,5.26,5.27
sz300214,日科化学,2024-08-12,5.2,5.25,5.16,5.21,5.2,1753400.0,9122195.0,2102567585.56,2428082018.94,58191088.82,-184115220.98,2572189326.25,4394040393.49,1821851067.24,-8713724.13,476.72,457.08,49.74,122.09,385.75,333.05,0.0,0.0,,,,,,,基础化工,化学制品,其他化学制品,5.19,5.19,5.2
sz300214,日科化学,2024-08-13,5.24,5.25,5.16,5.25,5.21,1532000.0,7981998.0,2118710139.0,2446723723.5,58191088.82,-184115220.98,2572189326.25,4394040393.49,1821851067.24,-8713724.13,363.72,347.5,76.74,93.28,357.74,357.42,0.0,0.0,,,,,,,基础化工,化学制品,其他化学制品,5.19,5.19,5.18
sz300214,日科化学,2024-08-14,5.22,5.27,5.21,5.24,5.25,1710700.0,8965524.0,2114674500.64,2442063297.36,58191088.82,-184115220.98,2572189326.25,4394040393.49,1821851067.24,-8713724.13,414.83,475.65,133.39,97.07,348.33,323.83,0.0,0.0,,,,,,,基础化工,化学制品,其他化学制品,5.25,5.25,5.26
sz300214,日科化学,2024-08-15,5.21,5.29,5.15,5.27,5.24,2993200.0,15652812.0,2126781415.72,2456044575.78,58191088.82,-184115220.98,2572189326.25,4394040393.49,1821851067.24,-8713724.13,643.01,821.13,204.81,187.52,717.47,556.63,0.0,0.0,,,,,,,基础化工,化学制品,其他化学制品,5.2,5.17,5.18
sz300214,日科化学,2024-08-16,5.27,5.27,5.14,5.14,5.27,2993600.0,15555747.0,2074318117.04,2395459035.96,58191088.82,-184115220.98,2572189326.25,4394040393.49,1821851067.24,-8713724.13,722.78,714.3,238.58,182.4,594.21,658.88,0.0,0.0,,,,,,,基础化工,化学制品,其他化学制品,5.23,5.25,5.25
sz300214,日科化学,2024-08-19,5.14,5.2,5.12,5.17,5.14,1308500.0,6760275.0,2086425032.12,2409440314.38,58191088.82,-184115220.98,2572189326.25,4394040393.49,1821851067.24,-8713724.13,321.88,309.62,36.6,30.43,317.55,335.98,0.0,0.0,,,,,,,基础化工,化学制品,其他化学制品,5.14,5.15,5.17
sz300214,日科化学,2024-08-20,5.16,5.2,5.06,5.09,5.17,1681299.0,8590332.0,2054139925.24,2372156905.26,58191088.82,-184115220.98,2572189326.25,4394040393.49,1821851067.24,-8713724.13,347.73,306.64,92.59,207.21,418.71,345.18,0.0,0.0,,,,,,,基础化工,化学制品,其他化学制品,5.14,5.17,5.15
sz300214,日科化学,2024-08-21,5.1,5.1,5.05,5.07,5.09,1338200.0,6791613.0,2046068648.52,2362836052.98,58191088.82,-184115220.98,2572189326.25,4394040393.49,1821851067.24,-8713724.13,226.0,262.16,138.11,128.06,315.05,288.94,0.0,0.0,,,,,,,基础化工,化学制品,其他化学制品,5.09,5.07,5.07
sz300214,日科化学,2024-08-22,5.06,5.1,5.02,5.03,5.07,1236801.0,6237554.0,2029926095.08,2344194348.42,58191088.82,-184115220.98,2572189326.25,4394040393.49,1821851067.24,-8713724.13,225.49,251.66,46.28,81.87,351.99,290.23,0.0,0.0,,,,,,,基础化工,化学制品,其他化学制品,5.09,5.07,5.06
sz300214,日科化学,2024-08-23,5.03,5.03,4.9,4.97,5.03,1994400.0,9890203.0,2005712264.92,2316231791.58,58191088.82,-184115220.98,2572189326.25,4394040393.49,1821851067.24,-8713724.13,483.97,374.63,30.18,59.54,474.87,554.85,0.0,0.0,,,,,,,基础化工,化学制品,其他化学制品,5.0,5.01,5.01
sz300214,日科化学,2024-08-26,4.97,5.08,4.96,5.08,4.97,1207700.0,6098252.0,2050104286.88,2367496479.12,58191088.82,-184115220.98,2572189326.25,4394040393.49,1821851067.24,-8713724.13,182.95,250.43,29.96,32.83,396.91,326.56,0.0,0.0,,,,,,,基础化工,化学制品,其他化学制品,4.97,5.01,5.03
sz300214,日科化学,2024-08-27,5.08,5.08,4.96,4.98,5.08,1198500.0,5999969.0,2009747903.28,2320892217.72,58191088.82,-184115220.98,2572189326.25,4394040393.49,1821851067.24,-8713724.13,181.85,299.09,37.29,29.67,380.86,271.24,0.0,0.0,,,,,,,基础化工,化学制品,其他化学制品,5.05,5.07,5.05
sz300214,日科化学,2024-08-28,4.85,4.86,4.4,4.44,4.98,10165100.0,46369256.0,1791823431.84,2069229206.16,-16078924.170000002,-115350022.61999999,2514924133.94,4570119034.46,2055194900.52,-33607347.809999995,2162.03,1977.69,320.41,1289.06,2154.49,1313.58,0.0,56.6,,,,,,,基础化工,化学制品,其他化学制品,4.8,4.67,4.7
sz300214,日科化学,2024-08-29,4.44,4.48,4.36,4.47,4.44,3976700.0,17659901.0,1803930346.92,2083210484.58,-16078924.170000002,-115350022.61999999,2514924133.94,4570119034.46,2055194900.52,-33607347.809999995,640.63,926.03,132.12,244.09,993.24,595.87,0.0,0.0,,,,,,,基础化工,化学制品,其他化学制品,4.43,4.4,4.42
sz300214,日科化学,2024-08-30,4.47,4.72,4.43,4.66,4.47,5534300.0,25532488.0,1880607475.76,2171758581.24,-16078924.170000002,-115350022.61999999,2514924133.94,4570119034.46,2055194900.52,-33607347.809999995,692.57,1212.87,865.38,140.03,855.21,1200.35,140.1,0.0,,,,,,,基础化工,化学制品,其他化学制品,4.45,4.5,4.53
sz300214,日科化学,2024-09-02,4.64,4.66,4.56,4.63,4.66,4187168.0,19220436.0,1868500560.68,2157777302.82,-16078924.170000002,-115350022.61999999,2514924133.94,4570119034.46,2055194900.52,-33607347.809999995,354.87,696.05,903.53,390.69,663.64,561.09,0.0,274.2,,,,,,,基础化工,化学制品,其他化学制品,4.64,4.6,4.61
sz300214,日科化学,2024-09-03,4.62,4.66,4.57,4.59,4.63,1306000.0,6026461.0,1852358007.24,2139135598.26,-16078924.170000002,-115350022.61999999,2514924133.94,4570119034.46,2055194900.52,-33607347.809999995,161.58,142.32,85.22,40.92,355.84,419.41,0.0,0.0,,,,,,,基础化工,化学制品,其他化学制品,4.62,4.63,4.64
sz300214,日科化学,2024-09-04,4.6,4.67,4.57,4.61,4.59,1874000.0,8649326.0,1860429283.96,2148456450.54,-16078924.170000002,-115350022.61999999,2514924133.94,4570119034.46,2055194900.52,-33607347.809999995,255.3,241.09,129.08,187.26,380.05,436.58,100.5,0.0,,,,,,,基础化工,化学制品,其他化学制品,4.59,4.65,4.65
sz300214,日科化学,2024-09-05,4.61,4.65,4.6,4.62,4.61,1397700.0,6451953.0,1864464922.32,2153116876.68,-16078924.170000002,-115350022.61999999,2514924133.94,4570119034.46,2055194900.52,-33607347.809999995,325.71,350.17,51.58,39.19,267.9,255.83,0.0,0.0,,,,,,,基础化工,化学制品,其他化学制品,4.62,4.61,4.61
sz300214,日科化学,2024-09-06,4.61,4.63,4.51,4.52,4.62,1578900.0,7193696.0,1824108538.72,2106512615.28,-16078924.170000002,-115350022.61999999,2514924133.94,4570119034.46,2055194900.52,-33607347.809999995,255.82,234.95,67.77,152.01,395.78,325.87,0.0,6.54,,,,,,,基础化工,化学制品,其他化学制品,4.62,4.57,4.57
sz300214,日科化学,2024-09-09,4.51,4.54,4.45,4.51,4.52,1852200.0,8317617.0,1820072900.36,2101852189.14,-16078924.170000002,-115350022.61999999,2514924133.94,4570119034.46,2055194900.52,-33607347.809999995,314.57,276.44,6.17,149.75,511.03,405.57,0.0,0.0,,,,,,,基础化工,化学制品,其他化学制品,4.5,4.49,4.5
sz300214,日科化学,2024-09-10,4.51,4.55,4.4,4.48,4.51,1535800.0,6843116.0,1807965985.28,2087870910.72,-16078924.170000002,-115350022.61999999,2514924133.94,4570119034.46,2055194900.52,-33607347.809999995,218.58,247.45,76.14,92.28,389.59,344.58,0.0,0.0,,,,,,,基础化工,化学制品,其他化学制品,4.51,4.5,4.46
sz300214,日科化学,2024-09-11,4.49,4.49,4.4,4.43,4.48,1103100.0,4903259.0,1787787793.48,2064568780.02,-16078924.170000002,-115350022.61999999,2514924133.94,4570119034.46,2055194900.52,-33607347.809999995,153.93,147.0,59.0,0.0,277.41,343.33,0.0,0.0,,,,,,,基础化工,化学制品,其他化学制品,4.48,4.47,4.47
sz300214,日科化学,2024-09-12,4.42,4.49,4.41,4.42,4.43,1433600.0,6377886.0,1783752155.12,2059908353.88,-16078924.170000002,-115350022.61999999,2514924133.94,4570119034.46,2055194900.52,-33607347.809999995,266.5,262.98,20.02,53.74,351.27,301.67,0.0,19.4,,,,,,,基础化工,化学制品,其他化学制品,4.46,4.47,4.47
sz300214,日科化学,2024-09-13,4.44,4.46,4.35,4.35,4.42,1454200.0,6373188.0,1755502686.6,2027285370.9,-16078924.170000002,-115350022.61999999,2514924133.94,4570119034.46,2055194900.52,-33607347.809999995,224.56,217.62,13.8,109.63,398.97,310.08,0.0,0.0,,,,,,,基础化工,化学制品,其他化学制品,4.4,4.41,4.39
sz300214,日科化学,2024-09-18,4.37,4.37,4.2,4.29,4.35,1789600.0,7637090.0,1731288856.44,1999322814.06,-16078924.170000002,-115350022.61999999,2514924133.94,4570119034.46,2055194900.52,-33607347.809999995,227.94,240.22,0.0,110.57,535.77,412.92,0.0,0.0,,,,,,,基础化工,化学制品,其他化学制品,4.33,4.31,4.28
sz300214,日科化学,2024-09-19,4.35,4.46,4.23,4.43,4.29,2559600.0,11204548.0,1787787793.48,2064568780.02,-16078924.170000002,-115350022.61999999,2514924133.94,4570119034.46,2055194900.52,-33607347.809999995,323.61,347.98,43.67,93.92,753.17,678.56,0.0,0.0,,,,,,,基础化工,化学制品,其他化学制品,4.25,4.26,4.31
sz300214,日科化学,2024-09-20,4.43,4.46,4.35,4.36,4.43,1536600.0,6733907.0,1759538324.9599998,2031945797.04,-16078924.170000002,-115350022.61999999,2514924133.94,4570119034.46,2055194900.52,-33607347.809999995,234.16,242.61,83.77,66.83,355.46,363.95,0.0,0.0,,,,,,,基础化工,化学制品,其他化学制品,4.4,4.4,4.38
sz300214,日科化学,2024-09-23,4.33,4.41,4.32,4.34,4.36,1220200.0,5307432.0,1751467048.2399998,2022624944.76,-16078924.170000002,-115350022.61999999,2514924133.94,4570119034.46,2055194900.52,-33607347.809999995,205.83,216.5,0.0,3.95,324.91,310.29,0.0,0.0,,,,,,,基础化工,化学制品,其他化学制品,4.36,4.39,4.38
sz300214,日科化学,2024-09-24,4.35,4.53,4.35,4.53,4.34,2746400.0,12279678.0,1828144177.08,2111173041.42,-16078924.170000002,-115350022.61999999,2514924133.94,4570119034.46,2055194900.52,-33607347.809999995,433.66,627.29,120.6,21.22,673.7,579.46,0.0,0.0,,,,,,,基础化工,化学制品,其他化学制品,4.4,4.4,4.41
sz300214,日科化学,2024-09-25,4.56,4.69,4.55,4.58,4.53,2947800.0,13648644.0,1848322368.88,2134475172.12,-16078924.170000002,-115350022.61999999,2514924133.94,4570119034.46,2055194900.52,-33607347.809999995,433.63,496.51,150.58,141.17,780.65,727.18,0.0,0.0,,,,,,,基础化工,化学制品,其他化学制品,4.63,4.63,4.65
sz300214,日科化学,2024-09-26,4.56,4.7,4.56,4.7,4.58,2182820.0,10142959.0,1896750029.2,2190400285.8,-16078924.170000002,-115350022.61999999,2514924133.94,4570119034.46,2055194900.52,-33607347.809999995,383.82,457.8,167.18,113.59,463.29,442.9,0.0,0.0,,,,,,,基础化工,化学制品,其他化学制品,4.61,4.59,4.62
sz300214,日科化学,2024-09-27,4.74,4.99,4.74,4.92,4.7,4814920.0,23433508.0,1985534073.12,2292929660.88,-16078924.170000002,-115350022.61999999,2514924133.94,4570119034.46,2055194900.52,-33607347.809999995,1103.63,889.41,337.44,585.5,902.28,868.44,0.0,0.0,,,,,,,基础化工,化学制品,其他化学制品,4.8,4.75,4.81
sz300214,日科化学,2024-09-30,5.09,5.61,4.96,5.53,4.92,17010894.0,90315859.0,2231708013.08,2577215655.42,-16078924.170000002,-115350022.61999999,2514924133.94,4570119034.46,2055194900.52,-33607347.809999995,4001.13,3752.43,2044.87,2534.2,2678.21,2503.7,307.32,241.2,,,,,,,基础化工,化学制品,其他化学制品,5.19,5.1,5.01
sz300214,日科化学,2024-10-08,6.31,6.45,5.53,5.87,5.53,22708673.0,135526440.0,2368919717.32,2735670144.18,-16078924.170000002,-115350022.61999999,2514924133.94,4570119034.46,2055194900.52,-33607347.809999995,6155.69,5205.25,3342.19,4058.51,3639.51,3048.52,415.25,1240.35,,,,,,,基础化工,化学制品,其他化学制品,6.03,5.85,5.99
sz300214,日科化学,2024-10-09,5.8,5.8,5.13,5.13,5.87,12453580.0,67428414.0,2070282478.68,2390798609.82,-16078924.170000002,-115350022.61999999,2514924133.94,4570119034.46,2055194900.52,-33607347.809999995,2903.54,2553.96,911.28,1651.88,2784.15,1863.09,143.86,673.92,,,,,,,基础化工,化学制品,其他化学制品,5.48,5.58,5.56
sz300214,日科化学,2024-10-10,5.36,5.57,5.17,5.4,5.13,9562300.0,51560317.0,2179244714.4,2516630115.6,-16078924.170000002,-115350022.61999999,2514924133.94,4570119034.46,2055194900.52,-33607347.809999995,2329.15,2392.61,644.18,557.44,2182.69,2205.98,0.0,0.0,,,,,,,基础化工,化学制品,其他化学制品,5.29,5.35,5.27
sz300214,日科化学,2024-10-11,5.56,5.98,5.45,5.55,5.4,17897647.0,101934982.0,2239779289.8,2586536507.7000003,-16078924.170000002,-115350022.61999999,2514924133.94,4570119034.46,2055194900.52,-33607347.809999995,4654.71,4538.16,1975.63,1688.86,3208.96,3902.77,354.21,63.71,,,,,,,基础化工,化学制品,其他化学制品,5.82,5.78,5.71
sz300214,日科化学,2024-10-14,5.39,5.67,5.31,5.67,5.55,10790668.0,58673048.0,2288206950.12,2642461621.38,-16078924.170000002,-115350022.61999999,2514924133.94,4570119034.46,2055194900.52,-33607347.809999995,2854.45,2612.99,881.37,885.35,2101.51,2368.96,29.98,0.0,,,,,,,基础化工,化学制品,其他化学制品,5.45,5.41,5.42
sz300214,日科化学,2024-10-15,5.54,5.55,5.37,5.38,5.67,8435068.0,46066595.0,2171173437.68,2507309263.32,-16078924.170000002,-115350022.61999999,2514924133.94,4570119034.46,2055194900.52,-33607347.809999995,1886.83,1920.29,890.19,1170.81,1829.64,1515.56,0.0,0.0,,,,,,,基础化工,化学制品,其他化学制品,5.45,5.48,5.47
sz300214,日科化学,2024-10-16,5.25,5.42,5.25,5.39,5.38,4763200.0,25532401.0,2175209076.04,2511969689.46,-16078924.170000002,-115350022.61999999,2514924133.94,4570119034.46,2055194900.52,-33607347.809999995,1116.02,1074.38,556.91,612.23,880.31,866.64,0.0,0.0,,,,,,,基础化工,化学制品,其他化学制品,5.37,5.41,5.38
sz300214,日科化学,2024-10-17,5.39,5.46,5.28,5.28,5.39,4594700.0,24650595.0,2130817054.08,2460705001.92,-16078924.170000002,-115350022.61999999,2514924133.94,4570119034.46,2055194900.52,-33607347.809999995,1071.23,1020.46,206.11,612.06,1184.97,792.33,2.74,40.2,,,,,,,基础化工,化学制品,其他化学制品,5.42,5.42,5.38
sz300214,日科化学,2024-10-18,5.27,5.48,5.26,5.42,5.28,6298750.0,33948850.0,2187315991.12,2525950967.88,-16078924.170000002,-115350022.61999999,2514924133.94,4570119034.46,2055194900.52,-33607347.809999995,1531.01,1567.61,518.1,740.75,1345.78,1086.53,0.0,0.0,,,,,,,基础化工,化学制品,其他化学制品,5.32,5.36,5.33
sz300214,日科化学,2024-10-21,5.42,5.66,5.38,5.6,5.42,10058300.0,55916245.0,2259957481.6,2609838638.4,-16078924.170000002,-115350022.61999999,2514924133.94,4570119034.46,2055194900.52,-33607347.809999995,1982.89,2219.69,990.98,878.85,2226.96,1684.19,390.8,808.89,,,,,,,基础化工,化学制品,其他化学制品,5.53,5.49,5.48
sz300214,日科化学,2024-10-22,5.59,5.67,5.54,5.58,5.6,6553002.0,36709844.0,2251886204.88,2600517786.12,-16078924.170000002,-115350022.61999999,2514924133.94,4570119034.46,2055194900.52,-33607347.809999995,1366.67,1806.48,587.4,839.08,1604.12,1025.42,112.8,0.0,,,,,,,基础化工,化学制品,其他化学制品,5.58,5.58,5.59
sz300214,日科化学,2024-10-23,5.51,5.74,5.48,5.63,5.58,9057700.0,51042569.0,2272064396.68,2623819916.82,-50047155.07000001,19260678.72,2577858034.08,4960036874.13,2382178840.05,-10010478.0,1418.88,1925.73,769.5,1089.04,2634.11,1639.06,281.76,450.42,,,,,,,基础化工,化学制品,其他化学制品,5.58,5.64,5.65
sz300214,日科化学,2024-10-24,5.64,5.67,5.52,5.59,5.63,4818200.0,26928597.0,2255921843.24,2605178212.26,-50047155.07000001,19260678.72,2577858034.08,4960036874.13,2382178840.05,-10010478.0,967.37,1120.43,297.66,718.31,1427.83,854.11,0.0,0.0,,,,,,,基础化工,化学制品,其他化学制品,5.63,5.59,5.56
sz300214,日科化学,2024-10-25,5.65,5.78,5.59,5.76,5.59,7574900.0,43254102.0,2324527695.36,2684405456.64,-50047155.07000001,19260678.72,2577858034.08,4960036874.13,2382178840.05,-10010478.0,1630.75,1669.75,742.59,949.5,1611.8,1698.25,340.27,7.9,,,,,,,基础化工,化学制品,其他化学制品,5.64,5.67,5.68
sz300214,日科化学,2024-10-28,5.8,6.01,5.77,5.99,5.76,10009700.0,59277728.0,2417347377.64,2791595257.86,-50047155.07000001,19260678.72,2577858034.08,4960036874.13,2382178840.05,-10010478.0,2567.89,2122.73,1489.34,1237.73,1870.54,2099.73,0.0,467.59,,,,,,,基础化工,化学制品,其他化学制品,5.8,5.92,5.86
sz300214,日科化学,2024-10-29,6.0,6.02,5.72,5.76,5.99,9741402.0,56972580.0,2324527695.36,2684405456.64,-50047155.07000001,19260678.72,2577858034.08,4960036874.13,2382178840.05,-10010478.0,2513.57,1953.24,658.25,1293.09,2423.3,2211.22,102.14,239.71,,,,,,,基础化工,化学制品,其他化学制品,5.96,5.87,5.85
sz300214,日科化学,2024-10-30,5.74,5.87,5.71,5.82,5.76,7481900.0,43417101.0,2348741525.52,2707246413.4799995,-50047155.07000001,19260678.72,2577858034.08,4960036874.13,2382178840.05,-10010478.0,1653.5,1545.98,464.22,929.1,1832.55,1583.49,391.44,283.14,,,,,,,基础化工,化学制品,其他化学制品,5.79,5.8,5.86
sz300214,日科化学,2024-10-31,5.86,5.88,5.75,5.76,5.82,6354900.0,36928954.0,2324527695.36,2679336656.64,-50047155.07000001,19260678.72,2577858034.08,4960036874.13,2382178840.05,-10010478.0,1265.75,1385.83,312.16,835.04,1997.94,1126.1,117.04,345.92,,,,,,,基础化工,化学制品,其他化学制品,5.86,5.83,5.8
sz300214,日科化学,2024-11-01,5.75,5.85,5.6,5.62,5.76,7697399.0,43704604.0,2268028758.32,2614213890.68,-50047155.07000001,19260678.72,2577858034.08,4960036874.13,2382178840.05,-10010478.0,1842.49,1814.79,316.34,730.55,2090.56,1825.12,121.07,0.0,,,,,,,基础化工,化学制品,其他化学制品,5.82,5.75,5.76
sz300214,日科化学,2024-11-04,5.59,5.72,5.58,5.66,5.62,4176102.0,23596966.0,2284171311.76,2632820395.24,-50047155.07000001,19260678.72,2577858034.08,4960036874.13,2382178840.05,-10010478.0,645.97,1028.72,127.13,314.49,1586.59,1016.49,0.0,0.0,,,,,,,基础化工,化学制品,其他化学制品,5.61,5.63,5.65
sz300214,日科化学,2024-11-05,5.68,5.78,5.66,5.77,5.66,5582400.0,31977725.0,2328563333.72,2683988282.78,-50047155.07000001,19260678.72,2577858034.08,4960036874.13,2382178840.05,-10010478.0,1183.38,1118.52,528.17,463.16,1461.99,1502.09,24.23,114.0,,,,,,,基础化工,化学制品,其他化学制品,5.7,5.7,5.69
sz300214,日科化学,2024-11-06,5.77,5.89,5.74,5.76,5.77,6170700.0,35891607.0,2324527695.36,2679336656.64,-50047155.07000001,19260678.72,2577858034.08,4960036874.13,2382178840.05,-10010478.0,1329.97,1537.47,556.06,599.82,1432.32,1451.88,270.8,0.0,,,,,,,基础化工,化学制品,其他化学制品,5.82,5.79,5.81
sz300214,日科化学,2024-11-07,5.81,6.0,5.75,5.97,5.76,7486600.0,44226099.0,2409276100.92,2777020805.58,-50047155.07000001,19260678.72,2577858034.08,4960036874.13,2382178840.05,-10010478.0,1714.56,1858.47,729.19,771.28,1859.28,1792.86,119.57,0.0,,,,,,,基础化工,化学制品,其他化学制品,5.83,5.88,5.92
sz300214,日科化学,2024-11-08,6.0,6.03,5.88,5.93,5.97,6735946.0,40031997.0,2393133547.48,2758414301.02,-50047155.07000001,19260678.72,2577858034.08,4960036874.13,2382178840.05,-10010478.0,1667.7,1368.3,326.73,1145.13,2008.77,1489.78,0.0,0.0,,,,,,,基础化工,化学制品,其他化学制品,5.95,5.93,5.95
sz300214,日科化学,2024-11-11,5.91,6.02,5.89,6.0,5.93,6227701.0,37073324.0,2421383016.0,2790975684.0,-50047155.07000001,19260678.72,2577858034.08,4960036874.13,2382178840.05,-10010478.0,1401.96,1595.31,662.75,872.98,1642.61,1239.04,0.0,0.0,,,,,,,基础化工,化学制品,其他化学制品,6.0,5.99,5.95
sz300214,日科化学,2024-11-12,6.0,6.14,5.88,5.97,6.0,8381201.0,50517058.0,2409276100.92,2777020805.58,-50047155.07000001,19260678.72,2577858034.08,4960036874.13,2382178840.05,-10010478.0,2018.02,1667.47,612.35,1251.2,2187.63,1822.59,233.7,310.45,,,,,,,基础化工,化学制品,其他化学制品,6.02,6.03,6.03
sz300214,日科化学,2024-11-13,5.97,6.05,5.86,5.99,5.97,5763500.0,34331567.0,2417347377.64,2786324057.86,-50047155.07000001,19260678.72,2577858034.08,4960036874.13,2382178840.05,-10010478.0,1588.11,1428.1,295.24,523.87,1549.81,1360.79,0.0,120.4,,,,,,,基础化工,化学制品,其他化学制品,6.03,6.03,6.02
sz300214,日科化学,2024-11-14,5.99,6.0,5.77,5.79,5.99,4798200.0,28159023.0,2336634610.44,2693291535.06,-50047155.07000001,19260678.72,2577858034.08,4960036874.13,2382178840.05,-10010478.0,1089.04,827.14,113.26,471.42,1613.6,1517.34,0.0,0.0,,,,,,,基础化工,化学制品,其他化学制品,5.97,5.93,5.96
sz300214,日科化学,2024-11-15,5.79,5.91,5.71,5.72,5.79,4589200.0,26675704.0,2308385141.92,2660730152.0800004,-50047155.07000001,19260678.72,2577858034.08,4960036874.13,2382178840.05,-10010478.0,1069.28,897.33,183.36,312.97,1414.94,1457.27,0.0,0.0,,,,,,,基础化工,化学制品,其他化学制品,5.83,5.81,5.85
sz300214,日科化学,2024-11-18,5.78,5.83,5.6,5.63,5.72,7287400.0,41416445.0,2272064396.68,2618865516.82,-50047155.07000001,19260678.72,2577858034.08,4960036874.13,2382178840.05,-10010478.0,1544.37,1395.45,362.23,670.46,2235.04,1971.67,0.0,104.07,,,,,,,基础化工,化学制品,其他化学制品,5.77,5.7,5.72
sz300214,日科化学,2024-11-19,5.69,5.82,5.63,5.81,5.63,5608699.0,32097090.0,2344705887.16,2702594787.34,-50047155.07000001,19260678.72,2577858034.08,4960036874.13,2382178840.05,-10010478.0,1278.46,1252.55,244.16,454.52,1687.09,1502.64,0.0,0.0,,,,,,,基础化工,化学制品,其他化学制品,5.68,5.73,5.71
sz300214,日科化学,2024-11-20,5.81,6.97,5.79,6.48,5.81,49146766.0,325736470.0,2615093657.28,3014253738.7200003,-50047155.07000001,19260678.72,2577858034.08,4960036874.13,2382178840.05,-10010478.0,11047.34,10760.77,7384.55,8952.81,8820.53,8995.56,5321.23,3864.5,,,,,,,基础化工,化学制品,其他化学制品,5.95,6.97,6.47
sz300214,日科化学,2024-11-21,6.25,6.64,6.2,6.43,6.48,45387416.0,291030058.0,2594915465.48,2990995608.02,-50047155.07000001,19260678.72,2577858034.08,4960036874.13,2382178840.05,-10010478.0,12507.54,9744.15,5595.42,6874.14,10158.17,11253.73,841.87,1230.99,,,,,,,基础化工,化学制品,其他化学制品,6.48,6.51,6.51
sz300214,日科化学,2024-11-22,6.39,6.56,6.04,6.05,6.43,28720647.0,179784728.0,2441561207.8,2814233814.7000003,-50047155.07000001,19260678.72,2577858034.08,4960036874.13,2382178840.05,-10010478.0,6995.39,7252.68,2461.96,3856.59,8140.03,6267.27,381.1,601.94,,,,,,,基础化工,化学制品,其他化学制品,6.36,6.32,6.29
sz300214,日科化学,2024-11-25,6.16,6.2,5.93,6.09,6.05,15308002.0,92364145.0,2457703761.24,2832840319.26,-50047155.07000001,19260678.72,2577858034.08,4960036874.13,2382178840.05,-10010478.0,3565.6,4014.76,1315.22,1456.89,4355.6,3365.33,0.0,399.43,,,,,,,基础化工,化学制品,其他化学制品,6.01,5.95,6.0
sz300214,日科化学,2024-11-26,6.03,6.09,5.88,5.9,6.09,12525100.0,74568387.0,2381026632.4,2744459422.6,-50047155.07000001,19260678.72,2577858034.08,4960036874.13,2382178840.05,-10010478.0,3141.22,2977.66,895.78,1381.91,3419.84,2957.44,0.0,139.83,,,,,,,基础化工,化学制品,其他化学制品,6.03,5.99,5.99
sz300214,日科化学,2024-11-27,5.85,5.92,5.67,5.91,5.9,11252700.0,65154130.0,2385062270.76,2749111048.74,-50047155.07000001,19260678.72,2577858034.08,4960036874.13,2382178840.05,-10010478.0,2902.22,2838.14,1109.25,992.15,2503.94,2685.12,0.0,0.0,,,,,,,基础化工,化学制品,其他化学制品,5.75,5.74,5.77
sz300214,日科化学,2024-11-28,5.91,6.03,5.89,5.91,5.91,10013400.0,59692604.0,2385062270.76,2749111048.74,-50047155.07000001,19260678.72,2577858034.08,4960036874.13,2382178840.05,-10010478.0,2018.85,2900.96,585.6,1000.43,3214.12,2067.87,150.68,0.0,,,,,,,基础化工,化学制品,其他化学制品,5.96,5.91,6.01
sz300214,日科化学,2024-11-29,5.9,5.99,5.81,5.94,5.91,10156500.0,60128331.0,2397169185.84,2763065927.16,-50047155.07000001,19260678.72,2577858034.08,4960036874.13,2382178840.05,-10010478.0,2442.84,2277.64,859.25,1373.98,2710.74,2361.22,0.0,0.0,,,,,,,基础化工,化学制品,其他化学制品,5.87,5.91,5.89
sz300214,日科化学,2024-12-02,5.96,6.12,5.94,6.09,5.94,10145500.0,61315735.0,2457703761.24,2832840319.26,-50047155.07000001,19260678.72,2577858034.08,4960036874.13,2382178840.05,-10010478.0,2232.13,2372.39,1365.97,1137.74,2363.23,2621.44,170.24,0.0,,,,,,,基础化工,化学制品,其他化学制品,5.99,6.01,6.0
sz300214,日科化学,2024-12-03,6.08,6.3,5.99,6.16,6.09,13188135.0,80900797.0,2485953229.76,2865401702.24,-50047155.07000001,19260678.72,2577858034.08,4960036874.13,2382178840.05,-10010478.0,3534.28,3294.17,1194.09,1176.18,3241.82,3619.73,119.9,0.0,,,,,,,基础化工,化学制品,其他化学制品,6.04,6.07,6.06
sz300214,日科化学,2024-12-04,6.2,6.36,6.0,6.08,6.16,12295210.0,75642119.0,2453668122.88,2828188693.12,-50047155.07000001,19260678.72,2577858034.08,4960036874.13,2382178840.05,-10010478.0,3267.19,2918.72,1036.27,1430.36,2943.59,3092.99,317.16,122.14,,,,,,,基础化工,化学制品,其他化学制品,6.15,6.14,6.22
sz300214,日科化学,2024-12-05,6.04,6.3,6.02,6.19,6.08,10334666.0,63895339.0,2498060144.84,2879356580.66,-50047155.07000001,19260678.72,2577858034.08,4960036874.13,2382178840.05,-10010478.0,2862.27,2544.33,968.09,1209.69,2559.17,2635.51,0.0,0.0,,,,,,,基础化工,化学制品,其他化学制品,6.17,6.19,6.15
sz300214,日科化学,2024-12-06,6.18,6.23,6.1,6.2,6.19,8995666.0,55591644.0,2502095783.2,2884008206.8,-50047155.07000001,19260678.72,2577858034.08,4960036874.13,2382178840.05,-10010478.0,1850.44,1964.13,1103.51,1559.06,2320.64,1686.16,284.58,349.81,,,,,,,基础化工,化学制品,其他化学制品,6.17,6.16,6.14
sz300214,日科化学,2024-12-09,6.22,6.35,6.17,6.3,6.2,11074563.0,69371199.0,2542452166.8,2930524468.2000003,-50047155.07000001,19260678.72,2577858034.08,4960036874.13,2382178840.05,-10010478.0,2908.17,2955.08,1552.09,1311.74,2346.05,2670.29,130.8,0.0,,,,,,,基础化工,化学制品,其他化学制品,6.24,6.24,6.22
sz300214,日科化学,2024-12-10,6.4,6.5,6.24,6.29,6.3,12024700.0,76018978.0,2538416528.44,2925872842.06,-50047155.07000001,19260678.72,2577858034.08,4960036874.13,2382178840.05,-10010478.0,3284.54,2812.71,1081.35,2420.53,2772.54,2196.63,463.47,172.03,,,,,,,基础化工,化学制品,其他化学制品,6.34,6.33,6.3
sz300214,日科化学,2024-12-11,6.25,6.39,6.19,6.37,6.29,9732500.0,61506494.0,2570701635.32,2963085851.18,-50047155.07000001,19260678.72,2577858034.08,4960036874.13,2382178840.05,-10010478.0,2135.84,2431.15,1868.69,1251.58,1910.87,2467.92,235.25,0.0,,,,,,,基础化工,化学制品,其他化学制品,6.3,6.26,6.28
sz300214,日科化学,2024-12-12,6.36,6.55,6.31,6.48,6.37,12821900.0,82730162.0,2615093657.28,3014253738.7200003,-50047155.07000001,19260678.72,2577858034.08,4960036874.13,2382178840.05,-10010478.0,3422.46,3075.47,1898.99,1296.87,2361.05,3182.23,590.53,718.43,,,,,,,基础化工,化学制品,其他化学制品,6.34,6.35,6.34
sz300214,日科化学,2024-12-13,6.4,6.58,6.31,6.42,6.48,13091495.0,84279535.0,2590879827.12,2986343981.88,-50047155.07000001,19260678.72,2577858034.08,4960036874.13,2382178840.05,-10010478.0,3298.3,3295.39,1697.09,2145.34,3330.17,2477.71,102.4,509.51,,,,,,,基础化工,化学制品,其他化学制品,6.44,6.39,6.36
sz300214,日科化学,2024-12-16,6.41,6.73,6.36,6.45,6.42,10492400.0,68126390.0,2602986742.2,3000298860.3,-50047155.07000001,19260678.72,2577858034.08,4960036874.13,2382178840.05,-10010478.0,2539.09,2292.79,1110.57,1694.24,2831.07,2685.92,331.9,139.69,,,,,,,基础化工,化学制品,其他化学制品,6.66,6.51,6.47
sz300214,日科化学,2024-12-17,6.43,6.43,6.09,6.12,6.45,9571604.0,59559469.0,2469810676.32,2846795197.68,-50047155.07000001,19260678.72,2577858034.08,4960036874.13,2382178840.05,-10010478.0,2497.04,2078.0,987.38,1304.47,2471.53,2438.18,0.0,135.3,,,,,,,基础化工,化学制品,其他化学制品,6.34,6.28,6.28
sz300214,日科化学,2024-12-18,6.2,6.25,6.05,6.15,6.12,5878500.0,36223570.0,2481917591.4,2860750076.1,-50047155.07000001,19260678.72,2577858034.08,4960036874.13,2382178840.05,-10010478.0,1394.75,1365.73,325.51,551.49,1902.1,1705.14,0.0,0.0,,,,,,,基础化工,化学制品,其他化学制品,6.07,6.12,6.14
sz300214,日科化学,2024-12-19,6.05,6.25,6.0,6.23,6.15,7795100.0,47988231.0,2514202698.28,2897963085.22,-50047155.07000001,19260678.72,2577858034.08,4960036874.13,2382178840.05,-10010478.0,1871.87,1782.44,757.69,607.32,2155.31,2409.06,13.96,0.0,,,,,,,基础化工,化学制品,其他化学制品,6.12,6.18,6.14
sz300214,日科化学,2024-12-20,6.25,6.25,6.12,6.16,6.23,6522400.0,40231066.0,2485953229.76,2865401702.24,-50047155.07000001,19260678.72,2577858034.08,4960036874.13,2382178840.05,-10010478.0,1783.5,1405.15,435.35,725.08,1803.39,1459.54,0.87,433.33,,,,,,,基础化工,化学制品,其他化学制品,6.19,6.16,6.19
sz300214,日科化学,2024-12-23,6.18,6.2,5.7,5.74,6.16,9774400.0,57511740.0,2316456418.64,2670033404.36,-50047155.07000001,19260678.72,2577858034.08,4960036874.13,2382178840.05,-10010478.0,2429.06,2100.45,709.01,1460.31,2613.1,2075.21,0.0,115.2,,,,,,,基础化工,化学制品,其他化学制品,6.03,6.01,5.98
sz300214,日科化学,2024-12-24,5.78,5.81,5.57,5.71,5.74,6201400.0,35357133.0,2304349503.56,2656078525.94,-50047155.07000001,19260678.72,2577858034.08,4960036874.13,2382178840.05,-10010478.0,1465.67,1205.34,339.2,483.19,1730.84,1847.19,0.0,0.0,,,,,,,基础化工,化学制品,其他化学制品,5.77,5.71,5.77
sz300214,日科化学,2024-12-25,5.66,5.69,5.43,5.51,5.71,6893300.0,38006455.0,2223636736.36,2563046003.14,-50047155.07000001,19260678.72,2577858034.08,4960036874.13,2382178840.05,-10010478.0,1465.49,1452.77,491.44,653.42,1843.71,1584.36,0.0,110.1,,,,,,,基础化工,化学制品,其他化学制品,5.62,5.55,5.49
sz300214,日科化学,2024-12-26,5.55,5.66,5.51,5.59,5.51,3631600.0,20314080.0,2255921843.24,2600259012.26,-50047155.07000001,19260678.72,2577858034.08,4960036874.13,2382178840.05,-10010478.0,810.47,678.11,283.28,71.92,924.76,1281.38,12.89,0.0,,,,,,,基础化工,化学制品,其他化学制品,5.57,5.55,5.6
sz300214,日科化学,2024-12-27,5.59,5.85,5.52,5.75,5.59,5809300.0,33378680.0,2320492057.0,2674685030.5,-50047155.07000001,19260678.72,2577858034.08,4960036874.13,2382178840.05,-10010478.0,1326.93,1244.43,286.52,690.58,1614.97,1287.37,109.45,115.5,,,,,,,基础化工,化学制品,其他化学制品,5.66,5.68,5.68
sz300214,日科化学,2024-12-30,5.73,6.05,5.58,5.9,5.75,11452200.0,67429530.0,2381026632.4,2744459422.6,-50047155.07000001,19260678.72,2577858034.08,4960036874.13,2382178840.05,-10010478.0,3046.23,2319.61,969.03,618.35,2624.74,3694.02,102.95,110.97,,,,,,,基础化工,化学制品,其他化学制品,5.67,5.74,5.87
sz300214,日科化学,2024-12-31,5.89,5.92,5.55,5.59,5.9,8594400.0,49067529.0,2255921843.24,2600259012.26,-50047155.07000001,19260678.72,2577858034.08,4960036874.13,2382178840.05,-10010478.0,1881.84,1861.02,307.39,428.15,2717.51,2617.58,0.0,0.0,,,,,,,基础化工,化学制品,其他化学制品,5.87,5.82,5.77
sz300214,日科化学,2025-01-02,5.58,6.24,5.5,5.93,5.59,17189500.0,101205092.0,2393133547.48,2758414301.02,-50047155.07000001,19260678.72,2577858034.08,4960036874.13,2382178840.05,-10010478.0,3987.33,4492.57,1797.57,1042.56,3856.6,4481.01,479.0,104.37,,,,,,,基础化工,化学制品,其他化学制品,5.51,5.6,5.62
sz300214,日科化学,2025-01-03,5.9,6.14,5.7,5.7,5.93,16161224.0,95665796.0,2300313865.2,2651426899.8,-50047155.07000001,19260678.72,2577858034.08,4960036874.13,2382178840.05,-10010478.0,4125.18,3085.03,1671.1,1085.74,3645.09,5038.86,125.2,356.95,,,,,,,基础化工,化学制品,其他化学制品,5.91,6.04,6.03
sz300214,日科化学,2025-01-06,5.82,6.15,5.45,5.98,5.7,16861000.0,99722868.0,2413311739.28,2781672431.72,-50047155.07000001,19260678.72,2577858034.08,4960036874.13,2382178840.05,-10010478.0,4457.79,4108.39,1841.68,2204.59,3672.81,3658.08,0.0,1.23,,,,,,,基础化工,化学制品,其他化学制品,5.55,5.7,5.91
sz300214,日科化学,2025-01-07,6.06,6.25,5.89,6.23,5.98,17446400.0,106296945.0,2514202698.28,2897963085.22,-50047155.07000001,19260678.72,2577858034.08,4960036874.13,2382178840.05,-10010478.0,5113.96,4261.54,1869.34,1661.75,3646.4,4556.6,0.0,149.8,,,,,,,基础化工,化学制品,其他化学制品,5.92,6.1,6.03
sz300214,日科化学,2025-01-08,6.27,6.34,6.07,6.29,6.23,21918800.0,136272060.0,2538416528.44,2925872842.06,-50047155.07000001,19260678.72,2577858034.08,4960036874.13,2382178840.05,-10010478.0,5764.32,6333.96,2942.94,2952.36,4919.94,4340.89,0.0,0.0,,,,,,,基础化工,化学制品,其他化学制品,6.23,6.23,6.17
sz300214,日科化学,2025-01-09,6.18,6.26,6.07,6.11,6.29,12901800.0,79214124.0,2465775037.96,2842143571.5400004,-50047155.07000001,19260678.72,2577858034.08,4960036874.13,2382178840.05,-10010478.0,4017.63,3757.06,904.31,1498.64,2999.47,2665.71,0.0,0.0,,,,,,,基础化工,化学制品,其他化学制品,6.09,6.14,6.15
sz300214,日科化学,2025-01-10,6.06,6.12,5.7,5.76,6.11,13362600.0,78599904.0,2324527695.36,2679336656.64,-50047155.07000001,19260678.72,2577858034.08,4960036874.13,2382178840.05,-10010478.0,3624.27,3933.14,553.49,1324.85,3682.23,2602.0,0.0,0.0,,,,,,,基础化工,化学制品,其他化学制品,6.07,5.98,5.98
sz300214,日科化学,2025-01-13,5.76,5.81,5.46,5.7,5.76,8667000.0,48760425.0,2300313865.2,2651426899.8,-50047155.07000001,19260678.72,2577858034.08,4960036874.13,2382178840.05,-10010478.0,2266.93,2010.41,393.66,681.97,2215.46,2183.66,0.0,0.0,,,,,,,基础化工,化学制品,其他化学制品,5.65,5.52,5.53
sz300214,日科化学,2025-01-14,5.72,5.91,5.71,5.9,5.7,7772100.0,45281712.0,2381026632.4,2744459422.6,-50047155.07000001,19260678.72,2577858034.08,4960036874.13,2382178840.05,-10010478.0,2089.46,1971.69,833.26,594.4,1590.61,1962.08,14.85,0.0,,,,,,,基础化工,化学制品,其他化学制品,5.75,5.77,5.8
sz300214,日科化学,2025-01-15,5.9,5.9,5.64,5.65,5.9,7189000.0,41222165.0,2280135673.4,2628168769.1,-50047155.07000001,19260678.72,2577858034.08,4960036874.13,2382178840.05,-10010478.0,1913.01,1775.68,272.71,814.34,1936.51,1425.34,0.0,106.86,,,,,,,基础化工,化学制品,其他化学制品,5.82,5.8,5.81
sz300214,日科化学,2025-01-16,5.9,6.68,5.76,6.17,5.65,27905962.0,173502946.0,2489988868.12,2870053328.38,-50047155.07000001,19260678.72,2577858034.08,4960036874.13,2382178840.05,-10010478.0,7177.34,7602.7,4536.16,3564.18,5636.8,5569.53,0.0,613.88,,,,,,,基础化工,化学制品,其他化学制品,6.19,6.26,6.24
sz300214,日科化学,2025-01-17,6.1,6.16,5.89,5.97,6.17,17311400.0,103614734.0,2409276100.92,2777020805.58,-50047155.07000001,19260678.72,2577858034.08,4960036874.13,2382178840.05,-10010478.0,4776.76,4648.73,1844.94,2038.62,3511.64,3674.12,228.12,0.0,,,,,,,基础化工,化学制品,其他化学制品,5.95,6.02,5.97
sz300214,日科化学,2025-01-20,5.97,6.02,5.79,5.83,5.97,11639400.0,68288389.0,2352777163.88,2711898039.62,-50047155.07000001,19260678.72,2577858034.08,4960036874.13,2382178840.05,-10010478.0,3248.12,3322.14,996.69,1266.12,2584.03,2240.58,0.0,0.0,,,,,,,基础化工,化学制品,其他化学制品,5.83,5.93,5.88
sz300214,日科化学,2025-01-21,5.82,5.89,5.65,5.75,5.83,8131800.0,46537368.0,2320492057.0,2674685030.5,-50047155.07000001,19260678.72,2577858034.08,4960036874.13,2382178840.05,-10010478.0,2202.94,2183.27,573.67,778.88,1877.12,1691.58,0.0,0.0,,,,,,,基础化工,化学制品,其他化学制品,5.79,5.79,5.71
sz300214,日科化学,2025-01-22,5.75,5.77,5.61,5.66,5.75,5826100.0,33050486.0,2284171311.76,2632820395.24,-50047155.07000001,19260678.72,2577858034.08,4960036874.13,2382178840.05,-10010478.0,1526.16,1583.79,518.93,448.93,1259.96,1161.19,0.0,111.14,,,,,,,基础化工,化学制品,其他化学制品,5.65,5.68,5.73
sz300214,日科化学,2025-01-23,5.74,5.79,5.57,5.59,5.66,6987000.0,39846805.0,2255921843.24,2600259012.26,-50047155.07000001,19260678.72,2577858034.08,4960036874.13,2382178840.05,-10010478.0,1771.81,2031.86,681.89,589.16,1530.99,1363.66,0.0,0.0,,,,,,,基础化工,化学制品,其他化学制品,5.69,5.74,5.75
sz300214,日科化学,2025-01-24,5.6,5.66,5.54,5.65,5.59,5650800.0,31632115.0,2280135673.4,2628168769.1,-50047155.07000001,19260678.72,2577858034.08,4960036874.13,2382178840.05,-10010478.0,1569.96,1534.58,495.39,378.92,1094.34,1249.71,3.52,0.0,,,,,,,基础化工,化学制品,其他化学制品,5.55,5.57,5.56
sz300214,日科化学,2025-01-27,5.66,5.75,5.55,5.63,5.65,6418000.0,36176465.0,2272064396.68,2618865516.82,-50047155.07000001,19260678.72,2577858034.08,4960036874.13,2382178840.05,-10010478.0,1850.6,1632.19,590.78,542.64,1176.26,1442.82,0.0,0.0,,,,,,,基础化工,化学制品,其他化学制品,5.72,5.74,5.7
sz300214,日科化学,2025-02-05,5.63,5.74,5.61,5.7,5.63,5041600.0,28594313.0,2300313865.2,2651426899.8,-50047155.07000001,19260678.72,2577858034.08,4960036874.13,2382178840.05,-10010478.0,1319.45,1170.67,455.46,653.87,1075.49,912.98,0.0,112.88,,,,,,,基础化工,化学制品,其他化学制品,5.62,5.64,5.66
sz300214,日科化学,2025-02-06,5.67,6.05,5.62,5.88,5.7,9233400.0,53904903.0,2372955355.68,2735156170.32,-50047155.07000001,19260678.72,2577858034.08,4960036874.13,2382178840.05,-10010478.0,2299.07,2352.93,1161.19,1039.57,1724.14,1878.39,206.09,119.6,,,,,,,基础化工,化学制品,其他化学制品,5.69,5.67,5.66
sz300214,日科化学,2025-02-07,5.88,6.08,5.82,5.96,5.88,15709145.0,94155903.0,2405240462.56,2772369179.44,-50047155.07000001,19260678.72,2577858034.08,4960036874.13,2382178840.05,-10010478.0,3922.42,3299.64,1782.47,2753.39,2787.64,2421.3,923.06,941.25,,,,,,,基础化工,化学制品,其他化学制品,5.86,6.0,5.99
sz300214,日科化学,2025-02-10,6.02,7.03,6.02,6.79,5.96,48278771.0,315763359.0,2740198446.44,3158454149.0600004,-50047155.07000001,19260678.72,2577858034.08,4960036874.13,2382178840.05,-10010478.0,9794.14,13065.42,8800.24,8443.03,8198.38,8200.15,4783.58,1867.74,,,,,,,基础化工,化学制品,其他化学制品,6.39,6.25,6.18
sz300214,日科化学,2025-02-11,6.73,6.78,6.32,6.52,6.79,30603576.0,197817642.0,2631236210.7200003,3032860243.28,-50047155.07000001,19260678.72,2577858034.08,4960036874.13,2382178840.05,-10010478.0,7198.77,7272.21,3239.06,4980.49,6802.97,5595.37,2540.96,1933.7,,,,,,,基础化工,化学制品,其他化学制品,6.47,6.45,6.39
sz300214,日科化学,2025-02-12,6.45,6.55,6.37,6.44,6.52,17712076.0,114042720.0,2598951103.84,2995647234.1600003,-50047155.07000001,19260678.72,2577858034.08,4960036874.13,2382178840.05,-10010478.0,4821.78,4360.95,2024.6,3209.43,4448.45,3572.06,109.44,261.83,,,,,,,基础化工,化学制品,其他化学制品,6.48,6.43,6.5
sz300214,日科化学,2025-02-13,6.45,6.53,6.27,6.32,6.44,13113200.0,83136725.0,2550523443.52,2939827720.48,-50047155.07000001,19260678.72,2577858034.08,4960036874.13,2382178840.05,-10010478.0,3158.75,3193.18,1516.7,1968.04,3638.22,2789.77,0.0,362.68,,,,,,,基础化工,化学制品,其他化学制品,6.4,6.37,6.38
sz300214,日科化学,2025-02-14,6.28,6.4,6.23,6.34,6.32,12197100.0,77112258.0,2558594720.24,2949130972.76,-50047155.07000001,19260678.72,2577858034.08,4960036874.13,2382178840.05,-10010478.0,3325.26,3348.06,1764.63,1366.13,2518.19,2997.04,103.15,0.0,,,,,,,基础化工,化学制品,其他化学制品,6.31,6.33,6.27
sz300214,日科化学,2025-02-17,6.4,6.48,6.3,6.36,6.34,10241800.0,65262247.0,2566665996.96,2958434225.04,-50047155.07000001,19260678.72,2577858034.08,4960036874.13,2382178840.05,-10010478.0,2554.71,3151.2,1088.25,1345.06,2861.32,2029.96,21.94,0.0,,,,,,,基础化工,化学制品,其他化学制品,6.38,6.37,6.39
sz300214,日科化学,2025-02-18,6.32,6.39,6.13,6.14,6.36,12030000.0,75126491.0,2477881953.04,2856098449.96,-50047155.07000001,19260678.72,2577858034.08,4960036874.13,2382178840.05,-10010478.0,2574.35,3037.37,1245.38,1873.36,3692.93,2197.34,0.0,404.58,,,,,,,基础化工,化学制品,其他化学制品,6.31,6.34,6.35
sz300214,日科化学,2025-02-19,6.14,6.26,6.1,6.23,6.14,11110400.0,68712949.0,2514202698.28,2897963085.22,-50047155.07000001,19260678.72,2577858034.08,4960036874.13,2382178840.05,-10010478.0,2659.2,2307.53,1514.85,1640.69,2533.89,2613.92,163.35,309.16,,,,,,,基础化工,化学制品,其他化学制品,6.1,6.15,6.16
sz300214,日科化学,2025-02-20,6.25,6.44,6.23,6.4,6.23,12293000.0,78009251.0,2582808550.4,2977040729.6000004,-50047155.07000001,19260678.72,2577858034.08,4960036874.13,2382178840.05,-10010478.0,2934.96,3354.02,1687.07,1419.1,3052.24,3027.81,126.66,0.0,,,,,,,基础化工,化学制品,其他化学制品,6.29,6.26,6.31
sz300214,日科化学,2025-02-21,6.43,7.68,6.42,7.68,6.4,73235885.0,525081687.0,3099370260.4800005,3572448875.52,-50047155.07000001,19260678.72,2577858034.08,4960036874.13,2382178840.05,-10010478.0,10997.83,14984.38,12237.44,13800.83,7951.76,13119.02,21321.14,10603.94,,,,,,,基础化工,化学制品,其他化学制品,6.64,6.57,6.47
sz300214,日科化学,2025-02-24,7.88,7.9,7.15,7.38,7.68,64441895.0,482383154.0,2978301109.6800003,3432900091.32,-50047155.07000001,19260678.72,2577858034.08,4960036874.13,2382178840.05,-10010478.0,15529.76,17320.24,11730.64,13477.45,16037.52,11768.28,4940.38,5672.35,,,,,,,基础化工,化学制品,其他化学制品,7.25,7.41,7.59
sz300214,日科化学,2025-02-25,7.15,7.26,6.9,6.99,7.38,44799100.0,316268987.0,2820911213.6400003,3251486671.86,-50047155.07000001,19260678.72,2577858034.08,4960036874.13,2382178840.05,-10010478.0,10352.67,8714.52,6927.85,12012.8,12959.86,7107.62,1386.53,3791.96,,,,,,,基础化工,化学制品,其他化学制品,6.98,7.03,7.16
sz300214,日科化学,2025-02-26,7.3,8.39,7.26,8.39,6.99,125073916.0,1027879807.0,3385900584.04,3902714331.46,-50047155.07000001,19260678.72,2577858034.08,4960036874.13,2382178840.05,-10010478.0,20364.31,28665.13,26598.14,28869.02,14520.69,21710.38,41304.84,23543.44,,,,,,,基础化工,化学制品,其他化学制品,8.39,8.05,8.03
sz300214,日科化学,2025-02-27,7.9,8.0,7.35,7.56,8.39,89447656.0,687659456.0,3050942600.1600003,3516629361.84,-50047155.07000001,19260678.72,2577858034.08,4960036874.13,2382178840.05,-10010478.0,25457.84,18555.71,15852.58,21201.6,22201.34,13793.98,5254.19,15214.66,,,,,,,基础化工,化学制品,其他化学制品,7.87,7.9,7.77
sz300214,日科化学,2025-02-28,7.44,7.94,7.25,7.39,7.56,64729849.0,490786579.0,2982336748.04,3437551717.46,-50047155.07000001,19260678.72,2577858034.08,4960036874.13,2382178840.05,-10010478.0,18295.0,16573.4,13098.82,14592.61,13538.54,12666.25,4146.3,5246.39,,,,,,,基础化工,化学制品,其他化学制品,7.79,7.62,7.64
sz300214,日科化学,2025-03-03,7.4,7.4,6.96,7.02,7.39,49567437.0,352580390.0,2833018128.72,3265441550.28,-50047155.07000001,19260678.72,2577858034.08,4960036874.13,2382178840.05,-10010478.0,12418.61,11583.36,9018.05,9750.57,12293.02,8630.71,1528.36,5293.4,,,,,,,基础化工,化学制品,其他化学制品,7.01,7.19,7.24
sz300214,日科化学,2025-03-04,7.02,7.11,6.8,7.08,7.02,29755632.0,208987863.0,2857231958.88,3293351307.1200004,-50047155.07000001,19260678.72,2577858034.08,4960036874.13,2382178840.05,-10010478.0,8417.97,7424.43,5164.75,5766.92,6928.38,6839.2,387.69,868.24,,,,,,,基础化工,化学制品,其他化学制品,6.96,6.94,6.95
sz300214,日科化学,2025-03-05,7.23,7.4,6.98,7.15,7.08,34573619.0,247128317.0,2885481427.4,3325912690.1,-50047155.07000001,19260678.72,2577858034.08,4960036874.13,2382178840.05,-10010478.0,9531.24,9252.32,6660.76,6766.1,8051.55,8075.3,469.28,619.11,,,,,,,基础化工,化学制品,其他化学制品,7.22,7.15,7.15
sz300214,日科化学,2025-03-06,7.25,7.49,7.17,7.33,7.15,39937653.0,292395611.0,2958122917.88,3409641960.62,-50047155.07000001,19260678.72,2577858034.08,4960036874.13,2382178840.05,-10010478.0,11996.03,11397.67,7808.79,7267.11,8282.54,8770.04,1152.19,1804.75,,,,,,,基础化工,化学制品,其他化学制品,7.24,7.26,7.3
sz300214,日科化学,2025-03-07,7.3,7.45,7.08,7.17,7.33,29950900.0,215963487.0,2893552704.1200004,3335215942.38,-50047155.07000001,19260678.72,2577858034.08,4960036874.13,2382178840.05,-10010478.0,7354.74,8238.59,3917.86,6512.08,9883.45,5611.55,440.3,1234.13,,,,,,,基础化工,化学制品,其他化学制品,7.33,7.25,7.24
sz300214,日科化学,2025-03-10,7.2,7.25,7.05,7.13,7.17,17464400.0,124325510.0,2877410150.6800003,3316609437.82,-50047155.07000001,19260678.72,2577858034.08,4960036874.13,2382178840.05,-10010478.0,4157.45,5018.13,2364.57,2937.15,5112.74,3911.21,797.8,566.06,,,,,,,基础化工,化学制品,其他化学制品,7.16,7.19,7.16
sz300214,日科化学,2025-03-11,7.03,7.19,7.0,7.11,7.13,18135033.0,128756925.0,2869338873.96,3307306185.54,-50047155.07000001,19260678.72,2577858034.08,4960036874.13,2382178840.05,-10010478.0,5391.47,3951.85,2435.82,3092.48,4684.47,3943.53,363.94,1887.83,,,,,,,基础化工,化学制品,其他化学制品,7.02,7.14,7.12
sz300214,日科化学,2025-03-12,7.13,7.55,7.08,7.4,7.11,40954137.0,302201722.0,2986372386.4,3442203343.6,-50047155.07000001,19260678.72,2577858034.08,4960036874.13,2382178840.05,-10010478.0,10716.03,11066.8,8422.97,6803.91,9318.73,11499.92,1762.44,849.54,,,,,,,基础化工,化学制品,其他化学制品,7.11,7.15,7.19
sz300214,日科化学,2025-03-13,7.4,7.55,7.11,7.25,7.4,25985374.0,188603255.0,2925837811.0,3372428951.5,-50047155.07000001,19260678.72,2577858034.08,4960036874.13,2382178840.05,-10010478.0,6722.68,6797.04,4382.13,5433.66,7570.06,5106.0,185.45,1523.62,,,,,,,基础化工,化学制品,其他化学制品,7.43,7.29,7.29
sz300214,日科化学,2025-03-14,7.21,7.28,7.0,7.18,7.25,22060000.0,157651619.0,2897588342.48,3339867568.52,-50047155.07000001,19260678.72,2577858034.08,4960036874.13,2382178840.05,-10010478.0,5775.04,5589.28,4238.63,4355.91,5328.57,4533.17,422.92,1286.79,,,,,,,基础化工,化学制品,其他化学制品,7.12,7.02,7.07
sz300214,日科化学,2025-03-17,7.16,7.22,7.04,7.12,7.18,16405625.0,116791846.0,2873374512.32,3311957811.6800003,-50047155.07000001,19260678.72,2577858034.08,4960036874.13,2382178840.05,-10010478.0,4276.71,4623.24,2797.49,2359.98,4348.7,4004.11,256.29,691.86,,,,,,,基础化工,化学制品,其他化学制品,7.1,7.09,7.19
sz300214,日科化学,2025-03-18,7.13,7.5,7.12,7.27,7.12,28311974.0,206848566.0,2933909087.72,3381732203.78,-50047155.07000001,19260678.72,2577858034.08,4960036874.13,2382178840.05,-10010478.0,7655.04,7037.89,6469.54,4720.06,5703.25,7883.24,857.04,1043.67,,,,,,,基础化工,化学制品,其他化学制品,7.18,7.16,7.38
sz300214,日科化学,2025-03-19,7.32,7.32,7.06,7.09,7.27,22272771.0,158652243.0,2861267597.24,3298002933.26,-50047155.07000001,19260678.72,2577858034.08,4960036874.13,2382178840.05,-10010478.0,5410.7,5624.77,4289.21,4403.36,5562.32,4198.02,603.0,1639.08,,,,,,,基础化工,化学制品,其他化学制品,7.2,7.18,7.15
sz300214,日科化学,2025-03-20,7.08,7.23,7.03,7.07,7.09,18185296.0,129553240.0,2853196320.5199995,3288699680.98,-50047155.07000001,19260678.72,2577858034.08,4960036874.13,2382178840.05,-10010478.0,4025.55,4808.27,2811.35,3848.65,5644.2,3464.49,474.22,833.92,,,,,,,基础化工,化学制品,其他化学制品,7.05,7.11,7.1
sz300214,日科化学,2025-03-21,7.03,7.06,6.81,6.87,7.07,23768202.0,164506019.0,2772483553.32,3195667158.1800003,-50047155.07000001,19260678.72,2577858034.08,4960036874.13,2382178840.05,-10010478.0,5053.97,5622.91,3310.5,5040.77,7794.18,3844.36,291.95,1942.55,,,,,,,基础化工,化学制品,其他化学制品,7.03,7.03,7.0
sz300214,日科化学,2025-03-24,6.9,6.91,6.45,6.65,6.87,19630600.0,130547497.0,2683699509.4,3093331383.1,-50047155.07000001,19260678.72,2577858034.08,4960036874.13,2382178840.05,-10010478.0,4368.6,4451.28,2434.69,3723.94,6143.47,3542.79,107.98,1336.74,,,,,,,基础化工,化学制品,其他化学制品,6.84,6.83,6.74
sz300214,日科化学,2025-03-25,6.68,6.83,6.51,6.74,6.65,14545100.0,96959104.0,2720020254.64,3135196018.36,-50047155.07000001,19260678.72,2577858034.08,4960036874.13,2382178840.05,-10010478.0,3802.37,4090.17,1945.79,1902.88,3947.75,3702.86,0.0,0.0,,,,,,,基础化工,化学制品,其他化学制品,6.61,6.57,6.59
