本数据策略分享会专用，由邢不行整理，微信：xbx6660
股票代码,股票名称,交易日期,开盘价,最高价,最低价,收盘价,前收盘价,成交量,成交额,流通市值,总市值,净利润TTM,现金流TTM,净资产,总资产,总负债,净利润(当季),中户资金买入额,中户资金卖出额,大户资金买入额,大户资金卖出额,散户资金买入额,散户资金卖出额,机构资金买入额,机构资金卖出额,沪深300成分股,上证50成分股,中证500成分股,中证1000成分股,中证2000成分股,创业板指成分股,新版申万一级行业名称,新版申万二级行业名称,新版申万三级行业名称,09:35收盘价,09:45收盘价,09:55收盘价
sz301061,N匠心,2021-09-13,103.98,103.99,85.43,86.15,72.69,8319007.0,758033344.0,1723000000.0,6892000000.0,268267950.98,244381222.07999998,996076954.5699999,1691991613.79,695914659.22,66803064.81,32360.09,55209.26,16157.51,204.31,23655.37,20201.06,3630.36,188.7,,,,,,,轻工制造,家居用品,成品家居,97.0,91.99,91.0
sz301061,C匠心,2021-09-14,82.0,82.3,78.37,79.67,86.15,5498600.0,440888726.0,1593400000.0,6373600000.0,268267950.98,244381222.07999998,996076954.5699999,1691991613.79,695914659.22,66803064.81,18020.35,19196.38,9213.76,6562.16,15067.33,16432.01,1787.43,1898.32,,,,,,,轻工制造,家居用品,成品家居,81.48,79.2,81.1
sz301061,C匠心,2021-09-15,78.5,78.5,74.58,74.75,79.67,4634092.0,352369639.0,1495000000.0,5980000000.0,268267950.98,244381222.07999998,996076954.5699999,1691991613.79,695914659.22,66803064.81,12096.69,10424.18,6294.58,7044.78,15740.6,16259.76,1105.1,1508.24,,,,,,,轻工制造,家居用品,成品家居,77.88,76.52,75.88
sz301061,C匠心,2021-09-16,74.01,76.5,74.0,75.5,74.75,2991898.0,225614370.0,1510000000.0,6040000000.0,268267950.98,244381222.07999998,996076954.5699999,1691991613.79,695914659.22,66803064.81,8820.27,8241.25,5325.77,4122.43,7950.7,9459.54,464.7,738.21,,,,,,,轻工制造,家居用品,成品家居,75.28,76.0,76.0
sz301061,C匠心,2021-09-17,75.15,75.29,72.09,72.15,75.5,2733227.0,199618049.0,1443000000.0,5772000000.0,268267950.98,244381222.07999998,996076954.5699999,1691991613.79,695914659.22,66803064.81,7204.85,7489.37,3371.65,4758.69,9225.69,7134.62,159.62,579.12,,,,,,,轻工制造,家居用品,成品家居,74.2,73.25,73.2
sz301061,匠心家居,2021-09-22,71.15,71.15,68.53,68.63,72.15,2329976.0,161913630.0,1372600000.0,5490400000.0,268267950.98,244381222.07999998,996076954.5699999,1691991613.79,695914659.22,66803064.81,6211.65,6588.74,2800.58,4248.01,7053.78,5047.24,125.35,307.37,,,,,,,轻工制造,家居用品,成品家居,69.83,70.48,69.92
sz301061,匠心家居,2021-09-23,69.01,69.55,68.68,69.01,68.63,1310403.0,90485027.0,1380200000.0,5520800000.0,268267950.98,244381222.07999998,996076954.5699999,1691991613.79,695914659.22,66803064.81,3902.7,4086.92,1851.09,1806.66,3175.34,2959.58,120.06,196.03,,,,,,,轻工制造,家居用品,成品家居,69.48,69.3,69.1
sz301061,匠心家居,2021-09-24,68.83,74.32,68.83,70.86,69.01,2135884.0,152943222.0,1417200000.0,5668800000.0,268267950.98,244381222.07999998,996076954.5699999,1691991613.79,695914659.22,66803064.81,5899.77,6289.12,3479.67,2289.58,5090.42,6160.92,824.46,554.7,,,,,,,轻工制造,家居用品,成品家居,69.21,70.2,72.3
sz301061,匠心家居,2021-09-27,70.0,70.66,67.5,67.54,70.86,1655233.0,113643659.0,1350800000.0,5403200000.0,268267950.98,244381222.07999998,996076954.5699999,1691991613.79,695914659.22,66803064.81,4005.42,4940.34,2549.21,2796.86,4226.07,3138.97,583.67,488.19,,,,,,,轻工制造,家居用品,成品家居,70.2,69.03,68.82
sz301061,匠心家居,2021-09-28,67.07,67.71,65.85,66.7,67.54,1009893.0,67252743.0,1334000000.0,5336000000.0,268267950.98,244381222.07999998,996076954.5699999,1691991613.79,695914659.22,66803064.81,2694.42,3175.65,1120.34,1144.59,2731.04,2405.04,179.48,0.0,,,,,,,轻工制造,家居用品,成品家居,67.5,67.23,67.46
sz301061,匠心家居,2021-09-29,66.58,66.59,63.99,63.99,66.7,1068822.0,69467259.0,1279800000.0,5119200000.0,268267950.98,244381222.07999998,996076954.5699999,1691991613.79,695914659.22,66803064.81,2368.93,2828.09,1106.93,1512.79,3264.24,2428.09,206.62,177.76,,,,,,,轻工制造,家居用品,成品家居,65.86,65.98,65.91
sz301061,匠心家居,2021-09-30,64.4,65.25,64.08,64.49,63.99,588577.0,38130119.0,1289800000.0,5159200000.0,268267950.98,244381222.07999998,996076954.5699999,1691991613.79,695914659.22,66803064.81,1500.85,1543.78,834.32,725.2,1477.85,1544.03,0.0,0.0,,,,,,,轻工制造,家居用品,成品家居,64.43,65.15,65.01
sz301061,匠心家居,2021-10-08,65.49,66.87,65.0,66.63,64.49,825793.0,54526586.0,1332600000.0,5330400000.0,268267950.98,244381222.07999998,996076954.5699999,1691991613.79,695914659.22,66803064.81,2854.35,2137.99,970.4,623.52,1627.91,2654.47,0.0,36.67,,,,,,,轻工制造,家居用品,成品家居,65.44,65.41,65.17
sz301061,匠心家居,2021-10-11,66.96,66.99,65.6,65.99,66.63,494903.0,32715961.0,1319800000.0,5279200000.0,268267950.98,244381222.07999998,996076954.5699999,1691991613.79,695914659.22,66803064.81,1381.61,1607.38,624.42,426.78,1265.57,1237.43,0.0,0.0,,,,,,,轻工制造,家居用品,成品家居,66.0,66.47,66.11
sz301061,匠心家居,2021-10-12,66.41,66.41,64.04,66.3,65.99,664257.0,43305972.0,1326000000.0,5304000000.0,268267950.98,244381222.07999998,996076954.5699999,1691991613.79,695914659.22,66803064.81,1429.67,1890.39,683.58,675.69,1837.3,1764.51,380.05,0.0,,,,,,,轻工制造,家居用品,成品家居,65.93,66.02,65.82
sz301061,匠心家居,2021-10-13,66.01,67.91,65.6,67.81,66.3,972642.0,65379602.0,1356200000.0,5424800000.0,268267950.98,244381222.07999998,996076954.5699999,1691991613.79,695914659.22,66803064.81,3146.37,2805.45,1045.82,838.95,2073.91,2696.18,271.86,197.37,,,,,,,轻工制造,家居用品,成品家居,65.7,65.83,65.77
sz301061,匠心家居,2021-10-14,67.32,67.73,66.3,66.66,67.81,559747.0,37373387.0,1333200000.0,5332800000.0,268267950.98,244381222.07999998,996076954.5699999,1691991613.79,695914659.22,66803064.81,1700.68,1790.35,355.29,870.65,1681.37,1076.34,0.0,0.0,,,,,,,轻工制造,家居用品,成品家居,67.01,66.72,66.93
sz301061,匠心家居,2021-10-15,66.55,67.25,65.24,65.28,66.66,551100.0,36392539.0,1305600000.0,5222400000.0,268267950.98,244381222.07999998,996076954.5699999,1691991613.79,695914659.22,66803064.81,1272.83,1740.66,239.68,704.85,2126.74,1193.75,0.0,0.0,,,,,,,轻工制造,家居用品,成品家居,67.0,66.96,66.71
sz301061,匠心家居,2021-10-18,65.51,65.56,63.24,63.8,65.28,674597.0,43009310.0,1276000000.0,5104000000.0,268267950.98,244381222.07999998,996076954.5699999,1691991613.79,695914659.22,66803064.81,1570.04,1828.07,431.49,1046.29,2236.91,1364.07,0.0,0.0,,,,,,,轻工制造,家居用品,成品家居,64.7,63.77,63.44
sz301061,匠心家居,2021-10-19,63.5,64.24,63.47,64.15,63.8,464795.0,29717286.0,1283000000.0,5132000000.0,268267950.98,244381222.07999998,996076954.5699999,1691991613.79,695914659.22,66803064.81,1310.53,1294.36,485.8,477.91,1163.25,1199.46,12.15,0.0,,,,,,,轻工制造,家居用品,成品家居,63.64,64.05,63.86
sz301061,匠心家居,2021-10-20,64.15,64.26,63.63,63.63,64.15,405147.0,25835970.0,1272600000.0,5090400000.0,268267950.98,244381222.07999998,996076954.5699999,1691991613.79,695914659.22,66803064.81,1004.06,1145.43,443.47,387.5,1085.11,1050.66,50.96,0.0,,,,,,,轻工制造,家居用品,成品家居,63.99,63.72,63.72
sz301061,匠心家居,2021-10-21,63.36,70.21,63.36,68.98,63.63,2663486.0,180364898.0,1379600000.0,5518400000.0,268267950.98,244381222.07999998,996076954.5699999,1691991613.79,695914659.22,66803064.81,7306.66,6546.64,4947.38,2878.19,4503.1,7750.06,1279.35,861.6,,,,,,,轻工制造,家居用品,成品家居,63.52,63.67,64.11
sz301061,匠心家居,2021-10-22,68.0,70.88,67.34,69.39,68.98,2197474.0,152226448.0,1387800000.0,5551200000.0,268267950.98,244381222.07999998,996076954.5699999,1691991613.79,695914659.22,66803064.81,4998.77,5903.97,4052.78,4021.84,5140.42,4521.94,1030.67,774.9,,,,,,,轻工制造,家居用品,成品家居,69.5,68.99,70.39
sz301061,匠心家居,2021-10-25,69.78,69.9,67.33,67.73,69.39,1562721.0,106586741.0,1354600000.0,5418400000.0,268267950.98,244381222.07999998,996076954.5699999,1691991613.79,695914659.22,66803064.81,4125.15,3472.26,1501.07,3000.61,4894.06,3167.69,138.4,1018.12,,,,,,,轻工制造,家居用品,成品家居,68.36,69.36,68.66
sz301061,匠心家居,2021-10-26,67.73,68.3,66.36,66.73,67.73,932200.0,62438659.0,1334600000.0,5338400000.0,268267950.98,244381222.07999998,996076954.5699999,1691991613.79,695914659.22,66803064.81,2455.81,2462.82,813.86,1353.25,2974.19,1763.82,0.0,663.97,,,,,,,轻工制造,家居用品,成品家居,68.26,67.75,67.41
sz301061,匠心家居,2021-10-27,68.3,69.91,67.0,69.64,66.73,2152753.0,148350156.0,1392800000.0,5571200000.0,268267950.98,244381222.07999998,2443368455.73,3076918681.64,633550225.91,85920348.75999999,6216.95,5492.06,4351.61,2719.74,3951.25,6265.01,315.21,358.2,,,,,,,轻工制造,家居用品,成品家居,68.3,67.5,67.4
sz301061,匠心家居,2021-10-28,69.49,69.5,66.5,67.44,69.64,1356086.0,92021934.0,1348800000.0,5395200000.0,268267950.98,244381222.07999998,2443368455.73,3076918681.64,633550225.91,85920348.75999999,3733.44,3561.84,1619.96,2931.01,3669.31,2634.94,179.48,74.4,,,,,,,轻工制造,家居用品,成品家居,68.5,68.8,68.22
sz301061,匠心家居,2021-10-29,67.38,68.66,66.78,67.96,67.44,811644.0,55000152.0,1359200000.0,5436800000.0,268267950.98,244381222.07999998,2443368455.73,3076918681.64,633550225.91,85920348.75999999,2346.69,2382.1,1036.39,1290.03,1900.82,1827.88,216.11,0.0,,,,,,,轻工制造,家居用品,成品家居,68.2,67.93,67.41
sz301061,匠心家居,2021-11-01,67.69,71.49,67.55,70.7,67.96,1797065.0,125789236.0,1414000000.0,5656000000.0,268267950.98,244381222.07999998,2443368455.73,3076918681.64,633550225.91,85920348.75999999,5515.08,5277.95,2757.36,1969.93,4096.5,5137.79,209.98,193.26,,,,,,,轻工制造,家居用品,成品家居,67.95,68.55,68.59
sz301061,匠心家居,2021-11-02,70.57,71.97,69.2,69.41,70.7,1740220.0,122826193.0,1388200000.0,5552800000.0,268267950.98,244381222.07999998,2443368455.73,3076918681.64,633550225.91,85920348.75999999,5262.87,5526.09,2615.86,2563.03,3896.36,3981.96,507.52,211.54,,,,,,,轻工制造,家居用品,成品家居,71.5,71.33,70.74
sz301061,匠心家居,2021-11-03,69.99,70.0,67.58,69.36,69.41,1003339.0,68642964.0,1387200000.0,5548800000.0,268267950.98,244381222.07999998,2443368455.73,3076918681.64,633550225.91,85920348.75999999,2775.39,2637.48,1267.59,1852.62,2684.95,2055.78,136.37,318.42,,,,,,,轻工制造,家居用品,成品家居,68.68,68.6,68.08
sz301061,匠心家居,2021-11-04,68.74,70.06,68.0,69.85,69.36,951355.0,65613115.0,1397000000.0,5588000000.0,268267950.98,244381222.07999998,2443368455.73,3076918681.64,633550225.91,85920348.75999999,2704.71,2588.66,1030.69,1797.98,2383.82,2120.55,442.09,54.12,,,,,,,轻工制造,家居用品,成品家居,69.0,68.6,68.09
sz301061,匠心家居,2021-11-05,69.25,70.15,68.19,68.19,69.85,862940.0,59706029.0,1363800000.0,5455200000.0,268267950.98,244381222.07999998,2443368455.73,3076918681.64,633550225.91,85920348.75999999,2495.45,2328.9,1306.77,1656.94,2154.0,1887.67,14.39,97.09,,,,,,,轻工制造,家居用品,成品家居,69.85,69.39,69.44
sz301061,匠心家居,2021-11-08,68.07,68.34,65.74,65.85,68.19,1172384.0,77782578.0,1317000000.0,5268000000.0,268267950.98,244381222.07999998,2443368455.73,3076918681.64,633550225.91,85920348.75999999,2656.3,3167.98,1229.53,2185.91,3517.66,2026.22,374.76,398.15,,,,,,,轻工制造,家居用品,成品家居,67.6,67.02,66.76
sz301061,匠心家居,2021-11-09,65.52,67.86,65.52,67.37,65.85,822700.0,55160585.0,1347400000.0,5389600000.0,268267950.98,244381222.07999998,2443368455.73,3076918681.64,633550225.91,85920348.75999999,2170.43,2169.42,1096.24,1109.45,2249.39,2087.13,0.0,150.06,,,,,,,轻工制造,家居用品,成品家居,66.28,66.18,66.8
sz301061,匠心家居,2021-11-10,67.02,68.68,66.5,67.95,67.37,637976.0,42808131.0,1359000000.0,5436000000.0,268267950.98,244381222.07999998,2443368455.73,3076918681.64,633550225.91,85920348.75999999,1592.84,1761.7,798.38,874.55,1730.18,1505.51,159.41,139.05,,,,,,,轻工制造,家居用品,成品家居,67.03,66.75,66.8
sz301061,匠心家居,2021-11-11,68.03,72.49,68.03,70.69,67.95,1846142.0,130685222.0,1413800000.0,5655200000.0,268267950.98,244381222.07999998,2443368455.73,3076918681.64,633550225.91,85920348.75999999,4548.94,4585.87,4008.08,2814.19,4479.74,4623.97,31.76,1044.5,,,,,,,轻工制造,家居用品,成品家居,69.4,70.72,71.41
sz301061,匠心家居,2021-11-12,70.68,73.6,69.8,73.37,70.69,2454942.0,177114236.0,1467400000.0,5869600000.0,268267950.98,244381222.07999998,2443368455.73,3076918681.64,633550225.91,85920348.75999999,6893.05,6249.85,3031.0,3791.98,7030.5,7405.67,756.88,263.92,,,,,,,轻工制造,家居用品,成品家居,70.67,70.5,70.4
sz301061,匠心家居,2021-11-15,74.86,78.0,73.08,76.28,73.37,3175701.0,240319895.0,1525600000.0,6102400000.0,268267950.98,244381222.07999998,2443368455.73,3076918681.64,633550225.91,85920348.75999999,7358.13,7154.88,7944.88,4729.24,5807.92,11868.93,2921.06,278.94,,,,,,,轻工制造,家居用品,成品家居,74.11,73.37,73.82
sz301061,匠心家居,2021-11-16,78.33,81.85,76.6,76.78,76.28,4874939.0,387582686.0,1535600000.0,6142400000.0,268267950.98,244381222.07999998,2443368455.73,3076918681.64,633550225.91,85920348.75999999,12791.81,13546.64,11040.84,8618.38,10320.37,12929.26,4605.25,3663.99,,,,,,,轻工制造,家居用品,成品家居,81.7,79.65,77.51
sz301061,匠心家居,2021-11-17,74.89,78.58,74.01,75.52,76.78,3152624.0,240365430.0,1510400000.0,6041600000.0,268267950.98,244381222.07999998,2443368455.73,3076918681.64,633550225.91,85920348.75999999,8120.67,7434.28,3846.3,7990.3,11112.91,5559.11,956.66,3052.86,,,,,,,轻工制造,家居用品,成品家居,77.43,76.62,76.64
sz301061,匠心家居,2021-11-18,74.8,76.52,73.76,73.76,75.52,1481170.0,111009083.0,1475200000.0,5900800000.0,268267950.98,244381222.07999998,2443368455.73,3076918681.64,633550225.91,85920348.75999999,3276.37,3822.22,1341.89,2966.43,6269.88,3763.12,212.77,549.13,,,,,,,轻工制造,家居用品,成品家居,74.72,75.24,75.65
sz301061,匠心家居,2021-11-19,73.55,75.93,72.53,75.4,73.76,1273734.0,94537322.0,1508000000.0,6032000000.0,268267950.98,244381222.07999998,2443368455.73,3076918681.64,633550225.91,85920348.75999999,3360.03,3788.87,1971.65,1613.52,3453.16,3693.59,668.89,357.75,,,,,,,轻工制造,家居用品,成品家居,73.4,73.73,72.76
sz301061,匠心家居,2021-11-22,74.75,76.1,74.4,75.62,75.4,1018696.0,76963726.0,1512400000.0,6049600000.0,268267950.98,244381222.07999998,2443368455.73,3076918681.64,633550225.91,85920348.75999999,2935.99,2516.73,1508.19,1849.95,2994.18,3080.3,258.01,249.39,,,,,,,轻工制造,家居用品,成品家居,75.75,75.0,75.28
sz301061,匠心家居,2021-11-23,75.29,77.5,73.5,76.82,75.62,1562581.0,118542388.0,1536400000.0,6145600000.0,268267950.98,244381222.07999998,2443368455.73,3076918681.64,633550225.91,85920348.75999999,5478.15,4093.31,1824.45,1879.91,3954.58,5881.01,597.06,0.0,,,,,,,轻工制造,家居用品,成品家居,74.9,74.5,73.92
sz301061,匠心家居,2021-11-24,76.72,77.48,75.52,75.69,76.82,966708.0,73804455.0,1513800000.0,6055200000.0,268267950.98,244381222.07999998,2443368455.73,3076918681.64,633550225.91,85920348.75999999,3018.35,2661.87,1646.19,1406.25,2715.91,2755.82,0.0,556.51,,,,,,,轻工制造,家居用品,成品家居,76.27,75.9,75.71
sz301061,匠心家居,2021-11-25,75.81,76.4,74.43,75.45,75.69,879400.0,66158545.0,1509000000.0,6036000000.0,268267950.98,244381222.07999998,2443368455.73,3076918681.64,633550225.91,85920348.75999999,2342.16,2124.67,996.05,1838.85,3277.64,2503.06,0.0,149.28,,,,,,,轻工制造,家居用品,成品家居,76.36,75.5,75.11
sz301061,匠心家居,2021-11-26,75.01,76.19,74.62,75.23,75.45,732200.0,55264614.0,1504600000.0,6018400000.0,268267950.98,244381222.07999998,2443368455.73,3076918681.64,633550225.91,85920348.75999999,1994.7,1747.03,734.97,1247.41,2690.27,2364.61,106.53,167.42,,,,,,,轻工制造,家居用品,成品家居,75.56,74.97,74.9
sz301061,匠心家居,2021-11-29,73.01,74.39,70.81,71.0,75.23,1563901.0,113324405.0,1420000000.0,5680000000.0,268267950.98,244381222.07999998,2443368455.73,3076918681.64,633550225.91,85920348.75999999,3974.26,3423.75,1288.11,2929.8,6035.21,4401.87,34.85,577.01,,,,,,,轻工制造,家居用品,成品家居,73.6,73.4,72.97
sz301061,匠心家居,2021-11-30,71.2,72.58,69.7,70.22,71.0,784800.0,55798007.0,1404400000.0,5617600000.0,268267950.98,244381222.07999998,2443368455.73,3076918681.64,633550225.91,85920348.75999999,1766.89,2269.37,504.01,1149.47,3300.48,2024.45,8.42,136.51,,,,,,,轻工制造,家居用品,成品家居,72.28,72.02,71.68
sz301061,匠心家居,2021-12-01,70.05,70.9,69.5,70.78,70.22,850300.0,59635894.0,1415600000.0,5662400000.0,268267950.98,244381222.07999998,2443368455.73,3076918681.64,633550225.91,85920348.75999999,2049.53,1413.93,1352.03,649.74,2458.96,3899.91,103.07,0.0,,,,,,,轻工制造,家居用品,成品家居,69.6,69.93,70.09
sz301061,匠心家居,2021-12-02,70.24,72.62,69.89,71.22,70.78,1622693.0,115498443.0,1424400000.0,5697600000.0,268267950.98,244381222.07999998,2443368455.73,3076918681.64,633550225.91,85920348.75999999,3546.5,2692.81,4724.8,1733.72,2710.69,5961.04,567.85,1162.27,,,,,,,轻工制造,家居用品,成品家居,70.18,70.0,69.96
sz301061,匠心家居,2021-12-03,71.72,75.3,71.11,74.95,71.22,1840031.0,135693266.0,1499000000.0,5996000000.0,268267950.98,244381222.07999998,2443368455.73,3076918681.64,633550225.91,85920348.75999999,5019.56,4284.66,4664.67,1473.34,3328.05,7739.56,557.05,71.76,,,,,,,轻工制造,家居用品,成品家居,71.18,71.22,71.44
sz301061,匠心家居,2021-12-06,75.46,75.58,73.05,73.21,74.95,1174642.0,87279652.0,1464200000.0,5856800000.0,268267950.98,244381222.07999998,2443368455.73,3076918681.64,633550225.91,85920348.75999999,3785.76,3130.3,2162.41,1347.5,2779.8,3903.89,0.0,346.27,,,,,,,轻工制造,家居用品,成品家居,75.23,74.7,74.78
sz301061,匠心家居,2021-12-07,73.68,77.6,73.68,74.35,73.21,1951052.0,147594991.0,1487000000.0,5948000000.0,268267950.98,244381222.07999998,2443368455.73,3076918681.64,633550225.91,85920348.75999999,5977.7,4900.67,4148.89,3881.15,4139.68,5489.35,493.23,488.33,,,,,,,轻工制造,家居用品,成品家居,74.73,75.23,77.23
sz301061,匠心家居,2021-12-08,73.52,76.1,72.55,75.66,74.35,1811342.0,134636067.0,1513200000.0,6052800000.0,268267950.98,244381222.07999998,2443368455.73,3076918681.64,633550225.91,85920348.75999999,3900.62,5478.76,3642.33,3311.05,5206.58,4415.42,714.08,258.38,,,,,,,轻工制造,家居用品,成品家居,73.53,73.02,73.95
sz301061,匠心家居,2021-12-09,77.51,79.5,75.58,75.86,75.66,2900375.0,223882382.0,1517200000.0,6068800000.0,268267950.98,244381222.07999998,2443368455.73,3076918681.64,633550225.91,85920348.75999999,8483.92,8376.22,4067.08,5649.14,8877.35,7987.51,959.89,375.37,,,,,,,轻工制造,家居用品,成品家居,78.51,77.21,77.61
sz301061,匠心家居,2021-12-10,73.6,77.8,73.6,77.42,75.86,2138759.0,163805891.0,1548400000.0,6193600000.0,268267950.98,244381222.07999998,2443368455.73,3076918681.64,633550225.91,85920348.75999999,5702.21,6602.22,2635.12,3645.07,7453.22,5466.62,590.04,666.68,,,,,,,轻工制造,家居用品,成品家居,75.61,76.98,76.21
sz301061,匠心家居,2021-12-13,77.87,78.0,75.0,75.98,77.42,1505171.0,114211046.0,1519600000.0,6078400000.0,268267950.98,244381222.07999998,2443368455.73,3076918681.64,633550225.91,85920348.75999999,4160.12,3700.79,2147.93,3327.42,4579.15,3974.12,533.9,418.78,,,,,,,轻工制造,家居用品,成品家居,76.29,76.53,76.33
sz301061,匠心家居,2021-12-14,75.43,75.6,74.61,74.74,75.98,888272.0,66571499.0,1494800000.0,5979200000.0,268267950.98,244381222.07999998,2443368455.73,3076918681.64,633550225.91,85920348.75999999,2382.36,1770.16,1384.25,2006.19,2551.09,2655.48,339.45,225.31,,,,,,,轻工制造,家居用品,成品家居,75.13,75.15,75.1
sz301061,匠心家居,2021-12-15,74.59,75.06,73.86,74.29,74.74,599300.0,44609574.0,1485800000.0,5943200000.0,268267950.98,244381222.07999998,2443368455.73,3076918681.64,633550225.91,85920348.75999999,1465.67,1741.55,1069.33,1126.56,1723.38,1592.85,202.58,0.0,,,,,,,轻工制造,家居用品,成品家居,74.46,74.24,74.18
sz301061,匠心家居,2021-12-16,74.06,75.5,74.06,75.17,74.29,675001.0,50633989.0,1503400000.0,6013600000.0,268267950.98,244381222.07999998,2443368455.73,3076918681.64,633550225.91,85920348.75999999,1621.46,1868.62,1689.93,854.02,1468.9,2219.21,283.1,121.55,,,,,,,轻工制造,家居用品,成品家居,74.5,74.79,74.74
sz301061,匠心家居,2021-12-17,74.83,75.16,72.76,73.03,75.17,863100.0,63497138.0,1460600000.0,5842400000.0,268267950.98,244381222.07999998,2443368455.73,3076918681.64,633550225.91,85920348.75999999,2169.82,2487.97,1341.06,1629.56,2483.38,2115.09,355.45,117.1,,,,,,,轻工制造,家居用品,成品家居,74.1,73.52,73.97
sz301061,匠心家居,2021-12-20,73.03,74.4,72.0,73.09,73.03,598800.0,43818063.0,1461800000.0,5847200000.0,268267950.98,244381222.07999998,2443368455.73,3076918681.64,633550225.91,85920348.75999999,1851.58,1608.85,658.9,827.09,1581.09,1671.61,290.23,274.25,,,,,,,轻工制造,家居用品,成品家居,73.35,73.41,73.02
sz301061,匠心家居,2021-12-21,73.1,76.25,73.08,76.07,73.09,982929.0,73735022.0,1521400000.0,6085600000.0,268267950.98,244381222.07999998,2443368455.73,3076918681.64,633550225.91,85920348.75999999,2499.38,2570.22,1573.93,861.32,3130.51,3816.08,169.68,125.89,,,,,,,轻工制造,家居用品,成品家居,73.6,73.8,73.58
sz301061,匠心家居,2021-12-22,76.31,76.78,74.96,76.38,76.07,938408.0,71296715.0,1527600000.0,6110400000.0,268267950.98,244381222.07999998,2443368455.73,3076918681.64,633550225.91,85920348.75999999,2589.74,2423.73,1756.11,1489.46,2483.32,2383.76,300.5,832.72,,,,,,,轻工制造,家居用品,成品家居,75.34,75.53,75.0
sz301061,匠心家居,2021-12-23,76.01,80.0,75.9,77.89,76.38,1578340.0,123653805.0,1557800000.0,6231200000.0,268267950.98,244381222.07999998,2443368455.73,3076918681.64,633550225.91,85920348.75999999,5238.3,4434.15,2863.68,1657.76,4088.68,5837.27,174.72,436.2,,,,,,,轻工制造,家居用品,成品家居,77.93,77.45,77.7
sz301061,匠心家居,2021-12-24,80.44,81.4,76.64,77.03,77.89,1546901.0,121782407.0,1540600000.0,6162400000.0,268267950.98,244381222.07999998,2443368455.73,3076918681.64,633550225.91,85920348.75999999,5349.17,5277.25,2044.79,1977.57,4555.75,4693.81,228.53,229.61,,,,,,,轻工制造,家居用品,成品家居,79.84,80.3,78.86
sz301061,匠心家居,2021-12-27,77.0,77.52,75.5,77.03,77.03,790527.0,60594820.0,1540600000.0,6162400000.0,268267950.98,244381222.07999998,2443368455.73,3076918681.64,633550225.91,85920348.75999999,2464.21,2310.28,600.02,1342.54,2995.25,2406.67,0.0,0.0,,,,,,,轻工制造,家居用品,成品家居,76.78,76.03,76.6
sz301061,匠心家居,2021-12-28,77.3,79.5,76.9,78.41,77.03,905100.0,70961456.0,1568200000.0,6272800000.0,268267950.98,244381222.07999998,2443368455.73,3076918681.64,633550225.91,85920348.75999999,2273.37,2435.77,2011.55,1368.16,2693.63,2513.19,117.6,779.01,,,,,,,轻工制造,家居用品,成品家居,77.0,78.15,78.09
sz301061,匠心家居,2021-12-29,78.38,79.55,77.07,79.35,78.41,899884.0,70998417.0,1587000000.0,6348000000.0,268267950.98,244381222.07999998,2443368455.73,3076918681.64,633550225.91,85920348.75999999,2940.11,2481.15,861.68,807.37,3064.5,3811.32,233.56,0.0,,,,,,,轻工制造,家居用品,成品家居,77.91,78.4,78.38
sz301061,匠心家居,2021-12-30,79.28,79.83,78.15,79.31,79.35,722559.0,57092424.0,1586200000.0,6344800000.0,268267950.98,244381222.07999998,2443368455.73,3076918681.64,633550225.91,85920348.75999999,1972.83,2352.55,438.38,1215.22,3298.03,2141.48,0.0,0.0,,,,,,,轻工制造,家居用品,成品家居,78.96,78.7,78.95
sz301061,匠心家居,2021-12-31,79.31,79.31,77.5,78.8,79.31,769208.0,60010626.0,1576000000.0,6304000000.0,268267950.98,244381222.07999998,2443368455.73,3076918681.64,633550225.91,85920348.75999999,2394.61,2195.71,989.83,1245.19,2326.79,2505.74,289.83,54.43,,,,,,,轻工制造,家居用品,成品家居,78.43,77.91,78.02
sz301061,匠心家居,2022-01-04,78.58,78.86,77.66,78.15,78.8,495441.0,38659764.0,1563000000.0,6252000000.0,268267950.98,244381222.07999998,2443368455.73,3076918681.64,633550225.91,85920348.75999999,1673.5,1007.64,673.74,1060.66,1518.73,1797.68,0.0,0.0,,,,,,,轻工制造,家居用品,成品家居,78.13,78.46,78.16
sz301061,匠心家居,2022-01-05,78.15,79.53,76.0,77.55,78.15,757444.0,58840330.0,1551000000.0,6204000000.0,268267950.98,244381222.07999998,2443368455.73,3076918681.64,633550225.91,85920348.75999999,2293.62,2072.37,1162.36,838.61,2195.92,2543.74,232.13,429.32,,,,,,,轻工制造,家居用品,成品家居,78.93,78.91,78.51
sz301061,匠心家居,2022-01-06,77.15,80.82,76.9,79.78,77.55,951239.0,75473261.0,1595600000.0,6382400000.0,268267950.98,244381222.07999998,2443368455.73,3076918681.64,633550225.91,85920348.75999999,3147.46,3473.08,1427.84,904.79,2938.29,3027.66,33.74,141.8,,,,,,,轻工制造,家居用品,成品家居,77.15,77.5,77.54
sz301061,匠心家居,2022-01-07,79.69,80.59,78.52,79.1,79.78,519359.0,41186756.0,1582000000.0,6328000000.0,268267950.98,244381222.07999998,2443368455.73,3076918681.64,633550225.91,85920348.75999999,1745.82,1612.83,428.01,683.49,1944.85,1822.36,0.0,0.0,,,,,,,轻工制造,家居用品,成品家居,80.1,79.81,79.98
sz301061,匠心家居,2022-01-10,78.35,80.38,78.35,79.4,79.1,636305.0,50597755.0,1588000000.0,6352000000.0,268267950.98,244381222.07999998,2443368455.73,3076918681.64,633550225.91,85920348.75999999,2143.92,2145.84,1465.89,1286.51,1234.79,1627.43,215.18,0.0,,,,,,,轻工制造,家居用品,成品家居,79.2,79.95,79.42
sz301061,匠心家居,2022-01-11,79.99,79.99,77.12,77.15,79.4,528412.0,41368568.0,1543000000.0,6172000000.0,268267950.98,244381222.07999998,2443368455.73,3076918681.64,633550225.91,85920348.75999999,1545.67,1468.7,681.02,1057.63,1910.17,1610.52,0.0,0.0,,,,,,,轻工制造,家居用品,成品家居,79.35,79.38,79.03
sz301061,匠心家居,2022-01-12,77.3,78.18,77.09,77.67,77.15,350492.0,27180986.0,1553400000.0,6213600000.0,268267950.98,244381222.07999998,2443368455.73,3076918681.64,633550225.91,85920348.75999999,1013.75,951.42,468.54,740.3,1205.54,957.56,30.26,68.82,,,,,,,轻工制造,家居用品,成品家居,77.31,77.76,77.32
sz301061,匠心家居,2022-01-13,77.28,78.31,76.52,76.52,77.67,436088.0,33643600.0,1530400000.0,6121600000.0,268267950.98,244381222.07999998,2443368455.73,3076918681.64,633550225.91,85920348.75999999,1549.23,1182.65,307.76,666.74,1507.37,1399.99,0.0,114.98,,,,,,,轻工制造,家居用品,成品家居,77.46,77.4,77.3
sz301061,匠心家居,2022-01-14,76.33,76.75,75.01,75.05,76.52,407598.0,30877519.0,1501000000.0,6004000000.0,268267950.98,244381222.07999998,2443368455.73,3076918681.64,633550225.91,85920348.75999999,1240.85,1231.58,278.04,777.58,1568.86,1078.59,0.0,0.0,,,,,,,轻工制造,家居用品,成品家居,76.02,76.17,76.21
sz301061,匠心家居,2022-01-17,75.0,77.25,75.0,76.2,75.05,329298.0,25105258.0,1524000000.0,6096000000.0,268267950.98,244381222.07999998,2443368455.73,3076918681.64,633550225.91,85920348.75999999,1024.41,975.31,571.21,572.31,796.43,917.2,118.48,45.72,,,,,,,轻工制造,家居用品,成品家居,75.34,75.4,75.83
sz301061,匠心家居,2022-01-18,76.39,76.54,74.81,74.81,76.2,383340.0,28890313.0,1496200000.0,5984800000.0,268267950.98,244381222.07999998,2443368455.73,3076918681.64,633550225.91,85920348.75999999,1177.2,766.58,387.86,362.33,1211.27,1609.86,112.7,150.26,,,,,,,轻工制造,家居用品,成品家居,76.41,76.02,75.71
sz301061,匠心家居,2022-01-19,74.98,75.87,73.65,75.08,74.81,485600.0,36265130.0,1501600000.0,6006400000.0,268267950.98,244381222.07999998,2443368455.73,3076918681.64,633550225.91,85920348.75999999,1110.38,900.29,925.07,836.95,1368.13,1481.13,222.93,408.14,,,,,,,轻工制造,家居用品,成品家居,74.34,74.45,74.02
sz301061,匠心家居,2022-01-20,75.08,75.78,70.9,71.19,75.08,797344.0,58124539.0,1423800000.0,5695200000.0,268267950.98,244381222.07999998,2443368455.73,3076918681.64,633550225.91,85920348.75999999,2380.49,1355.91,1058.66,1960.32,2373.31,2495.48,0.0,0.74,,,,,,,轻工制造,家居用品,成品家居,75.28,75.31,74.83
sz301061,匠心家居,2022-01-21,71.5,71.5,68.09,68.81,71.19,733500.0,50803347.0,1376200000.0,5504800000.0,268267950.98,244381222.07999998,2443368455.73,3076918681.64,633550225.91,85920348.75999999,1889.37,1437.88,681.67,1508.69,2197.09,1249.95,312.21,883.82,,,,,,,轻工制造,家居用品,成品家居,70.74,69.88,69.19
sz301061,匠心家居,2022-01-24,68.81,69.4,67.9,67.93,68.81,317510.0,21704075.0,1358600000.0,5434400000.0,268267950.98,244381222.07999998,2443368455.73,3076918681.64,633550225.91,85920348.75999999,804.74,777.98,330.88,418.93,1034.79,871.2,0.0,102.3,,,,,,,轻工制造,家居用品,成品家居,68.75,68.69,68.23
sz301061,匠心家居,2022-01-25,67.8,67.88,65.91,66.7,67.93,414200.0,27613935.0,1334000000.0,5336000000.0,268267950.98,244381222.07999998,2443368455.73,3076918681.64,633550225.91,85920348.75999999,982.58,1110.4,209.37,335.13,1569.43,1315.86,0.0,0.0,,,,,,,轻工制造,家居用品,成品家居,67.65,67.13,66.96
sz301061,匠心家居,2022-01-26,67.09,67.5,66.71,67.26,66.7,191022.0,12824273.0,1345200000.0,5380800000.0,268267950.98,244381222.07999998,2443368455.73,3076918681.64,633550225.91,85920348.75999999,477.51,571.18,223.85,0.0,581.07,711.24,0.0,0.0,,,,,,,轻工制造,家居用品,成品家居,67.49,66.95,67.4
sz301061,匠心家居,2022-01-27,67.0,67.66,66.46,67.25,67.26,276596.0,18565014.0,1345000000.0,5380000000.0,268267950.98,244381222.07999998,2443368455.73,3076918681.64,633550225.91,85920348.75999999,821.29,541.3,443.61,353.88,591.6,961.32,0.0,0.0,,,,,,,轻工制造,家居用品,成品家居,67.0,66.7,66.72
sz301061,匠心家居,2022-01-28,67.79,68.5,67.01,67.4,67.25,374293.0,25392662.0,1348000000.0,5392000000.0,268267950.98,244381222.07999998,2443368455.73,3076918681.64,633550225.91,85920348.75999999,913.62,790.36,927.75,470.79,697.9,1171.57,0.0,106.55,,,,,,,轻工制造,家居用品,成品家居,67.67,67.2,67.67
sz301061,匠心家居,2022-02-07,69.5,69.5,66.18,67.3,67.4,445300.0,30133417.0,1346000000.0,5384000000.0,268267950.98,244381222.07999998,2443368455.73,3076918681.64,633550225.91,85920348.75999999,1284.67,1109.02,609.89,871.4,1118.78,1032.92,0.0,0.0,,,,,,,轻工制造,家居用品,成品家居,68.5,68.7,68.8
sz301061,匠心家居,2022-02-08,66.55,67.62,66.2,67.5,67.3,225122.0,15066830.0,1350000000.0,5400000000.0,268267950.98,244381222.07999998,2443368455.73,3076918681.64,633550225.91,85920348.75999999,567.8,645.65,181.8,228.49,757.08,632.54,0.0,0.0,,,,,,,轻工制造,家居用品,成品家居,66.39,66.98,66.83
sz301061,匠心家居,2022-02-09,67.67,67.87,67.22,67.78,67.5,297086.0,20082695.0,1355600000.0,5422400000.0,268267950.98,244381222.07999998,2443368455.73,3076918681.64,633550225.91,85920348.75999999,847.27,679.8,335.47,193.45,825.53,999.53,0.0,135.5,,,,,,,轻工制造,家居用品,成品家居,67.28,67.3,67.28
sz301061,匠心家居,2022-02-10,67.93,68.07,67.45,67.82,67.78,204000.0,13817180.0,1356400000.0,5425600000.0,268267950.98,244381222.07999998,2443368455.73,3076918681.64,633550225.91,85920348.75999999,516.26,663.75,285.25,240.31,463.3,477.65,116.91,0.0,,,,,,,轻工制造,家居用品,成品家居,67.6,67.81,67.64
sz301061,匠心家居,2022-02-11,67.6,67.62,66.08,66.15,67.82,284496.0,18945023.0,1323000000.0,5292000000.0,268267950.98,244381222.07999998,2443368455.73,3076918681.64,633550225.91,85920348.75999999,958.11,806.91,76.99,307.75,859.4,779.84,0.0,0.0,,,,,,,轻工制造,家居用品,成品家居,67.4,67.48,67.12
sz301061,匠心家居,2022-02-14,65.94,66.2,61.66,62.0,66.15,1066878.0,67485294.0,1240000000.0,4960000000.0,268267950.98,244381222.07999998,2443368455.73,3076918681.64,633550225.91,85920348.75999999,2473.68,2437.23,1104.48,3256.38,3170.37,989.01,0.0,65.9,,,,,,,轻工制造,家居用品,成品家居,65.89,65.5,64.88
sz301061,匠心家居,2022-02-15,62.2,62.38,61.49,62.0,62.0,539900.0,33427776.0,1240000000.0,4960000000.0,268267950.98,244381222.07999998,2443368455.73,3076918681.64,633550225.91,85920348.75999999,1424.45,1357.4,544.38,998.06,1373.95,987.31,0.0,0.0,,,,,,,轻工制造,家居用品,成品家居,61.95,61.61,61.98
sz301061,匠心家居,2022-02-16,62.0,63.8,62.0,62.87,62.0,474378.0,29909742.0,1257400000.0,5029600000.0,268267950.98,244381222.07999998,2443368455.73,3076918681.64,633550225.91,85920348.75999999,1134.89,1148.68,392.33,880.56,1255.08,961.73,208.67,0.0,,,,,,,轻工制造,家居用品,成品家居,62.4,62.91,62.85
sz301061,匠心家居,2022-02-17,62.12,63.18,61.69,61.77,62.87,554776.0,34524373.0,1235400000.0,4941600000.0,268267950.98,244381222.07999998,2443368455.73,3076918681.64,633550225.91,85920348.75999999,1575.0,1568.33,243.17,806.41,1634.26,1077.7,0.0,0.0,,,,,,,轻工制造,家居用品,成品家居,62.83,62.98,63.09
sz301061,匠心家居,2022-02-18,61.77,62.62,60.61,62.62,61.77,395821.0,24463608.0,1252400000.0,5009600000.0,268267950.98,244381222.07999998,2443368455.73,3076918681.64,633550225.91,85920348.75999999,907.26,1033.97,398.96,406.2,1140.14,1006.19,0.0,0.0,,,,,,,轻工制造,家居用品,成品家居,61.35,60.7,61.4
sz301061,匠心家居,2022-02-21,62.75,63.2,62.26,63.17,62.62,367341.0,23099177.0,1263400000.0,5053600000.0,268267950.98,244381222.07999998,2443368455.73,3076918681.64,633550225.91,85920348.75999999,946.13,776.4,515.95,622.73,728.15,810.76,119.68,100.03,,,,,,,轻工制造,家居用品,成品家居,62.87,62.31,62.6
sz301061,匠心家居,2022-02-22,62.87,62.87,61.13,61.36,63.17,487786.0,30130138.0,1227200000.0,4908800000.0,268267950.98,244381222.07999998,2443368455.73,3076918681.64,633550225.91,85920348.75999999,1355.01,1063.59,380.63,505.07,1277.38,1062.1,0.0,382.25,,,,,,,轻工制造,家居用品,成品家居,62.28,61.99,61.71
sz301061,匠心家居,2022-02-23,61.46,62.59,61.46,62.52,61.36,378465.0,23545414.0,1250400000.0,5001600000.0,268267950.98,244381222.07999998,2443368455.73,3076918681.64,633550225.91,85920348.75999999,909.64,800.07,341.79,240.8,671.62,882.17,431.5,431.5,,,,,,,轻工制造,家居用品,成品家居,61.6,61.64,61.65
sz301061,匠心家居,2022-02-24,62.26,63.85,60.9,61.8,62.52,736300.0,45923371.0,1236000000.0,4944000000.0,268267950.98,244381222.07999998,2443368455.73,3076918681.64,633550225.91,85920348.75999999,1632.06,1753.1,723.55,656.41,1564.19,1512.23,672.54,670.61,,,,,,,轻工制造,家居用品,成品家居,62.42,62.22,62.82
sz301061,匠心家居,2022-02-25,62.15,62.8,62.09,62.12,61.8,269483.0,16835329.0,1242400000.0,4969600000.0,268267950.98,244381222.07999998,2443368455.73,3076918681.64,633550225.91,85920348.75999999,794.28,797.92,89.01,218.2,800.25,667.42,0.0,0.0,,,,,,,轻工制造,家居用品,成品家居,62.75,62.68,62.77
sz301061,匠心家居,2022-02-28,62.13,62.95,61.1,61.48,62.12,260400.0,16003689.0,1229600000.0,4918400000.0,268267950.98,244381222.07999998,2443368455.73,3076918681.64,633550225.91,85920348.75999999,655.19,572.0,213.52,285.96,731.65,742.42,0.0,0.0,,,,,,,轻工制造,家居用品,成品家居,62.26,61.18,61.18
sz301061,匠心家居,2022-03-01,62.1,62.1,60.81,61.42,61.48,342500.0,20977853.0,1228400000.0,4913600000.0,268267950.98,244381222.07999998,2443368455.73,3076918681.64,633550225.91,85920348.75999999,826.49,850.95,312.42,751.07,893.41,372.17,65.46,123.6,,,,,,,轻工制造,家居用品,成品家居,61.75,61.64,61.48
sz301061,匠心家居,2022-03-02,61.35,61.68,60.81,61.48,61.42,209700.0,12838960.0,1229600000.0,4918400000.0,268267950.98,244381222.07999998,2443368455.73,3076918681.64,633550225.91,85920348.75999999,782.64,519.36,36.96,206.43,464.3,558.1,0.0,0.0,,,,,,,轻工制造,家居用品,成品家居,60.85,60.9,61.04
sz301061,匠心家居,2022-03-03,61.6,61.74,60.0,60.3,61.48,535171.0,32399500.0,1206000000.0,4824000000.0,268267950.98,244381222.07999998,2443368455.73,3076918681.64,633550225.91,85920348.75999999,1156.03,1332.95,663.59,907.34,1420.33,665.32,0.0,334.35,,,,,,,轻工制造,家居用品,成品家居,61.74,61.2,61.25
sz301061,匠心家居,2022-03-04,60.31,60.48,58.95,59.05,60.3,607400.0,36257000.0,1181000000.0,4724000000.0,268267950.98,244381222.07999998,2443368455.73,3076918681.64,633550225.91,85920348.75999999,1361.78,1227.03,580.32,1108.31,1683.61,1002.51,0.0,287.86,,,,,,,轻工制造,家居用品,成品家居,59.81,59.74,60.17
sz301061,匠心家居,2022-03-07,59.05,59.06,57.59,57.59,59.05,462212.0,26830332.0,1151800000.0,4607200000.0,268267950.98,244381222.07999998,2443368455.73,3076918681.64,633550225.91,85920348.75999999,1090.83,1103.78,257.69,714.71,1334.51,864.55,0.0,0.0,,,,,,,轻工制造,家居用品,成品家居,58.47,58.36,58.25
sz301061,匠心家居,2022-03-08,57.85,57.91,55.55,55.85,57.59,579612.0,32665894.0,1117000000.0,4468000000.0,268267950.98,244381222.07999998,2443368455.73,3076918681.64,633550225.91,85920348.75999999,1138.95,1131.96,509.1,547.97,1596.29,1586.66,22.24,0.0,,,,,,,轻工制造,家居用品,成品家居,57.51,57.08,56.91
sz301061,匠心家居,2022-03-09,56.11,56.46,53.02,54.39,55.85,426371.0,23253481.0,1087800000.0,4351200000.0,268267950.98,244381222.07999998,2443368455.73,3076918681.64,633550225.91,85920348.75999999,1019.91,793.23,105.54,242.22,1194.94,1284.94,0.0,0.0,,,,,,,轻工制造,家居用品,成品家居,55.32,56.29,56.06
sz301061,匠心家居,2022-03-10,55.2,56.35,55.2,55.28,54.39,308200.0,17188002.0,1105600000.0,4422400000.0,268267950.98,244381222.07999998,2443368455.73,3076918681.64,633550225.91,85920348.75999999,766.62,765.79,213.24,166.81,738.94,786.21,0.0,0.0,,,,,,,轻工制造,家居用品,成品家居,56.04,56.14,56.16
sz301061,匠心家居,2022-03-11,55.05,55.9,53.92,55.69,55.28,287600.0,15757639.0,1113800000.0,4455200000.0,268267950.98,244381222.07999998,2443368455.73,3076918681.64,633550225.91,85920348.75999999,574.92,531.68,85.26,144.89,915.58,899.19,0.0,0.0,,,,,,,轻工制造,家居用品,成品家居,54.32,54.67,54.62
sz301061,匠心家居,2022-03-14,55.55,56.26,54.88,54.88,55.69,370003.0,20513571.0,1097600000.0,4390400000.0,268267950.98,244381222.07999998,2443368455.73,3076918681.64,633550225.91,85920348.75999999,1046.93,907.66,258.24,367.39,746.19,776.31,0.0,0.0,,,,,,,轻工制造,家居用品,成品家居,55.51,55.71,55.81
sz301061,匠心家居,2022-03-15,54.88,54.98,51.0,51.11,54.88,756300.0,39720100.0,1022200000.0,4088800000.0,268267950.98,244381222.07999998,2443368455.73,3076918681.64,633550225.91,85920348.75999999,1639.42,1979.84,650.75,717.73,1681.85,1224.1,0.0,50.34,,,,,,,轻工制造,家居用品,成品家居,54.0,53.52,53.08
sz301061,匠心家居,2022-03-16,51.67,52.12,49.71,51.16,51.11,782924.0,39936056.0,1023200000.0,4092800000.0,268267950.98,244381222.07999998,2443368455.73,3076918681.64,633550225.91,85920348.75999999,1498.52,1186.04,418.51,550.0,1961.61,2257.57,114.98,0.0,,,,,,,轻工制造,家居用品,成品家居,51.22,50.36,51.19
sz301061,匠心家居,2022-03-17,52.45,53.9,51.99,52.7,51.16,942600.0,49914526.0,1054000000.0,4216000000.0,268267950.98,244381222.07999998,2443368455.73,3076918681.64,633550225.91,85920348.75999999,1803.35,1733.24,944.96,411.87,2091.32,2613.79,151.83,232.56,,,,,,,轻工制造,家居用品,成品家居,52.35,52.3,52.7
sz301061,匠心家居,2022-03-18,53.31,53.5,52.1,53.19,52.7,583700.0,30816280.0,1063800000.0,4255200000.0,268267950.98,244381222.07999998,2443368455.73,3076918681.64,633550225.91,85920348.75999999,1017.72,1143.43,264.97,465.97,1798.94,1471.17,0.0,1.07,,,,,,,轻工制造,家居用品,成品家居,53.14,52.91,52.72
sz301061,匠心家居,2022-03-21,53.24,54.3,52.92,53.45,53.19,594910.0,31885548.0,1069000000.0,4276000000.0,268267950.98,244381222.07999998,2443368455.73,3076918681.64,633550225.91,85920348.75999999,1202.19,1275.31,127.3,482.02,1756.01,1431.22,103.06,0.0,,,,,,,轻工制造,家居用品,成品家居,53.55,53.6,53.96
sz301061,匠心家居,2022-03-22,53.66,61.5,52.6,58.12,53.45,2599006.0,150954059.0,1162400000.0,4649600000.0,268267950.98,244381222.07999998,2443368455.73,3076918681.64,633550225.91,85920348.75999999,5793.82,6288.25,4077.51,2543.59,4318.16,6263.56,905.91,0.0,,,,,,,轻工制造,家居用品,成品家居,53.1,52.81,52.74
sz301061,匠心家居,2022-03-23,56.0,57.88,54.68,55.72,58.12,2141200.0,119177695.0,1114400000.0,4457600000.0,268267950.98,244381222.07999998,2443368455.73,3076918681.64,633550225.91,85920348.75999999,4924.6,4915.88,2132.67,2486.15,4782.66,4381.95,77.83,133.8,,,,,,,轻工制造,家居用品,成品家居,55.91,55.35,55.28
sz301061,匠心家居,2022-03-24,54.76,55.56,54.03,54.24,55.72,989100.0,54077667.0,1084800000.0,4339200000.0,268267950.98,244381222.07999998,2443368455.73,3076918681.64,633550225.91,85920348.75999999,2354.48,2268.93,625.65,894.63,2427.63,2244.21,0.0,0.0,,,,,,,轻工制造,家居用品,成品家居,55.0,55.25,55.33
sz301061,匠心家居,2022-03-25,54.99,56.36,53.76,54.28,54.24,1028200.0,56637327.0,1085600000.0,4342400000.0,268267950.98,244381222.07999998,2443368455.73,3076918681.64,633550225.91,85920348.75999999,2219.96,2193.77,982.91,501.58,2263.11,2871.23,100.61,0.0,,,,,,,轻工制造,家居用品,成品家居,55.72,55.39,55.36
sz301061,匠心家居,2022-03-28,52.8,53.58,52.18,52.9,54.28,664500.0,35110325.0,1058000000.0,4232000000.0,268267950.98,244381222.07999998,2443368455.73,3076918681.64,633550225.91,85920348.75999999,1445.36,1617.91,307.69,793.86,1757.98,1099.26,0.0,0.0,,,,,,,轻工制造,家居用品,成品家居,53.16,52.53,52.59
sz301061,匠心家居,2022-03-29,52.93,53.11,51.46,51.7,52.9,581681.0,30376445.0,1034000000.0,4136000000.0,268267950.98,244381222.07999998,2443368455.73,3076918681.64,633550225.91,85920348.75999999,1212.35,1149.01,144.59,896.1,1680.71,992.53,0.0,0.0,,,,,,,轻工制造,家居用品,成品家居,52.96,52.82,52.64
sz301061,匠心家居,2022-03-30,51.99,54.78,51.94,54.3,51.7,1081859.0,58004070.0,1086000000.0,4344000000.0,268267950.98,244381222.07999998,2443368455.73,3076918681.64,633550225.91,85920348.75999999,2131.65,2342.49,1072.55,618.16,2325.48,2839.75,270.74,0.0,,,,,,,轻工制造,家居用品,成品家居,52.14,52.7,52.63
sz301061,匠心家居,2022-03-31,54.3,58.99,53.91,56.28,54.3,2182892.0,124462931.0,1125600000.0,4502400000.0,268267950.98,244381222.07999998,2443368455.73,3076918681.64,633550225.91,85920348.75999999,4500.66,4263.24,2506.38,2115.5,5141.58,5931.34,297.68,136.21,,,,,,,轻工制造,家居用品,成品家居,56.66,56.42,57.9
sz301061,匠心家居,2022-04-01,55.88,58.98,55.55,58.12,56.28,1650692.0,94825826.0,1162400000.0,4649600000.0,268267950.98,244381222.07999998,2443368455.73,3076918681.64,633550225.91,85920348.75999999,3814.4,3287.0,2551.05,1890.57,3041.65,4305.01,75.48,0.0,,,,,,,轻工制造,家居用品,成品家居,56.1,56.49,56.31
sz301061,匠心家居,2022-04-06,57.91,59.99,57.53,59.14,58.12,1526691.0,89927032.0,1182800000.0,4731200000.0,268267950.98,244381222.07999998,2443368455.73,3076918681.64,633550225.91,85920348.75999999,3737.97,3496.91,1656.64,2102.73,3466.55,3393.06,131.53,0.0,,,,,,,轻工制造,家居用品,成品家居,57.9,58.8,59.3
sz301061,匠心家居,2022-04-07,58.03,59.48,57.11,57.17,59.14,933800.0,54233863.0,1143400000.0,4573600000.0,268267950.98,244381222.07999998,2443368455.73,3076918681.64,633550225.91,85920348.75999999,1833.43,2730.39,584.63,875.56,2999.5,1670.31,5.83,147.12,,,,,,,轻工制造,家居用品,成品家居,58.68,58.85,58.51
sz301061,匠心家居,2022-04-08,57.21,58.77,56.88,57.18,57.17,938900.0,54144691.0,1143600000.0,4574400000.0,268267950.98,244381222.07999998,2443368455.73,3076918681.64,633550225.91,85920348.75999999,2359.18,2092.41,753.97,1085.33,2289.87,2227.55,11.45,9.18,,,,,,,轻工制造,家居用品,成品家居,57.65,58.29,58.12
sz301061,匠心家居,2022-04-11,56.79,57.48,55.3,56.01,57.18,787650.0,44328933.0,1120200000.0,4480800000.0,268267950.98,244381222.07999998,2443368455.73,3076918681.64,633550225.91,85920348.75999999,1324.13,1468.53,733.7,1340.18,2325.82,1477.99,49.24,146.19,,,,,,,轻工制造,家居用品,成品家居,55.91,56.8,57.07
sz301061,匠心家居,2022-04-12,55.8,57.85,55.55,57.79,56.01,592581.0,33615502.0,1155800000.0,4623200000.0,268267950.98,244381222.07999998,2443368455.73,3076918681.64,633550225.91,85920348.75999999,1125.54,1147.32,524.95,402.29,1711.06,1811.93,0.0,0.0,,,,,,,轻工制造,家居用品,成品家居,56.38,55.57,56.25
sz301061,匠心家居,2022-04-13,57.0,57.01,51.68,51.75,57.79,1655400.0,89166738.0,1035000000.0,4140000000.0,268267950.98,244381222.07999998,2443368455.73,3076918681.64,633550225.91,85920348.75999999,3663.05,3041.22,927.9,2423.27,4325.72,2734.33,0.0,717.85,,,,,,,轻工制造,家居用品,成品家居,56.2,55.75,55.72
sz301061,匠心家居,2022-04-14,51.81,54.75,51.75,54.3,51.75,1039026.0,55879142.0,1086000000.0,4344000000.0,268267950.98,244381222.07999998,2443368455.73,3076918681.64,633550225.91,85920348.75999999,1737.82,2141.77,362.11,807.86,3316.65,2638.29,171.33,0.0,,,,,,,轻工制造,家居用品,成品家居,51.94,52.34,52.6
sz301061,匠心家居,2022-04-15,54.01,54.28,52.86,53.59,54.3,589159.0,31543033.0,1071800000.0,4287200000.0,268267950.98,244381222.07999998,2443368455.73,3076918681.64,633550225.91,85920348.75999999,905.9,1066.31,311.25,397.12,1937.16,1690.88,0.0,0.0,,,,,,,轻工制造,家居用品,成品家居,53.34,54.0,53.81
sz301061,匠心家居,2022-04-18,53.24,56.4,52.8,56.26,53.59,679366.0,37661419.0,1125200000.0,4500800000.0,268267950.98,244381222.07999998,2443368455.73,3076918681.64,633550225.91,85920348.75999999,1701.27,1321.14,640.06,267.62,1424.81,2177.38,0.0,0.0,,,,,,,轻工制造,家居用品,成品家居,53.19,54.25,54.97
sz301061,匠心家居,2022-04-19,55.62,57.4,55.6,57.28,56.26,658464.0,37254881.0,1145600000.0,4582400000.0,268267950.98,244381222.07999998,2443368455.73,3076918681.64,633550225.91,85920348.75999999,1594.82,1363.33,834.86,294.92,1295.81,1698.48,0.0,368.75,,,,,,,轻工制造,家居用品,成品家居,56.01,56.45,55.96
sz301061,匠心家居,2022-04-20,57.28,58.57,56.7,57.9,57.28,939549.0,54240621.0,1158000000.0,4632000000.0,268267950.98,244381222.07999998,2443368455.73,3076918681.64,633550225.91,85920348.75999999,2407.2,2171.31,798.95,791.52,1994.14,2242.29,223.77,218.95,,,,,,,轻工制造,家居用品,成品家居,56.73,57.94,57.53
sz301061,匠心家居,2022-04-21,57.5,59.19,55.88,57.25,57.9,1214383.0,69628948.0,1145000000.0,4580000000.0,268267950.98,244381222.07999998,2443368455.73,3076918681.64,633550225.91,85920348.75999999,2949.12,2414.32,759.82,1083.43,3138.3,3409.6,115.65,55.55,,,,,,,轻工制造,家居用品,成品家居,58.84,58.34,58.1
sz301061,匠心家居,2022-04-22,55.14,59.93,50.5,56.6,57.25,2361633.0,132950285.0,1132000000.0,4528000000.0,298438802.31,255119728.89,2495318592.4700003,3097471136.38,602152543.91,62036688.74000001,5440.57,4175.52,2686.14,2537.77,5145.8,6470.36,22.51,111.38,,,,,,,轻工制造,家居用品,成品家居,54.06,54.68,55.45
sz301061,匠心家居,2022-04-25,56.8,60.85,56.02,57.46,56.6,3432552.0,200336951.0,1149200000.0,4596800000.0,298438802.31,255119728.89,2495318592.4700003,3097471136.38,602152543.91,62036688.74000001,8443.19,7256.29,5287.14,4164.74,6060.43,8457.96,242.93,154.7,,,,,,,轻工制造,家居用品,成品家居,58.2,57.27,58.2
sz301061,匠心家居,2022-04-26,55.0,57.99,51.8,52.68,57.46,2386140.0,131173761.0,1053600000.0,4214400000.0,298438802.31,255119728.89,2495318592.4700003,3097471136.38,602152543.91,62036688.74000001,4774.39,5402.97,1773.82,3021.77,6288.15,4542.99,281.02,149.64,,,,,,,轻工制造,家居用品,成品家居,53.52,55.56,55.85
sz301061,匠心家居,2022-04-27,52.0,52.35,47.1,49.94,52.68,2471606.0,121091151.0,998800000.0,3995200000.0,298438802.31,255119728.89,2495318592.4700003,3097471136.38,602152543.91,62036688.74000001,4985.44,4314.15,1753.02,2071.9,4767.33,4702.64,520.94,938.04,,,,,,,轻工制造,家居用品,成品家居,49.9,50.38,47.7
sz301061,匠心家居,2022-04-28,49.2,49.2,45.5,45.8,49.94,2057288.0,95787735.0,916000000.0,3664000000.0,298438802.31,255119728.89,2495318592.4700003,3097471136.38,602152543.91,62036688.74000001,4127.34,3673.82,1630.67,1604.54,3687.18,4046.92,0.0,119.9,,,,,,,轻工制造,家居用品,成品家居,48.17,45.93,45.65
sz301061,匠心家居,2022-04-29,46.49,51.15,46.4,50.07,45.8,2048800.0,100844044.0,1001400000.0,4005600000.0,285233010.39,160089224.45999998,2561881476.71,3080301391.3,518419914.59,70472908.08,3248.13,4514.96,890.42,1737.62,5407.2,3429.4,530.64,394.42,,,,,,,轻工制造,家居用品,成品家居,46.92,48.83,48.34
sz301061,匠心家居,2022-05-05,50.5,52.5,50.1,51.0,50.07,1362401.0,70235697.0,1020000000.0,4080000000.0,285233010.39,160089224.45999998,2561881476.71,3080301391.3,518419914.59,70472908.08,2043.08,2498.85,905.25,1262.02,3823.67,2589.26,251.57,673.43,,,,,,,轻工制造,家居用品,成品家居,50.54,50.54,51.21
sz301061,匠心家居,2022-05-06,50.18,53.5,49.82,51.71,51.0,1245724.0,64829937.0,1034200000.0,4136800000.0,285233010.39,160089224.45999998,2561881476.71,3080301391.3,518419914.59,70472908.08,2248.87,2542.42,707.5,1094.14,3224.4,2490.2,264.48,318.49,,,,,,,轻工制造,家居用品,成品家居,50.99,52.59,53.18
sz301061,匠心家居,2022-05-09,51.33,52.88,51.15,51.82,51.71,861646.0,44576077.0,1036400000.0,4145600000.0,285233010.39,160089224.45999998,2561881476.71,3080301391.3,518419914.59,70472908.08,1787.19,1393.69,449.08,1461.56,2221.34,1602.36,0.0,0.0,,,,,,,轻工制造,家居用品,成品家居,51.81,51.58,51.74
sz301061,匠心家居,2022-05-10,51.29,52.22,50.5,52.09,51.82,624500.0,32319549.0,1041800000.0,4167200000.0,285233010.39,160089224.45999998,2561881476.71,3080301391.3,518419914.59,70472908.08,1212.35,1479.57,470.42,165.63,1442.38,1485.13,5.18,0.0,,,,,,,轻工制造,家居用品,成品家居,51.78,51.42,51.41
sz301061,匠心家居,2022-05-11,54.3,55.98,52.94,54.02,52.09,1484388.0,81328599.0,1080400000.0,4321600000.0,285233010.39,160089224.45999998,2561881476.71,3080301391.3,518419914.59,70472908.08,3561.82,3422.48,1112.52,1120.74,3125.85,3537.83,280.85,0.0,,,,,,,轻工制造,家居用品,成品家居,53.89,55.35,55.6
sz301061,匠心家居,2022-05-12,53.5,56.58,53.4,55.8,54.02,1438300.0,79080156.0,1116000000.0,4464000000.0,285233010.39,160089224.45999998,2561881476.71,3080301391.3,518419914.59,70472908.08,3217.4,3023.22,1654.78,1070.88,2669.48,3733.71,286.17,0.0,,,,,,,轻工制造,家居用品,成品家居,53.9,54.2,53.74
sz301061,匠心家居,2022-05-13,56.35,56.37,54.38,54.64,55.8,967335.0,53304681.0,1092800000.0,4371200000.0,285233010.39,160089224.45999998,2561881476.71,3080301391.3,518419914.59,70472908.08,2415.81,2168.13,604.28,1294.85,2310.37,1867.48,0.0,0.0,,,,,,,轻工制造,家居用品,成品家居,55.8,55.05,55.22
sz301061,匠心家居,2022-05-16,54.62,55.0,52.29,53.1,54.64,1320900.0,70497243.0,1062000000.0,4248000000.0,285233010.39,160089224.45999998,2561881476.71,3080301391.3,518419914.59,70472908.08,2773.99,2244.99,550.28,2114.01,3447.4,2132.38,171.72,452.02,,,,,,,轻工制造,家居用品,成品家居,54.36,54.36,54.09
sz301061,匠心家居,2022-05-17,52.93,52.93,51.36,51.91,53.1,779065.0,40332130.0,1038200000.0,4152800000.0,285233010.39,160089224.45999998,2561881476.71,3080301391.3,518419914.59,70472908.08,1865.42,1509.58,296.31,777.26,1833.93,1708.82,0.0,0.0,,,,,,,轻工制造,家居用品,成品家居,52.3,51.81,52.05
sz301061,匠心家居,2022-05-18,52.1,52.93,51.6,52.07,51.91,590802.0,30925606.0,1041400000.0,4165600000.0,285233010.39,160089224.45999998,2561881476.71,3080301391.3,518419914.59,70472908.08,1469.0,1283.47,413.23,244.54,1204.08,1558.29,0.0,0.0,,,,,,,轻工制造,家居用品,成品家居,51.83,52.29,52.42
sz301061,匠心家居,2022-05-19,51.51,52.0,51.0,51.65,52.07,563065.0,28968491.0,1033000000.0,4132000000.0,285233010.39,160089224.45999998,2561881476.71,3080301391.3,518419914.59,70472908.08,1192.8,1108.97,303.7,535.2,1378.64,1127.35,0.0,103.62,,,,,,,轻工制造,家居用品,成品家居,51.48,51.21,51.04
sz301061,匠心家居,2022-05-20,51.64,52.43,51.6,51.88,51.65,642300.0,33328411.0,1037600000.0,4150400000.0,285233010.39,160089224.45999998,2561881476.71,3080301391.3,518419914.59,70472908.08,1339.85,1002.25,422.51,706.71,1430.54,1483.95,0.0,0.0,,,,,,,轻工制造,家居用品,成品家居,52.28,52.15,52.23
sz301061,匠心家居,2022-05-23,52.12,52.65,51.88,52.39,51.88,564800.0,29571604.0,1047800000.0,4191200000.0,285233010.39,160089224.45999998,2561881476.71,3080301391.3,518419914.59,70472908.08,1253.56,1211.97,644.02,298.4,921.19,1308.39,0.0,0.0,,,,,,,轻工制造,家居用品,成品家居,52.08,52.16,52.1
sz301061,匠心家居,2022-05-24,52.77,52.79,48.53,48.64,52.39,1541660.0,77369953.0,972800000.0,3891200000.0,285233010.39,160089224.45999998,2561881476.71,3080301391.3,518419914.59,70472908.08,3086.97,2366.06,880.41,1010.52,3148.85,3709.43,0.0,30.22,,,,,,,轻工制造,家居用品,成品家居,52.21,52.11,51.99
sz301061,匠心家居,2022-05-25,48.63,49.79,48.52,49.6,48.64,719889.0,35395805.0,992000000.0,3968000000.0,285233010.39,160089224.45999998,2561881476.71,3080301391.3,518419914.59,70472908.08,1329.35,1275.16,880.25,544.42,1325.55,1719.99,4.43,0.0,,,,,,,轻工制造,家居用品,成品家居,48.85,48.74,49.16
sz301061,匠心家居,2022-05-26,49.6,49.97,48.5,49.81,49.6,709800.0,35066167.0,996200000.0,3984800000.0,285233010.39,160089224.45999998,2561881476.71,3080301391.3,518419914.59,70472908.08,993.81,1249.1,1118.66,588.22,1394.15,1669.29,0.0,0.0,,,,,,,轻工制造,家居用品,成品家居,49.36,49.15,48.6
sz301061,匠心家居,2022-05-27,49.81,50.72,48.88,49.23,49.81,653121.0,32547364.0,984600000.0,3938400000.0,285233010.39,160089224.45999998,2561881476.71,3080301391.3,518419914.59,70472908.08,1289.94,1337.58,634.47,877.62,1330.33,1039.53,0.0,0.0,,,,,,,轻工制造,家居用品,成品家居,49.92,50.45,50.32
sz301061,匠心家居,2022-05-30,49.33,49.47,48.65,49.47,49.23,552323.0,27103652.0,989400000.0,3957600000.0,285233010.39,160089224.45999998,2561881476.71,3080301391.3,518419914.59,70472908.08,924.26,1066.91,689.33,660.62,1096.77,982.84,0.0,0.0,,,,,,,轻工制造,家居用品,成品家居,49.0,49.03,48.81
sz301061,匠心家居,2022-05-31,49.1,49.68,48.3,49.54,49.47,669376.0,32855894.0,990800000.0,3963200000.0,285233010.39,160089224.45999998,2561881476.71,3080301391.3,518419914.59,70472908.08,1224.23,1270.56,468.67,734.49,1490.28,1280.53,102.41,0.0,,,,,,,轻工制造,家居用品,成品家居,49.08,48.83,48.38
sz301061,匠心家居,2022-06-01,49.72,51.8,49.54,50.96,49.54,1123595.0,57240964.0,1019200000.0,4076800000.0,285233010.39,160089224.45999998,2561881476.71,3080301391.3,518419914.59,70472908.08,2840.88,2201.22,772.21,771.0,2111.01,2751.88,0.0,0.0,,,,,,,轻工制造,家居用品,成品家居,50.28,51.01,51.05
sz301061,匠心家居,2022-06-02,51.63,51.99,50.63,51.75,50.96,973893.0,50104031.0,1035000000.0,4140000000.0,285233010.39,160089224.45999998,2561881476.71,3080301391.3,518419914.59,70472908.08,1688.88,2151.69,873.98,777.72,2212.64,1861.73,139.32,123.68,,,,,,,轻工制造,家居用品,成品家居,51.23,50.83,50.89
sz301061,匠心家居,2022-06-06,51.91,52.86,51.86,52.76,51.75,790136.0,41485574.0,1055200000.0,4220800000.0,285233010.39,160089224.45999998,2561881476.71,3080301391.3,518419914.59,70472908.08,1371.28,2036.32,932.19,481.48,1798.54,1555.83,46.55,74.92,,,,,,,轻工制造,家居用品,成品家居,52.2,52.42,52.26
sz301061,匠心家居,2022-06-07,52.83,53.48,52.12,52.56,52.76,807271.0,42505730.0,1051200000.0,4204800000.0,285233010.39,160089224.45999998,2561881476.71,3080301391.3,518419914.59,70472908.08,2193.11,1488.35,453.34,537.38,1566.95,2145.11,0.0,42.56,,,,,,,轻工制造,家居用品,成品家居,52.63,52.54,52.53
sz301061,匠心家居,2022-06-08,52.32,52.75,51.31,52.28,52.56,854786.0,44535300.0,1045600000.0,4182400000.0,285233010.39,160089224.45999998,2561881476.71,3080301391.3,518419914.59,70472908.08,1555.07,1551.43,816.11,731.39,2026.01,2114.9,0.52,0.0,,,,,,,轻工制造,家居用品,成品家居,52.32,52.56,52.28
sz301061,匠心家居,2022-06-09,31.96,31.99,30.6,30.71,31.93,1387492.0,43191072.0,982720000.0,3930880000.0,285233010.39,160089224.45999998,2561881476.71,3080301391.3,518419914.59,70472908.08,1548.9,1238.14,376.99,471.11,2198.7,2557.85,142.51,0.0,,,,,,,轻工制造,家居用品,成品家居,31.29,31.12,31.34
sz301061,匠心家居,2022-06-10,30.75,30.98,30.02,30.91,30.71,865900.0,26634969.0,989120000.0,3956480000.0,285233010.39,160089224.45999998,2561881476.71,3080301391.3,518419914.59,70472908.08,770.3,576.7,289.82,569.86,1603.38,1516.94,0.0,0.0,,,,,,,轻工制造,家居用品,成品家居,30.61,30.84,30.83
sz301061,匠心家居,2022-06-13,30.65,30.99,30.29,30.61,30.91,892099.0,27369016.0,979520000.0,3918080000.0,285233010.39,160089224.45999998,2561881476.71,3080301391.3,518419914.59,70472908.08,893.35,973.24,325.62,595.15,1236.98,981.2,280.96,187.31,,,,,,,轻工制造,家居用品,成品家居,30.62,30.74,30.95
sz301061,匠心家居,2022-06-14,30.45,30.53,29.66,30.49,30.61,757949.0,22803997.0,975680000.0,3902720000.0,285233010.39,160089224.45999998,2561881476.71,3080301391.3,518419914.59,70472908.08,696.14,909.46,109.53,280.11,1474.73,1090.84,0.0,0.0,,,,,,,轻工制造,家居用品,成品家居,30.22,30.0,30.13
sz301061,匠心家居,2022-06-15,30.36,31.41,30.36,30.88,30.49,1307119.0,40569901.0,988160000.0,3952640000.0,285233010.39,160089224.45999998,2561881476.71,3080301391.3,518419914.59,70472908.08,1375.85,1157.49,745.29,1016.75,1463.66,1672.29,472.19,210.46,,,,,,,轻工制造,家居用品,成品家居,31.41,31.15,30.89
sz301061,匠心家居,2022-06-16,30.88,31.29,30.6,31.04,30.88,771017.0,23903737.0,993280000.0,3973120000.0,285233010.39,160089224.45999998,2561881476.71,3080301391.3,518419914.59,70472908.08,974.41,682.72,296.3,371.14,1092.48,1185.8,0.0,123.53,,,,,,,轻工制造,家居用品,成品家居,30.66,30.94,30.9
sz301061,匠心家居,2022-06-17,31.07,31.86,30.83,31.39,31.04,1467531.0,46090385.0,1004480000.0,4017920000.0,285233010.39,160089224.45999998,2561881476.71,3080301391.3,518419914.59,70472908.08,2029.79,1416.77,1025.92,1028.4,1553.33,1796.87,0.0,366.99,,,,,,,轻工制造,家居用品,成品家居,31.6,31.49,31.47
sz301061,匠心家居,2022-06-20,31.52,33.56,31.52,32.85,31.39,2333059.0,76335798.0,1051200000.0,4204800000.0,285233010.39,160089224.45999998,2561881476.71,3080301391.3,518419914.59,70472908.08,3102.53,3013.38,1413.62,1014.11,2659.4,3217.44,458.03,388.65,,,,,,,轻工制造,家居用品,成品家居,31.82,32.25,32.72
sz301061,匠心家居,2022-06-21,32.62,33.51,32.32,32.72,32.85,1624103.0,53393929.0,1047040000.0,4188160000.0,285233010.39,160089224.45999998,2561881476.71,3080301391.3,518419914.59,70472908.08,1706.87,2138.46,708.66,1133.57,2923.86,2026.66,0.0,40.7,,,,,,,轻工制造,家居用品,成品家居,32.44,32.96,33.02
sz301061,匠心家居,2022-06-22,32.63,32.94,31.61,31.64,32.72,1194593.0,38387499.0,1012480000.0,4049920000.0,285233010.39,160089224.45999998,2561881476.71,3080301391.3,518419914.59,70472908.08,1477.34,1434.46,230.22,1122.4,2103.9,1254.59,0.0,0.0,,,,,,,轻工制造,家居用品,成品家居,32.69,32.3,32.2
sz301061,匠心家居,2022-06-23,31.8,32.05,31.29,31.73,31.64,768853.0,24280788.0,1015360000.0,4061440000.0,285233010.39,160089224.45999998,2561881476.71,3080301391.3,518419914.59,70472908.08,808.47,752.63,254.35,163.63,1089.26,1133.96,0.0,101.86,,,,,,,轻工制造,家居用品,成品家居,31.79,31.67,31.58
sz301061,匠心家居,2022-06-24,31.73,33.2,31.72,32.61,31.73,1524371.0,49801812.0,1043520000.0,4174080000.0,285233010.39,160089224.45999998,2561881476.71,3080301391.3,518419914.59,70472908.08,2002.29,1565.09,648.53,1418.67,2208.62,1996.42,120.75,0.0,,,,,,,轻工制造,家居用品,成品家居,31.95,32.18,32.2
sz301061,匠心家居,2022-06-27,32.72,33.05,32.23,32.69,32.61,981889.0,32021022.0,1046080000.0,4184320000.0,285233010.39,160089224.45999998,2561881476.71,3080301391.3,518419914.59,70472908.08,1204.01,1369.16,316.72,521.25,1681.37,1193.39,0.0,118.3,,,,,,,轻工制造,家居用品,成品家居,33.01,32.43,32.31
sz301061,匠心家居,2022-06-28,32.52,32.89,32.27,32.64,32.69,966677.0,31485228.0,1044480000.0,4177920000.0,285233010.39,160089224.45999998,2561881476.71,3080301391.3,518419914.59,70472908.08,1418.41,1109.86,454.2,524.31,1266.78,1044.29,0.0,460.93,,,,,,,轻工制造,家居用品,成品家居,32.37,32.36,32.31
sz301061,匠心家居,2022-06-29,32.55,33.14,32.33,32.73,32.64,1278493.0,41853987.0,1047360000.0,4189440000.0,285233010.39,160089224.45999998,2561881476.71,3080301391.3,518419914.59,70472908.08,1923.44,1311.71,545.69,613.86,1529.26,2072.83,0.0,0.0,,,,,,,轻工制造,家居用品,成品家居,32.7,32.38,32.58
sz301061,匠心家居,2022-06-30,32.7,33.96,32.51,33.9,32.73,2371909.0,79459360.0,1084800000.0,4339200000.0,285233010.39,160089224.45999998,2561881476.71,3080301391.3,518419914.59,70472908.08,3212.14,3045.07,2051.02,1062.17,2490.99,3782.5,135.6,0.0,,,,,,,轻工制造,家居用品,成品家居,33.04,33.0,33.1
sz301061,匠心家居,2022-07-01,33.88,33.96,33.15,33.55,33.9,1380898.0,46393901.0,1073600000.0,4294400000.0,285233010.39,160089224.45999998,2561881476.71,3080301391.3,518419914.59,70472908.08,2360.02,2002.09,707.69,967.85,1571.68,1669.45,0.0,0.0,,,,,,,轻工制造,家居用品,成品家居,33.72,33.6,33.63
sz301061,匠心家居,2022-07-04,33.33,33.59,32.72,33.59,33.55,797505.0,26383106.0,1074880000.0,4299520000.0,285233010.39,160089224.45999998,2561881476.71,3080301391.3,518419914.59,70472908.08,1065.21,958.06,377.42,245.82,1195.68,1434.44,0.0,0.0,,,,,,,轻工制造,家居用品,成品家居,32.96,32.86,32.89
sz301061,匠心家居,2022-07-05,34.15,34.56,32.89,33.86,33.59,1553002.0,52122214.0,1083520000.0,4334080000.0,285233010.39,160089224.45999998,2561881476.71,3080301391.3,518419914.59,70472908.08,2267.88,1919.41,837.81,909.38,2034.35,2383.43,72.18,0.0,,,,,,,轻工制造,家居用品,成品家居,34.21,33.86,33.64
sz301061,匠心家居,2022-07-06,33.41,33.55,32.32,32.55,33.86,1395565.0,45786014.0,1041600000.0,4166400000.0,285233010.39,160089224.45999998,2561881476.71,3080301391.3,518419914.59,70472908.08,1816.44,2186.25,544.8,1004.31,2217.37,1388.04,0.0,0.0,,,,,,,轻工制造,家居用品,成品家居,33.07,33.23,33.14
sz301061,匠心家居,2022-07-07,32.42,32.59,31.8,32.38,32.55,820560.0,26429825.0,1036160000.0,4144640000.0,285233010.39,160089224.45999998,2561881476.71,3080301391.3,518419914.59,70472908.08,898.61,971.96,519.67,684.02,1224.7,874.48,0.0,112.53,,,,,,,轻工制造,家居用品,成品家居,32.33,32.33,31.93
sz301061,匠心家居,2022-07-08,32.5,32.6,31.69,31.89,32.38,993120.0,31914678.0,1020480000.0,4081920000.0,285233010.39,160089224.45999998,2561881476.71,3080301391.3,518419914.59,70472908.08,1026.15,939.91,567.6,802.1,1597.72,732.86,0.0,716.59,,,,,,,轻工制造,家居用品,成品家居,32.48,32.51,32.36
sz301061,匠心家居,2022-07-11,31.9,32.2,31.1,31.38,31.89,647393.0,20377818.0,1004160000.0,4016640000.0,285233010.39,160089224.45999998,2561881476.71,3080301391.3,518419914.59,70472908.08,775.15,705.97,230.55,420.07,999.21,911.74,32.87,0.0,,,,,,,轻工制造,家居用品,成品家居,31.35,31.89,31.73
sz301061,匠心家居,2022-07-12,31.39,31.43,30.72,30.75,31.38,558249.0,17254011.0,984000000.0,3936000000.0,285233010.39,160089224.45999998,2561881476.71,3080301391.3,518419914.59,70472908.08,813.29,731.29,63.51,230.76,848.6,763.35,0.0,0.0,,,,,,,轻工制造,家居用品,成品家居,31.25,31.11,30.93
sz301061,匠心家居,2022-07-13,30.74,31.08,30.7,30.86,30.75,313269.0,9660509.0,987520000.0,3950080000.0,285233010.39,160089224.45999998,2561881476.71,3080301391.3,518419914.59,70472908.08,373.0,389.65,72.26,114.54,520.79,461.86,0.0,0.0,,,,,,,轻工制造,家居用品,成品家居,30.8,30.75,30.75
sz301061,匠心家居,2022-07-14,30.81,31.32,30.71,31.1,30.86,428328.0,13297217.0,995200000.0,3980800000.0,285233010.39,160089224.45999998,2561881476.71,3080301391.3,518419914.59,70472908.08,584.61,611.5,121.4,56.72,623.71,661.51,0.0,0.0,,,,,,,轻工制造,家居用品,成品家居,30.8,30.72,30.88
sz301061,匠心家居,2022-07-15,31.01,31.28,30.47,30.48,31.1,678317.0,20852529.0,975360000.0,3901440000.0,285233010.39,160089224.45999998,2561881476.71,3080301391.3,518419914.59,70472908.08,954.81,784.5,220.16,314.82,910.28,972.38,0.0,13.55,,,,,,,轻工制造,家居用品,成品家居,30.91,30.65,30.77
sz301061,匠心家居,2022-07-18,30.57,31.39,30.57,31.38,30.48,667179.0,20769804.0,1004160000.0,4016640000.0,285233010.39,160089224.45999998,2561881476.71,3080301391.3,518419914.59,70472908.08,775.91,789.29,476.34,216.51,824.74,1071.18,0.0,0.0,,,,,,,轻工制造,家居用品,成品家居,31.0,30.85,30.98
sz301061,匠心家居,2022-07-19,31.2,31.55,31.04,31.5,31.38,369817.0,11601620.0,1008000000.0,4032000000.0,285233010.39,160089224.45999998,2561881476.71,3080301391.3,518419914.59,70472908.08,444.9,521.36,42.73,86.69,672.53,552.11,0.0,0.0,,,,,,,轻工制造,家居用品,成品家居,31.31,31.46,31.38
sz301061,匠心家居,2022-07-20,31.49,31.87,31.26,31.45,31.5,461863.0,14483390.0,1006400000.0,4025600000.0,285233010.39,160089224.45999998,2561881476.71,3080301391.3,518419914.59,70472908.08,478.8,546.61,201.45,170.16,688.49,651.97,0.0,0.0,,,,,,,轻工制造,家居用品,成品家居,31.26,31.34,31.34
sz301061,匠心家居,2022-07-21,31.48,31.75,31.21,31.32,31.45,428700.0,13459252.0,1002240000.0,4008960000.0,285233010.39,160089224.45999998,2561881476.71,3080301391.3,518419914.59,70472908.08,544.55,515.11,129.2,98.34,672.17,732.47,0.0,0.0,,,,,,,轻工制造,家居用品,成品家居,31.32,31.3,31.28
sz301061,匠心家居,2022-07-22,31.37,31.52,30.68,30.97,31.32,560847.0,17436722.0,991040000.0,3964160000.0,285233010.39,160089224.45999998,2561881476.71,3080301391.3,518419914.59,70472908.08,618.39,647.33,317.99,313.22,807.29,783.12,0.0,0.0,,,,,,,轻工制造,家居用品,成品家居,31.49,31.3,31.33
sz301061,匠心家居,2022-07-25,30.7,31.44,30.36,31.12,30.97,455990.0,14191601.0,995840000.0,3983360000.0,285233010.39,160089224.45999998,2561881476.71,3080301391.3,518419914.59,70472908.08,606.84,566.99,114.02,144.81,697.24,707.36,1.06,0.0,,,,,,,轻工制造,家居用品,成品家居,31.05,30.99,30.88
sz301061,匠心家居,2022-07-26,31.12,31.41,30.75,31.39,31.12,770420.0,23943683.0,1004480000.0,4017920000.0,285233010.39,160089224.45999998,2561881476.71,3080301391.3,518419914.59,70472908.08,679.11,803.71,354.7,354.93,789.89,768.43,570.67,467.3,,,,,,,轻工制造,家居用品,成品家居,31.1,30.93,30.76
sz301061,匠心家居,2022-07-27,31.2,31.82,31.15,31.35,31.39,485700.0,15238043.0,1003200000.0,4012800000.0,285233010.39,160089224.45999998,2561881476.71,3080301391.3,518419914.59,70472908.08,647.63,542.5,161.73,351.0,714.44,630.31,0.0,0.0,,,,,,,轻工制造,家居用品,成品家居,31.69,31.46,31.37
sz301061,匠心家居,2022-07-28,31.35,31.75,31.34,31.48,31.35,585754.0,18483210.0,1007360000.0,4029440000.0,285233010.39,160089224.45999998,2561881476.71,3080301391.3,518419914.59,70472908.08,694.38,973.57,109.23,192.09,1044.71,682.66,0.0,0.0,,,,,,,轻工制造,家居用品,成品家居,31.52,31.52,31.49
sz301061,匠心家居,2022-07-29,31.5,31.5,30.57,30.57,31.48,960472.0,29690314.0,978240000.0,3912960000.0,285233010.39,160089224.45999998,2561881476.71,3080301391.3,518419914.59,70472908.08,1128.64,767.19,256.68,1287.93,1475.88,747.52,107.83,166.4,,,,,,,轻工制造,家居用品,成品家居,31.33,31.32,31.35
sz301061,匠心家居,2022-08-01,30.66,30.69,30.15,30.23,30.57,664000.0,20138187.0,967360000.0,3869440000.0,285233010.39,160089224.45999998,2561881476.71,3080301391.3,518419914.59,70472908.08,791.33,813.57,132.88,416.87,1089.61,783.38,0.0,0.0,,,,,,,轻工制造,家居用品,成品家居,30.57,30.38,30.46
sz301061,匠心家居,2022-08-02,30.12,30.12,28.0,28.17,30.23,1589240.0,45441308.0,901440000.0,3605760000.0,285233010.39,160089224.45999998,2561881476.71,3080301391.3,518419914.59,70472908.08,1772.02,1874.56,517.72,705.51,2146.39,1805.54,108.0,158.52,,,,,,,轻工制造,家居用品,成品家居,29.43,28.92,28.87
sz301061,匠心家居,2022-08-03,28.16,28.65,27.89,27.9,28.17,745094.0,21044597.0,892800000.0,3571200000.0,285233010.39,160089224.45999998,2561881476.71,3080301391.3,518419914.59,70472908.08,901.2,979.48,123.67,252.46,1079.59,872.52,0.0,0.0,,,,,,,轻工制造,家居用品,成品家居,28.45,28.52,28.38
sz301061,匠心家居,2022-08-04,28.0,28.19,27.58,28.07,27.9,639760.0,17865315.0,898240000.0,3592960000.0,285233010.39,160089224.45999998,2561881476.71,3080301391.3,518419914.59,70472908.08,640.78,675.9,212.74,382.08,933.01,728.55,0.0,0.0,,,,,,,轻工制造,家居用品,成品家居,28.06,28.08,28.08
sz301061,匠心家居,2022-08-05,28.08,28.56,28.08,28.5,28.07,565108.0,15994764.0,912000000.0,3648000000.0,285233010.39,160089224.45999998,2561881476.71,3080301391.3,518419914.59,70472908.08,659.5,568.96,265.91,264.08,674.07,766.43,0.0,0.0,,,,,,,轻工制造,家居用品,成品家居,28.17,28.32,28.18
sz301061,匠心家居,2022-08-08,28.51,28.78,28.29,28.71,28.5,485808.0,13901106.0,918720000.0,3674880000.0,285233010.39,160089224.45999998,2561881476.71,3080301391.3,518419914.59,70472908.08,555.18,648.07,208.1,286.25,626.83,455.8,0.0,0.0,,,,,,,轻工制造,家居用品,成品家居,28.36,28.67,28.54
sz301061,匠心家居,2022-08-09,29.64,31.42,29.64,29.99,28.71,2266293.0,69254115.0,959680000.0,3838720000.0,285233010.39,160089224.45999998,2561881476.71,3080301391.3,518419914.59,70472908.08,3043.57,2976.94,1252.45,723.36,2502.87,3149.46,126.52,75.66,,,,,,,轻工制造,家居用品,成品家居,31.05,30.8,30.65
sz301061,匠心家居,2022-08-10,29.13,29.58,28.61,29.32,29.99,1540180.0,45012897.0,938240000.0,3752960000.0,285233010.39,160089224.45999998,2561881476.71,3080301391.3,518419914.59,70472908.08,1835.34,1786.09,682.51,824.12,1983.45,1790.28,0.0,100.79,,,,,,,轻工制造,家居用品,成品家居,29.21,29.48,29.34
sz301061,匠心家居,2022-08-11,29.39,29.9,29.39,29.62,29.32,1069670.0,31658950.0,947840000.0,3791360000.0,285233010.39,160089224.45999998,2561881476.71,3080301391.3,518419914.59,70472908.08,1377.23,1332.2,469.08,390.28,1319.59,1237.31,0.0,206.11,,,,,,,轻工制造,家居用品,成品家居,29.65,29.53,29.52
sz301061,匠心家居,2022-08-12,29.6,29.9,29.3,29.61,29.62,828221.0,24497195.0,947520000.0,3790080000.0,285233010.39,160089224.45999998,2561881476.71,3080301391.3,518419914.59,70472908.08,1398.72,1046.38,141.85,437.72,879.33,965.62,29.82,0.0,,,,,,,轻工制造,家居用品,成品家居,29.4,29.38,29.48
sz301061,匠心家居,2022-08-15,29.61,29.87,29.26,29.5,29.61,742521.0,21866280.0,944000000.0,3776000000.0,285233010.39,160089224.45999998,2561881476.71,3080301391.3,518419914.59,70472908.08,934.88,812.05,337.81,199.91,913.93,1174.67,0.0,0.0,,,,,,,轻工制造,家居用品,成品家居,29.54,29.62,29.43
sz301061,匠心家居,2022-08-16,30.96,31.35,30.18,30.65,29.5,2656482.0,81319290.0,980800000.0,3923200000.0,320476817.66,203575870.29999995,2586999563.21,3088059263.63,501059700.42,102046872.08,3088.2,3825.63,1115.14,1700.85,3928.59,2605.45,0.0,0.0,,,,,,,轻工制造,家居用品,成品家居,30.85,30.92,30.79
sz301061,匠心家居,2022-08-17,30.45,32.8,30.3,32.53,30.65,3373406.0,106990392.0,1040960000.0,4163840000.0,320476817.66,203575870.29999995,2586999563.21,3088059263.63,501059700.42,102046872.08,3785.6,4290.78,2158.1,1334.62,4132.4,4589.0,622.94,484.64,,,,,,,轻工制造,家居用品,成品家居,30.6,30.62,30.49
sz301061,匠心家居,2022-08-18,32.38,32.85,32.13,32.23,32.53,2057133.0,66684465.0,1031360000.0,4125440000.0,320476817.66,203575870.29999995,2586999563.21,3088059263.63,501059700.42,102046872.08,2687.38,2621.1,704.97,1220.07,3276.09,2827.28,0.0,0.0,,,,,,,轻工制造,家居用品,成品家居,32.58,32.42,32.55
sz301061,匠心家居,2022-08-19,32.23,32.4,31.65,31.65,32.23,1262472.0,40436130.0,1012800000.0,4051200000.0,320476817.66,203575870.29999995,2586999563.21,3088059263.63,501059700.42,102046872.08,1842.85,1548.27,549.46,458.19,1651.31,1931.66,0.0,105.49,,,,,,,轻工制造,家居用品,成品家居,32.1,32.11,32.23
sz301061,匠心家居,2022-08-22,31.98,32.66,31.4,32.54,31.65,1580674.0,51111739.0,1041280000.0,4165120000.0,320476817.66,203575870.29999995,2586999563.21,3088059263.63,501059700.42,102046872.08,2644.02,1596.55,644.83,375.42,1822.32,3139.2,0.0,0.0,,,,,,,轻工制造,家居用品,成品家居,31.85,32.28,31.95
sz301061,匠心家居,2022-08-23,32.6,32.6,31.91,32.37,32.54,1054904.0,33972369.0,1035840000.0,4143360000.0,320476817.66,203575870.29999995,2586999563.21,3088059263.63,501059700.42,102046872.08,1323.85,1122.88,406.3,605.35,1667.09,1669.0,0.0,0.0,,,,,,,轻工制造,家居用品,成品家居,32.14,32.05,32.14
sz301061,匠心家居,2022-08-24,32.37,32.65,31.25,31.41,32.37,1300560.0,41538457.0,1005120000.0,4020480000.0,320476817.66,203575870.29999995,2586999563.21,3088059263.63,501059700.42,102046872.08,1834.19,1434.06,157.86,1248.58,2161.79,1305.43,0.0,165.79,,,,,,,轻工制造,家居用品,成品家居,32.6,32.46,32.44
sz301061,匠心家居,2022-08-25,31.43,31.75,30.93,31.54,31.41,1175859.0,36933142.0,1009280000.0,4037120000.0,320476817.66,203575870.29999995,2586999563.21,3088059263.63,501059700.42,102046872.08,1688.39,1728.84,475.14,524.19,1529.79,1440.28,0.0,0.0,,,,,,,轻工制造,家居用品,成品家居,31.53,31.27,31.17
sz301061,匠心家居,2022-08-26,31.57,31.8,30.92,30.98,31.54,893506.0,27895912.0,991360000.0,3965440000.0,320476817.66,203575870.29999995,2586999563.21,3088059263.63,501059700.42,102046872.08,1270.91,911.57,135.07,530.39,1383.61,1347.63,0.0,0.0,,,,,,,轻工制造,家居用品,成品家居,31.54,31.5,31.6
sz301061,匠心家居,2022-08-29,30.62,31.85,30.41,31.8,30.98,949288.0,29793010.0,1017600000.0,4070400000.0,320476817.66,203575870.29999995,2586999563.21,3088059263.63,501059700.42,102046872.08,1069.94,1179.62,478.62,400.92,1430.75,1398.76,0.0,0.0,,,,,,,轻工制造,家居用品,成品家居,30.63,31.39,31.11
sz301061,匠心家居,2022-08-30,31.53,32.46,31.53,32.04,31.8,1096779.0,35177892.0,1025280000.0,4101120000.0,320476817.66,203575870.29999995,2586999563.21,3088059263.63,501059700.42,102046872.08,1428.39,1232.39,500.18,784.08,1589.22,1395.69,0.0,105.63,,,,,,,轻工制造,家居用品,成品家居,31.99,32.09,32.03
sz301061,匠心家居,2022-08-31,31.9,32.28,31.21,31.6,32.04,1233926.0,39187837.0,1011200000.0,4044800000.0,320476817.66,203575870.29999995,2586999563.21,3088059263.63,501059700.42,102046872.08,1489.95,1434.83,508.39,314.96,1578.57,2168.99,341.87,0.0,,,,,,,轻工制造,家居用品,成品家居,31.8,31.63,31.58
sz301061,匠心家居,2022-09-01,31.63,32.99,31.63,32.24,31.6,1643357.0,53270021.0,1031680000.0,4126720000.0,320476817.66,203575870.29999995,2586999563.21,3088059263.63,501059700.42,102046872.08,2520.03,2110.32,733.43,292.05,2073.54,2924.64,0.0,0.0,,,,,,,轻工制造,家居用品,成品家居,32.51,32.23,32.2
sz301061,匠心家居,2022-09-02,32.25,32.6,31.88,32.08,32.24,1020693.0,32805462.0,1026560000.0,4106240000.0,320476817.66,203575870.29999995,2586999563.21,3088059263.63,501059700.42,102046872.08,1220.24,1373.18,288.78,562.63,1771.53,1332.23,0.0,12.5,,,,,,,轻工制造,家居用品,成品家居,32.27,32.1,32.11
sz301061,匠心家居,2022-09-05,32.3,32.4,31.0,31.42,32.08,1219420.0,38224729.0,1005440000.0,4021760000.0,320476817.66,203575870.29999995,2586999563.21,3088059263.63,501059700.42,102046872.08,1417.92,1386.33,479.41,906.93,1925.14,1529.21,0.0,0.0,,,,,,,轻工制造,家居用品,成品家居,31.95,31.45,31.43
sz301061,匠心家居,2022-09-06,31.31,31.58,30.9,31.31,31.42,773694.0,24118237.0,1001920000.0,4007680000.0,320476817.66,203575870.29999995,2586999563.21,3088059263.63,501059700.42,102046872.08,996.52,1022.03,219.92,542.7,1195.38,847.09,0.0,0.0,,,,,,,轻工制造,家居用品,成品家居,31.22,31.0,31.05
sz301061,匠心家居,2022-09-07,31.38,33.01,31.23,32.83,31.31,2172561.0,70417449.0,1050560000.0,4202240000.0,320476817.66,203575870.29999995,2586999563.21,3088059263.63,501059700.42,102046872.08,3000.74,2845.47,1094.95,684.4,2946.05,3511.87,0.0,0.0,,,,,,,轻工制造,家居用品,成品家居,31.68,31.62,31.75
sz301061,匠心家居,2022-09-08,32.83,33.06,32.25,32.62,32.83,1357200.0,44246630.0,1043840000.0,4175360000.0,320476817.66,203575870.29999995,2586999563.21,3088059263.63,501059700.42,102046872.08,2106.01,2052.27,502.53,519.26,1816.12,1853.14,0.0,0.0,,,,,,,轻工制造,家居用品,成品家居,32.34,32.44,32.59
sz301061,匠心家居,2022-09-09,32.0,32.4,31.62,32.28,32.12,1372413.0,43915016.0,1032960000.0,4131840000.0,320476817.66,203575870.29999995,2586999563.21,3088059263.63,501059700.42,102046872.08,1627.78,1822.69,761.56,342.87,1810.88,1929.37,191.29,296.57,,,,,,,轻工制造,家居用品,成品家居,31.76,31.88,31.88
sz301061,匠心家居,2022-09-13,32.38,32.92,31.9,32.87,32.28,1762441.0,57493305.0,1051840000.0,4207360000.0,320476817.66,203575870.29999995,2586999563.21,3088059263.63,501059700.42,102046872.08,2215.83,2297.06,1158.58,878.67,2265.11,2573.59,109.82,0.0,,,,,,,轻工制造,家居用品,成品家居,32.06,32.2,32.57
sz301061,匠心家居,2022-09-14,32.4,32.58,31.93,32.33,32.87,1131587.0,36500834.0,1034560000.0,4138240000.0,320476817.66,203575870.29999995,2586999563.21,3088059263.63,501059700.42,102046872.08,1545.78,1466.39,394.56,582.53,1709.74,1601.17,0.0,0.0,,,,,,,轻工制造,家居用品,成品家居,32.08,32.13,32.11
sz301061,匠心家居,2022-09-15,32.4,33.15,31.63,32.43,32.33,1693761.0,54782523.0,1037760000.0,4151040000.0,320476817.66,203575870.29999995,2586999563.21,3088059263.63,501059700.42,102046872.08,2287.55,2070.4,842.98,1194.99,2347.73,2101.76,0.0,111.1,,,,,,,轻工制造,家居用品,成品家居,32.65,32.9,32.54
sz301061,匠心家居,2022-09-16,32.55,32.99,31.55,31.66,32.43,1949124.0,63489989.0,1013120000.0,4052480000.0,320476817.66,203575870.29999995,2586999563.21,3088059263.63,501059700.42,102046872.08,2944.73,2949.83,655.87,1098.05,2722.55,2301.12,25.85,0.0,,,,,,,轻工制造,家居用品,成品家居,32.4,32.5,32.76
sz301061,匠心家居,2022-09-19,31.6,31.63,30.02,30.6,31.66,1381557.0,42314835.0,979200000.0,3916800000.0,320476817.66,203575870.29999995,2586999563.21,3088059263.63,501059700.42,102046872.08,1862.71,2132.81,596.55,601.68,1654.11,1496.99,118.12,0.0,,,,,,,轻工制造,家居用品,成品家居,30.21,30.78,31.1
sz301061,匠心家居,2022-09-20,30.66,31.6,30.17,31.25,30.6,1135517.0,34878558.0,1000000000.0,4000000000.0,320476817.66,203575870.29999995,2586999563.21,3088059263.63,501059700.42,102046872.08,1524.11,1384.14,336.29,600.65,1524.64,1503.06,102.81,0.0,,,,,,,轻工制造,家居用品,成品家居,31.12,31.14,31.06
sz301061,匠心家居,2022-09-21,31.0,31.23,30.2,30.85,31.25,711386.0,21877068.0,987200000.0,3948800000.0,320476817.66,203575870.29999995,2586999563.21,3088059263.63,501059700.42,102046872.08,693.12,678.36,112.39,88.27,1323.19,1362.07,0.0,0.0,,,,,,,轻工制造,家居用品,成品家居,30.61,30.4,30.41
sz301061,匠心家居,2022-09-22,31.0,31.45,30.33,30.64,30.85,811329.0,25065359.0,980480000.0,3921920000.0,320476817.66,203575870.29999995,2586999563.21,3088059263.63,501059700.42,102046872.08,1034.52,864.19,89.72,154.08,1382.3,1488.27,0.0,0.0,,,,,,,轻工制造,家居用品,成品家居,30.82,31.08,31.17
sz301061,匠心家居,2022-09-23,30.63,30.88,29.67,29.94,30.64,888300.0,26751692.0,958080000.0,3832320000.0,320476817.66,203575870.29999995,2586999563.21,3088059263.63,501059700.42,102046872.08,967.46,1032.04,345.01,625.38,1362.71,1017.75,0.0,0.0,,,,,,,轻工制造,家居用品,成品家居,30.4,30.71,30.73
sz301061,匠心家居,2022-09-26,29.94,30.39,29.4,29.49,29.94,580946.0,17328475.0,943680000.0,3774720000.0,320476817.66,203575870.29999995,2586999563.21,3088059263.63,501059700.42,102046872.08,670.0,826.56,197.56,43.97,865.28,862.32,0.0,0.0,,,,,,,轻工制造,家居用品,成品家居,29.89,30.26,30.2
sz301061,匠心家居,2022-09-27,29.31,30.11,29.31,30.11,29.49,524965.0,15661916.0,963520000.0,3854080000.0,320476817.66,203575870.29999995,2586999563.21,3088059263.63,501059700.42,102046872.08,453.02,446.16,127.12,420.5,986.05,699.54,0.0,0.0,,,,,,,轻工制造,家居用品,成品家居,29.69,29.63,29.5
sz301061,匠心家居,2022-09-28,30.13,30.58,29.83,29.83,30.11,617610.0,18636166.0,954560000.0,3818240000.0,320476817.66,203575870.29999995,2586999563.21,3088059263.63,501059700.42,102046872.08,620.02,683.49,145.98,437.91,1097.62,742.22,0.0,0.0,,,,,,,轻工制造,家居用品,成品家居,30.02,30.44,30.4
sz301061,匠心家居,2022-09-29,30.28,30.28,29.33,29.46,29.83,486160.0,14461248.0,942720000.0,3770880000.0,320476817.66,203575870.29999995,2586999563.21,3088059263.63,501059700.42,102046872.08,512.31,536.42,45.62,122.79,888.19,786.92,0.0,0.0,,,,,,,轻工制造,家居用品,成品家居,30.07,30.15,30.1
sz301061,匠心家居,2022-09-30,29.5,30.05,28.53,29.1,29.46,749757.0,21886944.0,931200000.0,3724800000.0,320476817.66,203575870.29999995,2586999563.21,3088059263.63,501059700.42,102046872.08,1017.08,741.41,182.33,272.36,977.36,1036.77,11.92,138.16,,,,,,,轻工制造,家居用品,成品家居,29.3,29.49,29.34
sz301061,匠心家居,2022-10-10,29.3,29.57,28.83,29.07,29.1,465819.0,13637251.0,930240000.0,3720960000.0,320476817.66,203575870.29999995,2586999563.21,3088059263.63,501059700.42,102046872.08,437.38,448.02,81.66,67.14,844.68,848.56,0.0,0.0,,,,,,,轻工制造,家居用品,成品家居,29.19,29.45,29.25
sz301061,匠心家居,2022-10-11,29.04,29.95,28.5,29.84,29.07,642521.0,18817374.0,954880000.0,3819520000.0,320476817.66,203575870.29999995,2586999563.21,3088059263.63,501059700.42,102046872.08,730.86,558.01,409.04,173.19,741.83,1150.53,0.0,0.0,,,,,,,轻工制造,家居用品,成品家居,28.95,28.55,28.54
sz301061,匠心家居,2022-10-12,29.84,30.52,29.47,30.52,29.84,551253.0,16526518.0,976640000.0,3906560000.0,320476817.66,203575870.29999995,2586999563.21,3088059263.63,501059700.42,102046872.08,648.68,747.0,220.63,207.06,783.35,698.59,0.0,0.0,,,,,,,轻工制造,家居用品,成品家居,29.88,29.75,29.48
sz301061,匠心家居,2022-10-13,30.24,30.48,30.09,30.14,30.52,377673.0,11424417.0,964480000.0,3857920000.0,320476817.66,203575870.29999995,2586999563.21,3088059263.63,501059700.42,102046872.08,467.68,340.23,121.17,250.08,553.59,552.13,0.0,0.0,,,,,,,轻工制造,家居用品,成品家居,30.4,30.2,30.3
sz301061,匠心家居,2022-10-14,30.17,30.99,30.17,30.86,30.14,632321.0,19475855.0,987520000.0,3950080000.0,320476817.66,203575870.29999995,2586999563.21,3088059263.63,501059700.42,102046872.08,722.16,746.86,453.89,274.9,771.54,925.83,0.0,0.0,,,,,,,轻工制造,家居用品,成品家居,30.54,30.67,30.77
sz301061,匠心家居,2022-10-17,30.73,31.2,30.68,31.17,30.86,415320.0,12894805.0,997440000.0,3989760000.0,320476817.66,203575870.29999995,2586999563.21,3088059263.63,501059700.42,102046872.08,522.59,529.89,356.21,137.8,410.69,621.78,0.0,0.0,,,,,,,轻工制造,家居用品,成品家居,31.08,30.82,30.91
sz301061,匠心家居,2022-10-18,31.22,31.22,30.6,30.84,31.17,580149.0,17901724.0,986880000.0,3947520000.0,320476817.66,203575870.29999995,2586999563.21,3088059263.63,501059700.42,102046872.08,677.56,509.49,256.9,778.15,855.71,502.53,0.0,0.0,,,,,,,轻工制造,家居用品,成品家居,30.98,30.9,30.74
sz301061,匠心家居,2022-10-19,30.77,30.88,30.2,30.25,30.84,404539.0,12305857.0,968000000.0,3872000000.0,320476817.66,203575870.29999995,2586999563.21,3088059263.63,501059700.42,102046872.08,359.42,504.0,165.51,165.45,705.66,561.13,0.0,0.0,,,,,,,轻工制造,家居用品,成品家居,30.63,30.52,30.44
sz301061,匠心家居,2022-10-20,30.11,30.41,29.83,30.16,30.25,735480.0,22143088.0,965120000.0,3860480000.0,320476817.66,203575870.29999995,2586999563.21,3088059263.63,501059700.42,102046872.08,751.21,718.27,568.82,419.81,630.94,830.97,263.35,245.26,,,,,,,轻工制造,家居用品,成品家居,30.2,30.05,30.07
sz301061,匠心家居,2022-10-21,30.12,30.38,29.6,29.9,30.16,452080.0,13521051.0,956800000.0,3827200000.0,320476817.66,203575870.29999995,2586999563.21,3088059263.63,501059700.42,102046872.08,429.39,566.05,137.71,179.27,763.83,585.61,0.0,0.0,,,,,,,轻工制造,家居用品,成品家居,30.09,30.31,30.13
sz301061,匠心家居,2022-10-24,30.01,30.25,29.25,29.25,29.9,490140.0,14558086.0,936000000.0,3744000000.0,320476817.66,203575870.29999995,2586999563.21,3088059263.63,501059700.42,102046872.08,643.1,534.07,118.05,331.08,694.66,590.66,0.0,0.0,,,,,,,轻工制造,家居用品,成品家居,30.04,30.12,29.8
sz301061,匠心家居,2022-10-25,29.18,29.66,28.8,29.15,29.25,577422.0,16773815.0,932800000.0,3731200000.0,320476817.66,203575870.29999995,2586999563.21,3088059263.63,501059700.42,102046872.08,657.9,483.22,291.61,211.35,727.86,982.81,0.0,0.0,,,,,,,轻工制造,家居用品,成品家居,29.18,29.11,29.12
sz301061,匠心家居,2022-10-26,29.13,30.19,29.08,29.99,29.15,709160.0,21107204.0,959680000.0,3838720000.0,320476817.66,203575870.29999995,2586999563.21,3088059263.63,501059700.42,102046872.08,1064.66,1049.01,375.96,290.86,670.1,770.85,0.0,0.0,,,,,,,轻工制造,家居用品,成品家居,29.42,29.28,29.51
sz301061,匠心家居,2022-10-27,29.81,30.1,29.21,29.29,29.99,701846.0,20763477.0,937280000.0,3749120000.0,318926843.48999995,196251173.36999997,2625193351.17,3072433007.39,447239656.22,84370374.59,861.74,798.12,224.37,508.98,990.24,769.25,0.0,0.0,,,,,,,轻工制造,家居用品,成品家居,29.83,29.67,29.44
sz301061,匠心家居,2022-10-28,29.21,29.34,28.12,28.12,29.29,632700.0,18137024.0,899840000.0,3599360000.0,318926843.48999995,196251173.36999997,2625193351.17,3072433007.39,447239656.22,84370374.59,660.92,705.16,85.29,287.62,1067.49,820.92,0.0,0.0,,,,,,,轻工制造,家居用品,成品家居,29.08,29.18,29.06
sz301061,匠心家居,2022-10-31,28.03,28.58,28.03,28.37,28.12,314380.0,8906453.0,907840000.0,3631360000.0,318926843.48999995,196251173.36999997,2625193351.17,3072433007.39,447239656.22,84370374.59,350.44,390.37,8.14,111.06,532.06,389.21,0.0,0.0,,,,,,,轻工制造,家居用品,成品家居,28.2,28.41,28.38
sz301061,匠心家居,2022-11-01,28.49,29.25,28.24,29.25,28.37,420287.0,12085786.0,936000000.0,3744000000.0,318926843.48999995,196251173.36999997,2625193351.17,3072433007.39,447239656.22,84370374.59,590.19,398.41,121.22,126.34,497.17,683.82,0.0,0.0,,,,,,,轻工制造,家居用品,成品家居,28.67,28.43,28.45
sz301061,匠心家居,2022-11-02,29.67,29.67,29.19,29.41,29.25,520160.0,15289682.0,941120000.0,3764480000.0,318926843.48999995,196251173.36999997,2625193351.17,3072433007.39,447239656.22,84370374.59,665.75,695.34,78.95,190.01,680.43,643.63,103.85,0.0,,,,,,,轻工制造,家居用品,成品家居,29.41,29.42,29.45
sz301061,匠心家居,2022-11-03,29.21,29.65,29.07,29.4,29.41,584440.0,17165017.0,940800000.0,3763200000.0,318926843.48999995,196251173.36999997,2625193351.17,3072433007.39,447239656.22,84370374.59,968.18,492.43,147.93,63.48,600.38,1160.59,0.0,0.0,,,,,,,轻工制造,家居用品,成品家居,29.46,29.54,29.5
sz301061,匠心家居,2022-11-04,29.44,29.76,29.22,29.75,29.4,608500.0,18024068.0,952000000.0,3808000000.0,318926843.48999995,196251173.36999997,2625193351.17,3072433007.39,447239656.22,84370374.59,865.84,807.54,376.4,324.69,560.16,670.18,0.0,0.0,,,,,,,轻工制造,家居用品,成品家居,29.37,29.5,29.45
sz301061,匠心家居,2022-11-07,29.74,30.11,29.4,30.05,29.75,771360.0,23016205.0,961600000.0,3846400000.0,318926843.48999995,196251173.36999997,2625193351.17,3072433007.39,447239656.22,84370374.59,724.52,1036.05,660.52,510.31,756.17,755.26,160.4,0.0,,,,,,,轻工制造,家居用品,成品家居,29.81,29.81,29.67
sz301061,匠心家居,2022-11-08,29.95,30.16,29.68,29.84,30.05,388346.0,11571545.0,954880000.0,3819520000.0,318926843.48999995,196251173.36999997,2625193351.17,3072433007.39,447239656.22,84370374.59,283.47,392.63,137.49,97.0,719.49,667.53,16.7,0.0,,,,,,,轻工制造,家居用品,成品家居,29.85,29.76,29.74
sz301061,匠心家居,2022-11-09,29.84,30.15,29.77,29.77,29.84,271300.0,8111594.0,952640000.0,3810560000.0,318926843.48999995,196251173.36999997,2625193351.17,3072433007.39,447239656.22,84370374.59,316.2,371.1,79.13,89.74,415.83,350.32,0.0,0.0,,,,,,,轻工制造,家居用品,成品家居,29.88,29.92,29.82
sz301061,匠心家居,2022-11-10,29.73,29.92,29.53,29.72,29.77,309420.0,9197266.0,951040000.0,3804160000.0,318926843.48999995,196251173.36999997,2625193351.17,3072433007.39,447239656.22,84370374.59,234.17,391.19,80.52,156.73,605.04,371.81,0.0,0.0,,,,,,,轻工制造,家居用品,成品家居,29.69,29.88,29.8
sz301061,匠心家居,2022-11-11,30.31,30.88,30.05,30.2,29.72,1159206.0,35347178.0,966400000.0,3865600000.0,318926843.48999995,196251173.36999997,2625193351.17,3072433007.39,447239656.22,84370374.59,1341.42,1567.33,275.64,607.28,1917.66,1328.3,0.0,31.82,,,,,,,轻工制造,家居用品,成品家居,30.1,30.26,30.23
sz301061,匠心家居,2022-11-14,30.68,31.49,30.5,30.57,30.2,998720.0,30838374.0,978240000.0,3912960000.0,318926843.48999995,196251173.36999997,2625193351.17,3072433007.39,447239656.22,84370374.59,1159.8,1310.96,606.02,327.21,1318.01,1445.67,0.0,0.0,,,,,,,轻工制造,家居用品,成品家居,31.1,30.97,30.86
sz301061,匠心家居,2022-11-15,30.58,30.86,30.18,30.77,30.57,518240.0,15856359.0,984640000.0,3938560000.0,318926843.48999995,196251173.36999997,2625193351.17,3072433007.39,447239656.22,84370374.59,643.16,671.89,131.3,169.26,811.18,744.49,0.0,0.0,,,,,,,轻工制造,家居用品,成品家居,30.43,30.54,30.51
sz301061,匠心家居,2022-11-16,31.07,31.1,30.46,30.58,30.77,505980.0,15535994.0,978560000.0,3914240000.0,318926843.48999995,196251173.36999997,2625193351.17,3072433007.39,447239656.22,84370374.59,438.44,589.53,249.06,306.61,866.11,657.45,0.0,0.0,,,,,,,轻工制造,家居用品,成品家居,30.74,30.7,30.64
sz301061,匠心家居,2022-11-17,30.65,31.0,30.4,30.76,30.58,541340.0,16608900.0,984320000.0,3937280000.0,318926843.48999995,196251173.36999997,2625193351.17,3072433007.39,447239656.22,84370374.59,439.66,456.71,319.33,305.56,784.2,898.63,117.7,0.0,,,,,,,轻工制造,家居用品,成品家居,30.65,30.64,30.52
sz301061,匠心家居,2022-11-18,30.9,30.95,30.24,30.28,30.76,516440.0,15786151.0,968960000.0,3875840000.0,318926843.48999995,196251173.36999997,2625193351.17,3072433007.39,447239656.22,84370374.59,601.88,704.09,0.0,138.07,976.74,736.45,0.0,0.0,,,,,,,轻工制造,家居用品,成品家居,30.9,30.8,30.76
sz301061,匠心家居,2022-11-21,30.28,30.39,29.98,30.29,30.28,414840.0,12535039.0,969280000.0,3877120000.0,318926843.48999995,196251173.36999997,2625193351.17,3072433007.39,447239656.22,84370374.59,446.71,704.77,181.19,169.77,625.6,378.96,0.0,0.0,,,,,,,轻工制造,家居用品,成品家居,30.12,30.19,30.15
sz301061,匠心家居,2022-11-22,30.14,30.55,30.03,30.1,30.29,440400.0,13348031.0,963200000.0,3852800000.0,318926843.48999995,196251173.36999997,2625193351.17,3072433007.39,447239656.22,84370374.59,598.97,488.58,126.67,184.28,609.16,661.94,0.0,0.0,,,,,,,轻工制造,家居用品,成品家居,30.39,30.49,30.38
sz301061,匠心家居,2022-11-23,30.32,30.33,29.52,29.8,30.1,482815.0,14400310.0,953600000.0,3814400000.0,318926843.48999995,196251173.36999997,2625193351.17,3072433007.39,447239656.22,84370374.59,590.91,483.07,234.23,183.78,614.89,773.18,0.0,0.0,,,,,,,轻工制造,家居用品,成品家居,30.11,30.0,29.95
sz301061,匠心家居,2022-11-24,29.93,30.11,29.7,29.98,29.8,330392.0,9874639.0,959360000.0,3837440000.0,318926843.48999995,196251173.36999997,2625193351.17,3072433007.39,447239656.22,84370374.59,409.67,351.59,93.01,165.85,484.78,470.02,0.0,0.0,,,,,,,轻工制造,家居用品,成品家居,29.9,30.06,30.04
sz301061,匠心家居,2022-11-25,29.98,30.14,29.72,29.79,29.98,344180.0,10278860.0,953280000.0,3813120000.0,318926843.48999995,196251173.36999997,2625193351.17,3072433007.39,447239656.22,84370374.59,410.23,495.63,23.0,126.58,594.65,405.68,0.0,0.0,,,,,,,轻工制造,家居用品,成品家居,29.97,29.73,29.74
sz301061,匠心家居,2022-11-28,29.51,29.6,29.15,29.33,29.79,424119.0,12423889.0,938560000.0,3754240000.0,318926843.48999995,196251173.36999997,2625193351.17,3072433007.39,447239656.22,84370374.59,363.53,438.92,140.01,250.85,738.85,552.63,0.0,0.0,,,,,,,轻工制造,家居用品,成品家居,29.46,29.34,29.43
sz301061,匠心家居,2022-11-29,29.43,30.45,29.43,30.3,29.33,761943.0,22897216.0,969600000.0,3878400000.0,318926843.48999995,196251173.36999997,2625193351.17,3072433007.39,447239656.22,84370374.59,928.38,1090.46,279.12,187.02,1082.22,1012.25,0.0,0.0,,,,,,,轻工制造,家居用品,成品家居,29.8,29.64,29.7
sz301061,匠心家居,2022-11-30,30.19,30.39,29.93,29.98,30.3,453437.0,13654381.0,959360000.0,3837440000.0,318926843.48999995,196251173.36999997,2625193351.17,3072433007.39,447239656.22,84370374.59,373.13,536.25,165.05,193.95,827.26,635.24,0.0,0.0,,,,,,,轻工制造,家居用品,成品家居,30.37,30.29,30.2
sz301061,匠心家居,2022-12-01,29.98,30.47,29.95,30.0,29.98,440355.0,13260708.0,960000000.0,3840000000.0,318926843.48999995,196251173.36999997,2625193351.17,3072433007.39,447239656.22,84370374.59,390.66,406.41,124.92,185.03,810.49,734.63,0.0,0.0,,,,,,,轻工制造,家居用品,成品家居,30.11,30.25,30.3
sz301061,匠心家居,2022-12-02,29.94,30.76,29.9,30.55,30.0,819062.0,24809535.0,977600000.0,3910400000.0,318926843.48999995,196251173.36999997,2625193351.17,3072433007.39,447239656.22,84370374.59,841.86,1111.95,726.46,416.2,912.63,952.8,0.0,0.0,,,,,,,轻工制造,家居用品,成品家居,30.01,29.99,30.0
sz301061,匠心家居,2022-12-05,30.66,32.0,30.45,31.54,30.55,1656392.0,51932756.0,1009280000.0,4037120000.0,318926843.48999995,196251173.36999997,2625193351.17,3072433007.39,447239656.22,84370374.59,2127.57,2095.47,1012.13,668.86,1946.58,2428.95,106.99,0.0,,,,,,,轻工制造,家居用品,成品家居,30.55,30.54,30.82
sz301061,匠心家居,2022-12-06,31.47,31.47,30.7,30.95,31.54,815380.0,25314386.0,990400000.0,3961600000.0,318926843.48999995,196251173.36999997,2625193351.17,3072433007.39,447239656.22,84370374.59,935.57,886.23,156.73,476.41,1408.35,1067.93,0.0,70.09,,,,,,,轻工制造,家居用品,成品家居,30.96,31.23,31.19
sz301061,匠心家居,2022-12-07,30.94,31.17,30.71,30.8,30.95,646108.0,19944791.0,985600000.0,3942400000.0,318926843.48999995,196251173.36999997,2625193351.17,3072433007.39,447239656.22,84370374.59,665.42,739.15,417.26,299.36,911.8,955.97,0.0,0.0,,,,,,,轻工制造,家居用品,成品家居,30.88,30.93,30.88
sz301061,匠心家居,2022-12-08,30.79,31.88,30.58,31.68,30.8,1068880.0,33512285.0,1013760000.0,4055040000.0,318926843.48999995,196251173.36999997,2625193351.17,3072433007.39,447239656.22,84370374.59,1240.92,1256.92,472.89,508.3,1372.44,1586.02,264.98,0.0,,,,,,,轻工制造,家居用品,成品家居,30.73,30.7,30.64
sz301061,匠心家居,2022-12-09,31.65,32.16,31.01,31.47,31.68,978880.0,31011527.0,1007040000.0,4028160000.0,318926843.48999995,196251173.36999997,2625193351.17,3072433007.39,447239656.22,84370374.59,1237.99,1435.81,524.06,379.49,1339.11,1285.85,0.0,0.0,,,,,,,轻工制造,家居用品,成品家居,31.64,32.01,31.75
sz301061,匠心家居,2022-12-12,31.3,31.47,30.9,31.04,31.47,591712.0,18371081.0,993280000.0,3973120000.0,318926843.48999995,196251173.36999997,2625193351.17,3072433007.39,447239656.22,84370374.59,741.73,849.22,132.08,389.46,963.3,598.43,0.0,0.0,,,,,,,轻工制造,家居用品,成品家居,31.28,31.0,31.1
sz301061,匠心家居,2022-12-13,31.05,31.65,30.88,31.46,31.04,730120.0,22877736.0,1006720000.0,4026880000.0,318926843.48999995,196251173.36999997,2625193351.17,3072433007.39,447239656.22,84370374.59,1035.12,923.58,402.33,257.06,850.32,919.16,0.0,187.98,,,,,,,轻工制造,家居用品,成品家居,31.11,31.22,31.25
sz301061,匠心家居,2022-12-14,31.47,31.5,30.91,31.39,31.46,565959.0,17630555.0,1004480000.0,4017920000.0,318926843.48999995,196251173.36999997,2625193351.17,3072433007.39,447239656.22,84370374.59,786.6,793.39,158.22,333.82,818.23,635.84,0.0,0.0,,,,,,,轻工制造,家居用品,成品家居,31.42,31.2,31.2
sz301061,匠心家居,2022-12-15,31.33,31.47,30.97,31.1,31.39,324100.0,10084203.0,995200000.0,3980800000.0,318926843.48999995,196251173.36999997,2625193351.17,3072433007.39,447239656.22,84370374.59,453.31,412.02,44.3,29.37,510.81,567.03,0.0,0.0,,,,,,,轻工制造,家居用品,成品家居,31.35,31.25,31.08
sz301061,匠心家居,2022-12-16,30.99,31.25,30.4,30.6,31.1,525404.0,16152487.0,979200000.0,3916800000.0,318926843.48999995,196251173.36999997,2625193351.17,3072433007.39,447239656.22,84370374.59,546.71,728.91,164.78,300.69,903.76,585.64,0.0,0.0,,,,,,,轻工制造,家居用品,成品家居,30.89,30.73,30.51
sz301061,匠心家居,2022-12-19,31.12,31.68,29.95,30.0,30.6,822580.0,25352550.0,960000000.0,3840000000.0,318926843.48999995,196251173.36999997,2625193351.17,3072433007.39,447239656.22,84370374.59,1011.12,906.39,294.45,309.65,1229.68,1319.22,0.0,0.0,,,,,,,轻工制造,家居用品,成品家居,31.4,31.06,30.9
sz301061,匠心家居,2022-12-20,29.82,30.16,29.15,29.69,30.0,597040.0,17691752.0,950080000.0,3800320000.0,318926843.48999995,196251173.36999997,2625193351.17,3072433007.39,447239656.22,84370374.59,675.49,631.96,166.27,283.08,927.42,686.82,0.0,167.31,,,,,,,轻工制造,家居用品,成品家居,29.82,29.66,29.4
sz301061,匠心家居,2022-12-21,29.5,29.98,29.32,29.62,29.69,367980.0,10885624.0,947840000.0,3791360000.0,318926843.48999995,196251173.36999997,2625193351.17,3072433007.39,447239656.22,84370374.59,477.22,333.51,64.67,168.7,546.67,586.36,0.0,0.0,,,,,,,轻工制造,家居用品,成品家居,29.53,29.54,29.51
sz301061,匠心家居,2022-12-22,29.63,30.12,29.1,29.21,29.62,476420.0,14102929.0,934720000.0,3738880000.0,318926843.48999995,196251173.36999997,2625193351.17,3072433007.39,447239656.22,84370374.59,522.18,437.99,125.35,280.92,762.75,691.39,0.0,0.0,,,,,,,轻工制造,家居用品,成品家居,29.86,29.71,29.5
sz301061,匠心家居,2022-12-23,29.77,29.77,28.73,29.0,29.21,391380.0,11340167.0,928000000.0,3712000000.0,318926843.48999995,196251173.36999997,2625193351.17,3072433007.39,447239656.22,84370374.59,344.52,465.97,132.13,94.29,657.36,535.77,0.0,37.98,,,,,,,轻工制造,家居用品,成品家居,29.01,28.83,28.82
sz301061,匠心家居,2022-12-26,29.04,29.28,28.88,29.08,29.0,260600.0,7597252.0,930560000.0,3722240000.0,318926843.48999995,196251173.36999997,2625193351.17,3072433007.39,447239656.22,84370374.59,378.82,382.8,44.38,34.31,336.53,342.61,0.0,0.0,,,,,,,轻工制造,家居用品,成品家居,29.12,29.21,29.13
sz301061,匠心家居,2022-12-27,29.16,29.43,29.0,29.43,29.08,265380.0,7769547.0,941760000.0,3767040000.0,318926843.48999995,196251173.36999997,2625193351.17,3072433007.39,447239656.22,84370374.59,385.05,359.81,67.19,22.13,324.72,395.02,0.0,0.0,,,,,,,轻工制造,家居用品,成品家居,29.25,29.11,29.09
sz301061,匠心家居,2022-12-28,29.37,29.37,28.75,28.8,29.43,337820.0,9777736.0,921600000.0,3686400000.0,318926843.48999995,196251173.36999997,2625193351.17,3072433007.39,447239656.22,84370374.59,482.55,446.05,22.83,117.22,472.39,414.5,0.0,0.0,,,,,,,轻工制造,家居用品,成品家居,29.04,29.13,29.07
sz301061,匠心家居,2022-12-29,28.76,28.97,28.41,28.63,28.8,251609.0,7235595.0,916160000.0,3664640000.0,318926843.48999995,196251173.36999997,2625193351.17,3072433007.39,447239656.22,84370374.59,262.27,220.62,128.5,162.73,332.79,340.21,0.0,0.0,,,,,,,轻工制造,家居用品,成品家居,28.6,28.78,28.75
sz301061,匠心家居,2022-12-30,28.71,29.03,28.61,28.76,28.63,172060.0,4954133.0,920320000.0,3681280000.0,318926843.48999995,196251173.36999997,2625193351.17,3072433007.39,447239656.22,84370374.59,253.53,203.05,12.65,0.0,229.23,292.37,0.0,0.0,,,,,,,轻工制造,家居用品,成品家居,28.79,28.76,28.82
sz301061,匠心家居,2023-01-03,28.99,29.29,28.75,29.29,28.76,265420.0,7722938.0,937280000.0,3749120000.0,318926843.48999995,196251173.36999997,2625193351.17,3072433007.39,447239656.22,84370374.59,359.1,248.99,77.14,91.98,336.06,431.32,0.0,0.0,,,,,,,轻工制造,家居用品,成品家居,28.9,28.88,28.88
sz301061,匠心家居,2023-01-04,29.15,30.3,29.15,29.92,29.29,610883.0,18214260.0,957440000.0,3829760000.0,318926843.48999995,196251173.36999997,2625193351.17,3072433007.39,447239656.22,84370374.59,822.14,747.92,263.81,82.06,735.47,991.45,0.0,0.0,,,,,,,轻工制造,家居用品,成品家居,29.23,29.4,29.69
sz301061,匠心家居,2023-01-05,29.74,30.0,29.5,29.9,29.92,406515.0,12090414.0,956800000.0,3827200000.0,318926843.48999995,196251173.36999997,2625193351.17,3072433007.39,447239656.22,84370374.59,439.0,558.97,81.0,115.91,689.04,534.16,0.0,0.0,,,,,,,轻工制造,家居用品,成品家居,29.54,29.51,29.65
sz301061,匠心家居,2023-01-06,29.53,30.24,29.53,29.76,29.9,446440.0,13343424.0,952320000.0,3809280000.0,318926843.48999995,196251173.36999997,2625193351.17,3072433007.39,447239656.22,84370374.59,462.26,486.7,108.72,196.58,763.36,651.07,0.0,0.0,,,,,,,轻工制造,家居用品,成品家居,29.78,29.89,29.9
sz301061,匠心家居,2023-01-09,29.81,30.13,29.66,30.06,29.76,379820.0,11346006.0,961920000.0,3847680000.0,318926843.48999995,196251173.36999997,2625193351.17,3072433007.39,447239656.22,84370374.59,493.03,447.92,86.8,196.17,554.77,490.51,0.0,0.0,,,,,,,轻工制造,家居用品,成品家居,29.77,29.8,29.73
sz301061,匠心家居,2023-01-10,30.18,30.18,29.62,29.9,30.06,285347.0,8506094.0,956800000.0,3827200000.0,318926843.48999995,196251173.36999997,2625193351.17,3072433007.39,447239656.22,84370374.59,229.62,345.71,170.92,110.34,450.06,394.56,0.0,0.0,,,,,,,轻工制造,家居用品,成品家居,29.71,29.69,29.74
sz301061,匠心家居,2023-01-11,29.88,29.89,29.34,29.35,29.9,328600.0,9725105.0,939200000.0,3756800000.0,318926843.48999995,196251173.36999997,2625193351.17,3072433007.39,447239656.22,84370374.59,220.99,384.2,166.11,226.8,585.41,361.51,0.0,0.0,,,,,,,轻工制造,家居用品,成品家居,29.68,29.71,29.81
sz301061,匠心家居,2023-01-12,29.35,29.55,29.15,29.23,29.35,216640.0,6350317.0,935360000.0,3741440000.0,318926843.48999995,196251173.36999997,2625193351.17,3072433007.39,447239656.22,84370374.59,244.24,241.23,52.35,22.29,338.45,371.51,0.0,0.0,,,,,,,轻工制造,家居用品,成品家居,29.5,29.38,29.44
sz301061,匠心家居,2023-01-13,29.42,31.33,29.12,31.1,29.23,2027711.0,62261528.0,995200000.0,3980800000.0,318926843.48999995,196251173.36999997,2625193351.17,3072433007.39,447239656.22,84370374.59,2756.66,2722.16,487.33,705.16,2982.16,2798.83,0.0,0.0,,,,,,,轻工制造,家居用品,成品家居,29.36,29.39,29.41
sz301061,匠心家居,2023-01-16,30.87,31.09,30.49,31.03,31.1,961160.0,29641953.0,992960000.0,3971840000.0,318926843.48999995,196251173.36999997,2625193351.17,3072433007.39,447239656.22,84370374.59,1141.36,992.57,205.62,551.06,1617.21,1420.56,0.0,0.0,,,,,,,轻工制造,家居用品,成品家居,30.68,30.79,30.78
sz301061,匠心家居,2023-01-17,30.9,31.0,30.55,30.62,31.03,415400.0,12748599.0,979840000.0,3919360000.0,318926843.48999995,196251173.36999997,2625193351.17,3072433007.39,447239656.22,84370374.59,418.71,597.61,142.86,85.33,713.28,591.92,0.0,0.0,,,,,,,轻工制造,家居用品,成品家居,30.85,30.88,30.76
sz301061,匠心家居,2023-01-18,30.66,30.89,30.55,30.62,30.62,446689.0,13713865.0,979840000.0,3919360000.0,318926843.48999995,196251173.36999997,2625193351.17,3072433007.39,447239656.22,84370374.59,491.41,515.87,258.79,152.64,621.19,702.87,0.0,0.0,,,,,,,轻工制造,家居用品,成品家居,30.69,30.7,30.86
sz301061,匠心家居,2023-01-19,30.59,30.87,30.21,30.39,30.62,927315.0,28148505.0,972480000.0,3889920000.0,318926843.48999995,196251173.36999997,2625193351.17,3072433007.39,447239656.22,84370374.59,1205.82,1111.22,387.02,1206.94,1222.01,492.42,0.0,4.26,,,,,,,轻工制造,家居用品,成品家居,30.48,30.42,30.39
sz301061,匠心家居,2023-01-20,30.69,30.82,30.1,30.39,30.39,571920.0,17357512.0,972480000.0,3889920000.0,318926843.48999995,196251173.36999997,2625193351.17,3072433007.39,447239656.22,84370374.59,780.28,678.58,67.71,101.54,840.05,955.63,47.71,0.0,,,,,,,轻工制造,家居用品,成品家居,30.41,30.46,30.49
sz301061,匠心家居,2023-01-30,30.59,30.89,30.49,30.64,30.39,775260.0,23780714.0,980480000.0,3921920000.0,318926843.48999995,196251173.36999997,2625193351.17,3072433007.39,447239656.22,84370374.59,830.84,1262.51,276.23,454.03,1271.0,661.53,0.0,0.0,,,,,,,轻工制造,家居用品,成品家居,30.83,30.85,30.7
sz301061,匠心家居,2023-01-31,30.77,32.18,30.55,31.97,30.64,1990289.0,62768857.0,1023040000.0,4092160000.0,318926843.48999995,196251173.36999997,2625193351.17,3072433007.39,447239656.22,84370374.59,2726.86,2699.19,1561.14,639.75,1988.24,2591.16,0.64,346.79,,,,,,,轻工制造,家居用品,成品家居,30.66,30.82,30.83
sz301061,匠心家居,2023-02-01,31.8,32.33,31.4,32.16,31.97,1583606.0,50427913.0,1029120000.0,4116480000.0,318926843.48999995,196251173.36999997,2625193351.17,3072433007.39,447239656.22,84370374.59,1911.09,1954.12,1062.41,419.05,1920.57,2669.62,148.71,0.0,,,,,,,轻工制造,家居用品,成品家居,32.29,31.87,31.77
sz301061,匠心家居,2023-02-02,32.13,32.19,31.83,31.91,32.16,703760.0,22490094.0,1021120000.0,4084480000.0,318926843.48999995,196251173.36999997,2625193351.17,3072433007.39,447239656.22,84370374.59,907.97,850.68,381.72,281.17,949.79,1107.63,0.0,0.0,,,,,,,轻工制造,家居用品,成品家居,32.12,32.01,31.91
sz301061,匠心家居,2023-02-03,31.97,32.48,31.85,32.15,31.91,1055185.0,33904700.0,1028800000.0,4115200000.0,318926843.48999995,196251173.36999997,2625193351.17,3072433007.39,447239656.22,84370374.59,1665.06,1460.12,449.51,346.56,1173.6,1455.91,102.3,127.88,,,,,,,轻工制造,家居用品,成品家居,32.08,32.02,31.93
sz301061,匠心家居,2023-02-06,32.16,32.16,31.54,31.65,32.15,649880.0,20657961.0,1012800000.0,4051200000.0,318926843.48999995,196251173.36999997,2625193351.17,3072433007.39,447239656.22,84370374.59,816.48,905.08,206.66,340.02,1042.66,820.7,0.0,0.0,,,,,,,轻工制造,家居用品,成品家居,31.83,31.93,31.94
sz301061,匠心家居,2023-02-07,31.74,33.65,31.7,33.09,31.65,2176406.0,71632405.0,1058880000.0,4235520000.0,318926843.48999995,196251173.36999997,2625193351.17,3072433007.39,447239656.22,84370374.59,3491.81,2662.41,827.03,1082.89,2830.25,3417.94,14.15,0.0,,,,,,,轻工制造,家居用品,成品家居,31.85,32.15,32.75
sz301061,匠心家居,2023-02-08,32.95,32.99,32.48,32.6,33.09,891560.0,29148520.0,1043200000.0,4172800000.0,318926843.48999995,196251173.36999997,2625193351.17,3072433007.39,447239656.22,84370374.59,1222.91,1243.08,288.81,395.22,1254.41,1276.55,148.72,0.0,,,,,,,轻工制造,家居用品,成品家居,32.86,32.87,32.71
sz301061,匠心家居,2023-02-09,32.6,32.88,32.55,32.76,32.6,627026.0,20509695.0,1048320000.0,4193280000.0,318926843.48999995,196251173.36999997,2625193351.17,3072433007.39,447239656.22,84370374.59,863.78,862.36,277.63,210.57,909.56,863.27,0.0,114.77,,,,,,,轻工制造,家居用品,成品家居,32.65,32.69,32.82
sz301061,匠心家居,2023-02-10,32.86,34.13,32.68,33.38,32.76,1539973.0,51627890.0,1068160000.0,4272640000.0,318926843.48999995,196251173.36999997,2625193351.17,3072433007.39,447239656.22,84370374.59,1981.02,1935.99,1165.7,710.47,2006.19,2516.32,9.88,0.0,,,,,,,轻工制造,家居用品,成品家居,32.97,33.16,33.24
sz301061,匠心家居,2023-02-13,33.58,35.37,33.39,34.72,33.38,2098676.0,72749034.0,1111040000.0,4444160000.0,318926843.48999995,196251173.36999997,2625193351.17,3072433007.39,447239656.22,84370374.59,2870.9,2549.47,1736.78,1613.19,2499.05,2921.09,168.17,191.15,,,,,,,轻工制造,家居用品,成品家居,33.89,34.75,35.06
sz301061,匠心家居,2023-02-14,35.02,35.14,34.52,34.99,34.72,1339260.0,46640413.0,1119680000.0,4478720000.0,318926843.48999995,196251173.36999997,2625193351.17,3072433007.39,447239656.22,84370374.59,1689.99,2064.27,1053.63,952.84,1920.41,1646.93,0.0,0.0,,,,,,,轻工制造,家居用品,成品家居,34.98,34.69,34.56
sz301061,匠心家居,2023-02-15,34.99,35.21,34.5,34.66,34.99,870521.0,30249493.0,1109120000.0,4436480000.0,318926843.48999995,196251173.36999997,2625193351.17,3072433007.39,447239656.22,84370374.59,1162.11,1173.58,244.44,780.29,1618.4,1071.08,0.0,0.0,,,,,,,轻工制造,家居用品,成品家居,35.06,35.04,34.82
sz301061,匠心家居,2023-02-16,34.66,35.0,33.17,33.38,34.66,1791544.0,60967666.0,1068160000.0,4272640000.0,318926843.48999995,196251173.36999997,2625193351.17,3072433007.39,447239656.22,84370374.59,2498.16,2578.16,604.9,1645.35,2993.7,1772.79,0.0,100.47,,,,,,,轻工制造,家居用品,成品家居,34.61,34.61,34.86
sz301061,匠心家居,2023-02-17,33.41,33.98,33.08,33.2,33.38,1048880.0,35158120.0,1062400000.0,4249600000.0,318926843.48999995,196251173.36999997,2625193351.17,3072433007.39,447239656.22,84370374.59,1456.46,1806.25,222.56,557.39,1733.77,1152.18,103.01,0.0,,,,,,,轻工制造,家居用品,成品家居,33.79,33.62,33.83
sz301061,匠心家居,2023-02-20,33.44,34.48,33.26,34.13,33.2,1153708.0,39191183.0,1092160000.0,4368640000.0,318926843.48999995,196251173.36999997,2625193351.17,3072433007.39,447239656.22,84370374.59,1393.53,1446.97,909.48,280.38,1616.11,2191.77,0.0,0.0,,,,,,,轻工制造,家居用品,成品家居,33.38,33.74,33.68
sz301061,匠心家居,2023-02-21,34.29,34.39,33.69,34.3,34.13,892340.0,30404216.0,1097600000.0,4390400000.0,318926843.48999995,196251173.36999997,2625193351.17,3072433007.39,447239656.22,84370374.59,1219.04,1195.22,351.88,443.75,1469.5,1401.45,0.0,0.0,,,,,,,轻工制造,家居用品,成品家居,34.22,34.26,33.99
sz301061,匠心家居,2023-02-22,33.95,36.54,33.81,36.0,34.3,2364862.0,84205081.0,1152000000.0,4608000000.0,318926843.48999995,196251173.36999997,2625193351.17,3072433007.39,447239656.22,84370374.59,2676.42,3398.48,1974.71,1415.11,3262.79,3605.21,504.89,0.0,,,,,,,轻工制造,家居用品,成品家居,34.0,34.07,34.02
sz301061,匠心家居,2023-02-23,35.94,36.18,35.37,35.52,36.0,1002089.0,35771375.0,1136640000.0,4546560000.0,318926843.48999995,196251173.36999997,2625193351.17,3072433007.39,447239656.22,84370374.59,1589.22,1222.41,478.35,827.24,1509.56,1477.14,0.0,50.35,,,,,,,轻工制造,家居用品,成品家居,35.99,35.93,35.74
sz301061,匠心家居,2023-02-24,35.79,36.16,35.24,35.65,35.52,807552.0,28794622.0,1140800000.0,4563200000.0,318926843.48999995,196251173.36999997,2625193351.17,3072433007.39,447239656.22,84370374.59,1172.01,1079.89,477.55,248.45,1229.9,1432.87,0.0,118.25,,,,,,,轻工制造,家居用品,成品家居,35.27,35.79,35.85
sz301061,匠心家居,2023-02-27,35.66,36.24,34.99,35.01,35.65,1109697.0,39336805.0,1120320000.0,4481280000.0,318926843.48999995,196251173.36999997,2625193351.17,3072433007.39,447239656.22,84370374.59,1326.36,1447.74,653.12,838.64,1954.2,1587.14,0.0,60.17,,,,,,,轻工制造,家居用品,成品家居,35.33,35.69,35.61
sz301061,匠心家居,2023-02-28,35.05,35.47,34.7,35.38,35.01,803426.0,28248686.0,1132160000.0,4528640000.0,318926843.48999995,196251173.36999997,2625193351.17,3072433007.39,447239656.22,84370374.59,1060.97,970.61,295.45,682.93,1468.45,1038.64,0.0,132.69,,,,,,,轻工制造,家居用品,成品家居,35.17,35.06,35.14
sz301061,匠心家居,2023-03-01,35.37,35.96,35.02,35.5,35.38,888100.0,31585602.0,1136000000.0,4544000000.0,318926843.48999995,196251173.36999997,2625193351.17,3072433007.39,447239656.22,84370374.59,1377.37,1056.36,381.31,473.17,1399.88,1520.64,0.0,108.39,,,,,,,轻工制造,家居用品,成品家居,35.17,35.34,35.8
sz301061,匠心家居,2023-03-02,35.5,35.94,35.12,35.45,35.5,766220.0,27198789.0,1134400000.0,4537600000.0,318926843.48999995,196251173.36999997,2625193351.17,3072433007.39,447239656.22,84370374.59,1013.32,988.19,441.37,642.14,1265.19,1089.55,0.0,0.0,,,,,,,轻工制造,家居用品,成品家居,35.53,35.74,35.9
sz301061,匠心家居,2023-03-03,35.39,35.39,33.9,34.38,35.45,1707180.0,58613883.0,1100160000.0,4400640000.0,318926843.48999995,196251173.36999997,2625193351.17,3072433007.39,447239656.22,84370374.59,1878.02,2259.33,909.65,1491.06,2866.31,1612.75,207.41,498.26,,,,,,,轻工制造,家居用品,成品家居,35.28,34.94,34.7
sz301061,匠心家居,2023-03-06,34.3,34.68,33.29,33.3,34.38,1540148.0,51832712.0,1065600000.0,4262400000.0,318926843.48999995,196251173.36999997,2625193351.17,3072433007.39,447239656.22,84370374.59,1964.56,2284.55,283.29,1159.14,2903.89,1230.89,31.54,508.69,,,,,,,轻工制造,家居用品,成品家居,34.16,33.74,33.76
sz301061,匠心家居,2023-03-07,33.31,34.35,33.31,33.36,33.3,1977460.0,66953214.0,1067520000.0,4270080000.0,318926843.48999995,196251173.36999997,2625193351.17,3072433007.39,447239656.22,84370374.59,3000.37,2043.91,975.79,894.37,2617.47,3116.0,101.69,641.04,,,,,,,轻工制造,家居用品,成品家居,33.62,34.09,33.89
sz301061,匠心家居,2023-03-08,33.46,34.45,33.33,34.04,33.36,859393.0,29200915.0,1089280000.0,4357120000.0,318926843.48999995,196251173.36999997,2625193351.17,3072433007.39,447239656.22,84370374.59,1487.48,1162.57,122.91,218.1,1309.7,1539.42,0.0,0.0,,,,,,,轻工制造,家居用品,成品家居,33.65,33.69,33.75
sz301061,匠心家居,2023-03-09,34.11,34.5,33.63,34.35,34.04,665708.0,22710298.0,1099200000.0,4396800000.0,318926843.48999995,196251173.36999997,2625193351.17,3072433007.39,447239656.22,84370374.59,723.21,747.55,305.21,412.85,1242.62,1110.63,0.0,0.0,,,,,,,轻工制造,家居用品,成品家居,33.91,33.63,33.74
sz301061,匠心家居,2023-03-10,34.12,34.4,32.85,32.85,34.35,954260.0,31792505.0,1051200000.0,4204800000.0,318926843.48999995,196251173.36999997,2625193351.17,3072433007.39,447239656.22,84370374.59,1073.0,1197.03,268.3,364.87,1837.95,1617.35,0.0,0.0,,,,,,,轻工制造,家居用品,成品家居,33.92,33.7,33.5
sz301061,匠心家居,2023-03-13,32.86,33.29,32.36,32.81,32.85,618200.0,20233960.0,1049920000.0,4199680000.0,318926843.48999995,196251173.36999997,2625193351.17,3072433007.39,447239656.22,84370374.59,572.52,775.55,142.92,355.03,1307.96,892.81,0.0,0.0,,,,,,,轻工制造,家居用品,成品家居,33.2,33.14,32.95
sz301061,匠心家居,2023-03-14,32.81,32.95,31.9,31.9,32.81,802760.0,25841774.0,1020800000.0,4083200000.0,318926843.48999995,196251173.36999997,2625193351.17,3072433007.39,447239656.22,84370374.59,811.84,727.93,181.72,572.0,1590.62,1117.19,0.0,167.05,,,,,,,轻工制造,家居用品,成品家居,32.46,32.37,32.5
sz301061,匠心家居,2023-03-15,32.13,32.61,32.13,32.21,31.9,425760.0,13774661.0,1030720000.0,4122880000.0,318926843.48999995,196251173.36999997,2625193351.17,3072433007.39,447239656.22,84370374.59,464.98,274.84,85.55,44.88,826.93,954.97,0.0,102.78,,,,,,,轻工制造,家居用品,成品家居,32.28,32.41,32.38
sz301061,匠心家居,2023-03-16,32.1,32.37,31.6,31.6,32.21,493420.0,15758945.0,1011200000.0,4044800000.0,318926843.48999995,196251173.36999997,2625193351.17,3072433007.39,447239656.22,84370374.59,462.59,492.26,143.17,285.3,970.13,752.54,0.0,45.79,,,,,,,轻工制造,家居用品,成品家居,32.09,32.23,32.3
sz301061,匠心家居,2023-03-17,31.79,32.38,31.72,31.8,31.6,486780.0,15599723.0,1017600000.0,4070400000.0,318926843.48999995,196251173.36999997,2625193351.17,3072433007.39,447239656.22,84370374.59,460.57,610.59,230.72,153.04,868.68,796.35,0.0,0.0,,,,,,,轻工制造,家居用品,成品家居,32.12,32.34,32.24
sz301061,匠心家居,2023-03-20,31.83,32.24,31.3,32.12,31.8,620940.0,19766034.0,1027840000.0,4111360000.0,318926843.48999995,196251173.36999997,2625193351.17,3072433007.39,447239656.22,84370374.59,809.06,572.19,185.97,103.42,981.57,1185.83,0.0,115.16,,,,,,,轻工制造,家居用品,成品家居,31.68,31.69,31.68
sz301061,匠心家居,2023-03-21,32.12,33.2,31.91,33.17,32.12,825440.0,27117683.0,1061440000.0,4245760000.0,318926843.48999995,196251173.36999997,2625193351.17,3072433007.39,447239656.22,84370374.59,896.55,724.73,628.19,341.46,1186.18,1645.58,0.85,0.0,,,,,,,轻工制造,家居用品,成品家居,31.95,32.12,32.51
sz301061,匠心家居,2023-03-22,33.17,33.61,32.73,32.89,33.17,873560.0,28885213.0,1052480000.0,4209920000.0,318926843.48999995,196251173.36999997,2625193351.17,3072433007.39,447239656.22,84370374.59,836.41,852.1,272.79,360.37,1779.33,1676.05,0.0,0.0,,,,,,,轻工制造,家居用品,成品家居,33.57,33.52,33.46
sz301061,匠心家居,2023-03-23,32.89,32.89,32.3,32.43,32.89,760760.0,24710297.0,1037760000.0,4151040000.0,318926843.48999995,196251173.36999997,2625193351.17,3072433007.39,447239656.22,84370374.59,735.91,773.19,252.99,159.68,1482.12,1404.49,0.0,133.67,,,,,,,轻工制造,家居用品,成品家居,32.62,32.6,32.59
sz301061,匠心家居,2023-03-24,32.68,32.68,32.2,32.53,32.43,454900.0,14759132.0,1040960000.0,4163840000.0,318926843.48999995,196251173.36999997,2625193351.17,3072433007.39,447239656.22,84370374.59,565.03,467.2,154.23,225.51,756.65,783.2,0.0,0.0,,,,,,,轻工制造,家居用品,成品家居,32.43,32.27,32.46
sz301061,匠心家居,2023-03-27,32.41,32.68,31.71,32.0,32.53,762000.0,24434506.0,1024000000.0,4096000000.0,318926843.48999995,196251173.36999997,2625193351.17,3072433007.39,447239656.22,84370374.59,776.06,1075.9,327.72,308.38,1339.67,939.69,0.0,119.49,,,,,,,轻工制造,家居用品,成品家居,32.33,32.46,32.35
sz301061,匠心家居,2023-03-28,32.08,32.26,31.71,32.04,32.0,477040.0,15245135.0,1025280000.0,4101120000.0,318926843.48999995,196251173.36999997,2625193351.17,3072433007.39,447239656.22,84370374.59,489.76,492.15,266.62,243.91,768.13,788.45,0.0,0.0,,,,,,,轻工制造,家居用品,成品家居,31.92,31.9,31.85
sz301061,匠心家居,2023-03-29,32.18,32.18,31.4,31.61,32.04,459540.0,14512878.0,1011520000.0,4046080000.0,318926843.48999995,196251173.36999997,2625193351.17,3072433007.39,447239656.22,84370374.59,494.64,405.72,151.6,114.23,805.04,931.34,0.0,0.0,,,,,,,轻工制造,家居用品,成品家居,31.85,31.67,31.73
sz301061,匠心家居,2023-03-30,31.79,32.37,31.01,32.0,31.61,728000.0,23076008.0,1024000000.0,4096000000.0,318926843.48999995,196251173.36999997,2625193351.17,3072433007.39,447239656.22,84370374.59,938.05,730.26,159.11,374.5,1210.44,1202.85,0.0,0.0,,,,,,,轻工制造,家居用品,成品家居,31.52,31.58,31.55
sz301061,匠心家居,2023-03-31,31.86,32.14,31.8,31.94,32.0,393085.0,12552267.0,1022080000.0,4088320000.0,318926843.48999995,196251173.36999997,2625193351.17,3072433007.39,447239656.22,84370374.59,406.48,380.38,132.2,137.66,716.55,737.19,0.0,0.0,,,,,,,轻工制造,家居用品,成品家居,31.94,32.0,31.97
sz301061,匠心家居,2023-04-03,31.86,33.35,31.86,33.14,31.94,1178785.0,38847001.0,1060480000.0,4241920000.0,318926843.48999995,196251173.36999997,2625193351.17,3072433007.39,447239656.22,84370374.59,1257.2,1518.56,557.8,393.11,2069.71,1973.03,0.0,0.0,,,,,,,轻工制造,家居用品,成品家居,32.09,32.4,32.8
sz301061,匠心家居,2023-04-04,33.14,33.32,32.29,32.4,33.14,996202.0,32501214.0,1036800000.0,4147200000.0,318926843.48999995,196251173.36999997,2625193351.17,3072433007.39,447239656.22,84370374.59,1341.49,956.1,295.05,443.9,1510.52,1850.13,103.06,0.0,,,,,,,轻工制造,家居用品,成品家居,33.2,32.96,32.82
sz301061,匠心家居,2023-04-06,32.4,32.63,31.88,31.99,32.4,478600.0,15342624.0,1023680000.0,4094720000.0,318926843.48999995,196251173.36999997,2625193351.17,3072433007.39,447239656.22,84370374.59,457.66,540.52,113.57,127.6,963.03,866.14,0.0,0.0,,,,,,,轻工制造,家居用品,成品家居,32.21,32.24,32.3
sz301061,匠心家居,2023-04-07,32.0,33.3,31.65,32.74,31.99,1349060.0,44190932.0,1047680000.0,4190720000.0,318926843.48999995,196251173.36999997,2625193351.17,3072433007.39,447239656.22,84370374.59,1824.43,1575.82,526.03,371.21,2022.52,2472.07,46.11,0.0,,,,,,,轻工制造,家居用品,成品家居,31.9,32.15,32.67
sz301061,匠心家居,2023-04-10,33.0,33.26,32.47,32.77,32.74,1167938.0,38399737.0,1048640000.0,4194560000.0,318926843.48999995,196251173.36999997,2625193351.17,3072433007.39,447239656.22,84370374.59,1272.99,982.9,979.7,777.74,1447.66,1939.73,0.0,0.0,,,,,,,轻工制造,家居用品,成品家居,32.87,32.98,32.95
sz301061,匠心家居,2023-04-11,32.87,32.87,31.86,32.25,32.77,763680.0,24607852.0,1032000000.0,4128000000.0,318926843.48999995,196251173.36999997,2625193351.17,3072433007.39,447239656.22,84370374.59,938.29,685.84,191.17,451.91,1331.32,1323.03,0.0,0.0,,,,,,,轻工制造,家居用品,成品家居,32.36,32.5,32.67
sz301061,匠心家居,2023-04-12,32.3,32.64,32.07,32.44,32.25,559900.0,18097424.0,1038080000.0,4152320000.0,318926843.48999995,196251173.36999997,2625193351.17,3072433007.39,447239656.22,84370374.59,619.63,641.74,379.65,388.27,810.46,779.73,0.0,0.0,,,,,,,轻工制造,家居用品,成品家居,32.57,32.37,32.24
sz301061,匠心家居,2023-04-13,32.43,32.43,31.62,31.66,32.44,613240.0,19522165.0,1013120000.0,4052480000.0,318926843.48999995,196251173.36999997,2625193351.17,3072433007.39,447239656.22,84370374.59,613.17,781.14,324.22,301.95,1014.83,869.13,0.0,0.0,,,,,,,轻工制造,家居用品,成品家居,32.09,31.95,31.91
sz301061,匠心家居,2023-04-14,31.67,31.88,31.41,31.65,31.66,406760.0,12847421.0,1012800000.0,4051200000.0,318926843.48999995,196251173.36999997,2625193351.17,3072433007.39,447239656.22,84370374.59,520.53,565.43,119.73,121.18,644.49,598.13,0.0,0.0,,,,,,,轻工制造,家居用品,成品家居,31.76,31.78,31.68
sz301061,匠心家居,2023-04-17,31.51,31.95,31.4,31.73,31.65,315620.0,9994040.0,1015360000.0,4061440000.0,318926843.48999995,196251173.36999997,2625193351.17,3072433007.39,447239656.22,84370374.59,408.23,387.04,24.99,69.2,566.18,543.17,0.0,0.0,,,,,,,轻工制造,家居用品,成品家居,31.74,31.74,31.65
sz301061,匠心家居,2023-04-18,31.73,32.19,31.22,31.24,31.73,979340.0,31006639.0,999680000.0,3998720000.0,318926843.48999995,196251173.36999997,2625193351.17,3072433007.39,447239656.22,84370374.59,1080.22,1085.85,669.98,737.31,1350.46,1277.51,0.0,0.0,,,,,,,轻工制造,家居用品,成品家居,31.65,31.58,31.65
sz301061,匠心家居,2023-04-19,31.21,31.21,30.1,30.5,31.24,1183370.0,36022825.0,976000000.0,3904000000.0,318926843.48999995,196251173.36999997,2625193351.17,3072433007.39,447239656.22,84370374.59,1371.55,1296.73,594.29,946.65,1636.44,1250.27,0.0,108.64,,,,,,,轻工制造,家居用品,成品家居,30.65,30.6,30.45
sz301061,匠心家居,2023-04-20,30.95,32.58,30.95,31.21,30.5,1998203.0,63428962.0,998720000.0,3994880000.0,334112367.7,263717619.36,2698448753.85,3113220506.56,414771752.71,77222212.94999999,2399.81,2337.84,769.08,1108.98,3174.01,2896.07,0.0,0.0,,,,,,,轻工制造,家居用品,成品家居,31.5,32.18,32.3
sz301061,匠心家居,2023-04-21,31.55,32.64,31.05,31.28,31.21,1683047.0,53670084.0,1000960000.0,4003840000.0,334112367.7,263717619.36,2698448753.85,3113220506.56,414771752.71,77222212.94999999,1838.45,2084.36,910.03,714.33,2607.08,2568.32,11.46,0.0,,,,,,,轻工制造,家居用品,成品家居,32.34,32.25,31.98
sz301061,匠心家居,2023-04-24,31.19,31.29,30.1,30.3,31.28,855285.0,26172251.0,969600000.0,3878400000.0,334112367.7,263717619.36,2698448753.85,3113220506.56,414771752.71,77222212.94999999,937.49,890.38,183.23,575.98,1496.5,1150.87,0.0,0.0,,,,,,,轻工制造,家居用品,成品家居,30.85,30.78,30.78
sz301061,匠心家居,2023-04-25,30.3,30.47,29.21,29.77,30.3,790534.0,23493513.0,952640000.0,3810560000.0,334112367.7,263717619.36,2698448753.85,3113220506.56,414771752.71,77222212.94999999,616.24,780.55,467.84,509.61,1262.63,1059.2,2.64,0.0,,,,,,,轻工制造,家居用品,成品家居,30.45,30.4,30.18
sz301061,匠心家居,2023-04-26,29.79,30.46,29.7,30.25,29.77,465860.0,14073649.0,968000000.0,3872000000.0,334112367.7,263717619.36,2698448753.85,3113220506.56,414771752.71,77222212.94999999,314.33,401.41,98.51,292.83,994.52,713.12,0.0,0.0,,,,,,,轻工制造,家居用品,成品家居,30.07,30.13,30.05
sz301061,匠心家居,2023-04-27,30.25,30.53,29.75,30.31,30.25,374440.0,11320295.0,969920000.0,3879680000.0,334112367.7,263717619.36,2698448753.85,3113220506.56,414771752.71,77222212.94999999,384.8,230.44,23.7,239.77,723.53,661.82,0.0,0.0,,,,,,,轻工制造,家居用品,成品家居,29.78,30.1,30.05
sz301061,匠心家居,2023-04-28,30.64,33.65,30.57,33.23,30.31,2630919.0,86009402.0,1063360000.0,4253440000.0,340234073.6,370844298.07,2769473844.76,3268681455.4,499207610.64,76594613.98,3107.42,3124.6,986.06,1067.94,4507.46,4408.4,0.0,0.0,,,,,,,轻工制造,家居用品,成品家居,31.45,32.32,33.32
sz301061,匠心家居,2023-05-04,33.4,34.16,33.02,33.45,33.23,1384020.0,46436374.0,1070400000.0,4281600000.0,340234073.6,370844298.07,2769473844.76,3268681455.4,499207610.64,76594613.98,1382.48,1876.24,457.82,671.11,2803.34,1937.35,0.0,158.94,,,,,,,轻工制造,家居用品,成品家居,33.8,33.72,33.44
sz301061,匠心家居,2023-05-05,33.45,33.57,32.04,32.3,33.45,983703.0,31924750.0,1033600000.0,4134400000.0,340234073.6,370844298.07,2769473844.76,3268681455.4,499207610.64,76594613.98,917.51,1079.23,356.88,671.88,1917.43,1440.72,0.0,0.0,,,,,,,轻工制造,家居用品,成品家居,33.16,32.91,32.8
sz301061,匠心家居,2023-05-08,32.58,33.15,31.85,33.15,32.3,1001900.0,32732303.0,1060800000.0,4243200000.0,340234073.6,370844298.07,2769473844.76,3268681455.4,499207610.64,76594613.98,902.33,976.79,703.95,203.26,1547.96,2093.17,118.99,0.0,,,,,,,轻工制造,家居用品,成品家居,32.46,32.14,32.17
sz301061,匠心家居,2023-05-09,32.92,34.41,32.69,33.27,33.15,1189320.0,40037112.0,1064640000.0,4258560000.0,340234073.6,370844298.07,2769473844.76,3268681455.4,499207610.64,76594613.98,1147.53,1319.52,687.76,384.49,2120.05,2299.7,48.37,0.0,,,,,,,轻工制造,家居用品,成品家居,32.92,33.0,33.58
sz301061,匠心家居,2023-05-10,33.27,33.8,32.88,33.56,33.27,623920.0,20781790.0,1073920000.0,4295680000.0,340234073.6,370844298.07,2769473844.76,3268681455.4,499207610.64,76594613.98,812.49,801.58,228.01,231.3,1037.68,1045.3,0.0,0.0,,,,,,,轻工制造,家居用品,成品家居,33.19,33.46,33.54
sz301061,匠心家居,2023-05-11,33.4,34.68,33.3,34.04,33.56,1015260.0,34653282.0,1089280000.0,4357120000.0,340234073.6,370844298.07,2769473844.76,3268681455.4,499207610.64,76594613.98,1163.86,1174.13,461.9,477.86,1839.58,1813.34,0.0,0.0,,,,,,,轻工制造,家居用品,成品家居,33.61,33.75,33.61
sz301061,匠心家居,2023-05-12,33.89,35.52,33.62,35.14,34.04,1938520.0,67930106.0,1124480000.0,4497920000.0,340234073.6,370844298.07,2769473844.76,3268681455.4,499207610.64,76594613.98,2352.65,2733.89,775.9,910.66,3664.46,3148.47,0.0,0.0,,,,,,,轻工制造,家居用品,成品家居,34.08,34.1,35.36
sz301061,匠心家居,2023-05-15,35.14,36.0,34.5,35.9,35.14,2133352.0,75442340.0,1148800000.0,4595200000.0,340234073.6,370844298.07,2769473844.76,3268681455.4,499207610.64,76594613.98,2092.47,3389.63,450.72,640.69,4968.22,3513.91,32.83,0.0,,,,,,,轻工制造,家居用品,成品家居,35.2,34.98,34.85
sz301061,匠心家居,2023-05-16,35.7,35.77,35.28,35.49,35.9,865140.0,30700550.0,1135680000.0,4542720000.0,340234073.6,370844298.07,2769473844.76,3268681455.4,499207610.64,76594613.98,1014.17,1057.1,320.88,414.3,1735.01,1598.66,0.0,0.0,,,,,,,轻工制造,家居用品,成品家居,35.5,35.71,35.51
sz301061,匠心家居,2023-05-17,35.4,35.52,34.7,34.95,35.49,575920.0,20171544.0,1118400000.0,4473600000.0,340234073.6,370844298.07,2769473844.76,3268681455.4,499207610.64,76594613.98,688.53,764.24,76.32,419.85,1252.31,833.07,0.0,0.0,,,,,,,轻工制造,家居用品,成品家居,35.46,35.26,35.2
sz301061,匠心家居,2023-05-18,34.92,35.46,34.3,34.95,34.95,527483.0,18447726.0,1118400000.0,4473600000.0,340234073.6,370844298.07,2769473844.76,3268681455.4,499207610.64,76594613.98,591.7,557.65,157.35,353.19,1086.03,933.94,9.7,0.0,,,,,,,轻工制造,家居用品,成品家居,34.94,34.71,34.78
sz301061,匠心家居,2023-05-19,34.95,36.4,34.79,36.02,34.95,1502147.0,53881562.0,1152640000.0,4610560000.0,340234073.6,370844298.07,2769473844.76,3268681455.4,499207610.64,76594613.98,1866.28,1879.86,877.2,691.2,2513.88,2817.1,130.8,0.0,,,,,,,轻工制造,家居用品,成品家居,35.01,35.18,35.39
sz301061,匠心家居,2023-05-22,35.66,35.69,34.55,34.68,35.52,852803.0,29735207.0,1109760000.0,4439040000.0,340234073.6,370844298.07,2769473844.76,3268681455.4,499207610.64,76594613.98,938.39,1184.29,119.87,606.63,1631.04,898.38,0.0,0.0,,,,,,,轻工制造,家居用品,成品家居,35.38,34.9,34.88
sz301061,匠心家居,2023-05-23,34.54,35.44,34.54,35.16,34.68,889040.0,31213581.0,1125120000.0,4500480000.0,340234073.6,370844298.07,2769473844.76,3268681455.4,499207610.64,76594613.98,984.48,1335.89,288.29,131.7,1848.58,1653.76,0.0,0.0,,,,,,,轻工制造,家居用品,成品家居,34.82,34.8,34.86
sz301061,匠心家居,2023-05-24,35.03,35.59,34.53,35.18,35.16,815044.0,28781334.0,1125760000.0,4503040000.0,340234073.6,370844298.07,2769473844.76,3268681455.4,499207610.64,76594613.98,541.84,1030.44,87.54,208.06,2248.76,1639.63,0.0,0.0,,,,,,,轻工制造,家居用品,成品家居,34.95,35.33,35.24
sz301061,匠心家居,2023-05-25,34.89,36.28,34.8,35.59,35.18,961901.0,34104678.0,1138880000.0,4555520000.0,340234073.6,370844298.07,2769473844.76,3268681455.4,499207610.64,76594613.98,1051.38,1244.76,314.24,324.56,2044.85,1841.14,0.0,0.0,,,,,,,轻工制造,家居用品,成品家居,35.18,35.16,35.3
sz301061,匠心家居,2023-05-26,35.33,35.96,35.21,35.48,35.59,633761.0,22552499.0,1135360000.0,4541440000.0,340234073.6,370844298.07,2769473844.76,3268681455.4,499207610.64,76594613.98,515.13,897.14,20.97,101.81,1718.79,1255.94,0.0,0.0,,,,,,,轻工制造,家居用品,成品家居,35.31,35.45,35.8
sz301061,匠心家居,2023-05-29,35.48,35.59,34.42,34.67,35.48,817220.0,28427867.0,1109440000.0,4437760000.0,340234073.6,370844298.07,2769473844.76,3268681455.4,499207610.64,76594613.98,1085.23,985.69,156.76,542.26,1492.5,968.45,108.29,346.39,,,,,,,轻工制造,家居用品,成品家居,35.41,35.0,34.76
sz301061,匠心家居,2023-05-30,34.61,35.3,34.42,34.76,34.67,501440.0,17464921.0,1112320000.0,4449280000.0,340234073.6,370844298.07,2769473844.76,3268681455.4,499207610.64,76594613.98,425.08,633.99,85.68,163.12,1235.73,949.38,0.0,0.0,,,,,,,轻工制造,家居用品,成品家居,34.56,35.0,35.09
sz301061,匠心家居,2023-05-31,34.88,34.95,34.01,34.16,34.76,571380.0,19575940.0,1093120000.0,4372480000.0,340234073.6,370844298.07,2769473844.76,3268681455.4,499207610.64,76594613.98,583.03,485.94,58.63,410.64,1315.94,1061.02,0.0,0.0,,,,,,,轻工制造,家居用品,成品家居,34.61,34.52,34.26
sz301061,匠心家居,2023-06-01,34.24,36.6,34.13,36.25,34.16,1545397.0,55329699.0,1160000000.0,4640000000.0,340234073.6,370844298.07,2769473844.76,3268681455.4,499207610.64,76594613.98,2149.73,2050.1,714.09,332.92,2669.15,3149.95,0.0,0.0,,,,,,,轻工制造,家居用品,成品家居,34.25,34.58,35.02
sz301061,匠心家居,2023-06-02,36.1,37.5,35.72,37.36,36.25,1376248.0,50775417.0,1195520000.0,4782080000.0,340234073.6,370844298.07,2769473844.76,3268681455.4,499207610.64,76594613.98,2040.67,1604.78,480.75,590.02,2556.12,2882.75,0.0,0.0,,,,,,,轻工制造,家居用品,成品家居,36.24,35.87,36.08
sz301061,匠心家居,2023-06-05,37.19,37.78,36.32,37.12,37.36,868180.0,32067021.0,1187840000.0,4751360000.0,340234073.6,370844298.07,2769473844.76,3268681455.4,499207610.64,76594613.98,907.49,1124.3,495.49,341.54,1803.72,1740.86,0.0,0.0,,,,,,,轻工制造,家居用品,成品家居,37.03,36.68,36.83
sz301061,匠心家居,2023-06-06,37.02,38.05,36.51,37.01,37.12,1017100.0,37793145.0,1184320000.0,4737280000.0,340234073.6,370844298.07,2769473844.76,3268681455.4,499207610.64,76594613.98,1464.74,1392.36,440.54,312.38,1874.04,2074.58,0.0,0.0,,,,,,,轻工制造,家居用品,成品家居,36.82,36.87,36.77
sz301061,匠心家居,2023-06-07,36.98,37.29,36.2,36.44,37.01,877980.0,32120710.0,1166080000.0,4664320000.0,340234073.6,370844298.07,2769473844.76,3268681455.4,499207610.64,76594613.98,1030.56,1106.39,347.94,791.31,1522.59,1208.15,310.98,106.22,,,,,,,轻工制造,家居用品,成品家居,36.68,37.08,36.92
sz301061,匠心家居,2023-06-08,36.45,36.78,36.12,36.53,36.44,377380.0,13733520.0,1168960000.0,4675840000.0,340234073.6,370844298.07,2769473844.76,3268681455.4,499207610.64,76594613.98,515.68,552.58,44.87,57.26,812.8,763.51,0.0,0.0,,,,,,,轻工制造,家居用品,成品家居,36.37,36.38,36.56
sz301061,匠心家居,2023-06-09,36.53,36.58,35.76,35.85,36.53,586760.0,21141800.0,1147200000.0,4588800000.0,340234073.6,370844298.07,2769473844.76,3268681455.4,499207610.64,76594613.98,503.86,660.57,238.82,349.18,1371.5,1104.44,0.0,0.0,,,,,,,轻工制造,家居用品,成品家居,36.22,36.16,35.95
sz301061,匠心家居,2023-06-12,35.82,37.35,35.33,37.16,35.85,725640.0,26556097.0,1189120000.0,4756480000.0,340234073.6,370844298.07,2769473844.76,3268681455.4,499207610.64,76594613.98,832.05,946.24,331.95,290.91,1443.83,1418.47,47.78,0.0,,,,,,,轻工制造,家居用品,成品家居,35.52,35.51,35.5
sz301061,匠心家居,2023-06-13,37.06,37.19,36.21,36.48,37.16,521560.0,19065943.0,1167360000.0,4669440000.0,340234073.6,370844298.07,2769473844.76,3268681455.4,499207610.64,76594613.98,588.43,482.19,141.82,89.25,1176.35,1335.16,0.0,0.0,,,,,,,轻工制造,家居用品,成品家居,36.95,36.89,36.81
sz301061,匠心家居,2023-06-14,36.52,37.08,36.26,36.42,36.48,303818.0,11125468.0,1165440000.0,4661760000.0,340234073.6,370844298.07,2769473844.76,3268681455.4,499207610.64,76594613.98,321.83,327.7,110.93,68.06,679.78,716.79,0.0,0.0,,,,,,,轻工制造,家居用品,成品家居,36.6,36.57,36.38
sz301061,匠心家居,2023-06-15,36.43,36.94,36.1,36.47,36.42,337352.0,12346275.0,1167040000.0,4668160000.0,340234073.6,370844298.07,2769473844.76,3268681455.4,499207610.64,76594613.98,483.96,493.55,71.64,35.74,665.92,705.34,13.11,0.0,,,,,,,轻工制造,家居用品,成品家居,36.28,36.28,36.5
sz301061,匠心家居,2023-06-16,36.48,36.6,35.7,36.11,36.47,503620.0,18178104.0,1155520000.0,4622080000.0,340234073.6,370844298.07,2769473844.76,3268681455.4,499207610.64,76594613.98,535.88,579.44,241.82,307.58,926.73,930.79,113.39,0.0,,,,,,,轻工制造,家居用品,成品家居,36.36,36.35,36.2
sz301061,匠心家居,2023-06-19,36.11,36.46,35.38,35.47,36.11,450158.0,16090941.0,1135040000.0,4540160000.0,340234073.6,370844298.07,2769473844.76,3268681455.4,499207610.64,76594613.98,484.13,509.06,55.19,402.53,1069.77,683.3,0.0,14.21,,,,,,,轻工制造,家居用品,成品家居,36.29,36.21,36.28
sz301061,匠心家居,2023-06-20,35.59,35.7,35.12,35.34,35.47,262740.0,9284588.0,1130880000.0,4523520000.0,340234073.6,370844298.07,2769473844.76,3268681455.4,499207610.64,76594613.98,323.09,321.85,35.58,87.92,569.79,518.69,0.0,0.0,,,,,,,轻工制造,家居用品,成品家居,35.64,35.42,35.18
sz301061,匠心家居,2023-06-21,35.36,35.57,34.87,35.07,35.34,243106.0,8562584.0,1122240000.0,4488960000.0,340234073.6,370844298.07,2769473844.76,3268681455.4,499207610.64,76594613.98,280.71,327.13,0.0,0.0,575.55,529.13,0.0,0.0,,,,,,,轻工制造,家居用品,成品家居,35.21,35.13,35.08
sz301061,匠心家居,2023-06-26,35.19,35.22,34.01,34.7,35.07,606752.0,20890012.0,1110400000.0,4441600000.0,340234073.6,370844298.07,2769473844.76,3268681455.4,499207610.64,76594613.98,732.45,878.2,326.51,323.72,1030.04,887.08,0.0,0.0,,,,,,,轻工制造,家居用品,成品家居,34.63,35.09,34.74
sz301061,匠心家居,2023-06-27,34.79,37.92,34.42,37.76,34.7,1695771.0,62512845.0,1208320000.0,4833280000.0,340234073.6,370844298.07,2769473844.76,3268681455.4,499207610.64,76594613.98,2271.23,2259.29,1299.85,518.35,2633.62,3473.65,46.59,0.0,,,,,,,轻工制造,家居用品,成品家居,35.08,34.7,34.87
sz301061,匠心家居,2023-06-28,37.67,38.12,37.3,37.83,37.76,1115166.0,42082714.0,1210560000.0,4842240000.0,340234073.6,370844298.07,2769473844.76,3268681455.4,499207610.64,76594613.98,1406.97,1361.83,986.1,1076.25,1815.2,1770.18,0.0,0.0,,,,,,,轻工制造,家居用品,成品家居,37.86,37.62,37.75
sz301061,匠心家居,2023-06-29,37.87,38.22,37.47,37.98,37.83,783160.0,29594592.0,1215360000.0,4861440000.0,340234073.6,370844298.07,2769473844.76,3268681455.4,499207610.64,76594613.98,924.73,1029.14,593.68,581.68,1356.32,1317.85,84.73,30.79,,,,,,,轻工制造,家居用品,成品家居,37.71,37.95,37.99
sz301061,匠心家居,2023-06-30,38.7,40.62,36.37,36.95,37.98,2234500.0,84278942.0,1182400000.0,4729600000.0,340234073.6,370844298.07,2769473844.76,3268681455.4,499207610.64,76594613.98,3135.97,2761.11,1164.55,1432.29,4085.53,3994.93,41.85,239.57,,,,,,,轻工制造,家居用品,成品家居,38.14,37.86,37.85
sz301061,匠心家居,2023-07-03,36.76,38.15,36.2,37.98,36.95,2218504.0,82775233.0,1215360000.0,4861440000.0,340234073.6,370844298.07,2769473844.76,3268681455.4,499207610.64,76594613.98,2335.1,2700.32,1696.82,1848.83,3110.8,3513.6,1134.81,214.78,,,,,,,轻工制造,家居用品,成品家居,36.53,36.21,37.1
sz301061,匠心家居,2023-07-04,37.73,38.47,37.63,38.02,37.98,1038280.0,39399383.0,1216640000.0,4866560000.0,340234073.6,370844298.07,2769473844.76,3268681455.4,499207610.64,76594613.98,1695.95,1223.19,402.97,603.11,1841.01,2113.64,0.0,0.0,,,,,,,轻工制造,家居用品,成品家居,38.39,37.94,37.71
sz301061,匠心家居,2023-07-05,38.02,38.15,37.31,37.55,38.02,449804.0,16900847.0,1201600000.0,4806400000.0,340234073.6,370844298.07,2769473844.76,3268681455.4,499207610.64,76594613.98,460.94,464.27,209.66,254.1,1019.48,968.7,0.0,3.02,,,,,,,轻工制造,家居用品,成品家居,37.83,37.73,37.6
sz301061,匠心家居,2023-07-06,37.48,38.58,37.22,38.0,37.55,621320.0,23551487.0,1216000000.0,4864000000.0,340234073.6,370844298.07,2769473844.76,3268681455.4,499207610.64,76594613.98,895.95,914.33,488.81,174.13,970.39,1266.68,0.0,0.0,,,,,,,轻工制造,家居用品,成品家居,37.45,37.66,37.85
sz301061,匠心家居,2023-07-07,38.0,38.44,37.48,37.5,38.0,377340.0,14259506.0,1200000000.0,4800000000.0,340234073.6,370844298.07,2769473844.76,3268681455.4,499207610.64,76594613.98,409.65,459.25,196.13,216.59,820.17,750.11,0.0,0.0,,,,,,,轻工制造,家居用品,成品家居,38.39,37.93,37.87
sz301061,匠心家居,2023-07-10,37.41,39.9,37.41,39.64,37.5,1769860.0,69249834.0,1268480000.0,5073920000.0,340234073.6,370844298.07,2769473844.76,3268681455.4,499207610.64,76594613.98,2464.63,2386.83,880.25,666.87,3464.98,3871.28,115.12,0.0,,,,,,,轻工制造,家居用品,成品家居,38.6,38.26,39.5
sz301061,匠心家居,2023-07-11,39.64,39.87,38.5,38.93,39.64,909060.0,35364316.0,1245760000.0,4983040000.0,340234073.6,370844298.07,2769473844.76,3268681455.4,499207610.64,76594613.98,1171.94,873.4,761.29,685.97,1603.2,1977.06,0.0,0.0,,,,,,,轻工制造,家居用品,成品家居,39.42,38.97,39.03
sz301061,匠心家居,2023-07-12,38.9,39.28,38.63,38.85,38.93,481980.0,18758884.0,1243200000.0,4972800000.0,340234073.6,370844298.07,2769473844.76,3268681455.4,499207610.64,76594613.98,620.87,563.46,268.4,280.98,986.62,914.97,0.0,116.47,,,,,,,轻工制造,家居用品,成品家居,38.76,38.81,38.95
sz301061,匠心家居,2023-07-13,38.87,38.89,37.0,37.01,38.85,1273252.0,47751676.0,1184320000.0,4737280000.0,340234073.6,370844298.07,2769473844.76,3268681455.4,499207610.64,76594613.98,1604.0,1842.76,640.27,981.61,2530.9,1779.43,0.0,171.36,,,,,,,轻工制造,家居用品,成品家居,38.64,38.24,38.05
sz301061,匠心家居,2023-07-14,37.01,37.52,36.68,37.35,37.01,745280.0,27751482.0,1195200000.0,4780800000.0,340234073.6,370844298.07,2769473844.76,3268681455.4,499207610.64,76594613.98,983.38,1136.14,210.5,242.03,1575.71,1396.97,5.55,0.0,,,,,,,轻工制造,家居用品,成品家居,37.23,36.83,37.2
sz301061,匠心家居,2023-07-17,37.33,38.39,36.5,38.36,37.35,868800.0,32598742.0,1227520000.0,4910080000.0,340234073.6,370844298.07,2769473844.76,3268681455.4,499207610.64,76594613.98,1195.26,746.71,357.15,250.71,1702.63,2262.46,4.84,0.0,,,,,,,轻工制造,家居用品,成品家居,36.76,36.88,36.94
sz301061,匠心家居,2023-07-18,38.3,41.93,38.13,41.1,38.36,2894060.0,117300562.0,1315200000.0,5260800000.0,340234073.6,370844298.07,2769473844.76,3268681455.4,499207610.64,76594613.98,4629.15,4174.33,2276.09,2464.11,4777.84,4665.0,46.98,426.62,,,,,,,轻工制造,家居用品,成品家居,38.79,39.13,39.5
sz301061,匠心家居,2023-07-19,41.11,41.8,40.57,41.59,41.1,1817958.0,75144361.0,1330880000.0,5323520000.0,340234073.6,370844298.07,2769473844.76,3268681455.4,499207610.64,76594613.98,1690.73,3084.14,1035.82,1069.8,4785.49,3250.52,2.38,109.98,,,,,,,轻工制造,家居用品,成品家居,40.66,41.08,41.09
sz301061,匠心家居,2023-07-20,41.76,41.95,40.6,40.79,41.59,1232932.0,50781900.0,1305280000.0,5221120000.0,340234073.6,370844298.07,2769473844.76,3268681455.4,499207610.64,76594613.98,1044.2,1891.04,684.31,1138.1,3054.33,2016.69,262.99,0.0,,,,,,,轻工制造,家居用品,成品家居,41.22,40.9,41.08
sz301061,匠心家居,2023-07-21,40.53,40.77,40.13,40.4,40.79,944260.0,38177420.0,1292800000.0,5171200000.0,340234073.6,370844298.07,2769473844.76,3268681455.4,499207610.64,76594613.98,717.78,1406.31,495.46,494.3,2604.5,1917.14,0.0,0.0,,,,,,,轻工制造,家居用品,成品家居,40.68,40.33,40.19
sz301061,匠心家居,2023-07-24,40.97,41.24,39.62,40.58,40.4,690000.0,27956208.0,1298560000.0,5194240000.0,340234073.6,370844298.07,2769473844.76,3268681455.4,499207610.64,76594613.98,1314.11,897.88,314.57,227.41,1162.86,1443.96,4.09,226.37,,,,,,,轻工制造,家居用品,成品家居,40.01,40.16,40.21
sz301061,匠心家居,2023-07-25,40.58,41.88,40.53,41.41,40.58,921418.0,37983822.0,1325120000.0,5300480000.0,340234073.6,370844298.07,2769473844.76,3268681455.4,499207610.64,76594613.98,1695.55,1541.65,569.8,716.49,1411.77,1399.44,121.26,140.8,,,,,,,轻工制造,家居用品,成品家居,41.5,41.28,41.09
sz301061,匠心家居,2023-07-26,41.11,41.2,39.91,40.19,41.41,605164.0,24443193.0,1286080000.0,5144320000.0,340234073.6,370844298.07,2769473844.76,3268681455.4,499207610.64,76594613.98,768.87,1088.56,257.83,486.84,1417.62,868.92,0.0,0.0,,,,,,,轻工制造,家居用品,成品家居,41.0,40.62,40.37
sz301061,匠心家居,2023-07-27,40.0,40.49,39.45,39.53,40.19,501660.0,20002680.0,1264960000.0,5059840000.0,340234073.6,370844298.07,2769473844.76,3268681455.4,499207610.64,76594613.98,468.14,725.49,421.93,216.48,1110.2,1058.29,0.0,0.0,,,,,,,轻工制造,家居用品,成品家居,40.24,40.15,40.3
sz301061,匠心家居,2023-07-28,39.9,43.0,39.81,42.26,39.53,1769298.0,74316829.0,1352320000.0,5409280000.0,340234073.6,370844298.07,2769473844.76,3268681455.4,499207610.64,76594613.98,2810.26,2972.85,1432.26,915.33,2885.39,3435.68,303.77,107.83,,,,,,,轻工制造,家居用品,成品家居,41.11,42.21,42.45
sz301061,匠心家居,2023-07-31,41.97,42.04,40.56,41.67,42.26,1492378.0,61417306.0,1333440000.0,5333760000.0,340234073.6,370844298.07,2769473844.76,3268681455.4,499207610.64,76594613.98,2530.14,2319.59,891.52,1006.35,2700.17,2815.79,19.91,0.0,,,,,,,轻工制造,家居用品,成品家居,41.22,41.16,41.3
sz301061,匠心家居,2023-08-01,41.15,41.8,39.94,40.15,41.67,1372980.0,55619699.0,1284800000.0,5139200000.0,340234073.6,370844298.07,2769473844.76,3268681455.4,499207610.64,76594613.98,2356.49,2304.26,608.6,808.67,2482.13,2291.45,114.75,157.59,,,,,,,轻工制造,家居用品,成品家居,40.57,40.07,40.37
sz301061,匠心家居,2023-08-02,40.16,41.2,39.77,40.39,40.15,549080.0,22213407.0,1292480000.0,5169920000.0,340234073.6,370844298.07,2769473844.76,3268681455.4,499207610.64,76594613.98,1016.96,817.89,376.76,338.58,827.61,1064.87,0.0,0.0,,,,,,,轻工制造,家居用品,成品家居,40.06,41.12,40.61
sz301061,匠心家居,2023-08-03,40.09,40.97,39.68,39.98,40.39,560833.0,22525593.0,1279360000.0,5117440000.0,340234073.6,370844298.07,2769473844.76,3268681455.4,499207610.64,76594613.98,937.43,868.91,218.4,145.8,1096.72,1237.84,0.0,0.0,,,,,,,轻工制造,家居用品,成品家居,40.24,39.7,39.77
sz301061,匠心家居,2023-08-04,40.37,40.6,39.12,39.27,39.98,806520.0,31995343.0,1256640000.0,5026560000.0,340234073.6,370844298.07,2769473844.76,3268681455.4,499207610.64,76594613.98,1138.2,1297.44,358.21,504.63,1703.13,1397.46,0.0,0.0,,,,,,,轻工制造,家居用品,成品家居,39.89,39.98,39.86
sz301061,匠心家居,2023-08-07,39.12,39.4,38.81,39.17,39.27,454586.0,17762492.0,1253440000.0,5013760000.0,340234073.6,370844298.07,2769473844.76,3268681455.4,499207610.64,76594613.98,698.96,637.83,266.05,521.33,811.24,617.09,0.0,0.0,,,,,,,轻工制造,家居用品,成品家居,39.04,38.97,38.93
sz301061,匠心家居,2023-08-08,38.92,39.01,38.4,38.5,39.17,493200.0,19027187.0,1232000000.0,4928000000.0,340234073.6,370844298.07,2769473844.76,3268681455.4,499207610.64,76594613.98,573.4,578.93,209.82,501.52,1119.5,822.28,0.0,0.0,,,,,,,轻工制造,家居用品,成品家居,38.76,38.72,38.64
sz301061,匠心家居,2023-08-09,38.53,38.67,37.7,37.97,38.5,434700.0,16540750.0,1215040000.0,4860160000.0,340234073.6,370844298.07,2769473844.76,3268681455.4,499207610.64,76594613.98,422.72,334.53,184.15,453.93,1047.2,751.61,0.0,114.0,,,,,,,轻工制造,家居用品,成品家居,38.26,38.25,38.59
sz301061,匠心家居,2023-08-10,37.81,38.45,37.78,38.37,37.97,462300.0,17573247.0,1227840000.0,4911360000.0,340234073.6,370844298.07,2769473844.76,3268681455.4,499207610.64,76594613.98,777.97,535.82,310.15,361.87,669.2,721.58,0.0,138.06,,,,,,,轻工制造,家居用品,成品家居,37.91,38.1,38.03
sz301061,匠心家居,2023-08-11,38.12,38.55,37.86,37.99,38.37,261960.0,9997746.0,1215680000.0,4862720000.0,340234073.6,370844298.07,2769473844.76,3268681455.4,499207610.64,76594613.98,211.62,298.02,184.1,105.03,604.06,596.72,0.0,0.0,,,,,,,轻工制造,家居用品,成品家居,38.22,38.43,38.46
sz301061,匠心家居,2023-08-14,38.05,38.82,37.1,37.72,37.99,502715.0,19025104.0,1207040000.0,4828160000.0,340234073.6,370844298.07,2769473844.76,3268681455.4,499207610.64,76594613.98,697.66,629.18,199.77,188.04,1005.09,1085.28,0.0,0.0,,,,,,,轻工制造,家居用品,成品家居,38.05,38.05,38.6
sz301061,匠心家居,2023-08-15,37.72,39.12,37.7,38.79,37.72,525100.0,20303003.0,1241280000.0,4965120000.0,340234073.6,370844298.07,2769473844.76,3268681455.4,499207610.64,76594613.98,626.78,558.33,157.28,145.14,1246.24,1326.84,0.0,0.0,,,,,,,轻工制造,家居用品,成品家居,38.27,38.79,39.03
sz301061,匠心家居,2023-08-16,38.58,40.19,38.5,39.35,38.79,993600.0,39123582.0,1259200000.0,5036800000.0,340234073.6,370844298.07,2769473844.76,3268681455.4,499207610.64,76594613.98,1472.8,1035.38,953.32,265.6,1486.24,1526.86,0.0,1084.52,,,,,,,轻工制造,家居用品,成品家居,39.07,38.66,38.71
sz301061,匠心家居,2023-08-17,39.2,39.33,37.72,38.5,39.35,776360.0,29820726.0,1232000000.0,4928000000.0,340234073.6,370844298.07,2769473844.76,3268681455.4,499207610.64,76594613.98,1138.52,857.6,93.43,297.93,1750.13,1711.53,0.0,115.01,,,,,,,轻工制造,家居用品,成品家居,38.68,38.05,38.08
sz301061,匠心家居,2023-08-18,38.88,38.88,37.81,37.85,38.5,334900.0,12845572.0,1211200000.0,4844800000.0,340234073.6,370844298.07,2769473844.76,3268681455.4,499207610.64,76594613.98,334.63,544.9,38.0,146.95,911.92,592.71,0.0,0.0,,,,,,,轻工制造,家居用品,成品家居,38.7,38.6,38.64
sz301061,匠心家居,2023-08-21,38.19,40.33,38.19,38.72,37.85,1414540.0,55550536.0,1239040000.0,4956160000.0,340234073.6,370844298.07,2769473844.76,3268681455.4,499207610.64,76594613.98,1877.92,2051.01,728.03,728.74,2949.1,2775.3,0.0,0.0,,,,,,,轻工制造,家居用品,成品家居,38.27,38.84,39.31
sz301061,匠心家居,2023-08-22,39.17,39.25,36.58,37.35,38.72,988660.0,37035109.0,1195200000.0,4780800000.0,340234073.6,370844298.07,2769473844.76,3268681455.4,499207610.64,76594613.98,893.12,1051.18,380.12,310.34,2430.27,2341.99,0.0,0.0,,,,,,,轻工制造,家居用品,成品家居,38.22,38.22,37.7
sz301061,匠心家居,2023-08-23,37.18,37.34,36.43,36.43,37.35,410720.0,15062021.0,1165760000.0,4663040000.0,340234073.6,370844298.07,2769473844.76,3268681455.4,499207610.64,76594613.98,273.25,458.02,208.13,202.62,1024.82,845.57,0.0,0.0,,,,,,,轻工制造,家居用品,成品家居,37.18,36.72,36.66
sz301061,匠心家居,2023-08-24,36.78,37.19,36.13,36.79,36.43,383734.0,14068239.0,1177280000.0,4709120000.0,340234073.6,370844298.07,2769473844.76,3268681455.4,499207610.64,76594613.98,416.33,516.72,164.55,57.85,825.94,832.26,0.0,0.0,,,,,,,轻工制造,家居用品,成品家居,36.41,36.53,36.32
sz301061,匠心家居,2023-08-25,36.93,37.6,36.28,36.5,36.79,432860.0,15921516.0,1168000000.0,4672000000.0,340234073.6,370844298.07,2769473844.76,3268681455.4,499207610.64,76594613.98,625.41,533.05,289.03,26.23,677.71,1032.87,0.0,0.0,,,,,,,轻工制造,家居用品,成品家居,36.69,36.63,36.9
sz301061,匠心家居,2023-08-28,38.5,41.57,38.5,39.92,36.5,2154562.0,86414824.0,1277440000.0,5109760000.0,340234073.6,370844298.07,2769473844.76,3268681455.4,499207610.64,76594613.98,3212.33,3744.8,1459.49,1440.98,3969.66,3194.79,0.0,260.92,,,,,,,轻工制造,家居用品,成品家居,38.91,40.35,40.26
sz301061,匠心家居,2023-08-29,38.91,41.8,38.86,41.74,39.92,1596820.0,65293163.0,1335680000.0,5342720000.0,340234073.6,370844298.07,2769473844.76,3268681455.4,499207610.64,76594613.98,1896.16,2708.78,1051.55,863.74,3300.81,2824.37,280.79,132.43,,,,,,,轻工制造,家居用品,成品家居,39.33,39.83,40.17
sz301061,匠心家居,2023-08-30,42.7,45.89,42.57,44.82,41.74,3342288.0,148310643.0,1434240000.0,5736960000.0,362784040.15999997,453510733.62,2864420414.04,3412070990.0,547650575.96,124596838.64,5518.14,5554.0,1965.62,3305.69,7095.61,5717.08,251.69,254.29,,,,,,,轻工制造,家居用品,成品家居,43.32,44.5,44.44
sz301061,匠心家居,2023-08-31,45.28,46.18,44.85,45.7,44.82,2231917.0,101556116.0,1462400000.0,5849600000.0,362784040.15999997,453510733.62,2864420414.04,3412070990.0,547650575.96,124596838.64,3332.19,4264.71,972.95,1696.71,5496.02,4026.7,354.45,167.49,,,,,,,轻工制造,家居用品,成品家居,45.69,45.73,45.43
sz301061,匠心家居,2023-09-01,46.29,47.71,44.83,45.19,45.7,1743180.0,79570847.0,1446080000.0,5784320000.0,362784040.15999997,453510733.62,2864420414.04,3412070990.0,547650575.96,124596838.64,2239.92,3810.99,593.7,720.69,5113.9,3425.4,9.58,0.0,,,,,,,轻工制造,家居用品,成品家居,45.41,46.1,45.73
sz301061,匠心家居,2023-09-04,46.5,47.0,44.88,46.37,45.19,1875220.0,86076782.0,1483840000.0,5935360000.0,362784040.15999997,453510733.62,2864420414.04,3412070990.0,547650575.96,124596838.64,3128.55,2536.25,1249.65,1771.39,4163.61,4212.86,65.87,87.17,,,,,,,轻工制造,家居用品,成品家居,45.86,45.05,45.1
sz301061,匠心家居,2023-09-05,45.67,46.0,44.68,45.12,46.37,1323180.0,59810956.0,1443840000.0,5775360000.0,362784040.15999997,453510733.62,2864420414.04,3412070990.0,547650575.96,124596838.64,1591.85,2303.11,248.76,766.06,3966.72,2616.09,173.77,295.84,,,,,,,轻工制造,家居用品,成品家居,45.16,45.61,45.66
sz301061,匠心家居,2023-09-06,45.27,45.56,43.97,44.26,45.12,1107798.0,49293068.0,1416320000.0,5665280000.0,362784040.15999997,453510733.62,2864420414.04,3412070990.0,547650575.96,124596838.64,1455.29,1577.03,531.2,804.14,2942.81,2548.14,0.0,0.0,,,,,,,轻工制造,家居用品,成品家居,45.0,45.18,44.96
sz301061,匠心家居,2023-09-07,44.26,44.36,43.3,43.47,44.26,720580.0,31506716.0,1391040000.0,5564160000.0,362784040.15999997,453510733.62,2864420414.04,3412070990.0,547650575.96,124596838.64,791.87,688.41,199.58,254.49,2101.75,2207.78,57.47,0.0,,,,,,,轻工制造,家居用品,成品家居,44.01,44.11,43.85
sz301061,匠心家居,2023-09-08,43.41,43.79,42.44,42.61,43.47,713996.0,30542101.0,1363520000.0,5454080000.0,362784040.15999997,453510733.62,2864420414.04,3412070990.0,547650575.96,124596838.64,1038.7,912.89,255.93,188.41,1759.58,1740.06,0.0,212.85,,,,,,,轻工制造,家居用品,成品家居,43.29,43.17,42.83
sz301061,匠心家居,2023-09-11,42.99,42.99,41.88,41.96,42.61,806207.0,34034812.0,1342720000.0,5370880000.0,362784040.15999997,453510733.62,2864420414.04,3412070990.0,547650575.96,124596838.64,1103.46,774.69,55.5,188.8,2244.52,2439.99,0.0,0.0,,,,,,,轻工制造,家居用品,成品家居,42.53,42.63,42.38
sz301061,匠心家居,2023-09-12,42.09,42.37,41.36,41.46,41.96,626900.0,26064105.0,1326720000.0,5306880000.0,362784040.15999997,453510733.62,2864420414.04,3412070990.0,547650575.96,124596838.64,761.9,562.71,191.07,153.82,1653.44,1889.88,0.0,0.0,,,,,,,轻工制造,家居用品,成品家居,41.79,41.45,41.5
sz301061,匠心家居,2023-09-13,41.47,41.88,41.12,41.49,41.46,908040.0,37578267.0,1327680000.0,5310720000.0,362784040.15999997,453510733.62,2864420414.04,3412070990.0,547650575.96,124596838.64,1104.8,1053.42,512.74,147.83,2018.16,2556.58,122.13,0.0,,,,,,,轻工制造,家居用品,成品家居,41.63,41.47,41.51
sz301061,匠心家居,2023-09-14,41.31,42.3,40.94,41.95,41.49,1082828.0,45088432.0,1342400000.0,5369600000.0,362784040.15999997,453510733.62,2864420414.04,3412070990.0,547650575.96,124596838.64,1577.83,1546.04,439.58,40.92,2335.23,2921.88,156.2,0.0,,,,,,,轻工制造,家居用品,成品家居,41.21,41.09,41.33
sz301061,匠心家居,2023-09-15,42.27,45.28,42.0,42.92,41.95,1967160.0,85482968.0,1373440000.0,5493760000.0,362784040.15999997,453510733.62,2864420414.04,3412070990.0,547650575.96,124596838.64,2947.14,2564.81,598.22,289.07,4768.91,5491.02,234.03,203.4,,,,,,,轻工制造,家居用品,成品家居,42.01,43.38,43.87
sz301061,匠心家居,2023-09-18,42.71,43.63,42.06,43.32,42.92,1135094.0,48861375.0,1386240000.0,5544960000.0,362784040.15999997,453510733.62,2864420414.04,3412070990.0,547650575.96,124596838.64,1367.5,1381.52,804.61,261.16,2292.15,3113.01,421.88,130.44,,,,,,,轻工制造,家居用品,成品家居,42.68,42.33,42.7
sz301061,匠心家居,2023-09-19,43.01,43.38,42.64,43.29,43.32,839920.0,36106587.0,1385280000.0,5541120000.0,362784040.15999997,453510733.62,2864420414.04,3412070990.0,547650575.96,124596838.64,902.98,984.53,549.87,516.47,1546.66,1984.67,611.15,125.0,,,,,,,轻工制造,家居用品,成品家居,42.86,42.92,43.04
sz301061,匠心家居,2023-09-20,43.57,43.57,42.56,43.14,43.29,1027102.0,44313478.0,1380480000.0,5521920000.0,362784040.15999997,453510733.62,2864420414.04,3412070990.0,547650575.96,124596838.64,596.55,1279.22,153.46,297.65,3681.34,2850.2,0.0,4.29,,,,,,,轻工制造,家居用品,成品家居,43.3,43.31,42.94
sz301061,匠心家居,2023-09-21,42.63,44.26,42.52,43.93,43.14,842413.0,36684696.0,1405760000.0,5623040000.0,362784040.15999997,453510733.62,2864420414.04,3412070990.0,547650575.96,124596838.64,1043.55,1201.1,738.88,484.03,1390.22,1850.23,495.82,133.1,,,,,,,轻工制造,家居用品,成品家居,43.12,43.84,43.06
sz301061,匠心家居,2023-09-22,43.89,44.15,43.2,43.66,43.93,662207.0,28896292.0,1397120000.0,5588480000.0,362784040.15999997,453510733.62,2864420414.04,3412070990.0,547650575.96,124596838.64,864.59,720.73,220.82,285.16,1804.22,1883.74,0.0,0.0,,,,,,,轻工制造,家居用品,成品家居,43.35,43.61,43.7
sz301061,匠心家居,2023-09-25,43.66,44.32,43.23,44.2,43.66,685786.0,30098353.0,1414400000.0,5657600000.0,362784040.15999997,453510733.62,2864420414.04,3412070990.0,547650575.96,124596838.64,916.61,1046.62,343.67,282.64,1737.24,1680.58,12.31,0.0,,,,,,,轻工制造,家居用品,成品家居,43.63,43.78,43.88
sz301061,匠心家居,2023-09-26,43.7,44.86,43.41,44.49,43.7,696480.0,30924297.0,1423680000.0,5694720000.0,362784040.15999997,453510733.62,2864420414.04,3412070990.0,547650575.96,124596838.64,691.0,966.34,150.1,327.79,2251.33,1798.3,0.0,0.0,,,,,,,轻工制造,家居用品,成品家居,43.61,43.64,43.6
sz301061,匠心家居,2023-09-27,44.86,45.96,44.09,45.22,44.49,692309.0,31337750.0,1447040000.0,5788160000.0,362784040.15999997,453510733.62,2864420414.04,3412070990.0,547650575.96,124596838.64,871.42,1077.81,332.13,204.28,1928.23,1849.69,0.0,0.0,,,,,,,轻工制造,家居用品,成品家居,44.48,44.96,45.14
sz301061,匠心家居,2023-09-28,45.3,47.5,45.27,45.5,45.22,1153259.0,53649275.0,1456000000.0,5824000000.0,362784040.15999997,453510733.62,2864420414.04,3412070990.0,547650575.96,124596838.64,1973.19,1906.8,543.85,807.58,2704.9,2284.8,142.53,365.29,,,,,,,轻工制造,家居用品,成品家居,45.88,46.72,47.5
sz301061,匠心家居,2023-10-09,46.0,46.56,45.58,46.41,45.5,788040.0,36344573.0,1485120000.0,5940480000.0,362784040.15999997,453510733.62,2864420414.04,3412070990.0,547650575.96,124596838.64,1435.53,1240.76,327.38,387.04,1853.18,2006.66,18.36,0.0,,,,,,,轻工制造,家居用品,成品家居,45.99,46.4,45.78
sz301061,匠心家居,2023-10-10,45.76,46.98,45.0,45.31,46.41,687400.0,31252126.0,1449920000.0,5799680000.0,362784040.15999997,453510733.62,2864420414.04,3412070990.0,547650575.96,124596838.64,1352.57,901.38,166.37,817.12,1606.28,1406.72,0.0,0.0,,,,,,,轻工制造,家居用品,成品家居,45.63,45.86,45.78
sz301061,匠心家居,2023-10-11,45.04,46.6,44.82,46.17,45.31,786610.0,36028145.0,1477440000.0,5909760000.0,362784040.15999997,453510733.62,2864420414.04,3412070990.0,547650575.96,124596838.64,1523.41,1602.93,225.14,416.07,1847.79,1583.82,6.47,0.0,,,,,,,轻工制造,家居用品,成品家居,45.34,45.06,44.97
sz301061,匠心家居,2023-10-12,46.54,46.54,44.22,44.43,46.17,981012.0,44104919.0,1421760000.0,5687040000.0,362784040.15999997,453510733.62,2864420414.04,3412070990.0,547650575.96,124596838.64,1108.64,1279.58,428.49,667.27,2749.3,1769.46,124.06,694.18,,,,,,,轻工制造,家居用品,成品家居,45.78,45.34,45.13
sz301061,匠心家居,2023-10-13,44.65,44.65,43.3,44.21,44.43,747900.0,32914584.0,1414720000.0,5658880000.0,362784040.15999997,453510733.62,2864420414.04,3412070990.0,547650575.96,124596838.64,923.41,1209.76,245.33,625.42,2076.08,1456.28,46.64,0.0,,,,,,,轻工制造,家居用品,成品家居,44.48,44.35,44.11
sz301061,匠心家居,2023-10-16,44.19,44.92,43.83,44.59,44.21,467748.0,20808963.0,1426880000.0,5707520000.0,362784040.15999997,453510733.62,2864420414.04,3412070990.0,547650575.96,124596838.64,688.35,648.48,39.82,187.73,1352.73,1244.69,0.0,0.0,,,,,,,轻工制造,家居用品,成品家居,44.65,44.53,44.4
sz301061,匠心家居,2023-10-17,44.18,45.13,43.94,45.0,44.59,387560.0,17330556.0,1440000000.0,5760000000.0,362784040.15999997,453510733.62,2864420414.04,3412070990.0,547650575.96,124596838.64,534.35,663.88,231.98,110.57,966.72,958.61,0.0,0.0,,,,,,,轻工制造,家居用品,成品家居,44.18,44.0,44.27
sz301061,匠心家居,2023-10-18,44.96,44.98,43.52,43.81,45.0,530940.0,23328297.0,1401920000.0,5607680000.0,362784040.15999997,453510733.62,2864420414.04,3412070990.0,547650575.96,124596838.64,881.31,588.47,121.51,203.97,1330.0,1540.38,0.0,0.0,,,,,,,轻工制造,家居用品,成品家居,44.67,44.41,43.95
sz301061,匠心家居,2023-10-19,44.51,45.8,43.66,44.83,43.81,743880.0,33533970.0,1434560000.0,5738240000.0,362784040.15999997,453510733.62,2864420414.04,3412070990.0,547650575.96,124596838.64,1481.77,1330.85,380.03,405.71,1491.6,1613.21,0.0,3.62,,,,,,,轻工制造,家居用品,成品家居,44.1,44.31,44.54
sz301061,匠心家居,2023-10-20,44.74,45.3,44.18,44.9,44.83,475419.0,21275927.0,1436800000.0,5747200000.0,362784040.15999997,453510733.62,2864420414.04,3412070990.0,547650575.96,124596838.64,500.8,573.44,66.75,125.28,1433.23,1428.87,126.82,0.0,,,,,,,轻工制造,家居用品,成品家居,44.59,45.13,44.72
sz301061,匠心家居,2023-10-23,44.89,45.07,43.52,43.88,44.9,365320.0,16177526.0,1404160000.0,5616640000.0,362784040.15999997,453510733.62,2864420414.04,3412070990.0,547650575.96,124596838.64,545.24,416.06,46.3,60.47,1026.22,1141.22,0.0,0.0,,,,,,,轻工制造,家居用品,成品家居,44.41,44.37,44.25
sz301061,匠心家居,2023-10-24,44.31,44.8,43.7,44.63,43.88,326319.0,14435930.0,1428160000.0,5712640000.0,362784040.15999997,453510733.62,2864420414.04,3412070990.0,547650575.96,124596838.64,359.9,549.84,50.79,135.88,1032.9,757.87,0.0,0.0,,,,,,,轻工制造,家居用品,成品家居,43.94,44.46,44.0
sz301061,匠心家居,2023-10-25,44.63,44.89,43.03,44.09,44.63,352344.0,15539977.0,1410880000.0,5643520000.0,362784040.15999997,453510733.62,2864420414.04,3412070990.0,547650575.96,124596838.64,397.48,455.66,131.79,55.04,1024.72,1043.29,0.0,0.0,,,,,,,轻工制造,家居用品,成品家居,44.45,44.58,44.71
sz301061,匠心家居,2023-10-26,43.5,44.57,43.5,44.48,44.09,452620.0,19935154.0,1423360000.0,5693440000.0,362784040.15999997,453510733.62,2864420414.04,3412070990.0,547650575.96,124596838.64,445.23,637.59,53.34,150.28,1494.94,1205.64,0.0,0.0,,,,,,,轻工制造,家居用品,成品家居,44.2,44.18,44.12
sz301061,匠心家居,2023-10-27,43.99,47.3,43.98,46.89,44.48,986600.0,45667262.0,1500480000.0,6001920000.0,362784040.15999997,453510733.62,2864420414.04,3412070990.0,547650575.96,124596838.64,1915.29,1685.29,284.84,432.34,2366.59,2317.97,0.0,131.13,,,,,,,轻工制造,家居用品,成品家居,44.9,45.56,45.83
sz301061,匠心家居,2023-10-30,47.01,47.88,44.51,46.7,46.89,1091378.0,50666120.0,1494400000.0,5977600000.0,399784383.90999997,595076366.9100001,2911326925.14,3482514481.04,571187555.9,121370718.33999997,1575.3,1434.79,423.31,359.66,3068.0,3155.26,0.0,116.9,,,,,,,轻工制造,家居用品,成品家居,47.69,46.58,46.1
sz301061,匠心家居,2023-10-31,46.71,46.8,43.92,44.48,46.7,761000.0,34149357.0,1423360000.0,5693440000.0,399784383.90999997,595076366.9100001,2911326925.14,3482514481.04,571187555.9,121370718.33999997,1311.92,977.69,159.93,234.59,1943.09,2064.65,0.0,138.01,,,,,,,轻工制造,家居用品,成品家居,45.86,45.96,45.59
sz301061,匠心家居,2023-11-01,44.57,45.29,44.1,44.81,44.48,495476.0,22224558.0,1433920000.0,5735680000.0,399784383.90999997,595076366.9100001,2911326925.14,3482514481.04,571187555.9,121370718.33999997,524.33,725.19,167.12,62.44,1481.53,1385.34,0.0,0.0,,,,,,,轻工制造,家居用品,成品家居,44.88,45.04,44.78
sz301061,匠心家居,2023-11-02,44.84,45.39,43.8,43.8,44.81,570387.0,25171881.0,1401600000.0,5606400000.0,399784383.90999997,595076366.9100001,2911326925.14,3482514481.04,571187555.9,121370718.33999997,682.53,324.1,126.15,368.07,1708.51,1825.01,0.0,0.0,,,,,,,轻工制造,家居用品,成品家居,44.54,44.33,44.34
sz301061,匠心家居,2023-11-03,43.8,45.03,43.8,44.41,43.8,321140.0,14299607.0,1421120000.0,5684480000.0,399784383.90999997,595076366.9100001,2911326925.14,3482514481.04,571187555.9,121370718.33999997,243.02,321.79,86.42,0.0,1055.7,1108.17,44.82,0.0,,,,,,,轻工制造,家居用品,成品家居,44.1,44.53,44.7
sz301061,匠心家居,2023-11-06,44.58,44.72,42.7,43.5,44.41,967100.0,42211883.0,1392000000.0,5568000000.0,399784383.90999997,595076366.9100001,2911326925.14,3482514481.04,571187555.9,121370718.33999997,1253.73,1043.68,404.19,323.83,2563.26,2733.3,0.0,120.39,,,,,,,轻工制造,家居用品,成品家居,44.13,43.7,43.08
sz301061,匠心家居,2023-11-07,43.49,44.6,43.18,43.62,43.5,577820.0,25237377.0,1395840000.0,5583360000.0,399784383.90999997,595076366.9100001,2911326925.14,3482514481.04,571187555.9,121370718.33999997,810.79,920.21,323.24,209.54,1382.35,1393.99,7.36,0.0,,,,,,,轻工制造,家居用品,成品家居,44.33,43.9,43.85
sz301061,匠心家居,2023-11-08,43.5,44.19,43.16,44.19,43.62,488416.0,21325349.0,1414080000.0,5656320000.0,399784383.90999997,595076366.9100001,2911326925.14,3482514481.04,571187555.9,121370718.33999997,965.31,552.19,177.2,511.72,934.43,1068.62,55.6,0.0,,,,,,,轻工制造,家居用品,成品家居,43.24,43.19,43.53
sz301061,匠心家居,2023-11-09,44.37,44.64,43.3,43.42,44.19,445800.0,19496311.0,1389440000.0,5557760000.0,399784383.90999997,595076366.9100001,2911326925.14,3482514481.04,571187555.9,121370718.33999997,605.9,405.18,133.99,193.0,1209.75,1225.89,0.0,125.57,,,,,,,轻工制造,家居用品,成品家居,43.9,44.21,43.74
sz301061,匠心家居,2023-11-10,43.44,43.59,42.61,42.95,43.42,541142.0,23260537.0,1374400000.0,5497600000.0,399784383.90999997,595076366.9100001,2911326925.14,3482514481.04,571187555.9,121370718.33999997,929.91,893.17,94.64,340.29,1301.5,1080.56,0.0,12.04,,,,,,,轻工制造,家居用品,成品家居,43.1,43.38,43.35
sz301061,匠心家居,2023-11-13,42.95,43.3,42.01,42.59,42.95,627741.0,26665943.0,1362880000.0,5451520000.0,399784383.90999997,595076366.9100001,2911326925.14,3482514481.04,571187555.9,121370718.33999997,690.65,781.87,294.34,485.77,1569.85,1171.07,111.75,227.89,,,,,,,轻工制造,家居用品,成品家居,42.7,42.87,43.03
sz301061,匠心家居,2023-11-14,42.72,43.51,42.48,42.89,42.59,492740.0,21126038.0,1372480000.0,5489920000.0,399784383.90999997,595076366.9100001,2911326925.14,3482514481.04,571187555.9,121370718.33999997,652.41,719.78,104.55,78.57,1355.64,1314.26,0.0,0.0,,,,,,,轻工制造,家居用品,成品家居,42.82,43.08,43.05
sz301061,匠心家居,2023-11-15,43.2,43.63,42.49,42.78,42.89,449400.0,19287216.0,1368960000.0,5475840000.0,399784383.90999997,595076366.9100001,2911326925.14,3482514481.04,571187555.9,121370718.33999997,635.87,551.58,280.2,177.76,973.75,1160.48,0.0,0.0,,,,,,,轻工制造,家居用品,成品家居,43.42,42.99,42.93
sz301061,匠心家居,2023-11-16,43.18,43.45,42.6,43.0,42.78,454080.0,19591968.0,1376000000.0,5504000000.0,399784383.90999997,595076366.9100001,2911326925.14,3482514481.04,571187555.9,121370718.33999997,791.62,669.5,0.0,283.41,964.95,1006.29,202.63,0.0,,,,,,,轻工制造,家居用品,成品家居,42.91,43.12,43.1
sz301061,匠心家居,2023-11-17,43.17,43.3,42.7,43.13,43.0,322220.0,13873728.0,1380160000.0,5520640000.0,399784383.90999997,595076366.9100001,2911326925.14,3482514481.04,571187555.9,121370718.33999997,220.05,333.7,64.51,55.81,1102.82,997.86,0.0,0.0,,,,,,,轻工制造,家居用品,成品家居,42.84,42.97,42.86
sz301061,匠心家居,2023-11-20,43.31,43.72,41.61,42.01,43.13,830599.0,34972449.0,1344320000.0,5377280000.0,399784383.90999997,595076366.9100001,2911326925.14,3482514481.04,571187555.9,121370718.33999997,860.84,987.41,405.34,510.06,2231.07,1999.78,0.0,0.0,,,,,,,轻工制造,家居用品,成品家居,43.02,42.5,42.4
sz301061,匠心家居,2023-11-21,41.8,42.63,41.6,41.75,42.01,721743.0,30410728.0,1336000000.0,5344000000.0,399784383.90999997,595076366.9100001,2911326925.14,3482514481.04,571187555.9,121370718.33999997,1097.67,917.7,319.32,616.06,1624.08,1507.31,0.0,0.0,,,,,,,轻工制造,家居用品,成品家居,42.25,42.39,42.51
sz301061,匠心家居,2023-11-22,41.8,42.17,41.63,41.94,41.75,415660.0,17424753.0,1342080000.0,5368320000.0,399784383.90999997,595076366.9100001,2911326925.14,3482514481.04,571187555.9,121370718.33999997,315.45,558.85,131.84,159.53,1062.95,1024.09,232.24,0.0,,,,,,,轻工制造,家居用品,成品家居,41.88,41.83,41.86
sz301061,匠心家居,2023-11-23,41.85,43.38,41.73,43.05,41.94,538860.0,22975764.0,1377600000.0,5510400000.0,399784383.90999997,595076366.9100001,2911326925.14,3482514481.04,571187555.9,121370718.33999997,889.42,685.14,55.45,235.33,1352.7,1377.1,0.0,0.0,,,,,,,轻工制造,家居用品,成品家居,42.01,41.92,42.19
sz301061,匠心家居,2023-11-24,43.27,43.27,42.12,42.38,43.05,342840.0,14541243.0,1356160000.0,5424640000.0,399784383.90999997,595076366.9100001,2911326925.14,3482514481.04,571187555.9,121370718.33999997,438.72,318.85,54.99,340.26,960.42,795.01,0.0,0.0,,,,,,,轻工制造,家居用品,成品家居,42.82,42.58,42.4
sz301061,匠心家居,2023-11-27,42.55,42.56,41.9,42.38,42.38,248980.0,10511480.0,1356160000.0,5424640000.0,399784383.90999997,595076366.9100001,2911326925.14,3482514481.04,571187555.9,121370718.33999997,233.44,300.46,80.98,45.51,736.72,705.18,0.0,0.0,,,,,,,轻工制造,家居用品,成品家居,42.34,42.0,42.11
sz301061,匠心家居,2023-11-28,42.23,42.5,41.97,42.28,42.38,309340.0,13045191.0,1352960000.0,5411840000.0,399784383.90999997,595076366.9100001,2911326925.14,3482514481.04,571187555.9,121370718.33999997,350.04,336.76,93.86,202.41,860.62,765.35,0.0,0.0,,,,,,,轻工制造,家居用品,成品家居,42.21,42.19,42.34
sz301061,匠心家居,2023-11-29,42.29,42.29,41.19,41.51,42.28,676120.0,28096827.0,1328320000.0,5313280000.0,399784383.90999997,595076366.9100001,2911326925.14,3482514481.04,571187555.9,121370718.33999997,789.06,957.3,144.26,235.21,1772.32,1617.17,104.04,0.0,,,,,,,轻工制造,家居用品,成品家居,42.01,41.96,41.94
sz301061,匠心家居,2023-11-30,41.66,42.14,41.11,42.04,41.51,599283.0,24933715.0,1345280000.0,5381120000.0,399784383.90999997,595076366.9100001,2911326925.14,3482514481.04,571187555.9,121370718.33999997,476.18,818.44,89.78,88.42,1927.41,1586.51,0.0,0.0,,,,,,,轻工制造,家居用品,成品家居,41.52,41.32,41.24
sz301061,匠心家居,2023-12-01,41.83,43.05,41.7,42.88,42.04,525496.0,22404145.0,1372160000.0,5488640000.0,399784383.90999997,595076366.9100001,2911326925.14,3482514481.04,571187555.9,121370718.33999997,895.71,581.13,143.09,193.79,1201.61,1465.49,0.0,0.0,,,,,,,轻工制造,家居用品,成品家居,42.39,42.76,42.24
sz301061,匠心家居,2023-12-04,42.81,44.06,42.6,43.79,42.88,736220.0,32058422.0,1401280000.0,5605120000.0,399784383.90999997,595076366.9100001,2911326925.14,3482514481.04,571187555.9,121370718.33999997,904.39,964.54,513.15,406.31,1696.72,1835.0,91.59,0.0,,,,,,,轻工制造,家居用品,成品家居,42.7,43.32,43.23
sz301061,匠心家居,2023-12-05,43.79,43.79,42.25,42.25,43.79,335200.0,14385978.0,1352000000.0,5408000000.0,399784383.90999997,595076366.9100001,2911326925.14,3482514481.04,571187555.9,121370718.33999997,467.18,384.06,116.9,77.95,854.52,976.59,0.0,0.0,,,,,,,轻工制造,家居用品,成品家居,43.57,43.23,43.04
sz301061,匠心家居,2023-12-06,42.38,42.67,41.56,42.21,42.25,479600.0,20187916.0,1350720000.0,5402880000.0,399784383.90999997,595076366.9100001,2911326925.14,3482514481.04,571187555.9,121370718.33999997,539.66,294.35,200.81,130.35,1278.32,958.94,0.0,635.14,,,,,,,轻工制造,家居用品,成品家居,42.18,42.11,41.85
sz301061,匠心家居,2023-12-07,42.34,42.5,41.51,41.73,42.21,390560.0,16357180.0,1335360000.0,5341440000.0,399784383.90999997,595076366.9100001,2911326925.14,3482514481.04,571187555.9,121370718.33999997,425.2,496.68,78.24,146.55,1132.28,992.49,0.0,0.0,,,,,,,轻工制造,家居用品,成品家居,42.04,42.23,42.19
sz301061,匠心家居,2023-12-08,41.69,41.91,41.01,41.15,41.73,816860.0,33786810.0,1316800000.0,5267200000.0,399784383.90999997,595076366.9100001,2911326925.14,3482514481.04,571187555.9,121370718.33999997,822.01,605.57,373.84,309.1,1772.86,2110.86,409.97,353.15,,,,,,,轻工制造,家居用品,成品家居,41.38,41.75,41.66
sz301061,匠心家居,2023-12-11,41.57,42.75,40.86,42.75,41.15,649260.0,27290483.0,1368000000.0,5472000000.0,399784383.90999997,595076366.9100001,2911326925.14,3482514481.04,571187555.9,121370718.33999997,722.05,871.69,243.09,140.58,1763.91,1716.78,0.0,0.0,,,,,Y,,轻工制造,家居用品,成品家居,41.41,41.85,41.68
sz301061,匠心家居,2023-12-12,43.31,43.36,42.18,42.43,42.75,394020.0,16739591.0,1357760000.0,5431040000.0,399784383.90999997,595076366.9100001,2911326925.14,3482514481.04,571187555.9,121370718.33999997,601.36,263.75,195.29,343.45,877.31,1066.76,0.0,0.0,,,,,Y,,轻工制造,家居用品,成品家居,42.54,42.46,42.72
sz301061,匠心家居,2023-12-13,42.41,42.55,41.87,42.0,42.43,271230.0,11427155.0,1344000000.0,5376000000.0,399784383.90999997,595076366.9100001,2911326925.14,3482514481.04,571187555.9,121370718.33999997,405.4,344.29,193.95,21.66,543.36,776.77,0.0,0.0,,,,,Y,,轻工制造,家居用品,成品家居,42.22,42.07,42.33
sz301061,匠心家居,2023-12-14,42.0,43.25,41.97,42.41,42.0,536320.0,22865926.0,1357120000.0,5428480000.0,399784383.90999997,595076366.9100001,2911326925.14,3482514481.04,571187555.9,121370718.33999997,530.13,689.63,375.08,241.99,958.44,1354.97,422.94,0.0,,,,,Y,,轻工制造,家居用品,成品家居,42.18,42.56,42.57
sz301061,匠心家居,2023-12-15,42.73,44.99,42.67,44.71,42.41,1614800.0,71168871.0,1430720000.0,5722880000.0,399784383.90999997,595076366.9100001,2911326925.14,3482514481.04,571187555.9,121370718.33999997,2940.05,2555.92,831.87,1003.51,3315.79,3428.0,29.18,129.45,,,,,Y,,轻工制造,家居用品,成品家居,43.29,43.38,43.48
sz301061,匠心家居,2023-12-18,44.47,45.54,43.7,44.75,44.71,875672.0,39109146.0,1432000000.0,5728000000.0,399784383.90999997,595076366.9100001,2911326925.14,3482514481.04,571187555.9,121370718.33999997,1403.0,1297.99,479.71,84.03,2026.86,2528.9,1.35,0.0,,,,,Y,,轻工制造,家居用品,成品家居,44.06,43.81,44.9
sz301061,匠心家居,2023-12-19,44.72,46.38,44.31,46.22,44.75,1108058.0,50342506.0,1479040000.0,5916160000.0,399784383.90999997,595076366.9100001,2911326925.14,3482514481.04,571187555.9,121370718.33999997,1144.04,1669.25,429.68,754.91,3460.53,2610.09,0.0,0.0,,,,,Y,,轻工制造,家居用品,成品家居,44.63,44.39,44.68
sz301061,匠心家居,2023-12-20,46.22,46.8,45.76,46.26,46.22,733760.0,33941545.0,1480320000.0,5921280000.0,399784383.90999997,595076366.9100001,2911326925.14,3482514481.04,571187555.9,121370718.33999997,666.51,806.36,281.32,272.72,2446.32,2315.07,0.0,0.0,,,,,Y,,轻工制造,家居用品,成品家居,46.32,46.29,46.18
sz301061,匠心家居,2023-12-21,45.94,47.36,45.54,47.23,46.26,807151.0,37562235.0,1511360000.0,6045440000.0,399784383.90999997,595076366.9100001,2911326925.14,3482514481.04,571187555.9,121370718.33999997,1347.51,1535.32,399.18,172.02,1928.04,1907.79,81.49,141.09,,,,,Y,,轻工制造,家居用品,成品家居,46.73,46.09,45.94
sz301061,匠心家居,2023-12-22,47.25,49.25,47.1,47.24,47.23,1413337.0,68119731.0,1511680000.0,6046720000.0,399784383.90999997,595076366.9100001,2911326925.14,3482514481.04,571187555.9,121370718.33999997,2324.87,2236.3,1204.81,1371.46,3282.29,2586.23,0.0,617.98,,,,,Y,,轻工制造,家居用品,成品家居,47.78,47.89,48.71
sz301061,匠心家居,2023-12-25,47.3,47.68,46.2,47.0,47.24,1115660.0,52036258.0,1504000000.0,6016000000.0,399784383.90999997,595076366.9100001,2911326925.14,3482514481.04,571187555.9,121370718.33999997,951.53,1408.43,728.99,816.07,3383.42,2846.23,139.69,132.89,,,,,Y,,轻工制造,家居用品,成品家居,46.41,46.29,46.56
sz301061,匠心家居,2023-12-26,46.97,47.12,46.38,46.57,47.0,538179.0,25152066.0,1490240000.0,5960960000.0,399784383.90999997,595076366.9100001,2911326925.14,3482514481.04,571187555.9,121370718.33999997,539.57,615.04,68.78,120.66,1906.86,1779.51,0.0,0.0,,,,,Y,,轻工制造,家居用品,成品家居,46.96,46.76,46.91
sz301061,匠心家居,2023-12-27,46.11,48.91,46.11,48.48,46.57,1100811.0,52749142.0,1551360000.0,6205440000.0,399784383.90999997,595076366.9100001,2911326925.14,3482514481.04,571187555.9,121370718.33999997,1233.24,1808.03,1119.32,404.34,2595.26,3062.54,327.09,0.0,,,,,Y,,轻工制造,家居用品,成品家居,46.74,46.68,46.7
sz301061,匠心家居,2023-12-28,47.9,48.94,47.3,48.49,48.48,873221.0,42097221.0,1551680000.0,6206720000.0,399784383.90999997,595076366.9100001,2911326925.14,3482514481.04,571187555.9,121370718.33999997,1001.43,1513.86,450.34,383.22,2167.14,2188.95,590.81,123.68,,,,,Y,,轻工制造,家居用品,成品家居,47.39,47.4,47.86
sz301061,匠心家居,2023-12-29,48.19,49.94,48.19,49.75,48.49,756645.0,37490057.0,1592000000.0,6368000000.0,399784383.90999997,595076366.9100001,2911326925.14,3482514481.04,571187555.9,121370718.33999997,1291.76,1481.79,350.08,420.61,2107.17,1846.61,0.0,0.0,,,,,Y,,轻工制造,家居用品,成品家居,49.15,49.29,49.52
sz301061,匠心家居,2024-01-02,49.75,50.3,48.61,50.05,49.75,951918.0,47465752.0,1601600000.0,6406400000.0,399784383.90999997,595076366.9100001,2911326925.14,3482514481.04,571187555.9,121370718.33999997,1682.6,1748.37,331.11,411.86,2632.45,2450.22,100.42,136.13,,,,,Y,,轻工制造,家居用品,成品家居,49.41,49.27,49.1
sz301061,匠心家居,2024-01-03,49.65,52.48,49.6,50.46,50.05,1561604.0,79938822.0,1614720000.0,6458880000.0,399784383.90999997,595076366.9100001,2911326925.14,3482514481.04,571187555.9,121370718.33999997,2857.49,2941.95,1735.08,1764.19,3188.01,3104.45,213.31,183.3,,,,,Y,,轻工制造,家居用品,成品家居,49.81,49.76,50.41
sz301061,匠心家居,2024-01-04,50.86,52.85,49.86,52.24,50.46,1210904.0,62494620.0,1671680000.0,6686720000.0,399784383.90999997,595076366.9100001,2911326925.14,3482514481.04,571187555.9,121370718.33999997,1764.62,1951.73,792.42,567.58,3692.42,3624.75,0.0,105.41,,,,,Y,,轻工制造,家居用品,成品家居,50.31,49.86,50.09
sz301061,匠心家居,2024-01-05,52.58,55.0,51.67,54.99,52.24,1594479.0,85993583.0,1759680000.0,7038720000.0,399784383.90999997,595076366.9100001,2911326925.14,3482514481.04,571187555.9,121370718.33999997,2374.75,3087.0,1775.08,1328.63,4308.08,3999.92,141.45,183.81,,,,,Y,,轻工制造,家居用品,成品家居,52.51,52.47,52.83
sz301061,匠心家居,2024-01-08,54.67,59.72,51.3,52.36,54.99,3270159.0,176545011.0,1675520000.0,6702080000.0,399784383.90999997,595076366.9100001,2911326925.14,3482514481.04,571187555.9,121370718.33999997,6707.19,5062.54,2726.72,2172.36,8029.78,10013.49,190.81,406.11,,,,,Y,,轻工制造,家居用品,成品家居,53.65,55.9,57.38
sz301061,匠心家居,2024-01-09,52.35,54.5,51.08,54.16,52.36,2221242.0,118202238.0,1733120000.0,6932480000.0,399784383.90999997,595076366.9100001,2911326925.14,3482514481.04,571187555.9,121370718.33999997,3909.98,3894.9,975.19,1266.95,6932.99,6393.32,2.07,265.05,,,,,Y,,轻工制造,家居用品,成品家居,52.4,52.92,52.9
sz301061,匠心家居,2024-01-10,53.86,55.7,52.4,53.19,54.16,1472460.0,78637168.0,1702080000.0,6808320000.0,399784383.90999997,595076366.9100001,2911326925.14,3482514481.04,571187555.9,121370718.33999997,1752.59,2507.31,868.89,406.4,5225.81,4313.07,16.43,636.93,,,,,Y,,轻工制造,家居用品,成品家居,54.67,53.38,53.03
sz301061,匠心家居,2024-01-11,53.16,54.46,52.69,53.3,53.19,1224040.0,65311343.0,1705600000.0,6822400000.0,399784383.90999997,595076366.9100001,2911326925.14,3482514481.04,571187555.9,121370718.33999997,1304.52,1641.55,656.8,466.35,4467.72,4247.7,102.09,175.53,,,,,Y,,轻工制造,家居用品,成品家居,53.13,53.25,53.48
sz301061,匠心家居,2024-01-12,53.0,54.91,53.0,53.68,53.3,903180.0,48818554.0,1717760000.0,6871040000.0,399784383.90999997,595076366.9100001,2911326925.14,3482514481.04,571187555.9,121370718.33999997,1198.52,1699.61,383.62,455.45,3125.23,2726.8,174.49,0.0,,,,,Y,,轻工制造,家居用品,成品家居,53.7,53.93,54.1
sz301061,匠心家居,2024-01-15,53.31,55.2,53.23,54.62,53.68,835240.0,45438616.0,1747840000.0,6991360000.0,399784383.90999997,595076366.9100001,2911326925.14,3482514481.04,571187555.9,121370718.33999997,1834.56,1453.54,637.49,586.21,2071.8,2187.69,0.0,316.42,,,,,Y,,轻工制造,家居用品,成品家居,53.62,54.27,54.0
sz301061,匠心家居,2024-01-16,54.46,54.98,52.7,54.15,54.62,1032054.0,55191534.0,1732800000.0,6931200000.0,399784383.90999997,595076366.9100001,2911326925.14,3482514481.04,571187555.9,121370718.33999997,1369.68,1690.96,316.56,827.12,3830.24,2893.87,2.68,107.2,,,,,Y,,轻工制造,家居用品,成品家居,54.0,53.51,53.45
sz301061,匠心家居,2024-01-17,54.01,56.37,53.59,56.34,54.15,1769769.0,98465396.0,1802880000.0,7211520000.0,399784383.90999997,595076366.9100001,2911326925.14,3482514481.04,571187555.9,121370718.33999997,2556.53,2899.16,1634.49,902.78,5192.62,5074.9,462.9,969.7,,,,,Y,,轻工制造,家居用品,成品家居,53.63,54.3,54.43
sz301061,匠心家居,2024-01-18,55.66,55.68,53.19,54.83,56.34,1730382.0,93751057.0,1754560000.0,7018240000.0,399784383.90999997,595076366.9100001,2911326925.14,3482514481.04,571187555.9,121370718.33999997,2891.66,2708.51,1364.85,1030.77,4980.01,5330.52,138.58,305.31,,,,,Y,,轻工制造,家居用品,成品家居,54.09,55.27,55.2
sz301061,匠心家居,2024-01-19,54.26,55.23,53.35,53.75,54.83,1136080.0,61362916.0,1720000000.0,6880000000.0,399784383.90999997,595076366.9100001,2911326925.14,3482514481.04,571187555.9,121370718.33999997,1925.76,1972.74,824.93,905.72,3385.6,3257.83,0.0,0.0,,,,,Y,,轻工制造,家居用品,成品家居,54.0,53.7,54.99
sz301061,匠心家居,2024-01-22,54.12,54.7,50.8,51.01,53.75,1021767.0,53868133.0,1632320000.0,6529280000.0,399784383.90999997,595076366.9100001,2911326925.14,3482514481.04,571187555.9,121370718.33999997,1445.56,1618.47,924.43,1164.99,3016.82,2434.92,0.0,168.44,,,,,Y,,轻工制造,家居用品,成品家居,54.2,53.89,53.59
sz301061,匠心家居,2024-01-23,50.8,51.58,49.8,50.91,51.01,1008074.0,51096636.0,1629120000.0,6516480000.0,399784383.90999997,595076366.9100001,2911326925.14,3482514481.04,571187555.9,121370718.33999997,1203.81,1177.49,257.57,1036.74,3648.28,2768.67,0.0,126.77,,,,,Y,,轻工制造,家居用品,成品家居,50.34,50.29,50.2
sz301061,匠心家居,2024-01-24,51.58,53.16,50.19,52.04,50.91,816480.0,42258427.0,1665280000.0,6661120000.0,399784383.90999997,595076366.9100001,2911326925.14,3482514481.04,571187555.9,121370718.33999997,1451.59,1408.07,522.19,277.38,2252.06,2540.39,0.0,0.0,,,,,Y,,轻工制造,家居用品,成品家居,51.6,53.08,52.51
sz301061,匠心家居,2024-01-25,51.99,53.2,51.01,52.23,52.04,1079440.0,56498935.0,1671360000.0,6685440000.0,399784383.90999997,595076366.9100001,2911326925.14,3482514481.04,571187555.9,121370718.33999997,1983.01,2044.78,437.13,635.97,3168.35,2874.67,61.41,94.48,,,,,Y,,轻工制造,家居用品,成品家居,51.31,51.71,52.58
sz301061,匠心家居,2024-01-26,51.9,55.32,51.81,52.85,52.23,885820.0,47341856.0,1691200000.0,6764800000.0,399784383.90999997,595076366.9100001,2911326925.14,3482514481.04,571187555.9,121370718.33999997,1415.63,1353.86,612.32,214.76,2706.24,2888.62,0.0,276.94,,,,,Y,,轻工制造,家居用品,成品家居,54.66,52.42,52.83
sz301061,匠心家居,2024-01-29,52.35,53.49,50.8,51.27,52.85,867540.0,44934326.0,1640640000.0,6562560000.0,399784383.90999997,595076366.9100001,2911326925.14,3482514481.04,571187555.9,121370718.33999997,1701.33,1712.72,273.67,495.96,2518.43,2284.23,0.0,0.52,,,,,Y,,轻工制造,家居用品,成品家居,53.03,52.46,52.8
sz301061,匠心家居,2024-01-30,51.31,52.16,49.73,49.99,51.27,742200.0,37659892.0,1599680000.0,6398720000.0,399784383.90999997,595076366.9100001,2911326925.14,3482514481.04,571187555.9,121370718.33999997,1040.73,1265.66,156.79,381.63,2492.38,1975.4,76.09,143.29,,,,,Y,,轻工制造,家居用品,成品家居,51.0,50.86,51.57
sz301061,匠心家居,2024-01-31,50.45,50.77,47.82,48.02,49.99,929340.0,45342643.0,1536640000.0,6146560000.0,399784383.90999997,595076366.9100001,2911326925.14,3482514481.04,571187555.9,121370718.33999997,1252.26,1705.42,293.91,336.52,2988.09,2362.31,0.0,130.02,,,,,Y,,轻工制造,家居用品,成品家居,50.51,49.83,49.6
sz301061,匠心家居,2024-02-01,48.01,48.49,46.83,48.05,48.02,838400.0,40023142.0,1537600000.0,6150400000.0,399784383.90999997,595076366.9100001,2911326925.14,3482514481.04,571187555.9,121370718.33999997,1055.42,1326.43,500.14,642.91,2206.75,2032.97,240.0,0.0,,,,,Y,,轻工制造,家居用品,成品家居,48.28,47.66,47.29
sz301061,匠心家居,2024-02-02,48.0,49.44,46.01,47.34,48.05,1208409.0,57817410.0,1514880000.0,6059520000.0,399784383.90999997,595076366.9100001,2911326925.14,3482514481.04,571187555.9,121370718.33999997,1760.48,1516.47,283.95,397.08,3302.26,3357.01,435.05,511.18,,,,,Y,,轻工制造,家居用品,成品家居,47.55,48.22,47.87
sz301061,匠心家居,2024-02-05,47.49,48.45,43.62,48.3,47.34,1331248.0,61367325.0,1545600000.0,6182400000.0,399784383.90999997,595076366.9100001,2911326925.14,3482514481.04,571187555.9,121370718.33999997,1845.0,1260.68,1053.19,723.11,3238.54,3790.04,0.0,362.9,,,,,Y,,轻工制造,家居用品,成品家居,45.38,45.17,44.66
sz301061,匠心家居,2024-02-06,47.67,53.66,45.0,50.82,48.3,1319360.0,65611887.0,1626240000.0,6504960000.0,399784383.90999997,595076366.9100001,2911326925.14,3482514481.04,571187555.9,121370718.33999997,2312.49,1989.53,686.52,497.49,3532.51,3694.75,29.66,379.42,,,,,Y,,轻工制造,家居用品,成品家居,45.21,46.75,49.6
sz301061,匠心家居,2024-02-07,51.4,51.99,49.0,49.99,50.82,820616.0,41616664.0,1599680000.0,6398720000.0,399784383.90999997,595076366.9100001,2911326925.14,3482514481.04,571187555.9,121370718.33999997,1410.19,1283.22,303.55,508.01,2447.93,2370.44,0.0,0.0,,,,,Y,,轻工制造,家居用品,成品家居,50.45,51.51,50.9
sz301061,匠心家居,2024-02-08,49.75,56.0,49.54,54.82,49.99,1011879.0,53472095.0,1754240000.0,7016960000.0,399784383.90999997,595076366.9100001,2911326925.14,3482514481.04,571187555.9,121370718.33999997,1308.64,2098.87,494.01,423.05,3544.56,2717.28,0.0,108.0,,,,,Y,,轻工制造,家居用品,成品家居,50.5,50.4,50.44
sz301061,匠心家居,2024-02-19,56.0,57.0,53.6,55.46,54.82,587219.0,32691998.0,1774720000.0,7098880000.0,399784383.90999997,595076366.9100001,2911326925.14,3482514481.04,571187555.9,121370718.33999997,1089.68,1301.17,271.08,373.38,1908.44,1594.65,0.0,0.0,,,,,Y,,轻工制造,家居用品,成品家居,53.82,55.58,56.2
sz301061,匠心家居,2024-02-20,56.0,56.2,53.01,54.37,55.46,637324.0,34515351.0,1739840000.0,6959360000.0,399784383.90999997,595076366.9100001,2911326925.14,3482514481.04,571187555.9,121370718.33999997,1151.58,1403.72,414.38,260.59,1781.59,1787.23,103.98,0.0,,,,,Y,,轻工制造,家居用品,成品家居,54.04,53.88,53.91
sz301061,匠心家居,2024-02-21,54.0,57.0,52.5,56.59,54.37,661320.0,36864128.0,1810880000.0,7243520000.0,399784383.90999997,595076366.9100001,2911326925.14,3482514481.04,571187555.9,121370718.33999997,1484.88,1430.37,348.2,401.21,1853.33,1749.58,0.0,105.25,,,,,Y,,轻工制造,家居用品,成品家居,54.0,54.3,54.82
sz301061,匠心家居,2024-02-22,55.5,56.44,52.78,54.12,56.59,868644.0,46826600.0,1731840000.0,6927360000.0,399784383.90999997,595076366.9100001,2911326925.14,3482514481.04,571187555.9,121370718.33999997,1737.2,1572.7,591.7,391.42,2318.91,2490.34,34.84,228.2,,,,,Y,,轻工制造,家居用品,成品家居,55.34,55.9,55.32
sz301061,匠心家居,2024-02-23,53.8,53.8,50.4,51.71,54.12,1245187.0,64272531.0,1654720000.0,6618880000.0,399784383.90999997,595076366.9100001,2911326925.14,3482514481.04,571187555.9,121370718.33999997,2529.1,2069.91,982.11,1010.61,2729.67,2944.23,186.38,402.5,,,,,Y,,轻工制造,家居用品,成品家居,53.15,53.4,51.88
sz301061,匠心家居,2024-02-26,50.78,53.4,50.75,53.27,51.71,960320.0,50421927.0,1704640000.0,6818560000.0,399784383.90999997,595076366.9100001,2911326925.14,3482514481.04,571187555.9,121370718.33999997,1618.8,2226.9,622.09,698.75,2134.06,2116.54,667.25,0.0,,,,,Y,,轻工制造,家居用品,成品家居,51.26,51.89,51.53
sz301061,匠心家居,2024-02-27,53.28,53.28,50.59,52.6,53.27,529240.0,27653749.0,1683200000.0,6732800000.0,399784383.90999997,595076366.9100001,2911326925.14,3482514481.04,571187555.9,121370718.33999997,1081.41,1013.51,100.46,375.95,1583.5,1366.37,0.0,9.54,,,,,Y,,轻工制造,家居用品,成品家居,52.64,52.98,52.3
sz301061,匠心家居,2024-02-28,53.2,53.2,50.0,50.01,52.6,890734.0,45748152.0,1600320000.0,6401280000.0,399784383.90999997,595076366.9100001,2911326925.14,3482514481.04,571187555.9,121370718.33999997,1890.71,1652.85,559.17,837.52,2021.62,1922.59,103.32,161.86,,,,,Y,,轻工制造,家居用品,成品家居,51.54,51.96,51.58
sz301061,匠心家居,2024-02-29,49.0,51.05,48.8,50.57,50.01,919440.0,46130621.0,1618240000.0,6472960000.0,399784383.90999997,595076366.9100001,2911326925.14,3482514481.04,571187555.9,121370718.33999997,1409.7,873.31,763.22,391.82,2440.14,3347.94,0.0,0.0,,,,,Y,,轻工制造,家居用品,成品家居,49.7,50.07,50.37
sz301061,匠心家居,2024-03-01,50.37,52.59,50.15,52.18,50.57,1046536.0,53720315.0,1669760000.0,6679040000.0,399784383.90999997,595076366.9100001,2911326925.14,3482514481.04,571187555.9,121370718.33999997,2450.02,1998.38,803.31,924.86,1849.55,2448.79,269.15,0.0,,,,,Y,,轻工制造,家居用品,成品家居,50.94,50.36,50.81
sz301061,匠心家居,2024-03-04,51.87,54.09,50.82,54.0,52.18,1170473.0,61422089.0,1728000000.0,6912000000.0,399784383.90999997,595076366.9100001,2911326925.14,3482514481.04,571187555.9,121370718.33999997,1785.89,1981.26,268.99,646.96,4087.33,3513.99,0.0,0.0,,,,,Y,,轻工制造,家居用品,成品家居,52.03,52.0,51.3
sz301061,匠心家居,2024-03-05,54.0,54.79,53.0,54.31,54.0,687647.0,37114444.0,1737920000.0,6951680000.0,399784383.90999997,595076366.9100001,2911326925.14,3482514481.04,571187555.9,121370718.33999997,1608.17,1337.6,492.72,523.67,1610.55,1837.66,0.0,12.51,,,,,Y,,轻工制造,家居用品,成品家居,53.74,53.51,53.11
sz301061,匠心家居,2024-03-06,54.58,54.61,52.42,53.6,54.31,641160.0,34103583.0,1715200000.0,6860800000.0,399784383.90999997,595076366.9100001,2911326925.14,3482514481.04,571187555.9,121370718.33999997,1243.86,787.45,347.25,613.7,1819.25,2009.21,0.0,0.0,,,,,Y,,轻工制造,家居用品,成品家居,53.75,53.54,53.31
sz301061,匠心家居,2024-03-07,53.58,54.08,52.81,53.28,53.6,308033.0,16409258.0,1704960000.0,6819840000.0,399784383.90999997,595076366.9100001,2911326925.14,3482514481.04,571187555.9,121370718.33999997,570.02,692.9,143.68,85.92,927.22,862.1,0.0,0.0,,,,,Y,,轻工制造,家居用品,成品家居,53.79,53.79,53.55
sz301061,匠心家居,2024-03-08,53.35,56.83,53.35,56.44,53.28,1149967.0,63720086.0,1806080000.0,7224320000.0,399784383.90999997,595076366.9100001,2911326925.14,3482514481.04,571187555.9,121370718.33999997,2732.07,2487.22,983.49,727.04,2611.29,3157.75,45.16,0.0,,,,,Y,,轻工制造,家居用品,成品家居,53.71,55.17,54.9
sz301061,匠心家居,2024-03-11,56.4,58.6,55.22,57.59,56.44,1291921.0,74414192.0,1842880000.0,7371520000.0,399784383.90999997,595076366.9100001,2911326925.14,3482514481.04,571187555.9,121370718.33999997,2560.88,2389.35,791.5,731.82,4081.5,4173.71,7.54,146.55,,,,,Y,,轻工制造,家居用品,成品家居,55.89,55.9,57.62
sz301061,匠心家居,2024-03-12,57.5,61.17,57.01,61.07,57.59,1269708.0,75319517.0,1954240000.0,7816960000.0,399784383.90999997,595076366.9100001,2911326925.14,3482514481.04,571187555.9,121370718.33999997,3255.76,2855.65,1174.15,1913.98,2826.64,2762.31,275.41,0.0,,,,,Y,,轻工制造,家居用品,成品家居,57.81,57.6,58.82
sz301061,匠心家居,2024-03-13,60.99,61.96,57.57,58.09,61.07,1323640.0,77664237.0,1858880000.0,7435520000.0,399784383.90999997,595076366.9100001,2911326925.14,3482514481.04,571187555.9,121370718.33999997,2828.1,3451.88,794.04,979.9,3948.44,3334.65,195.85,0.0,,,,,Y,,轻工制造,家居用品,成品家居,60.86,59.63,59.7
sz301061,匠心家居,2024-03-14,58.0,58.48,56.29,58.14,58.09,1007400.0,57703550.0,1860480000.0,7441920000.0,399784383.90999997,595076366.9100001,2911326925.14,3482514481.04,571187555.9,121370718.33999997,1766.67,1784.69,1279.09,642.54,2724.59,3343.13,0.0,0.0,,,,,Y,,轻工制造,家居用品,成品家居,57.79,57.96,58.41
sz301061,匠心家居,2024-03-15,58.11,58.31,56.55,57.01,58.14,689420.0,39308075.0,1824320000.0,7297280000.0,399784383.90999997,595076366.9100001,2911326925.14,3482514481.04,571187555.9,121370718.33999997,1194.37,779.91,610.46,302.6,2125.98,2746.42,0.0,101.88,,,,,Y,,轻工制造,家居用品,成品家居,57.79,58.08,57.78
sz301061,匠心家居,2024-03-18,57.1,57.4,56.36,57.3,57.01,500880.0,28505258.0,1833600000.0,7334400000.0,399784383.90999997,595076366.9100001,2911326925.14,3482514481.04,571187555.9,121370718.33999997,1080.55,952.92,188.36,396.18,1581.62,1501.42,0.0,0.0,,,,,Y,,轻工制造,家居用品,成品家居,57.08,56.68,56.67
sz301061,匠心家居,2024-03-19,57.2,59.86,56.92,58.29,57.3,696776.0,40600992.0,1865280000.0,7461120000.0,399784383.90999997,595076366.9100001,2911326925.14,3482514481.04,571187555.9,121370718.33999997,1266.68,1487.78,704.4,628.42,2056.07,1943.9,32.95,0.0,,,,,Y,,轻工制造,家居用品,成品家居,57.38,57.28,57.78
sz301061,匠心家居,2024-03-20,58.3,58.9,56.91,57.3,58.29,599240.0,34314619.0,1833600000.0,7334400000.0,399784383.90999997,595076366.9100001,2911326925.14,3482514481.04,571187555.9,121370718.33999997,1016.92,1378.77,286.77,624.3,2127.77,1423.23,0.0,5.17,,,,,Y,,轻工制造,家居用品,成品家居,57.4,57.32,57.5
sz301061,匠心家居,2024-03-21,57.27,57.58,56.37,56.66,57.3,434360.0,24718464.0,1813120000.0,7252480000.0,399784383.90999997,595076366.9100001,2911326925.14,3482514481.04,571187555.9,121370718.33999997,426.09,608.75,223.71,409.56,1822.05,1453.54,0.0,0.0,,,,,Y,,轻工制造,家居用品,成品家居,56.88,56.5,56.61
sz301061,匠心家居,2024-03-22,56.66,58.0,56.0,57.31,56.66,524600.0,29963798.0,1833920000.0,7335680000.0,399784383.90999997,595076366.9100001,2911326925.14,3482514481.04,571187555.9,121370718.33999997,732.75,1010.15,493.06,288.79,1551.27,1697.44,219.3,0.0,,,,,Y,,轻工制造,家居用品,成品家居,56.8,56.55,57.1
sz301061,匠心家居,2024-03-25,56.8,61.48,56.67,58.88,57.31,1493420.0,88895451.0,1884160000.0,7536640000.0,399784383.90999997,595076366.9100001,2911326925.14,3482514481.04,571187555.9,121370718.33999997,3047.28,3037.41,1651.53,1423.52,4190.73,4285.7,0.0,142.91,,,,,Y,,轻工制造,家居用品,成品家居,57.49,58.35,59.01
sz301061,匠心家居,2024-03-26,58.96,60.49,58.09,60.06,58.88,775120.0,45828563.0,1921920000.0,7687680000.0,399784383.90999997,595076366.9100001,2911326925.14,3482514481.04,571187555.9,121370718.33999997,1887.85,1723.78,940.82,694.98,1754.18,2012.79,0.0,151.3,,,,,Y,,轻工制造,家居用品,成品家居,58.63,58.92,58.66
sz301061,匠心家居,2024-03-27,59.66,61.69,58.21,59.8,60.06,706960.0,42192067.0,1913600000.0,7654400000.0,399784383.90999997,595076366.9100001,2911326925.14,3482514481.04,571187555.9,121370718.33999997,1887.92,1509.37,335.11,649.0,1996.18,2060.83,0.0,0.0,,,,,Y,,轻工制造,家居用品,成品家居,59.41,59.5,59.16
sz301061,匠心家居,2024-03-28,59.1,60.55,58.45,59.47,59.8,600660.0,35813326.0,1903040000.0,7612160000.0,399784383.90999997,595076366.9100001,2911326925.14,3482514481.04,571187555.9,121370718.33999997,1458.75,1552.98,469.36,459.74,1653.23,1431.82,0.0,136.79,,,,,Y,,轻工制造,家居用品,成品家居,59.29,59.6,59.87
sz301061,匠心家居,2024-03-29,58.74,59.46,57.8,59.24,59.47,503400.0,29502050.0,1895680000.0,7582720000.0,399784383.90999997,595076366.9100001,2911326925.14,3482514481.04,571187555.9,121370718.33999997,895.37,1246.46,394.08,562.64,1486.2,964.71,174.55,176.4,,,,,Y,,轻工制造,家居用品,成品家居,58.68,59.13,58.12
sz301061,匠心家居,2024-04-01,59.24,66.79,58.97,65.59,59.24,1561133.0,99774565.0,2098880000.0,8395520000.0,399784383.90999997,595076366.9100001,2911326925.14,3482514481.04,571187555.9,121370718.33999997,4078.74,3718.66,2419.97,2344.53,3260.03,3914.27,218.72,0.0,,,,,Y,,轻工制造,家居用品,成品家居,61.0,61.75,62.88
sz301061,匠心家居,2024-04-02,65.59,67.8,64.88,67.0,65.59,1018416.0,67499736.0,2144000000.0,8576000000.0,399784383.90999997,595076366.9100001,2911326925.14,3482514481.04,571187555.9,121370718.33999997,2401.79,2459.01,1219.77,1318.71,2828.59,2853.01,299.82,119.25,,,,,Y,,轻工制造,家居用品,成品家居,65.73,65.63,65.66
sz301061,匠心家居,2024-04-03,67.0,68.0,65.29,66.66,67.0,899398.0,59684148.0,2133120000.0,8532480000.0,399784383.90999997,595076366.9100001,2911326925.14,3482514481.04,571187555.9,121370718.33999997,1777.25,2204.76,1073.79,1054.96,2979.75,2708.69,137.63,0.0,,,,,Y,,轻工制造,家居用品,成品家居,67.0,67.28,66.78
sz301061,匠心家居,2024-04-08,66.6,67.0,64.66,64.77,66.66,520740.0,34033323.0,2072640000.0,8290560000.0,399784383.90999997,595076366.9100001,2911326925.14,3482514481.04,571187555.9,121370718.33999997,1271.98,1167.23,539.39,754.33,1591.96,1481.77,0.0,0.0,,,,,Y,,轻工制造,家居用品,成品家居,66.08,65.85,66.02
sz301061,匠心家居,2024-04-09,64.69,65.43,63.4,65.43,64.77,518540.0,33453565.0,2093760000.0,8375040000.0,399784383.90999997,595076366.9100001,2911326925.14,3482514481.04,571187555.9,121370718.33999997,1199.32,1274.13,823.62,527.26,1322.42,1543.97,0.0,0.0,,,,,Y,,轻工制造,家居用品,成品家居,64.0,63.4,64.21
sz301061,匠心家居,2024-04-10,64.95,65.8,63.29,64.0,65.43,493580.0,31693437.0,2048000000.0,8192000000.0,399784383.90999997,595076366.9100001,2911326925.14,3482514481.04,571187555.9,121370718.33999997,1137.71,1028.54,439.37,397.43,1592.26,1742.73,0.0,0.64,,,,,Y,,轻工制造,家居用品,成品家居,65.29,64.9,64.99
sz301061,匠心家居,2024-04-11,64.0,68.49,63.62,68.15,64.0,955687.0,63992668.0,2180800000.0,8723200000.0,399784383.90999997,595076366.9100001,2911326925.14,3482514481.04,571187555.9,121370718.33999997,2510.25,2201.74,1018.02,1106.56,2564.34,3047.1,306.66,43.87,,,,,Y,,轻工制造,家居用品,成品家居,63.96,64.81,65.19
sz301061,匠心家居,2024-04-12,68.15,71.1,67.0,69.2,68.15,849386.0,58877014.0,2214400000.0,8857600000.0,399784383.90999997,595076366.9100001,2911326925.14,3482514481.04,571187555.9,121370718.33999997,3021.66,2567.15,690.18,1189.46,2175.87,1961.5,0.0,169.59,,,,,Y,,轻工制造,家居用品,成品家居,67.46,68.25,68.54
sz301061,匠心家居,2024-04-15,68.8,69.84,66.72,68.45,69.2,671627.0,45672201.0,2190400000.0,8761600000.0,399784383.90999997,595076366.9100001,2911326925.14,3482514481.04,571187555.9,121370718.33999997,1930.72,1797.85,685.98,507.53,1850.03,2136.11,100.5,125.73,,,,,Y,,轻工制造,家居用品,成品家居,67.86,68.03,68.02
sz301061,匠心家居,2024-04-16,67.55,71.79,67.05,71.18,68.45,895299.0,62398325.0,2277760000.0,9111040000.0,399784383.90999997,595076366.9100001,2911326925.14,3482514481.04,571187555.9,121370718.33999997,2705.24,2145.65,627.36,938.78,2907.23,2895.69,0.0,259.71,,,,,Y,,轻工制造,家居用品,成品家居,67.17,67.89,67.86
sz301061,匠心家居,2024-04-17,71.0,71.5,68.55,70.6,71.18,962300.0,67342950.0,2259200000.0,9036800000.0,399784383.90999997,595076366.9100001,2911326925.14,3482514481.04,571187555.9,121370718.33999997,2742.81,2279.29,943.0,806.27,3048.49,3648.73,0.0,0.0,,,,,Y,,轻工制造,家居用品,成品家居,69.9,68.7,69.52
sz301061,匠心家居,2024-04-18,69.89,71.18,68.63,69.11,70.6,618000.0,42979426.0,2211520000.0,8846080000.0,399784383.90999997,595076366.9100001,2911326925.14,3482514481.04,571187555.9,121370718.33999997,1742.99,1411.27,386.98,733.85,2167.97,1896.64,0.0,256.18,,,,,Y,,轻工制造,家居用品,成品家居,68.9,69.88,69.73
sz301061,匠心家居,2024-04-19,69.17,71.6,68.33,71.03,69.11,758820.0,53484326.0,2272960000.0,9091840000.0,399784383.90999997,595076366.9100001,2911326925.14,3482514481.04,571187555.9,121370718.33999997,2166.66,1989.09,436.77,509.87,2745.0,2849.47,0.0,0.0,,,,,Y,,轻工制造,家居用品,成品家居,69.01,69.24,69.02
sz301061,匠心家居,2024-04-22,70.5,73.0,69.84,73.0,71.03,571321.0,41036006.0,2336000000.0,9344000000.0,399784383.90999997,595076366.9100001,2911326925.14,3482514481.04,571187555.9,121370718.33999997,1229.32,1845.25,918.8,686.06,1849.0,1572.29,106.48,0.0,,,,,Y,,轻工制造,家居用品,成品家居,70.18,71.28,70.5
sz301061,匠心家居,2024-04-23,72.67,72.98,64.12,69.55,73.0,2063152.0,138839699.0,2225600000.0,8902400000.0,399784383.90999997,595076366.9100001,2911326925.14,3482514481.04,571187555.9,121370718.33999997,5330.88,6042.64,2098.59,2026.44,6299.23,5433.19,155.27,381.7,,,,,Y,,轻工制造,家居用品,成品家居,72.61,71.3,71.13
sz301061,匠心家居,2024-04-24,67.5,69.16,64.5,68.06,69.55,1247141.0,83874485.0,2177920000.0,8711680000.0,399784383.90999997,595076366.9100001,2911326925.14,3482514481.04,571187555.9,121370718.33999997,3338.03,2924.11,1095.28,1569.52,3954.13,3836.19,0.0,57.62,,,,,Y,,轻工制造,家居用品,成品家居,65.8,67.0,66.23
sz301061,匠心家居,2024-04-25,68.62,68.62,64.88,65.89,68.06,1284588.0,84530843.0,2108480000.0,8433920000.0,399784383.90999997,595076366.9100001,2911326925.14,3482514481.04,571187555.9,121370718.33999997,2272.38,2684.16,1157.35,2017.23,4943.7,3490.47,79.66,261.22,,,,,Y,,轻工制造,家居用品,成品家居,67.2,66.01,66.54
sz301061,匠心家居,2024-04-26,66.75,67.0,63.22,63.72,65.89,1391787.0,88955878.0,2039040000.0,8156160000.0,399784383.90999997,595076366.9100001,2911326925.14,3482514481.04,571187555.9,121370718.33999997,2689.87,2918.68,906.66,1923.87,4423.25,3737.79,875.81,315.26,,,,,Y,,轻工制造,家居用品,成品家居,66.01,66.09,65.52
sz301061,匠心家居,2024-04-29,65.34,67.97,65.34,67.07,63.72,1301297.0,87092139.0,2146240000.0,8584960000.0,399784383.90999997,595076366.9100001,3121794704.21,3738978028.7,617183324.49,120999957.28,2239.01,2988.83,1153.54,1272.66,5307.48,4447.72,9.18,0.0,,,,,Y,,轻工制造,家居用品,成品家居,67.59,66.85,67.14
sz301061,匠心家居,2024-04-30,66.72,69.2,66.6,68.03,67.07,795140.0,54310158.0,2176960000.0,8707840000.0,399784383.90999997,595076366.9100001,3121794704.21,3738978028.7,617183324.49,120999957.28,1767.93,1404.83,539.13,720.13,2877.24,3202.36,246.72,103.69,,,,,Y,,轻工制造,家居用品,成品家居,67.24,67.88,68.37
sz301061,匠心家居,2024-05-06,68.45,69.0,65.65,67.72,68.03,1616974.0,109181670.0,2167040000.0,8668160000.0,399784383.90999997,595076366.9100001,3121794704.21,3738978028.7,617183324.49,120999957.28,2215.15,2662.18,1206.03,2408.24,7496.98,5094.91,0.0,752.84,,,,,Y,,轻工制造,家居用品,成品家居,66.33,66.0,66.18
sz301061,匠心家居,2024-05-07,67.3,69.76,65.98,69.4,67.72,1348949.0,91600546.0,2220800000.0,8883200000.0,399784383.90999997,595076366.9100001,3121794704.21,3738978028.7,617183324.49,120999957.28,2756.15,3504.49,1389.55,1404.03,4895.85,4098.13,118.51,153.41,,,,,Y,,轻工制造,家居用品,成品家居,67.65,67.98,66.99
sz301061,匠心家居,2024-05-08,69.05,72.0,68.69,71.34,69.4,993135.0,70204792.0,2282880000.0,9131520000.0,399784383.90999997,595076366.9100001,3121794704.21,3738978028.7,617183324.49,120999957.28,2137.25,2125.77,749.36,820.22,4133.86,4074.49,0.0,0.0,,,,,Y,,轻工制造,家居用品,成品家居,69.64,69.3,69.1
sz301061,匠心家居,2024-05-09,71.39,73.25,71.2,72.2,71.34,761685.0,54888060.0,2310400000.0,9241600000.0,399784383.90999997,595076366.9100001,3121794704.21,3738978028.7,617183324.49,120999957.28,1627.27,1516.17,888.93,790.23,2804.88,2841.6,167.72,340.8,,,,,Y,,轻工制造,家居用品,成品家居,73.08,71.9,71.62
sz301061,匠心家居,2024-05-10,72.0,74.51,70.6,72.6,72.2,911680.0,66034626.0,2323200000.0,9292800000.0,399784383.90999997,595076366.9100001,3121794704.21,3738978028.7,617183324.49,120999957.28,2199.32,2299.62,760.01,745.41,3644.13,3558.43,0.0,0.0,,,,,Y,,轻工制造,家居用品,成品家居,71.76,71.13,70.93
sz301061,匠心家居,2024-05-13,72.2,75.16,70.02,74.35,72.6,1244596.0,90908322.0,2379200000.0,9516800000.0,399784383.90999997,595076366.9100001,3121794704.21,3738978028.7,617183324.49,120999957.28,3305.92,3325.53,1252.58,1533.25,4412.63,4089.21,119.7,142.84,,,,,Y,,轻工制造,家居用品,成品家居,71.4,70.88,70.34
sz301061,匠心家居,2024-05-14,74.0,75.25,73.61,74.96,74.35,641451.0,47901203.0,2398720000.0,9594880000.0,399784383.90999997,595076366.9100001,3121794704.21,3738978028.7,617183324.49,120999957.28,1691.96,1732.55,749.58,652.66,2348.58,2404.92,0.0,0.0,,,,,Y,,轻工制造,家居用品,成品家居,74.5,74.79,74.4
sz301061,匠心家居,2024-05-15,74.94,77.3,73.77,74.93,74.96,804349.0,60794389.0,2397760000.0,9591040000.0,399784383.90999997,595076366.9100001,3121794704.21,3738978028.7,617183324.49,120999957.28,1860.57,1982.5,985.12,1366.89,2624.31,2500.61,609.45,229.44,,,,,Y,,轻工制造,家居用品,成品家居,76.19,76.88,76.06
sz301061,匠心家居,2024-05-16,74.67,76.0,70.51,71.13,74.93,1294558.0,93208204.0,2276160000.0,9104640000.0,399784383.90999997,595076366.9100001,3121794704.21,3738978028.7,617183324.49,120999957.28,3637.96,3258.65,814.94,780.87,4840.67,5159.78,27.24,121.51,,,,,Y,,轻工制造,家居用品,成品家居,73.73,73.17,71.7
sz301061,匠心家居,2024-05-17,70.8,71.0,68.67,70.11,71.13,1070585.0,74727650.0,2243520000.0,8974080000.0,399784383.90999997,595076366.9100001,3121794704.21,3738978028.7,617183324.49,120999957.28,1947.57,1915.28,1228.63,1186.61,4070.02,3169.31,226.55,1201.56,,,,,Y,,轻工制造,家居用品,成品家居,70.34,70.63,70.23
sz301061,匠心家居,2024-05-20,69.98,69.98,66.11,67.62,70.11,1373200.0,92215964.0,2163840000.0,8655360000.0,399784383.90999997,595076366.9100001,3121794704.21,3738978028.7,617183324.49,120999957.28,2798.37,1907.55,1098.25,1511.78,5258.91,5792.86,66.06,9.41,,,,,Y,,轻工制造,家居用品,成品家居,68.05,67.56,66.95
sz301061,匠心家居,2024-05-21,67.64,68.79,66.61,67.15,67.62,1050060.0,70619203.0,2148800000.0,8595200000.0,399784383.90999997,595076366.9100001,3121794704.21,3738978028.7,617183324.49,120999957.28,2243.65,1593.21,687.51,807.43,4003.31,4641.11,127.44,20.16,,,,,Y,,轻工制造,家居用品,成品家居,68.49,67.49,67.9
sz301061,匠心家居,2024-05-22,67.42,67.62,64.21,64.8,67.15,1609189.0,104891050.0,2073600000.0,8294400000.0,399784383.90999997,595076366.9100001,3121794704.21,3738978028.7,617183324.49,120999957.28,4027.85,2368.83,1113.98,1557.29,5245.44,6436.37,101.83,126.61,,,,,Y,,轻工制造,家居用品,成品家居,66.64,66.29,66.23
sz301061,匠心家居,2024-05-23,64.44,65.19,64.01,64.38,64.8,632892.0,40839248.0,2060160000.0,8240640000.0,399784383.90999997,595076366.9100001,3121794704.21,3738978028.7,617183324.49,120999957.28,1589.69,1286.17,364.74,232.91,2129.49,2564.85,0.0,0.0,,,,,Y,,轻工制造,家居用品,成品家居,64.59,64.76,64.75
sz301061,匠心家居,2024-05-24,64.33,64.98,63.37,63.82,64.38,714176.0,45629994.0,2042240000.0,8168960000.0,399784383.90999997,595076366.9100001,3121794704.21,3738978028.7,617183324.49,120999957.28,1501.33,1433.75,466.71,191.72,2594.96,2706.0,0.0,231.52,,,,,Y,,轻工制造,家居用品,成品家居,64.28,63.95,64.28
sz301061,匠心家居,2024-05-27,48.9,49.88,48.18,49.1,48.71,1125743.0,55251354.0,2042560000.0,8170240000.0,399784383.90999997,595076366.9100001,3121794704.21,3738978028.7,617183324.49,120999957.28,1873.19,1522.34,745.78,576.21,2655.87,3426.58,250.3,0.0,,,,,Y,,轻工制造,家居用品,成品家居,49.11,49.02,48.93
sz301061,匠心家居,2024-05-28,49.22,49.23,46.51,46.77,49.1,1837236.0,87159363.0,1945632000.0,7782528000.0,399784383.90999997,595076366.9100001,3121794704.21,3738978028.7,617183324.49,120999957.28,2714.74,2837.8,803.07,1410.59,5198.13,4326.53,0.0,141.01,,,,,Y,,轻工制造,家居用品,成品家居,48.77,49.0,48.48
sz301061,匠心家居,2024-05-29,46.69,46.81,44.81,45.41,46.77,3374399.0,153086898.0,1889056000.0,7556224000.0,399784383.90999997,595076366.9100001,3121794704.21,3738978028.7,617183324.49,120999957.28,4240.19,3802.22,1799.76,1677.52,9164.85,9451.77,103.89,377.18,,,,,Y,,轻工制造,家居用品,成品家居,46.0,45.73,45.19
sz301061,匠心家居,2024-05-30,44.73,45.77,44.7,45.18,45.41,1104850.0,50078047.0,1879488000.0,7517952000.0,399784383.90999997,595076366.9100001,3121794704.21,3738978028.7,617183324.49,120999957.28,1140.7,1367.39,466.86,361.41,3400.25,3279.0,0.0,0.0,,,,,Y,,轻工制造,家居用品,成品家居,45.09,45.19,45.45
sz301061,匠心家居,2024-05-31,45.29,46.46,44.86,46.2,45.18,1501148.0,68726814.0,1921920000.0,7687680000.0,399784383.90999997,595076366.9100001,3121794704.21,3738978028.7,617183324.49,120999957.28,2148.48,2121.72,713.78,639.23,3640.93,3879.54,369.5,232.2,,,,,Y,,轻工制造,家居用品,成品家居,45.16,44.98,45.16
sz301061,匠心家居,2024-06-03,46.2,47.4,45.74,46.56,46.2,1706452.0,79820173.0,1936896000.0,7747584000.0,399784383.90999997,595076366.9100001,3121794704.21,3738978028.7,617183324.49,120999957.28,2063.59,1947.47,570.16,738.14,3966.19,5193.74,1382.08,102.67,,,,,Y,,轻工制造,家居用品,成品家居,46.02,46.78,47.07
sz301061,匠心家居,2024-06-04,47.28,47.28,45.5,46.97,46.56,1398906.0,65372565.0,1953952000.0,7815808000.0,399784383.90999997,595076366.9100001,3121794704.21,3738978028.7,617183324.49,120999957.28,1278.13,1771.85,827.79,556.49,4429.95,4208.92,1.38,0.0,,,,,Y,,轻工制造,家居用品,成品家居,46.22,45.72,46.49
sz301061,匠心家居,2024-06-05,46.9,46.95,45.07,45.07,46.97,1422349.0,65121036.0,1874912000.0,7499648000.0,399784383.90999997,595076366.9100001,3121794704.21,3738978028.7,617183324.49,120999957.28,1702.25,2105.42,577.2,679.32,4011.95,3727.36,220.7,0.0,,,,,Y,,轻工制造,家居用品,成品家居,46.7,46.39,46.33
sz301061,匠心家居,2024-06-06,44.83,45.77,43.77,45.46,45.07,2035566.0,91463878.0,1891136000.0,7564544000.0,399784383.90999997,595076366.9100001,3121794704.21,3738978028.7,617183324.49,120999957.28,2107.44,2963.75,925.39,812.9,5995.14,5369.74,118.41,0.0,,,,,Y,,轻工制造,家居用品,成品家居,44.75,44.74,44.63
sz301061,匠心家居,2024-06-07,45.6,46.14,44.64,45.09,45.46,985202.0,44578190.0,1875744000.0,7502976000.0,399784383.90999997,595076366.9100001,3121794704.21,3738978028.7,617183324.49,120999957.28,1454.08,1022.72,214.02,562.53,2789.72,2872.57,0.0,0.0,,,,,Y,,轻工制造,家居用品,成品家居,45.64,45.52,45.2
sz301061,匠心家居,2024-06-11,45.0,45.79,44.14,45.16,45.09,715750.0,32227985.0,1878656000.0,7514624000.0,399784383.90999997,595076366.9100001,3121794704.21,3738978028.7,617183324.49,120999957.28,955.77,978.33,85.34,409.83,1954.31,1834.64,227.38,0.0,,,,,Y,,轻工制造,家居用品,成品家居,44.33,44.37,44.94
sz301061,匠心家居,2024-06-12,45.2,47.15,44.72,46.59,45.16,1654561.0,76297351.0,1938144000.0,7752576000.0,399784383.90999997,595076366.9100001,3121794704.21,3738978028.7,617183324.49,120999957.28,2969.81,2014.97,587.39,686.45,4072.54,4928.31,0.0,0.0,,,,,Y,,轻工制造,家居用品,成品家居,44.96,44.9,45.04
sz301061,匠心家居,2024-06-13,46.35,47.62,45.7,47.35,46.59,1739217.0,81556552.0,1969760000.0,7879040000.0,399784383.90999997,595076366.9100001,3121794704.21,3738978028.7,617183324.49,120999957.28,2589.9,2439.7,802.4,599.04,4652.14,5116.92,111.22,0.0,,,,,Y,,轻工制造,家居用品,成品家居,45.84,46.71,46.75
sz301061,匠心家居,2024-06-14,46.9,49.19,46.85,49.08,47.35,1708165.0,82846603.0,2041728000.0,8166912000.0,399784383.90999997,595076366.9100001,3121794704.21,3738978028.7,617183324.49,120999957.28,2687.23,2372.93,887.91,804.48,4591.73,4960.55,117.79,146.7,,,,,Y,,轻工制造,家居用品,成品家居,47.4,48.04,48.25
sz301061,匠心家居,2024-06-17,49.25,49.43,47.6,48.28,49.08,1189183.0,57689169.0,2008448000.0,8033792000.0,399784383.90999997,595076366.9100001,3121794704.21,3738978028.7,617183324.49,120999957.28,1512.08,2116.17,763.14,768.43,3382.4,2884.32,111.3,0.0,,,,,Y,,轻工制造,家居用品,成品家居,49.04,48.94,48.68
sz301061,匠心家居,2024-06-18,48.03,48.7,48.03,48.49,48.28,764529.0,36910482.0,2017184000.0,8068736000.0,399784383.90999997,595076366.9100001,3121794704.21,3738978028.7,617183324.49,120999957.28,669.92,1369.28,1096.39,352.06,1791.72,1969.7,133.02,0.0,,,,,Y,,轻工制造,家居用品,成品家居,48.43,48.6,48.24
sz301061,匠心家居,2024-06-19,48.5,50.78,48.12,50.5,48.49,1448102.0,71781259.0,2100800000.0,8403200000.0,399784383.90999997,595076366.9100001,3121794704.21,3738978028.7,617183324.49,120999957.28,2239.63,2446.84,854.19,791.85,3721.68,3818.19,362.62,121.25,,,,,Y,,轻工制造,家居用品,成品家居,48.42,48.5,49.04
sz301061,匠心家居,2024-06-20,50.1,54.59,50.1,52.68,50.5,2425167.0,127598185.0,2191488000.0,8765952000.0,399784383.90999997,595076366.9100001,3121794704.21,3738978028.7,617183324.49,120999957.28,3557.15,4144.53,2213.36,2923.35,6944.81,4937.16,44.5,754.78,,,,,Y,,轻工制造,家居用品,成品家居,50.98,52.01,53.7
sz301061,匠心家居,2024-06-21,52.57,52.57,50.65,51.23,52.68,1583128.0,81302077.0,2131168000.0,8524672000.0,399784383.90999997,595076366.9100001,3121794704.21,3738978028.7,617183324.49,120999957.28,2148.26,2858.13,1422.96,1723.42,4378.97,3268.04,180.02,280.61,,,,,Y,,轻工制造,家居用品,成品家居,51.58,51.26,52.11
sz301061,匠心家居,2024-06-24,51.2,51.5,50.02,50.1,51.23,1321817.0,66749787.0,2084160000.0,8336640000.0,399784383.90999997,595076366.9100001,3121794704.21,3738978028.7,617183324.49,120999957.28,1908.8,2541.96,1484.26,978.77,3281.92,3150.71,0.0,3.54,,,,,Y,,轻工制造,家居用品,成品家居,50.7,50.75,50.83
sz301061,匠心家居,2024-06-25,50.56,50.56,48.51,48.67,50.1,1647451.0,81191889.0,2024672000.0,8098688000.0,399784383.90999997,595076366.9100001,3121794704.21,3738978028.7,617183324.49,120999957.28,2080.15,3106.19,1196.7,1216.46,4842.34,3664.01,0.0,132.53,,,,,Y,,轻工制造,家居用品,成品家居,49.42,49.08,49.02
sz301061,匠心家居,2024-06-26,48.6,50.14,46.78,48.02,48.67,1805279.0,86280736.0,1997632000.0,7990528000.0,399784383.90999997,595076366.9100001,3121794704.21,3738978028.7,617183324.49,120999957.28,2097.28,4037.12,903.71,908.91,5627.09,3616.06,0.0,65.99,,,,,Y,,轻工制造,家居用品,成品家居,49.04,48.48,48.17
sz301061,匠心家居,2024-06-27,48.38,48.78,46.2,46.44,48.02,1989397.0,93166037.0,1931904000.0,7727616000.0,399784383.90999997,595076366.9100001,3121794704.21,3738978028.7,617183324.49,120999957.28,1887.75,3624.42,872.46,870.82,6183.86,4642.86,372.53,178.51,,,,,Y,,轻工制造,家居用品,成品家居,47.42,47.07,46.85
sz301061,匠心家居,2024-06-28,45.84,47.2,45.82,46.96,46.44,1488926.0,69115775.0,1953536000.0,7814144000.0,399784383.90999997,595076366.9100001,3121794704.21,3738978028.7,617183324.49,120999957.28,2143.54,2274.18,1310.73,884.04,3457.31,3643.64,0.0,109.71,,,,,Y,,轻工制造,家居用品,成品家居,45.9,46.41,46.03
sz301061,匠心家居,2024-07-01,46.6,48.08,46.3,47.72,46.96,1774305.0,83828836.0,1985152000.0,7940608000.0,399784383.90999997,595076366.9100001,3121794704.21,3738978028.7,617183324.49,120999957.28,2512.59,2383.42,955.06,1599.67,4805.38,4399.79,109.85,0.0,,,,,Y,,轻工制造,家居用品,成品家居,47.39,47.38,47.57
sz301061,匠心家居,2024-07-02,47.27,47.98,43.56,44.85,47.72,2247745.0,101085021.0,1865760000.0,7463040000.0,399784383.90999997,595076366.9100001,3121794704.21,3738978028.7,617183324.49,120999957.28,3631.64,3073.59,1101.87,1676.47,5374.99,5358.44,0.0,0.0,,,,,Y,,轻工制造,家居用品,成品家居,47.27,46.44,45.71
sz301061,匠心家居,2024-07-03,43.88,45.7,43.8,44.69,44.85,1123090.0,50546801.0,1859104000.0,7436416000.0,399784383.90999997,595076366.9100001,3121794704.21,3738978028.7,617183324.49,120999957.28,1506.22,1399.98,403.96,617.34,2955.45,3037.36,189.05,0.0,,,,,Y,,轻工制造,家居用品,成品家居,44.37,45.22,45.44
sz301061,匠心家居,2024-07-04,44.83,44.95,43.59,43.71,44.69,749150.0,33007945.0,1818336000.0,7273344000.0,399784383.90999997,595076366.9100001,3121794704.21,3738978028.7,617183324.49,120999957.28,950.48,611.21,276.71,243.84,1800.9,2445.74,272.71,0.0,,,,,Y,,轻工制造,家居用品,成品家居,44.57,44.86,44.6
sz301061,匠心家居,2024-07-05,43.49,43.62,41.74,43.39,43.71,1467718.0,62500609.0,1805024000.0,7220096000.0,399784383.90999997,595076366.9100001,3121794704.21,3738978028.7,617183324.49,120999957.28,1527.51,1280.9,607.21,762.93,4115.34,4206.23,0.0,0.0,,,,,Y,,轻工制造,家居用品,成品家居,43.12,42.42,42.1
sz301061,匠心家居,2024-07-08,43.2,43.6,42.17,42.24,43.39,645220.0,27595689.0,1757184000.0,7028736000.0,399784383.90999997,595076366.9100001,3121794704.21,3738978028.7,617183324.49,120999957.28,894.85,505.02,176.79,216.48,1687.93,2038.07,0.0,0.0,,,,,Y,,轻工制造,家居用品,成品家居,43.02,42.88,43.17
sz301061,匠心家居,2024-07-09,42.58,43.39,42.03,43.07,42.24,914551.0,39294824.0,1791712000.0,7166848000.0,399784383.90999997,595076366.9100001,3121794704.21,3738978028.7,617183324.49,120999957.28,658.11,1001.79,423.5,366.96,2847.87,2560.73,0.0,0.0,,,,,Y,,轻工制造,家居用品,成品家居,42.28,42.68,42.97
sz301061,匠心家居,2024-07-10,43.01,43.98,42.8,42.85,43.07,687150.0,29761025.0,1782560000.0,7130240000.0,399784383.90999997,595076366.9100001,3121794704.21,3738978028.7,617183324.49,120999957.28,869.06,866.97,674.48,480.46,1432.57,1628.68,0.0,0.0,,,,,Y,,轻工制造,家居用品,成品家居,43.03,42.97,43.23
sz301061,匠心家居,2024-07-11,43.4,43.69,42.32,43.1,42.85,697150.0,29983034.0,1792960000.0,7171840000.0,399784383.90999997,595076366.9100001,3121794704.21,3738978028.7,617183324.49,120999957.28,1072.61,789.42,474.36,198.2,1451.33,2010.68,0.0,0.0,,,,,Y,,轻工制造,家居用品,成品家居,42.95,42.7,42.87
sz301061,匠心家居,2024-07-12,43.0,45.98,43.0,44.59,43.1,1816463.0,81660351.0,1854944000.0,7419776000.0,399784383.90999997,595076366.9100001,3121794704.21,3738978028.7,617183324.49,120999957.28,2785.48,3119.38,608.46,1346.71,4770.28,3699.94,1.81,0.0,,,,,Y,,轻工制造,家居用品,成品家居,44.85,45.36,45.3
sz301061,匠心家居,2024-07-15,44.3,44.36,41.02,41.76,44.59,2210470.0,92883959.0,1737216000.0,6948864000.0,399784383.90999997,595076366.9100001,3121794704.21,3738978028.7,617183324.49,120999957.28,2909.28,2018.62,978.56,1156.78,5235.47,6000.92,165.08,112.08,,,,,Y,,轻工制造,家居用品,成品家居,43.07,42.92,42.37
sz301061,匠心家居,2024-07-16,41.68,41.78,40.25,40.65,41.76,1335444.0,54411625.0,1691040000.0,6764160000.0,399784383.90999997,595076366.9100001,3121794704.21,3738978028.7,617183324.49,120999957.28,1133.3,2028.43,469.93,470.6,3715.95,2942.13,121.97,0.0,,,,,Y,,轻工制造,家居用品,成品家居,41.44,41.43,41.13
sz301061,匠心家居,2024-07-17,40.68,40.7,39.16,39.52,40.65,1462832.0,57947930.0,1644032000.0,6576128000.0,399784383.90999997,595076366.9100001,3121794704.21,3738978028.7,617183324.49,120999957.28,1401.96,1064.79,723.98,805.78,3668.85,3651.84,0.0,272.39,,,,,Y,,轻工制造,家居用品,成品家居,40.31,40.39,39.9
sz301061,匠心家居,2024-07-18,39.18,40.74,38.56,40.2,39.52,1749818.0,70023504.0,1672320000.0,6689280000.0,399784383.90999997,595076366.9100001,3121794704.21,3738978028.7,617183324.49,120999957.28,1341.67,2159.67,782.84,739.28,3949.94,3973.55,927.9,129.85,,,,,Y,,轻工制造,家居用品,成品家居,38.86,39.51,39.48
sz301061,匠心家居,2024-07-19,40.75,41.78,39.7,41.49,40.2,1633256.0,67408181.0,1725984000.0,6903936000.0,399784383.90999997,595076366.9100001,3121794704.21,3738978028.7,617183324.49,120999957.28,2113.43,2172.83,915.12,962.78,3206.83,3605.21,505.45,0.0,,,,,Y,,轻工制造,家居用品,成品家居,40.26,40.81,41.7
sz301061,匠心家居,2024-07-22,41.35,41.93,40.85,41.5,41.49,871896.0,36019935.0,1726400000.0,6905600000.0,399784383.90999997,595076366.9100001,3121794704.21,3738978028.7,617183324.49,120999957.28,1004.65,978.36,255.8,338.2,2331.63,2285.43,9.91,0.0,,,,,Y,,轻工制造,家居用品,成品家居,41.1,41.36,40.94
sz301061,匠心家居,2024-07-23,41.74,41.96,41.03,41.5,41.5,933084.0,38809295.0,1726400000.0,6905600000.0,399784383.90999997,595076366.9100001,3121794704.21,3738978028.7,617183324.49,120999957.28,785.92,1028.63,139.38,377.75,2585.4,2474.55,370.23,0.0,,,,,Y,,轻工制造,家居用品,成品家居,41.43,41.24,41.19
sz301061,匠心家居,2024-07-24,41.43,41.47,40.2,40.71,41.5,952580.0,38660197.0,1693536000.0,6774144000.0,399784383.90999997,595076366.9100001,3121794704.21,3738978028.7,617183324.49,120999957.28,1048.82,879.73,132.53,569.89,2684.66,2414.78,0.0,1.62,,,,,Y,,轻工制造,家居用品,成品家居,40.86,40.97,40.54
sz301061,匠心家居,2024-07-25,40.25,41.21,39.87,40.98,40.71,917868.0,37334328.0,1704768000.0,6819072000.0,399784383.90999997,595076366.9100001,3121794704.21,3738978028.7,617183324.49,120999957.28,1187.74,1003.45,637.85,511.63,1907.85,2107.95,0.0,110.41,,,,,Y,,轻工制造,家居用品,成品家居,40.17,40.63,40.92
sz301061,匠心家居,2024-07-26,40.98,41.4,40.22,40.97,40.98,1038528.0,42426602.0,1704352000.0,6817408000.0,399784383.90999997,595076366.9100001,3121794704.21,3738978028.7,617183324.49,120999957.28,1363.15,944.24,507.08,456.33,2157.29,2272.62,215.15,569.47,,,,,Y,,轻工制造,家居用品,成品家居,40.98,41.06,40.71
sz301061,匠心家居,2024-07-29,40.96,42.08,40.52,41.46,40.97,982580.0,40796259.0,1724736000.0,6898944000.0,399784383.90999997,595076366.9100001,3121794704.21,3738978028.7,617183324.49,120999957.28,1159.53,1565.65,488.42,582.66,2431.67,1825.86,0.0,105.46,,,,,Y,,轻工制造,家居用品,成品家居,41.83,41.33,41.75
sz301061,匠心家居,2024-07-30,41.23,42.0,39.7,41.01,41.46,989064.0,40411605.0,1706016000.0,6824064000.0,399784383.90999997,595076366.9100001,3121794704.21,3738978028.7,617183324.49,120999957.28,1073.35,1578.15,331.23,575.59,2636.58,1887.42,0.0,0.0,,,,,Y,,轻工制造,家居用品,成品家居,40.67,40.4,39.79
sz301061,匠心家居,2024-07-31,40.9,43.08,40.21,42.12,41.01,1492673.0,62950860.0,1752192000.0,7008768000.0,399784383.90999997,595076366.9100001,3121794704.21,3738978028.7,617183324.49,120999957.28,2310.3,2131.17,908.08,1350.86,3033.74,2813.06,42.97,0.0,,,,,Y,,轻工制造,家居用品,成品家居,40.54,41.3,41.32
sz301061,匠心家居,2024-08-01,42.2,43.23,41.88,42.45,42.12,1066430.0,45392039.0,1765920000.0,7063680000.0,399784383.90999997,595076366.9100001,3121794704.21,3738978028.7,617183324.49,120999957.28,1107.94,1281.69,384.47,520.42,2732.33,2737.09,314.46,0.0,,,,,Y,,轻工制造,家居用品,成品家居,42.4,42.87,42.69
sz301061,匠心家居,2024-08-02,42.44,44.3,41.5,43.63,42.45,911512.0,39616086.0,1815008000.0,7260032000.0,399784383.90999997,595076366.9100001,3121794704.21,3738978028.7,617183324.49,120999957.28,1247.37,1508.09,503.47,434.47,2050.92,2019.05,159.85,0.0,,,,,Y,,轻工制造,家居用品,成品家居,41.87,42.91,43.21
sz301061,匠心家居,2024-08-05,43.43,45.1,43.02,44.61,43.63,988028.0,43924436.0,1855776000.0,7423104000.0,399784383.90999997,595076366.9100001,3121794704.21,3738978028.7,617183324.49,120999957.28,1795.48,1482.59,648.59,357.06,1828.31,2552.79,120.07,0.0,,,,,Y,,轻工制造,家居用品,成品家居,43.68,44.47,44.95
sz301061,匠心家居,2024-08-06,44.82,45.04,42.43,43.02,44.61,994500.0,42907878.0,1789632000.0,7158528000.0,399784383.90999997,595076366.9100001,3121794704.21,3738978028.7,617183324.49,120999957.28,1928.18,1438.69,602.19,246.76,1760.42,2605.34,0.0,0.0,,,,,Y,,轻工制造,家居用品,成品家居,44.05,43.88,43.68
sz301061,匠心家居,2024-08-07,43.03,43.98,42.58,43.64,43.02,478482.0,20757249.0,1815424000.0,7261696000.0,399784383.90999997,595076366.9100001,3121794704.21,3738978028.7,617183324.49,120999957.28,705.22,560.42,321.29,310.82,1042.31,1073.91,6.91,130.57,,,,,Y,,轻工制造,家居用品,成品家居,43.21,43.0,43.12
sz301061,匠心家居,2024-08-08,43.65,45.96,43.17,45.7,43.64,961190.0,43245883.0,1901120000.0,7604480000.0,399784383.90999997,595076366.9100001,3121794704.21,3738978028.7,617183324.49,120999957.28,1266.1,1899.45,481.86,800.69,2564.37,1624.45,12.26,0.0,,,,,Y,,轻工制造,家居用品,成品家居,43.35,43.55,43.56
sz301061,匠心家居,2024-08-09,45.45,45.92,43.83,43.88,45.7,757770.0,33924057.0,1825408000.0,7301632000.0,399784383.90999997,595076366.9100001,3121794704.21,3738978028.7,617183324.49,120999957.28,1220.95,1197.97,281.48,603.9,1889.97,1590.53,0.0,0.0,,,,,Y,,轻工制造,家居用品,成品家居,45.65,45.3,45.23
sz301061,匠心家居,2024-08-12,44.23,44.75,43.2,43.32,43.88,645540.0,28425730.0,1802112000.0,7208448000.0,399784383.90999997,595076366.9100001,3121794704.21,3738978028.7,617183324.49,120999957.28,908.63,1093.93,483.53,465.28,1450.41,1283.36,0.0,0.0,,,,,Y,,轻工制造,家居用品,成品家居,43.99,44.01,44.26
sz301061,匠心家居,2024-08-13,42.95,44.2,42.64,43.94,43.32,599670.0,26032644.0,1827904000.0,7311616000.0,399784383.90999997,595076366.9100001,3121794704.21,3738978028.7,617183324.49,120999957.28,967.64,842.55,145.24,357.9,1490.38,1402.81,0.0,0.0,,,,,Y,,轻工制造,家居用品,成品家居,42.76,43.02,43.5
sz301061,匠心家居,2024-08-14,43.28,43.99,43.16,43.16,43.94,233310.0,10121198.0,1795456000.0,7181824000.0,399784383.90999997,595076366.9100001,3121794704.21,3738978028.7,617183324.49,120999957.28,235.65,355.76,167.41,96.65,609.06,559.71,0.0,0.0,,,,,Y,,轻工制造,家居用品,成品家居,43.45,43.51,43.22
sz301061,匠心家居,2024-08-15,43.16,43.64,42.7,43.09,43.16,320174.0,13812275.0,1792544000.0,7170176000.0,399784383.90999997,595076366.9100001,3121794704.21,3738978028.7,617183324.49,120999957.28,445.05,383.4,97.97,243.76,838.21,754.07,0.0,0.0,,,,,Y,,轻工制造,家居用品,成品家居,43.27,42.88,42.7
sz301061,匠心家居,2024-08-16,43.6,45.09,43.09,43.93,43.09,679448.0,30131187.0,1827488000.0,7309952000.0,399784383.90999997,595076366.9100001,3121794704.21,3738978028.7,617183324.49,120999957.28,744.34,1210.81,210.32,400.68,1520.05,1401.63,538.41,0.0,,,,,Y,,轻工制造,家居用品,成品家居,43.7,43.7,44.8
sz301061,匠心家居,2024-08-19,43.62,44.19,43.02,43.84,43.93,469890.0,20423213.0,1823744000.0,7294976000.0,399784383.90999997,595076366.9100001,3121794704.21,3738978028.7,617183324.49,120999957.28,525.63,549.62,118.18,59.13,1398.51,1433.57,0.0,0.0,,,,,Y,,轻工制造,家居用品,成品家居,43.76,43.72,43.87
sz301061,匠心家居,2024-08-20,43.4,43.92,42.51,43.43,43.84,359164.0,15492354.0,1806688000.0,7226752000.0,399784383.90999997,595076366.9100001,3121794704.21,3738978028.7,617183324.49,120999957.28,484.0,229.7,111.16,65.6,954.08,1253.94,0.0,0.0,,,,,Y,,轻工制造,家居用品,成品家居,43.14,42.95,43.18
sz301061,匠心家居,2024-08-21,43.11,44.0,42.94,43.96,43.43,319148.0,13911780.0,1828736000.0,7314944000.0,399784383.90999997,595076366.9100001,3121794704.21,3738978028.7,617183324.49,120999957.28,375.66,535.72,37.39,234.94,978.13,620.51,0.0,0.0,,,,,Y,,轻工制造,家居用品,成品家居,43.24,43.2,43.16
sz301061,匠心家居,2024-08-22,43.53,44.4,43.21,43.8,43.96,363790.0,15870374.0,1822080000.0,7288320000.0,399784383.90999997,595076366.9100001,3121794704.21,3738978028.7,617183324.49,120999957.28,608.08,354.45,148.06,378.71,830.89,853.88,0.0,0.0,,,,,Y,,轻工制造,家居用品,成品家居,43.46,43.59,43.37
sz301061,匠心家居,2024-08-23,44.98,44.98,43.39,44.67,43.8,635354.0,28188129.0,1858272000.0,7433088000.0,399784383.90999997,595076366.9100001,3121794704.21,3738978028.7,617183324.49,120999957.28,729.58,1014.27,121.72,463.28,1967.51,1341.25,0.0,0.0,,,,,Y,,轻工制造,家居用品,成品家居,43.7,44.2,43.54
sz301061,匠心家居,2024-08-26,45.3,48.85,44.22,48.8,44.67,1649344.0,78282283.0,2030080000.0,8120320000.0,399784383.90999997,595076366.9100001,3121794704.21,3738978028.7,617183324.49,120999957.28,3470.21,2791.07,1223.74,1083.68,3134.28,3775.19,0.0,178.29,,,,,Y,,轻工制造,家居用品,成品家居,44.49,44.79,46.29
sz301061,匠心家居,2024-08-27,48.53,48.79,46.51,46.92,48.8,1347036.0,63823396.0,1951872000.0,7807488000.0,399784383.90999997,595076366.9100001,3121794704.21,3738978028.7,617183324.49,120999957.28,2648.05,1240.96,354.83,826.71,3379.46,4313.74,0.0,0.94,,,,,Y,,轻工制造,家居用品,成品家居,48.47,48.3,48.18
sz301061,匠心家居,2024-08-28,46.71,48.12,46.19,47.48,46.92,795868.0,37734108.0,1975168000.0,7900672000.0,399784383.90999997,595076366.9100001,3121794704.21,3738978028.7,617183324.49,120999957.28,1531.36,1053.01,369.08,173.17,1872.97,2547.22,0.0,0.0,,,,,Y,,轻工制造,家居用品,成品家居,46.4,47.55,47.29
sz301061,匠心家居,2024-08-29,47.5,51.1,47.5,50.4,47.48,2140935.0,106564875.02,2096640000.0,8386560000.0,399784383.90999997,595076366.9100001,3224455084.94,3817795906.61,593340821.67,164312338.07000002,4237.98,2944.16,2534.74,1928.14,3652.93,5623.21,230.84,160.98,,,,,Y,,轻工制造,家居用品,成品家居,49.3,50.39,50.0
sz301061,匠心家居,2024-08-30,50.41,52.64,49.28,51.2,50.4,1485871.0,75726136.0,2129920000.0,8519680000.0,399784383.90999997,595076366.9100001,3224455084.94,3817795906.61,593340821.67,164312338.07000002,2353.4,2966.14,688.88,680.27,4530.33,3926.2,0.0,0.0,,,,,Y,,轻工制造,家居用品,成品家居,50.15,49.94,50.68
sz301061,匠心家居,2024-09-02,50.6,53.79,50.5,52.86,51.2,1484386.0,78163527.0,2198976000.0,8795904000.0,399784383.90999997,595076366.9100001,3224455084.94,3817795906.61,593340821.67,164312338.07000002,2145.86,2414.18,1349.89,1073.42,4205.49,4199.65,115.12,129.1,,,,,Y,,轻工制造,家居用品,成品家居,51.9,52.45,52.05
sz301061,匠心家居,2024-09-03,52.89,53.2,51.18,52.39,52.86,1202662.0,62502291.0,2179424000.0,8717696000.0,399784383.90999997,595076366.9100001,3224455084.94,3817795906.61,593340821.67,164312338.07000002,1957.63,2174.49,603.43,504.57,3584.77,3386.73,104.4,184.44,,,,,Y,,轻工制造,家居用品,成品家居,52.72,52.52,52.4
sz301061,匠心家居,2024-09-04,52.41,52.78,51.67,52.05,52.39,724270.0,37717547.0,2165280000.0,8661120000.0,399784383.90999997,595076366.9100001,3224455084.94,3817795906.61,593340821.67,164312338.07000002,991.47,1538.39,614.2,267.29,2166.08,1420.05,0.0,546.02,,,,,Y,,轻工制造,家居用品,成品家居,52.14,52.23,52.15
sz301061,匠心家居,2024-09-05,52.3,52.48,51.4,51.68,52.05,813750.0,42239417.0,2149888000.0,8599552000.0,399784383.90999997,595076366.9100001,3224455084.94,3817795906.61,593340821.67,164312338.07000002,746.35,1272.25,354.12,365.44,3123.47,2586.25,0.0,0.0,,,,,Y,,轻工制造,家居用品,成品家居,52.04,52.17,52.18
sz301061,匠心家居,2024-09-06,51.65,51.94,49.69,50.03,51.68,822450.0,41544818.0,2081248000.0,8324992000.0,399784383.90999997,595076366.9100001,3224455084.94,3817795906.61,593340821.67,164312338.07000002,985.0,1468.47,272.3,671.42,2897.18,2014.6,0.0,0.0,,,,,Y,,轻工制造,家居用品,成品家居,51.31,51.32,51.36
sz301061,匠心家居,2024-09-09,50.01,50.01,47.51,48.85,50.03,1179272.0,57136288.0,2032160000.0,8128640000.0,399784383.90999997,595076366.9100001,3224455084.94,3817795906.61,593340821.67,164312338.07000002,1200.88,1503.99,379.42,499.94,4133.33,3709.69,0.0,0.0,,,,,Y,,轻工制造,家居用品,成品家居,49.31,48.81,47.69
sz301061,匠心家居,2024-09-10,48.69,50.12,48.48,49.75,48.85,756050.0,37291465.0,2069600000.0,8278400000.0,399784383.90999997,595076366.9100001,3224455084.94,3817795906.61,593340821.67,164312338.07000002,1205.66,990.2,440.32,474.11,2083.16,2264.84,0.0,0.0,,,,,Y,,轻工制造,家居用品,成品家居,48.57,48.85,49.0
sz301061,匠心家居,2024-09-11,50.44,52.59,49.2,51.84,49.75,1316224.0,67644244.0,2156544000.0,8626176000.0,399784383.90999997,595076366.9100001,3224455084.94,3817795906.61,593340821.67,164312338.07000002,2137.98,1513.57,705.97,613.12,3900.44,4637.74,20.03,0.0,,,,,Y,,轻工制造,家居用品,成品家居,49.81,51.0,50.92
sz301061,匠心家居,2024-09-12,51.1,53.0,51.1,51.77,51.84,682270.0,35486334.0,2153632000.0,8614528000.0,399784383.90999997,595076366.9100001,3224455084.94,3817795906.61,593340821.67,164312338.07000002,852.34,712.75,306.03,133.61,2191.93,2545.67,198.33,156.6,,,,,Y,,轻工制造,家居用品,成品家居,51.9,52.15,52.52
sz301061,匠心家居,2024-09-13,51.78,52.79,51.03,51.23,51.77,822680.0,42521086.0,2131168000.0,8524672000.0,399784383.90999997,595076366.9100001,3224455084.94,3817795906.61,593340821.67,164312338.07000002,1428.46,1544.65,393.62,89.64,2430.03,2509.06,0.0,108.76,,,,,Y,,轻工制造,家居用品,成品家居,51.7,51.5,52.5
sz301061,匠心家居,2024-09-18,51.79,52.0,50.39,51.56,51.23,659403.0,33681251.0,2144896000.0,8579584000.0,399784383.90999997,595076366.9100001,3224455084.94,3817795906.61,593340821.67,164312338.07000002,1214.18,1046.41,368.11,544.06,1785.83,1676.45,0.0,101.2,,,,,Y,,轻工制造,家居用品,成品家居,51.68,51.29,51.15
sz301061,匠心家居,2024-09-19,52.34,53.4,50.87,51.37,51.56,1810168.0,94415861.0,2136992000.0,8547968000.0,399784383.90999997,595076366.9100001,3224455084.94,3817795906.61,593340821.67,164312338.07000002,3011.79,2529.54,1057.6,761.14,5269.61,6150.91,102.59,0.0,,,,,Y,,轻工制造,家居用品,成品家居,52.59,52.08,52.79
sz301061,匠心家居,2024-09-20,50.4,51.0,49.4,50.37,51.37,879413.0,44239804.0,2095392000.0,8381568000.0,399784383.90999997,595076366.9100001,3224455084.94,3817795906.61,593340821.67,164312338.07000002,1048.65,1920.53,483.71,341.47,2891.63,2112.62,0.0,49.36,,,,,Y,,轻工制造,家居用品,成品家居,50.4,50.45,50.75
sz301061,匠心家居,2024-09-23,50.3,50.68,49.06,49.43,50.37,1062086.0,52716651.0,2056288000.0,8225152000.0,399784383.90999997,595076366.9100001,3224455084.94,3817795906.61,593340821.67,164312338.07000002,1666.74,1711.19,388.39,1069.39,3216.54,2293.49,0.0,197.6,,,,,Y,,轻工制造,家居用品,成品家居,50.39,50.25,49.93
sz301061,匠心家居,2024-09-24,49.43,49.78,47.6,49.33,49.43,1679269.0,81743322.0,2052128000.0,8208512000.0,399784383.90999997,595076366.9100001,3224455084.94,3817795906.61,593340821.67,164312338.07000002,2187.52,2075.2,1202.16,1323.18,4347.3,4201.44,437.34,574.51,,,,,Y,,轻工制造,家居用品,成品家居,48.88,48.51,48.28
sz301061,匠心家居,2024-09-25,49.2,50.29,48.15,48.75,49.33,1595814.0,78452380.0,2028000000.0,8112000000.0,399784383.90999997,595076366.9100001,3224455084.94,3817795906.61,593340821.67,164312338.07000002,2368.7,2162.44,656.96,1334.25,4819.09,4348.55,0.49,0.0,,,,,Y,,轻工制造,家居用品,成品家居,48.93,49.0,48.73
sz301061,匠心家居,2024-09-26,48.0,48.34,46.33,48.33,48.25,1924648.0,90724854.0,2010528000.0,8042112000.0,399784383.90999997,595076366.9100001,3224455084.94,3817795906.61,593340821.67,164312338.07000002,2527.0,2283.55,1010.54,1929.32,5423.1,4280.62,111.84,578.99,,,,,Y,,轻工制造,家居用品,成品家居,47.36,47.11,46.87
sz301061,匠心家居,2024-09-27,48.49,51.2,46.65,50.1,48.33,2487913.0,121508366.0,2084160000.0,8336640000.0,399784383.90999997,595076366.9100001,3224455084.94,3817795906.61,593340821.67,164312338.07000002,4417.75,3272.75,2584.29,1565.9,5026.52,7035.17,122.28,277.02,,,,,Y,,轻工制造,家居用品,成品家居,47.25,47.41,47.79
sz301061,匠心家居,2024-09-30,51.78,57.21,49.67,57.21,50.1,3549435.0,189251380.0,2379936000.0,9519744000.0,399784383.90999997,595076366.9100001,3224455084.94,3817795906.61,593340821.67,164312338.07000002,7503.4,6442.81,4353.28,2788.87,6285.4,9470.63,783.07,222.82,,,,,Y,,轻工制造,家居用品,成品家居,51.99,50.6,50.26
sz301061,匠心家居,2024-10-08,64.0,66.83,58.01,61.58,57.21,3569865.0,217960812.0,2561728000.0,10246912000.0,399784383.90999997,595076366.9100001,3224455084.94,3817795906.61,593340821.67,164312338.07000002,9219.82,8277.38,5443.04,5202.11,6143.72,8076.07,989.5,240.52,,,,,Y,,轻工制造,家居用品,成品家居,63.88,61.08,61.49
sz301061,匠心家居,2024-10-09,58.68,58.68,53.15,53.3,61.58,3252025.0,182107994.0,2217280000.0,8869120000.0,399784383.90999997,595076366.9100001,3224455084.94,3817795906.61,593340821.67,164312338.07000002,5359.93,7843.93,2222.49,2803.14,10038.82,6687.68,589.57,876.05,,,,,Y,,轻工制造,家居用品,成品家居,57.28,56.03,57.26
sz301061,匠心家居,2024-10-10,54.0,56.23,53.8,54.73,53.3,1892751.0,104533562.0,2276768000.0,9107072000.0,399784383.90999997,595076366.9100001,3224455084.94,3817795906.61,593340821.67,164312338.07000002,4027.99,3553.51,1545.28,1731.49,4550.37,5027.07,329.71,141.29,,,,,Y,,轻工制造,家居用品,成品家居,54.15,55.71,54.18
sz301061,匠心家居,2024-10-11,55.1,55.1,52.2,52.75,54.73,1107418.0,59080654.0,2194400000.0,8777600000.0,399784383.90999997,595076366.9100001,3224455084.94,3817795906.61,593340821.67,164312338.07000002,1913.93,1791.83,448.6,767.46,3545.53,3348.78,0.0,0.0,,,,,Y,,轻工制造,家居用品,成品家居,54.26,54.34,54.0
sz301061,匠心家居,2024-10-14,52.99,57.22,52.5,56.89,52.75,1992923.0,110384958.0,2366624000.0,9466496000.0,399784383.90999997,595076366.9100001,3224455084.94,3817795906.61,593340821.67,164312338.07000002,4154.67,3846.22,1947.27,2524.43,4476.21,4367.07,460.35,300.78,,,,,Y,,轻工制造,家居用品,成品家居,53.4,54.01,53.11
sz301061,匠心家居,2024-10-15,56.28,56.68,53.72,54.01,56.89,1684696.0,92744430.0,2246816000.0,8987264000.0,399784383.90999997,595076366.9100001,3224455084.94,3817795906.61,593340821.67,164312338.07000002,3258.94,2536.17,1434.22,949.92,4581.28,5788.35,0.0,0.0,,,,,Y,,轻工制造,家居用品,成品家居,55.2,55.53,55.07
sz301061,匠心家居,2024-10-16,53.69,55.3,52.89,54.18,54.01,800144.0,43345224.0,2253888000.0,9015552000.0,399784383.90999997,595076366.9100001,3224455084.94,3817795906.61,593340821.67,164312338.07000002,1256.21,1555.46,616.81,305.06,2461.5,2474.0,0.0,0.0,,,,,Y,,轻工制造,家居用品,成品家居,53.42,54.44,54.83
sz301061,匠心家居,2024-10-17,54.22,55.25,53.53,54.58,54.18,931360.0,50846434.0,2270528000.0,9082112000.0,399784383.90999997,595076366.9100001,3224455084.94,3817795906.61,593340821.67,164312338.07000002,1758.89,1509.71,316.69,935.47,3009.06,2639.46,0.0,0.0,,,,,Y,,轻工制造,家居用品,成品家居,54.17,54.65,54.35
sz301061,匠心家居,2024-10-18,54.46,57.23,54.0,56.16,54.58,1241638.0,69788761.0,2336256000.0,9345024000.0,399784383.90999997,595076366.9100001,3224455084.94,3817795906.61,593340821.67,164312338.07000002,2171.35,2727.82,763.09,890.19,4044.44,3360.87,0.0,0.0,,,,,Y,,轻工制造,家居用品,成品家居,55.49,56.0,55.59
sz301061,匠心家居,2024-10-21,56.72,58.79,55.23,57.85,56.16,1259076.0,72062515.0,2406560000.0,9626240000.0,399784383.90999997,595076366.9100001,3224455084.94,3817795906.61,593340821.67,164312338.07000002,2166.23,2477.36,818.95,1630.99,3947.4,3097.9,273.67,0.0,,,,,Y,,轻工制造,家居用品,成品家居,55.78,55.98,55.64
sz301061,匠心家居,2024-10-22,57.85,59.41,57.28,58.01,57.85,829012.0,48411695.0,2413216000.0,9652864000.0,399784383.90999997,595076366.9100001,3224455084.94,3817795906.61,593340821.67,164312338.07000002,1770.54,1692.54,878.67,648.96,2191.95,2222.1,0.0,277.56,,,,,Y,,轻工制造,家居用品,成品家居,58.15,57.59,57.97
sz301061,匠心家居,2024-10-23,57.76,58.76,56.5,56.78,58.01,1043524.0,59969038.0,2362048000.0,9448192000.0,399784383.90999997,595076366.9100001,3224455084.94,3817795906.61,593340821.67,164312338.07000002,2025.92,1789.45,1025.85,1035.49,2945.13,2736.78,0.0,435.18,,,,,Y,,轻工制造,家居用品,成品家居,58.39,57.83,58.29
sz301061,匠心家居,2024-10-24,56.49,57.55,55.49,57.24,56.78,615096.0,34947596.0,2381184000.0,9524736000.0,399784383.90999997,595076366.9100001,3224455084.94,3817795906.61,593340821.67,164312338.07000002,833.52,1080.71,384.54,328.32,2276.7,1914.76,0.0,170.97,,,,,Y,,轻工制造,家居用品,成品家居,56.38,56.42,56.31
sz301061,匠心家居,2024-10-25,57.93,58.87,56.5,57.89,57.24,931638.0,53784336.0,2408224000.0,9632896000.0,399784383.90999997,595076366.9100001,3224455084.94,3817795906.61,593340821.67,164312338.07000002,2127.04,1573.74,445.16,1708.56,2806.23,2096.14,0.0,0.0,,,,,Y,,轻工制造,家居用品,成品家居,57.06,56.83,56.81
sz301061,匠心家居,2024-10-28,57.49,58.75,55.32,56.0,57.89,1633851.0,93009259.0,2329600000.0,9318400000.0,399784383.90999997,595076366.9100001,3224455084.94,3817795906.61,593340821.67,164312338.07000002,3586.32,2913.43,1080.15,2417.7,4634.45,3923.71,0.0,46.09,,,,,Y,,轻工制造,家居用品,成品家居,58.27,58.08,57.94
sz301061,匠心家居,2024-10-29,56.0,61.76,56.0,60.32,56.0,2683831.0,161531058.0,2509312000.0,10037248000.0,515651345.10999995,541383054.52,3292189523.41,3965213123.65,673023600.24,145509723.66999996,6727.44,5098.69,3032.63,3383.24,5799.57,7164.14,593.47,507.04,,,,,Y,,轻工制造,家居用品,成品家居,58.86,60.35,61.11
sz301061,匠心家居,2024-10-30,60.0,61.55,57.91,60.67,60.32,1433174.0,86551709.0,2523872000.0,10095488000.0,515651345.10999995,541383054.52,3292189523.41,3965213123.65,673023600.24,145509723.66999996,3460.32,3157.0,1003.57,1223.59,4191.28,4274.58,0.0,0.0,,,,,Y,,轻工制造,家居用品,成品家居,59.24,59.64,58.74
sz301061,匠心家居,2024-10-31,60.7,61.22,59.02,60.63,60.67,863279.0,52080908.0,2522208000.0,10088832000.0,515651345.10999995,541383054.52,3292189523.41,3965213123.65,673023600.24,145509723.66999996,1883.08,1632.11,1141.53,885.71,2183.48,2690.28,0.0,0.0,,,,,Y,,轻工制造,家居用品,成品家居,59.33,59.83,60.1
sz301061,匠心家居,2024-11-01,60.67,63.39,59.66,61.05,60.63,1226906.0,75714033.0,2539680000.0,10158720000.0,515651345.10999995,541383054.52,3292189523.41,3965213123.65,673023600.24,145509723.66999996,3421.55,2799.67,1472.96,1244.89,2376.65,2932.79,300.25,594.05,,,,,Y,,轻工制造,家居用品,成品家居,60.34,61.6,62.43
sz301061,匠心家居,2024-11-04,61.05,63.89,58.91,63.68,61.05,1531041.0,95308500.0,2649088000.0,10596352000.0,515651345.10999995,541383054.52,3292189523.41,3965213123.65,673023600.24,145509723.66999996,3817.14,3656.6,1883.86,1770.43,3573.9,3815.66,255.95,288.16,,,,,Y,,轻工制造,家居用品,成品家居,58.99,61.2,62.02
sz301061,匠心家居,2024-11-05,64.42,65.0,61.48,65.0,63.68,1162510.0,73284697.0,2704000000.0,10816000000.0,515651345.10999995,541383054.52,3292189523.41,3965213123.65,673023600.24,145509723.66999996,2837.96,2887.63,1249.25,1859.99,2873.31,2580.85,367.95,0.0,,,,,Y,,轻工制造,家居用品,成品家居,62.55,61.59,61.78
sz301061,匠心家居,2024-11-06,64.0,65.88,61.31,64.1,65.0,2094223.0,132511700.0,2666560000.0,10666240000.0,515651345.10999995,541383054.52,3292189523.41,3965213123.65,673023600.24,145509723.66999996,5750.89,4274.5,2260.75,2040.35,4866.05,6195.9,373.48,740.42,,,,,Y,,轻工制造,家居用品,成品家居,64.2,64.61,64.64
sz301061,匠心家居,2024-11-07,62.03,63.03,60.0,61.36,64.1,1816821.0,111359611.0,2552576000.0,10210304000.0,515651345.10999995,541383054.52,3292189523.41,3965213123.65,673023600.24,145509723.66999996,3999.2,4167.97,1576.98,1929.79,5267.19,4490.67,292.6,547.53,,,,,Y,,轻工制造,家居用品,成品家居,62.17,61.63,60.89
sz301061,匠心家居,2024-11-08,61.05,61.42,59.6,59.75,61.36,1158180.0,69861385.0,2485600000.0,9942400000.0,515651345.10999995,541383054.52,3292189523.41,3965213123.65,673023600.24,145509723.66999996,2333.46,2354.81,1996.56,1837.59,2656.12,2501.91,0.0,291.83,,,,,Y,,轻工制造,家居用品,成品家居,60.66,60.66,61.01
sz301061,匠心家居,2024-11-11,59.72,59.75,56.08,59.5,59.75,2067082.0,119510842.0,2532951473.5,9958551473.5,515651345.10999995,541383054.52,3292189523.41,3965213123.65,673023600.24,145509723.66999996,3956.12,5073.53,2786.15,2091.84,4695.18,4560.28,513.63,225.43,,,,,Y,,轻工制造,家居用品,成品家居,58.97,59.1,57.58
sz301061,匠心家居,2024-11-12,58.5,60.65,58.5,59.06,59.5,1363850.0,81385249.0,2514220403.78,9884908403.78,515651345.10999995,541383054.52,3292189523.41,3965213123.65,673023600.24,145509723.66999996,2759.31,2590.73,2325.72,2440.17,2759.82,2845.98,293.67,261.65,,,,,Y,,轻工制造,家居用品,成品家居,59.4,60.15,59.59
sz301061,匠心家居,2024-11-13,59.01,59.69,57.51,58.38,59.06,820614.0,47795407.0,2485272386.94,9771096386.94,515651345.10999995,541383054.52,3292189523.41,3965213123.65,673023600.24,145509723.66999996,1857.94,1206.89,685.89,1407.94,2123.85,1715.73,111.86,448.99,,,,,Y,,轻工制造,家居用品,成品家居,59.21,59.4,59.23
sz301061,匠心家居,2024-11-14,58.13,58.58,56.77,56.83,58.38,582742.0,33613926.0,2419287936.79,9511671936.79,515651345.10999995,541383054.52,3292189523.41,3965213123.65,673023600.24,145509723.66999996,1275.24,1215.38,168.91,571.96,1894.6,1574.05,22.63,0.0,,,,,Y,,轻工制造,家居用品,成品家居,58.19,58.05,58.2
sz301061,匠心家居,2024-11-15,56.68,57.51,55.85,56.1,56.83,795222.0,45035139.0,2388211389.3,9389491389.3,515651345.10999995,541383054.52,3292189523.41,3965213123.65,673023600.24,145509723.66999996,1473.66,1579.87,616.55,1171.7,1842.17,1563.14,571.14,188.8,,,,,Y,,轻工制造,家居用品,成品家居,57.19,56.47,56.6
sz301061,匠心家居,2024-11-18,55.98,56.95,53.81,54.33,56.1,653063.0,35950571.0,2312861404.29,9093245404.29,515651345.10999995,541383054.52,3292189523.41,3965213123.65,673023600.24,145509723.66999996,1011.0,1125.51,775.04,517.11,1809.02,1952.43,0.0,0.0,,,,,Y,,轻工制造,家居用品,成品家居,56.39,55.64,55.69
sz301061,匠心家居,2024-11-19,54.33,56.23,54.15,56.1,54.33,729080.0,40329195.0,2388211389.3,9389491389.3,515651345.10999995,541383054.52,3292189523.41,3965213123.65,673023600.24,145509723.66999996,1159.11,1400.52,417.57,330.69,2150.36,2110.51,305.88,191.2,,,,,Y,,轻工制造,家居用品,成品家居,55.36,54.8,54.8
sz301061,匠心家居,2024-11-20,55.61,56.44,55.32,56.15,56.1,408598.0,22827159.0,2390339919.95,9397859919.95,515651345.10999995,541383054.52,3292189523.41,3965213123.65,673023600.24,145509723.66999996,481.82,536.42,222.46,168.93,1578.43,1577.37,0.0,0.0,,,,,Y,,轻工制造,家居用品,成品家居,55.8,55.74,55.51
sz301061,匠心家居,2024-11-21,56.25,57.0,55.5,56.32,56.15,577816.0,32582306.0,2397576924.16,9426312924.16,515651345.10999995,541383054.52,3292189523.41,3965213123.65,673023600.24,145509723.66999996,996.78,908.48,395.44,586.72,1755.25,1655.45,110.76,107.58,,,,,Y,,轻工制造,家居用品,成品家居,55.74,55.83,55.61
sz301061,匠心家居,2024-11-22,56.87,57.89,54.06,54.2,56.32,1118669.0,62753280.0,2307327224.6,9071487224.6,515651345.10999995,541383054.52,3292189523.41,3965213123.65,673023600.24,145509723.66999996,2336.67,2811.26,968.11,1256.87,2970.55,2035.76,0.0,171.44,,,,,Y,,轻工制造,家居用品,成品家居,57.53,56.82,57.12
sz301061,匠心家居,2024-11-25,54.21,55.22,52.76,53.68,54.2,777236.0,41818177.0,2285190505.84,8984454505.84,515651345.10999995,541383054.52,3292189523.41,3965213123.65,673023600.24,145509723.66999996,1546.61,969.47,652.37,1294.5,1982.83,1675.32,0.0,242.52,,,,,Y,,轻工制造,家居用品,成品家居,54.68,54.88,53.9
sz301061,匠心家居,2024-11-26,53.69,54.19,52.92,53.67,53.68,403438.0,21654411.0,2284764799.71,8982780799.71,515651345.10999995,541383054.52,3292189523.41,3965213123.65,673023600.24,145509723.66999996,609.47,659.89,243.6,278.4,1191.66,1227.14,120.71,0.0,,,,,Y,,轻工制造,家居用品,成品家居,53.47,53.7,53.5
sz301061,匠心家居,2024-11-27,53.67,54.8,52.31,54.2,53.67,623067.0,33198313.0,2307327224.6,9071487224.6,515651345.10999995,541383054.52,3292189523.41,3965213123.65,673023600.24,145509723.66999996,923.95,1004.19,384.28,354.05,1873.8,1802.54,137.8,159.05,,,,,Y,,轻工制造,家居用品,成品家居,53.03,52.53,52.69
sz301061,匠心家居,2024-11-28,54.34,54.5,53.04,53.37,54.2,568133.0,30528768.0,2271993615.81,8932569615.81,515651345.10999995,541383054.52,3292189523.41,3965213123.65,673023600.24,145509723.66999996,781.71,820.27,287.61,246.41,1983.55,1986.19,0.0,0.0,,,,,Y,,轻工制造,家居用品,成品家居,53.45,53.69,54.19
sz301061,匠心家居,2024-11-29,54.87,57.1,52.98,55.8,53.37,1229996.0,68464834.0,2375440205.4,9339280205.4,515651345.10999995,541383054.52,3292189523.41,3965213123.65,673023600.24,145509723.66999996,1851.23,2081.7,1235.77,957.91,3602.69,3695.44,156.8,111.44,,,,,Y,,轻工制造,家居用品,成品家居,54.24,54.29,54.35
sz301061,匠心家居,2024-12-02,56.08,57.97,55.12,57.24,55.8,1358430.0,77323962.0,2436741888.12,9580293888.12,515651345.10999995,541383054.52,3292189523.41,3965213123.65,673023600.24,145509723.66999996,2471.16,2014.09,1267.18,947.82,3732.27,4770.48,261.79,0.0,,,,,Y,,轻工制造,家居用品,成品家居,56.26,55.33,55.65
sz301061,匠心家居,2024-12-03,57.91,57.99,55.0,56.0,57.24,948836.0,53064406.0,2383954328.0,9372754328.0,515651345.10999995,541383054.52,3292189523.41,3965213123.65,673023600.24,145509723.66999996,1978.14,1116.31,1155.79,312.34,2172.51,3537.81,0.0,339.99,,,,,Y,,轻工制造,家居用品,成品家居,56.4,56.3,56.12
sz301061,匠心家居,2024-12-04,55.6,56.48,54.33,54.88,56.0,1086132.0,60132392.0,2336275241.44,9185299241.44,515651345.10999995,541383054.52,3292189523.41,3965213123.65,673023600.24,145509723.66999996,1363.58,2291.15,1183.55,623.5,3413.45,3098.59,52.65,0.0,,,,,Y,,轻工制造,家居用品,成品家居,55.6,55.62,55.34
sz301061,匠心家居,2024-12-05,54.78,55.38,54.21,54.92,54.88,481424.0,26401439.0,2337978065.96,9191994065.96,515651345.10999995,541383054.52,3292189523.41,3965213123.65,673023600.24,145509723.66999996,699.21,629.26,134.73,226.29,1806.2,1784.59,0.0,0.0,,,,,Y,,轻工制造,家居用品,成品家居,54.61,54.65,54.34
sz301061,匠心家居,2024-12-06,54.39,56.5,54.39,55.77,54.92,608586.0,33975431.0,2374163087.01,9334259087.01,515651345.10999995,541383054.52,3292189523.41,3965213123.65,673023600.24,145509723.66999996,1100.54,872.47,531.88,638.2,1765.13,1886.86,0.0,0.0,,,,,Y,,轻工制造,家居用品,成品家居,54.55,54.94,55.65
sz301061,匠心家居,2024-12-09,56.29,58.16,55.31,56.6,55.77,859683.0,49131624.0,2409496695.8,9473176695.8,515651345.10999995,541383054.52,3292189523.41,3965213123.65,673023600.24,145509723.66999996,1439.07,1681.58,561.78,622.38,2792.34,2499.66,119.97,109.55,,,,,Y,,轻工制造,家居用品,成品家居,55.49,55.98,56.37
sz301061,匠心家居,2024-12-10,57.0,58.49,55.54,55.6,56.6,1226810.0,69682354.0,2366926082.8,9305806082.8,515651345.10999995,541383054.52,3292189523.41,3965213123.65,673023600.24,145509723.66999996,2326.68,1498.95,1440.28,1448.75,3035.8,2850.62,165.48,1169.91,,,,,Y,,轻工制造,家居用品,成品家居,56.79,57.07,57.09
sz301061,匠心家居,2024-12-11,55.05,55.68,54.6,54.91,55.6,534995.0,29445472.0,2337552359.83,9190320359.83,515651345.10999995,541383054.52,3292189523.41,3965213123.65,673023600.24,145509723.66999996,828.5,950.69,276.19,239.77,1839.85,1754.09,0.0,0.0,,,,,Y,,轻工制造,家居用品,成品家居,55.43,55.2,54.95
sz301061,匠心家居,2024-12-12,54.66,57.5,54.04,56.8,54.91,1468041.0,82917404.0,2418010818.4,9506650818.4,515651345.10999995,541383054.52,3292189523.41,3965213123.65,673023600.24,145509723.66999996,2871.09,1796.29,1219.07,1184.49,4009.32,5273.71,192.27,37.25,,,,,Y,,轻工制造,家居用品,成品家居,54.27,54.93,55.2
sz301061,匠心家居,2024-12-13,56.31,56.49,53.77,53.85,56.8,1000324.0,54809912.0,2292427510.05,9012907510.05,515651345.10999995,541383054.52,3292189523.41,3965213123.65,673023600.24,145509723.66999996,1684.42,1921.58,866.2,962.22,2930.37,2597.2,0.0,0.0,,,,,Y,,轻工制造,家居用品,成品家居,55.47,55.66,55.26
sz301061,匠心家居,2024-12-16,53.85,54.97,53.52,54.34,53.85,667195.0,36222510.0,2313287110.42,9094919110.42,515651345.10999995,541383054.52,3292189523.41,3965213123.65,673023600.24,145509723.66999996,1004.66,1010.31,432.03,521.28,2076.99,1965.89,108.58,124.78,,,,,Y,,轻工制造,家居用品,成品家居,54.39,54.2,54.41
sz301061,匠心家居,2024-12-17,53.79,54.71,53.52,53.68,54.34,359570.0,19414525.0,2285190505.84,8984454505.84,515651345.10999995,541383054.52,3292189523.41,3965213123.65,673023600.24,145509723.66999996,413.08,571.96,272.47,184.81,1219.14,1184.69,36.76,0.0,,,,,Y,,轻工制造,家居用品,成品家居,54.21,54.01,54.04
sz301061,匠心家居,2024-12-18,53.99,56.55,53.5,55.22,53.68,926756.0,51289513.0,2350749249.86,9242205249.86,515651345.10999995,541383054.52,3292189523.41,3965213123.65,673023600.24,145509723.66999996,1449.28,1661.96,774.12,777.42,2630.94,2688.47,274.61,1.1,,,,,Y,,轻工制造,家居用品,成品家居,53.9,53.92,54.01
sz301061,匠心家居,2024-12-19,55.0,56.61,54.6,56.33,55.22,957104.0,53530550.0,2398002630.29,9427986630.29,515651345.10999995,541383054.52,3292189523.41,3965213123.65,673023600.24,145509723.66999996,1532.19,1172.96,397.35,477.83,3402.74,3702.26,20.77,0.0,,,,,Y,,轻工制造,家居用品,成品家居,55.0,55.47,56.32
sz301061,匠心家居,2024-12-20,56.33,58.15,55.6,56.8,56.33,1065274.0,61034024.0,2418010818.4,9506650818.4,515651345.10999995,541383054.52,3292189523.41,3965213123.65,673023600.24,145509723.66999996,1500.04,1612.89,768.51,690.73,3726.42,3799.78,108.44,0.0,,,,,Y,,轻工制造,家居用品,成品家居,56.67,57.69,58.05
sz301061,匠心家居,2024-12-23,56.72,63.47,56.0,62.01,56.8,2644247.0,159154111.0,2639803712.13,10378651712.13,515651345.10999995,541383054.52,3292189523.41,3965213123.65,673023600.24,145509723.66999996,4784.15,6106.5,3264.63,3835.89,6479.11,5436.44,1387.52,536.58,,,,,Y,,轻工制造,家居用品,成品家居,58.0,58.46,58.54
sz301061,匠心家居,2024-12-24,61.5,63.76,59.56,61.89,62.01,1711331.0,104711568.0,2634695238.57,10358567238.57,515651345.10999995,541383054.52,3292189523.41,3965213123.65,673023600.24,145509723.66999996,3469.44,3534.31,683.63,1237.97,6318.09,5560.25,0.0,138.63,,,,,Y,,轻工制造,家居用品,成品家居,62.4,61.69,60.63
sz301061,匠心家居,2024-12-25,61.84,61.84,59.64,60.49,61.89,705680.0,42615314.0,2575096380.37,10124248380.37,515651345.10999995,541383054.52,3292189523.41,3965213123.65,673023600.24,145509723.66999996,1199.17,1207.27,282.71,539.02,2779.66,2453.25,0.0,61.99,,,,,Y,,轻工制造,家居用品,成品家居,60.57,60.69,60.51
sz301061,匠心家居,2024-12-26,60.58,61.69,59.81,61.09,60.49,473340.0,28779980.0,2600638748.17,10224670748.17,515651345.10999995,541383054.52,3292189523.41,3965213123.65,673023600.24,145509723.66999996,1123.19,1187.28,487.27,378.82,1267.54,1311.9,0.0,0.0,,,,,Y,,轻工制造,家居用品,成品家居,60.11,60.07,60.18
sz301061,匠心家居,2024-12-27,61.05,61.34,60.0,60.3,61.09,423726.0,25613926.0,2567007963.9,10092447963.9,515651345.10999995,541383054.52,3292189523.41,3965213123.65,673023600.24,145509723.66999996,722.96,749.33,252.77,416.34,1585.66,1395.72,0.0,0.0,,,,,Y,,轻工制造,家居用品,成品家居,60.51,60.25,60.29
sz301061,匠心家居,2024-12-30,60.0,62.88,59.93,61.18,60.3,853991.0,52635287.0,2604470103.34,10239734103.34,515651345.10999995,541383054.52,3292189523.41,3965213123.65,673023600.24,145509723.66999996,1508.8,2029.24,634.87,497.0,3119.85,2737.29,0.0,0.0,,,,,Y,,轻工制造,家居用品,成品家居,60.55,60.6,61.76
sz301061,匠心家居,2024-12-31,61.18,62.6,60.84,61.8,61.18,644298.0,39768172.0,2630863883.4,10343503883.4,515651345.10999995,541383054.52,3292189523.41,3965213123.65,673023600.24,145509723.66999996,1123.78,1283.25,260.19,599.73,2251.79,1898.3,341.06,195.54,,,,,Y,,轻工制造,家居用品,成品家居,61.23,60.87,61.93
sz301061,匠心家居,2025-01-02,61.8,62.46,59.9,60.52,61.8,677925.0,41276784.0,2576373498.76,10129269498.76,515651345.10999995,541383054.52,3292189523.41,3965213123.65,673023600.24,145509723.66999996,1250.19,1339.28,392.9,596.11,2213.08,1861.19,271.5,331.1,,,,,Y,,轻工制造,家居用品,成品家居,61.28,61.23,61.18
sz301061,匠心家居,2025-01-03,60.18,61.05,59.2,59.35,60.52,575471.0,34567724.0,2526565881.55,9933445881.55,515651345.10999995,541383054.52,3292189523.41,3965213123.65,673023600.24,145509723.66999996,926.33,1030.39,170.38,413.78,2139.27,1855.84,220.79,156.76,,,,,Y,,轻工制造,家居用品,成品家居,60.59,60.19,59.75
sz301061,匠心家居,2025-01-06,59.34,60.5,58.11,59.17,59.35,613365.0,36359597.0,2518903171.21,9903319171.21,515651345.10999995,541383054.52,3292189523.41,3965213123.65,673023600.24,145509723.66999996,1128.94,1377.91,548.22,62.23,1848.47,2195.82,110.33,0.0,,,,,Y,,轻工制造,家居用品,成品家居,59.33,58.59,59.68
sz301061,匠心家居,2025-01-07,59.34,65.07,59.34,64.9,59.17,2473895.0,157151664.0,2762832783.7000003,10862352783.7,515651345.10999995,541383054.52,3292189523.41,3965213123.65,673023600.24,145509723.66999996,6329.2,5109.17,2504.02,2372.25,6864.65,8113.98,17.29,119.77,,,,,Y,,轻工制造,家居用品,成品家居,63.02,64.07,63.89
sz301061,匠心家居,2025-01-08,65.34,68.66,63.08,68.01,64.9,2136494.0,139969235.0,2895227390.13,11382875390.13,515651345.10999995,541383054.52,3292189523.41,3965213123.65,673023600.24,145509723.66999996,4826.89,4550.62,2183.68,1615.5,6836.85,7678.61,149.5,152.2,,,,,Y,,轻工制造,家居用品,成品家居,63.56,63.47,63.74
sz301061,匠心家居,2025-01-09,69.89,71.0,67.47,68.5,68.01,1737613.0,120427726.0,2916086990.5,11464886990.5,515651345.10999995,541383054.52,3292189523.41,3965213123.65,673023600.24,145509723.66999996,4407.14,3890.77,1539.1,2295.01,5995.27,5856.99,101.26,0.0,,,,,Y,,轻工制造,家居用品,成品家居,67.49,68.57,69.19
sz301061,匠心家居,2025-01-10,67.68,70.5,67.58,67.62,68.5,873238.0,59857370.0,2878624851.06,11317600851.06,515651345.10999995,541383054.52,3292189523.41,3965213123.65,673023600.24,145509723.66999996,1919.79,1888.94,991.41,1838.85,2829.77,2184.64,244.77,73.31,,,,,Y,,轻工制造,家居用品,成品家居,69.14,68.3,68.66
sz301061,匠心家居,2025-01-13,67.0,69.48,65.56,66.95,67.62,1075852.0,72586051.0,2850102540.35,11205462540.35,515651345.10999995,541383054.52,3292189523.41,3965213123.65,673023600.24,145509723.66999996,2800.77,2331.63,868.13,1132.22,3589.71,3794.75,0.0,0.0,,,,,Y,,轻工制造,家居用品,成品家居,68.08,68.73,69.03
sz301061,匠心家居,2025-01-14,66.96,68.59,66.08,68.1,66.95,737754.0,49803035.0,2899058745.3,11397938745.3,515651345.10999995,541383054.52,3292189523.41,3965213123.65,673023600.24,145509723.66999996,1770.22,1535.24,750.66,587.18,2458.07,2756.02,1.36,101.87,,,,,Y,,轻工制造,家居用品,成品家居,66.51,66.32,66.77
sz301061,匠心家居,2025-01-15,67.6,72.88,66.61,70.35,68.1,1580364.0,111726219.0,2994842624.55,11774522624.55,515651345.10999995,541383054.52,3292189523.41,3965213123.65,673023600.24,145509723.66999996,4128.34,2980.39,2423.88,2073.43,4341.0,5952.85,279.4,165.95,,,,,Y,,轻工制造,家居用品,成品家居,68.78,68.7,70.79
sz301061,匠心家居,2025-01-16,69.96,72.32,69.09,71.19,70.35,845822.0,59999469.0,3030601939.4700003,11915113939.47,515651345.10999995,541383054.52,3292189523.41,3965213123.65,673023600.24,145509723.66999996,2738.43,2083.99,507.98,761.79,2753.54,3154.17,0.0,0.0,,,,,Y,,轻工制造,家居用品,成品家居,69.7,70.02,70.45
sz301061,匠心家居,2025-01-17,71.18,76.69,69.88,74.77,71.19,1866283.0,138940724.0,3183004734.01,12514300734.009998,515651345.10999995,541383054.52,3292189523.41,3965213123.65,673023600.24,145509723.66999996,4126.33,3755.17,3814.2,2905.62,5703.76,6994.99,249.78,238.3,,,,,Y,,轻工制造,家居用品,成品家居,71.72,71.19,73.39
sz301061,匠心家居,2025-01-20,74.71,76.77,72.08,75.6,74.77,1859411.0,138524206.0,3218338342.8,12653218342.8,515651345.10999995,541383054.52,3292189523.41,3965213123.65,673023600.24,145509723.66999996,4628.52,5130.0,2370.83,2559.95,6482.27,5746.71,370.81,415.76,,,,,Y,,轻工制造,家居用品,成品家居,74.95,75.5,74.29
sz301061,匠心家居,2025-01-21,75.4,76.01,72.71,74.6,75.6,1060352.0,78827848.0,3175767729.8,12485847729.8,515651345.10999995,541383054.52,3292189523.41,3965213123.65,673023600.24,145509723.66999996,2187.42,2461.64,1007.52,1855.85,4249.11,3565.29,438.73,0.0,,,,,Y,,轻工制造,家居用品,成品家居,74.65,73.6,73.25
sz301061,匠心家居,2025-01-22,73.48,75.57,72.02,72.98,74.6,1423326.0,104160497.0,3106803336.74,12214707336.74,515651345.10999995,541383054.52,3292189523.41,3965213123.65,673023600.24,145509723.66999996,3100.48,2988.57,1301.04,1537.12,5253.78,5243.39,760.75,646.97,,,,,Y,,轻工制造,家居用品,成品家居,75.1,73.38,72.38
sz301061,匠心家居,2025-01-23,73.47,74.45,70.66,74.2,72.98,1128335.0,82058430.0,3158739484.6,12418899484.6,515651345.10999995,541383054.52,3292189523.41,3965213123.65,673023600.24,145509723.66999996,2227.76,2357.02,1722.55,1048.7,4141.71,4381.35,113.82,418.77,,,,,Y,,轻工制造,家居用品,成品家居,72.19,71.52,72.38
sz301061,匠心家居,2025-01-24,73.22,74.15,71.88,73.22,74.2,962192.0,70124407.0,3117020283.86,12254876283.86,515651345.10999995,541383054.52,3292189523.41,3965213123.65,673023600.24,145509723.66999996,2565.24,2275.94,1001.51,952.89,3044.44,3425.37,401.25,358.24,,,,,Y,,轻工制造,家居用品,成品家居,73.27,72.18,72.15
sz301061,匠心家居,2025-01-27,74.47,83.18,74.06,80.72,73.22,2024985.0,161822014.0,3436299881.36,13510155881.36,515651345.10999995,541383054.52,3292189523.41,3965213123.65,673023600.24,145509723.66999996,6843.49,5222.68,1967.68,3066.44,6876.39,7773.75,494.65,119.32,,,,,Y,,轻工制造,家居用品,成品家居,77.74,78.8,80.31
sz301061,匠心家居,2025-02-05,81.5,81.5,78.38,79.97,80.72,1574197.0,125505115.0,3404371921.61,13384627921.61,515651345.10999995,541383054.52,3292189523.41,3965213123.65,673023600.24,145509723.66999996,4736.42,4639.07,2977.6,2321.79,4739.95,5187.0,24.69,330.81,,,,,Y,,轻工制造,家居用品,成品家居,80.01,79.49,79.93
sz301061,匠心家居,2025-02-06,79.41,80.89,76.03,77.5,79.97,1727567.0,134219938.0,3299222507.5,12971222507.499998,515651345.10999995,541383054.52,3292189523.41,3965213123.65,673023600.24,145509723.66999996,4954.96,4060.74,1746.37,1926.09,6601.04,7280.31,119.62,154.86,,,,,Y,,轻工制造,家居用品,成品家居,80.4,80.19,79.95
sz301061,匠心家居,2025-02-07,77.0,81.86,76.9,79.11,77.5,1532719.0,122015732.0,3367761194.43,13240689194.43,515651345.10999995,541383054.52,3292189523.41,3965213123.65,673023600.24,145509723.66999996,4298.52,4131.86,1845.87,2556.39,5774.16,5323.34,283.03,189.98,,,,,Y,,轻工制造,家居用品,成品家居,77.75,80.44,81.38
sz301061,匠心家居,2025-02-10,79.0,81.5,77.18,81.29,79.11,982324.0,78828639.0,3460565130.77,13605557130.77,515651345.10999995,541383054.52,3292189523.41,3965213123.65,673023600.24,145509723.66999996,2827.76,3033.61,1853.74,1321.63,3192.37,3289.46,8.98,238.17,,,,,Y,,轻工制造,家居用品,成品家居,79.2,79.25,80.36
sz301061,匠心家居,2025-02-11,81.2,81.78,79.61,81.1,81.29,1302240.0,105052252.0,3452476714.3,13573756714.3,515651345.10999995,541383054.52,3292189523.41,3965213123.65,673023600.24,145509723.66999996,3568.37,1992.62,3142.15,936.83,2665.64,3050.82,1129.06,4524.96,,,,,Y,,轻工制造,家居用品,成品家居,80.52,81.07,79.79
sz301061,匠心家居,2025-02-12,80.29,83.8,77.64,83.21,81.1,1061485.0,86281481.0,3542300707.73,13926908707.73,515651345.10999995,541383054.52,3292189523.41,3965213123.65,673023600.24,145509723.66999996,3216.4,3378.33,1319.93,1284.32,4091.82,3965.49,0.0,0.0,,,,,Y,,轻工制造,家居用品,成品家居,79.56,78.8,80.25
sz301061,匠心家居,2025-02-13,83.29,84.78,79.0,79.28,83.21,945024.0,76978969.0,3374998198.6400003,13269142198.64,515651345.10999995,541383054.52,3292189523.41,3965213123.65,673023600.24,145509723.66999996,2860.71,2830.22,1365.3,1797.17,3341.61,2858.92,130.28,211.59,,,,,Y,,轻工制造,家居用品,成品家居,83.88,82.99,82.4
sz301061,匠心家居,2025-02-14,78.0,81.5,78.0,80.58,79.28,1055812.0,84670343.0,3430339995.54,13486723995.54,515651345.10999995,541383054.52,3292189523.41,3965213123.65,673023600.24,145509723.66999996,2827.85,3509.68,645.16,1292.57,3856.97,3363.54,1137.06,301.25,,,,,Y,,轻工制造,家居用品,成品家居,79.12,80.71,80.26
sz301061,匠心家居,2025-02-17,79.73,81.11,76.16,79.77,80.58,950376.0,74966174.0,3395857799.01,13351153799.01,515651345.10999995,541383054.52,3292189523.41,3965213123.65,673023600.24,145509723.66999996,2247.83,2244.66,775.07,898.08,4473.71,3586.15,0.0,767.72,,,,,Y,,轻工制造,家居用品,成品家居,78.21,77.97,78.31
sz301061,匠心家居,2025-02-18,79.22,81.0,79.22,79.73,79.77,478204.0,38343352.0,3394154974.49,13344458974.49,515651345.10999995,541383054.52,3292189523.41,3965213123.65,673023600.24,145509723.66999996,1017.66,1088.61,569.54,516.58,1844.39,1992.41,402.75,236.73,,,,,Y,,轻工制造,家居用品,成品家居,79.99,80.57,80.1
sz301061,匠心家居,2025-02-19,79.89,80.45,77.1,78.8,79.73,749300.0,58968570.0,3354564304.4,13188804304.4,515651345.10999995,541383054.52,3292189523.41,3965213123.65,673023600.24,145509723.66999996,1500.05,1715.14,1367.16,904.77,2909.96,2886.48,119.7,390.47,,,,,Y,,轻工制造,家居用品,成品家居,78.36,77.69,77.85
sz301061,匠心家居,2025-02-20,79.13,80.69,77.9,80.69,78.8,718610.0,57283839.0,3435022762.9700003,13505134762.97,515651345.10999995,541383054.52,3292189523.41,3965213123.65,673023600.24,145509723.66999996,1659.9,2571.73,335.34,922.24,3654.45,2234.42,78.7,0.0,,,,,Y,,轻工制造,家居用品,成品家居,78.39,79.79,78.99
sz301061,匠心家居,2025-02-21,80.69,80.69,77.71,79.59,80.69,769598.0,60826703.0,3388195088.67,13321027088.67,515651345.10999995,541383054.52,3292189523.41,3965213123.65,673023600.24,145509723.66999996,1937.71,2465.38,645.46,599.49,3454.16,2751.55,45.34,266.26,,,,,Y,,轻工制造,家居用品,成品家居,79.0,78.41,78.23
sz301061,匠心家居,2025-02-24,79.57,80.9,78.83,80.12,79.59,829022.0,66277112.0,3410757513.5600004,13409733513.56,515651345.10999995,541383054.52,3292189523.41,3965213123.65,673023600.24,145509723.66999996,2492.26,1931.33,431.92,513.22,3703.54,4183.16,0.0,0.0,,,,,Y,,轻工制造,家居用品,成品家居,79.76,79.12,79.58
sz301061,匠心家居,2025-02-25,79.57,80.19,77.02,78.72,80.12,897204.0,70667637.0,3351158655.36,13175414655.36,515651345.10999995,541383054.52,3292189523.41,3965213123.65,673023600.24,145509723.66999996,2734.83,2026.66,1109.84,1120.93,3145.14,3695.02,76.95,224.15,,,,,Y,,轻工制造,家居用品,成品家居,78.59,77.19,78.01
sz301061,匠心家居,2025-02-26,78.73,80.15,76.12,76.77,78.72,1228848.0,95352215.0,3268145960.01,12849041960.01,515651345.10999995,541383054.52,3292189523.41,3965213123.65,673023600.24,145509723.66999996,2829.86,3796.04,1910.3,1449.16,4296.62,3863.88,498.44,426.14,,,,,Y,,轻工制造,家居用品,成品家居,78.72,79.54,79.68
sz301061,匠心家居,2025-02-27,77.19,78.48,76.45,77.36,76.77,820204.0,63450614.0,3293262621.68,12947790621.68,515651345.10999995,541383054.52,3292189523.41,3965213123.65,673023600.24,145509723.66999996,1379.44,1936.18,599.68,834.16,4365.94,3443.93,0.0,130.8,,,,,Y,,轻工制造,家居用品,成品家居,77.78,78.11,77.42
sz301061,匠心家居,2025-02-28,76.95,77.4,73.55,73.61,77.36,1817548.0,136171708.0,3133622822.9300003,12320150822.93,515651345.10999995,541383054.52,3292189523.41,3965213123.65,673023600.24,145509723.66999996,5143.27,4255.62,1721.59,1134.12,6620.8,8124.73,131.51,102.71,,,,,Y,,轻工制造,家居用品,成品家居,76.31,76.1,74.95
sz301061,匠心家居,2025-03-03,73.57,75.53,73.23,74.86,73.61,1127277.0,84104362.0,3186836089.1800003,12529364089.18,515651345.10999995,541383054.52,3292189523.41,3965213123.65,673023600.24,145509723.66999996,1980.3,2803.23,940.65,902.66,5142.33,4423.3,347.15,281.25,,,,,Y,,轻工制造,家居用品,成品家居,73.63,73.46,73.92
sz301061,匠心家居,2025-03-04,74.86,76.76,74.2,75.33,74.86,846664.0,64179005.0,3206844277.29,12608028277.29,515651345.10999995,541383054.52,3292189523.41,3965213123.65,673023600.24,145509723.66999996,2160.87,1992.54,326.39,672.5,3930.65,3752.86,0.0,0.0,,,,,Y,,轻工制造,家居用品,成品家居,75.05,75.09,76.55
sz301061,匠心家居,2025-03-05,75.27,75.77,73.0,74.07,75.33,979512.0,72464272.0,3153205304.91,12397141304.91,515651345.10999995,541383054.52,3292189523.41,3965213123.65,673023600.24,145509723.66999996,1947.35,2335.96,867.14,1069.9,4178.83,3828.71,253.11,11.86,,,,,Y,,轻工制造,家居用品,成品家居,75.15,74.38,74.38
sz301061,匠心家居,2025-03-06,73.8,74.44,71.51,71.9,74.07,1285974.0,93240916.0,3060827074.7000003,12033947074.7,515651345.10999995,541383054.52,3292189523.41,3965213123.65,673023600.24,145509723.66999996,2097.42,3440.77,1182.43,676.32,6044.24,5098.57,0.0,108.43,,,,,Y,,轻工制造,家居用品,成品家居,73.92,73.82,72.69
sz301061,匠心家居,2025-03-07,71.9,72.69,69.88,70.49,71.9,1221703.0,86577055.0,3000802510.37,11797954510.37,515651345.10999995,541383054.52,3292189523.41,3965213123.65,673023600.24,145509723.66999996,1869.09,2374.61,675.95,806.64,5735.35,5476.46,377.31,0.0,,,,,Y,,轻工制造,家居用品,成品家居,72.04,72.01,71.31
sz301061,匠心家居,2025-03-10,70.49,72.25,68.8,71.62,70.49,1168297.0,82845269.0,3048907303.06,11987083303.06,515651345.10999995,541383054.52,3292189523.41,3965213123.65,673023600.24,145509723.66999996,2632.78,2553.85,1386.58,927.7,4265.17,4800.89,0.0,2.1,,,,,Y,,轻工制造,家居用品,成品家居,69.29,70.0,70.01
sz301061,匠心家居,2025-03-11,70.78,70.8,68.6,69.14,71.62,1382462.0,95790586.0,2943332182.82,11572004182.820002,515651345.10999995,541383054.52,3292189523.41,3965213123.65,673023600.24,145509723.66999996,3156.98,3383.23,1203.71,1255.27,4651.82,4940.56,566.54,0.0,,,,,Y,,轻工制造,家居用品,成品家居,70.0,69.2,68.96
sz301061,匠心家居,2025-03-12,69.16,71.33,69.0,70.2,69.14,812614.0,57079809.0,2970490255.2000003,11749417032.6,515651345.10999995,541383054.52,3292189523.41,3965213123.65,673023600.24,145509723.66999996,1897.1,1560.71,295.2,299.05,3499.01,3848.22,16.67,0.0,,,,,Y,,轻工制造,家居用品,成品家居,69.29,70.18,70.9
sz301061,匠心家居,2025-03-13,70.02,70.68,68.62,70.26,70.2,576781.0,40183624.0,2973029135.76,11759459269.38,515651345.10999995,541383054.52,3292189523.41,3965213123.65,673023600.24,145509723.66999996,1298.94,850.96,342.98,183.82,2191.96,2843.8,184.48,139.78,,,,,Y,,轻工制造,家居用品,成品家居,69.79,69.32,69.88
sz301061,匠心家居,2025-03-14,70.54,74.8,70.5,73.74,70.26,1856016.0,136121391.0,5683250640.24,12341909002.62,515651345.10999995,541383054.52,3292189523.41,3965213123.65,673023600.24,145509723.66999996,3439.0,3827.58,2615.31,2141.39,5387.37,7236.98,2170.46,406.19,,,,,Y,,轻工制造,家居用品,成品家居,72.01,73.34,73.81
sz301061,匠心家居,2025-03-17,73.73,73.84,71.5,73.07,73.74,1449370.0,105282537.0,5631612751.32,12229770691.91,515651345.10999995,541383054.52,3292189523.41,3965213123.65,673023600.24,145509723.66999996,2488.7,3284.46,947.96,574.54,7091.59,6666.31,0.0,2.95,,,,,Y,,轻工制造,家居用品,成品家居,72.64,72.2,71.69
sz301061,匠心家居,2025-03-18,73.5,77.47,72.59,76.19,73.07,1233846.0,93272051.0,5872075756.44,12751967004.47,515651345.10999995,541383054.52,3292189523.41,3965213123.65,673023600.24,145509723.66999996,3499.41,2792.16,1550.83,1492.66,4126.06,5042.39,150.92,0.0,,,,,Y,,轻工制造,家居用品,成品家居,73.41,73.46,72.97
sz301061,匠心家居,2025-03-19,76.0,77.47,75.58,76.27,76.19,668058.0,51008204.0,5878241474.52,12765356653.509998,515651345.10999995,541383054.52,3292189523.41,3965213123.65,673023600.24,145509723.66999996,1553.43,1481.89,982.5,548.86,2564.9,3070.07,0.0,0.0,,,,,Y,,轻工制造,家居用品,成品家居,77.1,76.69,76.25
sz301061,匠心家居,2025-03-20,75.6,76.15,73.75,74.19,76.27,538115.0,40139088.0,5717932804.440001,12417225778.47,515651345.10999995,541383054.52,3292189523.41,3965213123.65,673023600.24,145509723.66999996,1172.26,1066.33,381.41,1025.75,2460.23,1921.83,0.0,0.0,,,,,Y,,轻工制造,家居用品,成品家居,75.23,74.89,74.71
sz301061,匠心家居,2025-03-21,73.8,74.6,73.04,73.4,74.19,385300.0,28417687.0,5657046338.400001,12285002994.2,515651345.10999995,541383054.52,3292189523.41,3965213123.65,673023600.24,145509723.66999996,768.74,710.49,288.0,171.89,1785.03,1959.39,0.0,0.0,,,,,Y,,轻工制造,家居用品,成品家居,73.51,73.42,74.15
sz301061,匠心家居,2025-03-24,73.92,76.96,73.55,76.3,73.4,1218504.0,91889307.0,5880553618.8,12770377771.9,515651345.10999995,541383054.52,3292189523.41,3965213123.65,673023600.24,145509723.66999996,2808.19,2942.9,2057.51,1212.93,4072.5,4655.21,250.73,377.88,,,,,Y,,轻工制造,家居用品,成品家居,75.47,74.7,74.18
sz301061,匠心家居,2025-03-25,75.25,77.76,75.25,76.93,76.3,986564.0,75786152.0,5929108648.68,12875821258.09,515651345.10999995,541383054.52,3292189523.41,3965213123.65,673023600.24,145509723.66999996,2479.8,2435.48,882.24,661.13,4211.96,4482.01,4.61,0.0,,,,,Y,,轻工制造,家居用品,成品家居,75.55,76.88,76.73
